

================================================================
== Synthesis Summary Report of 'calo_trigger_em_jet_stream_ref'
================================================================
+ General Information: 
    * Date:           Tue May 12 22:45:55 2026
    * Version:        2024.1 (Build 5069499 on May 21 2024)
    * Project:        calorimeter
    * Solution:       solution1 (Vivado IP Flow Target)
    * Product family: virtexuplus
    * Target device:  xcvu13p-fsga2577-2-e
    

+ Performance & Resource Estimates: 
    
    PS: '+' for module; 'o' for loop; '*' for dataflow
    +-------------------------------------------+------+-------+---------+-----------+----------+---------+------+----------+------+----+------------+------------+-----+
    |                  Modules                  | Issue|       | Latency |  Latency  | Iteration|         | Trip |          |      |    |            |            |     |
    |                  & Loops                  | Type | Slack | (cycles)|    (ns)   |  Latency | Interval| Count| Pipelined| BRAM | DSP|     FF     |     LUT    | URAM|
    +-------------------------------------------+------+-------+---------+-----------+----------+---------+------+----------+------+----+------------+------------+-----+
    |+ calo_trigger_em_jet_stream_ref           |     -|  10.98|    72378|  1.809e+06|         -|    72379|     -|        no|     -|   -|  8738 (~0%)|  18912 (1%)|    -|
    | + cluster_sort_build_em_jet_stream*       |     -|  10.98|    70575|  1.764e+06|         -|    70561|     -|  dataflow|     -|   -|  8364 (~0%)|  18299 (1%)|    -|
    |  + produce_em_cluster_stream              |     -|  10.98|    70562|  1.764e+06|         -|    70562|     -|        no|     -|   -|   745 (~0%)|  3554 (~0%)|    -|
    |   o VITIS_LOOP_328_1_VITIS_LOOP_329_2     |    II|  18.25|    70560|  1.764e+06|        50|       49|  1440|       yes|     -|   -|           -|           -|    -|
    |  + produce_jet_cluster_stream             |     -|  11.05|    70562|  1.764e+06|         -|    70562|     -|        no|     -|   -|   817 (~0%)|  3769 (~0%)|    -|
    |   o VITIS_LOOP_375_1_VITIS_LOOP_376_2     |    II|  18.25|    70560|  1.764e+06|        50|       49|  1440|       yes|     -|   -|           -|           -|    -|
    |  + select_top_n_from_stream_fixed_1440_s  |     -|  14.85|    17281|  4.320e+05|         -|    17281|     -|        no|     -|   -|  1092 (~0%)|  2741 (~0%)|    -|
    |   o VITIS_LOOP_467_2                      |     -|  18.25|    17280|  4.320e+05|        12|        -|  1440|        no|     -|   -|           -|           -|    -|
    |    o VITIS_LOOP_113_1                     |     -|  18.25|        7|    175.000|         1|        -|     7|        no|     -|   -|           -|           -|    -|
    |  + build_trigger_objects                  |     -|  15.77|        0|      0.000|         -|        0|     -|        no|     -|   -|   474 (~0%)|   867 (~0%)|    -|
    |  + select_top_n_from_stream_fixed_1440_1  |     -|  14.85|    17281|  4.320e+05|         -|    17281|     -|        no|     -|   -|  1092 (~0%)|  2741 (~0%)|    -|
    |   o VITIS_LOOP_467_2                      |     -|  18.25|    17280|  4.320e+05|        12|        -|  1440|        no|     -|   -|           -|           -|    -|
    |    o VITIS_LOOP_113_1                     |     -|  18.25|        7|    175.000|         1|        -|     7|        no|     -|   -|           -|           -|    -|
    |  + build_trigger_objects_2                |     -|  15.77|        0|      0.000|         -|        0|     -|        no|     -|   -|   474 (~0%)|   867 (~0%)|    -|
    | o HT_ETA_HT_PHI                           |     -|  18.25|     1800|  4.500e+04|         2|        1|  1800|       yes|     -|   -|           -|           -|    -|
    +-------------------------------------------+------+-------+---------+-----------+----------+---------+------+----------+------+----+------------+------------+-----+


================================================================
== HW Interfaces
================================================================
* S_AXILITE Interfaces
+------------+------------+---------------+--------+----------+
| Interface  | Data Width | Address Width | Offset | Register |
+------------+------------+---------------+--------+----------+
| s_axi_CTRL | 32         | 7             | 16     | 0        |
+------------+------------+---------------+--------+----------+

* S_AXILITE Registers
+------------+-----------------------+--------+-------+--------+--------------------------------------+----------------------------------------------------------------------+
| Interface  | Register              | Offset | Width | Access | Description                          | Bit Fields                                                           |
+------------+-----------------------+--------+-------+--------+--------------------------------------+----------------------------------------------------------------------+
| s_axi_CTRL | CTRL                  | 0x00   | 32    | RW     | Control signals                      | 0=AP_START 1=AP_DONE 2=AP_IDLE 3=AP_READY 7=AUTO_RESTART 9=INTERRUPT |
| s_axi_CTRL | GIER                  | 0x04   | 32    | RW     | Global Interrupt Enable Register     | 0=Enable                                                             |
| s_axi_CTRL | IP_IER                | 0x08   | 32    | RW     | IP Interrupt Enable Register         | 0=CHAN0_INT_EN 1=CHAN1_INT_EN                                        |
| s_axi_CTRL | IP_ISR                | 0x0c   | 32    | RW     | IP Interrupt Status Register         | 0=CHAN0_INT_ST 1=CHAN1_INT_ST                                        |
| s_axi_CTRL | em_seed_threshold     | 0x10   | 32    | W      | Data signal of em_seed_threshold     |                                                                      |
| s_axi_CTRL | em_cluster_threshold  | 0x18   | 32    | W      | Data signal of em_cluster_threshold  |                                                                      |
| s_axi_CTRL | jet_seed_threshold    | 0x20   | 32    | W      | Data signal of jet_seed_threshold    |                                                                      |
| s_axi_CTRL | jet_cluster_threshold | 0x28   | 32    | W      | Data signal of jet_cluster_threshold |                                                                      |
| s_axi_CTRL | ht                    | 0x30   | 32    | R      | Data signal of ht                    |                                                                      |
| s_axi_CTRL | ht_ctrl               | 0x34   | 32    | R      | Control signal of ht                 | 0=ht_ap_vld                                                          |
| s_axi_CTRL | num_em_clusters       | 0x40   | 32    | R      | Data signal of num_em_clusters       |                                                                      |
| s_axi_CTRL | num_em_clusters_ctrl  | 0x44   | 32    | R      | Control signal of num_em_clusters    | 0=num_em_clusters_ap_vld                                             |
| s_axi_CTRL | num_jet_clusters      | 0x50   | 32    | R      | Data signal of num_jet_clusters      |                                                                      |
| s_axi_CTRL | num_jet_clusters_ctrl | 0x54   | 32    | R      | Control signal of num_jet_clusters   | 0=num_jet_clusters_ap_vld                                            |
+------------+-----------------------+--------+-------+--------+--------------------------------------+----------------------------------------------------------------------+

* BRAM
+--------------+------------+---------------+
| Interface    | Data Width | Address Width |
+--------------+------------+---------------+
| towers_PORTA | 12         | 32            |
| towers_PORTB | 12         | 32            |
+--------------+------------+---------------+

* Other Ports
+---------------+--------+-----------+----------+
| Port          | Mode   | Direction | Bitwidth |
+---------------+--------+-----------+----------+
| em_objects_0  | ap_vld | out       | 89       |
| em_objects_1  | ap_vld | out       | 89       |
| em_objects_2  | ap_vld | out       | 89       |
| em_objects_3  | ap_vld | out       | 89       |
| em_objects_4  | ap_vld | out       | 89       |
| em_objects_5  | ap_vld | out       | 89       |
| em_objects_6  | ap_vld | out       | 89       |
| em_objects_7  | ap_vld | out       | 89       |
| jet_objects_0 | ap_vld | out       | 89       |
| jet_objects_1 | ap_vld | out       | 89       |
| jet_objects_2 | ap_vld | out       | 89       |
| jet_objects_3 | ap_vld | out       | 89       |
| jet_objects_4 | ap_vld | out       | 89       |
| jet_objects_5 | ap_vld | out       | 89       |
| jet_objects_6 | ap_vld | out       | 89       |
| jet_objects_7 | ap_vld | out       | 89       |
+---------------+--------+-----------+----------+

* TOP LEVEL CONTROL
+-----------+------------+-----------+
| Interface | Type       | Ports     |
+-----------+------------+-----------+
| ap_clk    | clock      | ap_clk    |
| ap_rst_n  | reset      | ap_rst_n  |
| interrupt | interrupt  | interrupt |
| ap_ctrl   | ap_ctrl_hs |           |
+-----------+------------+-----------+


================================================================
== SW I/O Information
================================================================
* Top Function Arguments
+-----------------------+-----------+---------------------+
| Argument              | Direction | Datatype            |
+-----------------------+-----------+---------------------+
| towers                | in        | ap_uint<12> const * |
| em_seed_threshold     | in        | ap_uint<12>         |
| em_cluster_threshold  | in        | ap_uint<20>         |
| jet_seed_threshold    | in        | ap_uint<12>         |
| jet_cluster_threshold | in        | ap_uint<20>         |
| em_objects            | out       | TriggerObject*      |
| jet_objects           | out       | TriggerObject*      |
| ht                    | out       | ap_uint<24>*        |
| num_em_clusters       | out       | int*                |
| num_jet_clusters      | out       | int*                |
+-----------------------+-----------+---------------------+

* SW-to-HW Mapping
+-----------------------+----------------------+-----------+-------------------------------------------------+
| Argument              | HW Interface         | HW Type   | HW Info                                         |
+-----------------------+----------------------+-----------+-------------------------------------------------+
| towers                | towers_PORTA         | interface |                                                 |
| towers                | towers_PORTB         | interface |                                                 |
| em_seed_threshold     | s_axi_CTRL           | register  | name=em_seed_threshold offset=0x10 range=32     |
| em_cluster_threshold  | s_axi_CTRL           | register  | name=em_cluster_threshold offset=0x18 range=32  |
| jet_seed_threshold    | s_axi_CTRL           | register  | name=jet_seed_threshold offset=0x20 range=32    |
| jet_cluster_threshold | s_axi_CTRL           | register  | name=jet_cluster_threshold offset=0x28 range=32 |
| em_objects            | em_objects_0         | port      |                                                 |
| em_objects            | em_objects_0_ap_vld  | port      |                                                 |
| em_objects            | em_objects_1         | port      |                                                 |
| em_objects            | em_objects_1_ap_vld  | port      |                                                 |
| em_objects            | em_objects_2         | port      |                                                 |
| em_objects            | em_objects_2_ap_vld  | port      |                                                 |
| em_objects            | em_objects_3         | port      |                                                 |
| em_objects            | em_objects_3_ap_vld  | port      |                                                 |
| em_objects            | em_objects_4         | port      |                                                 |
| em_objects            | em_objects_4_ap_vld  | port      |                                                 |
| em_objects            | em_objects_5         | port      |                                                 |
| em_objects            | em_objects_5_ap_vld  | port      |                                                 |
| em_objects            | em_objects_6         | port      |                                                 |
| em_objects            | em_objects_6_ap_vld  | port      |                                                 |
| em_objects            | em_objects_7         | port      |                                                 |
| em_objects            | em_objects_7_ap_vld  | port      |                                                 |
| jet_objects           | jet_objects_0        | port      |                                                 |
| jet_objects           | jet_objects_0_ap_vld | port      |                                                 |
| jet_objects           | jet_objects_1        | port      |                                                 |
| jet_objects           | jet_objects_1_ap_vld | port      |                                                 |
| jet_objects           | jet_objects_2        | port      |                                                 |
| jet_objects           | jet_objects_2_ap_vld | port      |                                                 |
| jet_objects           | jet_objects_3        | port      |                                                 |
| jet_objects           | jet_objects_3_ap_vld | port      |                                                 |
| jet_objects           | jet_objects_4        | port      |                                                 |
| jet_objects           | jet_objects_4_ap_vld | port      |                                                 |
| jet_objects           | jet_objects_5        | port      |                                                 |
| jet_objects           | jet_objects_5_ap_vld | port      |                                                 |
| jet_objects           | jet_objects_6        | port      |                                                 |
| jet_objects           | jet_objects_6_ap_vld | port      |                                                 |
| jet_objects           | jet_objects_7        | port      |                                                 |
| jet_objects           | jet_objects_7_ap_vld | port      |                                                 |
| ht                    | s_axi_CTRL           | register  | name=ht offset=0x30 range=32                    |
| ht                    | s_axi_CTRL           | register  | name=ht_ctrl offset=0x34 range=32               |
| num_em_clusters       | s_axi_CTRL           | register  | name=num_em_clusters offset=0x40 range=32       |
| num_em_clusters       | s_axi_CTRL           | register  | name=num_em_clusters_ctrl offset=0x44 range=32  |
| num_jet_clusters      | s_axi_CTRL           | register  | name=num_jet_clusters offset=0x50 range=32      |
| num_jet_clusters      | s_axi_CTRL           | register  | name=num_jet_clusters_ctrl offset=0x54 range=32 |
+-----------------------+----------------------+-----------+-------------------------------------------------+


================================================================
== Bind Op Report
================================================================
+-------------------------------------------+-----+--------+------------------------+-----------+----------+---------+
| Name                                      | DSP | Pragma | Variable               | Op        | Impl     | Latency |
+-------------------------------------------+-----+--------+------------------------+-----------+----------+---------+
| + calo_trigger_em_jet_stream_ref          | 0   |        |                        |           |          |         |
|   add_ln160_fu_280_p2                     |     |        | add_ln160              | add       | fabric   | 0       |
|   select_ln160_fu_286_p3                  |     |        | select_ln160           | select    | auto_sel | 0       |
|   eta_fu_294_p3                           |     |        | eta                    | select    | auto_sel | 0       |
|   ht_2_fu_389_p2                          |     |        | ht_2                   | add       | fabric   | 0       |
|   phi_fu_343_p2                           |     |        | phi                    | add       | fabric   | 0       |
|   add_ln160_1_fu_349_p2                   |     |        | add_ln160_1            | add       | fabric   | 0       |
|   icmp_ln161_fu_355_p2                    |     |        | icmp_ln161             | seteq     | auto     | 0       |
|   icmp_ln160_fu_361_p2                    |     |        | icmp_ln160             | seteq     | auto     | 0       |
|  + cluster_sort_build_em_jet_stream       | 0   |        |                        |           |          |         |
|   + produce_em_cluster_stream             | 0   |        |                        |           |          |         |
|     icmp_ln328_fu_598_p2                  |     |        | icmp_ln328             | seteq     | auto     | 0       |
|     add_ln328_1_fu_604_p2                 |     |        | add_ln328_1            | add       | fabric   | 0       |
|     icmp_ln329_fu_616_p2                  |     |        | icmp_ln329             | seteq     | auto     | 0       |
|     select_ln328_fu_622_p3                |     |        | select_ln328           | select    | auto_sel | 0       |
|     add_ln328_fu_630_p2                   |     |        | add_ln328              | add       | fabric   | 0       |
|     add_ln328_2_fu_636_p2                 |     |        | add_ln328_2            | add       | fabric   | 0       |
|     select_ln328_1_fu_642_p3              |     |        | select_ln328_1         | select    | auto_sel | 0       |
|     select_ln328_2_fu_650_p3              |     |        | select_ln328_2         | select    | auto_sel | 0       |
|     sub_ln342_fu_678_p2                   |     |        | sub_ln342              | sub       | fabric   | 0       |
|     empty_fu_709_p2                       |     |        | empty                  | add       | fabric   | 0       |
|     sub_ln216_fu_734_p2                   |     |        | sub_ln216              | sub       | fabric   | 0       |
|     sub_ln216_6_fu_943_p2                 |     |        | sub_ln216_6            | sub       | fabric   | 0       |
|     empty_102_fu_1063_p2                  |     |        | empty_102              | add       | fabric   | 0       |
|     sub_ln187_fu_1088_p2                  |     |        | sub_ln187              | sub       | fabric   | 0       |
|     empty_103_fu_1507_p2                  |     |        | empty_103              | add       | fabric   | 0       |
|     sub_ln187_1_fu_1532_p2                |     |        | sub_ln187_1            | sub       | fabric   | 0       |
|     empty_104_fu_1584_p2                  |     |        | empty_104              | add       | fabric   | 0       |
|     sub_ln187_2_fu_1609_p2                |     |        | sub_ln187_2            | sub       | fabric   | 0       |
|     empty_105_fu_2216_p2                  |     |        | empty_105              | add       | fabric   | 0       |
|     sub_ln187_3_fu_2241_p2                |     |        | sub_ln187_3            | sub       | fabric   | 0       |
|     add_ln342_fu_688_p2                   |     |        | add_ln342              | add       | fabric   | 0       |
|     add_ln216_fu_791_p2                   |     |        | add_ln216              | add       | fabric   | 0       |
|     add_ln216_48_fu_959_p2                |     |        | add_ln216_48           | add       | fabric   | 0       |
|     add_ln187_fu_1224_p2                  |     |        | add_ln187              | add       | fabric   | 0       |
|     add_ln187_55_fu_1557_p2               |     |        | add_ln187_55           | add       | fabric   | 0       |
|     add_ln187_57_fu_1857_p2               |     |        | add_ln187_57           | add       | fabric   | 0       |
|     add_ln187_61_fu_2247_p2               |     |        | add_ln187_61           | add       | fabric   | 0       |
|     icmp_ln344_fu_743_p2                  |     |        | icmp_ln344             | setlt     | auto     | 0       |
|     add_ln213_fu_748_p2                   |     |        | add_ln213              | add       | fabric   | 0       |
|     add_ln161_fu_762_p2                   |     |        | add_ln161              | add       | fabric   | 0       |
|     phi_idx_fu_768_p3                     |     |        | phi_idx                | select    | auto_sel | 0       |
|     add_ln216_49_fu_780_p2                |     |        | add_ln216_49           | add       | fabric   | 0       |
|     is_max_fu_968_p2                      |     |        | is_max                 | setlt     | auto     | 0       |
|     icmp_ln220_fu_856_p2                  |     |        | icmp_ln220             | setne     | auto     | 0       |
|     grp_fu_574_p2                         |     |        | icmp_ln218             | setlt     | auto     | 0       |
|     xor_ln218_36_fu_974_p2                |     |        | xor_ln218_36           | xor       | auto     | 0       |
|     phi_fu_800_p2                         |     |        | phi                    | add       | fabric   | 0       |
|     icmp_ln162_fu_805_p2                  |     |        | icmp_ln162             | setgt     | auto     | 0       |
|     add_ln163_fu_811_p2                   |     |        | add_ln163              | add       | fabric   | 0       |
|     phi_idx_14_fu_820_p3                  |     |        | phi_idx_14             | select    | auto_sel | 0       |
|     add_ln216_50_fu_832_p2                |     |        | add_ln216_50           | add       | fabric   | 0       |
|     add_ln216_51_fu_862_p2                |     |        | add_ln216_51           | add       | fabric   | 0       |
|     add_ln216_52_fu_979_p2                |     |        | add_ln216_52           | add       | fabric   | 0       |
|     add_ln187_62_fu_1233_p2               |     |        | add_ln187_62           | add       | fabric   | 0       |
|     add_ln187_64_fu_1566_p2               |     |        | add_ln187_64           | add       | fabric   | 0       |
|     add_ln187_68_fu_1866_p2               |     |        | add_ln187_68           | add       | fabric   | 0       |
|     add_ln187_69_fu_2252_p2               |     |        | add_ln187_69           | add       | fabric   | 0       |
|     add_ln216_53_fu_847_p2                |     |        | add_ln216_53           | add       | fabric   | 0       |
|     add_ln216_54_fu_949_p2                |     |        | add_ln216_54           | add       | fabric   | 0       |
|     add_ln187_71_fu_1215_p2               |     |        | add_ln187_71           | add       | fabric   | 0       |
|     add_ln187_75_fu_1548_p2               |     |        | add_ln187_75           | add       | fabric   | 0       |
|     add_ln187_83_fu_1848_p2               |     |        | add_ln187_83           | add       | fabric   | 0       |
|     add_ln187_99_fu_2257_p2               |     |        | add_ln187_99           | add       | fabric   | 0       |
|     grp_fu_574_p2                         |     |        | icmp_ln218_47          | setlt     | auto     | 0       |
|     xor_ln218_37_fu_988_p2                |     |        | xor_ln218_37           | xor       | auto     | 0       |
|     icmp_ln218_48_fu_994_p2               |     |        | icmp_ln218_48          | setlt     | auto     | 0       |
|     xor_ln218_38_fu_1000_p2               |     |        | xor_ln218_38           | xor       | auto     | 0       |
|     icmp_ln218_49_fu_1006_p2              |     |        | icmp_ln218_49          | setlt     | auto     | 0       |
|     xor_ln218_39_fu_1012_p2               |     |        | xor_ln218_39           | xor       | auto     | 0       |
|     and_ln218_fu_1018_p2                  |     |        | and_ln218              | and       | auto     | 0       |
|     icmp_ln218_50_fu_871_p2               |     |        | icmp_ln218_50          | setlt     | auto     | 0       |
|     and_ln218_58_fu_1023_p2               |     |        | and_ln218_58           | and       | auto     | 0       |
|     and_ln218_59_fu_1028_p2               |     |        | and_ln218_59           | and       | auto     | 0       |
|     icmp_ln218_51_fu_877_p2               |     |        | icmp_ln218_51          | setlt     | auto     | 0       |
|     and_ln218_60_fu_1034_p2               |     |        | and_ln218_60           | and       | auto     | 0       |
|     and_ln218_61_fu_1040_p2               |     |        | and_ln218_61           | and       | auto     | 0       |
|     and_ln218_62_fu_1046_p2               |     |        | and_ln218_62           | and       | auto     | 0       |
|     and_ln218_26_fu_1051_p2               |     |        | and_ln218_26           | and       | auto     | 0       |
|     icmp_ln218_52_fu_1094_p2              |     |        | icmp_ln218_52          | setgt     | auto     | 0       |
|     xor_ln218_fu_1057_p2                  |     |        | xor_ln218              | xor       | auto     | 0       |
|     core3_et_fu_899_p2                    |     |        | core3_et               | add       | fabric   | 0       |
|     add_ln187_56_fu_909_p2                |     |        | add_ln187_56           | add       | fabric   | 0       |
|     core3_et_4_fu_919_p2                  |     |        | core3_et_4             | add       | fabric   | 0       |
|     add_ln187_59_fu_1129_p2               |     |        | add_ln187_59           | add       | fabric   | 0       |
|     add_ln187_60_fu_1139_p2               |     |        | add_ln187_60           | add       | fabric   | 0       |
|     core3_et_6_fu_1159_p2                 |     |        | core3_et_6             | add       | fabric   | 0       |
|     add_ln184_1_fu_1169_p2                |     |        | add_ln184_1            | add       | fabric   | 0       |
|     add_ln161_3_fu_1182_p2                |     |        | add_ln161_3            | add       | fabric   | 0       |
|     phi_idx_15_fu_1187_p3                 |     |        | phi_idx_15             | select    | auto_sel | 0       |
|     add_ln187_104_fu_1199_p2              |     |        | add_ln187_104          | add       | fabric   | 0       |
|     add_ln184_fu_1242_p2                  |     |        | add_ln184              | add       | fabric   | 0       |
|     icmp_ln162_3_fu_1247_p2               |     |        | icmp_ln162_3           | setgt     | auto     | 0       |
|     add_ln163_3_fu_1253_p2                |     |        | add_ln163_3            | add       | fabric   | 0       |
|     phi_idx_16_fu_1262_p3                 |     |        | phi_idx_16             | select    | auto_sel | 0       |
|     add_ln187_105_fu_1274_p2              |     |        | add_ln187_105          | add       | fabric   | 0       |
|     add_ln187_106_fu_1365_p2              |     |        | add_ln187_106          | add       | fabric   | 0       |
|     add_ln187_107_fu_1383_p2              |     |        | add_ln187_107          | add       | fabric   | 0       |
|     add_ln187_108_fu_1498_p2              |     |        | add_ln187_108          | add       | fabric   | 0       |
|     add_ln187_109_fu_1575_p2              |     |        | add_ln187_109          | add       | fabric   | 0       |
|     add_ln187_110_fu_1912_p2              |     |        | add_ln187_110          | add       | fabric   | 0       |
|     add_ln187_111_fu_2262_p2              |     |        | add_ln187_111          | add       | fabric   | 0       |
|     add_ln187_112_fu_1304_p2              |     |        | add_ln187_112          | add       | fabric   | 0       |
|     add_ln187_113_fu_1374_p2              |     |        | add_ln187_113          | add       | fabric   | 0       |
|     add_ln187_114_fu_1443_p2              |     |        | add_ln187_114          | add       | fabric   | 0       |
|     add_ln187_115_fu_1538_p2              |     |        | add_ln187_115          | add       | fabric   | 0       |
|     add_ln187_116_fu_1786_p2              |     |        | add_ln187_116          | add       | fabric   | 0       |
|     add_ln187_117_fu_2267_p2              |     |        | add_ln187_117          | add       | fabric   | 0       |
|     add_ln184_3_fu_1654_p2                |     |        | add_ln184_3            | add       | fabric   | 0       |
|     add_ln161_4_fu_1667_p2                |     |        | add_ln161_4            | add       | fabric   | 0       |
|     phi_idx_17_fu_1672_p3                 |     |        | phi_idx_17             | select    | auto_sel | 0       |
|     add_ln187_118_fu_1684_p2              |     |        | add_ln187_118          | add       | fabric   | 0       |
|     add_ln184_2_fu_1929_p2                |     |        | add_ln184_2            | add       | fabric   | 0       |
|     icmp_ln162_4_fu_1934_p2               |     |        | icmp_ln162_4           | setgt     | auto     | 0       |
|     add_ln163_4_fu_1940_p2                |     |        | add_ln163_4            | add       | fabric   | 0       |
|     phi_idx_18_fu_1949_p3                 |     |        | phi_idx_18             | select    | auto_sel | 0       |
|     add_ln187_119_fu_1961_p2              |     |        | add_ln187_119          | add       | fabric   | 0       |
|     add_ln187_120_fu_1986_p2              |     |        | add_ln187_120          | add       | fabric   | 0       |
|     add_ln187_121_fu_2040_p2              |     |        | add_ln187_121          | add       | fabric   | 0       |
|     add_ln187_122_fu_2085_p2              |     |        | add_ln187_122          | add       | fabric   | 0       |
|     add_ln187_123_fu_2117_p2              |     |        | add_ln187_123          | add       | fabric   | 0       |
|     add_ln187_124_fu_2135_p2              |     |        | add_ln187_124          | add       | fabric   | 0       |
|     add_ln187_125_fu_2272_p2              |     |        | add_ln187_125          | add       | fabric   | 0       |
|     add_ln187_126_fu_1977_p2              |     |        | add_ln187_126          | add       | fabric   | 0       |
|     add_ln187_127_fu_2022_p2              |     |        | add_ln187_127          | add       | fabric   | 0       |
|     add_ln187_128_fu_2049_p2              |     |        | add_ln187_128          | add       | fabric   | 0       |
|     add_ln187_129_fu_2094_p2              |     |        | add_ln187_129          | add       | fabric   | 0       |
|     add_ln187_130_fu_2126_p2              |     |        | add_ln187_130          | add       | fabric   | 0       |
|     add_ln187_131_fu_2277_p2              |     |        | add_ln187_131          | add       | fabric   | 0       |
|     sum5_et_1_fu_1313_p2                  |     |        | sum5_et_1              | add       | fabric   | 0       |
|     add_ln187_63_fu_1323_p2               |     |        | add_ln187_63           | add       | fabric   | 0       |
|     sum5_et_2_fu_1333_p2                  |     |        | sum5_et_2              | add       | fabric   | 0       |
|     add_ln187_66_fu_1417_p2               |     |        | add_ln187_66           | add       | fabric   | 0       |
|     add_ln187_67_fu_1427_p2               |     |        | add_ln187_67           | add       | fabric   | 0       |
|     add_ln351_fu_1698_p2                  |     |        | add_ln351              | add       | fabric   | 0       |
|     add_ln351_1_fu_1704_p2                |     |        | add_ln351_1            | add       | fabric   | 0       |
|     add_ln351_3_fu_1720_p2                |     |        | add_ln351_3            | add       | fabric   | 0       |
|     add_ln351_4_fu_1729_p2                |     |        | add_ln351_4            | add       | fabric   | 0       |
|     add_ln351_5_fu_1739_p2                |     |        | add_ln351_5            | add       | fabric   | 0       |
|     add_ln351_6_fu_1749_p2                |     |        | add_ln351_6            | add       | fabric   | 0       |
|     sum7_et_13_fu_1339_p2                 |     |        | sum7_et_13             | add       | fabric   | 0       |
|     add_ln187_70_fu_1349_p2               |     |        | add_ln187_70           | add       | fabric   | 0       |
|     sum7_et_14_fu_1359_p2                 |     |        | sum7_et_14             | add       | fabric   | 0       |
|     add_ln187_73_fu_1473_p2               |     |        | add_ln187_73           | add       | fabric   | 0       |
|     add_ln187_74_fu_1482_p2               |     |        | add_ln187_74           | add       | fabric   | 0       |
|     add_ln187_76_fu_1768_p2               |     |        | add_ln187_76           | add       | fabric   | 0       |
|     add_ln187_77_fu_1774_p2               |     |        | add_ln187_77           | add       | fabric   | 0       |
|     add_ln187_79_fu_1780_p2               |     |        | add_ln187_79           | add       | fabric   | 0       |
|     add_ln187_80_fu_1813_p2               |     |        | add_ln187_80           | add       | fabric   | 0       |
|     add_ln187_81_fu_1822_p2               |     |        | add_ln187_81           | add       | fabric   | 0       |
|     add_ln187_82_fu_1832_p2               |     |        | add_ln187_82           | add       | fabric   | 0       |
|     add_ln187_85_fu_1896_p2               |     |        | add_ln187_85           | add       | fabric   | 0       |
|     add_ln187_87_fu_1971_p2               |     |        | add_ln187_87           | add       | fabric   | 0       |
|     add_ln187_88_fu_2006_p2               |     |        | add_ln187_88           | add       | fabric   | 0       |
|     add_ln187_89_fu_2016_p2               |     |        | add_ln187_89           | add       | fabric   | 0       |
|     add_ln187_91_fu_2035_p2               |     |        | add_ln187_91           | add       | fabric   | 0       |
|     add_ln187_92_fu_2069_p2               |     |        | add_ln187_92           | add       | fabric   | 0       |
|     add_ln187_93_fu_2079_p2               |     |        | add_ln187_93           | add       | fabric   | 0       |
|     add_ln187_94_fu_2111_p2               |     |        | add_ln187_94           | add       | fabric   | 0       |
|     add_ln187_95_fu_2170_p2               |     |        | add_ln187_95           | add       | fabric   | 0       |
|     add_ln187_96_fu_2180_p2               |     |        | add_ln187_96           | add       | fabric   | 0       |
|     add_ln187_97_fu_2190_p2               |     |        | add_ln187_97           | add       | fabric   | 0       |
|     add_ln187_98_fu_2200_p2               |     |        | add_ln187_98           | add       | fabric   | 0       |
|     add_ln352_fu_2294_p2                  |     |        | add_ln352              | add       | fabric   | 0       |
|     add_ln352_1_fu_2316_p2                |     |        | add_ln352_1            | add       | fabric   | 0       |
|     add_ln352_3_fu_2338_p2                |     |        | add_ln352_3            | add       | fabric   | 0       |
|     add_ln352_4_fu_2375_p2                |     |        | add_ln352_4            | add       | fabric   | 0       |
|     add_ln352_5_fu_2385_p2                |     |        | add_ln352_5            | add       | fabric   | 0       |
|     add_ln352_6_fu_2395_p2                |     |        | add_ln352_6            | add       | fabric   | 0       |
|     icmp_ln354_fu_1210_p2                 |     |        | icmp_ln354             | setlt     | auto     | 0       |
|     iso_lhs_fu_2429_p2                    |     |        | iso_lhs                | sub       | fabric   | 0       |
|     ring_lhs_fu_2461_p2                   |     |        | ring_lhs               | sub       | fabric   | 0       |
|     icmp_ln250_fu_2467_p2                 |     |        | icmp_ln250             | setlt     | auto     | 0       |
|     xor_ln250_fu_2473_p2                  |     |        | xor_ln250              | xor       | auto     | 0       |
|     icmp_ln260_fu_2479_p2                 |     |        | icmp_ln260             | setlt     | auto     | 0       |
|     xor_ln260_fu_2485_p2                  |     |        | xor_ln260              | xor       | auto     | 0       |
|     or_ln260_fu_2491_p2                   |     |        | or_ln260               | or        | auto     | 0       |
|     or_ln260_1_fu_2496_p2                 |     |        | or_ln260_1             | or        | auto     | 0       |
|     or_ln260_2_fu_2501_p2                 |     |        | or_ln260_2             | or        | auto     | 0       |
|     or_ln260_3_fu_2506_p2                 |     |        | or_ln260_3             | or        | auto     | 0       |
|     or_ln260_4_fu_2511_p2                 |     |        | or_ln260_4             | or        | auto     | 0       |
|     candidate_et_fu_2517_p3               |     |        | candidate_et           | select    | auto_sel | 0       |
|     candidate_valid_fu_2524_p2            |     |        | candidate_valid        | xor       | auto     | 0       |
|     empty_106_fu_2534_p3                  |     |        | empty_106              | select    | auto_sel | 0       |
|   + produce_jet_cluster_stream            | 0   |        |                        |           |          |         |
|     icmp_ln375_fu_633_p2                  |     |        | icmp_ln375             | seteq     | auto     | 0       |
|     add_ln375_1_fu_639_p2                 |     |        | add_ln375_1            | add       | fabric   | 0       |
|     icmp_ln376_fu_651_p2                  |     |        | icmp_ln376             | seteq     | auto     | 0       |
|     select_ln375_fu_657_p3                |     |        | select_ln375           | select    | auto_sel | 0       |
|     add_ln375_fu_665_p2                   |     |        | add_ln375              | add       | fabric   | 0       |
|     add_ln375_2_fu_671_p2                 |     |        | add_ln375_2            | add       | fabric   | 0       |
|     select_ln375_1_fu_677_p3              |     |        | select_ln375_1         | select    | auto_sel | 0       |
|     select_ln375_2_fu_685_p3              |     |        | select_ln375_2         | select    | auto_sel | 0       |
|     sub_ln389_fu_713_p2                   |     |        | sub_ln389              | sub       | fabric   | 0       |
|     empty_fu_744_p2                       |     |        | empty                  | add       | fabric   | 0       |
|     sub_ln216_fu_769_p2                   |     |        | sub_ln216              | sub       | fabric   | 0       |
|     empty_98_fu_1142_p2                   |     |        | empty_98               | add       | fabric   | 0       |
|     sub_ln216_1_fu_1167_p2                |     |        | sub_ln216_1            | sub       | fabric   | 0       |
|     empty_99_fu_1413_p2                   |     |        | empty_99               | add       | fabric   | 0       |
|     sub_ln216_2_fu_1438_p2                |     |        | sub_ln216_2            | sub       | fabric   | 0       |
|     sub_ln216_3_fu_1854_p2                |     |        | sub_ln216_3            | sub       | fabric   | 0       |
|     empty_100_fu_2095_p2                  |     |        | empty_100              | add       | fabric   | 0       |
|     sub_ln216_4_fu_2120_p2                |     |        | sub_ln216_4            | sub       | fabric   | 0       |
|     empty_101_fu_2412_p2                  |     |        | empty_101              | add       | fabric   | 0       |
|     sub_ln216_5_fu_2437_p2                |     |        | sub_ln216_5            | sub       | fabric   | 0       |
|     add_ln389_fu_723_p2                   |     |        | add_ln389              | add       | fabric   | 0       |
|     add_ln216_fu_906_p2                   |     |        | add_ln216              | add       | fabric   | 0       |
|     add_ln216_1_fu_1273_p2                |     |        | add_ln216_1            | add       | fabric   | 0       |
|     add_ln216_2_fu_1544_p2                |     |        | add_ln216_2            | add       | fabric   | 0       |
|     add_ln216_3_fu_1981_p2                |     |        | add_ln216_3            | add       | fabric   | 0       |
|     add_ln216_4_fu_2239_p2                |     |        | add_ln216_4            | add       | fabric   | 0       |
|     add_ln216_5_fu_2443_p2                |     |        | add_ln216_5            | add       | fabric   | 0       |
|     icmp_ln391_fu_778_p2                  |     |        | icmp_ln391             | setlt     | auto     | 0       |
|     add_ln213_fu_783_p2                   |     |        | add_ln213              | add       | fabric   | 0       |
|     add_ln161_fu_797_p2                   |     |        | add_ln161              | add       | fabric   | 0       |
|     phi_idx_fu_803_p3                     |     |        | phi_idx                | select    | auto_sel | 0       |
|     add_ln216_6_fu_815_p2                 |     |        | add_ln216_6            | add       | fabric   | 0       |
|     is_max_fu_1004_p2                     |     |        | is_max                 | setlt     | auto     | 0       |
|     add_ln213_3_fu_826_p2                 |     |        | add_ln213_3            | add       | fabric   | 0       |
|     add_ln161_1_fu_839_p2                 |     |        | add_ln161_1            | add       | fabric   | 0       |
|     phi_idx_7_fu_844_p3                   |     |        | phi_idx_7              | select    | auto_sel | 0       |
|     add_ln216_7_fu_856_p2                 |     |        | add_ln216_7            | add       | fabric   | 0       |
|     icmp_ln220_fu_1008_p2                 |     |        | icmp_ln220             | setne     | auto     | 0       |
|     icmp_ln218_fu_1012_p2                 |     |        | icmp_ln218             | setlt     | auto     | 0       |
|     xor_ln218_1_fu_1016_p2                |     |        | xor_ln218_1            | xor       | auto     | 0       |
|     add_ln213_4_fu_866_p2                 |     |        | add_ln213_4            | add       | fabric   | 0       |
|     add_ln161_2_fu_879_p2                 |     |        | add_ln161_2            | add       | fabric   | 0       |
|     phi_idx_8_fu_884_p3                   |     |        | phi_idx_8              | select    | auto_sel | 0       |
|     add_ln216_8_fu_896_p2                 |     |        | add_ln216_8            | add       | fabric   | 0       |
|     icmp_ln220_1_fu_1022_p2               |     |        | icmp_ln220_1           | setne     | auto     | 0       |
|     grp_fu_585_p2                         |     |        | icmp_ln218_1           | setlt     | auto     | 0       |
|     xor_ln218_2_fu_1027_p2                |     |        | xor_ln218_2            | xor       | auto     | 0       |
|     icmp_ln220_2_fu_1033_p2               |     |        | icmp_ln220_2           | setne     | auto     | 0       |
|     grp_fu_590_p2                         |     |        | icmp_ln218_2           | setlt     | auto     | 0       |
|     xor_ln218_3_fu_1038_p2                |     |        | xor_ln218_3            | xor       | auto     | 0       |
|     phi_fu_915_p2                         |     |        | phi                    | add       | fabric   | 0       |
|     icmp_ln162_fu_920_p2                  |     |        | icmp_ln162             | setgt     | auto     | 0       |
|     add_ln163_fu_926_p2                   |     |        | add_ln163              | add       | fabric   | 0       |
|     phi_idx_9_fu_935_p3                   |     |        | phi_idx_9              | select    | auto_sel | 0       |
|     add_ln216_9_fu_947_p2                 |     |        | add_ln216_9            | add       | fabric   | 0       |
|     add_ln216_10_fu_1359_p2               |     |        | add_ln216_10           | add       | fabric   | 0       |
|     add_ln216_11_fu_1553_p2               |     |        | add_ln216_11           | add       | fabric   | 0       |
|     add_ln216_12_fu_1809_p2               |     |        | add_ln216_12           | add       | fabric   | 0       |
|     add_ln216_13_fu_1990_p2               |     |        | add_ln216_13           | add       | fabric   | 0       |
|     add_ln216_14_fu_2262_p2               |     |        | add_ln216_14           | add       | fabric   | 0       |
|     add_ln216_15_fu_2448_p2               |     |        | add_ln216_15           | add       | fabric   | 0       |
|     grp_fu_595_p2                         |     |        | icmp_ln220_3           | setne     | auto     | 0       |
|     grp_fu_600_p2                         |     |        | icmp_ln218_3           | setlt     | auto     | 0       |
|     xor_ln218_4_fu_1173_p2                |     |        | xor_ln218_4            | xor       | auto     | 0       |
|     add_ln213_1_fu_962_p2                 |     |        | add_ln213_1            | add       | fabric   | 0       |
|     icmp_ln162_1_fu_967_p2                |     |        | icmp_ln162_1           | setgt     | auto     | 0       |
|     add_ln163_1_fu_973_p2                 |     |        | add_ln163_1            | add       | fabric   | 0       |
|     phi_idx_10_fu_982_p3                  |     |        | phi_idx_10             | select    | auto_sel | 0       |
|     add_ln216_16_fu_994_p2                |     |        | add_ln216_16           | add       | fabric   | 0       |
|     add_ln216_17_fu_1381_p2               |     |        | add_ln216_17           | add       | fabric   | 0       |
|     add_ln216_18_fu_1671_p2               |     |        | add_ln216_18           | add       | fabric   | 0       |
|     add_ln216_19_fu_1818_p2               |     |        | add_ln216_19           | add       | fabric   | 0       |
|     add_ln216_20_fu_2077_p2               |     |        | add_ln216_20           | add       | fabric   | 0       |
|     add_ln216_21_fu_2366_p2               |     |        | add_ln216_21           | add       | fabric   | 0       |
|     add_ln216_22_fu_2453_p2               |     |        | add_ln216_22           | add       | fabric   | 0       |
|     grp_fu_554_p2                         |     |        | icmp_ln220_4           | setne     | auto     | 0       |
|     grp_fu_559_p2                         |     |        | icmp_ln218_4           | setlt     | auto     | 0       |
|     xor_ln218_5_fu_1178_p2                |     |        | xor_ln218_5            | xor       | auto     | 0       |
|     add_ln213_2_fu_1044_p2                |     |        | add_ln213_2            | add       | fabric   | 0       |
|     icmp_ln162_2_fu_1049_p2               |     |        | icmp_ln162_2           | setgt     | auto     | 0       |
|     add_ln163_2_fu_1055_p2                |     |        | add_ln163_2            | add       | fabric   | 0       |
|     phi_idx_11_fu_1064_p3                 |     |        | phi_idx_11             | select    | auto_sel | 0       |
|     add_ln216_23_fu_1076_p2               |     |        | add_ln216_23           | add       | fabric   | 0       |
|     add_ln216_24_fu_1390_p2               |     |        | add_ln216_24           | add       | fabric   | 0       |
|     add_ln216_25_fu_1702_p2               |     |        | add_ln216_25           | add       | fabric   | 0       |
|     add_ln216_26_fu_1827_p2               |     |        | add_ln216_26           | add       | fabric   | 0       |
|     add_ln216_27_fu_2086_p2               |     |        | add_ln216_27           | add       | fabric   | 0       |
|     add_ln216_28_fu_2389_p2               |     |        | add_ln216_28           | add       | fabric   | 0       |
|     add_ln216_29_fu_2458_p2               |     |        | add_ln216_29           | add       | fabric   | 0       |
|     grp_fu_554_p2                         |     |        | icmp_ln220_5           | setne     | auto     | 0       |
|     grp_fu_600_p2                         |     |        | icmp_ln218_5           | setlt     | auto     | 0       |
|     xor_ln218_6_fu_1219_p2                |     |        | xor_ln218_6            | xor       | auto     | 0       |
|     add_ln216_30_fu_1183_p2               |     |        | add_ln216_30           | add       | fabric   | 0       |
|     add_ln216_31_fu_1444_p2               |     |        | add_ln216_31           | add       | fabric   | 0       |
|     add_ln216_32_fu_1711_p2               |     |        | add_ln216_32           | add       | fabric   | 0       |
|     add_ln216_33_fu_1860_p2               |     |        | add_ln216_33           | add       | fabric   | 0       |
|     add_ln216_34_fu_2126_p2               |     |        | add_ln216_34           | add       | fabric   | 0       |
|     add_ln216_35_fu_2463_p2               |     |        | add_ln216_35           | add       | fabric   | 0       |
|     icmp_ln220_6_fu_1225_p2               |     |        | icmp_ln220_6           | setne     | auto     | 0       |
|     grp_fu_605_p2                         |     |        | icmp_ln218_6           | setlt     | auto     | 0       |
|     xor_ln218_7_fu_1230_p2                |     |        | xor_ln218_7            | xor       | auto     | 0       |
|     add_ln216_36_fu_1210_p2               |     |        | add_ln216_36           | add       | fabric   | 0       |
|     add_ln216_37_fu_1485_p2               |     |        | add_ln216_37           | add       | fabric   | 0       |
|     add_ln216_38_fu_1762_p2               |     |        | add_ln216_38           | add       | fabric   | 0       |
|     add_ln216_39_fu_1884_p2               |     |        | add_ln216_39           | add       | fabric   | 0       |
|     add_ln216_40_fu_2221_p2               |     |        | add_ln216_40           | add       | fabric   | 0       |
|     add_ln216_41_fu_2473_p2               |     |        | add_ln216_41           | add       | fabric   | 0       |
|     add_ln216_42_fu_1236_p2               |     |        | add_ln216_42           | add       | fabric   | 0       |
|     add_ln216_43_fu_1508_p2               |     |        | add_ln216_43           | add       | fabric   | 0       |
|     add_ln216_44_fu_1786_p2               |     |        | add_ln216_44           | add       | fabric   | 0       |
|     add_ln216_45_fu_1893_p2               |     |        | add_ln216_45           | add       | fabric   | 0       |
|     add_ln216_46_fu_2230_p2               |     |        | add_ln216_46           | add       | fabric   | 0       |
|     add_ln216_47_fu_2478_p2               |     |        | add_ln216_47           | add       | fabric   | 0       |
|     grp_fu_554_p2                         |     |        | icmp_ln220_7           | setne     | auto     | 0       |
|     grp_fu_559_p2                         |     |        | icmp_ln218_7           | setlt     | auto     | 0       |
|     xor_ln218_8_fu_1454_p2                |     |        | xor_ln218_8            | xor       | auto     | 0       |
|     grp_fu_554_p2                         |     |        | icmp_ln220_8           | setne     | auto     | 0       |
|     grp_fu_590_p2                         |     |        | icmp_ln218_8           | setlt     | auto     | 0       |
|     xor_ln218_9_fu_1517_p2                |     |        | xor_ln218_9            | xor       | auto     | 0       |
|     grp_fu_554_p2                         |     |        | icmp_ln220_9           | setne     | auto     | 0       |
|     grp_fu_559_p2                         |     |        | icmp_ln218_9           | setlt     | auto     | 0       |
|     xor_ln218_10_fu_1522_p2               |     |        | xor_ln218_10           | xor       | auto     | 0       |
|     grp_fu_554_p2                         |     |        | icmp_ln220_10          | setne     | auto     | 0       |
|     grp_fu_590_p2                         |     |        | icmp_ln218_10          | setlt     | auto     | 0       |
|     xor_ln218_11_fu_1562_p2               |     |        | xor_ln218_11           | xor       | auto     | 0       |
|     grp_fu_595_p2                         |     |        | icmp_ln220_11          | setne     | auto     | 0       |
|     grp_fu_600_p2                         |     |        | icmp_ln218_11          | setlt     | auto     | 0       |
|     xor_ln218_12_fu_1568_p2               |     |        | xor_ln218_12           | xor       | auto     | 0       |
|     grp_fu_600_p2                         |     |        | icmp_ln218_12          | setlt     | auto     | 0       |
|     xor_ln218_13_fu_1902_p2               |     |        | xor_ln218_13           | xor       | auto     | 0       |
|     grp_fu_605_p2                         |     |        | icmp_ln218_13          | setlt     | auto     | 0       |
|     xor_ln218_14_fu_1908_p2               |     |        | xor_ln218_14           | xor       | auto     | 0       |
|     grp_fu_559_p2                         |     |        | icmp_ln218_14          | setlt     | auto     | 0       |
|     xor_ln218_15_fu_1913_p2               |     |        | xor_ln218_15           | xor       | auto     | 0       |
|     grp_fu_605_p2                         |     |        | icmp_ln218_15          | setlt     | auto     | 0       |
|     xor_ln218_16_fu_1918_p2               |     |        | xor_ln218_16           | xor       | auto     | 0       |
|     grp_fu_559_p2                         |     |        | icmp_ln218_16          | setlt     | auto     | 0       |
|     xor_ln218_17_fu_1924_p2               |     |        | xor_ln218_17           | xor       | auto     | 0       |
|     grp_fu_605_p2                         |     |        | icmp_ln218_17          | setlt     | auto     | 0       |
|     xor_ln218_18_fu_2271_p2               |     |        | xor_ln218_18           | xor       | auto     | 0       |
|     grp_fu_559_p2                         |     |        | icmp_ln218_18          | setlt     | auto     | 0       |
|     xor_ln218_19_fu_2276_p2               |     |        | xor_ln218_19           | xor       | auto     | 0       |
|     grp_fu_590_p2                         |     |        | icmp_ln218_19          | setlt     | auto     | 0       |
|     xor_ln218_20_fu_2281_p2               |     |        | xor_ln218_20           | xor       | auto     | 0       |
|     grp_fu_600_p2                         |     |        | icmp_ln218_20          | setlt     | auto     | 0       |
|     xor_ln218_21_fu_2286_p2               |     |        | xor_ln218_21           | xor       | auto     | 0       |
|     grp_fu_559_p2                         |     |        | icmp_ln218_21          | setlt     | auto     | 0       |
|     xor_ln218_22_fu_2291_p2               |     |        | xor_ln218_22           | xor       | auto     | 0       |
|     grp_fu_590_p2                         |     |        | icmp_ln218_22          | setlt     | auto     | 0       |
|     xor_ln218_23_fu_2296_p2               |     |        | xor_ln218_23           | xor       | auto     | 0       |
|     grp_fu_600_p2                         |     |        | icmp_ln218_23          | setlt     | auto     | 0       |
|     xor_ln218_24_fu_2302_p2               |     |        | xor_ln218_24           | xor       | auto     | 0       |
|     grp_fu_559_p2                         |     |        | icmp_ln218_24          | setlt     | auto     | 0       |
|     xor_ln218_25_fu_2307_p2               |     |        | xor_ln218_25           | xor       | auto     | 0       |
|     grp_fu_559_p2                         |     |        | icmp_ln218_25          | setlt     | auto     | 0       |
|     xor_ln218_26_fu_2312_p2               |     |        | xor_ln218_26           | xor       | auto     | 0       |
|     grp_fu_559_p2                         |     |        | icmp_ln218_26          | setlt     | auto     | 0       |
|     xor_ln218_27_fu_2601_p2               |     |        | xor_ln218_27           | xor       | auto     | 0       |
|     grp_fu_559_p2                         |     |        | icmp_ln218_27          | setlt     | auto     | 0       |
|     xor_ln218_28_fu_2606_p2               |     |        | xor_ln218_28           | xor       | auto     | 0       |
|     grp_fu_559_p2                         |     |        | icmp_ln218_28          | setlt     | auto     | 0       |
|     xor_ln218_29_fu_2611_p2               |     |        | xor_ln218_29           | xor       | auto     | 0       |
|     grp_fu_585_p2                         |     |        | icmp_ln218_29          | setlt     | auto     | 0       |
|     xor_ln218_30_fu_2616_p2               |     |        | xor_ln218_30           | xor       | auto     | 0       |
|     grp_fu_600_p2                         |     |        | icmp_ln218_30          | setlt     | auto     | 0       |
|     xor_ln218_31_fu_2621_p2               |     |        | xor_ln218_31           | xor       | auto     | 0       |
|     grp_fu_559_p2                         |     |        | icmp_ln218_31          | setlt     | auto     | 0       |
|     xor_ln218_32_fu_2626_p2               |     |        | xor_ln218_32           | xor       | auto     | 0       |
|     grp_fu_559_p2                         |     |        | icmp_ln218_32          | setlt     | auto     | 0       |
|     xor_ln218_33_fu_2631_p2               |     |        | xor_ln218_33           | xor       | auto     | 0       |
|     grp_fu_585_p2                         |     |        | icmp_ln218_33          | setlt     | auto     | 0       |
|     xor_ln218_34_fu_2636_p2               |     |        | xor_ln218_34           | xor       | auto     | 0       |
|     grp_fu_559_p2                         |     |        | icmp_ln218_34          | setlt     | auto     | 0       |
|     xor_ln218_35_fu_2642_p2               |     |        | xor_ln218_35           | xor       | auto     | 0       |
|     and_ln218_fu_1086_p2                  |     |        | and_ln218              | and       | auto     | 0       |
|     and_ln218_1_fu_1092_p2                |     |        | and_ln218_1            | and       | auto     | 0       |
|     and_ln218_2_fu_1098_p2                |     |        | and_ln218_2            | and       | auto     | 0       |
|     and_ln218_3_fu_1104_p2                |     |        | and_ln218_3            | and       | auto     | 0       |
|     and_ln218_4_fu_1110_p2                |     |        | and_ln218_4            | and       | auto     | 0       |
|     and_ln218_5_fu_1116_p2                |     |        | and_ln218_5            | and       | auto     | 0       |
|     and_ln218_6_fu_1122_p2                |     |        | and_ln218_6            | and       | auto     | 0       |
|     and_ln218_7_fu_1193_p2                |     |        | and_ln218_7            | and       | auto     | 0       |
|     and_ln218_8_fu_1198_p2                |     |        | and_ln218_8            | and       | auto     | 0       |
|     and_ln218_9_fu_1204_p2                |     |        | and_ln218_9            | and       | auto     | 0       |
|     and_ln218_10_fu_1245_p2               |     |        | and_ln218_10           | and       | auto     | 0       |
|     grp_fu_564_p2                         |     |        | icmp_ln218_35          | setlt     | auto     | 0       |
|     and_ln218_11_fu_1251_p2               |     |        | and_ln218_11           | and       | auto     | 0       |
|     and_ln218_12_fu_1257_p2               |     |        | and_ln218_12           | and       | auto     | 0       |
|     and_ln218_13_fu_1263_p2               |     |        | and_ln218_13           | and       | auto     | 0       |
|     and_ln218_14_fu_1268_p2               |     |        | and_ln218_14           | and       | auto     | 0       |
|     grp_fu_564_p2                         |     |        | icmp_ln218_36          | setlt     | auto     | 0       |
|     grp_fu_564_p2                         |     |        | icmp_ln218_37          | setlt     | auto     | 0       |
|     and_ln218_15_fu_1459_p2               |     |        | and_ln218_15           | and       | auto     | 0       |
|     grp_fu_610_p2                         |     |        | icmp_ln218_38          | setlt     | auto     | 0       |
|     and_ln218_16_fu_1463_p2               |     |        | and_ln218_16           | and       | auto     | 0       |
|     and_ln218_17_fu_1469_p2               |     |        | and_ln218_17           | and       | auto     | 0       |
|     and_ln218_18_fu_1474_p2               |     |        | and_ln218_18           | and       | auto     | 0       |
|     and_ln218_19_fu_1479_p2               |     |        | and_ln218_19           | and       | auto     | 0       |
|     and_ln218_20_fu_1527_p2               |     |        | and_ln218_20           | and       | auto     | 0       |
|     and_ln218_21_fu_1532_p2               |     |        | and_ln218_21           | and       | auto     | 0       |
|     and_ln218_22_fu_1538_p2               |     |        | and_ln218_22           | and       | auto     | 0       |
|     and_ln218_24_fu_1574_p2               |     |        | and_ln218_24           | and       | auto     | 0       |
|     grp_fu_564_p2                         |     |        | icmp_ln218_39          | setlt     | auto     | 0       |
|     and_ln218_25_fu_1580_p2               |     |        | and_ln218_25           | and       | auto     | 0       |
|     and_ln218_26_fu_1586_p2               |     |        | and_ln218_26           | and       | auto     | 0       |
|     and_ln218_27_fu_1592_p2               |     |        | and_ln218_27           | and       | auto     | 0       |
|     and_ln218_28_fu_1597_p2               |     |        | and_ln218_28           | and       | auto     | 0       |
|     and_ln218_29_fu_1602_p2               |     |        | and_ln218_29           | and       | auto     | 0       |
|     grp_fu_610_p2                         |     |        | icmp_ln218_40          | setlt     | auto     | 0       |
|     icmp_ln218_41_fu_1720_p2              |     |        | icmp_ln218_41          | setlt     | auto     | 0       |
|     and_ln218_30_fu_1771_p2               |     |        | and_ln218_30           | and       | auto     | 0       |
|     grp_fu_564_p2                         |     |        | icmp_ln218_42          | setlt     | auto     | 0       |
|     grp_fu_564_p2                         |     |        | icmp_ln218_43          | setlt     | auto     | 0       |
|     and_ln218_31_fu_1775_p2               |     |        | and_ln218_31           | and       | auto     | 0       |
|     and_ln218_32_fu_1780_p2               |     |        | and_ln218_32           | and       | auto     | 0       |
|     grp_fu_564_p2                         |     |        | icmp_ln218_44          | setlt     | auto     | 0       |
|     grp_fu_610_p2                         |     |        | icmp_ln218_45          | setlt     | auto     | 0       |
|     and_ln218_33_fu_2648_p2               |     |        | and_ln218_33           | and       | auto     | 0       |
|     and_ln218_34_fu_1930_p2               |     |        | and_ln218_34           | and       | auto     | 0       |
|     and_ln218_35_fu_1936_p2               |     |        | and_ln218_35           | and       | auto     | 0       |
|     and_ln218_36_fu_1942_p2               |     |        | and_ln218_36           | and       | auto     | 0       |
|     and_ln218_37_fu_1948_p2               |     |        | and_ln218_37           | and       | auto     | 0       |
|     and_ln218_38_fu_2652_p2               |     |        | and_ln218_38           | and       | auto     | 0       |
|     and_ln218_39_fu_2657_p2               |     |        | and_ln218_39           | and       | auto     | 0       |
|     and_ln218_40_fu_2318_p2               |     |        | and_ln218_40           | and       | auto     | 0       |
|     and_ln218_41_fu_2324_p2               |     |        | and_ln218_41           | and       | auto     | 0       |
|     and_ln218_42_fu_2330_p2               |     |        | and_ln218_42           | and       | auto     | 0       |
|     and_ln218_43_fu_2336_p2               |     |        | and_ln218_43           | and       | auto     | 0       |
|     and_ln218_44_fu_2342_p2               |     |        | and_ln218_44           | and       | auto     | 0       |
|     and_ln218_45_fu_2348_p2               |     |        | and_ln218_45           | and       | auto     | 0       |
|     and_ln218_46_fu_2354_p2               |     |        | and_ln218_46           | and       | auto     | 0       |
|     and_ln218_47_fu_2360_p2               |     |        | and_ln218_47           | and       | auto     | 0       |
|     and_ln218_48_fu_2662_p2               |     |        | and_ln218_48           | and       | auto     | 0       |
|     and_ln218_49_fu_2668_p2               |     |        | and_ln218_49           | and       | auto     | 0       |
|     and_ln218_50_fu_2674_p2               |     |        | and_ln218_50           | and       | auto     | 0       |
|     and_ln218_51_fu_2680_p2               |     |        | and_ln218_51           | and       | auto     | 0       |
|     and_ln218_52_fu_2686_p2               |     |        | and_ln218_52           | and       | auto     | 0       |
|     and_ln218_53_fu_2692_p2               |     |        | and_ln218_53           | and       | auto     | 0       |
|     and_ln218_54_fu_2698_p2               |     |        | and_ln218_54           | and       | auto     | 0       |
|     and_ln218_55_fu_2704_p2               |     |        | and_ln218_55           | and       | auto     | 0       |
|     and_ln218_56_fu_2710_p2               |     |        | and_ln218_56           | and       | auto     | 0       |
|     and_ln218_57_fu_2715_p2               |     |        | and_ln218_57           | and       | auto     | 0       |
|     and_ln218_23_fu_2721_p2               |     |        | and_ln218_23           | and       | auto     | 0       |
|     icmp_ln218_46_fu_2759_p2              |     |        | icmp_ln218_46          | setgt     | auto     | 0       |
|     xor_ln218_fu_2726_p2                  |     |        | xor_ln218              | xor       | auto     | 0       |
|     core3_et_fu_1615_p2                   |     |        | core3_et               | add       | fabric   | 0       |
|     add_ln187_1_fu_1687_p2                |     |        | add_ln187_1            | add       | fabric   | 0       |
|     core3_et_1_fu_1696_p2                 |     |        | core3_et_1             | add       | fabric   | 0       |
|     add_ln187_4_fu_2032_p2                |     |        | add_ln187_4            | add       | fabric   | 0       |
|     add_ln187_5_fu_2042_p2                |     |        | add_ln187_5            | add       | fabric   | 0       |
|     core3_et_3_fu_2147_p2                 |     |        | core3_et_3             | add       | fabric   | 0       |
|     sum7_et_fu_1304_p2                    |     |        | sum7_et                | add       | fabric   | 0       |
|     add_ln187_9_fu_1136_p2                |     |        | add_ln187_9            | add       | fabric   | 0       |
|     sum7_et_7_fu_1317_p2                  |     |        | sum7_et_7              | add       | fabric   | 0       |
|     add_ln187_12_fu_1333_p2               |     |        | add_ln187_12           | add       | fabric   | 0       |
|     add_ln187_13_fu_1343_p2               |     |        | add_ln187_13           | add       | fabric   | 0       |
|     add_ln187_15_fu_1375_p2               |     |        | add_ln187_15           | add       | fabric   | 0       |
|     add_ln187_16_fu_1407_p2               |     |        | add_ln187_16           | add       | fabric   | 0       |
|     add_ln187_18_fu_1502_p2               |     |        | add_ln187_18           | add       | fabric   | 0       |
|     add_ln187_19_fu_1635_p2               |     |        | add_ln187_19           | add       | fabric   | 0       |
|     add_ln187_20_fu_1645_p2               |     |        | add_ln187_20           | add       | fabric   | 0       |
|     add_ln187_21_fu_1655_p2               |     |        | add_ln187_21           | add       | fabric   | 0       |
|     add_ln187_24_fu_1746_p2               |     |        | add_ln187_24           | add       | fabric   | 0       |
|     add_ln187_26_fu_1803_p2               |     |        | add_ln187_26           | add       | fabric   | 0       |
|     add_ln187_27_fu_2061_p2               |     |        | add_ln187_27           | add       | fabric   | 0       |
|     add_ln187_28_fu_2071_p2               |     |        | add_ln187_28           | add       | fabric   | 0       |
|     add_ln187_30_fu_1878_p2               |     |        | add_ln187_30           | add       | fabric   | 0       |
|     add_ln187_31_fu_1965_p2               |     |        | add_ln187_31           | add       | fabric   | 0       |
|     add_ln187_32_fu_1975_p2               |     |        | add_ln187_32           | add       | fabric   | 0       |
|     add_ln187_33_fu_2175_p2               |     |        | add_ln187_33           | add       | fabric   | 0       |
|     add_ln187_34_fu_2185_p2               |     |        | add_ln187_34           | add       | fabric   | 0       |
|     add_ln187_35_fu_2195_p2               |     |        | add_ln187_35           | add       | fabric   | 0       |
|     add_ln187_36_fu_2205_p2               |     |        | add_ln187_36           | add       | fabric   | 0       |
|     add_ln187_39_fu_2786_p2               |     |        | add_ln187_39           | add       | fabric   | 0       |
|     add_ln187_41_fu_2740_p2               |     |        | add_ln187_41           | add       | fabric   | 0       |
|     add_ln187_42_fu_2577_p2               |     |        | add_ln187_42           | add       | fabric   | 0       |
|     add_ln187_43_fu_2587_p2               |     |        | add_ln187_43           | add       | fabric   | 0       |
|     add_ln187_44_fu_2753_p2               |     |        | add_ln187_44           | add       | fabric   | 0       |
|     add_ln187_46_fu_2529_p2               |     |        | add_ln187_46           | add       | fabric   | 0       |
|     add_ln187_47_fu_2256_p2               |     |        | add_ln187_47           | add       | fabric   | 0       |
|     add_ln187_48_fu_2542_p2               |     |        | add_ln187_48           | add       | fabric   | 0       |
|     add_ln187_49_fu_2383_p2               |     |        | add_ln187_49           | add       | fabric   | 0       |
|     add_ln187_50_fu_2406_p2               |     |        | add_ln187_50           | add       | fabric   | 0       |
|     add_ln187_51_fu_2493_p2               |     |        | add_ln187_51           | add       | fabric   | 0       |
|     add_ln187_52_fu_2503_p2               |     |        | add_ln187_52           | add       | fabric   | 0       |
|     add_ln187_53_fu_2555_p2               |     |        | add_ln187_53           | add       | fabric   | 0       |
|     ring7_et_fu_2828_p2                   |     |        | ring7_et               | sub       | fabric   | 0       |
|     icmp_ln398_fu_2834_p2                 |     |        | icmp_ln398             | setlt     | auto     | 0       |
|     ring_lhs_fu_2867_p2                   |     |        | ring_lhs               | sub       | fabric   | 0       |
|     icmp_ln277_fu_2876_p2                 |     |        | icmp_ln277             | setgt     | auto     | 0       |
|     select_ln398_fu_2882_p3               |     |        | select_ln398           | select    | auto_sel | 0       |
|     select_ln398_1_fu_2890_p3             |     |        | select_ln398_1         | select    | auto_sel | 0       |
|     or_ln398_fu_2898_p2                   |     |        | or_ln398               | or        | auto     | 0       |
|     or_ln398_1_fu_2902_p2                 |     |        | or_ln398_1             | or        | auto     | 0       |
|     or_ln398_2_fu_2908_p2                 |     |        | or_ln398_2             | or        | auto     | 0       |
|     candidate_et_fu_2914_p3               |     |        | candidate_et           | select    | auto_sel | 0       |
|     candidate_isolation_et_fu_2922_p3     |     |        | candidate_isolation_et | select    | auto_sel | 0       |
|     not_sel_tmp1_fu_2930_p2               |     |        | not_sel_tmp1           | xor       | auto     | 0       |
|     candidate_valid_fu_2936_p2            |     |        | candidate_valid        | and       | auto     | 0       |
|   + select_top_n_from_stream_fixed_1440_s | 0   |        |                        |           |          |         |
|     icmp_ln467_fu_1363_p2                 |     |        | icmp_ln467             | seteq     | auto     | 0       |
|     i_4_fu_1369_p2                        |     |        | i_4                    | add       | fabric   | 0       |
|     local_num_clusters_2_fu_1436_p2       |     |        | local_num_clusters_2   | add       | fabric   | 0       |
|     xor_ln111_fu_1442_p2                  |     |        | xor_ln111              | xor       | auto     | 0       |
|     icmp_ln79_fu_1448_p2                  |     |        | icmp_ln79              | setgt     | auto     | 0       |
|     or_ln111_fu_1454_p2                   |     |        | or_ln111               | or        | auto     | 0       |
|     icmp_ln83_fu_1460_p2                  |     |        | icmp_ln83              | setlt     | auto     | 0       |
|     icmp_ln87_fu_1466_p2                  |     |        | icmp_ln87              | setlt     | auto     | 0       |
|     icmp_ln91_fu_1472_p2                  |     |        | icmp_ln91              | setlt     | auto     | 0       |
|     xor_ln91_15_fu_1478_p2                |     |        | xor_ln91_15            | xor       | auto     | 0       |
|     icmp_ln95_fu_1484_p2                  |     |        | icmp_ln95              | setlt     | auto     | 0       |
|     and_ln91_fu_1490_p2                   |     |        | and_ln91               | and       | auto     | 0       |
|     xor_ln91_fu_1496_p2                   |     |        | xor_ln91               | xor       | auto     | 0       |
|     or_ln91_fu_1502_p2                    |     |        | or_ln91                | or        | auto     | 0       |
|     and_ln91_15_fu_1508_p2                |     |        | and_ln91_15            | and       | auto     | 0       |
|     xor_ln91_11_fu_1514_p2                |     |        | xor_ln91_11            | xor       | auto     | 0       |
|     grp_fu_746_p2                         |     |        | icmp_ln79_15           | setgt     | auto     | 0       |
|     xor_ln111_8_fu_1524_p2                |     |        | xor_ln111_8            | xor       | auto     | 0       |
|     grp_fu_746_p2                         |     |        | icmp_ln79_14           | setgt     | auto     | 0       |
|     or_ln111_8_fu_1530_p2                 |     |        | or_ln111_8             | or        | auto     | 0       |
|     icmp_ln83_8_fu_1539_p2                |     |        | icmp_ln83_8            | setlt     | auto     | 0       |
|     icmp_ln87_8_fu_1545_p2                |     |        | icmp_ln87_8            | setlt     | auto     | 0       |
|     icmp_ln91_8_fu_1551_p2                |     |        | icmp_ln91_8            | setlt     | auto     | 0       |
|     xor_ln91_16_fu_1557_p2                |     |        | xor_ln91_16            | xor       | auto     | 0       |
|     icmp_ln95_8_fu_1563_p2                |     |        | icmp_ln95_8            | setlt     | auto     | 0       |
|     and_ln91_8_fu_1569_p2                 |     |        | and_ln91_8             | and       | auto     | 0       |
|     xor_ln91_6_fu_1575_p2                 |     |        | xor_ln91_6             | xor       | auto     | 0       |
|     or_ln91_6_fu_1581_p2                  |     |        | or_ln91_6              | or        | auto     | 0       |
|     select_ln91_fu_1587_p3                |     |        | select_ln91            | select    | auto_sel | 0       |
|     grp_fu_763_p2                         |     |        | icmp_ln79_17           | setgt     | auto     | 0       |
|     xor_ln111_9_fu_1595_p2                |     |        | xor_ln111_9            | xor       | auto     | 0       |
|     grp_fu_763_p2                         |     |        | icmp_ln79_16           | setgt     | auto     | 0       |
|     or_ln111_9_fu_1601_p2                 |     |        | or_ln111_9             | or        | auto     | 0       |
|     icmp_ln83_9_fu_1610_p2                |     |        | icmp_ln83_9            | setlt     | auto     | 0       |
|     icmp_ln87_9_fu_1616_p2                |     |        | icmp_ln87_9            | setlt     | auto     | 0       |
|     icmp_ln91_9_fu_1622_p2                |     |        | icmp_ln91_9            | setlt     | auto     | 0       |
|     xor_ln91_17_fu_1628_p2                |     |        | xor_ln91_17            | xor       | auto     | 0       |
|     icmp_ln95_9_fu_1634_p2                |     |        | icmp_ln95_9            | setlt     | auto     | 0       |
|     and_ln91_9_fu_1640_p2                 |     |        | and_ln91_9             | and       | auto     | 0       |
|     xor_ln91_7_fu_1646_p2                 |     |        | xor_ln91_7             | xor       | auto     | 0       |
|     or_ln91_7_fu_1652_p2                  |     |        | or_ln91_7              | or        | auto     | 0       |
|     select_ln91_5_fu_1658_p3              |     |        | select_ln91_5          | select    | auto_sel | 0       |
|     grp_fu_780_p2                         |     |        | icmp_ln79_19           | setgt     | auto     | 0       |
|     xor_ln111_10_fu_1666_p2               |     |        | xor_ln111_10           | xor       | auto     | 0       |
|     grp_fu_780_p2                         |     |        | icmp_ln79_18           | setgt     | auto     | 0       |
|     or_ln111_10_fu_1672_p2                |     |        | or_ln111_10            | or        | auto     | 0       |
|     icmp_ln83_10_fu_1681_p2               |     |        | icmp_ln83_10           | setlt     | auto     | 0       |
|     icmp_ln87_10_fu_1687_p2               |     |        | icmp_ln87_10           | setlt     | auto     | 0       |
|     icmp_ln91_10_fu_1693_p2               |     |        | icmp_ln91_10           | setlt     | auto     | 0       |
|     xor_ln91_18_fu_1699_p2                |     |        | xor_ln91_18            | xor       | auto     | 0       |
|     icmp_ln95_10_fu_1705_p2               |     |        | icmp_ln95_10           | setlt     | auto     | 0       |
|     and_ln91_10_fu_1711_p2                |     |        | and_ln91_10            | and       | auto     | 0       |
|     xor_ln91_8_fu_1717_p2                 |     |        | xor_ln91_8             | xor       | auto     | 0       |
|     or_ln91_8_fu_1723_p2                  |     |        | or_ln91_8              | or        | auto     | 0       |
|     select_ln91_6_fu_1729_p3              |     |        | select_ln91_6          | select    | auto_sel | 0       |
|     grp_fu_797_p2                         |     |        | icmp_ln79_21           | setgt     | auto     | 0       |
|     xor_ln111_11_fu_1737_p2               |     |        | xor_ln111_11           | xor       | auto     | 0       |
|     grp_fu_797_p2                         |     |        | icmp_ln79_20           | setgt     | auto     | 0       |
|     or_ln111_11_fu_1743_p2                |     |        | or_ln111_11            | or        | auto     | 0       |
|     icmp_ln83_11_fu_1752_p2               |     |        | icmp_ln83_11           | setlt     | auto     | 0       |
|     icmp_ln87_11_fu_1758_p2               |     |        | icmp_ln87_11           | setlt     | auto     | 0       |
|     icmp_ln91_11_fu_1764_p2               |     |        | icmp_ln91_11           | setlt     | auto     | 0       |
|     xor_ln91_19_fu_1770_p2                |     |        | xor_ln91_19            | xor       | auto     | 0       |
|     icmp_ln95_11_fu_1776_p2               |     |        | icmp_ln95_11           | setlt     | auto     | 0       |
|     and_ln91_11_fu_1782_p2                |     |        | and_ln91_11            | and       | auto     | 0       |
|     xor_ln91_9_fu_1788_p2                 |     |        | xor_ln91_9             | xor       | auto     | 0       |
|     or_ln91_9_fu_1794_p2                  |     |        | or_ln91_9              | or        | auto     | 0       |
|     select_ln91_7_fu_1800_p3              |     |        | select_ln91_7          | select    | auto_sel | 0       |
|     grp_fu_814_p2                         |     |        | icmp_ln79_23           | setgt     | auto     | 0       |
|     xor_ln111_12_fu_1808_p2               |     |        | xor_ln111_12           | xor       | auto     | 0       |
|     grp_fu_814_p2                         |     |        | icmp_ln79_22           | setgt     | auto     | 0       |
|     or_ln111_12_fu_1814_p2                |     |        | or_ln111_12            | or        | auto     | 0       |
|     icmp_ln83_12_fu_1823_p2               |     |        | icmp_ln83_12           | setlt     | auto     | 0       |
|     icmp_ln87_12_fu_1829_p2               |     |        | icmp_ln87_12           | setlt     | auto     | 0       |
|     icmp_ln91_12_fu_1835_p2               |     |        | icmp_ln91_12           | setlt     | auto     | 0       |
|     xor_ln91_20_fu_1841_p2                |     |        | xor_ln91_20            | xor       | auto     | 0       |
|     icmp_ln95_12_fu_1847_p2               |     |        | icmp_ln95_12           | setlt     | auto     | 0       |
|     and_ln91_12_fu_1853_p2                |     |        | and_ln91_12            | and       | auto     | 0       |
|     xor_ln91_10_fu_1859_p2                |     |        | xor_ln91_10            | xor       | auto     | 0       |
|     or_ln91_10_fu_1865_p2                 |     |        | or_ln91_10             | or        | auto     | 0       |
|     select_ln91_8_fu_1871_p3              |     |        | select_ln91_8          | select    | auto_sel | 0       |
|     grp_fu_831_p2                         |     |        | icmp_ln79_25           | setgt     | auto     | 0       |
|     xor_ln111_13_fu_1879_p2               |     |        | xor_ln111_13           | xor       | auto     | 0       |
|     grp_fu_831_p2                         |     |        | icmp_ln79_24           | setgt     | auto     | 0       |
|     or_ln111_13_fu_1885_p2                |     |        | or_ln111_13            | or        | auto     | 0       |
|     icmp_ln83_13_fu_1894_p2               |     |        | icmp_ln83_13           | setlt     | auto     | 0       |
|     icmp_ln87_13_fu_1900_p2               |     |        | icmp_ln87_13           | setlt     | auto     | 0       |
|     icmp_ln91_13_fu_1906_p2               |     |        | icmp_ln91_13           | setlt     | auto     | 0       |
|     xor_ln91_21_fu_1912_p2                |     |        | xor_ln91_21            | xor       | auto     | 0       |
|     icmp_ln95_13_fu_1918_p2               |     |        | icmp_ln95_13           | setlt     | auto     | 0       |
|     and_ln91_13_fu_1924_p2                |     |        | and_ln91_13            | and       | auto     | 0       |
|     xor_ln111_14_fu_1936_p2               |     |        | xor_ln111_14           | xor       | auto     | 0       |
|     icmp_ln79_26_fu_1942_p2               |     |        | icmp_ln79_26           | setgt     | auto     | 0       |
|     or_ln111_14_fu_1948_p2                |     |        | or_ln111_14            | or        | auto     | 0       |
|     icmp_ln83_14_fu_1954_p2               |     |        | icmp_ln83_14           | setlt     | auto     | 0       |
|     icmp_ln87_14_fu_1963_p2               |     |        | icmp_ln87_14           | setlt     | auto     | 0       |
|     icmp_ln91_14_fu_1972_p2               |     |        | icmp_ln91_14           | setlt     | auto     | 0       |
|     xor_ln91_22_fu_1978_p2                |     |        | xor_ln91_22            | xor       | auto     | 0       |
|     icmp_ln95_14_fu_1984_p2               |     |        | icmp_ln95_14           | setlt     | auto     | 0       |
|     and_ln91_14_fu_1990_p2                |     |        | and_ln91_14            | and       | auto     | 0       |
|     icmp_ln113_fu_2491_p2                 |     |        | icmp_ln113             | setgt     | auto     | 0       |
|     add_ln114_fu_2539_p2                  |     |        | add_ln114              | add       | fabric   | 0       |
|     sparsemux_15_3_20_1_1_U7              |     |        | tmp_s                  | sparsemux | auto     | 0       |
|     sparsemux_15_3_20_1_1_U8              |     |        | tmp_2                  | sparsemux | auto     | 0       |
|     sparsemux_15_3_6_1_1_U9               |     |        | tmp_3                  | sparsemux | auto     | 0       |
|     sparsemux_15_3_6_1_1_U10              |     |        | tmp_4                  | sparsemux | auto     | 0       |
|     sparsemux_15_3_4_1_1_U11              |     |        | tmp_5                  | sparsemux | auto     | 0       |
|     sparsemux_15_3_1_1_1_U12              |     |        | tmp_7                  | sparsemux | auto     | 0       |
|   + build_trigger_objects                 | 0   |        |                        |           |          |         |
|     icmp_ln196_fu_480_p2                  |     |        | icmp_ln196             | seteq     | auto     | 0       |
|     select_ln196_fu_486_p3                |     |        | select_ln196           | select    | auto_sel | 0       |
|     em_objects_0_new_0_fu_522_p3          |     |        | em_objects_0_new_0     | select    | auto_sel | 0       |
|     icmp_ln196_8_fu_531_p2                |     |        | icmp_ln196_8           | seteq     | auto     | 0       |
|     select_ln196_8_fu_537_p3              |     |        | select_ln196_8         | select    | auto_sel | 0       |
|     em_objects_1_new_0_fu_573_p3          |     |        | em_objects_1_new_0     | select    | auto_sel | 0       |
|     icmp_ln196_9_fu_582_p2                |     |        | icmp_ln196_9           | seteq     | auto     | 0       |
|     select_ln196_9_fu_588_p3              |     |        | select_ln196_9         | select    | auto_sel | 0       |
|     em_objects_2_new_0_fu_624_p3          |     |        | em_objects_2_new_0     | select    | auto_sel | 0       |
|     icmp_ln196_10_fu_633_p2               |     |        | icmp_ln196_10          | seteq     | auto     | 0       |
|     select_ln196_10_fu_639_p3             |     |        | select_ln196_10        | select    | auto_sel | 0       |
|     em_objects_3_new_0_fu_675_p3          |     |        | em_objects_3_new_0     | select    | auto_sel | 0       |
|     icmp_ln196_11_fu_684_p2               |     |        | icmp_ln196_11          | seteq     | auto     | 0       |
|     select_ln196_11_fu_690_p3             |     |        | select_ln196_11        | select    | auto_sel | 0       |
|     em_objects_4_new_0_fu_726_p3          |     |        | em_objects_4_new_0     | select    | auto_sel | 0       |
|     icmp_ln196_12_fu_735_p2               |     |        | icmp_ln196_12          | seteq     | auto     | 0       |
|     select_ln196_12_fu_741_p3             |     |        | select_ln196_12        | select    | auto_sel | 0       |
|     em_objects_5_new_0_fu_777_p3          |     |        | em_objects_5_new_0     | select    | auto_sel | 0       |
|     icmp_ln196_13_fu_786_p2               |     |        | icmp_ln196_13          | seteq     | auto     | 0       |
|     select_ln196_13_fu_792_p3             |     |        | select_ln196_13        | select    | auto_sel | 0       |
|     em_objects_6_new_0_fu_828_p3          |     |        | em_objects_6_new_0     | select    | auto_sel | 0       |
|     icmp_ln196_14_fu_837_p2               |     |        | icmp_ln196_14          | seteq     | auto     | 0       |
|     select_ln196_14_fu_843_p3             |     |        | select_ln196_14        | select    | auto_sel | 0       |
|     em_objects_7_new_0_fu_879_p3          |     |        | em_objects_7_new_0     | select    | auto_sel | 0       |
|   + select_top_n_from_stream_fixed_1440_1 | 0   |        |                        |           |          |         |
|     icmp_ln467_fu_1363_p2                 |     |        | icmp_ln467             | seteq     | auto     | 0       |
|     i_2_fu_1369_p2                        |     |        | i_2                    | add       | fabric   | 0       |
|     local_num_clusters_1_fu_1436_p2       |     |        | local_num_clusters_1   | add       | fabric   | 0       |
|     xor_ln111_fu_1442_p2                  |     |        | xor_ln111              | xor       | auto     | 0       |
|     icmp_ln79_fu_1448_p2                  |     |        | icmp_ln79              | setgt     | auto     | 0       |
|     or_ln111_fu_1454_p2                   |     |        | or_ln111               | or        | auto     | 0       |
|     icmp_ln83_fu_1460_p2                  |     |        | icmp_ln83              | setlt     | auto     | 0       |
|     icmp_ln87_fu_1466_p2                  |     |        | icmp_ln87              | setlt     | auto     | 0       |
|     icmp_ln91_fu_1472_p2                  |     |        | icmp_ln91              | setlt     | auto     | 0       |
|     xor_ln91_7_fu_1478_p2                 |     |        | xor_ln91_7             | xor       | auto     | 0       |
|     icmp_ln95_fu_1484_p2                  |     |        | icmp_ln95              | setlt     | auto     | 0       |
|     and_ln91_fu_1490_p2                   |     |        | and_ln91               | and       | auto     | 0       |
|     xor_ln91_fu_1496_p2                   |     |        | xor_ln91               | xor       | auto     | 0       |
|     or_ln91_fu_1502_p2                    |     |        | or_ln91                | or        | auto     | 0       |
|     and_ln91_8_fu_1508_p2                 |     |        | and_ln91_8             | and       | auto     | 0       |
|     xor_ln91_6_fu_1514_p2                 |     |        | xor_ln91_6             | xor       | auto     | 0       |
|     grp_fu_746_p2                         |     |        | icmp_ln79_2            | setgt     | auto     | 0       |
|     xor_ln111_1_fu_1524_p2                |     |        | xor_ln111_1            | xor       | auto     | 0       |
|     grp_fu_746_p2                         |     |        | icmp_ln79_1            | setgt     | auto     | 0       |
|     or_ln111_1_fu_1530_p2                 |     |        | or_ln111_1             | or        | auto     | 0       |
|     icmp_ln83_1_fu_1539_p2                |     |        | icmp_ln83_1            | setlt     | auto     | 0       |
|     icmp_ln87_1_fu_1545_p2                |     |        | icmp_ln87_1            | setlt     | auto     | 0       |
|     icmp_ln91_1_fu_1551_p2                |     |        | icmp_ln91_1            | setlt     | auto     | 0       |
|     xor_ln91_8_fu_1557_p2                 |     |        | xor_ln91_8             | xor       | auto     | 0       |
|     icmp_ln95_1_fu_1563_p2                |     |        | icmp_ln95_1            | setlt     | auto     | 0       |
|     and_ln91_1_fu_1569_p2                 |     |        | and_ln91_1             | and       | auto     | 0       |
|     xor_ln91_1_fu_1575_p2                 |     |        | xor_ln91_1             | xor       | auto     | 0       |
|     or_ln91_1_fu_1581_p2                  |     |        | or_ln91_1              | or        | auto     | 0       |
|     select_ln91_fu_1587_p3                |     |        | select_ln91            | select    | auto_sel | 0       |
|     grp_fu_763_p2                         |     |        | icmp_ln79_4            | setgt     | auto     | 0       |
|     xor_ln111_2_fu_1595_p2                |     |        | xor_ln111_2            | xor       | auto     | 0       |
|     grp_fu_763_p2                         |     |        | icmp_ln79_3            | setgt     | auto     | 0       |
|     or_ln111_2_fu_1601_p2                 |     |        | or_ln111_2             | or        | auto     | 0       |
|     icmp_ln83_2_fu_1610_p2                |     |        | icmp_ln83_2            | setlt     | auto     | 0       |
|     icmp_ln87_2_fu_1616_p2                |     |        | icmp_ln87_2            | setlt     | auto     | 0       |
|     icmp_ln91_2_fu_1622_p2                |     |        | icmp_ln91_2            | setlt     | auto     | 0       |
|     xor_ln91_9_fu_1628_p2                 |     |        | xor_ln91_9             | xor       | auto     | 0       |
|     icmp_ln95_2_fu_1634_p2                |     |        | icmp_ln95_2            | setlt     | auto     | 0       |
|     and_ln91_2_fu_1640_p2                 |     |        | and_ln91_2             | and       | auto     | 0       |
|     xor_ln91_2_fu_1646_p2                 |     |        | xor_ln91_2             | xor       | auto     | 0       |
|     or_ln91_2_fu_1652_p2                  |     |        | or_ln91_2              | or        | auto     | 0       |
|     select_ln91_1_fu_1658_p3              |     |        | select_ln91_1          | select    | auto_sel | 0       |
|     grp_fu_780_p2                         |     |        | icmp_ln79_6            | setgt     | auto     | 0       |
|     xor_ln111_3_fu_1666_p2                |     |        | xor_ln111_3            | xor       | auto     | 0       |
|     grp_fu_780_p2                         |     |        | icmp_ln79_5            | setgt     | auto     | 0       |
|     or_ln111_3_fu_1672_p2                 |     |        | or_ln111_3             | or        | auto     | 0       |
|     icmp_ln83_3_fu_1681_p2                |     |        | icmp_ln83_3            | setlt     | auto     | 0       |
|     icmp_ln87_3_fu_1687_p2                |     |        | icmp_ln87_3            | setlt     | auto     | 0       |
|     icmp_ln91_3_fu_1693_p2                |     |        | icmp_ln91_3            | setlt     | auto     | 0       |
|     xor_ln91_10_fu_1699_p2                |     |        | xor_ln91_10            | xor       | auto     | 0       |
|     icmp_ln95_3_fu_1705_p2                |     |        | icmp_ln95_3            | setlt     | auto     | 0       |
|     and_ln91_3_fu_1711_p2                 |     |        | and_ln91_3             | and       | auto     | 0       |
|     xor_ln91_3_fu_1717_p2                 |     |        | xor_ln91_3             | xor       | auto     | 0       |
|     or_ln91_3_fu_1723_p2                  |     |        | or_ln91_3              | or        | auto     | 0       |
|     select_ln91_2_fu_1729_p3              |     |        | select_ln91_2          | select    | auto_sel | 0       |
|     grp_fu_797_p2                         |     |        | icmp_ln79_8            | setgt     | auto     | 0       |
|     xor_ln111_4_fu_1737_p2                |     |        | xor_ln111_4            | xor       | auto     | 0       |
|     grp_fu_797_p2                         |     |        | icmp_ln79_7            | setgt     | auto     | 0       |
|     or_ln111_4_fu_1743_p2                 |     |        | or_ln111_4             | or        | auto     | 0       |
|     icmp_ln83_4_fu_1752_p2                |     |        | icmp_ln83_4            | setlt     | auto     | 0       |
|     icmp_ln87_4_fu_1758_p2                |     |        | icmp_ln87_4            | setlt     | auto     | 0       |
|     icmp_ln91_4_fu_1764_p2                |     |        | icmp_ln91_4            | setlt     | auto     | 0       |
|     xor_ln91_11_fu_1770_p2                |     |        | xor_ln91_11            | xor       | auto     | 0       |
|     icmp_ln95_4_fu_1776_p2                |     |        | icmp_ln95_4            | setlt     | auto     | 0       |
|     and_ln91_4_fu_1782_p2                 |     |        | and_ln91_4             | and       | auto     | 0       |
|     xor_ln91_4_fu_1788_p2                 |     |        | xor_ln91_4             | xor       | auto     | 0       |
|     or_ln91_4_fu_1794_p2                  |     |        | or_ln91_4              | or        | auto     | 0       |
|     select_ln91_3_fu_1800_p3              |     |        | select_ln91_3          | select    | auto_sel | 0       |
|     grp_fu_814_p2                         |     |        | icmp_ln79_10           | setgt     | auto     | 0       |
|     xor_ln111_5_fu_1808_p2                |     |        | xor_ln111_5            | xor       | auto     | 0       |
|     grp_fu_814_p2                         |     |        | icmp_ln79_9            | setgt     | auto     | 0       |
|     or_ln111_5_fu_1814_p2                 |     |        | or_ln111_5             | or        | auto     | 0       |
|     icmp_ln83_5_fu_1823_p2                |     |        | icmp_ln83_5            | setlt     | auto     | 0       |
|     icmp_ln87_5_fu_1829_p2                |     |        | icmp_ln87_5            | setlt     | auto     | 0       |
|     icmp_ln91_5_fu_1835_p2                |     |        | icmp_ln91_5            | setlt     | auto     | 0       |
|     xor_ln91_12_fu_1841_p2                |     |        | xor_ln91_12            | xor       | auto     | 0       |
|     icmp_ln95_5_fu_1847_p2                |     |        | icmp_ln95_5            | setlt     | auto     | 0       |
|     and_ln91_5_fu_1853_p2                 |     |        | and_ln91_5             | and       | auto     | 0       |
|     xor_ln91_5_fu_1859_p2                 |     |        | xor_ln91_5             | xor       | auto     | 0       |
|     or_ln91_5_fu_1865_p2                  |     |        | or_ln91_5              | or        | auto     | 0       |
|     select_ln91_4_fu_1871_p3              |     |        | select_ln91_4          | select    | auto_sel | 0       |
|     grp_fu_831_p2                         |     |        | icmp_ln79_12           | setgt     | auto     | 0       |
|     xor_ln111_6_fu_1879_p2                |     |        | xor_ln111_6            | xor       | auto     | 0       |
|     grp_fu_831_p2                         |     |        | icmp_ln79_11           | setgt     | auto     | 0       |
|     or_ln111_6_fu_1885_p2                 |     |        | or_ln111_6             | or        | auto     | 0       |
|     icmp_ln83_6_fu_1894_p2                |     |        | icmp_ln83_6            | setlt     | auto     | 0       |
|     icmp_ln87_6_fu_1900_p2                |     |        | icmp_ln87_6            | setlt     | auto     | 0       |
|     icmp_ln91_6_fu_1906_p2                |     |        | icmp_ln91_6            | setlt     | auto     | 0       |
|     xor_ln91_13_fu_1912_p2                |     |        | xor_ln91_13            | xor       | auto     | 0       |
|     icmp_ln95_6_fu_1918_p2                |     |        | icmp_ln95_6            | setlt     | auto     | 0       |
|     and_ln91_6_fu_1924_p2                 |     |        | and_ln91_6             | and       | auto     | 0       |
|     xor_ln111_7_fu_1936_p2                |     |        | xor_ln111_7            | xor       | auto     | 0       |
|     icmp_ln79_13_fu_1942_p2               |     |        | icmp_ln79_13           | setgt     | auto     | 0       |
|     or_ln111_7_fu_1948_p2                 |     |        | or_ln111_7             | or        | auto     | 0       |
|     icmp_ln83_7_fu_1954_p2                |     |        | icmp_ln83_7            | setlt     | auto     | 0       |
|     icmp_ln87_7_fu_1963_p2                |     |        | icmp_ln87_7            | setlt     | auto     | 0       |
|     icmp_ln91_7_fu_1972_p2                |     |        | icmp_ln91_7            | setlt     | auto     | 0       |
|     xor_ln91_14_fu_1978_p2                |     |        | xor_ln91_14            | xor       | auto     | 0       |
|     icmp_ln95_7_fu_1984_p2                |     |        | icmp_ln95_7            | setlt     | auto     | 0       |
|     and_ln91_7_fu_1990_p2                 |     |        | and_ln91_7             | and       | auto     | 0       |
|     icmp_ln113_fu_2491_p2                 |     |        | icmp_ln113             | setgt     | auto     | 0       |
|     add_ln114_fu_2539_p2                  |     |        | add_ln114              | add       | fabric   | 0       |
|     sparsemux_15_3_20_1_1_U19             |     |        | tmp_6                  | sparsemux | auto     | 0       |
|     sparsemux_15_3_20_1_1_U20             |     |        | tmp_7                  | sparsemux | auto     | 0       |
|     sparsemux_15_3_6_1_1_U21              |     |        | tmp_8                  | sparsemux | auto     | 0       |
|     sparsemux_15_3_6_1_1_U22              |     |        | tmp_9                  | sparsemux | auto     | 0       |
|     sparsemux_15_3_4_1_1_U23              |     |        | tmp_s                  | sparsemux | auto     | 0       |
|     sparsemux_15_3_1_1_1_U24              |     |        | tmp_1                  | sparsemux | auto     | 0       |
|   + build_trigger_objects_2               | 0   |        |                        |           |          |         |
|     icmp_ln196_fu_480_p2                  |     |        | icmp_ln196             | seteq     | auto     | 0       |
|     select_ln196_fu_486_p3                |     |        | select_ln196           | select    | auto_sel | 0       |
|     jet_objects_0_new_0_fu_522_p3         |     |        | jet_objects_0_new_0    | select    | auto_sel | 0       |
|     icmp_ln196_1_fu_531_p2                |     |        | icmp_ln196_1           | seteq     | auto     | 0       |
|     select_ln196_1_fu_537_p3              |     |        | select_ln196_1         | select    | auto_sel | 0       |
|     jet_objects_1_new_0_fu_573_p3         |     |        | jet_objects_1_new_0    | select    | auto_sel | 0       |
|     icmp_ln196_2_fu_582_p2                |     |        | icmp_ln196_2           | seteq     | auto     | 0       |
|     select_ln196_2_fu_588_p3              |     |        | select_ln196_2         | select    | auto_sel | 0       |
|     jet_objects_2_new_0_fu_624_p3         |     |        | jet_objects_2_new_0    | select    | auto_sel | 0       |
|     icmp_ln196_3_fu_633_p2                |     |        | icmp_ln196_3           | seteq     | auto     | 0       |
|     select_ln196_3_fu_639_p3              |     |        | select_ln196_3         | select    | auto_sel | 0       |
|     jet_objects_3_new_0_fu_675_p3         |     |        | jet_objects_3_new_0    | select    | auto_sel | 0       |
|     icmp_ln196_4_fu_684_p2                |     |        | icmp_ln196_4           | seteq     | auto     | 0       |
|     select_ln196_4_fu_690_p3              |     |        | select_ln196_4         | select    | auto_sel | 0       |
|     jet_objects_4_new_0_fu_726_p3         |     |        | jet_objects_4_new_0    | select    | auto_sel | 0       |
|     icmp_ln196_5_fu_735_p2                |     |        | icmp_ln196_5           | seteq     | auto     | 0       |
|     select_ln196_5_fu_741_p3              |     |        | select_ln196_5         | select    | auto_sel | 0       |
|     jet_objects_5_new_0_fu_777_p3         |     |        | jet_objects_5_new_0    | select    | auto_sel | 0       |
|     icmp_ln196_6_fu_786_p2                |     |        | icmp_ln196_6           | seteq     | auto     | 0       |
|     select_ln196_6_fu_792_p3              |     |        | select_ln196_6         | select    | auto_sel | 0       |
|     jet_objects_6_new_0_fu_828_p3         |     |        | jet_objects_6_new_0    | select    | auto_sel | 0       |
|     icmp_ln196_7_fu_837_p2                |     |        | icmp_ln196_7           | seteq     | auto     | 0       |
|     select_ln196_7_fu_843_p3              |     |        | select_ln196_7         | select    | auto_sel | 0       |
|     jet_objects_7_new_0_fu_879_p3         |     |        | jet_objects_7_new_0    | select    | auto_sel | 0       |
+-------------------------------------------+-----+--------+------------------------+-----------+----------+---------+


================================================================
== Storage Report
================================================================
+--------------------------------------+--------------+------------+------+------+--------+---------------------------------+--------+---------+------------------+
| Name                                 | Usage        | Type       | BRAM | URAM | Pragma | Variable                        | Impl   | Latency | Bitwidth, Depth, |
|                                      |              |            |      |      |        |                                 |        |         | Banks            |
+--------------------------------------+--------------+------------+------+------+--------+---------------------------------+--------+---------+------------------+
| + calo_trigger_em_jet_stream_ref     |              |            | 0    | 0    |        |                                 |        |         |                  |
|   CTRL_s_axi_U                       | interface    | s_axilite  |      |      |        |                                 |        |         |                  |
|  + cluster_sort_build_em_jet_stream  |              |            | 0    | 0    |        |                                 |        |         |                  |
|    em_cluster_stream_U               | fifo channel | stream     |      |      |        | em_cluster_stream               | memory | 0       | 61, 64, 1        |
|    jet_cluster_stream_U              | fifo channel | stream     |      |      |        | jet_cluster_stream              | memory | 0       | 61, 64, 1        |
|    em_top_clusters_et_U              | fifo channel | task level |      |      |        | em_top_clusters_et              | srl    | 0       | 20, 2, 1         |
|    em_top_clusters_et_1_U            | fifo channel | task level |      |      |        | em_top_clusters_et_1            | srl    | 0       | 20, 2, 1         |
|    em_top_clusters_et_2_U            | fifo channel | task level |      |      |        | em_top_clusters_et_2            | srl    | 0       | 20, 2, 1         |
|    em_top_clusters_et_3_U            | fifo channel | task level |      |      |        | em_top_clusters_et_3            | srl    | 0       | 20, 2, 1         |
|    em_top_clusters_et_4_U            | fifo channel | task level |      |      |        | em_top_clusters_et_4            | srl    | 0       | 20, 2, 1         |
|    em_top_clusters_et_5_U            | fifo channel | task level |      |      |        | em_top_clusters_et_5            | srl    | 0       | 20, 2, 1         |
|    em_top_clusters_et_6_U            | fifo channel | task level |      |      |        | em_top_clusters_et_6            | srl    | 0       | 20, 2, 1         |
|    em_top_clusters_et_7_U            | fifo channel | task level |      |      |        | em_top_clusters_et_7            | srl    | 0       | 20, 2, 1         |
|    em_top_clusters_isolation_et_U    | fifo channel | task level |      |      |        | em_top_clusters_isolation_et    | srl    | 0       | 20, 2, 1         |
|    em_top_clusters_isolation_et_1_U  | fifo channel | task level |      |      |        | em_top_clusters_isolation_et_1  | srl    | 0       | 20, 2, 1         |
|    em_top_clusters_isolation_et_2_U  | fifo channel | task level |      |      |        | em_top_clusters_isolation_et_2  | srl    | 0       | 20, 2, 1         |
|    em_top_clusters_isolation_et_3_U  | fifo channel | task level |      |      |        | em_top_clusters_isolation_et_3  | srl    | 0       | 20, 2, 1         |
|    em_top_clusters_isolation_et_4_U  | fifo channel | task level |      |      |        | em_top_clusters_isolation_et_4  | srl    | 0       | 20, 2, 1         |
|    em_top_clusters_isolation_et_5_U  | fifo channel | task level |      |      |        | em_top_clusters_isolation_et_5  | srl    | 0       | 20, 2, 1         |
|    em_top_clusters_isolation_et_6_U  | fifo channel | task level |      |      |        | em_top_clusters_isolation_et_6  | srl    | 0       | 20, 2, 1         |
|    em_top_clusters_isolation_et_7_U  | fifo channel | task level |      |      |        | em_top_clusters_isolation_et_7  | srl    | 0       | 20, 2, 1         |
|    em_top_clusters_eta_U             | fifo channel | task level |      |      |        | em_top_clusters_eta             | srl    | 0       | 6, 2, 1          |
|    em_top_clusters_eta_1_U           | fifo channel | task level |      |      |        | em_top_clusters_eta_1           | srl    | 0       | 6, 2, 1          |
|    em_top_clusters_eta_2_U           | fifo channel | task level |      |      |        | em_top_clusters_eta_2           | srl    | 0       | 6, 2, 1          |
|    em_top_clusters_eta_3_U           | fifo channel | task level |      |      |        | em_top_clusters_eta_3           | srl    | 0       | 6, 2, 1          |
|    em_top_clusters_eta_4_U           | fifo channel | task level |      |      |        | em_top_clusters_eta_4           | srl    | 0       | 6, 2, 1          |
|    em_top_clusters_eta_5_U           | fifo channel | task level |      |      |        | em_top_clusters_eta_5           | srl    | 0       | 6, 2, 1          |
|    em_top_clusters_eta_6_U           | fifo channel | task level |      |      |        | em_top_clusters_eta_6           | srl    | 0       | 6, 2, 1          |
|    em_top_clusters_eta_7_U           | fifo channel | task level |      |      |        | em_top_clusters_eta_7           | srl    | 0       | 6, 2, 1          |
|    em_top_clusters_phi_U             | fifo channel | task level |      |      |        | em_top_clusters_phi             | srl    | 0       | 6, 2, 1          |
|    em_top_clusters_phi_1_U           | fifo channel | task level |      |      |        | em_top_clusters_phi_1           | srl    | 0       | 6, 2, 1          |
|    em_top_clusters_phi_2_U           | fifo channel | task level |      |      |        | em_top_clusters_phi_2           | srl    | 0       | 6, 2, 1          |
|    em_top_clusters_phi_3_U           | fifo channel | task level |      |      |        | em_top_clusters_phi_3           | srl    | 0       | 6, 2, 1          |
|    em_top_clusters_phi_4_U           | fifo channel | task level |      |      |        | em_top_clusters_phi_4           | srl    | 0       | 6, 2, 1          |
|    em_top_clusters_phi_5_U           | fifo channel | task level |      |      |        | em_top_clusters_phi_5           | srl    | 0       | 6, 2, 1          |
|    em_top_clusters_phi_6_U           | fifo channel | task level |      |      |        | em_top_clusters_phi_6           | srl    | 0       | 6, 2, 1          |
|    em_top_clusters_phi_7_U           | fifo channel | task level |      |      |        | em_top_clusters_phi_7           | srl    | 0       | 6, 2, 1          |
|    em_top_clusters_window_size_U     | fifo channel | task level |      |      |        | em_top_clusters_window_size     | srl    | 0       | 4, 2, 1          |
|    em_top_clusters_window_size_1_U   | fifo channel | task level |      |      |        | em_top_clusters_window_size_1   | srl    | 0       | 4, 2, 1          |
|    em_top_clusters_window_size_2_U   | fifo channel | task level |      |      |        | em_top_clusters_window_size_2   | srl    | 0       | 4, 2, 1          |
|    em_top_clusters_window_size_3_U   | fifo channel | task level |      |      |        | em_top_clusters_window_size_3   | srl    | 0       | 4, 2, 1          |
|    em_top_clusters_window_size_4_U   | fifo channel | task level |      |      |        | em_top_clusters_window_size_4   | srl    | 0       | 4, 2, 1          |
|    em_top_clusters_window_size_5_U   | fifo channel | task level |      |      |        | em_top_clusters_window_size_5   | srl    | 0       | 4, 2, 1          |
|    em_top_clusters_window_size_6_U   | fifo channel | task level |      |      |        | em_top_clusters_window_size_6   | srl    | 0       | 4, 2, 1          |
|    em_top_clusters_window_size_7_U   | fifo channel | task level |      |      |        | em_top_clusters_window_size_7   | srl    | 0       | 4, 2, 1          |
|    em_top_clusters_valid_U           | fifo channel | task level |      |      |        | em_top_clusters_valid           | srl    | 0       | 1, 2, 1          |
|    em_top_clusters_valid_1_U         | fifo channel | task level |      |      |        | em_top_clusters_valid_1         | srl    | 0       | 1, 2, 1          |
|    em_top_clusters_valid_2_U         | fifo channel | task level |      |      |        | em_top_clusters_valid_2         | srl    | 0       | 1, 2, 1          |
|    em_top_clusters_valid_3_U         | fifo channel | task level |      |      |        | em_top_clusters_valid_3         | srl    | 0       | 1, 2, 1          |
|    em_top_clusters_valid_4_U         | fifo channel | task level |      |      |        | em_top_clusters_valid_4         | srl    | 0       | 1, 2, 1          |
|    em_top_clusters_valid_5_U         | fifo channel | task level |      |      |        | em_top_clusters_valid_5         | srl    | 0       | 1, 2, 1          |
|    em_top_clusters_valid_6_U         | fifo channel | task level |      |      |        | em_top_clusters_valid_6         | srl    | 0       | 1, 2, 1          |
|    em_top_clusters_valid_7_U         | fifo channel | task level |      |      |        | em_top_clusters_valid_7         | srl    | 0       | 1, 2, 1          |
|    jet_top_clusters_et_U             | fifo channel | task level |      |      |        | jet_top_clusters_et             | srl    | 0       | 20, 2, 1         |
|    jet_top_clusters_et_1_U           | fifo channel | task level |      |      |        | jet_top_clusters_et_1           | srl    | 0       | 20, 2, 1         |
|    jet_top_clusters_et_2_U           | fifo channel | task level |      |      |        | jet_top_clusters_et_2           | srl    | 0       | 20, 2, 1         |
|    jet_top_clusters_et_3_U           | fifo channel | task level |      |      |        | jet_top_clusters_et_3           | srl    | 0       | 20, 2, 1         |
|    jet_top_clusters_et_4_U           | fifo channel | task level |      |      |        | jet_top_clusters_et_4           | srl    | 0       | 20, 2, 1         |
|    jet_top_clusters_et_5_U           | fifo channel | task level |      |      |        | jet_top_clusters_et_5           | srl    | 0       | 20, 2, 1         |
|    jet_top_clusters_et_6_U           | fifo channel | task level |      |      |        | jet_top_clusters_et_6           | srl    | 0       | 20, 2, 1         |
|    jet_top_clusters_et_7_U           | fifo channel | task level |      |      |        | jet_top_clusters_et_7           | srl    | 0       | 20, 2, 1         |
|    jet_top_clusters_isolation_et_U   | fifo channel | task level |      |      |        | jet_top_clusters_isolation_et   | srl    | 0       | 20, 2, 1         |
|    jet_top_clusters_isolation_et_1_U | fifo channel | task level |      |      |        | jet_top_clusters_isolation_et_1 | srl    | 0       | 20, 2, 1         |
|    jet_top_clusters_isolation_et_2_U | fifo channel | task level |      |      |        | jet_top_clusters_isolation_et_2 | srl    | 0       | 20, 2, 1         |
|    jet_top_clusters_isolation_et_3_U | fifo channel | task level |      |      |        | jet_top_clusters_isolation_et_3 | srl    | 0       | 20, 2, 1         |
|    jet_top_clusters_isolation_et_4_U | fifo channel | task level |      |      |        | jet_top_clusters_isolation_et_4 | srl    | 0       | 20, 2, 1         |
|    jet_top_clusters_isolation_et_5_U | fifo channel | task level |      |      |        | jet_top_clusters_isolation_et_5 | srl    | 0       | 20, 2, 1         |
|    jet_top_clusters_isolation_et_6_U | fifo channel | task level |      |      |        | jet_top_clusters_isolation_et_6 | srl    | 0       | 20, 2, 1         |
|    jet_top_clusters_isolation_et_7_U | fifo channel | task level |      |      |        | jet_top_clusters_isolation_et_7 | srl    | 0       | 20, 2, 1         |
|    jet_top_clusters_eta_U            | fifo channel | task level |      |      |        | jet_top_clusters_eta            | srl    | 0       | 6, 2, 1          |
|    jet_top_clusters_eta_1_U          | fifo channel | task level |      |      |        | jet_top_clusters_eta_1          | srl    | 0       | 6, 2, 1          |
|    jet_top_clusters_eta_2_U          | fifo channel | task level |      |      |        | jet_top_clusters_eta_2          | srl    | 0       | 6, 2, 1          |
|    jet_top_clusters_eta_3_U          | fifo channel | task level |      |      |        | jet_top_clusters_eta_3          | srl    | 0       | 6, 2, 1          |
|    jet_top_clusters_eta_4_U          | fifo channel | task level |      |      |        | jet_top_clusters_eta_4          | srl    | 0       | 6, 2, 1          |
|    jet_top_clusters_eta_5_U          | fifo channel | task level |      |      |        | jet_top_clusters_eta_5          | srl    | 0       | 6, 2, 1          |
|    jet_top_clusters_eta_6_U          | fifo channel | task level |      |      |        | jet_top_clusters_eta_6          | srl    | 0       | 6, 2, 1          |
|    jet_top_clusters_eta_7_U          | fifo channel | task level |      |      |        | jet_top_clusters_eta_7          | srl    | 0       | 6, 2, 1          |
|    jet_top_clusters_phi_U            | fifo channel | task level |      |      |        | jet_top_clusters_phi            | srl    | 0       | 6, 2, 1          |
|    jet_top_clusters_phi_1_U          | fifo channel | task level |      |      |        | jet_top_clusters_phi_1          | srl    | 0       | 6, 2, 1          |
|    jet_top_clusters_phi_2_U          | fifo channel | task level |      |      |        | jet_top_clusters_phi_2          | srl    | 0       | 6, 2, 1          |
|    jet_top_clusters_phi_3_U          | fifo channel | task level |      |      |        | jet_top_clusters_phi_3          | srl    | 0       | 6, 2, 1          |
|    jet_top_clusters_phi_4_U          | fifo channel | task level |      |      |        | jet_top_clusters_phi_4          | srl    | 0       | 6, 2, 1          |
|    jet_top_clusters_phi_5_U          | fifo channel | task level |      |      |        | jet_top_clusters_phi_5          | srl    | 0       | 6, 2, 1          |
|    jet_top_clusters_phi_6_U          | fifo channel | task level |      |      |        | jet_top_clusters_phi_6          | srl    | 0       | 6, 2, 1          |
|    jet_top_clusters_phi_7_U          | fifo channel | task level |      |      |        | jet_top_clusters_phi_7          | srl    | 0       | 6, 2, 1          |
|    jet_top_clusters_window_size_U    | fifo channel | task level |      |      |        | jet_top_clusters_window_size    | srl    | 0       | 4, 2, 1          |
|    jet_top_clusters_window_size_1_U  | fifo channel | task level |      |      |        | jet_top_clusters_window_size_1  | srl    | 0       | 4, 2, 1          |
|    jet_top_clusters_window_size_2_U  | fifo channel | task level |      |      |        | jet_top_clusters_window_size_2  | srl    | 0       | 4, 2, 1          |
|    jet_top_clusters_window_size_3_U  | fifo channel | task level |      |      |        | jet_top_clusters_window_size_3  | srl    | 0       | 4, 2, 1          |
|    jet_top_clusters_window_size_4_U  | fifo channel | task level |      |      |        | jet_top_clusters_window_size_4  | srl    | 0       | 4, 2, 1          |
|    jet_top_clusters_window_size_5_U  | fifo channel | task level |      |      |        | jet_top_clusters_window_size_5  | srl    | 0       | 4, 2, 1          |
|    jet_top_clusters_window_size_6_U  | fifo channel | task level |      |      |        | jet_top_clusters_window_size_6  | srl    | 0       | 4, 2, 1          |
|    jet_top_clusters_window_size_7_U  | fifo channel | task level |      |      |        | jet_top_clusters_window_size_7  | srl    | 0       | 4, 2, 1          |
|    jet_top_clusters_valid_U          | fifo channel | task level |      |      |        | jet_top_clusters_valid          | srl    | 0       | 1, 2, 1          |
|    jet_top_clusters_valid_1_U        | fifo channel | task level |      |      |        | jet_top_clusters_valid_1        | srl    | 0       | 1, 2, 1          |
|    jet_top_clusters_valid_2_U        | fifo channel | task level |      |      |        | jet_top_clusters_valid_2        | srl    | 0       | 1, 2, 1          |
|    jet_top_clusters_valid_3_U        | fifo channel | task level |      |      |        | jet_top_clusters_valid_3        | srl    | 0       | 1, 2, 1          |
|    jet_top_clusters_valid_4_U        | fifo channel | task level |      |      |        | jet_top_clusters_valid_4        | srl    | 0       | 1, 2, 1          |
|    jet_top_clusters_valid_5_U        | fifo channel | task level |      |      |        | jet_top_clusters_valid_5        | srl    | 0       | 1, 2, 1          |
|    jet_top_clusters_valid_6_U        | fifo channel | task level |      |      |        | jet_top_clusters_valid_6        | srl    | 0       | 1, 2, 1          |
|    jet_top_clusters_valid_7_U        | fifo channel | task level |      |      |        | jet_top_clusters_valid_7        | srl    | 0       | 1, 2, 1          |
+--------------------------------------+--------------+------------+------+------+--------+---------------------------------+--------+---------+------------------+


================================================================
== Pragma Report
================================================================
* Valid Pragma Syntax
+-----------------+--------------------------------------------------+------------------------------------------------------------------------------+
| Type            | Options                                          | Location                                                                     |
+-----------------+--------------------------------------------------+------------------------------------------------------------------------------+
| inline          |                                                  | ./calorimeter.h:159 in wrap_phi                                              |
| inline          |                                                  | ./calorimeter.h:172 in window_sum                                            |
| unroll          |                                                  | ./calorimeter.h:177 in window_sum                                            |
| unroll          |                                                  | ./calorimeter.h:179 in window_sum                                            |
| inline          |                                                  | ./calorimeter.h:198 in is_local_maximum                                      |
| unroll          |                                                  | ./calorimeter.h:204 in is_local_maximum                                      |
| unroll          |                                                  | ./calorimeter.h:206 in is_local_maximum                                      |
| inline          |                                                  | ./calorimeter.h:238 in isolation_sum                                         |
| inline          |                                                  | ./calorimeter.h:243 in is_em_like                                            |
| inline          |                                                  | ./calorimeter.h:269 in is_jet_like                                           |
| pipeline        | II=1                                             | ./calorimeter.h:301 in find_clusters                                         |
| pipeline        | II=1                                             | ./calorimeter.h:349 in find_clusters_stream                                  |
| array_partition | variable=top_clusters complete dim=1             | ./calorimeter.h:453 in select_top_n_from_stream_fixed, top_clusters          |
| unroll          |                                                  | ./calorimeter.h:457 in select_top_n_from_stream_fixed                        |
| pipeline        | II=1                                             | ./calorimeter.h:468 in select_top_n_from_stream_fixed                        |
| inline          |                                                  | calorimeter.cpp:70 in cluster_is_better                                      |
| inline          |                                                  | calorimeter.cpp:104 in insert_cluster_into_top_n                             |
| array_partition | variable=top_clusters complete dim=1             | calorimeter.cpp:130 in select_top_n, top_clusters                            |
| unroll          |                                                  | calorimeter.cpp:133 in select_top_n                                          |
| pipeline        | II=1                                             | calorimeter.cpp:144 in select_top_n                                          |
| pipeline        | II=1                                             | calorimeter.cpp:162 in compute_ht                                            |
| array_partition | variable=trigger_objects complete dim=1          | calorimeter.cpp:172 in build_trigger_objects, trigger_objects                |
| array_partition | variable=top_clusters complete dim=1             | calorimeter.cpp:173 in build_trigger_objects, top_clusters                   |
| unroll          |                                                  | calorimeter.cpp:175 in build_trigger_objects                                 |
| interface       | bram port=grid                                   | calorimeter.cpp:214 in calo_trigger_ref, grid                                |
| interface       | s_axilite port=seed_threshold bundle=CTRL        | calorimeter.cpp:216 in calo_trigger_ref, seed_threshold                      |
| interface       | s_axilite port=cluster_threshold bundle=CTRL     | calorimeter.cpp:217 in calo_trigger_ref, cluster_threshold                   |
| interface       | s_axilite port=ht bundle=CTRL                    | calorimeter.cpp:218 in calo_trigger_ref, ht                                  |
| interface       | s_axilite port=num_clusters bundle=CTRL          | calorimeter.cpp:219 in calo_trigger_ref, num_clusters                        |
| interface       | s_axilite port=return bundle=CTRL                | calorimeter.cpp:220 in calo_trigger_ref, return                              |
| array_partition | variable=objects complete dim=1                  | calorimeter.cpp:222 in calo_trigger_ref, objects                             |
| array_partition | variable=top_clusters complete dim=1             | calorimeter.cpp:226 in calo_trigger_ref, top_clusters                        |
| interface       | bram port=towers                                 | calorimeter.cpp:254 in calo_trigger_stream_ref, towers                       |
| interface       | s_axilite port=seed_threshold bundle=CTRL        | calorimeter.cpp:256 in calo_trigger_stream_ref, seed_threshold               |
| interface       | s_axilite port=cluster_threshold bundle=CTRL     | calorimeter.cpp:257 in calo_trigger_stream_ref, cluster_threshold            |
| interface       | s_axilite port=ht bundle=CTRL                    | calorimeter.cpp:258 in calo_trigger_stream_ref, ht                           |
| interface       | s_axilite port=num_clusters bundle=CTRL          | calorimeter.cpp:259 in calo_trigger_stream_ref, num_clusters                 |
| interface       | s_axilite port=return bundle=CTRL                | calorimeter.cpp:260 in calo_trigger_stream_ref, return                       |
| array_partition | variable=trigger_objects complete dim=1          | calorimeter.cpp:262 in calo_trigger_stream_ref, trigger_objects              |
| interface       | bram port=towers                                 | calorimeter.cpp:282 in calo_trigger_em_jet_stream_ref, towers                |
| interface       | s_axilite port=em_seed_threshold bundle=CTRL     | calorimeter.cpp:284 in calo_trigger_em_jet_stream_ref, em_seed_threshold     |
| interface       | s_axilite port=em_cluster_threshold bundle=CTRL  | calorimeter.cpp:285 in calo_trigger_em_jet_stream_ref, em_cluster_threshold  |
| interface       | s_axilite port=jet_seed_threshold bundle=CTRL    | calorimeter.cpp:286 in calo_trigger_em_jet_stream_ref, jet_seed_threshold    |
| interface       | s_axilite port=jet_cluster_threshold bundle=CTRL | calorimeter.cpp:287 in calo_trigger_em_jet_stream_ref, jet_cluster_threshold |
| interface       | s_axilite port=ht bundle=CTRL                    | calorimeter.cpp:288 in calo_trigger_em_jet_stream_ref, ht                    |
| interface       | s_axilite port=num_em_clusters bundle=CTRL       | calorimeter.cpp:289 in calo_trigger_em_jet_stream_ref, num_em_clusters       |
| interface       | s_axilite port=num_jet_clusters bundle=CTRL      | calorimeter.cpp:290 in calo_trigger_em_jet_stream_ref, num_jet_clusters      |
| interface       | s_axilite port=return bundle=CTRL                | calorimeter.cpp:291 in calo_trigger_em_jet_stream_ref, return                |
| array_partition | variable=em_objects complete dim=1               | calorimeter.cpp:293 in calo_trigger_em_jet_stream_ref, em_objects            |
| array_partition | variable=jet_objects complete dim=1              | calorimeter.cpp:294 in calo_trigger_em_jet_stream_ref, jet_objects           |
| pipeline        | II=1                                             | calorimeter.cpp:330 in produce_em_cluster_stream                             |
| pipeline        | II=1                                             | calorimeter.cpp:377 in produce_jet_cluster_stream                            |
| dataflow        |                                                  | calorimeter.cpp:425 in cluster_sort_build_stream                             |
| stream          | variable=cluster_stream depth=64                 | calorimeter.cpp:429 in cluster_sort_build_stream, cluster_stream             |
| array_partition | variable=top_clusters complete dim=1             | calorimeter.cpp:432 in cluster_sort_build_stream, top_clusters               |
| dataflow        |                                                  | calorimeter.cpp:451 in cluster_sort_build_em_jet_stream                      |
| stream          | variable=em_cluster_stream depth=64              | calorimeter.cpp:456 in cluster_sort_build_em_jet_stream, em_cluster_stream   |
| stream          | variable=jet_cluster_stream depth=64             | calorimeter.cpp:457 in cluster_sort_build_em_jet_stream, jet_cluster_stream  |
| array_partition | variable=em_top_clusters complete dim=1          | calorimeter.cpp:462 in cluster_sort_build_em_jet_stream, em_top_clusters     |
| array_partition | variable=jet_top_clusters complete dim=1         | calorimeter.cpp:463 in cluster_sort_build_em_jet_stream, jet_top_clusters    |
+-----------------+--------------------------------------------------+------------------------------------------------------------------------------+


