INFO-FLOW: Workspace /scratch/emettner/tachep-fpga-project-26/calorimeter/solution1 opened at Tue May 12 19:40:45 CDT 2026
Execute       send_msg_by_id INFO @200-1505@%s%s default  vivado 
INFO: [HLS 200-1505] Using default flow_target 'vivado'
Execute     set_part xcvu13p-fsga2577-2-e 
INFO: [HLS 200-1510] Running: set_part xcvu13p-fsga2577-2-e 
Execute       create_platform xcvu13p-fsga2577-2-e -board  
DBG:HLSDevice: Trying to load device library: /opt/Xilinx/Vitis_HLS/2024.1/lib/lnx64.o/libxv_hlsvwrap.so
DBG:HLSDevice: first parts/arch.xml in RDI_DATADIR: /opt/Xilinx/Vivado/2024.1/data/parts/arch.xml
DBG:HLSDevice: init success
INFO: [HLS 200-1611] Setting target device to 'xcvu13p-fsga2577-2-e'
Command       create_platform done; 2.76 sec.
Execute       source /opt/Xilinx/Vitis_HLS/2024.1/common/technology/xilinx/common/xilinx.gen 
Execute         source /opt/Xilinx/Vitis_HLS/2024.1/common/technology/xilinx/interface/plb46.gen 
Execute         source /opt/Xilinx/Vitis_HLS/2024.1/common/technology/xilinx/interface/axi4.gen 
Execute         source /opt/Xilinx/Vitis_HLS/2024.1/common/technology/xilinx/interface/nativeAXI4.gen 
Execute           source /opt/Xilinx/Vitis_HLS/2024.1/common/technology/xilinx/interface/saxilite.gen 
Execute         source /opt/Xilinx/Vitis_HLS/2024.1/common/technology/xilinx/scripts/xilinxcoregen.gen 
Execute         source /opt/Xilinx/Vitis_HLS/2024.1/common/technology/xilinx/interface/XilEDKCoreGen.gen 
Execute         source /opt/Xilinx/Vitis_HLS/2024.1/common/technology/xilinx/ip/util.gen 
Execute         source /opt/Xilinx/Vitis_HLS/2024.1/common/technology/xilinx/ip/xfft.gen 
Command         ap_source done; 0.14 sec.
Execute         source /opt/Xilinx/Vitis_HLS/2024.1/common/technology/xilinx/ip/xfir.gen 
Execute         source /opt/Xilinx/Vitis_HLS/2024.1/common/technology/xilinx/ip/dds_compiler.gen 
Execute         source /opt/Xilinx/Vitis_HLS/2024.1/common/technology/xilinx/DSP48/dsp48.gen 
Command       ap_source done; 0.16 sec.
Execute       ap_part_info -name xcvu13p-fsga2577-2-e -data info 
Execute       config_compile -quiet -complex-mul-dsp=0 
Command     set_part done; 3 sec.
Execute     create_clock -period 25 -name default 
INFO: [HLS 200-1510] Running: create_clock -period 25 -name default 
Execute       ap_set_clock -name default -period 25 -unit ns -default=false 
INFO: [SYN 201-201] Setting up clock 'default' with a period of 25ns.
Execute     csim_design 
INFO: [HLS 200-1510] Running: csim_design 
INFO-FLOW: Running SLX 'csim' proc: ::SLX::run_csim
INFO: [SIM 211-2] *************** CSIM start ***************
INFO: [SIM 211-4] CSIM will launch CLANG as the compiler.
Execute       send_msg_by_id INFO @200-2036@%s debug 
INFO: [HLS 200-2036] Building debug C Simulation binaries
Execute       source /opt/Xilinx/Vitis_HLS/2024.1/tps/tcl/tcllib1.11.1/yaml/huddle.tcl 
Execute       source /opt/Xilinx/Vitis_HLS/2024.1/tps/tcl/tcllib1.11.1/yaml/json2huddle.tcl 
Execute         source /opt/Xilinx/Vitis_HLS/2024.1/tps/tcl/tcllib1.11.1/try/try.tcl 
Execute       ap_part_info -name xcvu13p-fsga2577-2-e -data info 
INFO-FLOW: AESL_CSIM::c_sim errorInfo:

    while executing
"::AESL_CSIM::c_sim "$argn" "
ERROR: [SIM 211-100] 'csim_design' failed: compilation error(s).
INFO: [SIM 211-3] *************** CSIM finish ***************
INFO-FLOW: AESL_CSIM::csim_cmd_wrap errorInfo:
4
    while executing
"::AESL_CSIM::csim_cmd_wrap $args"
INFO-FLOW: Caught error in csim_design: 4
    while executing
"ap_internal_csim_design "
Command     csim_design done; error code: 2; 4.83 sec.
INFO: [HLS 200-2161] Finished Command csim_design Elapsed time: 00:00:04; Allocated memory: 0.195 MB.
Command   ap_source done; error code: 1; 7.93 sec.
Execute   cleanup_all 
INFO-FLOW: Workspace /scratch/emettner/tachep-fpga-project-26/calorimeter/solution1 opened at Tue May 12 19:42:25 CDT 2026
Execute       ap_set_clock -name default -period 25 -unit ns -default=false 
INFO: [SYN 201-201] Setting up clock 'default' with a period of 25ns.
Execute       set_part xcvu13p-fsga2577-2-e 
Execute         create_platform xcvu13p-fsga2577-2-e -board  
DBG:HLSDevice: Trying to load device library: /opt/Xilinx/Vitis_HLS/2024.1/lib/lnx64.o/libxv_hlsvwrap.so
DBG:HLSDevice: first parts/arch.xml in RDI_DATADIR: /opt/Xilinx/Vivado/2024.1/data/parts/arch.xml
DBG:HLSDevice: init success
INFO: [HLS 200-1611] Setting target device to 'xcvu13p-fsga2577-2-e'
Command         create_platform done; 2.76 sec.
Execute         source /opt/Xilinx/Vitis_HLS/2024.1/common/technology/xilinx/common/xilinx.gen 
Execute           source /opt/Xilinx/Vitis_HLS/2024.1/common/technology/xilinx/interface/plb46.gen 
Execute           source /opt/Xilinx/Vitis_HLS/2024.1/common/technology/xilinx/interface/axi4.gen 
Execute           source /opt/Xilinx/Vitis_HLS/2024.1/common/technology/xilinx/interface/nativeAXI4.gen 
Execute             source /opt/Xilinx/Vitis_HLS/2024.1/common/technology/xilinx/interface/saxilite.gen 
Execute           source /opt/Xilinx/Vitis_HLS/2024.1/common/technology/xilinx/scripts/xilinxcoregen.gen 
Execute           source /opt/Xilinx/Vitis_HLS/2024.1/common/technology/xilinx/interface/XilEDKCoreGen.gen 
Execute           source /opt/Xilinx/Vitis_HLS/2024.1/common/technology/xilinx/ip/util.gen 
Execute           source /opt/Xilinx/Vitis_HLS/2024.1/common/technology/xilinx/ip/xfft.gen 
Command           ap_source done; 0.13 sec.
Execute           source /opt/Xilinx/Vitis_HLS/2024.1/common/technology/xilinx/ip/xfir.gen 
Execute           source /opt/Xilinx/Vitis_HLS/2024.1/common/technology/xilinx/ip/dds_compiler.gen 
Execute           source /opt/Xilinx/Vitis_HLS/2024.1/common/technology/xilinx/DSP48/dsp48.gen 
Command         ap_source done; 0.17 sec.
Execute         ap_part_info -name xcvu13p-fsga2577-2-e -data info 
Execute         config_compile -quiet -complex-mul-dsp=0 
Command       set_part done; 2.99 sec.
Execute       send_msg_by_id INFO @200-1505@%s%s  vivado 
INFO: [HLS 200-1505] Using flow_target 'vivado'
Command     open_solution done; 3.02 sec.
Execute     set_part xcvu13p-fsga2577-2-e 
INFO: [HLS 200-1510] Running: set_part xcvu13p-fsga2577-2-e 
Execute       create_platform xcvu13p-fsga2577-2-e -board  
Command       create_platform done; 0.23 sec.
Execute       source /opt/Xilinx/Vitis_HLS/2024.1/common/technology/xilinx/common/xilinx.gen 
Execute         source /opt/Xilinx/Vitis_HLS/2024.1/common/technology/xilinx/interface/plb46.gen 
Execute         source /opt/Xilinx/Vitis_HLS/2024.1/common/technology/xilinx/interface/axi4.gen 
Execute         source /opt/Xilinx/Vitis_HLS/2024.1/common/technology/xilinx/interface/nativeAXI4.gen 
Execute           source /opt/Xilinx/Vitis_HLS/2024.1/common/technology/xilinx/interface/saxilite.gen 
Execute         source /opt/Xilinx/Vitis_HLS/2024.1/common/technology/xilinx/scripts/xilinxcoregen.gen 
Execute         source /opt/Xilinx/Vitis_HLS/2024.1/common/technology/xilinx/interface/XilEDKCoreGen.gen 
Execute         source /opt/Xilinx/Vitis_HLS/2024.1/common/technology/xilinx/ip/util.gen 
Execute         source /opt/Xilinx/Vitis_HLS/2024.1/common/technology/xilinx/ip/xfft.gen 
Command         ap_source done; 0.11 sec.
Execute         source /opt/Xilinx/Vitis_HLS/2024.1/common/technology/xilinx/ip/xfir.gen 
Execute         source /opt/Xilinx/Vitis_HLS/2024.1/common/technology/xilinx/ip/dds_compiler.gen 
Execute         source /opt/Xilinx/Vitis_HLS/2024.1/common/technology/xilinx/DSP48/dsp48.gen 
Command       ap_source done; 0.15 sec.
Execute       ap_part_info -name xcvu13p-fsga2577-2-e -data info 
Execute       config_compile -quiet -complex-mul-dsp=0 
Command     set_part done; 0.41 sec.
Execute     create_clock -period 25 -name default 
INFO: [HLS 200-1510] Running: create_clock -period 25 -name default 
Execute     csim_design 
INFO: [HLS 200-1510] Running: csim_design 
INFO-FLOW: Running SLX 'csim' proc: ::SLX::run_csim
INFO: [SIM 211-2] *************** CSIM start ***************
INFO: [SIM 211-4] CSIM will launch CLANG as the compiler.
Execute       source csim/.lst_opt.tcl 
Execute       send_msg_by_id INFO @200-2036@%s debug 
INFO: [HLS 200-2036] Building debug C Simulation binaries
Execute       source /opt/Xilinx/Vitis_HLS/2024.1/tps/tcl/tcllib1.11.1/yaml/huddle.tcl 
Execute       source /opt/Xilinx/Vitis_HLS/2024.1/tps/tcl/tcllib1.11.1/yaml/json2huddle.tcl 
Execute         source /opt/Xilinx/Vitis_HLS/2024.1/tps/tcl/tcllib1.11.1/try/try.tcl 
Execute       ap_part_info -name xcvu13p-fsga2577-2-e -data info 
Execute       source run_sim.tcl 
INFO: [SIM 211-1] CSim done with 0 errors.
INFO: [SIM 211-3] *************** CSIM finish ***************
Command     csim_design done; 9.6 sec.
INFO: [HLS 200-2161] Finished Command csim_design Elapsed time: 00:00:09; Allocated memory: 0.000 MB.
Execute     csynth_design 
INFO: [HLS 200-1510] Running: csynth_design 
INFO-FLOW: Running SLX 'csynth' proc: ::SLX::run_csynth
Execute       elaborate -effort=medium -skip_syncheck=0 -keep_printf=0 -skip_cdt=0 -skip_transform=0 -ng=0 -g=0 -opt_fp=0 -from_csynth_design=1 
INFO: [HLS 200-111] Finished File checks and directory preparation: CPU user time: 0.18 seconds. CPU system time: 0.03 seconds. Elapsed time: 0.21 seconds; current allocated memory: 377.434 MB.
Execute         set_directive_top calo_trigger_ref -name=calo_trigger_ref 
INFO: [HLS 200-10] Analyzing design file 'calorimeter.cpp' ... 
INFO-FLOW: Compiling one TU...
INFO-FLOW: Handling calorimeter.cpp as C++
Execute         ap_part_info -name xcvu13p-fsga2577-2-e -data info 
INFO-FLOW: Running: GCC PP 39
INFO-FLOW: Source preprocessing
INFO-FLOW: run_clang exec: /opt/Xilinx/Vitis_HLS/2024.1/lnx64/tools/clang-3.9-csynth/bin/clang calorimeter.cpp -foptimization-record-file=/scratch/emettner/tachep-fpga-project-26/calorimeter/solution1/.autopilot/db/calorimeter.cpp.clang.diag.yml -mllvm -pass-remarks-missed=reflow|pasta|unroll -mllvm -pass-remarks=reflow|pasta|unroll|inline -fno-limit-debug-info -gcc-toolchain /opt/Xilinx/Vitis_HLS/2024.1/tps/lnx64/gcc-8.3.0 -fhls -fno-exceptions -insert-hls-directive=/scratch/emettner/tachep-fpga-project-26/calorimeter/solution1/.autopilot/db/all.directive.json -E -fno-math-errno -c -emit-llvm -mllvm -disable-llvm-optzns -Werror=implicit-function-declaration -Werror=implicit-hls-streams -Werror=return-type -Wpragmas -Wunused-parameter -Wdump-hls-pragmas -Wno-error=dump-hls-pragmas -hls-clock-period=25 -fno-threadsafe-statics -fno-use-cxa-atexit -std=gnu++14 -target fpga64-xilinx-linux-gnu -fno-threadsafe-statics -fno-use-cxa-atexit -D__VITIS_HLS__ -DAESL_SYN -D__SYNTHESIS__ -D__HLS_SYN__ -I /opt/Xilinx/Vitis_HLS/2024.1/common/technology/autopilot -I /opt/Xilinx/Vitis_HLS/2024.1/common/technology/autopilot/ap_sysc -include etc/autopilot_ssdm_op.h -D__DSP48E2__ -I /usr/include/x86_64-linux-gnu -o /scratch/emettner/tachep-fpga-project-26/calorimeter/solution1/.autopilot/db/calorimeter.pp.0.cpp -hls-platform-db-name=/opt/Xilinx/Vitis_HLS/2024.1/common/technology/xilinx/common/platform.db -hls-platform-name=virtexuplus_medium -device-resource-info=BRAM_5376.000000_DSP_12288.000000_FF_3456000.000000_LUT_1728000.000000_SLICE_216000.000000_SLR_4.000000_URAM_1280.000000 -device-name-info=xcvu13p-fsga2577-2-e > /scratch/emettner/tachep-fpga-project-26/calorimeter/solution1/.autopilot/db/calorimeter.cpp.clang.out.log 2> /scratch/emettner/tachep-fpga-project-26/calorimeter/solution1/.autopilot/db/calorimeter.cpp.clang.err.log
INFO-FLOW: Done: GCC PP 39 time: 0.5 seconds per iteration
INFO-FLOW: Source syntax check for synthesis
INFO-FLOW: run_clang exec: /opt/Xilinx/Vitis_HLS/2024.1/lnx64/tools/clang-3.9-csynth/bin/clang -foptimization-record-file=/scratch/emettner/tachep-fpga-project-26/calorimeter/solution1/.autopilot/db/clang.diag.yml -mllvm -pass-remarks-missed=reflow|pasta|unroll -mllvm -pass-remarks=reflow|pasta|unroll|inline -fsyntax-only -fhls -target fpga64-xilinx-linux-gnu /scratch/emettner/tachep-fpga-project-26/calorimeter/solution1/.autopilot/db/calorimeter.pp.0.cpp -hls-platform-db-name=/opt/Xilinx/Vitis_HLS/2024.1/common/technology/xilinx/common/platform.db -hls-platform-name=virtexuplus_medium -device-resource-info=BRAM_5376.000000_DSP_12288.000000_FF_3456000.000000_LUT_1728000.000000_SLICE_216000.000000_SLR_4.000000_URAM_1280.000000 -device-name-info=xcvu13p-fsga2577-2-e > /scratch/emettner/tachep-fpga-project-26/calorimeter/solution1/.autopilot/db/clang.out.log 2> /scratch/emettner/tachep-fpga-project-26/calorimeter/solution1/.autopilot/db/clang.err.log
ERROR: [HLS 207-3777] use of undeclared identifier 'top_clusters'; did you mean 'num_clusters'? (calorimeter.cpp:212:38)
INFO: [HLS 207-4436] 'num_clusters' declared here (calorimeter.cpp:201:28)
INFO-FLOW: Error in clang_39_open_source : 
INFO-FLOW: Caught error in elaborate:  
    while executing
"ap_compile_CCPP $srcf $skip_transform CFLAGS $skip_cdt $objdir $is_xip"
    (procedure "AP::ap_compile_one_tu_39" line 53)
    invoked from within
"AP::ap_compile_one_tu_39 $srcfile $skip_transform $dbgInfo $skip_cdt "$cflags""
    ("foreach" body line 10)
    invoked from within
"foreach fentry $dut_files {
        #puts "file: $fentry"
        set fatt [lindex $fentry 1]
        array set opt $fatt
        set srcfile $opt(nam..."
    (procedure "AP::compile_dut_files_39" line 18)
    invoked from within
"AP::compile_dut_files_39 $dut_files $dbgInfo $skip_cdt $skip_transform"
    (procedure "AP::compile" line 108)
    invoked from within
"AP::compile 1 $skip_cdt $skip_transform"
    (procedure "ap_internal_elaborate" line 83)
    invoked from within
"ap_internal_elaborate "
Command       elaborate done; error code: 2; 2.02 sec.
INFO-FLOW: Caught error in csynth_design:  
    while executing
"ap_internal_csynth_design "
Command     csynth_design done; error code: 2; 2.23 sec.
INFO: [HLS 200-2161] Finished Command csynth_design Elapsed time: 00:00:02; Allocated memory: 1.066 MB.
Command   ap_source done; error code: 1; 15.35 sec.
Execute   cleanup_all 
INFO-FLOW: Workspace /scratch/emettner/tachep-fpga-project-26/calorimeter/solution1 opened at Tue May 12 19:44:42 CDT 2026
Execute       ap_set_clock -name default -period 25 -unit ns -default=false 
INFO: [SYN 201-201] Setting up clock 'default' with a period of 25ns.
Execute       set_part xcvu13p-fsga2577-2-e 
Execute         create_platform xcvu13p-fsga2577-2-e -board  
DBG:HLSDevice: Trying to load device library: /opt/Xilinx/Vitis_HLS/2024.1/lib/lnx64.o/libxv_hlsvwrap.so
DBG:HLSDevice: first parts/arch.xml in RDI_DATADIR: /opt/Xilinx/Vivado/2024.1/data/parts/arch.xml
DBG:HLSDevice: init success
INFO: [HLS 200-1611] Setting target device to 'xcvu13p-fsga2577-2-e'
Command         create_platform done; 2.75 sec.
Execute         source /opt/Xilinx/Vitis_HLS/2024.1/common/technology/xilinx/common/xilinx.gen 
Execute           source /opt/Xilinx/Vitis_HLS/2024.1/common/technology/xilinx/interface/plb46.gen 
Execute           source /opt/Xilinx/Vitis_HLS/2024.1/common/technology/xilinx/interface/axi4.gen 
Execute           source /opt/Xilinx/Vitis_HLS/2024.1/common/technology/xilinx/interface/nativeAXI4.gen 
Execute             source /opt/Xilinx/Vitis_HLS/2024.1/common/technology/xilinx/interface/saxilite.gen 
Execute           source /opt/Xilinx/Vitis_HLS/2024.1/common/technology/xilinx/scripts/xilinxcoregen.gen 
Execute           source /opt/Xilinx/Vitis_HLS/2024.1/common/technology/xilinx/interface/XilEDKCoreGen.gen 
Execute           source /opt/Xilinx/Vitis_HLS/2024.1/common/technology/xilinx/ip/util.gen 
Execute           source /opt/Xilinx/Vitis_HLS/2024.1/common/technology/xilinx/ip/xfft.gen 
Command           ap_source done; 0.13 sec.
Execute           source /opt/Xilinx/Vitis_HLS/2024.1/common/technology/xilinx/ip/xfir.gen 
Execute           source /opt/Xilinx/Vitis_HLS/2024.1/common/technology/xilinx/ip/dds_compiler.gen 
Execute           source /opt/Xilinx/Vitis_HLS/2024.1/common/technology/xilinx/DSP48/dsp48.gen 
Command         ap_source done; 0.16 sec.
Execute         ap_part_info -name xcvu13p-fsga2577-2-e -data info 
Execute         config_compile -quiet -complex-mul-dsp=0 
Command       set_part done; 2.96 sec.
Execute       send_msg_by_id INFO @200-1505@%s%s  vivado 
INFO: [HLS 200-1505] Using flow_target 'vivado'
Command     open_solution done; 2.99 sec.
Execute     set_part xcvu13p-fsga2577-2-e 
INFO: [HLS 200-1510] Running: set_part xcvu13p-fsga2577-2-e 
Execute       create_platform xcvu13p-fsga2577-2-e -board  
Command       create_platform done; 0.23 sec.
Execute       source /opt/Xilinx/Vitis_HLS/2024.1/common/technology/xilinx/common/xilinx.gen 
Execute         source /opt/Xilinx/Vitis_HLS/2024.1/common/technology/xilinx/interface/plb46.gen 
Execute         source /opt/Xilinx/Vitis_HLS/2024.1/common/technology/xilinx/interface/axi4.gen 
Execute         source /opt/Xilinx/Vitis_HLS/2024.1/common/technology/xilinx/interface/nativeAXI4.gen 
Execute           source /opt/Xilinx/Vitis_HLS/2024.1/common/technology/xilinx/interface/saxilite.gen 
Execute         source /opt/Xilinx/Vitis_HLS/2024.1/common/technology/xilinx/scripts/xilinxcoregen.gen 
Execute         source /opt/Xilinx/Vitis_HLS/2024.1/common/technology/xilinx/interface/XilEDKCoreGen.gen 
Execute         source /opt/Xilinx/Vitis_HLS/2024.1/common/technology/xilinx/ip/util.gen 
Execute         source /opt/Xilinx/Vitis_HLS/2024.1/common/technology/xilinx/ip/xfft.gen 
Command         ap_source done; 0.12 sec.
Execute         source /opt/Xilinx/Vitis_HLS/2024.1/common/technology/xilinx/ip/xfir.gen 
Execute         source /opt/Xilinx/Vitis_HLS/2024.1/common/technology/xilinx/ip/dds_compiler.gen 
Execute         source /opt/Xilinx/Vitis_HLS/2024.1/common/technology/xilinx/DSP48/dsp48.gen 
Command       ap_source done; 0.15 sec.
Execute       ap_part_info -name xcvu13p-fsga2577-2-e -data info 
Execute       config_compile -quiet -complex-mul-dsp=0 
Command     set_part done; 0.42 sec.
Execute     create_clock -period 25 -name default 
INFO: [HLS 200-1510] Running: create_clock -period 25 -name default 
Execute     csim_design 
INFO: [HLS 200-1510] Running: csim_design 
INFO-FLOW: Running SLX 'csim' proc: ::SLX::run_csim
INFO: [SIM 211-2] *************** CSIM start ***************
INFO: [SIM 211-4] CSIM will launch CLANG as the compiler.
Execute       source csim/.lst_opt.tcl 
Execute       send_msg_by_id INFO @200-2036@%s debug 
INFO: [HLS 200-2036] Building debug C Simulation binaries
Execute       source /opt/Xilinx/Vitis_HLS/2024.1/tps/tcl/tcllib1.11.1/yaml/huddle.tcl 
Execute       source /opt/Xilinx/Vitis_HLS/2024.1/tps/tcl/tcllib1.11.1/yaml/json2huddle.tcl 
Execute         source /opt/Xilinx/Vitis_HLS/2024.1/tps/tcl/tcllib1.11.1/try/try.tcl 
Execute       ap_part_info -name xcvu13p-fsga2577-2-e -data info 
Execute       source run_sim.tcl 
INFO: [SIM 211-1] CSim done with 0 errors.
INFO: [SIM 211-3] *************** CSIM finish ***************
Command     csim_design done; 5.01 sec.
INFO: [HLS 200-2161] Finished Command csim_design Elapsed time: 00:00:05; Allocated memory: 0.000 MB.
Execute     csynth_design 
INFO: [HLS 200-1510] Running: csynth_design 
INFO-FLOW: Running SLX 'csynth' proc: ::SLX::run_csynth
Execute       elaborate -effort=medium -skip_syncheck=0 -keep_printf=0 -skip_cdt=0 -skip_transform=0 -ng=0 -g=0 -opt_fp=0 -from_csynth_design=1 
INFO: [HLS 200-111] Finished File checks and directory preparation: CPU user time: 0.17 seconds. CPU system time: 0.02 seconds. Elapsed time: 0.18 seconds; current allocated memory: 377.430 MB.
Execute         set_directive_top calo_trigger_ref -name=calo_trigger_ref 
INFO: [HLS 200-10] Analyzing design file 'calorimeter.cpp' ... 
INFO-FLOW: Compiling one TU...
INFO-FLOW: Handling calorimeter.cpp as C++
Execute         ap_part_info -name xcvu13p-fsga2577-2-e -data info 
INFO-FLOW: Running: GCC PP 39
INFO-FLOW: Source preprocessing
INFO-FLOW: run_clang exec: /opt/Xilinx/Vitis_HLS/2024.1/lnx64/tools/clang-3.9-csynth/bin/clang calorimeter.cpp -foptimization-record-file=/scratch/emettner/tachep-fpga-project-26/calorimeter/solution1/.autopilot/db/calorimeter.cpp.clang.diag.yml -mllvm -pass-remarks-missed=reflow|pasta|unroll -mllvm -pass-remarks=reflow|pasta|unroll|inline -fno-limit-debug-info -gcc-toolchain /opt/Xilinx/Vitis_HLS/2024.1/tps/lnx64/gcc-8.3.0 -fhls -fno-exceptions -insert-hls-directive=/scratch/emettner/tachep-fpga-project-26/calorimeter/solution1/.autopilot/db/all.directive.json -E -fno-math-errno -c -emit-llvm -mllvm -disable-llvm-optzns -Werror=implicit-function-declaration -Werror=implicit-hls-streams -Werror=return-type -Wpragmas -Wunused-parameter -Wdump-hls-pragmas -Wno-error=dump-hls-pragmas -hls-clock-period=25 -fno-threadsafe-statics -fno-use-cxa-atexit -std=gnu++14 -target fpga64-xilinx-linux-gnu -fno-threadsafe-statics -fno-use-cxa-atexit -D__VITIS_HLS__ -DAESL_SYN -D__SYNTHESIS__ -D__HLS_SYN__ -I /opt/Xilinx/Vitis_HLS/2024.1/common/technology/autopilot -I /opt/Xilinx/Vitis_HLS/2024.1/common/technology/autopilot/ap_sysc -include etc/autopilot_ssdm_op.h -D__DSP48E2__ -I /usr/include/x86_64-linux-gnu -o /scratch/emettner/tachep-fpga-project-26/calorimeter/solution1/.autopilot/db/calorimeter.pp.0.cpp -hls-platform-db-name=/opt/Xilinx/Vitis_HLS/2024.1/common/technology/xilinx/common/platform.db -hls-platform-name=virtexuplus_medium -device-resource-info=BRAM_5376.000000_DSP_12288.000000_FF_3456000.000000_LUT_1728000.000000_SLICE_216000.000000_SLR_4.000000_URAM_1280.000000 -device-name-info=xcvu13p-fsga2577-2-e > /scratch/emettner/tachep-fpga-project-26/calorimeter/solution1/.autopilot/db/calorimeter.cpp.clang.out.log 2> /scratch/emettner/tachep-fpga-project-26/calorimeter/solution1/.autopilot/db/calorimeter.cpp.clang.err.log
INFO-FLOW: Done: GCC PP 39 time: 0.5 seconds per iteration
INFO-FLOW: Source syntax check for synthesis
INFO-FLOW: run_clang exec: /opt/Xilinx/Vitis_HLS/2024.1/lnx64/tools/clang-3.9-csynth/bin/clang -foptimization-record-file=/scratch/emettner/tachep-fpga-project-26/calorimeter/solution1/.autopilot/db/clang.diag.yml -mllvm -pass-remarks-missed=reflow|pasta|unroll -mllvm -pass-remarks=reflow|pasta|unroll|inline -fsyntax-only -fhls -target fpga64-xilinx-linux-gnu /scratch/emettner/tachep-fpga-project-26/calorimeter/solution1/.autopilot/db/calorimeter.pp.0.cpp -hls-platform-db-name=/opt/Xilinx/Vitis_HLS/2024.1/common/technology/xilinx/common/platform.db -hls-platform-name=virtexuplus_medium -device-resource-info=BRAM_5376.000000_DSP_12288.000000_FF_3456000.000000_LUT_1728000.000000_SLICE_216000.000000_SLR_4.000000_URAM_1280.000000 -device-name-info=xcvu13p-fsga2577-2-e > /scratch/emettner/tachep-fpga-project-26/calorimeter/solution1/.autopilot/db/clang.out.log 2> /scratch/emettner/tachep-fpga-project-26/calorimeter/solution1/.autopilot/db/clang.err.log
Execute         clang_tidy xilinx-systemc-detector -desc systemc-detector /scratch/emettner/tachep-fpga-project-26/calorimeter/solution1/.autopilot/db/calorimeter.pp.0.cpp std=gnu++14 -target fpga  -directive=/scratch/emettner/tachep-fpga-project-26/calorimeter/solution1/.autopilot/db/.systemc_flag 
INFO-FLOW: exec /opt/Xilinx/Vitis_HLS/2024.1/lnx64/tools/clang-3.9-csynth/bin/clang-tidy -header-filter=.* --checks=-*,xilinx-systemc-detector -import-directive=/scratch/emettner/tachep-fpga-project-26/calorimeter/solution1/.autopilot/db/.systemc_flag -fix-errors /scratch/emettner/tachep-fpga-project-26/calorimeter/solution1/.autopilot/db/calorimeter.pp.0.cpp -- -std=gnu++14 -target fpga -fhls -ferror-limit=0
Command         clang_tidy done; 1.09 sec.
INFO-FLOW: Running: clang-tidy CDT preprocess 39
Execute         clang_tidy xilinx-directive2pragma -desc directive2pragma /scratch/emettner/tachep-fpga-project-26/calorimeter/solution1/.autopilot/db/calorimeter.pp.0.cpp std=gnu++14 -target fpga  -directive=/scratch/emettner/tachep-fpga-project-26/calorimeter/solution1/.autopilot/db/all.directive.json 
INFO-FLOW: exec /opt/Xilinx/Vitis_HLS/2024.1/lnx64/tools/clang-3.9-csynth/bin/clang-tidy -header-filter=.* --checks=-*,xilinx-directive2pragma -import-directive=/scratch/emettner/tachep-fpga-project-26/calorimeter/solution1/.autopilot/db/all.directive.json -fix-errors /scratch/emettner/tachep-fpga-project-26/calorimeter/solution1/.autopilot/db/calorimeter.pp.0.cpp -- -std=gnu++14 -target fpga -fhls -ferror-limit=0
Command         clang_tidy done; 1.54 sec.
INFO-FLOW: Done: clang-tidy CDT preprocess 39 time: 1.5 seconds per iteration
INFO-FLOW: Calling xilinx-label-all-loops ... 
INFO-FLOW: Calling xilinx-aggregate-on-hls-vector ... 
Execute         clang_tidy -errorcheck -desc loop-label xilinx-label-all-loops,xilinx-aggregate-on-hls-vector,,xilinx-warn-mayneed-no-ctor-attribute /scratch/emettner/tachep-fpga-project-26/calorimeter/solution1/.autopilot/db/calorimeter.pp.0.cpp std=gnu++14 -target fpga  
INFO-FLOW: run_clang exec: /opt/Xilinx/Vitis_HLS/2024.1/lnx64/tools/clang-3.9-csynth/bin/clang-tidy -export-fixes=/scratch/emettner/tachep-fpga-project-26/calorimeter/solution1/.autopilot/db/calorimeter.pp.0.cpp.clang-tidy.loop-label.diag.yml -header-filter=.* --checks=-*,xilinx-label-all-loops,xilinx-aggregate-on-hls-vector,,xilinx-warn-mayneed-no-ctor-attribute -fix-errors /scratch/emettner/tachep-fpga-project-26/calorimeter/solution1/.autopilot/db/calorimeter.pp.0.cpp -- -std=gnu++14 -target fpga -fhls -ferror-limit=0 > /scratch/emettner/tachep-fpga-project-26/calorimeter/solution1/.autopilot/db/calorimeter.pp.0.cpp.clang-tidy.loop-label.out.log 2> /scratch/emettner/tachep-fpga-project-26/calorimeter/solution1/.autopilot/db/calorimeter.pp.0.cpp.clang-tidy.loop-label.err.log
Execute           source /opt/Xilinx/Vitis_HLS/2024.1/tps/tcl/tcllib1.11.1/yaml/yaml.tcl 
Command         clang_tidy done; 1.79 sec.
INFO-FLOW: run_clang exec: /opt/Xilinx/Vitis_HLS/2024.1/lnx64/tools/clang-3.9-csynth/bin/xilinx-dataflow-lawyer -export-fixes=/scratch/emettner/tachep-fpga-project-26/calorimeter/solution1/.autopilot/db/calorimeter.pp.0.cpp.xilinx-dataflow-lawyer.diag.yml /scratch/emettner/tachep-fpga-project-26/calorimeter/solution1/.autopilot/db/calorimeter.pp.0.cpp -- -std=gnu++14 -target fpga -fhls -ferror-limit=0 -fstrict-dataflow > /scratch/emettner/tachep-fpga-project-26/calorimeter/solution1/.autopilot/db/calorimeter.pp.0.cpp.xilinx-dataflow-lawyer.out.log 2> /scratch/emettner/tachep-fpga-project-26/calorimeter/solution1/.autopilot/db/calorimeter.pp.0.cpp.xilinx-dataflow-lawyer.err.log
Execute         ap_part_info -name xcvu13p-fsga2577-2-e -data info 
INFO-FLOW: compiling source code to llvm bc
INFO-FLOW: run_clang exec: /opt/Xilinx/Vitis_HLS/2024.1/lnx64/tools/clang-3.9-csynth/bin/clang -foptimization-record-file=/scratch/emettner/tachep-fpga-project-26/calorimeter/solution1/.autopilot/db/calorimeter.pp.0.cpp.clang.diag.yml -mllvm -pass-remarks-missed=reflow|pasta|unroll -mllvm -pass-remarks=reflow|pasta|unroll|inline -fno-limit-debug-info -fhls -flto -fno-exceptions -Wno-error=c++11-narrowing -hls-emit-hint-scope /scratch/emettner/tachep-fpga-project-26/calorimeter/solution1/.autopilot/db/calorimeter.pp.0.cpp -fno-math-errno -c -emit-llvm -mllvm -disable-llvm-optzns -Werror=implicit-function-declaration -Werror=implicit-hls-streams -Werror=return-type -Wpragmas -Wunused-parameter -Wdump-hls-pragmas -Wno-error=dump-hls-pragmas -hls-clock-period=25 -fno-threadsafe-statics -fno-use-cxa-atexit -std=gnu++14 -target fpga64-xilinx-linux-gnu -D__VITIS_HLS__ -DAESL_SYN -D__SYNTHESIS__ -D__HLS_SYN__ -I /opt/Xilinx/Vitis_HLS/2024.1/common/technology/autopilot -I /opt/Xilinx/Vitis_HLS/2024.1/common/technology/autopilot/ap_sysc -include etc/autopilot_ssdm_op.h -D__DSP48E2__ -g -o /scratch/emettner/tachep-fpga-project-26/calorimeter/solution1/.autopilot/db/calorimeter.bc -hls-platform-db-name=/opt/Xilinx/Vitis_HLS/2024.1/common/technology/xilinx/common/platform.db -hls-platform-name=virtexuplus_medium -device-resource-info=BRAM_5376.000000_DSP_12288.000000_FF_3456000.000000_LUT_1728000.000000_SLICE_216000.000000_SLR_4.000000_URAM_1280.000000 -device-name-info=xcvu13p-fsga2577-2-e > /scratch/emettner/tachep-fpga-project-26/calorimeter/solution1/.autopilot/db/calorimeter.pp.0.cpp.clang.out.log 2> /scratch/emettner/tachep-fpga-project-26/calorimeter/solution1/.autopilot/db/calorimeter.pp.0.cpp.clang.err.log
INFO: [HLS 200-111] Finished Source Code Analysis and Preprocessing: CPU user time: 7.56 seconds. CPU system time: 1.2 seconds. Elapsed time: 8.97 seconds; current allocated memory: 379.223 MB.
INFO-FLOW: Linking Debug ...
INFO-FLOW: Linking dut bc code.
Execute         run_link_or_opt -out /scratch/emettner/tachep-fpga-project-26/calorimeter/solution1/.autopilot/db/a.g.ld.0.bc -args  "/scratch/emettner/tachep-fpga-project-26/calorimeter/solution1/.autopilot/db/calorimeter.g.bc"  
INFO-FLOW: run_clang exec: /opt/Xilinx/Vitis_HLS/2024.1/lnx64/tools/clang-3.9-csynth/bin/llvm-link /scratch/emettner/tachep-fpga-project-26/calorimeter/solution1/.autopilot/db/calorimeter.g.bc -o /scratch/emettner/tachep-fpga-project-26/calorimeter/solution1/.autopilot/db/a.g.ld.0.bc > /scratch/emettner/tachep-fpga-project-26/calorimeter/solution1/.autopilot/db/a.g.ld.0.bc.llvm-link.out.log 2> /scratch/emettner/tachep-fpga-project-26/calorimeter/solution1/.autopilot/db/a.g.ld.0.bc.llvm-link.err.log
INFO-FLOW: 
Execute         run_link_or_opt -opt -out /scratch/emettner/tachep-fpga-project-26/calorimeter/solution1/.autopilot/db/a.g.ld.1.lower.bc -args /scratch/emettner/tachep-fpga-project-26/calorimeter/solution1/.autopilot/db/a.g.ld.0.bc -reflow-lower-math-intrinsics 
INFO-FLOW: run_clang exec: /opt/Xilinx/Vitis_HLS/2024.1/lnx64/tools/clang-3.9-csynth/bin/opt -pass-remarks-missed=reflow|pasta|unroll -pass-remarks=reflow|pasta|unroll|inline -pass-remarks-output=/scratch/emettner/tachep-fpga-project-26/calorimeter/solution1/.autopilot/db/a.g.ld.1.lower.bc.opt.diag.yml /scratch/emettner/tachep-fpga-project-26/calorimeter/solution1/.autopilot/db/a.g.ld.0.bc -reflow-lower-math-intrinsics -o /scratch/emettner/tachep-fpga-project-26/calorimeter/solution1/.autopilot/db/a.g.ld.1.lower.bc > /scratch/emettner/tachep-fpga-project-26/calorimeter/solution1/.autopilot/db/a.g.ld.1.lower.bc.opt.out.log 2> /scratch/emettner/tachep-fpga-project-26/calorimeter/solution1/.autopilot/db/a.g.ld.1.lower.bc.opt.err.log
INFO-FLOW: 
INFO-FLOW: Running: gen_design_size_report post-opt
INFO-FLOW: Done: gen_design_size_report post-opt time: 0 seconds per iteration
INFO-FLOW: Linking math bc lib
Execute         run_link_or_opt -out /scratch/emettner/tachep-fpga-project-26/calorimeter/solution1/.autopilot/db/a.g.ld.2.m1.bc -args /scratch/emettner/tachep-fpga-project-26/calorimeter/solution1/.autopilot/db/a.g.ld.1.lower.bc -only-needed /opt/Xilinx/Vitis_HLS/2024.1/lnx64/lib/libhlsm_39.bc /opt/Xilinx/Vitis_HLS/2024.1/lnx64/lib/libhlsmc++_39.bc 
INFO-FLOW: run_clang exec: /opt/Xilinx/Vitis_HLS/2024.1/lnx64/tools/clang-3.9-csynth/bin/llvm-link /scratch/emettner/tachep-fpga-project-26/calorimeter/solution1/.autopilot/db/a.g.ld.1.lower.bc -only-needed /opt/Xilinx/Vitis_HLS/2024.1/lnx64/lib/libhlsm_39.bc /opt/Xilinx/Vitis_HLS/2024.1/lnx64/lib/libhlsmc++_39.bc -o /scratch/emettner/tachep-fpga-project-26/calorimeter/solution1/.autopilot/db/a.g.ld.2.m1.bc > /scratch/emettner/tachep-fpga-project-26/calorimeter/solution1/.autopilot/db/a.g.ld.2.m1.bc.llvm-link.out.log 2> /scratch/emettner/tachep-fpga-project-26/calorimeter/solution1/.autopilot/db/a.g.ld.2.m1.bc.llvm-link.err.log
INFO-FLOW: 
Command         run_link_or_opt done; 2.38 sec.
Execute         run_link_or_opt -opt -out /scratch/emettner/tachep-fpga-project-26/calorimeter/solution1/.autopilot/db/a.g.ld.3.fpc.bc -args /scratch/emettner/tachep-fpga-project-26/calorimeter/solution1/.autopilot/db/a.g.ld.2.m1.bc -reflow-globaldce -hls-top-function-name=calo_trigger_ref -reflow-float-conversion 
INFO-FLOW: run_clang exec: /opt/Xilinx/Vitis_HLS/2024.1/lnx64/tools/clang-3.9-csynth/bin/opt -pass-remarks-missed=reflow|pasta|unroll -pass-remarks=reflow|pasta|unroll|inline -pass-remarks-output=/scratch/emettner/tachep-fpga-project-26/calorimeter/solution1/.autopilot/db/a.g.ld.3.fpc.bc.opt.diag.yml /scratch/emettner/tachep-fpga-project-26/calorimeter/solution1/.autopilot/db/a.g.ld.2.m1.bc -reflow-globaldce -hls-top-function-name=calo_trigger_ref -reflow-float-conversion -o /scratch/emettner/tachep-fpga-project-26/calorimeter/solution1/.autopilot/db/a.g.ld.3.fpc.bc > /scratch/emettner/tachep-fpga-project-26/calorimeter/solution1/.autopilot/db/a.g.ld.3.fpc.bc.opt.out.log 2> /scratch/emettner/tachep-fpga-project-26/calorimeter/solution1/.autopilot/db/a.g.ld.3.fpc.bc.opt.err.log
INFO-FLOW: 
INFO-FLOW: Running: gen_design_size_report post-opt
INFO-FLOW: Done: gen_design_size_report post-opt time: 0 seconds per iteration
Command         run_link_or_opt done; 1.06 sec.
Execute         run_link_or_opt -out /scratch/emettner/tachep-fpga-project-26/calorimeter/solution1/.autopilot/db/a.g.ld.4.m2.bc -args /scratch/emettner/tachep-fpga-project-26/calorimeter/solution1/.autopilot/db/a.g.ld.3.fpc.bc -only-needed /opt/Xilinx/Vitis_HLS/2024.1/lnx64/lib/libfloatconversion_39.bc 
INFO-FLOW: run_clang exec: /opt/Xilinx/Vitis_HLS/2024.1/lnx64/tools/clang-3.9-csynth/bin/llvm-link /scratch/emettner/tachep-fpga-project-26/calorimeter/solution1/.autopilot/db/a.g.ld.3.fpc.bc -only-needed /opt/Xilinx/Vitis_HLS/2024.1/lnx64/lib/libfloatconversion_39.bc -o /scratch/emettner/tachep-fpga-project-26/calorimeter/solution1/.autopilot/db/a.g.ld.4.m2.bc > /scratch/emettner/tachep-fpga-project-26/calorimeter/solution1/.autopilot/db/a.g.ld.4.m2.bc.llvm-link.out.log 2> /scratch/emettner/tachep-fpga-project-26/calorimeter/solution1/.autopilot/db/a.g.ld.4.m2.bc.llvm-link.err.log
INFO-FLOW: 
Execute         run_link_or_opt -opt -out /scratch/emettner/tachep-fpga-project-26/calorimeter/solution1/.autopilot/db/a.g.ld.5.gdce.bc -args /scratch/emettner/tachep-fpga-project-26/calorimeter/solution1/.autopilot/db/a.g.ld.4.m2.bc -reflow-globaldce -hls-top-function-name=calo_trigger_ref 
INFO-FLOW: run_clang exec: /opt/Xilinx/Vitis_HLS/2024.1/lnx64/tools/clang-3.9-csynth/bin/opt -pass-remarks-missed=reflow|pasta|unroll -pass-remarks=reflow|pasta|unroll|inline -pass-remarks-output=/scratch/emettner/tachep-fpga-project-26/calorimeter/solution1/.autopilot/db/a.g.ld.5.gdce.bc.opt.diag.yml /scratch/emettner/tachep-fpga-project-26/calorimeter/solution1/.autopilot/db/a.g.ld.4.m2.bc -reflow-globaldce -hls-top-function-name=calo_trigger_ref -o /scratch/emettner/tachep-fpga-project-26/calorimeter/solution1/.autopilot/db/a.g.ld.5.gdce.bc > /scratch/emettner/tachep-fpga-project-26/calorimeter/solution1/.autopilot/db/a.g.ld.5.gdce.bc.opt.out.log 2> /scratch/emettner/tachep-fpga-project-26/calorimeter/solution1/.autopilot/db/a.g.ld.5.gdce.bc.opt.err.log
INFO-FLOW: 
INFO-FLOW: Running: gen_design_size_report post-opt
INFO-FLOW: Done: gen_design_size_report post-opt time: 0 seconds per iteration
Execute         send_msg_by_id INFO @200-777@%s Vivado 
INFO: [HLS 200-777] Using interface defaults for 'Vivado' flow target.
Execute         is_m_axi_addr64 
INFO-FLOW: Doing LTO.
INFO-FLOW: run_clang (background poll_ms 5000) exec: /opt/Xilinx/Vitis_HLS/2024.1/lnx64/tools/clang-3.9-csynth/bin/clang -foptimization-record-file=/scratch/emettner/tachep-fpga-project-26/calorimeter/solution1/.autopilot/db/a.g.ld.0.bc.clang.reflow.diag.yml -mllvm -pass-remarks-missed=reflow|pasta|unroll -mllvm -pass-remarks=reflow|pasta|unroll|inline -fhls -mllvm -hls-top-function-name=calo_trigger_ref -mllvm -hls-db-dir -mllvm /scratch/emettner/tachep-fpga-project-26/calorimeter/solution1/.autopilot/db -emit-llvm -c -target fpga64-xilinx-none -mllvm -xcl-xmlinfo=/scratch/emettner/tachep-fpga-project-26/calorimeter/solution1/.autopilot/db/kernel.internal.xml -mllvm -top-io-mapping-info=/scratch/emettner/tachep-fpga-project-26/calorimeter/solution1/.autopilot/db/top-io-fe.xml -mllvm -hls-bitcode-version=3.1 -mllvm -reflow-enable-slave-interface-default-setting=true -mllvm -gen-kernel-xml=false -mllvm -default-maxi-offset=slave -mllvm -maxi-latency=0 -mllvm -hls-maxi-data-size-in-bits=8 -mllvm -hls-maxi-max-data-size-in-bits=1024 -mllvm -hls-max-widen-size-in-bits=0 -mllvm -xcl-kernel-max-mem-ports=0 -mllvm -maxi-read-trans=16 -mllvm -maxi-write-trans=16 -mllvm -maxi-read-burst-len=16 -mllvm -maxi-write-burst-len=16 -mllvm -reflow-enable-saxi-64bits=0 -mllvm -reflow-basic-block-instr-threshold=200000 -mllvm -reflow-auto-pipeline-threshold=64 -mllvm -reflow-enable-maxi-auto-id-channel=0 -mllvm -enable-fp-thr=0 -mllvm -reflow-bdd-simplify-threshold=1048576 -mllvm -reflow-fanout-threshold=16 -mllvm -reflow-complete-threshold=4 -mllvm -reflow-array-promotion-threshold=64 -mllvm -assume-maxi-align=1 -mllvm -reflow-enable-dataflow-strict-mode-checking=1 -ftime-report -mllvm -time-passes -mllvm -reflow-auto-array-partition-mode=default -mllvm -reflow-enable-auto-small-array-partition=true -mllvm -reflow-enable-auto-array-partition-for-flatten=true -mllvm -reflow-enable-auto-parallel-performance-driven=true -mllvm -reflow-enable-partition-for-automation=true -mllvm -reflow-aggregate-bitwidth-threshold=4096 -mllvm -reflow-reserved-saxilite-registers=0 -mllvm -enable-reflow-auto-loop-pipeline -mllvm -reflow-max-unroll-threshold=409600 -mllvm -auto-unroll-tripcount-threshold=0 -mllvm -reflow-assume-no-address-wrap=true -mllvm -reflow-enable-occurrence-inference=true -mllvm -reflow-emit-hint-scope=true -mllvm -reflow-enable-codegen-with-if=true -mllvm -hls -mllvm -disable-inlined-alloca-merging=true -mllvm -default-clock-period=25 -mllvm -use_read_first_ram_in_loop=1 -mllvm -default-clock-uncertainty=6.75 -x ir /scratch/emettner/tachep-fpga-project-26/calorimeter/solution1/.autopilot/db/a.g.ld.5.gdce.bc -o /scratch/emettner/tachep-fpga-project-26/calorimeter/solution1/.autopilot/db/a.g.lto.bc -hls-platform-db-name=/opt/Xilinx/Vitis_HLS/2024.1/common/technology/xilinx/common/platform.db -hls-platform-name=virtexuplus_medium -device-resource-info=BRAM_5376.000000_DSP_12288.000000_FF_3456000.000000_LUT_1728000.000000_SLICE_216000.000000_SLR_4.000000_URAM_1280.000000 -device-name-info=xcvu13p-fsga2577-2-e 2> /scratch/emettner/tachep-fpga-project-26/calorimeter/solution1/.autopilot/db/a.g.ld.0.bc.clang.reflow.err.log bg_poll_cmd: ::AP::poll_clang_39_closed_source
Execute         send_msg_by_id INFO @200-1995@%s%s%s 1,586 Compile/Link /scratch/emettner/tachep-fpga-project-26/calorimeter/solution1/syn/report/csynth_design_size.rpt 
INFO: [HLS 200-1995] There were 1,586 instructions in the design after the 'Compile/Link' phase of compilation. See the Design Size Report for more details: /scratch/emettner/tachep-fpga-project-26/calorimeter/solution1/syn/report/csynth_design_size.rpt
Execute         send_msg_by_id INFO @200-1995@%s%s%s 2,361 Unroll/Inline (step 1) /scratch/emettner/tachep-fpga-project-26/calorimeter/solution1/syn/report/csynth_design_size.rpt 
INFO: [HLS 200-1995] There were 2,361 instructions in the design after the 'Unroll/Inline (step 1)' phase of compilation. See the Design Size Report for more details: /scratch/emettner/tachep-fpga-project-26/calorimeter/solution1/syn/report/csynth_design_size.rpt
Execute         send_msg_by_id INFO @200-1995@%s%s%s 1,417 Unroll/Inline (step 2) /scratch/emettner/tachep-fpga-project-26/calorimeter/solution1/syn/report/csynth_design_size.rpt 
INFO: [HLS 200-1995] There were 1,417 instructions in the design after the 'Unroll/Inline (step 2)' phase of compilation. See the Design Size Report for more details: /scratch/emettner/tachep-fpga-project-26/calorimeter/solution1/syn/report/csynth_design_size.rpt
Execute         send_msg_by_id INFO @200-1995@%s%s%s 1,031 Unroll/Inline (step 3) /scratch/emettner/tachep-fpga-project-26/calorimeter/solution1/syn/report/csynth_design_size.rpt 
INFO: [HLS 200-1995] There were 1,031 instructions in the design after the 'Unroll/Inline (step 3)' phase of compilation. See the Design Size Report for more details: /scratch/emettner/tachep-fpga-project-26/calorimeter/solution1/syn/report/csynth_design_size.rpt
Execute         send_msg_by_id INFO @200-1995@%s%s%s 1,016 Unroll/Inline (step 4) /scratch/emettner/tachep-fpga-project-26/calorimeter/solution1/syn/report/csynth_design_size.rpt 
INFO: [HLS 200-1995] There were 1,016 instructions in the design after the 'Unroll/Inline (step 4)' phase of compilation. See the Design Size Report for more details: /scratch/emettner/tachep-fpga-project-26/calorimeter/solution1/syn/report/csynth_design_size.rpt
Execute         send_msg_by_id INFO @200-1995@%s%s%s 1,604 Array/Struct (step 1) /scratch/emettner/tachep-fpga-project-26/calorimeter/solution1/syn/report/csynth_design_size.rpt 
INFO: [HLS 200-1995] There were 1,604 instructions in the design after the 'Array/Struct (step 1)' phase of compilation. See the Design Size Report for more details: /scratch/emettner/tachep-fpga-project-26/calorimeter/solution1/syn/report/csynth_design_size.rpt
Execute         send_msg_by_id INFO @200-1995@%s%s%s 1,298 Array/Struct (step 2) /scratch/emettner/tachep-fpga-project-26/calorimeter/solution1/syn/report/csynth_design_size.rpt 
INFO: [HLS 200-1995] There were 1,298 instructions in the design after the 'Array/Struct (step 2)' phase of compilation. See the Design Size Report for more details: /scratch/emettner/tachep-fpga-project-26/calorimeter/solution1/syn/report/csynth_design_size.rpt
Execute         send_msg_by_id INFO @200-1995@%s%s%s 2,045 Array/Struct (step 3) /scratch/emettner/tachep-fpga-project-26/calorimeter/solution1/syn/report/csynth_design_size.rpt 
INFO: [HLS 200-1995] There were 2,045 instructions in the design after the 'Array/Struct (step 3)' phase of compilation. See the Design Size Report for more details: /scratch/emettner/tachep-fpga-project-26/calorimeter/solution1/syn/report/csynth_design_size.rpt
Execute         send_msg_by_id INFO @200-1995@%s%s%s 1,741 Array/Struct (step 4) /scratch/emettner/tachep-fpga-project-26/calorimeter/solution1/syn/report/csynth_design_size.rpt 
INFO: [HLS 200-1995] There were 1,741 instructions in the design after the 'Array/Struct (step 4)' phase of compilation. See the Design Size Report for more details: /scratch/emettner/tachep-fpga-project-26/calorimeter/solution1/syn/report/csynth_design_size.rpt
Execute         send_msg_by_id INFO @200-1995@%s%s%s 2,020 Array/Struct (step 5) /scratch/emettner/tachep-fpga-project-26/calorimeter/solution1/syn/report/csynth_design_size.rpt 
INFO: [HLS 200-1995] There were 2,020 instructions in the design after the 'Array/Struct (step 5)' phase of compilation. See the Design Size Report for more details: /scratch/emettner/tachep-fpga-project-26/calorimeter/solution1/syn/report/csynth_design_size.rpt
Execute         send_msg_by_id INFO @200-1995@%s%s%s 1,673 Performance (step 1) /scratch/emettner/tachep-fpga-project-26/calorimeter/solution1/syn/report/csynth_design_size.rpt 
INFO: [HLS 200-1995] There were 1,673 instructions in the design after the 'Performance (step 1)' phase of compilation. See the Design Size Report for more details: /scratch/emettner/tachep-fpga-project-26/calorimeter/solution1/syn/report/csynth_design_size.rpt
Execute         send_msg_by_id INFO @200-1995@%s%s%s 1,515 Performance (step 2) /scratch/emettner/tachep-fpga-project-26/calorimeter/solution1/syn/report/csynth_design_size.rpt 
INFO: [HLS 200-1995] There were 1,515 instructions in the design after the 'Performance (step 2)' phase of compilation. See the Design Size Report for more details: /scratch/emettner/tachep-fpga-project-26/calorimeter/solution1/syn/report/csynth_design_size.rpt
Execute         send_msg_by_id INFO @200-1995@%s%s%s 1,514 Performance (step 3) /scratch/emettner/tachep-fpga-project-26/calorimeter/solution1/syn/report/csynth_design_size.rpt 
INFO: [HLS 200-1995] There were 1,514 instructions in the design after the 'Performance (step 3)' phase of compilation. See the Design Size Report for more details: /scratch/emettner/tachep-fpga-project-26/calorimeter/solution1/syn/report/csynth_design_size.rpt
Execute         send_msg_by_id INFO @200-1995@%s%s%s 1,514 Performance (step 4) /scratch/emettner/tachep-fpga-project-26/calorimeter/solution1/syn/report/csynth_design_size.rpt 
INFO: [HLS 200-1995] There were 1,514 instructions in the design after the 'Performance (step 4)' phase of compilation. See the Design Size Report for more details: /scratch/emettner/tachep-fpga-project-26/calorimeter/solution1/syn/report/csynth_design_size.rpt
Execute         send_msg_by_id INFO @200-1995@%s%s%s 1,536 HW Transforms (step 1) /scratch/emettner/tachep-fpga-project-26/calorimeter/solution1/syn/report/csynth_design_size.rpt 
INFO: [HLS 200-1995] There were 1,536 instructions in the design after the 'HW Transforms (step 1)' phase of compilation. See the Design Size Report for more details: /scratch/emettner/tachep-fpga-project-26/calorimeter/solution1/syn/report/csynth_design_size.rpt
Execute         send_msg_by_id INFO @200-1995@%s%s%s 1,563 HW Transforms (step 2) /scratch/emettner/tachep-fpga-project-26/calorimeter/solution1/syn/report/csynth_design_size.rpt 
INFO: [HLS 200-1995] There were 1,563 instructions in the design after the 'HW Transforms (step 2)' phase of compilation. See the Design Size Report for more details: /scratch/emettner/tachep-fpga-project-26/calorimeter/solution1/syn/report/csynth_design_size.rpt
INFO: [HLS 214-131] Inlining function 'wrap_phi(int)' into 'bool is_local_maximum<3>(ap_uint<12> const (*) [60], int, int)' (./calorimeter.h:185:31)
INFO: [HLS 214-131] Inlining function 'wrap_phi(int)' into 'ap_uint<20> window_sum<3>(ap_uint<12> const (*) [60], int, int)' (./calorimeter.h:156:27)
INFO: [HLS 214-131] Inlining function 'wrap_phi(int)' into 'ap_uint<20> window_sum<5>(ap_uint<12> const (*) [60], int, int)' (./calorimeter.h:156:27)
INFO: [HLS 214-131] Inlining function 'ap_uint<20> window_sum<5>(ap_uint<12> const (*) [60], int, int)' into 'ap_uint<20> isolation_sum<3, 5>(ap_uint<12> const (*) [60], int, int)' (./calorimeter.h:211:9)
INFO: [HLS 214-131] Inlining function 'ap_uint<20> window_sum<3>(ap_uint<12> const (*) [60], int, int)' into 'ap_uint<20> isolation_sum<3, 5>(ap_uint<12> const (*) [60], int, int)' (./calorimeter.h:211:49)
INFO: [HLS 214-131] Inlining function 'ap_uint<20> isolation_sum<3, 5>(ap_uint<12> const (*) [60], int, int)' into 'void find_clusters<3, 5>(ap_uint<12> const (*) [60], ap_uint<12>, ap_uint<20>, Cluster*, int&)' (./calorimeter.h:254:41)
INFO: [HLS 214-131] Inlining function 'ap_uint<20> window_sum<3>(ap_uint<12> const (*) [60], int, int)' into 'void find_clusters<3, 5>(ap_uint<12> const (*) [60], ap_uint<12>, ap_uint<20>, Cluster*, int&)' (./calorimeter.h:246:39)
INFO: [HLS 214-131] Inlining function 'bool is_local_maximum<3>(ap_uint<12> const (*) [60], int, int)' into 'void find_clusters<3, 5>(ap_uint<12> const (*) [60], ap_uint<12>, ap_uint<20>, Cluster*, int&)' (./calorimeter.h:241:18)
INFO: [HLS 214-131] Inlining function 'cluster_is_better(Cluster const&, Cluster const&)' into 'select_top_n(Cluster const*, int, Cluster*)' (calorimeter.cpp:133:43)
INFO: [HLS 214-291] Loop 'VITIS_LOOP_132_1' is marked as complete unroll implied by the pipeline pragma (calorimeter.cpp:132:27)
INFO: [HLS 214-291] Loop 'VITIS_LOOP_135_2' is marked as complete unroll implied by the pipeline pragma (calorimeter.cpp:135:35)
INFO: [HLS 214-291] Loop 'LOCAL_ETA' is marked as complete unroll implied by the pipeline pragma (./calorimeter.h:175:16)
INFO: [HLS 214-291] Loop 'LOCAL_PHI' is marked as complete unroll implied by the pipeline pragma (./calorimeter.h:177:13)
INFO: [HLS 214-291] Loop 'WIN_ETA' is marked as complete unroll implied by the pipeline pragma (./calorimeter.h:148:14)
INFO: [HLS 214-291] Loop 'WIN_PHI' is marked as complete unroll implied by the pipeline pragma (./calorimeter.h:150:11)
INFO: [HLS 214-186] Unrolling loop 'VITIS_LOOP_163_1' (calorimeter.cpp:163:20) in function 'build_trigger_objects' completely with a factor of 8 (calorimeter.cpp:160:0)
INFO: [HLS 214-186] Unrolling loop 'VITIS_LOOP_132_1' (calorimeter.cpp:132:27) in function 'select_top_n' completely with a factor of 8 (calorimeter.cpp:107:0)
INFO: [HLS 214-186] Unrolling loop 'INIT_TOP' (calorimeter.cpp:110:12) in function 'select_top_n' completely with a factor of 8 (calorimeter.cpp:107:0)
INFO: [HLS 214-186] Unrolling loop 'LOCAL_ETA' (./calorimeter.h:175:16) in function 'find_clusters<3, 5>' completely with a factor of 3 (./calorimeter.h:224:0)
INFO: [HLS 214-186] Unrolling loop 'LOCAL_PHI' (./calorimeter.h:177:13) in function 'find_clusters<3, 5>' completely with a factor of 3 (./calorimeter.h:224:0)
INFO: [HLS 214-186] Unrolling loop 'WIN_ETA' (./calorimeter.h:148:14) in function 'find_clusters<3, 5>' completely with a factor of 3 (./calorimeter.h:224:0)
INFO: [HLS 214-186] Unrolling loop 'WIN_PHI' (./calorimeter.h:150:11) in function 'find_clusters<3, 5>' completely with a factor of 3 (./calorimeter.h:224:0)
INFO: [HLS 214-186] Unrolling loop 'WIN_ETA' (./calorimeter.h:148:14) in function 'find_clusters<3, 5>' completely with a factor of 5 (./calorimeter.h:224:0)
INFO: [HLS 214-186] Unrolling loop 'WIN_PHI' (./calorimeter.h:150:11) in function 'find_clusters<3, 5>' completely with a factor of 5 (./calorimeter.h:224:0)
INFO: [HLS 214-178] Inlining function 'find_clusters_3x3_iso5(ap_uint<12> const (*) [60], ap_uint<12>, ap_uint<20>, Cluster*, int&)' into 'run_reference_trigger_3x3_iso5(ap_uint<12> const (*) [60], ap_uint<12>, ap_uint<20>, Cluster*, int&, Cluster*, TriggerObject*, ap_uint<24>&)' (calorimeter.cpp:11:0)
INFO: [HLS 214-178] Inlining function 'compute_ht(ap_uint<12> const (*) [60])' into 'run_reference_trigger_3x3_iso5(ap_uint<12> const (*) [60], ap_uint<12>, ap_uint<20>, Cluster*, int&, Cluster*, TriggerObject*, ap_uint<24>&)' (calorimeter.cpp:11:0)
INFO: [HLS 214-178] Inlining function 'run_reference_trigger_3x3_iso5(ap_uint<12> const (*) [60], ap_uint<12>, ap_uint<20>, Cluster*, int&, Cluster*, TriggerObject*, ap_uint<24>&)' into 'calo_trigger_ref(ap_uint<12> const (*) [60], ap_uint<12>, ap_uint<20>, TriggerObject*, ap_uint<24>*, int*)' (calorimeter.cpp:202:0)
INFO: [HLS 214-248] Applying array_partition to 'top_clusters.et': Complete partitioning on dimension 1. (calorimeter.cpp:214:13)
INFO: [HLS 214-248] Applying array_partition to 'top_clusters.isolation_et': Complete partitioning on dimension 1. (calorimeter.cpp:214:13)
INFO: [HLS 214-248] Applying array_partition to 'top_clusters.eta': Complete partitioning on dimension 1. (calorimeter.cpp:214:13)
INFO: [HLS 214-248] Applying array_partition to 'top_clusters.phi': Complete partitioning on dimension 1. (calorimeter.cpp:214:13)
INFO: [HLS 214-248] Applying array_partition to 'top_clusters.window_size': Complete partitioning on dimension 1. (calorimeter.cpp:214:13)
INFO: [HLS 214-248] Applying array_partition to 'top_clusters.iso_outer_size': Complete partitioning on dimension 1. (calorimeter.cpp:214:13)
INFO: [HLS 214-248] Applying array_partition to 'top_clusters.valid': Complete partitioning on dimension 1. (calorimeter.cpp:214:13)
INFO: [HLS 214-248] Applying array_partition to 'objects': Complete partitioning on dimension 1. (calorimeter.cpp:202:0)
INFO: [HLS 214-241] Aggregating scalar variable 'objects_7' with compact=bit mode in 89-bits (calorimeter.cpp:202:0)
INFO: [HLS 214-241] Aggregating scalar variable 'objects_6' with compact=bit mode in 89-bits (calorimeter.cpp:202:0)
INFO: [HLS 214-241] Aggregating scalar variable 'objects_5' with compact=bit mode in 89-bits (calorimeter.cpp:202:0)
INFO: [HLS 214-241] Aggregating scalar variable 'objects_4' with compact=bit mode in 89-bits (calorimeter.cpp:202:0)
INFO: [HLS 214-241] Aggregating scalar variable 'objects_3' with compact=bit mode in 89-bits (calorimeter.cpp:202:0)
INFO: [HLS 214-241] Aggregating scalar variable 'objects_2' with compact=bit mode in 89-bits (calorimeter.cpp:202:0)
INFO: [HLS 214-241] Aggregating scalar variable 'objects_1' with compact=bit mode in 89-bits (calorimeter.cpp:202:0)
INFO: [HLS 214-241] Aggregating scalar variable 'objects_0' with compact=bit mode in 89-bits (calorimeter.cpp:202:0)
INFO: [HLS 214-241] Aggregating bram variable 'grid' with compact=bit mode in 12-bits (calorimeter.cpp:202:0)
WARNING: [HLS 214-187] Cannot unroll loop 'VITIS_LOOP_135_2' (calorimeter.cpp:135:35) in function 'select_top_n' as it has a variable trip count (calorimeter.cpp:135:35)
INFO-FLOW: DBG:PUTS: copy_raw_kernel_xml ap_link_39: kernel.xml not generated: /scratch/emettner/tachep-fpga-project-26/calorimeter/solution1/.autopilot/db/kernel.internal.xml
INFO: [HLS 200-111] Finished Compiling Optimization and Transform: CPU user time: 6.75 seconds. CPU system time: 1.09 seconds. Elapsed time: 10.25 seconds; current allocated memory: 389.355 MB.
INFO: [HLS 200-111] Finished Checking Pragmas: CPU user time: 0 seconds. CPU system time: 0 seconds. Elapsed time: 0 seconds; current allocated memory: 389.355 MB.
Execute         opt_and_import_c a -opt_level=2 -skip_syncheck=0 -ng=0 -keep_printf=0 
Execute           cleanup_all_models 
INFO: [HLS 200-10] Starting code transformations ...
INFO-FLOW: Running Standard Transforms...
Execute           transform -hls -share-std-xform -demangle-name -inline-byval-memcpy -always-inline -promote-dbg-pointer -interface-preproc -mem2reg -scalarrepl -mem2reg -keep-read-access -instcombine -dce -promote-dbg-pointer -bitop-raise -loop-simplify -indvarspre -indvars -loop-simplify -constprop -instcombine -simplifycfg -indvars -simplifycfg -dce -globaldce -basicaa -simplifycfg -mem2reg -globalopt -global-constprop -deadargelim -instcombine -simplifycfg -scalarrepl -instcombine -reassociate -licm -simplifycfg -loop-simplify -indvars -instcombine -simplifycfg -mem2reg -loop-simplify -indvars -instcombine -gvn -gvn -instcombine -adce -break-crit-edges -simplifycfg -loop-delete -global-array-opt -dce -dse -adce -find-syn-modules -top calo_trigger_ref -deadargelim -mem2reg -instcombine -dce -presyn-prepare -interface-preproc -syn-check -check-rec-only -find-region -simplifycfg -func-extr -function-inline -globaldce -mem2reg -instcombine -dce -gvn -globaldce -adce -adse -constprop -instcombine -bit-constprop -instcombine -dce -simplifycfg -bitop-raise -simplifycfg -dce -loop-delete -reassociate -globalopt -global-privatize -mem2reg -dce -global-constprop -pointer-simplify -constprop -dce -promote-dbg-pointer -norm-name /scratch/emettner/tachep-fpga-project-26/calorimeter/solution1/.autopilot/db/a.g.0.bc -o /scratch/emettner/tachep-fpga-project-26/calorimeter/solution1/.autopilot/db/a.g.1.bc -f -phase std-opt 
Command           transform done; 0.14 sec.
INFO: [HLS 200-111] Finished Standard Transforms: CPU user time: 0.13 seconds. CPU system time: 0.01 seconds. Elapsed time: 0.15 seconds; current allocated memory: 390.574 MB.
INFO: [HLS 200-10] Checking synthesizability ...
INFO-FLOW: Checking Synthesizability 1/2..
Execute           transform -hls -syn-check -check-rec-only -scalarrepl -norm-name -dce -mem2reg -instcombine -directive-preproc -mem2reg -dse -dce -dce -pag -array-normalize -instcombine -dce -array-seg-normalize -instcombine -dce -data-pack -instcombine -dce -inst-simplify -array-flatten -instcombine -dce -array-burst -dce -deadargelim -promote-global-argument -simplifycfg -mem2reg -globaldce -dce -deadargelim -dce -instcombine -function-inline -globaldce -dce -doublePtrSimplify -doublePtrElim -dce -doublePtrSimplify -promote-dbg-pointer -dce -scalarrepl -dse -adse -instcombine -ptrLegalization -simplifycfg -dce -instcombine -pointer-simplify -ptrArgReplace -dce -instcombine -resolve-double-ptr -scalarrepl -norm-name -dce -mem2reg -instcombine -ptrLegalization -simplifycfg -deadargelim -instcombine -dce -inst-simplify -directive-preproc -mem2reg -dse -dce -globaldce /scratch/emettner/tachep-fpga-project-26/calorimeter/solution1/.autopilot/db/a.g.1.bc -o /scratch/emettner/tachep-fpga-project-26/calorimeter/solution1/.autopilot/db/a.g.2.prechk.bc -f 
Command           transform done; 0.13 sec.
INFO-FLOW: Checking Synthesizability 2/2..
Execute           transform -syn-check /scratch/emettner/tachep-fpga-project-26/calorimeter/solution1/.autopilot/db/a.g.2.prechk.bc -o /scratch/emettner/tachep-fpga-project-26/calorimeter/solution1/.autopilot/db/a.g.2.bc -f -phase syn-check 
INFO: [HLS 200-111] Finished Checking Synthesizability: CPU user time: 0.15 seconds. CPU system time: 0.01 seconds. Elapsed time: 0.15 seconds; current allocated memory: 392.711 MB.
INFO-FLOW: Compiler optimizing ...
INFO-FLOW: Share syncheck's 1.bc for syn flow: copy /scratch/emettner/tachep-fpga-project-26/calorimeter/solution1/.autopilot/db/a.g.1.bc to /scratch/emettner/tachep-fpga-project-26/calorimeter/solution1/.autopilot/db/a.o.1.bc
INFO-FLOW: Presyn 1...
Execute           transform -hls -tmp /scratch/emettner/tachep-fpga-project-26/calorimeter/solution1/.autopilot/db -interface-port-rename -directive-preproc -mem2reg -dse -dce -scalarrepl -norm-name -deadargelim -mem2reg -instcombine -dce -simplifycfg -dce -resource-proc -clib-intrinsic-prepare -dce -func-buffer -dce -pag -array-normalize -func-legal -instcombine -gvn -constprop -dce -simplifycfg -mem2reg -globaldce -resolve-double-ptr -dce -deadargelim -dce -instcombine -ptrArgReplace -mem2reg -dce -array-seg-normalize -deadargelim -instcombine -dce -directive-preproc -mem2reg -dse -dce -pointer-simplify -dce -port-alignment -dce -interface-preproc -data-pack -instcombine -dce -basicaa -aggr-aa -aggrmodref-aa -aggr-aa -gvn -gvn -basicaa -aggr-aa -aggrmodref-aa -aggr-aa -dse -adse -adce -loop-simplify -indvars -instcombine -gvn -loop-simplify -mem2reg -dce -find-region -instcombine -inst-simplify -interface-preproc -cfgopt -instcombine -indvars -loop-simplify -loop-bound -constprop -instcombine -simplifycfg -indvars -simplifycfg -dce -globaldce -clean-region -attach-range -gvn -inst-simplify -constprop -simplifycfg -dce -pointer-simplify -dce -globalopt -constprop -dce -array-promote -constprop -dce -ptrArgReplace -mem2reg -simplifycfg -dce -instcombine -dce -array-transform-check -array-reshape -instcombine -simplifycfg -dce -ptrArgReplace -deadargelim -mem2reg -instcombine -simplifycfg -dce -indvars -loop-simplify -loop-bound -constprop -instcombine -simplifycfg -indvars -simplifycfg -dce -globaldce -basicaa -aggr-aa -aggrmodref-aa -aggr-aa -dse -duplicate-dataflow-processes -globaldce -instcombine -array-partition -prepare-dynamic-array-partition -instcombine -simplifycfg -dce -ptrArgReplace -global-constprop -deadargelim -mem2reg -func-legal -dce -global-constprop -deadargelim -mem2reg -simplifycfg -dce -merge-param -deadargelim -globalopt -constprop -dce -array-promote -constprop -dce -ptrArgReplace -mem2reg -simplifycfg -dce -mem-intrinsic-preproc -dce -global-internalize -global-privatize -mem2reg -globaldce -lcssa -loop-simplify -phi-select-elim -promote-global-argument -ptrArgReplace -mem2reg -dce -globalopt -mergereturn -simplify-global-access -mem2reg -dce -pointer-simplify -dce -basicaa -aggr-aa -aggrmodref-aa -aggr-aa -functionattrs -basicaa -aggr-aa -aggrmodref-aa -aggr-aa -gvn -gvn -basicaa -aggr-aa -aggrmodref-aa -aggr-aa -dse -adse -adce -dce -norm-name -basicaa -aggr-aa -aggrmodref-aa -aggr-aa -accesses-merge -function-inline -complex-op-raise -inst-simplify -globaldce -func-legal -dce -loop-bound -arraycheck -bitwidthmin2 -bitwidthmin2 -on-by-dataflow -loop-delete -instcombine -simplifycfg -globaldce -dce -gvn -deadargelim -dce -loop-simplify -clean-region -simplifycfg -propagate-stable-arguments -loop-stream -instcombine -simplifycfg -dce -globaldce -duplicate-dataflow-processes -stream-intrinsic-preproc -dce -check-ap-stream -loop-simplify -eliminate-keepreads -extract-dataflow-in-loop -loop-simplify -dce -gvn -deadargelim -dse -duplicate-dataflow-processes -check-dataflow-syntax -legalize-stream-variable -globaldce -legalize-global -extract-subproc -dce -dead-channel-elimination -canonicalize-gep -globaldce -dce -gvn -hls-dead-arg-elim -deadargelim -directive-preproc -canonicalize-dataflow -dce -globaldce -scalar-preprocessing -scalar-propagation2 -scalar-stream -deadargelim -globaldce -mem2reg -check-dataflow-channels -function-stream -dce -globaldce -prop-fifo-spec -internal-stream-gen -canonicalize-gep -globaldce -dce -gvn -deadargelim -mergereturn -indvars -loop-simplify -instcombine -array-stream -array-seg-normalize -array-partition -clean-array-spec -func-legal -instcombine -simplifycfg -dce -bundle-memfifo-ops -deadargelim -directive-preproc -mem2reg -dse -dce -group-axi-access -licm -simplifycfg -dce -loop-delete -hls-display -norm-name /scratch/emettner/tachep-fpga-project-26/calorimeter/solution1/.autopilot/db/a.o.1.bc -o /scratch/emettner/tachep-fpga-project-26/calorimeter/solution1/.autopilot/db/a.o.1.tmp.bc -f 
WARNING: [XFORM 203-561] Updating loop lower bound from 0 to 60 for loop 'FIND_PHI' (./calorimeter.h:233:28) in function 'find_clusters<3, 5>'.
WARNING: [XFORM 203-561] Updating loop lower bound from 0 to 26 for loop 'FIND_ETA' (./calorimeter.h:232:24) in function 'find_clusters<3, 5>'.
Command           transform done; 0.47 sec.
INFO-FLOW: Presyn 2...
Execute           transform -hls -keep-callgraph -scalarrepl -mem2reg -port-alignment -attach-range -dce -pipe-mux-gen -indvars -loop-bound -inst-simplify -instcombine -dce -merge-array-access -mem2reg -dce -clean-region -mergereturn -if-conv -instcombine -dce -constprop -basicaa -aggr-aa -aggrmodref-aa -aggr-aa -gvn -gvn -basicaa -aggr-aa -aggrmodref-aa -aggr-aa -dse -adse -adce -scalarrepl -mem2reg -global-constprop -deadargelim -deadargelim -instcombine -dce -simplifycfg -ptrArgReplace -mem2reg -function-inline -globaldce -mem2reg -instcombine -dce -expr-balance -instcombine -dce -bitwidthmin2 -bitwidthmin2 -interface-preproc -directive-preproc -inst-rectify -instcombine -dce -basicaa -aggr-aa -aggrmodref-aa -aggr-aa -functionattrs -constprop -instcombine -bit-constprop -simplify-global-access -globalopt -globaldce -inst-simplify -instcombine -elimdeaddata -dce -loop-delete -simplifycfg -loop-simplify -barrier -norm-name /scratch/emettner/tachep-fpga-project-26/calorimeter/solution1/.autopilot/db/a.o.1.tmp.bc -o /scratch/emettner/tachep-fpga-project-26/calorimeter/solution1/.autopilot/db/a.o.2.bc -f -phase presyn 
INFO: [XFORM 203-401] Performing if-conversion on hyperblock from (calorimeter.cpp:173:13) to (calorimeter.cpp:193:1) in function 'build_trigger_objects'... converting 17 basic blocks.
INFO: [XFORM 203-602] Inlining function 'build_trigger_objects' into 'calo_trigger_ref' (calorimeter.cpp:14->calorimeter.cpp:220) automatically.
INFO: [XFORM 203-11] Balancing expressions in function 'find_clusters<3, 5>' (./calorimeter.h:132:13)...39 expression(s) balanced.
Command           transform done; 0.31 sec.
INFO: [HLS 200-111] Finished Loop, function and other optimizations: CPU user time: 0.73 seconds. CPU system time: 0.01 seconds. Elapsed time: 0.78 seconds; current allocated memory: 418.148 MB.
Execute           transform -hls -auto-function-inline -globaldce -ptrArgReplace -mem2reg -dce -reset-lda -loop-simplify -indvars -aggr-aa -licm -loop-dep -loop-bound -licm -loop-simplify -loop-sink-hoist -flattenloopnest -array-flatten -gvn -instcombine -dce -array-map -dce -func-legal -gvn -adce -instcombine -cfgopt -simplifycfg-lite -loop-simplify -array-burst -promote-global-argument -dce -array-seg-normalize -basicaa -aggrmodref-aa -globalsmodref-aa -aggr-aa -gvn -gvn -basicaa -aggrmodref-aa -globalsmodref-aa -aggr-aa -dse -adse -adce -licm -inst-simplify -dce -globaldce -instcombine -array-stream -eliminate-keepreads -instcombine -dce -deadargelim -doublePtrSimplify -doublePtrElim -dce -doublePtrSimplify -promote-dbg-pointer -dce -scalarrepl -mem2reg -norm-name -mem2reg -instcombine -dse -adse -adce -ptrLegalization -dce -array-flatten -dce -instcombine -check-doubleptr -loop-rot -constprop -inst-simplify -cfgopt -simplifycfg-lite -loop-simplify -indvars -pointer-simplify -dce -loop-bound -loop-simplify -loop-preproc -constprop -global-constprop -gvn -mem2reg -instcombine -dce -loop-bound -loop-merge -dce -deadargelim -dce -canonicalize-dataflow -dce -deadargelim -globaldce -mem2reg -bram-byte-enable -inst-simplify -inst-rectify -instcombine -adce -deadargelim -load-elim -read-loop-dep -loop-simplify -loop-extract-inner -directive-preproc -bitwidthmin2 -bitwidthmin2 -read-loop-dep -interface-preproc -directive-preproc -interface-gen -bram-byte-enable-spec-prop -mul2addshift -deadargelim -inst-simplify -dce -mem2reg -instcombine -gvn -dce -adse -loop-bound -instcombine -cfgopt -simplifycfg-lite -loop-simplify -clean-region -io-protocol -find-region -mem2reg -bitop-raise -complex-op-raise -inst-simplify -inst-rectify -instcombine -adce -deadargelim -float-op-raise -loop-simplify -phi-opt -bitop-raise -cfgopt -simplifycfg-lite -strip-dead-prototypes -interface-lower -bitop-lower -intrinsic-lower -auto-function-inline -basicaa -aggrmodref-aa -globalsmodref-aa -aggr-aa -inst-simplify -simplifycfg-lite -loop-simplify -mergereturn -inst-simplify -inst-rectify -globaldce -dce -load-elim -bitop-lower -float-op-raise -fma-raise -loop-rewind -pointer-simplify -dce -cfgopt -dce -loop-bound -loop-dep -read-loop-dep -dce -dyn-mem-reuse -dce -recurrence-min -dce -share-scalar-alloca -deadargelim -dce -check-stream -norm-name -legalize -inst-clarity -bitwidth -dce -validate-dataflow -dump-loop-dep-to-ir -check-all-ssdm -dump-complexity-metric /scratch/emettner/tachep-fpga-project-26/calorimeter/solution1/.autopilot/db/a.o.2.bc -o /scratch/emettner/tachep-fpga-project-26/calorimeter/solution1/.autopilot/db/a.o.3.bc -f -phase build-ssdm 
INFO: [HLS 200-2061] Successfully converted nested loops 'FIND_ETA'(./calorimeter.h:232:15) and 'FIND_PHI'(./calorimeter.h:233:19) in function 'find_clusters<3, 5>' into perfectly nested loops.
INFO: [HLS 200-2061] Successfully converted nested loops 'HT_ETA'(calorimeter.cpp:149:13) and 'HT_PHI'(calorimeter.cpp:150:17) in function 'calo_trigger_ref' into perfectly nested loops.
INFO: [XFORM 203-541] Flattening a loop nest 'FIND_ETA' (./calorimeter.h:232:15) in function 'find_clusters<3, 5>'.
INFO: [XFORM 203-541] Flattening a loop nest 'HT_ETA' (calorimeter.cpp:149:13) in function 'calo_trigger_ref'.
Execute             auto_get_db
Command           transform done; 0.44 sec.
INFO-FLOW: Building ssdm...
Execute           transform -hls -cdfg-build /scratch/emettner/tachep-fpga-project-26/calorimeter/solution1/.autopilot/db/a.o.3.bc -o /scratch/emettner/tachep-fpga-project-26/calorimeter/solution1/.autopilot/db/a.o.3.bc -f -phase build-ssdm 
Command           transform done; 0.12 sec.
INFO: [HLS 200-111] Finished Architecture Synthesis: CPU user time: 0.52 seconds. CPU system time: 0.01 seconds. Elapsed time: 0.56 seconds; current allocated memory: 431.707 MB.
INFO-FLOW: Finish building internal data model.
Command         opt_and_import_c done; 1.65 sec.
Command       elaborate done; 20.9 sec.
Execute       ap_eval exec zip -j /scratch/emettner/tachep-fpga-project-26/calorimeter/solution1/.autopilot/db/dut.hcp $dbDir/a.o.3.bc $dbDir/${topname}.rtl_wrap.cfg.tcl $dbDir/apatb_${topname}.cpp $dbDir/apatb_${topname}_util.cpp $dbDir/apatb_${topname}_ir.ll $dbDir/mapper_${topname}.cpp $dbDir/top-io-fe.xml $dbDir/kernel.internal.xml $workdir/../hls.app 
Execute       autosyn -from_csynth_design=1 
INFO: [HLS 200-10] Starting hardware synthesis ...
INFO-FLOW: Synthesizing C/C++ design ...
INFO: [HLS 200-10] Synthesizing 'calo_trigger_ref' ...
Execute         ap_set_top_model calo_trigger_ref 
WARNING: [SYN 201-103] Legalizing function name 'find_clusters<3, 5>' to 'find_clusters_3_5_s'.
Execute         get_model_list calo_trigger_ref -filter all-wo-channel -topdown 
Execute         preproc_iomode -model calo_trigger_ref 
Execute         preproc_iomode -model select_top_n 
Execute         preproc_iomode -model find_clusters<3, 5> 
Execute         get_model_list calo_trigger_ref -filter all-wo-channel 
INFO-FLOW: Model list for configure: {find_clusters<3, 5>} select_top_n calo_trigger_ref
INFO-FLOW: Configuring Module : find_clusters<3, 5> ...
Execute         set_default_model find_clusters<3, 5> 
Execute         apply_spec_resource_limit find_clusters<3, 5> 
INFO-FLOW: Configuring Module : select_top_n ...
Execute         set_default_model select_top_n 
Execute         apply_spec_resource_limit select_top_n 
INFO-FLOW: Configuring Module : calo_trigger_ref ...
Execute         set_default_model calo_trigger_ref 
Execute         apply_spec_resource_limit calo_trigger_ref 
INFO-FLOW: Model list for preprocess: {find_clusters<3, 5>} select_top_n calo_trigger_ref
INFO-FLOW: Preprocessing Module: find_clusters<3, 5> ...
Execute         set_default_model find_clusters<3, 5> 
Execute         cdfg_preprocess -model find_clusters<3, 5> 
Execute         rtl_gen_preprocess find_clusters<3, 5> 
INFO-FLOW: Preprocessing Module: select_top_n ...
Execute         set_default_model select_top_n 
Execute         cdfg_preprocess -model select_top_n 
Execute         rtl_gen_preprocess select_top_n 
INFO-FLOW: Preprocessing Module: calo_trigger_ref ...
Execute         set_default_model calo_trigger_ref 
Execute         cdfg_preprocess -model calo_trigger_ref 
Execute         rtl_gen_preprocess calo_trigger_ref 
INFO-FLOW: Model list for synthesis: {find_clusters<3, 5>} select_top_n calo_trigger_ref
INFO: [HLS 200-10] ----------------------------------------------------------------
INFO: [HLS 200-42] -- Implementing module 'find_clusters_3_5_s' 
INFO: [HLS 200-10] ----------------------------------------------------------------
Execute         set_default_model find_clusters<3, 5> 
Execute         schedule -model find_clusters<3, 5> 
INFO: [SCHED 204-11] Starting scheduling ...
INFO: [SCHED 204-61] Pipelining loop 'FIND_ETA_FIND_PHI'.
WARNING: [HLS 200-885] The II Violation in module 'find_clusters_3_5_s' (loop 'FIND_ETA_FIND_PHI'): Unable to schedule 'load' operation 12 bit ('neighbor', ./calorimeter.h:188->./calorimeter.h:241) on array 'grid' due to limited memory ports (II = 1). Please consider using a memory core with more ports or partitioning the array 'grid'.
WARNING: [HLS 200-885] The II Violation in module 'find_clusters_3_5_s' (loop 'FIND_ETA_FIND_PHI'): Unable to schedule 'load' operation 12 bit ('neighbor', ./calorimeter.h:188->./calorimeter.h:241) on array 'grid' due to limited memory ports (II = 2). Please consider using a memory core with more ports or partitioning the array 'grid'.
WARNING: [HLS 200-885] The II Violation in module 'find_clusters_3_5_s' (loop 'FIND_ETA_FIND_PHI'): Unable to schedule 'load' operation 12 bit ('neighbor', ./calorimeter.h:188->./calorimeter.h:241) on array 'grid' due to limited memory ports (II = 3). Please consider using a memory core with more ports or partitioning the array 'grid'.
WARNING: [HLS 200-885] The II Violation in module 'find_clusters_3_5_s' (loop 'FIND_ETA_FIND_PHI'): Unable to schedule 'load' operation 12 bit ('neighbor', ./calorimeter.h:188->./calorimeter.h:241) on array 'grid' due to limited memory ports (II = 4). Please consider using a memory core with more ports or partitioning the array 'grid'.
WARNING: [HLS 200-885] The II Violation in module 'find_clusters_3_5_s' (loop 'FIND_ETA_FIND_PHI'): Unable to schedule 'load' operation 12 bit ('grid_load_12', ./calorimeter.h:159->./calorimeter.h:211->./calorimeter.h:254) on array 'grid' due to limited memory ports (II = 11). Please consider using a memory core with more ports or partitioning the array 'grid'.
WARNING: [HLS 200-885] The II Violation in module 'find_clusters_3_5_s' (loop 'FIND_ETA_FIND_PHI'): Unable to schedule 'load' operation 12 bit ('grid_load_14', ./calorimeter.h:159->./calorimeter.h:211->./calorimeter.h:254) on array 'grid' due to limited memory ports (II = 12). Please consider using a memory core with more ports or partitioning the array 'grid'.
INFO: [HLS 200-1470] Pipelining result : Target II = 1, Final II = 13, Depth = 20, loop 'FIND_ETA_FIND_PHI'
INFO: [SCHED 204-11] Finished scheduling.
Command         schedule done; 1.17 sec.
INFO: [HLS 200-111] Finished Scheduling: CPU user time: 1.26 seconds. CPU system time: 0.06 seconds. Elapsed time: 1.35 seconds; current allocated memory: 435.605 MB.
Execute         syn_report -verbosereport -o /scratch/emettner/tachep-fpga-project-26/calorimeter/solution1/.autopilot/db/find_clusters_3_5_s.verbose.sched.rpt 
Execute           list_part -family xcvu13p-fsga2577-2-e 
Execute             ap_family_info -name xcvu13p-fsga2577-2-e -data names 
Execute             ap_part_info -quiet -name xcvu13p-fsga2577-2-e -data family 
Execute         db_write -o /scratch/emettner/tachep-fpga-project-26/calorimeter/solution1/.autopilot/db/find_clusters_3_5_s.sched.adb -f 
INFO-FLOW: Finish scheduling find_clusters<3, 5>.
Execute         set_default_model find_clusters<3, 5> 
Execute         bind -model find_clusters<3, 5> 
INFO: [BIND 205-100] Starting micro-architecture generation ...
INFO: [BIND 205-101] Performing variable lifetime analysis.
INFO: [BIND 205-101] Exploring resource sharing.
INFO: [BIND 205-101] Binding ...
INFO: [BIND 205-100] Finished micro-architecture generation.
INFO: [HLS 200-111] Finished Binding: CPU user time: 0.1 seconds. CPU system time: 0.01 seconds. Elapsed time: 0.14 seconds; current allocated memory: 435.605 MB.
Execute         syn_report -verbosereport -o /scratch/emettner/tachep-fpga-project-26/calorimeter/solution1/.autopilot/db/find_clusters_3_5_s.verbose.bind.rpt 
Execute           list_part -family xcvu13p-fsga2577-2-e 
Execute             ap_family_info -name xcvu13p-fsga2577-2-e -data names 
Execute             ap_part_info -quiet -name xcvu13p-fsga2577-2-e -data family 
Execute         db_write -o /scratch/emettner/tachep-fpga-project-26/calorimeter/solution1/.autopilot/db/find_clusters_3_5_s.bind.adb -f 
INFO-FLOW: Finish binding find_clusters<3, 5>.
INFO: [HLS 200-10] ----------------------------------------------------------------
INFO: [HLS 200-42] -- Implementing module 'select_top_n' 
INFO: [HLS 200-10] ----------------------------------------------------------------
Execute         set_default_model select_top_n 
Execute         schedule -model select_top_n 
INFO: [SCHED 204-11] Starting scheduling ...
WARNING: [SCHED 204-65] Unable to satisfy pipeline directive for loop 'FIND_CLUSTER': contains subloop(s) that are not unrolled or flattened.
INFO: [SCHED 204-11] Finished scheduling.
Command         schedule done; 1.16 sec.
INFO: [HLS 200-111] Finished Scheduling: CPU user time: 1.2 seconds. CPU system time: 0.04 seconds. Elapsed time: 1.24 seconds; current allocated memory: 451.312 MB.
Execute         syn_report -verbosereport -o /scratch/emettner/tachep-fpga-project-26/calorimeter/solution1/.autopilot/db/select_top_n.verbose.sched.rpt 
Execute           list_part -family xcvu13p-fsga2577-2-e 
Execute             ap_family_info -name xcvu13p-fsga2577-2-e -data names 
Execute             ap_part_info -quiet -name xcvu13p-fsga2577-2-e -data family 
Command         syn_report done; 0.16 sec.
Execute         db_write -o /scratch/emettner/tachep-fpga-project-26/calorimeter/solution1/.autopilot/db/select_top_n.sched.adb -f 
Command         db_write done; 0.11 sec.
INFO-FLOW: Finish scheduling select_top_n.
Execute         set_default_model select_top_n 
Execute         bind -model select_top_n 
INFO: [BIND 205-100] Starting micro-architecture generation ...
INFO: [BIND 205-101] Performing variable lifetime analysis.
INFO: [BIND 205-101] Exploring resource sharing.
INFO: [BIND 205-101] Binding ...
INFO: [BIND 205-100] Finished micro-architecture generation.
Command         bind done; 0.16 sec.
INFO: [HLS 200-111] Finished Binding: CPU user time: 0.38 seconds. CPU system time: 0.04 seconds. Elapsed time: 0.43 seconds; current allocated memory: 451.312 MB.
Execute         syn_report -verbosereport -o /scratch/emettner/tachep-fpga-project-26/calorimeter/solution1/.autopilot/db/select_top_n.verbose.bind.rpt 
Execute           list_part -family xcvu13p-fsga2577-2-e 
Execute             ap_family_info -name xcvu13p-fsga2577-2-e -data names 
Execute             ap_part_info -quiet -name xcvu13p-fsga2577-2-e -data family 
Command         syn_report done; 0.12 sec.
Execute         db_write -o /scratch/emettner/tachep-fpga-project-26/calorimeter/solution1/.autopilot/db/select_top_n.bind.adb -f 
Command         db_write done; 0.2 sec.
INFO-FLOW: Finish binding select_top_n.
INFO: [HLS 200-10] ----------------------------------------------------------------
INFO: [HLS 200-42] -- Implementing module 'calo_trigger_ref' 
INFO: [HLS 200-10] ----------------------------------------------------------------
Execute         set_default_model calo_trigger_ref 
Execute         schedule -model calo_trigger_ref 
INFO: [SCHED 204-11] Starting scheduling ...
INFO: [SCHED 204-61] Pipelining loop 'HT_ETA_HT_PHI'.
INFO: [HLS 200-1470] Pipelining result : Target II = 1, Final II = 1, Depth = 2, loop 'HT_ETA_HT_PHI'
INFO: [SCHED 204-11] Finished scheduling.
Command         schedule done; 0.17 sec.
INFO: [HLS 200-111] Finished Scheduling: CPU user time: 0.45 seconds. CPU system time: 0.04 seconds. Elapsed time: 0.51 seconds; current allocated memory: 451.312 MB.
Execute         syn_report -verbosereport -o /scratch/emettner/tachep-fpga-project-26/calorimeter/solution1/.autopilot/db/calo_trigger_ref.verbose.sched.rpt 
Execute           list_part -family xcvu13p-fsga2577-2-e 
Execute             ap_family_info -name xcvu13p-fsga2577-2-e -data names 
Execute             ap_part_info -quiet -name xcvu13p-fsga2577-2-e -data family 
Execute         db_write -o /scratch/emettner/tachep-fpga-project-26/calorimeter/solution1/.autopilot/db/calo_trigger_ref.sched.adb -f 
INFO-FLOW: Finish scheduling calo_trigger_ref.
Execute         set_default_model calo_trigger_ref 
Execute         bind -model calo_trigger_ref 
INFO: [BIND 205-100] Starting micro-architecture generation ...
INFO: [BIND 205-101] Performing variable lifetime analysis.
INFO: [BIND 205-101] Exploring resource sharing.
INFO: [BIND 205-101] Binding ...
INFO: [BIND 205-100] Finished micro-architecture generation.
INFO: [HLS 200-111] Finished Binding: CPU user time: 0.07 seconds. CPU system time: 0.01 seconds. Elapsed time: 0.09 seconds; current allocated memory: 451.312 MB.
Execute         syn_report -verbosereport -o /scratch/emettner/tachep-fpga-project-26/calorimeter/solution1/.autopilot/db/calo_trigger_ref.verbose.bind.rpt 
Execute           list_part -family xcvu13p-fsga2577-2-e 
Execute             ap_family_info -name xcvu13p-fsga2577-2-e -data names 
Execute             ap_part_info -quiet -name xcvu13p-fsga2577-2-e -data family 
Execute         db_write -o /scratch/emettner/tachep-fpga-project-26/calorimeter/solution1/.autopilot/db/calo_trigger_ref.bind.adb -f 
INFO-FLOW: Finish binding calo_trigger_ref.
Execute         get_model_list calo_trigger_ref -filter all-wo-channel 
INFO-FLOW: Preprocessing for RTLGen ...
Execute         rtl_gen_preprocess find_clusters<3, 5> 
Execute         rtl_gen_preprocess select_top_n 
Execute         rtl_gen_preprocess calo_trigger_ref 
INFO-FLOW: Model list for RTL generation: {find_clusters<3, 5>} select_top_n calo_trigger_ref
INFO: [HLS 200-10] ----------------------------------------------------------------
INFO: [HLS 200-10] -- Generating RTL for module 'find_clusters_3_5_s' 
INFO: [HLS 200-10] ----------------------------------------------------------------
Execute         create_rtl_model find_clusters<3, 5> -top_prefix calo_trigger_ref_ -sub_prefix calo_trigger_ref_ -mg_file /scratch/emettner/tachep-fpga-project-26/calorimeter/solution1/.autopilot/db/find_clusters_3_5_s.compgen.tcl 
INFO: [HLS 200-1030] Apply Unified Pipeline Control on module 'find_clusters_3_5_s' pipeline 'FIND_ETA_FIND_PHI' pipeline type 'loop pipeline'
WARNING: [RTGEN 206-101] Setting dangling out port 'find_clusters_3_5_s/grid_WEN_A' to 0.
WARNING: [RTGEN 206-101] Setting dangling out port 'find_clusters_3_5_s/grid_Din_A' to 0.
WARNING: [RTGEN 206-101] Setting dangling out port 'find_clusters_3_5_s/grid_WEN_B' to 0.
WARNING: [RTGEN 206-101] Setting dangling out port 'find_clusters_3_5_s/grid_Din_B' to 0.
INFO: [RTGEN 206-100] Finished creating RTL model for 'find_clusters_3_5_s'.
Command         create_rtl_model done; 0.14 sec.
INFO: [HLS 200-111] Finished Creating RTL model: CPU user time: 0.19 seconds. CPU system time: 0.01 seconds. Elapsed time: 0.24 seconds; current allocated memory: 451.312 MB.
Execute         source /scratch/emettner/tachep-fpga-project-26/calorimeter/solution1/.autopilot/db/calo_trigger_ref.rtl_wrap.cfg.tcl 
Execute         gen_rtl find_clusters<3, 5> -style xilinx -f -lang vhdl -o /scratch/emettner/tachep-fpga-project-26/calorimeter/solution1/syn/vhdl/calo_trigger_ref_find_clusters_3_5_s 
Execute         gen_rtl find_clusters<3, 5> -style xilinx -f -lang vlog -o /scratch/emettner/tachep-fpga-project-26/calorimeter/solution1/syn/verilog/calo_trigger_ref_find_clusters_3_5_s 
Execute         syn_report -csynth -model find_clusters<3, 5> -o /scratch/emettner/tachep-fpga-project-26/calorimeter/solution1/syn/report/find_clusters_3_5_s_csynth.rpt 
Execute           list_part -family xcvu13p-fsga2577-2-e 
Execute             ap_family_info -name xcvu13p-fsga2577-2-e -data names 
Execute             ap_part_info -quiet -name xcvu13p-fsga2577-2-e -data family 
Execute         syn_report -rtlxml -model find_clusters<3, 5> -o /scratch/emettner/tachep-fpga-project-26/calorimeter/solution1/syn/report/find_clusters_3_5_s_csynth.xml 
Execute           list_part -family xcvu13p-fsga2577-2-e 
Execute             ap_family_info -name xcvu13p-fsga2577-2-e -data names 
Execute             ap_part_info -quiet -name xcvu13p-fsga2577-2-e -data family 
Execute         syn_report -verbosereport -model find_clusters<3, 5> -o /scratch/emettner/tachep-fpga-project-26/calorimeter/solution1/.autopilot/db/find_clusters_3_5_s.verbose.rpt 
Execute           list_part -family xcvu13p-fsga2577-2-e 
Execute             ap_family_info -name xcvu13p-fsga2577-2-e -data names 
Execute             ap_part_info -quiet -name xcvu13p-fsga2577-2-e -data family 
Execute         db_write -model find_clusters<3, 5> -f -o /scratch/emettner/tachep-fpga-project-26/calorimeter/solution1/.autopilot/db/find_clusters_3_5_s.adb 
Execute         db_write -model find_clusters<3, 5> -bindview -o /scratch/emettner/tachep-fpga-project-26/calorimeter/solution1/.autopilot/db/design.bindinfo.xml 
Execute         gen_tb_info find_clusters<3, 5> -p /scratch/emettner/tachep-fpga-project-26/calorimeter/solution1/.autopilot/db -o /scratch/emettner/tachep-fpga-project-26/calorimeter/solution1/.autopilot/db/find_clusters_3_5_s 
INFO: [HLS 200-10] ----------------------------------------------------------------
INFO: [HLS 200-10] -- Generating RTL for module 'select_top_n' 
INFO: [HLS 200-10] ----------------------------------------------------------------
Execute         create_rtl_model select_top_n -top_prefix calo_trigger_ref_ -sub_prefix calo_trigger_ref_ -mg_file /scratch/emettner/tachep-fpga-project-26/calorimeter/solution1/.autopilot/db/select_top_n.compgen.tcl 
INFO: [RTGEN 206-100] Generating core module 'sparsemux_15_3_1_1_1': 1 instance(s).
INFO: [RTGEN 206-100] Generating core module 'sparsemux_15_3_20_1_1': 2 instance(s).
INFO: [RTGEN 206-100] Generating core module 'sparsemux_15_3_4_1_1': 1 instance(s).
INFO: [RTGEN 206-100] Generating core module 'sparsemux_15_3_6_1_1': 2 instance(s).
INFO: [RTGEN 206-100] Finished creating RTL model for 'select_top_n'.
Command         create_rtl_model done; 4.74 sec.
INFO: [HLS 200-111] Finished Creating RTL model: CPU user time: 4.92 seconds. CPU system time: 0.06 seconds. Elapsed time: 5.09 seconds; current allocated memory: 470.648 MB.
Execute         source /scratch/emettner/tachep-fpga-project-26/calorimeter/solution1/.autopilot/db/calo_trigger_ref.rtl_wrap.cfg.tcl 
Execute         gen_rtl select_top_n -style xilinx -f -lang vhdl -o /scratch/emettner/tachep-fpga-project-26/calorimeter/solution1/syn/vhdl/calo_trigger_ref_select_top_n 
Command         gen_rtl done; 0.5 sec.
Execute         gen_rtl select_top_n -style xilinx -f -lang vlog -o /scratch/emettner/tachep-fpga-project-26/calorimeter/solution1/syn/verilog/calo_trigger_ref_select_top_n 
Command         gen_rtl done; 0.49 sec.
Execute         syn_report -csynth -model select_top_n -o /scratch/emettner/tachep-fpga-project-26/calorimeter/solution1/syn/report/select_top_n_csynth.rpt 
Execute           list_part -family xcvu13p-fsga2577-2-e 
Execute             ap_family_info -name xcvu13p-fsga2577-2-e -data names 
Execute             ap_part_info -quiet -name xcvu13p-fsga2577-2-e -data family 
Execute         syn_report -rtlxml -model select_top_n -o /scratch/emettner/tachep-fpga-project-26/calorimeter/solution1/syn/report/select_top_n_csynth.xml 
Execute           list_part -family xcvu13p-fsga2577-2-e 
Execute             ap_family_info -name xcvu13p-fsga2577-2-e -data names 
Execute             ap_part_info -quiet -name xcvu13p-fsga2577-2-e -data family 
Execute         syn_report -verbosereport -model select_top_n -o /scratch/emettner/tachep-fpga-project-26/calorimeter/solution1/.autopilot/db/select_top_n.verbose.rpt 
Execute           list_part -family xcvu13p-fsga2577-2-e 
Execute             ap_family_info -name xcvu13p-fsga2577-2-e -data names 
Execute             ap_part_info -quiet -name xcvu13p-fsga2577-2-e -data family 
Command         syn_report done; 0.15 sec.
Execute         db_write -model select_top_n -f -o /scratch/emettner/tachep-fpga-project-26/calorimeter/solution1/.autopilot/db/select_top_n.adb 
Command         db_write done; 0.22 sec.
Execute         db_write -model select_top_n -bindview -o /scratch/emettner/tachep-fpga-project-26/calorimeter/solution1/.autopilot/db/design.bindinfo.xml 
Execute         gen_tb_info select_top_n -p /scratch/emettner/tachep-fpga-project-26/calorimeter/solution1/.autopilot/db -o /scratch/emettner/tachep-fpga-project-26/calorimeter/solution1/.autopilot/db/select_top_n 
INFO: [HLS 200-10] ----------------------------------------------------------------
INFO: [HLS 200-10] -- Generating RTL for module 'calo_trigger_ref' 
INFO: [HLS 200-10] ----------------------------------------------------------------
Execute         create_rtl_model calo_trigger_ref -top_prefix  -sub_prefix calo_trigger_ref_ -mg_file /scratch/emettner/tachep-fpga-project-26/calorimeter/solution1/.autopilot/db/calo_trigger_ref.compgen.tcl 
WARNING: [RTGEN 206-101] Design contains AXI ports. Reset is fixed to synchronous and active low.
INFO: [RTGEN 206-500] Setting interface mode on port 'calo_trigger_ref/grid' to 'bram'.
INFO: [RTGEN 206-500] Setting interface mode on port 'calo_trigger_ref/seed_threshold' to 's_axilite & ap_none'.
INFO: [RTGEN 206-500] Setting interface mode on port 'calo_trigger_ref/cluster_threshold' to 's_axilite & ap_none'.
INFO: [RTGEN 206-500] Setting interface mode on port 'calo_trigger_ref/objects_0' to 'ap_vld'.
INFO: [RTGEN 206-500] Setting interface mode on port 'calo_trigger_ref/objects_1' to 'ap_vld'.
INFO: [RTGEN 206-500] Setting interface mode on port 'calo_trigger_ref/objects_2' to 'ap_vld'.
INFO: [RTGEN 206-500] Setting interface mode on port 'calo_trigger_ref/objects_3' to 'ap_vld'.
INFO: [RTGEN 206-500] Setting interface mode on port 'calo_trigger_ref/objects_4' to 'ap_vld'.
INFO: [RTGEN 206-500] Setting interface mode on port 'calo_trigger_ref/objects_5' to 'ap_vld'.
INFO: [RTGEN 206-500] Setting interface mode on port 'calo_trigger_ref/objects_6' to 'ap_vld'.
INFO: [RTGEN 206-500] Setting interface mode on port 'calo_trigger_ref/objects_7' to 'ap_vld'.
INFO: [RTGEN 206-500] Setting interface mode on port 'calo_trigger_ref/ht' to 's_axilite & ap_vld'.
INFO: [RTGEN 206-500] Setting interface mode on port 'calo_trigger_ref/num_clusters' to 's_axilite & ap_vld'.
INFO: [RTGEN 206-500] Setting interface mode on function 'calo_trigger_ref' to 's_axilite & ap_ctrl_hs'.
INFO: [RTGEN 206-100] Bundling port 'seed_threshold', 'cluster_threshold', 'ht', 'num_clusters' and 'return' to AXI-Lite port CTRL.
WARNING: [RTGEN 206-101] Setting dangling out port 'calo_trigger_ref/grid_WEN_A' to 0.
WARNING: [RTGEN 206-101] Setting dangling out port 'calo_trigger_ref/grid_Din_A' to 0.
WARNING: [RTGEN 206-101] Setting dangling out port 'calo_trigger_ref/grid_WEN_B' to 0.
WARNING: [RTGEN 206-101] Setting dangling out port 'calo_trigger_ref/grid_Din_B' to 0.
INFO: [RTGEN 206-100] Finished creating RTL model for 'calo_trigger_ref'.
INFO: [RTMG 210-278] Implementing memory 'calo_trigger_ref_clusters_et_RAM_AUTO_1R1W' using auto RAMs.
INFO: [RTMG 210-278] Implementing memory 'calo_trigger_ref_clusters_eta_RAM_AUTO_1R1W' using auto RAMs.
INFO: [RTMG 210-278] Implementing memory 'calo_trigger_ref_clusters_phi_RAM_AUTO_1R1W' using auto RAMs.
INFO: [RTMG 210-278] Implementing memory 'calo_trigger_ref_clusters_window_size_RAM_AUTO_1R1W' using auto RAMs.
INFO: [RTMG 210-278] Implementing memory 'calo_trigger_ref_clusters_iso_outer_size_RAM_AUTO_0R0W' using auto RAMs.
Command         create_rtl_model done; 0.34 sec.
INFO: [HLS 200-111] Finished Creating RTL model: CPU user time: 1.98 seconds. CPU system time: 0.12 seconds. Elapsed time: 2.35 seconds; current allocated memory: 492.762 MB.
Execute         source /scratch/emettner/tachep-fpga-project-26/calorimeter/solution1/.autopilot/db/calo_trigger_ref.rtl_wrap.cfg.tcl 
Execute         gen_rtl calo_trigger_ref -istop -style xilinx -f -lang vhdl -o /scratch/emettner/tachep-fpga-project-26/calorimeter/solution1/syn/vhdl/calo_trigger_ref 
Execute         gen_rtl calo_trigger_ref -istop -style xilinx -f -lang vlog -o /scratch/emettner/tachep-fpga-project-26/calorimeter/solution1/syn/verilog/calo_trigger_ref 
Execute         syn_report -csynth -model calo_trigger_ref -o /scratch/emettner/tachep-fpga-project-26/calorimeter/solution1/syn/report/calo_trigger_ref_csynth.rpt 
Execute           list_part -family xcvu13p-fsga2577-2-e 
Execute             ap_family_info -name xcvu13p-fsga2577-2-e -data names 
Execute             ap_part_info -quiet -name xcvu13p-fsga2577-2-e -data family 
Execute         syn_report -rtlxml -model calo_trigger_ref -o /scratch/emettner/tachep-fpga-project-26/calorimeter/solution1/syn/report/calo_trigger_ref_csynth.xml 
Execute           list_part -family xcvu13p-fsga2577-2-e 
Execute             ap_family_info -name xcvu13p-fsga2577-2-e -data names 
Execute             ap_part_info -quiet -name xcvu13p-fsga2577-2-e -data family 
Execute         syn_report -verbosereport -model calo_trigger_ref -o /scratch/emettner/tachep-fpga-project-26/calorimeter/solution1/.autopilot/db/calo_trigger_ref.verbose.rpt 
Execute           list_part -family xcvu13p-fsga2577-2-e 
Execute             ap_family_info -name xcvu13p-fsga2577-2-e -data names 
Execute             ap_part_info -quiet -name xcvu13p-fsga2577-2-e -data family 
Execute         db_write -model calo_trigger_ref -f -o /scratch/emettner/tachep-fpga-project-26/calorimeter/solution1/.autopilot/db/calo_trigger_ref.adb 
Execute         db_write -model calo_trigger_ref -bindview -o /scratch/emettner/tachep-fpga-project-26/calorimeter/solution1/.autopilot/db/design.bindinfo.xml 
Execute         gen_tb_info calo_trigger_ref -p /scratch/emettner/tachep-fpga-project-26/calorimeter/solution1/.autopilot/db -o /scratch/emettner/tachep-fpga-project-26/calorimeter/solution1/.autopilot/db/calo_trigger_ref 
Execute         export_constraint_db -f -tool general -o /scratch/emettner/tachep-fpga-project-26/calorimeter/solution1/.autopilot/db/calo_trigger_ref.constraint.tcl 
Execute         syn_report -designview -model calo_trigger_ref -o /scratch/emettner/tachep-fpga-project-26/calorimeter/solution1/.autopilot/db/calo_trigger_ref.design.xml 
Execute         syn_report -csynthDesign -model calo_trigger_ref -o /scratch/emettner/tachep-fpga-project-26/calorimeter/solution1/syn/report/csynth.rpt -MHOut /scratch/emettner/tachep-fpga-project-26/calorimeter/solution1/.autopilot/db/kernel_module_hierarchy.tcl 
Execute           list_part -family xcvu13p-fsga2577-2-e 
Execute             ap_family_info -name xcvu13p-fsga2577-2-e -data names 
Execute             ap_part_info -quiet -name xcvu13p-fsga2577-2-e -data family 
Execute         syn_report -wcfg -model calo_trigger_ref -o /scratch/emettner/tachep-fpga-project-26/calorimeter/solution1/.autopilot/db/calo_trigger_ref_dataflow_ana.wcfg 
Execute         syn_report -protoinst -model calo_trigger_ref -o /scratch/emettner/tachep-fpga-project-26/calorimeter/solution1/.autopilot/db/calo_trigger_ref.protoinst 
Execute         sc_get_clocks calo_trigger_ref 
Execute         sc_get_portdomain calo_trigger_ref 
INFO-FLOW: Model list for RTL component generation: {find_clusters<3, 5>} select_top_n calo_trigger_ref
INFO-FLOW: Handling components in module [find_clusters_3_5_s] ... 
Execute         source /scratch/emettner/tachep-fpga-project-26/calorimeter/solution1/.autopilot/db/find_clusters_3_5_s.compgen.tcl 
INFO-FLOW: Found component calo_trigger_ref_flow_control_loop_pipe_sequential_init.
INFO-FLOW: Append model calo_trigger_ref_flow_control_loop_pipe_sequential_init
INFO-FLOW: Handling components in module [select_top_n] ... 
Execute         source /scratch/emettner/tachep-fpga-project-26/calorimeter/solution1/.autopilot/db/select_top_n.compgen.tcl 
INFO-FLOW: Found component calo_trigger_ref_sparsemux_15_3_20_1_1.
INFO-FLOW: Append model calo_trigger_ref_sparsemux_15_3_20_1_1
INFO-FLOW: Found component calo_trigger_ref_sparsemux_15_3_6_1_1.
INFO-FLOW: Append model calo_trigger_ref_sparsemux_15_3_6_1_1
INFO-FLOW: Found component calo_trigger_ref_sparsemux_15_3_4_1_1.
INFO-FLOW: Append model calo_trigger_ref_sparsemux_15_3_4_1_1
INFO-FLOW: Found component calo_trigger_ref_sparsemux_15_3_1_1_1.
INFO-FLOW: Append model calo_trigger_ref_sparsemux_15_3_1_1_1
INFO-FLOW: Handling components in module [calo_trigger_ref] ... 
Execute         source /scratch/emettner/tachep-fpga-project-26/calorimeter/solution1/.autopilot/db/calo_trigger_ref.compgen.tcl 
INFO-FLOW: Found component calo_trigger_ref_clusters_et_RAM_AUTO_1R1W.
INFO-FLOW: Append model calo_trigger_ref_clusters_et_RAM_AUTO_1R1W
INFO-FLOW: Found component calo_trigger_ref_clusters_eta_RAM_AUTO_1R1W.
INFO-FLOW: Append model calo_trigger_ref_clusters_eta_RAM_AUTO_1R1W
INFO-FLOW: Found component calo_trigger_ref_clusters_phi_RAM_AUTO_1R1W.
INFO-FLOW: Append model calo_trigger_ref_clusters_phi_RAM_AUTO_1R1W
INFO-FLOW: Found component calo_trigger_ref_clusters_window_size_RAM_AUTO_1R1W.
INFO-FLOW: Append model calo_trigger_ref_clusters_window_size_RAM_AUTO_1R1W
INFO-FLOW: Found component calo_trigger_ref_clusters_iso_outer_size_RAM_AUTO_0R0W.
INFO-FLOW: Append model calo_trigger_ref_clusters_iso_outer_size_RAM_AUTO_0R0W
INFO-FLOW: Found component calo_trigger_ref_CTRL_s_axi.
INFO-FLOW: Append model calo_trigger_ref_CTRL_s_axi
INFO-FLOW: Append model find_clusters_3_5_s
INFO-FLOW: Append model select_top_n
INFO-FLOW: Append model calo_trigger_ref
INFO-FLOW: Generating RTL model list ...
INFO-FLOW: All models in this session: calo_trigger_ref_flow_control_loop_pipe_sequential_init calo_trigger_ref_sparsemux_15_3_20_1_1 calo_trigger_ref_sparsemux_15_3_6_1_1 calo_trigger_ref_sparsemux_15_3_4_1_1 calo_trigger_ref_sparsemux_15_3_1_1_1 calo_trigger_ref_clusters_et_RAM_AUTO_1R1W calo_trigger_ref_clusters_eta_RAM_AUTO_1R1W calo_trigger_ref_clusters_phi_RAM_AUTO_1R1W calo_trigger_ref_clusters_window_size_RAM_AUTO_1R1W calo_trigger_ref_clusters_iso_outer_size_RAM_AUTO_0R0W calo_trigger_ref_CTRL_s_axi find_clusters_3_5_s select_top_n calo_trigger_ref
INFO-FLOW: Generating /scratch/emettner/tachep-fpga-project-26/calorimeter/solution1/.autopilot/db/autopilot.rtl.models.txt file...
INFO-FLOW: To file: write model calo_trigger_ref_flow_control_loop_pipe_sequential_init
INFO-FLOW: To file: write model calo_trigger_ref_sparsemux_15_3_20_1_1
INFO-FLOW: To file: write model calo_trigger_ref_sparsemux_15_3_6_1_1
INFO-FLOW: To file: write model calo_trigger_ref_sparsemux_15_3_4_1_1
INFO-FLOW: To file: write model calo_trigger_ref_sparsemux_15_3_1_1_1
INFO-FLOW: To file: write model calo_trigger_ref_clusters_et_RAM_AUTO_1R1W
INFO-FLOW: To file: write model calo_trigger_ref_clusters_eta_RAM_AUTO_1R1W
INFO-FLOW: To file: write model calo_trigger_ref_clusters_phi_RAM_AUTO_1R1W
INFO-FLOW: To file: write model calo_trigger_ref_clusters_window_size_RAM_AUTO_1R1W
INFO-FLOW: To file: write model calo_trigger_ref_clusters_iso_outer_size_RAM_AUTO_0R0W
INFO-FLOW: To file: write model calo_trigger_ref_CTRL_s_axi
INFO-FLOW: To file: write model find_clusters_3_5_s
INFO-FLOW: To file: write model select_top_n
INFO-FLOW: To file: write model calo_trigger_ref
INFO-FLOW: Generating /scratch/emettner/tachep-fpga-project-26/calorimeter/solution1/.autopilot/db/autopilot.rtl.models.tcl file...
INFO-FLOW: Finished generating RTL model list.


INFO-FLOW: RTL Generation done.
INFO-FLOW: CAS Generation done.
INFO-FLOW: CBC Generation done.
INFO-FLOW: DBG:PROC: ::AESL_AUTOMG::auto_generate_csynth_design
INFO-FLOW: DBG:PUTS: read_platform_lib /scratch/emettner/tachep-fpga-project-26/calorimeter/solution1/.autopilot/db/global.setting.tcl
Execute         source /opt/Xilinx/Vitis_HLS/2024.1/common/technology/generic/autopilot/common.gen 
Execute           source /opt/Xilinx/Vitis_HLS/2024.1/common/technology/generic/autopilot/APCoreGen.gen 
Execute         source /opt/Xilinx/Vitis_HLS/2024.1/common/technology/generic/autopilot/op.gen 
Execute         source /opt/Xilinx/Vitis_HLS/2024.1/common/technology/generic/autopilot/op_simcore.gen 
Execute         source /opt/Xilinx/Vitis_HLS/2024.1/common/technology/generic/autopilot/interface.gen 
Execute         source /scratch/emettner/tachep-fpga-project-26/calorimeter/solution1/.autopilot/db/global.setting.tcl 
Execute         source /opt/Xilinx/Vitis_HLS/2024.1/common/technology/xilinx/common/xilinx.gen 
Execute           source /opt/Xilinx/Vitis_HLS/2024.1/common/technology/xilinx/interface/plb46.gen 
Execute           source /opt/Xilinx/Vitis_HLS/2024.1/common/technology/xilinx/interface/axi4.gen 
Execute           source /opt/Xilinx/Vitis_HLS/2024.1/common/technology/xilinx/interface/nativeAXI4.gen 
Execute             source /opt/Xilinx/Vitis_HLS/2024.1/common/technology/xilinx/interface/saxilite.gen 
Execute           source /opt/Xilinx/Vitis_HLS/2024.1/common/technology/xilinx/scripts/xilinxcoregen.gen 
Execute           source /opt/Xilinx/Vitis_HLS/2024.1/common/technology/xilinx/interface/XilEDKCoreGen.gen 
Execute           source /opt/Xilinx/Vitis_HLS/2024.1/common/technology/xilinx/ip/util.gen 
Execute           source /opt/Xilinx/Vitis_HLS/2024.1/common/technology/xilinx/ip/xfft.gen 
Command           ap_source done; 0.12 sec.
Execute           source /opt/Xilinx/Vitis_HLS/2024.1/common/technology/xilinx/ip/xfir.gen 
Execute           source /opt/Xilinx/Vitis_HLS/2024.1/common/technology/xilinx/ip/dds_compiler.gen 
Execute           source /opt/Xilinx/Vitis_HLS/2024.1/common/technology/xilinx/DSP48/dsp48.gen 
Command         ap_source done; 0.16 sec.
INFO-FLOW: DBG:PUTS:   using AESL_AUTOCG::g_clock_period=25.000 (was NA)
INFO-FLOW: DBG:PROC: ::AESL_AUTOMG::generate_ip_cores gen_sim_model='1' gen_fp_models='0' gen_for_export='0' dstSCDir='' dstVhdlDir='/scratch/emettner/tachep-fpga-project-26/calorimeter/solution1/.autopilot/db/vhdl' dstVlogDir='/scratch/emettner/tachep-fpga-project-26/calorimeter/solution1/.autopilot/db/vlog' tclDir='/scratch/emettner/tachep-fpga-project-26/calorimeter/solution1/.autopilot/db' modelList='calo_trigger_ref_flow_control_loop_pipe_sequential_init
calo_trigger_ref_sparsemux_15_3_20_1_1
calo_trigger_ref_sparsemux_15_3_6_1_1
calo_trigger_ref_sparsemux_15_3_4_1_1
calo_trigger_ref_sparsemux_15_3_1_1_1
calo_trigger_ref_clusters_et_RAM_AUTO_1R1W
calo_trigger_ref_clusters_eta_RAM_AUTO_1R1W
calo_trigger_ref_clusters_phi_RAM_AUTO_1R1W
calo_trigger_ref_clusters_window_size_RAM_AUTO_1R1W
calo_trigger_ref_clusters_iso_outer_size_RAM_AUTO_0R0W
calo_trigger_ref_CTRL_s_axi
find_clusters_3_5_s
select_top_n
calo_trigger_ref
' expOnly='0'
Execute         source /scratch/emettner/tachep-fpga-project-26/calorimeter/solution1/.autopilot/db/global.setting.tcl 
Execute         ap_part_info -name xcvu13p-fsga2577-2-e -data names -quiet 
Execute         ap_part_info -name xcvu13p-fsga2577-2-e -data info -quiet 
Execute         source /scratch/emettner/tachep-fpga-project-26/calorimeter/solution1/.autopilot/db/global.setting.tcl 
Execute         source /scratch/emettner/tachep-fpga-project-26/calorimeter/solution1/.autopilot/db/global.setting.tcl 
Execute         source /scratch/emettner/tachep-fpga-project-26/calorimeter/solution1/.autopilot/db/find_clusters_3_5_s.compgen.tcl 
Execute         source /scratch/emettner/tachep-fpga-project-26/calorimeter/solution1/.autopilot/db/select_top_n.compgen.tcl 
Execute         source /scratch/emettner/tachep-fpga-project-26/calorimeter/solution1/.autopilot/db/calo_trigger_ref.compgen.tcl 
Execute           source ./CTRL.slave.tcl 
INFO: [HLS 200-111] Finished Generating all RTL models: CPU user time: 0.52 seconds. CPU system time: 0.07 seconds. Elapsed time: 0.58 seconds; current allocated memory: 495.148 MB.
INFO-FLOW: DBG:PROC: ::HLSREPORTS::create_csynth_xml bind_info_var='bind_info' RtlSubPrefix='calo_trigger_ref_' outfile=''
INFO-FLOW: Running: create_csynth_xml read xml data
INFO-FLOW: Done: create_csynth_xml read xml data time: 0 seconds per iteration
INFO-FLOW: Running: create_csynth_xml bind info
INFO-FLOW: Done: create_csynth_xml bind info time: 0.1 seconds per iteration
INFO-FLOW: Running: create_csynth_xml config info
INFO-FLOW: Done: create_csynth_xml config info time: 0.1 seconds per iteration
INFO-FLOW: Running: create_csynth_xml write xml
INFO-FLOW: Done: create_csynth_xml write xml time: 0 seconds per iteration
INFO-FLOW: DBG:PUTS:      create_csynth_xml wrote csynth_xml=/scratch/emettner/tachep-fpga-project-26/calorimeter/solution1/syn/report/csynth.xml
INFO-FLOW: DBG:PROC: ::AP::DESIGN_DATA::generate_json generate_bd_files='0' generate_xo_files='0' modelList='calo_trigger_ref_flow_control_loop_pipe_sequential_init
calo_trigger_ref_sparsemux_15_3_20_1_1
calo_trigger_ref_sparsemux_15_3_6_1_1
calo_trigger_ref_sparsemux_15_3_4_1_1
calo_trigger_ref_sparsemux_15_3_1_1_1
calo_trigger_ref_clusters_et_RAM_AUTO_1R1W
calo_trigger_ref_clusters_eta_RAM_AUTO_1R1W
calo_trigger_ref_clusters_phi_RAM_AUTO_1R1W
calo_trigger_ref_clusters_window_size_RAM_AUTO_1R1W
calo_trigger_ref_clusters_iso_outer_size_RAM_AUTO_0R0W
calo_trigger_ref_CTRL_s_axi
find_clusters_3_5_s
select_top_n
calo_trigger_ref
' rtl_lang='both' bootstrap_tcl='false' outdir='' outfilename=''
Execute         source /scratch/emettner/tachep-fpga-project-26/calorimeter/solution1/.autopilot/db/global.setting.tcl 
Execute         source /scratch/emettner/tachep-fpga-project-26/calorimeter/solution1/.autopilot/db/global.setting.tcl 
Execute         source /scratch/emettner/tachep-fpga-project-26/calorimeter/solution1/.autopilot/db/top-io-be.tcl 
Execute         source /scratch/emettner/tachep-fpga-project-26/calorimeter/solution1/.autopilot/db/calo_trigger_ref.tbgen.tcl 
Execute         source /scratch/emettner/tachep-fpga-project-26/calorimeter/solution1/.autopilot/db/calo_trigger_ref.compgen.dataonly.tcl 
Execute         source /scratch/emettner/tachep-fpga-project-26/calorimeter/solution1/.autopilot/db/calo_trigger_ref.compgen.dataonly.tcl 
Execute         source /scratch/emettner/tachep-fpga-project-26/calorimeter/solution1/.autopilot/db/calo_trigger_ref.rtl_wrap.cfg.tcl 
Execute         source /scratch/emettner/tachep-fpga-project-26/calorimeter/solution1/.autopilot/db/calo_trigger_ref.compgen.dataonly.tcl 
Execute         source /scratch/emettner/tachep-fpga-project-26/calorimeter/solution1/.autopilot/db/find_clusters_3_5_s.tbgen.tcl 
Execute         source /scratch/emettner/tachep-fpga-project-26/calorimeter/solution1/.autopilot/db/select_top_n.tbgen.tcl 
Execute         source /scratch/emettner/tachep-fpga-project-26/calorimeter/solution1/.autopilot/db/calo_trigger_ref.tbgen.tcl 
Execute         source /scratch/emettner/tachep-fpga-project-26/calorimeter/solution1/.autopilot/db/global.setting.tcl 
Execute         ap_part_info -name xcvu13p-fsga2577-2-e -data names -quiet 
Execute         ap_part_info -name xcvu13p-fsga2577-2-e -data info -quiet 
Execute         source /scratch/emettner/tachep-fpga-project-26/calorimeter/solution1/.autopilot/db/calo_trigger_ref.constraint.tcl 
Execute         sc_get_clocks calo_trigger_ref 
Execute         source /scratch/emettner/tachep-fpga-project-26/calorimeter/solution1/.autopilot/db/global.setting.tcl 
INFO-FLOW: DBG:PROC: ::HLSREPORTS::add_csynth_report_sections bind_info_dict='adapter_nodes {{BINDTYPE adapter ID {} IMPL {} LATENCY {} OPTYPE {} PRAGMA {} RTLNAME CTRL_s_axi_U SOURCE {} VARIABLE {} LOOP {} BUNDLEDNAME CTRL DSP 0 BRAM 0 URAM 0 STORAGESUBTYPE s_axilite STORAGESIZE {} STORAGEUSAGE interface DISPNAME {bind_adapter }}} cache_nodes {} report_dict {TOPINST calo_trigger_ref MODULE2INSTS {calo_trigger_ref calo_trigger_ref find_clusters_3_5_s grp_find_clusters_3_5_s_fu_278 select_top_n grp_select_top_n_fu_302} INST2MODULE {calo_trigger_ref calo_trigger_ref grp_find_clusters_3_5_s_fu_278 find_clusters_3_5_s grp_select_top_n_fu_302 select_top_n} INSTDATA {calo_trigger_ref {DEPTH 1 CHILDREN {grp_find_clusters_3_5_s_fu_278 grp_select_top_n_fu_302}} grp_find_clusters_3_5_s_fu_278 {DEPTH 2 CHILDREN {}} grp_select_top_n_fu_302 {DEPTH 2 CHILDREN {}}} MODULEDATA {find_clusters_3_5_s {BINDINFO {{BINDTYPE op ID {} IMPL auto LATENCY 0 OPTYPE seteq PRAGMA {} RTLNAME icmp_ln232_fu_473_p2 SOURCE ./calorimeter.h:232 VARIABLE icmp_ln232 LOOP FIND_ETA_FIND_PHI BUNDLEDNAME {} DSP 0 BRAM 0 URAM 0 STORAGESUBTYPE {} DISPNAME {bind_op seteq} VISIBLE false} {BINDTYPE op ID {} IMPL fabric LATENCY 0 OPTYPE add PRAGMA {} RTLNAME add_ln232_1_fu_479_p2 SOURCE ./calorimeter.h:232 VARIABLE add_ln232_1 LOOP FIND_ETA_FIND_PHI BUNDLEDNAME {} DSP 0 BRAM 0 URAM 0 STORAGESUBTYPE {} DISPNAME {bind_op add} VISIBLE true} {BINDTYPE op ID {} IMPL auto LATENCY 0 OPTYPE seteq PRAGMA {} RTLNAME icmp_ln233_fu_491_p2 SOURCE ./calorimeter.h:233 VARIABLE icmp_ln233 LOOP FIND_ETA_FIND_PHI BUNDLEDNAME {} DSP 0 BRAM 0 URAM 0 STORAGESUBTYPE {} DISPNAME {bind_op seteq} VISIBLE false} {BINDTYPE op ID {} IMPL auto_sel LATENCY 0 OPTYPE select PRAGMA {} RTLNAME select_ln232_fu_497_p3 SOURCE ./calorimeter.h:232 VARIABLE select_ln232 LOOP FIND_ETA_FIND_PHI BUNDLEDNAME {} DSP 0 BRAM 0 URAM 0 STORAGESUBTYPE {} DISPNAME {bind_op select} VISIBLE false} {BINDTYPE op ID {} IMPL fabric LATENCY 0 OPTYPE add PRAGMA {} RTLNAME add_ln232_fu_505_p2 SOURCE ./calorimeter.h:232 VARIABLE add_ln232 LOOP FIND_ETA_FIND_PHI BUNDLEDNAME {} DSP 0 BRAM 0 URAM 0 STORAGESUBTYPE {} DISPNAME {bind_op add} VISIBLE true} {BINDTYPE op ID {} IMPL fabric LATENCY 0 OPTYPE add PRAGMA {} RTLNAME add_ln232_2_fu_511_p2 SOURCE ./calorimeter.h:232 VARIABLE add_ln232_2 LOOP FIND_ETA_FIND_PHI BUNDLEDNAME {} DSP 0 BRAM 0 URAM 0 STORAGESUBTYPE {} DISPNAME {bind_op add} VISIBLE true} {BINDTYPE op ID {} IMPL auto_sel LATENCY 0 OPTYPE select PRAGMA {} RTLNAME select_ln232_1_fu_517_p3 SOURCE ./calorimeter.h:232 VARIABLE select_ln232_1 LOOP FIND_ETA_FIND_PHI BUNDLEDNAME {} DSP 0 BRAM 0 URAM 0 STORAGESUBTYPE {} DISPNAME {bind_op select} VISIBLE false} {BINDTYPE op ID {} IMPL auto_sel LATENCY 0 OPTYPE select PRAGMA {} RTLNAME select_ln232_2_fu_525_p3 SOURCE ./calorimeter.h:232 VARIABLE select_ln232_2 LOOP FIND_ETA_FIND_PHI BUNDLEDNAME {} DSP 0 BRAM 0 URAM 0 STORAGESUBTYPE {} DISPNAME {bind_op select} VISIBLE false} {BINDTYPE op ID {} IMPL fabric LATENCY 0 OPTYPE sub PRAGMA {} RTLNAME sub_ln235_fu_553_p2 SOURCE ./calorimeter.h:235 VARIABLE sub_ln235 LOOP FIND_ETA_FIND_PHI BUNDLEDNAME {} DSP 0 BRAM 0 URAM 0 STORAGESUBTYPE {} DISPNAME {bind_op sub} VISIBLE true} {BINDTYPE op ID {} IMPL fabric LATENCY 0 OPTYPE add PRAGMA {} RTLNAME empty_61_fu_584_p2 SOURCE ./calorimeter.h:232 VARIABLE empty_61 LOOP FIND_ETA_FIND_PHI BUNDLEDNAME {} DSP 0 BRAM 0 URAM 0 STORAGESUBTYPE {} DISPNAME {bind_op add} VISIBLE true} {BINDTYPE op ID {} IMPL fabric LATENCY 0 OPTYPE sub PRAGMA {} RTLNAME sub_ln188_fu_609_p2 SOURCE ./calorimeter.h:188 VARIABLE sub_ln188 LOOP FIND_ETA_FIND_PHI BUNDLEDNAME {} DSP 0 BRAM 0 URAM 0 STORAGESUBTYPE {} DISPNAME {bind_op sub} VISIBLE true} {BINDTYPE op ID {} IMPL fabric LATENCY 0 OPTYPE sub PRAGMA {} RTLNAME sub_ln188_1_fu_770_p2 SOURCE ./calorimeter.h:188 VARIABLE sub_ln188_1 LOOP FIND_ETA_FIND_PHI BUNDLEDNAME {} DSP 0 BRAM 0 URAM 0 STORAGESUBTYPE {} DISPNAME {bind_op sub} VISIBLE true} {BINDTYPE op ID {} IMPL fabric LATENCY 0 OPTYPE add PRAGMA {} RTLNAME empty_62_fu_983_p2 SOURCE ./calorimeter.h:232 VARIABLE empty_62 LOOP FIND_ETA_FIND_PHI BUNDLEDNAME {} DSP 0 BRAM 0 URAM 0 STORAGESUBTYPE {} DISPNAME {bind_op add} VISIBLE true} {BINDTYPE op ID {} IMPL fabric LATENCY 0 OPTYPE sub PRAGMA {} RTLNAME sub_ln159_fu_1008_p2 SOURCE ./calorimeter.h:159 VARIABLE sub_ln159 LOOP FIND_ETA_FIND_PHI BUNDLEDNAME {} DSP 0 BRAM 0 URAM 0 STORAGESUBTYPE {} DISPNAME {bind_op sub} VISIBLE true} {BINDTYPE op ID {} IMPL fabric LATENCY 0 OPTYPE add PRAGMA {} RTLNAME empty_63_fu_1320_p2 SOURCE ./calorimeter.h:232 VARIABLE empty_63 LOOP FIND_ETA_FIND_PHI BUNDLEDNAME {} DSP 0 BRAM 0 URAM 0 STORAGESUBTYPE {} DISPNAME {bind_op add} VISIBLE true} {BINDTYPE op ID {} IMPL fabric LATENCY 0 OPTYPE sub PRAGMA {} RTLNAME sub_ln159_1_fu_1345_p2 SOURCE ./calorimeter.h:159 VARIABLE sub_ln159_1 LOOP FIND_ETA_FIND_PHI BUNDLEDNAME {} DSP 0 BRAM 0 URAM 0 STORAGESUBTYPE {} DISPNAME {bind_op sub} VISIBLE true} {BINDTYPE op ID {} IMPL fabric LATENCY 0 OPTYPE add PRAGMA {} RTLNAME add_ln235_fu_563_p2 SOURCE ./calorimeter.h:235 VARIABLE add_ln235 LOOP FIND_ETA_FIND_PHI BUNDLEDNAME {} DSP 0 BRAM 0 URAM 0 STORAGESUBTYPE {} DISPNAME {bind_op add} VISIBLE true} {BINDTYPE op ID {} IMPL fabric LATENCY 0 OPTYPE add PRAGMA {} RTLNAME add_ln188_fu_615_p2 SOURCE ./calorimeter.h:188 VARIABLE add_ln188 LOOP FIND_ETA_FIND_PHI BUNDLEDNAME {} DSP 0 BRAM 0 URAM 0 STORAGESUBTYPE {} DISPNAME {bind_op add} VISIBLE true} {BINDTYPE op ID {} IMPL fabric LATENCY 0 OPTYPE add PRAGMA {} RTLNAME add_ln188_1_fu_826_p2 SOURCE ./calorimeter.h:188 VARIABLE add_ln188_1 LOOP FIND_ETA_FIND_PHI BUNDLEDNAME {} DSP 0 BRAM 0 URAM 0 STORAGESUBTYPE {} DISPNAME {bind_op add} VISIBLE true} {BINDTYPE op ID {} IMPL fabric LATENCY 0 OPTYPE add PRAGMA {} RTLNAME add_ln159_7_fu_1203_p2 SOURCE ./calorimeter.h:159 VARIABLE add_ln159_7 LOOP FIND_ETA_FIND_PHI BUNDLEDNAME {} DSP 0 BRAM 0 URAM 0 STORAGESUBTYPE {} DISPNAME {bind_op add} VISIBLE true} {BINDTYPE op ID {} IMPL fabric LATENCY 0 OPTYPE add PRAGMA {} RTLNAME add_ln159_8_fu_1351_p2 SOURCE ./calorimeter.h:159 VARIABLE add_ln159_8 LOOP FIND_ETA_FIND_PHI BUNDLEDNAME {} DSP 0 BRAM 0 URAM 0 STORAGESUBTYPE {} DISPNAME {bind_op add} VISIBLE true} {BINDTYPE op ID {} IMPL auto LATENCY 0 OPTYPE setlt PRAGMA {} RTLNAME icmp_ln237_fu_628_p2 SOURCE ./calorimeter.h:237 VARIABLE icmp_ln237 LOOP FIND_ETA_FIND_PHI BUNDLEDNAME {} DSP 0 BRAM 0 URAM 0 STORAGESUBTYPE {} DISPNAME {bind_op setlt} VISIBLE false} {BINDTYPE op ID {} IMPL fabric LATENCY 0 OPTYPE add PRAGMA {} RTLNAME phi_fu_692_p2 SOURCE ./calorimeter.h:233 VARIABLE phi LOOP FIND_ETA_FIND_PHI BUNDLEDNAME {} DSP 0 BRAM 0 URAM 0 STORAGESUBTYPE {} DISPNAME {bind_op add} VISIBLE true} {BINDTYPE op ID {} IMPL fabric LATENCY 0 OPTYPE add PRAGMA {} RTLNAME add_ln185_fu_633_p2 SOURCE ./calorimeter.h:185 VARIABLE add_ln185 LOOP FIND_ETA_FIND_PHI BUNDLEDNAME {} DSP 0 BRAM 0 URAM 0 STORAGESUBTYPE {} DISPNAME {bind_op add} VISIBLE true} {BINDTYPE op ID {} IMPL fabric LATENCY 0 OPTYPE add PRAGMA {} RTLNAME add_ln133_fu_651_p2 SOURCE ./calorimeter.h:133 VARIABLE add_ln133 LOOP FIND_ETA_FIND_PHI BUNDLEDNAME {} DSP 0 BRAM 0 URAM 0 STORAGESUBTYPE {} DISPNAME {bind_op add} VISIBLE true} {BINDTYPE op ID {} IMPL auto_sel LATENCY 0 OPTYPE select PRAGMA {} RTLNAME phi_idx_fu_657_p3 SOURCE ./calorimeter.h:132 VARIABLE phi_idx LOOP FIND_ETA_FIND_PHI BUNDLEDNAME {} DSP 0 BRAM 0 URAM 0 STORAGESUBTYPE {} DISPNAME {bind_op select} VISIBLE false} {BINDTYPE op ID {} IMPL fabric LATENCY 0 OPTYPE add PRAGMA {} RTLNAME add_ln188_2_fu_669_p2 SOURCE ./calorimeter.h:188 VARIABLE add_ln188_2 LOOP FIND_ETA_FIND_PHI BUNDLEDNAME {} DSP 0 BRAM 0 URAM 0 STORAGESUBTYPE {} DISPNAME {bind_op add} VISIBLE true} {BINDTYPE op ID {} IMPL auto LATENCY 0 OPTYPE setlt PRAGMA {} RTLNAME grp_fu_440_p2 SOURCE ./calorimeter.h:190 VARIABLE is_max LOOP FIND_ETA_FIND_PHI BUNDLEDNAME {} DSP 0 BRAM 0 URAM 0 STORAGESUBTYPE {} DISPNAME {bind_op setlt} VISIBLE false} {BINDTYPE op ID {} IMPL auto LATENCY 0 OPTYPE setne PRAGMA {} RTLNAME icmp_ln192_fu_776_p2 SOURCE ./calorimeter.h:192 VARIABLE icmp_ln192 LOOP FIND_ETA_FIND_PHI BUNDLEDNAME {} DSP 0 BRAM 0 URAM 0 STORAGESUBTYPE {} DISPNAME {bind_op setne} VISIBLE false} {BINDTYPE op ID {} IMPL auto LATENCY 0 OPTYPE setlt PRAGMA {} RTLNAME icmp_ln190_fu_780_p2 SOURCE ./calorimeter.h:190 VARIABLE icmp_ln190 LOOP FIND_ETA_FIND_PHI BUNDLEDNAME {} DSP 0 BRAM 0 URAM 0 STORAGESUBTYPE {} DISPNAME {bind_op setlt} VISIBLE false} {BINDTYPE op ID {} IMPL auto LATENCY 0 OPTYPE xor PRAGMA {} RTLNAME xor_ln190_1_fu_784_p2 SOURCE ./calorimeter.h:190 VARIABLE xor_ln190_1 LOOP FIND_ETA_FIND_PHI BUNDLEDNAME {} DSP 0 BRAM 0 URAM 0 STORAGESUBTYPE {} DISPNAME {bind_op xor} VISIBLE false} {BINDTYPE op ID {} IMPL auto LATENCY 0 OPTYPE setgt PRAGMA {} RTLNAME icmp_ln134_fu_697_p2 SOURCE ./calorimeter.h:134 VARIABLE icmp_ln134 LOOP FIND_ETA_FIND_PHI BUNDLEDNAME {} DSP 0 BRAM 0 URAM 0 STORAGESUBTYPE {} DISPNAME {bind_op setgt} VISIBLE false} {BINDTYPE op ID {} IMPL fabric LATENCY 0 OPTYPE add PRAGMA {} RTLNAME add_ln135_fu_703_p2 SOURCE ./calorimeter.h:135 VARIABLE add_ln135 LOOP FIND_ETA_FIND_PHI BUNDLEDNAME {} DSP 0 BRAM 0 URAM 0 STORAGESUBTYPE {} DISPNAME {bind_op add} VISIBLE true} {BINDTYPE op ID {} IMPL auto_sel LATENCY 0 OPTYPE select PRAGMA {} RTLNAME phi_idx_2_fu_712_p3 SOURCE ./calorimeter.h:134 VARIABLE phi_idx_2 LOOP FIND_ETA_FIND_PHI BUNDLEDNAME {} DSP 0 BRAM 0 URAM 0 STORAGESUBTYPE {} DISPNAME {bind_op select} VISIBLE false} {BINDTYPE op ID {} IMPL fabric LATENCY 0 OPTYPE add PRAGMA {} RTLNAME add_ln188_3_fu_724_p2 SOURCE ./calorimeter.h:188 VARIABLE add_ln188_3 LOOP FIND_ETA_FIND_PHI BUNDLEDNAME {} DSP 0 BRAM 0 URAM 0 STORAGESUBTYPE {} DISPNAME {bind_op add} VISIBLE true} {BINDTYPE op ID {} IMPL fabric LATENCY 0 OPTYPE add PRAGMA {} RTLNAME add_ln188_4_fu_790_p2 SOURCE ./calorimeter.h:188 VARIABLE add_ln188_4 LOOP FIND_ETA_FIND_PHI BUNDLEDNAME {} DSP 0 BRAM 0 URAM 0 STORAGESUBTYPE {} DISPNAME {bind_op add} VISIBLE true} {BINDTYPE op ID {} IMPL fabric LATENCY 0 OPTYPE add PRAGMA {} RTLNAME add_ln188_5_fu_835_p2 SOURCE ./calorimeter.h:188 VARIABLE add_ln188_5 LOOP FIND_ETA_FIND_PHI BUNDLEDNAME {} DSP 0 BRAM 0 URAM 0 STORAGESUBTYPE {} DISPNAME {bind_op add} VISIBLE true} {BINDTYPE op ID {} IMPL fabric LATENCY 0 OPTYPE add PRAGMA {} RTLNAME add_ln159_9_fu_1212_p2 SOURCE ./calorimeter.h:159 VARIABLE add_ln159_9 LOOP FIND_ETA_FIND_PHI BUNDLEDNAME {} DSP 0 BRAM 0 URAM 0 STORAGESUBTYPE {} DISPNAME {bind_op add} VISIBLE true} {BINDTYPE op ID {} IMPL fabric LATENCY 0 OPTYPE add PRAGMA {} RTLNAME add_ln159_10_fu_1361_p2 SOURCE ./calorimeter.h:159 VARIABLE add_ln159_10 LOOP FIND_ETA_FIND_PHI BUNDLEDNAME {} DSP 0 BRAM 0 URAM 0 STORAGESUBTYPE {} DISPNAME {bind_op add} VISIBLE true} {BINDTYPE op ID {} IMPL auto_sel LATENCY 0 OPTYPE select PRAGMA {} RTLNAME phi_idx_3_fu_684_p3 SOURCE ./calorimeter.h:132 VARIABLE phi_idx_3 LOOP FIND_ETA_FIND_PHI BUNDLEDNAME {} DSP 0 BRAM 0 URAM 0 STORAGESUBTYPE {} DISPNAME {bind_op select} VISIBLE false} {BINDTYPE op ID {} IMPL fabric LATENCY 0 OPTYPE add PRAGMA {} RTLNAME add_ln188_6_fu_737_p2 SOURCE ./calorimeter.h:188 VARIABLE add_ln188_6 LOOP FIND_ETA_FIND_PHI BUNDLEDNAME {} DSP 0 BRAM 0 URAM 0 STORAGESUBTYPE {} DISPNAME {bind_op add} VISIBLE true} {BINDTYPE op ID {} IMPL fabric LATENCY 0 OPTYPE add PRAGMA {} RTLNAME add_ln188_7_fu_799_p2 SOURCE ./calorimeter.h:188 VARIABLE add_ln188_7 LOOP FIND_ETA_FIND_PHI BUNDLEDNAME {} DSP 0 BRAM 0 URAM 0 STORAGESUBTYPE {} DISPNAME {bind_op add} VISIBLE true} {BINDTYPE op ID {} IMPL fabric LATENCY 0 OPTYPE add PRAGMA {} RTLNAME add_ln159_11_fu_844_p2 SOURCE ./calorimeter.h:159 VARIABLE add_ln159_11 LOOP FIND_ETA_FIND_PHI BUNDLEDNAME {} DSP 0 BRAM 0 URAM 0 STORAGESUBTYPE {} DISPNAME {bind_op add} VISIBLE true} {BINDTYPE op ID {} IMPL fabric LATENCY 0 OPTYPE add PRAGMA {} RTLNAME add_ln159_12_fu_1014_p2 SOURCE ./calorimeter.h:159 VARIABLE add_ln159_12 LOOP FIND_ETA_FIND_PHI BUNDLEDNAME {} DSP 0 BRAM 0 URAM 0 STORAGESUBTYPE {} DISPNAME {bind_op add} VISIBLE true} {BINDTYPE op ID {} IMPL fabric LATENCY 0 OPTYPE add PRAGMA {} RTLNAME add_ln159_13_fu_1371_p2 SOURCE ./calorimeter.h:159 VARIABLE add_ln159_13 LOOP FIND_ETA_FIND_PHI BUNDLEDNAME {} DSP 0 BRAM 0 URAM 0 STORAGESUBTYPE {} DISPNAME {bind_op add} VISIBLE true} {BINDTYPE op ID {} IMPL auto LATENCY 0 OPTYPE setlt PRAGMA {} RTLNAME icmp_ln190_1_fu_853_p2 SOURCE ./calorimeter.h:190 VARIABLE icmp_ln190_1 LOOP FIND_ETA_FIND_PHI BUNDLEDNAME {} DSP 0 BRAM 0 URAM 0 STORAGESUBTYPE {} DISPNAME {bind_op setlt} VISIBLE false} {BINDTYPE op ID {} IMPL auto LATENCY 0 OPTYPE xor PRAGMA {} RTLNAME xor_ln190_2_fu_857_p2 SOURCE ./calorimeter.h:190 VARIABLE xor_ln190_2 LOOP FIND_ETA_FIND_PHI BUNDLEDNAME {} DSP 0 BRAM 0 URAM 0 STORAGESUBTYPE {} DISPNAME {bind_op xor} VISIBLE false} {BINDTYPE op ID {} IMPL auto LATENCY 0 OPTYPE setlt PRAGMA {} RTLNAME icmp_ln190_2_fu_863_p2 SOURCE ./calorimeter.h:190 VARIABLE icmp_ln190_2 LOOP FIND_ETA_FIND_PHI BUNDLEDNAME {} DSP 0 BRAM 0 URAM 0 STORAGESUBTYPE {} DISPNAME {bind_op setlt} VISIBLE false} {BINDTYPE op ID {} IMPL auto LATENCY 0 OPTYPE xor PRAGMA {} RTLNAME xor_ln190_3_fu_867_p2 SOURCE ./calorimeter.h:190 VARIABLE xor_ln190_3 LOOP FIND_ETA_FIND_PHI BUNDLEDNAME {} DSP 0 BRAM 0 URAM 0 STORAGESUBTYPE {} DISPNAME {bind_op xor} VISIBLE false} {BINDTYPE op ID {} IMPL auto LATENCY 0 OPTYPE setlt PRAGMA {} RTLNAME icmp_ln190_3_fu_873_p2 SOURCE ./calorimeter.h:190 VARIABLE icmp_ln190_3 LOOP FIND_ETA_FIND_PHI BUNDLEDNAME {} DSP 0 BRAM 0 URAM 0 STORAGESUBTYPE {} DISPNAME {bind_op setlt} VISIBLE false} {BINDTYPE op ID {} IMPL auto LATENCY 0 OPTYPE xor PRAGMA {} RTLNAME xor_ln190_4_fu_878_p2 SOURCE ./calorimeter.h:190 VARIABLE xor_ln190_4 LOOP FIND_ETA_FIND_PHI BUNDLEDNAME {} DSP 0 BRAM 0 URAM 0 STORAGESUBTYPE {} DISPNAME {bind_op xor} VISIBLE false} {BINDTYPE op ID {} IMPL auto LATENCY 0 OPTYPE and PRAGMA {} RTLNAME and_ln190_fu_809_p2 SOURCE ./calorimeter.h:190 VARIABLE and_ln190 LOOP FIND_ETA_FIND_PHI BUNDLEDNAME {} DSP 0 BRAM 0 URAM 0 STORAGESUBTYPE {} DISPNAME {bind_op and} VISIBLE false} {BINDTYPE op ID {} IMPL auto LATENCY 0 OPTYPE setlt PRAGMA {} RTLNAME grp_fu_440_p2 SOURCE ./calorimeter.h:190 VARIABLE icmp_ln190_4 LOOP FIND_ETA_FIND_PHI BUNDLEDNAME {} DSP 0 BRAM 0 URAM 0 STORAGESUBTYPE {} DISPNAME {bind_op setlt} VISIBLE false} {BINDTYPE op ID {} IMPL auto LATENCY 0 OPTYPE and PRAGMA {} RTLNAME and_ln190_1_fu_814_p2 SOURCE ./calorimeter.h:190 VARIABLE and_ln190_1 LOOP FIND_ETA_FIND_PHI BUNDLEDNAME {} DSP 0 BRAM 0 URAM 0 STORAGESUBTYPE {} DISPNAME {bind_op and} VISIBLE false} {BINDTYPE op ID {} IMPL auto LATENCY 0 OPTYPE and PRAGMA {} RTLNAME and_ln190_2_fu_820_p2 SOURCE ./calorimeter.h:190 VARIABLE and_ln190_2 LOOP FIND_ETA_FIND_PHI BUNDLEDNAME {} DSP 0 BRAM 0 URAM 0 STORAGESUBTYPE {} DISPNAME {bind_op and} VISIBLE false} {BINDTYPE op ID {} IMPL auto LATENCY 0 OPTYPE setlt PRAGMA {} RTLNAME icmp_ln190_5_fu_884_p2 SOURCE ./calorimeter.h:190 VARIABLE icmp_ln190_5 LOOP FIND_ETA_FIND_PHI BUNDLEDNAME {} DSP 0 BRAM 0 URAM 0 STORAGESUBTYPE {} DISPNAME {bind_op setlt} VISIBLE false} {BINDTYPE op ID {} IMPL auto LATENCY 0 OPTYPE and PRAGMA {} RTLNAME and_ln190_4_fu_888_p2 SOURCE ./calorimeter.h:190 VARIABLE and_ln190_4 LOOP FIND_ETA_FIND_PHI BUNDLEDNAME {} DSP 0 BRAM 0 URAM 0 STORAGESUBTYPE {} DISPNAME {bind_op and} VISIBLE false} {BINDTYPE op ID {} IMPL auto LATENCY 0 OPTYPE and PRAGMA {} RTLNAME and_ln190_5_fu_894_p2 SOURCE ./calorimeter.h:190 VARIABLE and_ln190_5 LOOP FIND_ETA_FIND_PHI BUNDLEDNAME {} DSP 0 BRAM 0 URAM 0 STORAGESUBTYPE {} DISPNAME {bind_op and} VISIBLE false} {BINDTYPE op ID {} IMPL auto LATENCY 0 OPTYPE and PRAGMA {} RTLNAME and_ln190_6_fu_900_p2 SOURCE ./calorimeter.h:190 VARIABLE and_ln190_6 LOOP FIND_ETA_FIND_PHI BUNDLEDNAME {} DSP 0 BRAM 0 URAM 0 STORAGESUBTYPE {} DISPNAME {bind_op and} VISIBLE false} {BINDTYPE op ID {} IMPL auto LATENCY 0 OPTYPE and PRAGMA {} RTLNAME and_ln190_3_fu_906_p2 SOURCE ./calorimeter.h:190 VARIABLE and_ln190_3 LOOP FIND_ETA_FIND_PHI BUNDLEDNAME {} DSP 0 BRAM 0 URAM 0 STORAGESUBTYPE {} DISPNAME {bind_op and} VISIBLE false} {BINDTYPE op ID {} IMPL auto LATENCY 0 OPTYPE setgt PRAGMA {} RTLNAME icmp_ln190_6_fu_911_p2 SOURCE ./calorimeter.h:190 VARIABLE icmp_ln190_6 LOOP FIND_ETA_FIND_PHI BUNDLEDNAME {} DSP 0 BRAM 0 URAM 0 STORAGESUBTYPE {} DISPNAME {bind_op setgt} VISIBLE false} {BINDTYPE op ID {} IMPL auto LATENCY 0 OPTYPE xor PRAGMA {} RTLNAME xor_ln190_fu_916_p2 SOURCE ./calorimeter.h:190 VARIABLE xor_ln190 LOOP FIND_ETA_FIND_PHI BUNDLEDNAME {} DSP 0 BRAM 0 URAM 0 STORAGESUBTYPE {} DISPNAME {bind_op xor} VISIBLE false} {BINDTYPE op ID {} IMPL auto LATENCY 0 OPTYPE or PRAGMA {} RTLNAME or_ln190_fu_922_p2 SOURCE ./calorimeter.h:190 VARIABLE or_ln190 LOOP FIND_ETA_FIND_PHI BUNDLEDNAME {} DSP 0 BRAM 0 URAM 0 STORAGESUBTYPE {} DISPNAME {bind_op or} VISIBLE false} {BINDTYPE op ID {} IMPL fabric LATENCY 0 OPTYPE add PRAGMA {} RTLNAME add_ln159_fu_948_p2 SOURCE ./calorimeter.h:159 VARIABLE add_ln159 LOOP FIND_ETA_FIND_PHI BUNDLEDNAME {} DSP 0 BRAM 0 URAM 0 STORAGESUBTYPE {} DISPNAME {bind_op add} VISIBLE true} {BINDTYPE op ID {} IMPL fabric LATENCY 0 OPTYPE add PRAGMA {} RTLNAME add_ln159_1_fu_958_p2 SOURCE ./calorimeter.h:159 VARIABLE add_ln159_1 LOOP FIND_ETA_FIND_PHI BUNDLEDNAME {} DSP 0 BRAM 0 URAM 0 STORAGESUBTYPE {} DISPNAME {bind_op add} VISIBLE true} {BINDTYPE op ID {} IMPL fabric LATENCY 0 OPTYPE add PRAGMA {} RTLNAME add_ln159_2_fu_968_p2 SOURCE ./calorimeter.h:159 VARIABLE add_ln159_2 LOOP FIND_ETA_FIND_PHI BUNDLEDNAME {} DSP 0 BRAM 0 URAM 0 STORAGESUBTYPE {} DISPNAME {bind_op add} VISIBLE true} {BINDTYPE op ID {} IMPL fabric LATENCY 0 OPTYPE add PRAGMA {} RTLNAME add_ln159_3_fu_974_p2 SOURCE ./calorimeter.h:159 VARIABLE add_ln159_3 LOOP FIND_ETA_FIND_PHI BUNDLEDNAME {} DSP 0 BRAM 0 URAM 0 STORAGESUBTYPE {} DISPNAME {bind_op add} VISIBLE true} {BINDTYPE op ID {} IMPL fabric LATENCY 0 OPTYPE add PRAGMA {} RTLNAME add_ln159_4_fu_1040_p2 SOURCE ./calorimeter.h:159 VARIABLE add_ln159_4 LOOP FIND_ETA_FIND_PHI BUNDLEDNAME {} DSP 0 BRAM 0 URAM 0 STORAGESUBTYPE {} DISPNAME {bind_op add} VISIBLE true} {BINDTYPE op ID {} IMPL fabric LATENCY 0 OPTYPE add PRAGMA {} RTLNAME add_ln159_5_fu_1050_p2 SOURCE ./calorimeter.h:159 VARIABLE add_ln159_5 LOOP FIND_ETA_FIND_PHI BUNDLEDNAME {} DSP 0 BRAM 0 URAM 0 STORAGESUBTYPE {} DISPNAME {bind_op add} VISIBLE true} {BINDTYPE op ID {} IMPL fabric LATENCY 0 OPTYPE add PRAGMA {} RTLNAME add_ln159_6_fu_1060_p2 SOURCE ./calorimeter.h:159 VARIABLE add_ln159_6 LOOP FIND_ETA_FIND_PHI BUNDLEDNAME {} DSP 0 BRAM 0 URAM 0 STORAGESUBTYPE {} DISPNAME {bind_op add} VISIBLE true} {BINDTYPE op ID {} IMPL fabric LATENCY 0 OPTYPE add PRAGMA {} RTLNAME cluster_et_fu_1070_p2 SOURCE ./calorimeter.h:159 VARIABLE cluster_et LOOP FIND_ETA_FIND_PHI BUNDLEDNAME {} DSP 0 BRAM 0 URAM 0 STORAGESUBTYPE {} DISPNAME {bind_op add} VISIBLE true} {BINDTYPE op ID {} IMPL auto LATENCY 0 OPTYPE setlt PRAGMA {} RTLNAME icmp_ln248_fu_1081_p2 SOURCE ./calorimeter.h:248 VARIABLE icmp_ln248 LOOP FIND_ETA_FIND_PHI BUNDLEDNAME {} DSP 0 BRAM 0 URAM 0 STORAGESUBTYPE {} DISPNAME {bind_op setlt} VISIBLE false} {BINDTYPE op ID {} IMPL fabric LATENCY 0 OPTYPE add PRAGMA {} RTLNAME add_ln156_fu_1086_p2 SOURCE ./calorimeter.h:156 VARIABLE add_ln156 LOOP FIND_ETA_FIND_PHI BUNDLEDNAME {} DSP 0 BRAM 0 URAM 0 STORAGESUBTYPE {} DISPNAME {bind_op add} VISIBLE true} {BINDTYPE op ID {} IMPL fabric LATENCY 0 OPTYPE add PRAGMA {} RTLNAME add_ln133_1_fu_1103_p2 SOURCE ./calorimeter.h:133 VARIABLE add_ln133_1 LOOP FIND_ETA_FIND_PHI BUNDLEDNAME {} DSP 0 BRAM 0 URAM 0 STORAGESUBTYPE {} DISPNAME {bind_op add} VISIBLE true} {BINDTYPE op ID {} IMPL auto_sel LATENCY 0 OPTYPE select PRAGMA {} RTLNAME phi_idx_4_fu_1108_p3 SOURCE ./calorimeter.h:132 VARIABLE phi_idx_4 LOOP FIND_ETA_FIND_PHI BUNDLEDNAME {} DSP 0 BRAM 0 URAM 0 STORAGESUBTYPE {} DISPNAME {bind_op select} VISIBLE false} {BINDTYPE op ID {} IMPL fabric LATENCY 0 OPTYPE add PRAGMA {} RTLNAME add_ln159_15_fu_1120_p2 SOURCE ./calorimeter.h:159 VARIABLE add_ln159_15 LOOP FIND_ETA_FIND_PHI BUNDLEDNAME {} DSP 0 BRAM 0 URAM 0 STORAGESUBTYPE {} DISPNAME {bind_op add} VISIBLE true} {BINDTYPE op ID {} IMPL fabric LATENCY 0 OPTYPE add PRAGMA {} RTLNAME add_ln156_1_fu_1131_p2 SOURCE ./calorimeter.h:156 VARIABLE add_ln156_1 LOOP FIND_ETA_FIND_PHI BUNDLEDNAME {} DSP 0 BRAM 0 URAM 0 STORAGESUBTYPE {} DISPNAME {bind_op add} VISIBLE true} {BINDTYPE op ID {} IMPL auto LATENCY 0 OPTYPE setgt PRAGMA {} RTLNAME icmp_ln134_1_fu_1136_p2 SOURCE ./calorimeter.h:134 VARIABLE icmp_ln134_1 LOOP FIND_ETA_FIND_PHI BUNDLEDNAME {} DSP 0 BRAM 0 URAM 0 STORAGESUBTYPE {} DISPNAME {bind_op setgt} VISIBLE false} {BINDTYPE op ID {} IMPL fabric LATENCY 0 OPTYPE add PRAGMA {} RTLNAME add_ln135_1_fu_1142_p2 SOURCE ./calorimeter.h:135 VARIABLE add_ln135_1 LOOP FIND_ETA_FIND_PHI BUNDLEDNAME {} DSP 0 BRAM 0 URAM 0 STORAGESUBTYPE {} DISPNAME {bind_op add} VISIBLE true} {BINDTYPE op ID {} IMPL auto_sel LATENCY 0 OPTYPE select PRAGMA {} RTLNAME phi_idx_5_fu_1151_p3 SOURCE ./calorimeter.h:134 VARIABLE phi_idx_5 LOOP FIND_ETA_FIND_PHI BUNDLEDNAME {} DSP 0 BRAM 0 URAM 0 STORAGESUBTYPE {} DISPNAME {bind_op select} VISIBLE false} {BINDTYPE op ID {} IMPL fabric LATENCY 0 OPTYPE add PRAGMA {} RTLNAME add_ln159_16_fu_1246_p2 SOURCE ./calorimeter.h:159 VARIABLE add_ln159_16 LOOP FIND_ETA_FIND_PHI BUNDLEDNAME {} DSP 0 BRAM 0 URAM 0 STORAGESUBTYPE {} DISPNAME {bind_op add} VISIBLE true} {BINDTYPE op ID {} IMPL fabric LATENCY 0 OPTYPE add PRAGMA {} RTLNAME add_ln159_17_fu_1288_p2 SOURCE ./calorimeter.h:159 VARIABLE add_ln159_17 LOOP FIND_ETA_FIND_PHI BUNDLEDNAME {} DSP 0 BRAM 0 URAM 0 STORAGESUBTYPE {} DISPNAME {bind_op add} VISIBLE true} {BINDTYPE op ID {} IMPL fabric LATENCY 0 OPTYPE add PRAGMA {} RTLNAME add_ln159_18_fu_1381_p2 SOURCE ./calorimeter.h:159 VARIABLE add_ln159_18 LOOP FIND_ETA_FIND_PHI BUNDLEDNAME {} DSP 0 BRAM 0 URAM 0 STORAGESUBTYPE {} DISPNAME {bind_op add} VISIBLE true} {BINDTYPE op ID {} IMPL fabric LATENCY 0 OPTYPE add PRAGMA {} RTLNAME add_ln159_19_fu_1390_p2 SOURCE ./calorimeter.h:159 VARIABLE add_ln159_19 LOOP FIND_ETA_FIND_PHI BUNDLEDNAME {} DSP 0 BRAM 0 URAM 0 STORAGESUBTYPE {} DISPNAME {bind_op add} VISIBLE true} {BINDTYPE op ID {} IMPL fabric LATENCY 0 OPTYPE add PRAGMA {} RTLNAME add_ln159_20_fu_1394_p2 SOURCE ./calorimeter.h:159 VARIABLE add_ln159_20 LOOP FIND_ETA_FIND_PHI BUNDLEDNAME {} DSP 0 BRAM 0 URAM 0 STORAGESUBTYPE {} DISPNAME {bind_op add} VISIBLE true} {BINDTYPE op ID {} IMPL auto_sel LATENCY 0 OPTYPE select PRAGMA {} RTLNAME phi_idx_6_fu_1163_p3 SOURCE ./calorimeter.h:132 VARIABLE phi_idx_6 LOOP FIND_ETA_FIND_PHI BUNDLEDNAME {} DSP 0 BRAM 0 URAM 0 STORAGESUBTYPE {} DISPNAME {bind_op select} VISIBLE false} {BINDTYPE op ID {} IMPL fabric LATENCY 0 OPTYPE add PRAGMA {} RTLNAME add_ln159_21_fu_1259_p2 SOURCE ./calorimeter.h:159 VARIABLE add_ln159_21 LOOP FIND_ETA_FIND_PHI BUNDLEDNAME {} DSP 0 BRAM 0 URAM 0 STORAGESUBTYPE {} DISPNAME {bind_op add} VISIBLE true} {BINDTYPE op ID {} IMPL fabric LATENCY 0 OPTYPE add PRAGMA {} RTLNAME add_ln159_22_fu_1301_p2 SOURCE ./calorimeter.h:159 VARIABLE add_ln159_22 LOOP FIND_ETA_FIND_PHI BUNDLEDNAME {} DSP 0 BRAM 0 URAM 0 STORAGESUBTYPE {} DISPNAME {bind_op add} VISIBLE true} {BINDTYPE op ID {} IMPL fabric LATENCY 0 OPTYPE add PRAGMA {} RTLNAME add_ln159_23_fu_1399_p2 SOURCE ./calorimeter.h:159 VARIABLE add_ln159_23 LOOP FIND_ETA_FIND_PHI BUNDLEDNAME {} DSP 0 BRAM 0 URAM 0 STORAGESUBTYPE {} DISPNAME {bind_op add} VISIBLE true} {BINDTYPE op ID {} IMPL fabric LATENCY 0 OPTYPE add PRAGMA {} RTLNAME add_ln159_24_fu_1408_p2 SOURCE ./calorimeter.h:159 VARIABLE add_ln159_24 LOOP FIND_ETA_FIND_PHI BUNDLEDNAME {} DSP 0 BRAM 0 URAM 0 STORAGESUBTYPE {} DISPNAME {bind_op add} VISIBLE true} {BINDTYPE op ID {} IMPL fabric LATENCY 0 OPTYPE add PRAGMA {} RTLNAME add_ln211_fu_1229_p2 SOURCE ./calorimeter.h:211 VARIABLE add_ln211 LOOP FIND_ETA_FIND_PHI BUNDLEDNAME {} DSP 0 BRAM 0 URAM 0 STORAGESUBTYPE {} DISPNAME {bind_op add} VISIBLE true} {BINDTYPE op ID {} IMPL fabric LATENCY 0 OPTYPE add PRAGMA {} RTLNAME add_ln211_1_fu_1272_p2 SOURCE ./calorimeter.h:211 VARIABLE add_ln211_1 LOOP FIND_ETA_FIND_PHI BUNDLEDNAME {} DSP 0 BRAM 0 URAM 0 STORAGESUBTYPE {} DISPNAME {bind_op add} VISIBLE true} {BINDTYPE op ID {} IMPL fabric LATENCY 0 OPTYPE add PRAGMA {} RTLNAME add_ln211_2_fu_1282_p2 SOURCE ./calorimeter.h:211 VARIABLE add_ln211_2 LOOP FIND_ETA_FIND_PHI BUNDLEDNAME {} DSP 0 BRAM 0 URAM 0 STORAGESUBTYPE {} DISPNAME {bind_op add} VISIBLE true} {BINDTYPE op ID {} IMPL fabric LATENCY 0 OPTYPE add PRAGMA {} RTLNAME add_ln211_3_fu_1314_p2 SOURCE ./calorimeter.h:211 VARIABLE add_ln211_3 LOOP FIND_ETA_FIND_PHI BUNDLEDNAME {} DSP 0 BRAM 0 URAM 0 STORAGESUBTYPE {} DISPNAME {bind_op add} VISIBLE true} {BINDTYPE op ID {} IMPL fabric LATENCY 0 OPTYPE add PRAGMA {} RTLNAME add_ln211_4_fu_1427_p2 SOURCE ./calorimeter.h:211 VARIABLE add_ln211_4 LOOP FIND_ETA_FIND_PHI BUNDLEDNAME {} DSP 0 BRAM 0 URAM 0 STORAGESUBTYPE {} DISPNAME {bind_op add} VISIBLE true} {BINDTYPE op ID {} IMPL fabric LATENCY 0 OPTYPE add PRAGMA {} RTLNAME add_ln211_5_fu_1437_p2 SOURCE ./calorimeter.h:211 VARIABLE add_ln211_5 LOOP FIND_ETA_FIND_PHI BUNDLEDNAME {} DSP 0 BRAM 0 URAM 0 STORAGESUBTYPE {} DISPNAME {bind_op add} VISIBLE true} {BINDTYPE op ID {} IMPL fabric LATENCY 0 OPTYPE add PRAGMA {} RTLNAME add_ln211_6_fu_1447_p2 SOURCE ./calorimeter.h:211 VARIABLE add_ln211_6 LOOP FIND_ETA_FIND_PHI BUNDLEDNAME {} DSP 0 BRAM 0 URAM 0 STORAGESUBTYPE {} DISPNAME {bind_op add} VISIBLE true} {BINDTYPE op ID {} IMPL fabric LATENCY 0 OPTYPE add PRAGMA {} RTLNAME add_ln211_7_fu_1469_p2 SOURCE ./calorimeter.h:211 VARIABLE add_ln211_7 LOOP FIND_ETA_FIND_PHI BUNDLEDNAME {} DSP 0 BRAM 0 URAM 0 STORAGESUBTYPE {} DISPNAME {bind_op add} VISIBLE true} {BINDTYPE op ID {} IMPL fabric LATENCY 0 OPTYPE add PRAGMA {} RTLNAME add_ln211_8_fu_1486_p2 SOURCE ./calorimeter.h:211 VARIABLE add_ln211_8 LOOP FIND_ETA_FIND_PHI BUNDLEDNAME {} DSP 0 BRAM 0 URAM 0 STORAGESUBTYPE {} DISPNAME {bind_op add} VISIBLE true} {BINDTYPE op ID {} IMPL fabric LATENCY 0 OPTYPE add PRAGMA {} RTLNAME add_ln211_9_fu_1496_p2 SOURCE ./calorimeter.h:211 VARIABLE add_ln211_9 LOOP FIND_ETA_FIND_PHI BUNDLEDNAME {} DSP 0 BRAM 0 URAM 0 STORAGESUBTYPE {} DISPNAME {bind_op add} VISIBLE true} {BINDTYPE op ID {} IMPL fabric LATENCY 0 OPTYPE add PRAGMA {} RTLNAME add_ln211_10_fu_1510_p2 SOURCE ./calorimeter.h:211 VARIABLE add_ln211_10 LOOP FIND_ETA_FIND_PHI BUNDLEDNAME {} DSP 0 BRAM 0 URAM 0 STORAGESUBTYPE {} DISPNAME {bind_op add} VISIBLE true} {BINDTYPE op ID {} IMPL fabric LATENCY 0 OPTYPE add PRAGMA {} RTLNAME add_ln211_11_fu_1536_p2 SOURCE ./calorimeter.h:211 VARIABLE add_ln211_11 LOOP FIND_ETA_FIND_PHI BUNDLEDNAME {} DSP 0 BRAM 0 URAM 0 STORAGESUBTYPE {} DISPNAME {bind_op add} VISIBLE true} {BINDTYPE op ID {} IMPL fabric LATENCY 0 OPTYPE add PRAGMA {} RTLNAME add_ln211_12_fu_1546_p2 SOURCE ./calorimeter.h:211 VARIABLE add_ln211_12 LOOP FIND_ETA_FIND_PHI BUNDLEDNAME {} DSP 0 BRAM 0 URAM 0 STORAGESUBTYPE {} DISPNAME {bind_op add} VISIBLE true} {BINDTYPE op ID {} IMPL fabric LATENCY 0 OPTYPE add PRAGMA {} RTLNAME add_ln211_13_fu_1556_p2 SOURCE ./calorimeter.h:211 VARIABLE add_ln211_13 LOOP FIND_ETA_FIND_PHI BUNDLEDNAME {} DSP 0 BRAM 0 URAM 0 STORAGESUBTYPE {} DISPNAME {bind_op add} VISIBLE true} {BINDTYPE op ID {} IMPL fabric LATENCY 0 OPTYPE add PRAGMA {} RTLNAME isolation_et_fu_1566_p2 SOURCE ./calorimeter.h:211 VARIABLE isolation_et LOOP FIND_ETA_FIND_PHI BUNDLEDNAME {} DSP 0 BRAM 0 URAM 0 STORAGESUBTYPE {} DISPNAME {bind_op add} VISIBLE true} {BINDTYPE op ID {} IMPL auto LATENCY 0 OPTYPE setlt PRAGMA {} RTLNAME icmp_ln257_fu_1171_p2 SOURCE ./calorimeter.h:257 VARIABLE icmp_ln257 LOOP FIND_ETA_FIND_PHI BUNDLEDNAME {} DSP 0 BRAM 0 URAM 0 STORAGESUBTYPE {} DISPNAME {bind_op setlt} VISIBLE false} {BINDTYPE op ID {} IMPL fabric LATENCY 0 OPTYPE add PRAGMA {} RTLNAME add_ln265_fu_1187_p2 SOURCE ./calorimeter.h:265 VARIABLE add_ln265 LOOP FIND_ETA_FIND_PHI BUNDLEDNAME {} DSP 0 BRAM 0 URAM 0 STORAGESUBTYPE {} DISPNAME {bind_op add} VISIBLE true}} AREA {DSP 0 BRAM 0 URAM 0}} select_top_n {BINDINFO {{BINDTYPE op ID {} IMPL auto LATENCY 0 OPTYPE seteq PRAGMA {} RTLNAME icmp_ln121_fu_1399_p2 SOURCE calorimeter.cpp:121 VARIABLE icmp_ln121 LOOP FIND_CLUSTER BUNDLEDNAME {} DSP 0 BRAM 0 URAM 0 STORAGESUBTYPE {} DISPNAME {bind_op seteq} VISIBLE false} {BINDTYPE op ID {} IMPL fabric LATENCY 0 OPTYPE add PRAGMA {} RTLNAME add_ln121_fu_1405_p2 SOURCE calorimeter.cpp:121 VARIABLE add_ln121 LOOP FIND_CLUSTER BUNDLEDNAME {} DSP 0 BRAM 0 URAM 0 STORAGESUBTYPE {} DISPNAME {bind_op add} VISIBLE true} {BINDTYPE op ID {} IMPL auto LATENCY 0 OPTYPE setlt PRAGMA {} RTLNAME icmp_ln123_fu_1420_p2 SOURCE calorimeter.cpp:123 VARIABLE icmp_ln123 LOOP FIND_CLUSTER BUNDLEDNAME {} DSP 0 BRAM 0 URAM 0 STORAGESUBTYPE {} DISPNAME {bind_op setlt} VISIBLE false} {BINDTYPE op ID {} IMPL auto_sel LATENCY 0 OPTYPE select PRAGMA {} RTLNAME select_ln130_fu_1878_p3 SOURCE calorimeter.cpp:130 VARIABLE select_ln130 LOOP FIND_CLUSTER BUNDLEDNAME {} DSP 0 BRAM 0 URAM 0 STORAGESUBTYPE {} DISPNAME {bind_op select} VISIBLE false} {BINDTYPE op ID {} IMPL auto LATENCY 0 OPTYPE xor PRAGMA {} RTLNAME xor_ln133_fu_1886_p2 SOURCE calorimeter.cpp:133 VARIABLE xor_ln133 LOOP FIND_CLUSTER BUNDLEDNAME {} DSP 0 BRAM 0 URAM 0 STORAGESUBTYPE {} DISPNAME {bind_op xor} VISIBLE false} {BINDTYPE op ID {} IMPL auto LATENCY 0 OPTYPE setgt PRAGMA {} RTLNAME icmp_ln79_fu_1892_p2 SOURCE calorimeter.cpp:79 VARIABLE icmp_ln79 LOOP FIND_CLUSTER BUNDLEDNAME {} DSP 0 BRAM 0 URAM 0 STORAGESUBTYPE {} DISPNAME {bind_op setgt} VISIBLE false} {BINDTYPE op ID {} IMPL auto LATENCY 0 OPTYPE or PRAGMA {} RTLNAME or_ln133_fu_1898_p2 SOURCE calorimeter.cpp:133 VARIABLE or_ln133 LOOP FIND_CLUSTER BUNDLEDNAME {} DSP 0 BRAM 0 URAM 0 STORAGESUBTYPE {} DISPNAME {bind_op or} VISIBLE false} {BINDTYPE op ID {} IMPL auto LATENCY 0 OPTYPE setlt PRAGMA {} RTLNAME icmp_ln83_fu_1904_p2 SOURCE calorimeter.cpp:83 VARIABLE icmp_ln83 LOOP FIND_CLUSTER BUNDLEDNAME {} DSP 0 BRAM 0 URAM 0 STORAGESUBTYPE {} DISPNAME {bind_op setlt} VISIBLE false} {BINDTYPE op ID {} IMPL auto LATENCY 0 OPTYPE setlt PRAGMA {} RTLNAME icmp_ln87_fu_1910_p2 SOURCE calorimeter.cpp:87 VARIABLE icmp_ln87 LOOP FIND_CLUSTER BUNDLEDNAME {} DSP 0 BRAM 0 URAM 0 STORAGESUBTYPE {} DISPNAME {bind_op setlt} VISIBLE false} {BINDTYPE op ID {} IMPL auto LATENCY 0 OPTYPE setlt PRAGMA {} RTLNAME icmp_ln91_fu_1916_p2 SOURCE calorimeter.cpp:91 VARIABLE icmp_ln91 LOOP FIND_CLUSTER BUNDLEDNAME {} DSP 0 BRAM 0 URAM 0 STORAGESUBTYPE {} DISPNAME {bind_op setlt} VISIBLE false} {BINDTYPE op ID {} IMPL auto LATENCY 0 OPTYPE xor PRAGMA {} RTLNAME xor_ln91_7_fu_1922_p2 SOURCE calorimeter.cpp:91 VARIABLE xor_ln91_7 LOOP FIND_CLUSTER BUNDLEDNAME {} DSP 0 BRAM 0 URAM 0 STORAGESUBTYPE {} DISPNAME {bind_op xor} VISIBLE false} {BINDTYPE op ID {} IMPL auto LATENCY 0 OPTYPE setlt PRAGMA {} RTLNAME icmp_ln95_fu_1928_p2 SOURCE calorimeter.cpp:95 VARIABLE icmp_ln95 LOOP FIND_CLUSTER BUNDLEDNAME {} DSP 0 BRAM 0 URAM 0 STORAGESUBTYPE {} DISPNAME {bind_op setlt} VISIBLE false} {BINDTYPE op ID {} IMPL auto LATENCY 0 OPTYPE and PRAGMA {} RTLNAME and_ln91_fu_1934_p2 SOURCE calorimeter.cpp:91 VARIABLE and_ln91 LOOP FIND_CLUSTER BUNDLEDNAME {} DSP 0 BRAM 0 URAM 0 STORAGESUBTYPE {} DISPNAME {bind_op and} VISIBLE false} {BINDTYPE op ID {} IMPL auto LATENCY 0 OPTYPE xor PRAGMA {} RTLNAME xor_ln91_fu_1940_p2 SOURCE calorimeter.cpp:91 VARIABLE xor_ln91 LOOP FIND_CLUSTER BUNDLEDNAME {} DSP 0 BRAM 0 URAM 0 STORAGESUBTYPE {} DISPNAME {bind_op xor} VISIBLE false} {BINDTYPE op ID {} IMPL auto LATENCY 0 OPTYPE or PRAGMA {} RTLNAME or_ln91_fu_1946_p2 SOURCE calorimeter.cpp:91 VARIABLE or_ln91 LOOP FIND_CLUSTER BUNDLEDNAME {} DSP 0 BRAM 0 URAM 0 STORAGESUBTYPE {} DISPNAME {bind_op or} VISIBLE false} {BINDTYPE op ID {} IMPL auto LATENCY 0 OPTYPE and PRAGMA {} RTLNAME and_ln91_8_fu_1952_p2 SOURCE calorimeter.cpp:91 VARIABLE and_ln91_8 LOOP FIND_CLUSTER BUNDLEDNAME {} DSP 0 BRAM 0 URAM 0 STORAGESUBTYPE {} DISPNAME {bind_op and} VISIBLE false} {BINDTYPE op ID {} IMPL auto LATENCY 0 OPTYPE xor PRAGMA {} RTLNAME xor_ln91_6_fu_1958_p2 SOURCE calorimeter.cpp:91 VARIABLE xor_ln91_6 LOOP FIND_CLUSTER BUNDLEDNAME {} DSP 0 BRAM 0 URAM 0 STORAGESUBTYPE {} DISPNAME {bind_op xor} VISIBLE false} {BINDTYPE op ID {} IMPL auto LATENCY 0 OPTYPE setgt PRAGMA {} RTLNAME grp_fu_787_p2 SOURCE calorimeter.cpp:79 VARIABLE icmp_ln79_2 LOOP FIND_CLUSTER BUNDLEDNAME {} DSP 0 BRAM 0 URAM 0 STORAGESUBTYPE {} DISPNAME {bind_op setgt} VISIBLE false} {BINDTYPE op ID {} IMPL auto LATENCY 0 OPTYPE xor PRAGMA {} RTLNAME xor_ln133_1_fu_1968_p2 SOURCE calorimeter.cpp:133 VARIABLE xor_ln133_1 LOOP FIND_CLUSTER BUNDLEDNAME {} DSP 0 BRAM 0 URAM 0 STORAGESUBTYPE {} DISPNAME {bind_op xor} VISIBLE false} {BINDTYPE op ID {} IMPL auto LATENCY 0 OPTYPE setgt PRAGMA {} RTLNAME grp_fu_787_p2 SOURCE calorimeter.cpp:79 VARIABLE icmp_ln79_1 LOOP FIND_CLUSTER BUNDLEDNAME {} DSP 0 BRAM 0 URAM 0 STORAGESUBTYPE {} DISPNAME {bind_op setgt} VISIBLE false} {BINDTYPE op ID {} IMPL auto LATENCY 0 OPTYPE or PRAGMA {} RTLNAME or_ln133_1_fu_1974_p2 SOURCE calorimeter.cpp:133 VARIABLE or_ln133_1 LOOP FIND_CLUSTER BUNDLEDNAME {} DSP 0 BRAM 0 URAM 0 STORAGESUBTYPE {} DISPNAME {bind_op or} VISIBLE false} {BINDTYPE op ID {} IMPL auto LATENCY 0 OPTYPE setlt PRAGMA {} RTLNAME icmp_ln83_1_fu_1983_p2 SOURCE calorimeter.cpp:83 VARIABLE icmp_ln83_1 LOOP FIND_CLUSTER BUNDLEDNAME {} DSP 0 BRAM 0 URAM 0 STORAGESUBTYPE {} DISPNAME {bind_op setlt} VISIBLE false} {BINDTYPE op ID {} IMPL auto LATENCY 0 OPTYPE setlt PRAGMA {} RTLNAME icmp_ln87_1_fu_1989_p2 SOURCE calorimeter.cpp:87 VARIABLE icmp_ln87_1 LOOP FIND_CLUSTER BUNDLEDNAME {} DSP 0 BRAM 0 URAM 0 STORAGESUBTYPE {} DISPNAME {bind_op setlt} VISIBLE false} {BINDTYPE op ID {} IMPL auto LATENCY 0 OPTYPE setlt PRAGMA {} RTLNAME icmp_ln91_1_fu_1995_p2 SOURCE calorimeter.cpp:91 VARIABLE icmp_ln91_1 LOOP FIND_CLUSTER BUNDLEDNAME {} DSP 0 BRAM 0 URAM 0 STORAGESUBTYPE {} DISPNAME {bind_op setlt} VISIBLE false} {BINDTYPE op ID {} IMPL auto LATENCY 0 OPTYPE xor PRAGMA {} RTLNAME xor_ln91_8_fu_2001_p2 SOURCE calorimeter.cpp:91 VARIABLE xor_ln91_8 LOOP FIND_CLUSTER BUNDLEDNAME {} DSP 0 BRAM 0 URAM 0 STORAGESUBTYPE {} DISPNAME {bind_op xor} VISIBLE false} {BINDTYPE op ID {} IMPL auto LATENCY 0 OPTYPE setlt PRAGMA {} RTLNAME icmp_ln95_1_fu_2007_p2 SOURCE calorimeter.cpp:95 VARIABLE icmp_ln95_1 LOOP FIND_CLUSTER BUNDLEDNAME {} DSP 0 BRAM 0 URAM 0 STORAGESUBTYPE {} DISPNAME {bind_op setlt} VISIBLE false} {BINDTYPE op ID {} IMPL auto LATENCY 0 OPTYPE and PRAGMA {} RTLNAME and_ln91_1_fu_2013_p2 SOURCE calorimeter.cpp:91 VARIABLE and_ln91_1 LOOP FIND_CLUSTER BUNDLEDNAME {} DSP 0 BRAM 0 URAM 0 STORAGESUBTYPE {} DISPNAME {bind_op and} VISIBLE false} {BINDTYPE op ID {} IMPL auto LATENCY 0 OPTYPE xor PRAGMA {} RTLNAME xor_ln91_1_fu_2019_p2 SOURCE calorimeter.cpp:91 VARIABLE xor_ln91_1 LOOP FIND_CLUSTER BUNDLEDNAME {} DSP 0 BRAM 0 URAM 0 STORAGESUBTYPE {} DISPNAME {bind_op xor} VISIBLE false} {BINDTYPE op ID {} IMPL auto LATENCY 0 OPTYPE or PRAGMA {} RTLNAME or_ln91_1_fu_2025_p2 SOURCE calorimeter.cpp:91 VARIABLE or_ln91_1 LOOP FIND_CLUSTER BUNDLEDNAME {} DSP 0 BRAM 0 URAM 0 STORAGESUBTYPE {} DISPNAME {bind_op or} VISIBLE false} {BINDTYPE op ID {} IMPL auto_sel LATENCY 0 OPTYPE select PRAGMA {} RTLNAME select_ln91_fu_2031_p3 SOURCE calorimeter.cpp:91 VARIABLE select_ln91 LOOP FIND_CLUSTER BUNDLEDNAME {} DSP 0 BRAM 0 URAM 0 STORAGESUBTYPE {} DISPNAME {bind_op select} VISIBLE false} {BINDTYPE op ID {} IMPL auto LATENCY 0 OPTYPE setgt PRAGMA {} RTLNAME grp_fu_804_p2 SOURCE calorimeter.cpp:79 VARIABLE icmp_ln79_4 LOOP FIND_CLUSTER BUNDLEDNAME {} DSP 0 BRAM 0 URAM 0 STORAGESUBTYPE {} DISPNAME {bind_op setgt} VISIBLE false} {BINDTYPE op ID {} IMPL auto LATENCY 0 OPTYPE xor PRAGMA {} RTLNAME xor_ln133_2_fu_2039_p2 SOURCE calorimeter.cpp:133 VARIABLE xor_ln133_2 LOOP FIND_CLUSTER BUNDLEDNAME {} DSP 0 BRAM 0 URAM 0 STORAGESUBTYPE {} DISPNAME {bind_op xor} VISIBLE false} {BINDTYPE op ID {} IMPL auto LATENCY 0 OPTYPE setgt PRAGMA {} RTLNAME grp_fu_804_p2 SOURCE calorimeter.cpp:79 VARIABLE icmp_ln79_3 LOOP FIND_CLUSTER BUNDLEDNAME {} DSP 0 BRAM 0 URAM 0 STORAGESUBTYPE {} DISPNAME {bind_op setgt} VISIBLE false} {BINDTYPE op ID {} IMPL auto LATENCY 0 OPTYPE or PRAGMA {} RTLNAME or_ln133_2_fu_2045_p2 SOURCE calorimeter.cpp:133 VARIABLE or_ln133_2 LOOP FIND_CLUSTER BUNDLEDNAME {} DSP 0 BRAM 0 URAM 0 STORAGESUBTYPE {} DISPNAME {bind_op or} VISIBLE false} {BINDTYPE op ID {} IMPL auto LATENCY 0 OPTYPE setlt PRAGMA {} RTLNAME icmp_ln83_2_fu_2054_p2 SOURCE calorimeter.cpp:83 VARIABLE icmp_ln83_2 LOOP FIND_CLUSTER BUNDLEDNAME {} DSP 0 BRAM 0 URAM 0 STORAGESUBTYPE {} DISPNAME {bind_op setlt} VISIBLE false} {BINDTYPE op ID {} IMPL auto LATENCY 0 OPTYPE setlt PRAGMA {} RTLNAME icmp_ln87_2_fu_2060_p2 SOURCE calorimeter.cpp:87 VARIABLE icmp_ln87_2 LOOP FIND_CLUSTER BUNDLEDNAME {} DSP 0 BRAM 0 URAM 0 STORAGESUBTYPE {} DISPNAME {bind_op setlt} VISIBLE false} {BINDTYPE op ID {} IMPL auto LATENCY 0 OPTYPE setlt PRAGMA {} RTLNAME icmp_ln91_2_fu_2066_p2 SOURCE calorimeter.cpp:91 VARIABLE icmp_ln91_2 LOOP FIND_CLUSTER BUNDLEDNAME {} DSP 0 BRAM 0 URAM 0 STORAGESUBTYPE {} DISPNAME {bind_op setlt} VISIBLE false} {BINDTYPE op ID {} IMPL auto LATENCY 0 OPTYPE xor PRAGMA {} RTLNAME xor_ln91_9_fu_2072_p2 SOURCE calorimeter.cpp:91 VARIABLE xor_ln91_9 LOOP FIND_CLUSTER BUNDLEDNAME {} DSP 0 BRAM 0 URAM 0 STORAGESUBTYPE {} DISPNAME {bind_op xor} VISIBLE false} {BINDTYPE op ID {} IMPL auto LATENCY 0 OPTYPE setlt PRAGMA {} RTLNAME icmp_ln95_2_fu_2078_p2 SOURCE calorimeter.cpp:95 VARIABLE icmp_ln95_2 LOOP FIND_CLUSTER BUNDLEDNAME {} DSP 0 BRAM 0 URAM 0 STORAGESUBTYPE {} DISPNAME {bind_op setlt} VISIBLE false} {BINDTYPE op ID {} IMPL auto LATENCY 0 OPTYPE and PRAGMA {} RTLNAME and_ln91_2_fu_2084_p2 SOURCE calorimeter.cpp:91 VARIABLE and_ln91_2 LOOP FIND_CLUSTER BUNDLEDNAME {} DSP 0 BRAM 0 URAM 0 STORAGESUBTYPE {} DISPNAME {bind_op and} VISIBLE false} {BINDTYPE op ID {} IMPL auto LATENCY 0 OPTYPE xor PRAGMA {} RTLNAME xor_ln91_2_fu_2090_p2 SOURCE calorimeter.cpp:91 VARIABLE xor_ln91_2 LOOP FIND_CLUSTER BUNDLEDNAME {} DSP 0 BRAM 0 URAM 0 STORAGESUBTYPE {} DISPNAME {bind_op xor} VISIBLE false} {BINDTYPE op ID {} IMPL auto LATENCY 0 OPTYPE or PRAGMA {} RTLNAME or_ln91_2_fu_2096_p2 SOURCE calorimeter.cpp:91 VARIABLE or_ln91_2 LOOP FIND_CLUSTER BUNDLEDNAME {} DSP 0 BRAM 0 URAM 0 STORAGESUBTYPE {} DISPNAME {bind_op or} VISIBLE false} {BINDTYPE op ID {} IMPL auto_sel LATENCY 0 OPTYPE select PRAGMA {} RTLNAME select_ln91_1_fu_2102_p3 SOURCE calorimeter.cpp:91 VARIABLE select_ln91_1 LOOP FIND_CLUSTER BUNDLEDNAME {} DSP 0 BRAM 0 URAM 0 STORAGESUBTYPE {} DISPNAME {bind_op select} VISIBLE false} {BINDTYPE op ID {} IMPL auto LATENCY 0 OPTYPE setgt PRAGMA {} RTLNAME grp_fu_821_p2 SOURCE calorimeter.cpp:79 VARIABLE icmp_ln79_6 LOOP FIND_CLUSTER BUNDLEDNAME {} DSP 0 BRAM 0 URAM 0 STORAGESUBTYPE {} DISPNAME {bind_op setgt} VISIBLE false} {BINDTYPE op ID {} IMPL auto LATENCY 0 OPTYPE xor PRAGMA {} RTLNAME xor_ln133_3_fu_2110_p2 SOURCE calorimeter.cpp:133 VARIABLE xor_ln133_3 LOOP FIND_CLUSTER BUNDLEDNAME {} DSP 0 BRAM 0 URAM 0 STORAGESUBTYPE {} DISPNAME {bind_op xor} VISIBLE false} {BINDTYPE op ID {} IMPL auto LATENCY 0 OPTYPE setgt PRAGMA {} RTLNAME grp_fu_821_p2 SOURCE calorimeter.cpp:79 VARIABLE icmp_ln79_5 LOOP FIND_CLUSTER BUNDLEDNAME {} DSP 0 BRAM 0 URAM 0 STORAGESUBTYPE {} DISPNAME {bind_op setgt} VISIBLE false} {BINDTYPE op ID {} IMPL auto LATENCY 0 OPTYPE or PRAGMA {} RTLNAME or_ln133_3_fu_2116_p2 SOURCE calorimeter.cpp:133 VARIABLE or_ln133_3 LOOP FIND_CLUSTER BUNDLEDNAME {} DSP 0 BRAM 0 URAM 0 STORAGESUBTYPE {} DISPNAME {bind_op or} VISIBLE false} {BINDTYPE op ID {} IMPL auto LATENCY 0 OPTYPE setlt PRAGMA {} RTLNAME icmp_ln83_3_fu_2125_p2 SOURCE calorimeter.cpp:83 VARIABLE icmp_ln83_3 LOOP FIND_CLUSTER BUNDLEDNAME {} DSP 0 BRAM 0 URAM 0 STORAGESUBTYPE {} DISPNAME {bind_op setlt} VISIBLE false} {BINDTYPE op ID {} IMPL auto LATENCY 0 OPTYPE setlt PRAGMA {} RTLNAME icmp_ln87_3_fu_2131_p2 SOURCE calorimeter.cpp:87 VARIABLE icmp_ln87_3 LOOP FIND_CLUSTER BUNDLEDNAME {} DSP 0 BRAM 0 URAM 0 STORAGESUBTYPE {} DISPNAME {bind_op setlt} VISIBLE false} {BINDTYPE op ID {} IMPL auto LATENCY 0 OPTYPE setlt PRAGMA {} RTLNAME icmp_ln91_3_fu_2137_p2 SOURCE calorimeter.cpp:91 VARIABLE icmp_ln91_3 LOOP FIND_CLUSTER BUNDLEDNAME {} DSP 0 BRAM 0 URAM 0 STORAGESUBTYPE {} DISPNAME {bind_op setlt} VISIBLE false} {BINDTYPE op ID {} IMPL auto LATENCY 0 OPTYPE xor PRAGMA {} RTLNAME xor_ln91_10_fu_2143_p2 SOURCE calorimeter.cpp:91 VARIABLE xor_ln91_10 LOOP FIND_CLUSTER BUNDLEDNAME {} DSP 0 BRAM 0 URAM 0 STORAGESUBTYPE {} DISPNAME {bind_op xor} VISIBLE false} {BINDTYPE op ID {} IMPL auto LATENCY 0 OPTYPE setlt PRAGMA {} RTLNAME icmp_ln95_3_fu_2149_p2 SOURCE calorimeter.cpp:95 VARIABLE icmp_ln95_3 LOOP FIND_CLUSTER BUNDLEDNAME {} DSP 0 BRAM 0 URAM 0 STORAGESUBTYPE {} DISPNAME {bind_op setlt} VISIBLE false} {BINDTYPE op ID {} IMPL auto LATENCY 0 OPTYPE and PRAGMA {} RTLNAME and_ln91_3_fu_2155_p2 SOURCE calorimeter.cpp:91 VARIABLE and_ln91_3 LOOP FIND_CLUSTER BUNDLEDNAME {} DSP 0 BRAM 0 URAM 0 STORAGESUBTYPE {} DISPNAME {bind_op and} VISIBLE false} {BINDTYPE op ID {} IMPL auto LATENCY 0 OPTYPE xor PRAGMA {} RTLNAME xor_ln91_3_fu_2161_p2 SOURCE calorimeter.cpp:91 VARIABLE xor_ln91_3 LOOP FIND_CLUSTER BUNDLEDNAME {} DSP 0 BRAM 0 URAM 0 STORAGESUBTYPE {} DISPNAME {bind_op xor} VISIBLE false} {BINDTYPE op ID {} IMPL auto LATENCY 0 OPTYPE or PRAGMA {} RTLNAME or_ln91_3_fu_2167_p2 SOURCE calorimeter.cpp:91 VARIABLE or_ln91_3 LOOP FIND_CLUSTER BUNDLEDNAME {} DSP 0 BRAM 0 URAM 0 STORAGESUBTYPE {} DISPNAME {bind_op or} VISIBLE false} {BINDTYPE op ID {} IMPL auto_sel LATENCY 0 OPTYPE select PRAGMA {} RTLNAME select_ln91_2_fu_2173_p3 SOURCE calorimeter.cpp:91 VARIABLE select_ln91_2 LOOP FIND_CLUSTER BUNDLEDNAME {} DSP 0 BRAM 0 URAM 0 STORAGESUBTYPE {} DISPNAME {bind_op select} VISIBLE false} {BINDTYPE op ID {} IMPL auto LATENCY 0 OPTYPE setgt PRAGMA {} RTLNAME grp_fu_838_p2 SOURCE calorimeter.cpp:79 VARIABLE icmp_ln79_8 LOOP FIND_CLUSTER BUNDLEDNAME {} DSP 0 BRAM 0 URAM 0 STORAGESUBTYPE {} DISPNAME {bind_op setgt} VISIBLE false} {BINDTYPE op ID {} IMPL auto LATENCY 0 OPTYPE xor PRAGMA {} RTLNAME xor_ln133_4_fu_2181_p2 SOURCE calorimeter.cpp:133 VARIABLE xor_ln133_4 LOOP FIND_CLUSTER BUNDLEDNAME {} DSP 0 BRAM 0 URAM 0 STORAGESUBTYPE {} DISPNAME {bind_op xor} VISIBLE false} {BINDTYPE op ID {} IMPL auto LATENCY 0 OPTYPE setgt PRAGMA {} RTLNAME grp_fu_838_p2 SOURCE calorimeter.cpp:79 VARIABLE icmp_ln79_7 LOOP FIND_CLUSTER BUNDLEDNAME {} DSP 0 BRAM 0 URAM 0 STORAGESUBTYPE {} DISPNAME {bind_op setgt} VISIBLE false} {BINDTYPE op ID {} IMPL auto LATENCY 0 OPTYPE or PRAGMA {} RTLNAME or_ln133_4_fu_2187_p2 SOURCE calorimeter.cpp:133 VARIABLE or_ln133_4 LOOP FIND_CLUSTER BUNDLEDNAME {} DSP 0 BRAM 0 URAM 0 STORAGESUBTYPE {} DISPNAME {bind_op or} VISIBLE false} {BINDTYPE op ID {} IMPL auto LATENCY 0 OPTYPE setlt PRAGMA {} RTLNAME icmp_ln83_4_fu_2196_p2 SOURCE calorimeter.cpp:83 VARIABLE icmp_ln83_4 LOOP FIND_CLUSTER BUNDLEDNAME {} DSP 0 BRAM 0 URAM 0 STORAGESUBTYPE {} DISPNAME {bind_op setlt} VISIBLE false} {BINDTYPE op ID {} IMPL auto LATENCY 0 OPTYPE setlt PRAGMA {} RTLNAME icmp_ln87_4_fu_2202_p2 SOURCE calorimeter.cpp:87 VARIABLE icmp_ln87_4 LOOP FIND_CLUSTER BUNDLEDNAME {} DSP 0 BRAM 0 URAM 0 STORAGESUBTYPE {} DISPNAME {bind_op setlt} VISIBLE false} {BINDTYPE op ID {} IMPL auto LATENCY 0 OPTYPE setlt PRAGMA {} RTLNAME icmp_ln91_4_fu_2208_p2 SOURCE calorimeter.cpp:91 VARIABLE icmp_ln91_4 LOOP FIND_CLUSTER BUNDLEDNAME {} DSP 0 BRAM 0 URAM 0 STORAGESUBTYPE {} DISPNAME {bind_op setlt} VISIBLE false} {BINDTYPE op ID {} IMPL auto LATENCY 0 OPTYPE xor PRAGMA {} RTLNAME xor_ln91_11_fu_2214_p2 SOURCE calorimeter.cpp:91 VARIABLE xor_ln91_11 LOOP FIND_CLUSTER BUNDLEDNAME {} DSP 0 BRAM 0 URAM 0 STORAGESUBTYPE {} DISPNAME {bind_op xor} VISIBLE false} {BINDTYPE op ID {} IMPL auto LATENCY 0 OPTYPE setlt PRAGMA {} RTLNAME icmp_ln95_4_fu_2220_p2 SOURCE calorimeter.cpp:95 VARIABLE icmp_ln95_4 LOOP FIND_CLUSTER BUNDLEDNAME {} DSP 0 BRAM 0 URAM 0 STORAGESUBTYPE {} DISPNAME {bind_op setlt} VISIBLE false} {BINDTYPE op ID {} IMPL auto LATENCY 0 OPTYPE and PRAGMA {} RTLNAME and_ln91_4_fu_2226_p2 SOURCE calorimeter.cpp:91 VARIABLE and_ln91_4 LOOP FIND_CLUSTER BUNDLEDNAME {} DSP 0 BRAM 0 URAM 0 STORAGESUBTYPE {} DISPNAME {bind_op and} VISIBLE false} {BINDTYPE op ID {} IMPL auto LATENCY 0 OPTYPE xor PRAGMA {} RTLNAME xor_ln91_4_fu_2232_p2 SOURCE calorimeter.cpp:91 VARIABLE xor_ln91_4 LOOP FIND_CLUSTER BUNDLEDNAME {} DSP 0 BRAM 0 URAM 0 STORAGESUBTYPE {} DISPNAME {bind_op xor} VISIBLE false} {BINDTYPE op ID {} IMPL auto LATENCY 0 OPTYPE or PRAGMA {} RTLNAME or_ln91_4_fu_2238_p2 SOURCE calorimeter.cpp:91 VARIABLE or_ln91_4 LOOP FIND_CLUSTER BUNDLEDNAME {} DSP 0 BRAM 0 URAM 0 STORAGESUBTYPE {} DISPNAME {bind_op or} VISIBLE false} {BINDTYPE op ID {} IMPL auto_sel LATENCY 0 OPTYPE select PRAGMA {} RTLNAME select_ln91_3_fu_2244_p3 SOURCE calorimeter.cpp:91 VARIABLE select_ln91_3 LOOP FIND_CLUSTER BUNDLEDNAME {} DSP 0 BRAM 0 URAM 0 STORAGESUBTYPE {} DISPNAME {bind_op select} VISIBLE false} {BINDTYPE op ID {} IMPL auto LATENCY 0 OPTYPE setgt PRAGMA {} RTLNAME grp_fu_855_p2 SOURCE calorimeter.cpp:79 VARIABLE icmp_ln79_10 LOOP FIND_CLUSTER BUNDLEDNAME {} DSP 0 BRAM 0 URAM 0 STORAGESUBTYPE {} DISPNAME {bind_op setgt} VISIBLE false} {BINDTYPE op ID {} IMPL auto LATENCY 0 OPTYPE xor PRAGMA {} RTLNAME xor_ln133_5_fu_2252_p2 SOURCE calorimeter.cpp:133 VARIABLE xor_ln133_5 LOOP FIND_CLUSTER BUNDLEDNAME {} DSP 0 BRAM 0 URAM 0 STORAGESUBTYPE {} DISPNAME {bind_op xor} VISIBLE false} {BINDTYPE op ID {} IMPL auto LATENCY 0 OPTYPE setgt PRAGMA {} RTLNAME grp_fu_855_p2 SOURCE calorimeter.cpp:79 VARIABLE icmp_ln79_9 LOOP FIND_CLUSTER BUNDLEDNAME {} DSP 0 BRAM 0 URAM 0 STORAGESUBTYPE {} DISPNAME {bind_op setgt} VISIBLE false} {BINDTYPE op ID {} IMPL auto LATENCY 0 OPTYPE or PRAGMA {} RTLNAME or_ln133_5_fu_2258_p2 SOURCE calorimeter.cpp:133 VARIABLE or_ln133_5 LOOP FIND_CLUSTER BUNDLEDNAME {} DSP 0 BRAM 0 URAM 0 STORAGESUBTYPE {} DISPNAME {bind_op or} VISIBLE false} {BINDTYPE op ID {} IMPL auto LATENCY 0 OPTYPE setlt PRAGMA {} RTLNAME icmp_ln83_5_fu_2267_p2 SOURCE calorimeter.cpp:83 VARIABLE icmp_ln83_5 LOOP FIND_CLUSTER BUNDLEDNAME {} DSP 0 BRAM 0 URAM 0 STORAGESUBTYPE {} DISPNAME {bind_op setlt} VISIBLE false} {BINDTYPE op ID {} IMPL auto LATENCY 0 OPTYPE setlt PRAGMA {} RTLNAME icmp_ln87_5_fu_2273_p2 SOURCE calorimeter.cpp:87 VARIABLE icmp_ln87_5 LOOP FIND_CLUSTER BUNDLEDNAME {} DSP 0 BRAM 0 URAM 0 STORAGESUBTYPE {} DISPNAME {bind_op setlt} VISIBLE false} {BINDTYPE op ID {} IMPL auto LATENCY 0 OPTYPE setlt PRAGMA {} RTLNAME icmp_ln91_5_fu_2279_p2 SOURCE calorimeter.cpp:91 VARIABLE icmp_ln91_5 LOOP FIND_CLUSTER BUNDLEDNAME {} DSP 0 BRAM 0 URAM 0 STORAGESUBTYPE {} DISPNAME {bind_op setlt} VISIBLE false} {BINDTYPE op ID {} IMPL auto LATENCY 0 OPTYPE xor PRAGMA {} RTLNAME xor_ln91_12_fu_2285_p2 SOURCE calorimeter.cpp:91 VARIABLE xor_ln91_12 LOOP FIND_CLUSTER BUNDLEDNAME {} DSP 0 BRAM 0 URAM 0 STORAGESUBTYPE {} DISPNAME {bind_op xor} VISIBLE false} {BINDTYPE op ID {} IMPL auto LATENCY 0 OPTYPE setlt PRAGMA {} RTLNAME icmp_ln95_5_fu_2291_p2 SOURCE calorimeter.cpp:95 VARIABLE icmp_ln95_5 LOOP FIND_CLUSTER BUNDLEDNAME {} DSP 0 BRAM 0 URAM 0 STORAGESUBTYPE {} DISPNAME {bind_op setlt} VISIBLE false} {BINDTYPE op ID {} IMPL auto LATENCY 0 OPTYPE and PRAGMA {} RTLNAME and_ln91_5_fu_2297_p2 SOURCE calorimeter.cpp:91 VARIABLE and_ln91_5 LOOP FIND_CLUSTER BUNDLEDNAME {} DSP 0 BRAM 0 URAM 0 STORAGESUBTYPE {} DISPNAME {bind_op and} VISIBLE false} {BINDTYPE op ID {} IMPL auto LATENCY 0 OPTYPE xor PRAGMA {} RTLNAME xor_ln91_5_fu_2303_p2 SOURCE calorimeter.cpp:91 VARIABLE xor_ln91_5 LOOP FIND_CLUSTER BUNDLEDNAME {} DSP 0 BRAM 0 URAM 0 STORAGESUBTYPE {} DISPNAME {bind_op xor} VISIBLE false} {BINDTYPE op ID {} IMPL auto LATENCY 0 OPTYPE or PRAGMA {} RTLNAME or_ln91_5_fu_2309_p2 SOURCE calorimeter.cpp:91 VARIABLE or_ln91_5 LOOP FIND_CLUSTER BUNDLEDNAME {} DSP 0 BRAM 0 URAM 0 STORAGESUBTYPE {} DISPNAME {bind_op or} VISIBLE false} {BINDTYPE op ID {} IMPL auto_sel LATENCY 0 OPTYPE select PRAGMA {} RTLNAME select_ln91_4_fu_2315_p3 SOURCE calorimeter.cpp:91 VARIABLE select_ln91_4 LOOP FIND_CLUSTER BUNDLEDNAME {} DSP 0 BRAM 0 URAM 0 STORAGESUBTYPE {} DISPNAME {bind_op select} VISIBLE false} {BINDTYPE op ID {} IMPL auto LATENCY 0 OPTYPE setgt PRAGMA {} RTLNAME grp_fu_872_p2 SOURCE calorimeter.cpp:79 VARIABLE icmp_ln79_12 LOOP FIND_CLUSTER BUNDLEDNAME {} DSP 0 BRAM 0 URAM 0 STORAGESUBTYPE {} DISPNAME {bind_op setgt} VISIBLE false} {BINDTYPE op ID {} IMPL auto LATENCY 0 OPTYPE xor PRAGMA {} RTLNAME xor_ln133_6_fu_2323_p2 SOURCE calorimeter.cpp:133 VARIABLE xor_ln133_6 LOOP FIND_CLUSTER BUNDLEDNAME {} DSP 0 BRAM 0 URAM 0 STORAGESUBTYPE {} DISPNAME {bind_op xor} VISIBLE false} {BINDTYPE op ID {} IMPL auto LATENCY 0 OPTYPE setgt PRAGMA {} RTLNAME grp_fu_872_p2 SOURCE calorimeter.cpp:79 VARIABLE icmp_ln79_11 LOOP FIND_CLUSTER BUNDLEDNAME {} DSP 0 BRAM 0 URAM 0 STORAGESUBTYPE {} DISPNAME {bind_op setgt} VISIBLE false} {BINDTYPE op ID {} IMPL auto LATENCY 0 OPTYPE or PRAGMA {} RTLNAME or_ln133_6_fu_2329_p2 SOURCE calorimeter.cpp:133 VARIABLE or_ln133_6 LOOP FIND_CLUSTER BUNDLEDNAME {} DSP 0 BRAM 0 URAM 0 STORAGESUBTYPE {} DISPNAME {bind_op or} VISIBLE false} {BINDTYPE op ID {} IMPL auto LATENCY 0 OPTYPE setlt PRAGMA {} RTLNAME icmp_ln83_6_fu_2338_p2 SOURCE calorimeter.cpp:83 VARIABLE icmp_ln83_6 LOOP FIND_CLUSTER BUNDLEDNAME {} DSP 0 BRAM 0 URAM 0 STORAGESUBTYPE {} DISPNAME {bind_op setlt} VISIBLE false} {BINDTYPE op ID {} IMPL auto LATENCY 0 OPTYPE setlt PRAGMA {} RTLNAME icmp_ln87_6_fu_2344_p2 SOURCE calorimeter.cpp:87 VARIABLE icmp_ln87_6 LOOP FIND_CLUSTER BUNDLEDNAME {} DSP 0 BRAM 0 URAM 0 STORAGESUBTYPE {} DISPNAME {bind_op setlt} VISIBLE false} {BINDTYPE op ID {} IMPL auto LATENCY 0 OPTYPE setlt PRAGMA {} RTLNAME icmp_ln91_6_fu_2350_p2 SOURCE calorimeter.cpp:91 VARIABLE icmp_ln91_6 LOOP FIND_CLUSTER BUNDLEDNAME {} DSP 0 BRAM 0 URAM 0 STORAGESUBTYPE {} DISPNAME {bind_op setlt} VISIBLE false} {BINDTYPE op ID {} IMPL auto LATENCY 0 OPTYPE xor PRAGMA {} RTLNAME xor_ln91_13_fu_2356_p2 SOURCE calorimeter.cpp:91 VARIABLE xor_ln91_13 LOOP FIND_CLUSTER BUNDLEDNAME {} DSP 0 BRAM 0 URAM 0 STORAGESUBTYPE {} DISPNAME {bind_op xor} VISIBLE false} {BINDTYPE op ID {} IMPL auto LATENCY 0 OPTYPE setlt PRAGMA {} RTLNAME icmp_ln95_6_fu_2362_p2 SOURCE calorimeter.cpp:95 VARIABLE icmp_ln95_6 LOOP FIND_CLUSTER BUNDLEDNAME {} DSP 0 BRAM 0 URAM 0 STORAGESUBTYPE {} DISPNAME {bind_op setlt} VISIBLE false} {BINDTYPE op ID {} IMPL auto LATENCY 0 OPTYPE and PRAGMA {} RTLNAME and_ln91_6_fu_2368_p2 SOURCE calorimeter.cpp:91 VARIABLE and_ln91_6 LOOP FIND_CLUSTER BUNDLEDNAME {} DSP 0 BRAM 0 URAM 0 STORAGESUBTYPE {} DISPNAME {bind_op and} VISIBLE false} {BINDTYPE op ID {} IMPL auto LATENCY 0 OPTYPE xor PRAGMA {} RTLNAME xor_ln133_7_fu_2380_p2 SOURCE calorimeter.cpp:133 VARIABLE xor_ln133_7 LOOP FIND_CLUSTER BUNDLEDNAME {} DSP 0 BRAM 0 URAM 0 STORAGESUBTYPE {} DISPNAME {bind_op xor} VISIBLE false} {BINDTYPE op ID {} IMPL auto LATENCY 0 OPTYPE setgt PRAGMA {} RTLNAME icmp_ln79_13_fu_2386_p2 SOURCE calorimeter.cpp:79 VARIABLE icmp_ln79_13 LOOP FIND_CLUSTER BUNDLEDNAME {} DSP 0 BRAM 0 URAM 0 STORAGESUBTYPE {} DISPNAME {bind_op setgt} VISIBLE false} {BINDTYPE op ID {} IMPL auto LATENCY 0 OPTYPE or PRAGMA {} RTLNAME or_ln133_7_fu_2392_p2 SOURCE calorimeter.cpp:133 VARIABLE or_ln133_7 LOOP FIND_CLUSTER BUNDLEDNAME {} DSP 0 BRAM 0 URAM 0 STORAGESUBTYPE {} DISPNAME {bind_op or} VISIBLE false} {BINDTYPE op ID {} IMPL auto LATENCY 0 OPTYPE setlt PRAGMA {} RTLNAME icmp_ln83_7_fu_2398_p2 SOURCE calorimeter.cpp:83 VARIABLE icmp_ln83_7 LOOP FIND_CLUSTER BUNDLEDNAME {} DSP 0 BRAM 0 URAM 0 STORAGESUBTYPE {} DISPNAME {bind_op setlt} VISIBLE false} {BINDTYPE op ID {} IMPL auto LATENCY 0 OPTYPE setlt PRAGMA {} RTLNAME icmp_ln87_7_fu_2407_p2 SOURCE calorimeter.cpp:87 VARIABLE icmp_ln87_7 LOOP FIND_CLUSTER BUNDLEDNAME {} DSP 0 BRAM 0 URAM 0 STORAGESUBTYPE {} DISPNAME {bind_op setlt} VISIBLE false} {BINDTYPE op ID {} IMPL auto LATENCY 0 OPTYPE setlt PRAGMA {} RTLNAME icmp_ln91_7_fu_2416_p2 SOURCE calorimeter.cpp:91 VARIABLE icmp_ln91_7 LOOP FIND_CLUSTER BUNDLEDNAME {} DSP 0 BRAM 0 URAM 0 STORAGESUBTYPE {} DISPNAME {bind_op setlt} VISIBLE false} {BINDTYPE op ID {} IMPL auto LATENCY 0 OPTYPE xor PRAGMA {} RTLNAME xor_ln91_14_fu_2422_p2 SOURCE calorimeter.cpp:91 VARIABLE xor_ln91_14 LOOP FIND_CLUSTER BUNDLEDNAME {} DSP 0 BRAM 0 URAM 0 STORAGESUBTYPE {} DISPNAME {bind_op xor} VISIBLE false} {BINDTYPE op ID {} IMPL auto LATENCY 0 OPTYPE setlt PRAGMA {} RTLNAME icmp_ln95_7_fu_2428_p2 SOURCE calorimeter.cpp:95 VARIABLE icmp_ln95_7 LOOP FIND_CLUSTER BUNDLEDNAME {} DSP 0 BRAM 0 URAM 0 STORAGESUBTYPE {} DISPNAME {bind_op setlt} VISIBLE false} {BINDTYPE op ID {} IMPL auto LATENCY 0 OPTYPE and PRAGMA {} RTLNAME and_ln91_7_fu_2434_p2 SOURCE calorimeter.cpp:91 VARIABLE and_ln91_7 LOOP FIND_CLUSTER BUNDLEDNAME {} DSP 0 BRAM 0 URAM 0 STORAGESUBTYPE {} DISPNAME {bind_op and} VISIBLE false} {BINDTYPE op ID {} IMPL auto LATENCY 0 OPTYPE setgt PRAGMA {} RTLNAME icmp_ln135_fu_2498_p2 SOURCE calorimeter.cpp:135 VARIABLE icmp_ln135 LOOP VITIS_LOOP_135_2 BUNDLEDNAME {} DSP 0 BRAM 0 URAM 0 STORAGESUBTYPE {} DISPNAME {bind_op setgt} VISIBLE false} {BINDTYPE op ID {} IMPL fabric LATENCY 0 OPTYPE add PRAGMA {} RTLNAME add_ln136_fu_2546_p2 SOURCE calorimeter.cpp:136 VARIABLE add_ln136 LOOP VITIS_LOOP_135_2 BUNDLEDNAME {} DSP 0 BRAM 0 URAM 0 STORAGESUBTYPE {} DISPNAME {bind_op add} VISIBLE true} {BINDTYPE op ID {} IMPL auto LATENCY 0 OPTYPE sparsemux PRAGMA {} RTLNAME sparsemux_15_3_20_1_1_U10 SOURCE calorimeter.cpp:136 VARIABLE tmp LOOP VITIS_LOOP_135_2 BUNDLEDNAME {} DSP 0 BRAM 0 URAM 0 STORAGESUBTYPE {} DISPNAME {bind_op sparsemux} VISIBLE false} {BINDTYPE op ID {} IMPL auto LATENCY 0 OPTYPE sparsemux PRAGMA {} RTLNAME sparsemux_15_3_20_1_1_U11 SOURCE calorimeter.cpp:136 VARIABLE tmp_1 LOOP VITIS_LOOP_135_2 BUNDLEDNAME {} DSP 0 BRAM 0 URAM 0 STORAGESUBTYPE {} DISPNAME {bind_op sparsemux} VISIBLE false} {BINDTYPE op ID {} IMPL auto LATENCY 0 OPTYPE sparsemux PRAGMA {} RTLNAME sparsemux_15_3_6_1_1_U12 SOURCE calorimeter.cpp:136 VARIABLE tmp_2 LOOP VITIS_LOOP_135_2 BUNDLEDNAME {} DSP 0 BRAM 0 URAM 0 STORAGESUBTYPE {} DISPNAME {bind_op sparsemux} VISIBLE false} {BINDTYPE op ID {} IMPL auto LATENCY 0 OPTYPE sparsemux PRAGMA {} RTLNAME sparsemux_15_3_6_1_1_U13 SOURCE calorimeter.cpp:136 VARIABLE tmp_3 LOOP VITIS_LOOP_135_2 BUNDLEDNAME {} DSP 0 BRAM 0 URAM 0 STORAGESUBTYPE {} DISPNAME {bind_op sparsemux} VISIBLE false} {BINDTYPE op ID {} IMPL auto LATENCY 0 OPTYPE sparsemux PRAGMA {} RTLNAME sparsemux_15_3_4_1_1_U14 SOURCE calorimeter.cpp:136 VARIABLE tmp_4 LOOP VITIS_LOOP_135_2 BUNDLEDNAME {} DSP 0 BRAM 0 URAM 0 STORAGESUBTYPE {} DISPNAME {bind_op sparsemux} VISIBLE false} {BINDTYPE op ID {} IMPL auto LATENCY 0 OPTYPE sparsemux PRAGMA {} RTLNAME sparsemux_15_3_1_1_1_U15 SOURCE calorimeter.cpp:136 VARIABLE tmp_6 LOOP VITIS_LOOP_135_2 BUNDLEDNAME {} DSP 0 BRAM 0 URAM 0 STORAGESUBTYPE {} DISPNAME {bind_op sparsemux} VISIBLE false}} AREA {DSP 0 BRAM 0 URAM 0}} calo_trigger_ref {BINDINFO {{BINDTYPE storage ID {} IMPL auto LATENCY 1 OPTYPE ram_1p PRAGMA {} RTLNAME clusters_et_U SOURCE calorimeter.cpp:213 VARIABLE clusters_et LOOP {} BUNDLEDNAME {} DSP 0 BRAM 2 URAM 0 STORAGESUBTYPE {} STORAGESIZE {16 1800 1} STORAGEUSAGE {ram_1p array} DISPNAME {bind_storage ram_1p} VISIBLE true} {BINDTYPE storage ID {} IMPL auto LATENCY 1 OPTYPE ram_1p PRAGMA {} RTLNAME clusters_isolation_et_U SOURCE calorimeter.cpp:213 VARIABLE clusters_isolation_et LOOP {} BUNDLEDNAME {} DSP 0 BRAM 2 URAM 0 STORAGESUBTYPE {} STORAGESIZE {16 1800 1} STORAGEUSAGE {ram_1p array} DISPNAME {bind_storage ram_1p} VISIBLE true} {BINDTYPE storage ID {} IMPL auto LATENCY 1 OPTYPE ram_1p PRAGMA {} RTLNAME clusters_eta_U SOURCE calorimeter.cpp:213 VARIABLE clusters_eta LOOP {} BUNDLEDNAME {} DSP 0 BRAM 1 URAM 0 STORAGESUBTYPE {} STORAGESIZE {5 1800 1} STORAGEUSAGE {ram_1p array} DISPNAME {bind_storage ram_1p} VISIBLE true} {BINDTYPE storage ID {} IMPL auto LATENCY 1 OPTYPE ram_1p PRAGMA {} RTLNAME clusters_phi_U SOURCE calorimeter.cpp:213 VARIABLE clusters_phi LOOP {} BUNDLEDNAME {} DSP 0 BRAM 1 URAM 0 STORAGESUBTYPE {} STORAGESIZE {6 1800 1} STORAGEUSAGE {ram_1p array} DISPNAME {bind_storage ram_1p} VISIBLE true} {BINDTYPE storage ID {} IMPL auto LATENCY 1 OPTYPE ram_1p PRAGMA {} RTLNAME clusters_window_size_U SOURCE calorimeter.cpp:213 VARIABLE clusters_window_size LOOP {} BUNDLEDNAME {} DSP 0 BRAM 1 URAM 0 STORAGESUBTYPE {} STORAGESIZE {1 1800 1} STORAGEUSAGE {ram_1p array} DISPNAME {bind_storage ram_1p} VISIBLE true} {BINDTYPE storage ID {} IMPL auto LATENCY 1 OPTYPE ram_1p PRAGMA {} RTLNAME clusters_iso_outer_size_U SOURCE calorimeter.cpp:213 VARIABLE clusters_iso_outer_size LOOP {} BUNDLEDNAME {} DSP 0 BRAM 1 URAM 0 STORAGESUBTYPE {} STORAGESIZE {3 1800 1} STORAGEUSAGE {ram_1p array} DISPNAME {bind_storage ram_1p} VISIBLE true} {BINDTYPE storage ID {} IMPL auto LATENCY 1 OPTYPE ram_1p PRAGMA {} RTLNAME clusters_valid_U SOURCE calorimeter.cpp:213 VARIABLE clusters_valid LOOP {} BUNDLEDNAME {} DSP 0 BRAM 1 URAM 0 STORAGESUBTYPE {} STORAGESIZE {1 1800 1} STORAGEUSAGE {ram_1p array} DISPNAME {bind_storage ram_1p} VISIBLE true} {BINDTYPE op ID {} IMPL auto LATENCY 0 OPTYPE seteq PRAGMA {} RTLNAME icmp_ln185_fu_525_p2 SOURCE calorimeter.cpp:185 VARIABLE icmp_ln185 LOOP {} BUNDLEDNAME {} DSP 0 BRAM 0 URAM 0 STORAGESUBTYPE {} DISPNAME {bind_op seteq} VISIBLE false} {BINDTYPE op ID {} IMPL auto_sel LATENCY 0 OPTYPE select PRAGMA {} RTLNAME select_ln185_fu_531_p3 SOURCE calorimeter.cpp:185 VARIABLE select_ln185 LOOP {} BUNDLEDNAME {} DSP 0 BRAM 0 URAM 0 STORAGESUBTYPE {} DISPNAME {bind_op select} VISIBLE false} {BINDTYPE op ID {} IMPL auto_sel LATENCY 0 OPTYPE select PRAGMA {} RTLNAME objects_0 SOURCE calorimeter.cpp:13 VARIABLE objects_0_0_i LOOP {} BUNDLEDNAME {} DSP 0 BRAM 0 URAM 0 STORAGESUBTYPE {} DISPNAME {bind_op select} VISIBLE false} {BINDTYPE op ID {} IMPL auto LATENCY 0 OPTYPE seteq PRAGMA {} RTLNAME icmp_ln185_1_fu_576_p2 SOURCE calorimeter.cpp:185 VARIABLE icmp_ln185_1 LOOP {} BUNDLEDNAME {} DSP 0 BRAM 0 URAM 0 STORAGESUBTYPE {} DISPNAME {bind_op seteq} VISIBLE false} {BINDTYPE op ID {} IMPL auto_sel LATENCY 0 OPTYPE select PRAGMA {} RTLNAME select_ln185_1_fu_582_p3 SOURCE calorimeter.cpp:185 VARIABLE select_ln185_1 LOOP {} BUNDLEDNAME {} DSP 0 BRAM 0 URAM 0 STORAGESUBTYPE {} DISPNAME {bind_op select} VISIBLE false} {BINDTYPE op ID {} IMPL auto_sel LATENCY 0 OPTYPE select PRAGMA {} RTLNAME objects_1 SOURCE calorimeter.cpp:13 VARIABLE objects_1_0_i LOOP {} BUNDLEDNAME {} DSP 0 BRAM 0 URAM 0 STORAGESUBTYPE {} DISPNAME {bind_op select} VISIBLE false} {BINDTYPE op ID {} IMPL auto LATENCY 0 OPTYPE seteq PRAGMA {} RTLNAME icmp_ln185_2_fu_627_p2 SOURCE calorimeter.cpp:185 VARIABLE icmp_ln185_2 LOOP {} BUNDLEDNAME {} DSP 0 BRAM 0 URAM 0 STORAGESUBTYPE {} DISPNAME {bind_op seteq} VISIBLE false} {BINDTYPE op ID {} IMPL auto_sel LATENCY 0 OPTYPE select PRAGMA {} RTLNAME select_ln185_2_fu_633_p3 SOURCE calorimeter.cpp:185 VARIABLE select_ln185_2 LOOP {} BUNDLEDNAME {} DSP 0 BRAM 0 URAM 0 STORAGESUBTYPE {} DISPNAME {bind_op select} VISIBLE false} {BINDTYPE op ID {} IMPL auto_sel LATENCY 0 OPTYPE select PRAGMA {} RTLNAME objects_2 SOURCE calorimeter.cpp:13 VARIABLE objects_2_0_i LOOP {} BUNDLEDNAME {} DSP 0 BRAM 0 URAM 0 STORAGESUBTYPE {} DISPNAME {bind_op select} VISIBLE false} {BINDTYPE op ID {} IMPL auto LATENCY 0 OPTYPE seteq PRAGMA {} RTLNAME icmp_ln185_3_fu_678_p2 SOURCE calorimeter.cpp:185 VARIABLE icmp_ln185_3 LOOP {} BUNDLEDNAME {} DSP 0 BRAM 0 URAM 0 STORAGESUBTYPE {} DISPNAME {bind_op seteq} VISIBLE false} {BINDTYPE op ID {} IMPL auto_sel LATENCY 0 OPTYPE select PRAGMA {} RTLNAME select_ln185_3_fu_684_p3 SOURCE calorimeter.cpp:185 VARIABLE select_ln185_3 LOOP {} BUNDLEDNAME {} DSP 0 BRAM 0 URAM 0 STORAGESUBTYPE {} DISPNAME {bind_op select} VISIBLE false} {BINDTYPE op ID {} IMPL auto_sel LATENCY 0 OPTYPE select PRAGMA {} RTLNAME objects_3 SOURCE calorimeter.cpp:13 VARIABLE objects_3_0_i LOOP {} BUNDLEDNAME {} DSP 0 BRAM 0 URAM 0 STORAGESUBTYPE {} DISPNAME {bind_op select} VISIBLE false} {BINDTYPE op ID {} IMPL auto LATENCY 0 OPTYPE seteq PRAGMA {} RTLNAME icmp_ln185_4_fu_729_p2 SOURCE calorimeter.cpp:185 VARIABLE icmp_ln185_4 LOOP {} BUNDLEDNAME {} DSP 0 BRAM 0 URAM 0 STORAGESUBTYPE {} DISPNAME {bind_op seteq} VISIBLE false} {BINDTYPE op ID {} IMPL auto_sel LATENCY 0 OPTYPE select PRAGMA {} RTLNAME select_ln185_4_fu_735_p3 SOURCE calorimeter.cpp:185 VARIABLE select_ln185_4 LOOP {} BUNDLEDNAME {} DSP 0 BRAM 0 URAM 0 STORAGESUBTYPE {} DISPNAME {bind_op select} VISIBLE false} {BINDTYPE op ID {} IMPL auto_sel LATENCY 0 OPTYPE select PRAGMA {} RTLNAME objects_4 SOURCE calorimeter.cpp:13 VARIABLE objects_4_0_i LOOP {} BUNDLEDNAME {} DSP 0 BRAM 0 URAM 0 STORAGESUBTYPE {} DISPNAME {bind_op select} VISIBLE false} {BINDTYPE op ID {} IMPL auto LATENCY 0 OPTYPE seteq PRAGMA {} RTLNAME icmp_ln185_5_fu_780_p2 SOURCE calorimeter.cpp:185 VARIABLE icmp_ln185_5 LOOP {} BUNDLEDNAME {} DSP 0 BRAM 0 URAM 0 STORAGESUBTYPE {} DISPNAME {bind_op seteq} VISIBLE false} {BINDTYPE op ID {} IMPL auto_sel LATENCY 0 OPTYPE select PRAGMA {} RTLNAME select_ln185_5_fu_786_p3 SOURCE calorimeter.cpp:185 VARIABLE select_ln185_5 LOOP {} BUNDLEDNAME {} DSP 0 BRAM 0 URAM 0 STORAGESUBTYPE {} DISPNAME {bind_op select} VISIBLE false} {BINDTYPE op ID {} IMPL auto_sel LATENCY 0 OPTYPE select PRAGMA {} RTLNAME objects_5 SOURCE calorimeter.cpp:13 VARIABLE objects_5_0_i LOOP {} BUNDLEDNAME {} DSP 0 BRAM 0 URAM 0 STORAGESUBTYPE {} DISPNAME {bind_op select} VISIBLE false} {BINDTYPE op ID {} IMPL auto LATENCY 0 OPTYPE seteq PRAGMA {} RTLNAME icmp_ln185_6_fu_831_p2 SOURCE calorimeter.cpp:185 VARIABLE icmp_ln185_6 LOOP {} BUNDLEDNAME {} DSP 0 BRAM 0 URAM 0 STORAGESUBTYPE {} DISPNAME {bind_op seteq} VISIBLE false} {BINDTYPE op ID {} IMPL auto_sel LATENCY 0 OPTYPE select PRAGMA {} RTLNAME select_ln185_6_fu_837_p3 SOURCE calorimeter.cpp:185 VARIABLE select_ln185_6 LOOP {} BUNDLEDNAME {} DSP 0 BRAM 0 URAM 0 STORAGESUBTYPE {} DISPNAME {bind_op select} VISIBLE false} {BINDTYPE op ID {} IMPL auto_sel LATENCY 0 OPTYPE select PRAGMA {} RTLNAME objects_6 SOURCE calorimeter.cpp:13 VARIABLE objects_6_0_i LOOP {} BUNDLEDNAME {} DSP 0 BRAM 0 URAM 0 STORAGESUBTYPE {} DISPNAME {bind_op select} VISIBLE false} {BINDTYPE op ID {} IMPL auto LATENCY 0 OPTYPE seteq PRAGMA {} RTLNAME icmp_ln185_7_fu_882_p2 SOURCE calorimeter.cpp:185 VARIABLE icmp_ln185_7 LOOP {} BUNDLEDNAME {} DSP 0 BRAM 0 URAM 0 STORAGESUBTYPE {} DISPNAME {bind_op seteq} VISIBLE false} {BINDTYPE op ID {} IMPL auto_sel LATENCY 0 OPTYPE select PRAGMA {} RTLNAME select_ln185_7_fu_888_p3 SOURCE calorimeter.cpp:185 VARIABLE select_ln185_7 LOOP {} BUNDLEDNAME {} DSP 0 BRAM 0 URAM 0 STORAGESUBTYPE {} DISPNAME {bind_op select} VISIBLE false} {BINDTYPE op ID {} IMPL auto_sel LATENCY 0 OPTYPE select PRAGMA {} RTLNAME objects_7 SOURCE calorimeter.cpp:13 VARIABLE objects_7_0_i LOOP {} BUNDLEDNAME {} DSP 0 BRAM 0 URAM 0 STORAGESUBTYPE {} DISPNAME {bind_op select} VISIBLE false} {BINDTYPE op ID {} IMPL fabric LATENCY 0 OPTYPE add PRAGMA {} RTLNAME add_ln149_fu_942_p2 SOURCE calorimeter.cpp:149 VARIABLE add_ln149 LOOP HT_ETA_HT_PHI BUNDLEDNAME {} DSP 0 BRAM 0 URAM 0 STORAGESUBTYPE {} DISPNAME {bind_op add} VISIBLE true} {BINDTYPE op ID {} IMPL auto_sel LATENCY 0 OPTYPE select PRAGMA {} RTLNAME select_ln149_fu_948_p3 SOURCE calorimeter.cpp:149 VARIABLE select_ln149 LOOP HT_ETA_HT_PHI BUNDLEDNAME {} DSP 0 BRAM 0 URAM 0 STORAGESUBTYPE {} DISPNAME {bind_op select} VISIBLE false} {BINDTYPE op ID {} IMPL auto_sel LATENCY 0 OPTYPE select PRAGMA {} RTLNAME eta_fu_956_p3 SOURCE calorimeter.cpp:149 VARIABLE eta LOOP HT_ETA_HT_PHI BUNDLEDNAME {} DSP 0 BRAM 0 URAM 0 STORAGESUBTYPE {} DISPNAME {bind_op select} VISIBLE false} {BINDTYPE op ID {} IMPL fabric LATENCY 0 OPTYPE add PRAGMA {} RTLNAME ht_2_fu_1051_p2 SOURCE calorimeter.cpp:152 VARIABLE ht_2 LOOP HT_ETA_HT_PHI BUNDLEDNAME {} DSP 0 BRAM 0 URAM 0 STORAGESUBTYPE {} DISPNAME {bind_op add} VISIBLE true} {BINDTYPE op ID {} IMPL fabric LATENCY 0 OPTYPE add PRAGMA {} RTLNAME phi_fu_1005_p2 SOURCE calorimeter.cpp:150 VARIABLE phi LOOP HT_ETA_HT_PHI BUNDLEDNAME {} DSP 0 BRAM 0 URAM 0 STORAGESUBTYPE {} DISPNAME {bind_op add} VISIBLE true} {BINDTYPE op ID {} IMPL fabric LATENCY 0 OPTYPE add PRAGMA {} RTLNAME add_ln149_1_fu_1011_p2 SOURCE calorimeter.cpp:149 VARIABLE add_ln149_1 LOOP HT_ETA_HT_PHI BUNDLEDNAME {} DSP 0 BRAM 0 URAM 0 STORAGESUBTYPE {} DISPNAME {bind_op add} VISIBLE true} {BINDTYPE op ID {} IMPL auto LATENCY 0 OPTYPE seteq PRAGMA {} RTLNAME icmp_ln150_fu_1017_p2 SOURCE calorimeter.cpp:150 VARIABLE icmp_ln150 LOOP HT_ETA_HT_PHI BUNDLEDNAME {} DSP 0 BRAM 0 URAM 0 STORAGESUBTYPE {} DISPNAME {bind_op seteq} VISIBLE false} {BINDTYPE op ID {} IMPL auto LATENCY 0 OPTYPE seteq PRAGMA {} RTLNAME icmp_ln149_fu_1023_p2 SOURCE calorimeter.cpp:149 VARIABLE icmp_ln149 LOOP HT_ETA_HT_PHI BUNDLEDNAME {} DSP 0 BRAM 0 URAM 0 STORAGESUBTYPE {} DISPNAME {bind_op seteq} VISIBLE false}} AREA {DSP 0 BRAM 9 URAM 0}}}}'
INFO-FLOW: DBG:PUTS:      update_csynth_reports json2rpt_hw_sw_interfaces
INFO-FLOW: Running: gen_csynth_sec_pragma
INFO-FLOW: Done: gen_csynth_sec_pragma time: 0 seconds per iteration
INFO-FLOW: DBG:PUTS:      update_csynth_reports wrote xml
INFO-FLOW: DBG:PUTS:      update_csynth_reports appended to csynth rpt file
INFO: [HLS 200-111] Finished Updating report files: CPU user time: 1.42 seconds. CPU system time: 0.05 seconds. Elapsed time: 1.48 seconds; current allocated memory: 503.941 MB.
INFO: [VHDL 208-304] Generating VHDL RTL for calo_trigger_ref.
INFO: [VLOG 209-307] Generating Verilog RTL for calo_trigger_ref.
Execute         syn_report -model calo_trigger_ref -printsummary 
INFO: [HLS 200-790] **** Loop Constraint Status: All loop constraints were NOT satisfied.
INFO: [HLS 200-789] **** Estimated Fmax: 159.88 MHz
Command       autosyn done; 13.57 sec.
Command     csynth_design done; 34.7 sec.
INFO: [HLS 200-2161] Finished Command csynth_design Elapsed time: 00:00:34; Allocated memory: 126.512 MB.
Execute     cleanup_all 
