

================================================================
== Vitis HLS Report for 'produce_jet_cluster_stream'
================================================================
* Date:           Tue May 12 22:45:30 2026

* Version:        2024.1 (Build 5069499 on May 21 2024)
* Project:        calorimeter
* Solution:       solution1 (Vivado IP Flow Target)
* Product family: virtexuplus
* Target device:  xcvu13p-fsga2577-2-e


================================================================
== Performance Estimates
================================================================
+ Timing: 
    * Summary: 
    +--------+----------+----------+------------+
    |  Clock |  Target  | Estimated| Uncertainty|
    +--------+----------+----------+------------+
    |ap_clk  |  25.00 ns|  7.205 ns|     6.75 ns|
    +--------+----------+----------+------------+

+ Latency: 
    * Summary: 
    +---------+---------+----------+----------+-------+-------+-----------------------------------------------+
    |  Latency (cycles) |  Latency (absolute) |    Interval   |                    Pipeline                   |
    |   min   |   max   |    min   |    max   |  min  |  max  |                      Type                     |
    +---------+---------+----------+----------+-------+-------+-----------------------------------------------+
    |    70562|    70562|  1.764 ms|  1.764 ms|  70561|  70561|  loop auto-rewind stp(delay=0 clock cycles(s))|
    +---------+---------+----------+----------+-------+-------+-----------------------------------------------+

    + Detail: 
        * Instance: 
        N/A

        * Loop: 
        +-------------------------------------+---------+---------+----------+-----------+-----------+------+----------+
        |                                     |  Latency (cycles) | Iteration|  Initiation Interval  | Trip |          |
        |              Loop Name              |   min   |   max   |  Latency |  achieved |   target  | Count| Pipelined|
        +-------------------------------------+---------+---------+----------+-----------+-----------+------+----------+
        |- VITIS_LOOP_375_1_VITIS_LOOP_376_2  |    70560|    70560|        50|         49|          1|  1440|       yes|
        +-------------------------------------+---------+---------+----------+-----------+-----------+------+----------+

============================================================
+ Verbose Summary: Synthesis Manager
============================================================
InlineROM: 1
ExposeGlobal: 0
============================================================
+ Verbose Summary: CDFG Model
============================================================
IsTopModel: 0
ResetActiveHigh: 1
IsCombinational: 2
IsDatapathOnly: 0
HasWiredReturn: 1
HasMFsm: 2
HasVarLatency: 1
IsPipeline: 0
IsRtlPipelined: 0
IsInstanceOverlapped: 0
IsDontTouch: 0
HasImplIP: 0
IsGatedGlobalClock: 0

+ Individual pipeline summary: 
  * Pipeline-0: initiation interval (II) = 49, depth = 50


============================================================
+ Verbose Summary: Schedule
============================================================
* Number of FSM states : 50
* Pipeline : 1
  Pipeline-0 : II = 49, D = 50, States = { 1 2 3 4 5 6 7 8 9 10 11 12 13 14 15 16 17 18 19 20 21 22 23 24 25 26 27 28 29 30 31 32 33 34 35 36 37 38 39 40 41 42 43 44 45 46 47 48 49 50 }
* Dataflow Pipeline: 0

* FSM state transitions: 
1 --> 2 
2 --> 3 
3 --> 4 
4 --> 5 
5 --> 6 
6 --> 7 
7 --> 8 
8 --> 9 
9 --> 10 
10 --> 11 
11 --> 12 
12 --> 13 
13 --> 14 
14 --> 15 
15 --> 16 
16 --> 17 
17 --> 18 
18 --> 19 
19 --> 20 
20 --> 21 
21 --> 22 
22 --> 23 
23 --> 24 
24 --> 25 
25 --> 26 
26 --> 27 
27 --> 28 
28 --> 29 
29 --> 30 
30 --> 31 
31 --> 32 
32 --> 33 
33 --> 34 
34 --> 35 
35 --> 36 
36 --> 37 
37 --> 38 
38 --> 39 
39 --> 40 
40 --> 41 
41 --> 42 
42 --> 43 
43 --> 44 
44 --> 45 
45 --> 46 
46 --> 47 
47 --> 48 
48 --> 49 
49 --> 50 
50 --> 

* FSM state operations: 

State 1 <SV = 0> <Delay = 4.04>
ST_1 : Operation 53 [1/1] (0.00ns)   --->   "%phi_idx_3 = alloca i32 1" [./calorimeter.h:184->calorimeter.cpp:395]   --->   Operation 53 'alloca' 'phi_idx_3' <Predicate = true> <Delay = 0.00>
ST_1 : Operation 54 [1/1] (0.00ns)   --->   "%eta = alloca i32 1" [calorimeter.cpp:375]   --->   Operation 54 'alloca' 'eta' <Predicate = true> <Delay = 0.00>
ST_1 : Operation 55 [1/1] (0.00ns)   --->   "%indvar_flatten = alloca i32 1"   --->   Operation 55 'alloca' 'indvar_flatten' <Predicate = true> <Delay = 0.00>
ST_1 : Operation 56 [1/1] (0.00ns)   --->   "%specshared_ln0 = specshared void @_ssdm_op_SpecShared, i12 %towers, void @p_str"   --->   Operation 56 'specshared' 'specshared_ln0' <Predicate = true> <Delay = 0.00>
ST_1 : Operation 57 [1/1] (0.00ns)   --->   "%specbindport_ln0 = specbindport void @_ssdm_op_SpecBindPort, i12 %towers, i32 1, void @p_str"   --->   Operation 57 'specbindport' 'specbindport_ln0' <Predicate = true> <Delay = 0.00>
ST_1 : Operation 58 [1/1] (0.00ns)   --->   "%specinterface_ln0 = specinterface void @_ssdm_op_SpecInterface, i61 %jet_cluster_stream, void @empty_8, i32 0, i32 0, void @empty_14, i32 0, i32 0, void @empty_14, void @empty_14, void @empty_14, i32 0, i32 0, i32 0, i32 0, void @empty_14, void @empty_14, i32 4294967295, i32 0, i32 0"   --->   Operation 58 'specinterface' 'specinterface_ln0' <Predicate = true> <Delay = 0.00>
ST_1 : Operation 59 [1/1] (0.00ns)   --->   "%specinterface_ln0 = specinterface void @_ssdm_op_SpecInterface, i12 %towers, void @empty_13, i32 0, i32 0, void @empty_14, i32 4294967295, i32 0, void @empty_14, void @empty_14, void @empty_14, i32 0, i32 0, i32 0, i32 0, void @empty_14, void @empty_14, i32 4294967295, i32 0, i32 0"   --->   Operation 59 'specinterface' 'specinterface_ln0' <Predicate = true> <Delay = 0.00>
ST_1 : Operation 60 [1/1] (0.00ns)   --->   "%cluster_threshold_read = read i20 @_ssdm_op_Read.ap_auto.i20, i20 %cluster_threshold" [calorimeter.cpp:375]   --->   Operation 60 'read' 'cluster_threshold_read' <Predicate = true> <Delay = 0.00>
ST_1 : Operation 61 [1/1] (0.00ns)   --->   "%seed_threshold_read = read i12 @_ssdm_op_Read.ap_auto.i12, i12 %seed_threshold" [calorimeter.cpp:375]   --->   Operation 61 'read' 'seed_threshold_read' <Predicate = true> <Delay = 0.00>
ST_1 : Operation 62 [1/1] (0.38ns)   --->   "%store_ln0 = store i11 0, i11 %indvar_flatten"   --->   Operation 62 'store' 'store_ln0' <Predicate = true> <Delay = 0.38>
ST_1 : Operation 63 [1/1] (0.38ns)   --->   "%store_ln375 = store i5 3, i5 %eta" [calorimeter.cpp:375]   --->   Operation 63 'store' 'store_ln375' <Predicate = true> <Delay = 0.38>
ST_1 : Operation 64 [1/1] (0.38ns)   --->   "%store_ln184 = store i6 0, i6 %phi_idx_3" [./calorimeter.h:184->calorimeter.cpp:395]   --->   Operation 64 'store' 'store_ln184' <Predicate = true> <Delay = 0.38>
ST_1 : Operation 65 [1/1] (0.00ns)   --->   "%br_ln375 = br void %for.body4" [calorimeter.cpp:375]   --->   Operation 65 'br' 'br_ln375' <Predicate = true> <Delay = 0.00>
ST_1 : Operation 66 [1/1] (0.00ns)   --->   "%indvar_flatten_load = load i11 %indvar_flatten" [calorimeter.cpp:375]   --->   Operation 66 'load' 'indvar_flatten_load' <Predicate = true> <Delay = 0.00>
ST_1 : Operation 67 [1/1] (0.73ns)   --->   "%icmp_ln375 = icmp_eq  i11 %indvar_flatten_load, i11 1440" [calorimeter.cpp:375]   --->   Operation 67 'icmp' 'icmp_ln375' <Predicate = true> <Delay = 0.73> <CoreInst = "Cmp">   --->   Core 9 'Cmp' <Latency = 0> <II = 1> <Delay = 0.73> <FuncUnit> <Opcode : 'seteq' 'setne' 'setle' 'setge' 'setlt' 'setgt'> <InPorts = 2> <OutPorts = 1>
ST_1 : Operation 68 [1/1] (0.73ns)   --->   "%add_ln375_1 = add i11 %indvar_flatten_load, i11 1" [calorimeter.cpp:375]   --->   Operation 68 'add' 'add_ln375_1' <Predicate = true> <Delay = 0.73> <CoreInst = "Adder">   --->   Core 1 'Adder' <Latency = 0> <II = 1> <Delay = 0.73> <FuncUnit> <Opcode : 'add' 'sub'> <InPorts = 2> <OutPorts = 1>
ST_1 : Operation 69 [1/1] (0.00ns)   --->   "%br_ln375 = br i1 %icmp_ln375, void %for.inc25, void %for.end27" [calorimeter.cpp:375]   --->   Operation 69 'br' 'br_ln375' <Predicate = true> <Delay = 0.00>
ST_1 : Operation 70 [1/1] (0.00ns)   --->   "%phi_idx_3_load = load i6 %phi_idx_3" [calorimeter.cpp:376]   --->   Operation 70 'load' 'phi_idx_3_load' <Predicate = (!icmp_ln375)> <Delay = 0.00>
ST_1 : Operation 71 [1/1] (0.00ns)   --->   "%eta_load = load i5 %eta" [calorimeter.cpp:375]   --->   Operation 71 'load' 'eta_load' <Predicate = (!icmp_ln375)> <Delay = 0.00>
ST_1 : Operation 72 [1/1] (0.70ns)   --->   "%icmp_ln376 = icmp_eq  i6 %phi_idx_3_load, i6 60" [calorimeter.cpp:376]   --->   Operation 72 'icmp' 'icmp_ln376' <Predicate = (!icmp_ln375)> <Delay = 0.70> <CoreInst = "Cmp">   --->   Core 9 'Cmp' <Latency = 0> <II = 1> <Delay = 0.70> <FuncUnit> <Opcode : 'seteq' 'setne' 'setle' 'setge' 'setlt' 'setgt'> <InPorts = 2> <OutPorts = 1>
ST_1 : Operation 73 [1/1] (0.29ns)   --->   "%select_ln375 = select i1 %icmp_ln376, i6 0, i6 %phi_idx_3_load" [calorimeter.cpp:375]   --->   Operation 73 'select' 'select_ln375' <Predicate = (!icmp_ln375)> <Delay = 0.29> <CoreInst = "Sel">   --->   Core 73 'Sel' <Latency = 0> <II = 1> <Delay = 0.29> <FuncUnit> <Opcode : 'select'> <InPorts = 3> <OutPorts = 1>
ST_1 : Operation 74 [1/1] (0.70ns)   --->   "%add_ln375 = add i5 %eta_load, i5 2" [calorimeter.cpp:375]   --->   Operation 74 'add' 'add_ln375' <Predicate = (!icmp_ln375)> <Delay = 0.70> <CoreInst = "Adder">   --->   Core 1 'Adder' <Latency = 0> <II = 1> <Delay = 0.70> <FuncUnit> <Opcode : 'add' 'sub'> <InPorts = 2> <OutPorts = 1>
ST_1 : Operation 75 [1/1] (0.70ns)   --->   "%add_ln375_2 = add i5 %eta_load, i5 1" [calorimeter.cpp:375]   --->   Operation 75 'add' 'add_ln375_2' <Predicate = (!icmp_ln375)> <Delay = 0.70> <CoreInst = "Adder">   --->   Core 1 'Adder' <Latency = 0> <II = 1> <Delay = 0.70> <FuncUnit> <Opcode : 'add' 'sub'> <InPorts = 2> <OutPorts = 1>
ST_1 : Operation 76 [1/1] (0.27ns)   --->   "%select_ln375_1 = select i1 %icmp_ln376, i5 %add_ln375, i5 %add_ln375_2" [calorimeter.cpp:375]   --->   Operation 76 'select' 'select_ln375_1' <Predicate = (!icmp_ln375)> <Delay = 0.27> <CoreInst = "Sel">   --->   Core 73 'Sel' <Latency = 0> <II = 1> <Delay = 0.27> <FuncUnit> <Opcode : 'select'> <InPorts = 3> <OutPorts = 1>
ST_1 : Operation 77 [1/1] (0.27ns)   --->   "%select_ln375_2 = select i1 %icmp_ln376, i5 %add_ln375_2, i5 %eta_load" [calorimeter.cpp:375]   --->   Operation 77 'select' 'select_ln375_2' <Predicate = (!icmp_ln375)> <Delay = 0.27> <CoreInst = "Sel">   --->   Core 73 'Sel' <Latency = 0> <II = 1> <Delay = 0.27> <FuncUnit> <Opcode : 'select'> <InPorts = 3> <OutPorts = 1>
ST_1 : Operation 78 [1/1] (0.00ns)   --->   "%p_shl1 = bitconcatenate i11 @_ssdm_op_BitConcatenate.i11.i5.i6, i5 %select_ln375_2, i6 0" [calorimeter.cpp:389]   --->   Operation 78 'bitconcatenate' 'p_shl1' <Predicate = (!icmp_ln375)> <Delay = 0.00>
ST_1 : Operation 79 [1/1] (0.00ns)   --->   "%tmp = bitconcatenate i7 @_ssdm_op_BitConcatenate.i7.i5.i2, i5 %select_ln375_2, i2 0" [calorimeter.cpp:389]   --->   Operation 79 'bitconcatenate' 'tmp' <Predicate = (!icmp_ln375)> <Delay = 0.00>
ST_1 : Operation 80 [1/1] (0.00ns)   --->   "%zext_ln389 = zext i7 %tmp" [calorimeter.cpp:389]   --->   Operation 80 'zext' 'zext_ln389' <Predicate = (!icmp_ln375)> <Delay = 0.00>
ST_1 : Operation 81 [1/1] (0.73ns)   --->   "%sub_ln389 = sub i11 %p_shl1, i11 %zext_ln389" [calorimeter.cpp:389]   --->   Operation 81 'sub' 'sub_ln389' <Predicate = (!icmp_ln375)> <Delay = 0.73> <CoreInst = "Adder">   --->   Core 1 'Adder' <Latency = 0> <II = 1> <Delay = 0.73> <FuncUnit> <Opcode : 'add' 'sub'> <InPorts = 2> <OutPorts = 1>
ST_1 : Operation 82 [1/1] (0.00ns)   --->   "%zext_ln389_1 = zext i6 %select_ln375" [calorimeter.cpp:389]   --->   Operation 82 'zext' 'zext_ln389_1' <Predicate = (!icmp_ln375)> <Delay = 0.00>
ST_1 : Operation 83 [1/1] (0.73ns)   --->   "%add_ln389 = add i11 %sub_ln389, i11 %zext_ln389_1" [calorimeter.cpp:389]   --->   Operation 83 'add' 'add_ln389' <Predicate = (!icmp_ln375)> <Delay = 0.73> <CoreInst = "Adder">   --->   Core 1 'Adder' <Latency = 0> <II = 1> <Delay = 0.73> <FuncUnit> <Opcode : 'add' 'sub'> <InPorts = 2> <OutPorts = 1>
ST_1 : Operation 84 [1/1] (0.00ns)   --->   "%zext_ln389_2 = zext i11 %add_ln389" [calorimeter.cpp:389]   --->   Operation 84 'zext' 'zext_ln389_2' <Predicate = (!icmp_ln375)> <Delay = 0.00>
ST_1 : Operation 85 [1/1] (0.00ns)   --->   "%towers_addr = getelementptr i12 %towers, i64 0, i64 %zext_ln389_2" [calorimeter.cpp:389]   --->   Operation 85 'getelementptr' 'towers_addr' <Predicate = (!icmp_ln375)> <Delay = 0.00>
ST_1 : Operation 86 [2/2] (1.20ns)   --->   "%seed_et = load i11 %towers_addr" [calorimeter.cpp:389]   --->   Operation 86 'load' 'seed_et' <Predicate = (!icmp_ln375)> <Delay = 1.20> <CoreInst = "RAM">   --->   Core 82 'RAM' <Latency = 1> <II = 1> <Delay = 1.20> <Storage> <Opcode : 'load' 'store'> <Ports = 2> <Width = 12> <Depth = 1800> <RAM>
ST_1 : Operation 87 [1/1] (0.38ns)   --->   "%store_ln375 = store i11 %add_ln375_1, i11 %indvar_flatten" [calorimeter.cpp:375]   --->   Operation 87 'store' 'store_ln375' <Predicate = (!icmp_ln375)> <Delay = 0.38>
ST_1 : Operation 88 [1/1] (0.38ns)   --->   "%store_ln375 = store i5 %select_ln375_2, i5 %eta" [calorimeter.cpp:375]   --->   Operation 88 'store' 'store_ln375' <Predicate = (!icmp_ln375)> <Delay = 0.38>
ST_1 : Operation 731 [1/1] (0.38ns)   --->   "%ret_ln414 = ret" [calorimeter.cpp:414]   --->   Operation 731 'ret' 'ret_ln414' <Predicate = (icmp_ln375)> <Delay = 0.38>

State 2 <SV = 1> <Delay = 3.38>
ST_2 : Operation 89 [1/1] (0.70ns)   --->   "%empty = add i5 %select_ln375_2, i5 29" [calorimeter.cpp:375]   --->   Operation 89 'add' 'empty' <Predicate = (!icmp_ln375)> <Delay = 0.70> <CoreInst = "Adder">   --->   Core 1 'Adder' <Latency = 0> <II = 1> <Delay = 0.70> <FuncUnit> <Opcode : 'add' 'sub'> <InPorts = 2> <OutPorts = 1>
ST_2 : Operation 90 [1/1] (0.00ns)   --->   "%p_shl2 = bitconcatenate i11 @_ssdm_op_BitConcatenate.i11.i5.i6, i5 %empty, i6 0" [./calorimeter.h:216->calorimeter.cpp:392]   --->   Operation 90 'bitconcatenate' 'p_shl2' <Predicate = (!icmp_ln375)> <Delay = 0.00>
ST_2 : Operation 91 [1/1] (0.00ns)   --->   "%tmp_1 = bitconcatenate i7 @_ssdm_op_BitConcatenate.i7.i5.i2, i5 %empty, i2 0" [./calorimeter.h:216->calorimeter.cpp:392]   --->   Operation 91 'bitconcatenate' 'tmp_1' <Predicate = (!icmp_ln375)> <Delay = 0.00>
ST_2 : Operation 92 [1/1] (0.00ns)   --->   "%zext_ln216 = zext i7 %tmp_1" [./calorimeter.h:216->calorimeter.cpp:392]   --->   Operation 92 'zext' 'zext_ln216' <Predicate = (!icmp_ln375)> <Delay = 0.00>
ST_2 : Operation 93 [1/1] (0.73ns)   --->   "%sub_ln216 = sub i11 %p_shl2, i11 %zext_ln216" [./calorimeter.h:216->calorimeter.cpp:392]   --->   Operation 93 'sub' 'sub_ln216' <Predicate = (!icmp_ln375)> <Delay = 0.73> <CoreInst = "Adder">   --->   Core 1 'Adder' <Latency = 0> <II = 1> <Delay = 0.73> <FuncUnit> <Opcode : 'add' 'sub'> <InPorts = 2> <OutPorts = 1>
ST_2 : Operation 94 [1/1] (0.00ns)   --->   "%zext_ln376 = zext i6 %select_ln375" [calorimeter.cpp:376]   --->   Operation 94 'zext' 'zext_ln376' <Predicate = (!icmp_ln375)> <Delay = 0.00>
ST_2 : Operation 95 [1/2] (1.20ns)   --->   "%seed_et = load i11 %towers_addr" [calorimeter.cpp:389]   --->   Operation 95 'load' 'seed_et' <Predicate = (!icmp_ln375)> <Delay = 1.20> <CoreInst = "RAM">   --->   Core 82 'RAM' <Latency = 1> <II = 1> <Delay = 1.20> <Storage> <Opcode : 'load' 'store'> <Ports = 2> <Width = 12> <Depth = 1800> <RAM>
ST_2 : Operation 96 [1/1] (0.74ns)   --->   "%icmp_ln391 = icmp_ult  i12 %seed_et, i12 %seed_threshold_read" [calorimeter.cpp:391]   --->   Operation 96 'icmp' 'icmp_ln391' <Predicate = (!icmp_ln375)> <Delay = 0.74> <CoreInst = "Cmp">   --->   Core 9 'Cmp' <Latency = 0> <II = 1> <Delay = 0.74> <FuncUnit> <Opcode : 'seteq' 'setne' 'setle' 'setge' 'setlt' 'setgt'> <InPorts = 2> <OutPorts = 1>
ST_2 : Operation 97 [1/1] (0.70ns)   --->   "%add_ln213 = add i7 %zext_ln376, i7 125" [./calorimeter.h:213->calorimeter.cpp:392]   --->   Operation 97 'add' 'add_ln213' <Predicate = (!icmp_ln375)> <Delay = 0.70> <CoreInst = "Adder">   --->   Core 1 'Adder' <Latency = 0> <II = 1> <Delay = 0.70> <FuncUnit> <Opcode : 'add' 'sub'> <InPorts = 2> <OutPorts = 1>
ST_2 : Operation 98 [1/1] (0.00ns)   --->   "%tmp_7 = bitselect i1 @_ssdm_op_BitSelect.i1.i7.i32, i7 %add_ln213, i32 6" [./calorimeter.h:160->./calorimeter.h:213->calorimeter.cpp:392]   --->   Operation 98 'bitselect' 'tmp_7' <Predicate = (!icmp_ln375)> <Delay = 0.00>
ST_2 : Operation 99 [1/1] (0.70ns)   --->   "%add_ln161 = add i7 %zext_ln376, i7 57" [./calorimeter.h:161->./calorimeter.h:213->calorimeter.cpp:392]   --->   Operation 99 'add' 'add_ln161' <Predicate = (!icmp_ln375)> <Delay = 0.70> <CoreInst = "Adder">   --->   Core 1 'Adder' <Latency = 0> <II = 1> <Delay = 0.70> <FuncUnit> <Opcode : 'add' 'sub'> <InPorts = 2> <OutPorts = 1>
ST_2 : Operation 100 [1/1] (0.30ns)   --->   "%phi_idx = select i1 %tmp_7, i7 %add_ln161, i7 %add_ln213" [./calorimeter.h:160->./calorimeter.h:213->calorimeter.cpp:392]   --->   Operation 100 'select' 'phi_idx' <Predicate = (!icmp_ln375)> <Delay = 0.30> <CoreInst = "Sel">   --->   Core 73 'Sel' <Latency = 0> <II = 1> <Delay = 0.30> <FuncUnit> <Opcode : 'select'> <InPorts = 3> <OutPorts = 1>
ST_2 : Operation 101 [1/1] (0.00ns)   --->   "%zext_ln216_12 = zext i7 %phi_idx" [./calorimeter.h:216->calorimeter.cpp:392]   --->   Operation 101 'zext' 'zext_ln216_12' <Predicate = (!icmp_ln375)> <Delay = 0.00>
ST_2 : Operation 102 [1/1] (0.73ns)   --->   "%add_ln216_6 = add i11 %sub_ln216, i11 %zext_ln216_12" [./calorimeter.h:216->calorimeter.cpp:392]   --->   Operation 102 'add' 'add_ln216_6' <Predicate = (!icmp_ln375)> <Delay = 0.73> <CoreInst = "Adder">   --->   Core 1 'Adder' <Latency = 0> <II = 1> <Delay = 0.73> <FuncUnit> <Opcode : 'add' 'sub'> <InPorts = 2> <OutPorts = 1>
ST_2 : Operation 103 [1/1] (0.00ns)   --->   "%zext_ln216_13 = zext i11 %add_ln216_6" [./calorimeter.h:216->calorimeter.cpp:392]   --->   Operation 103 'zext' 'zext_ln216_13' <Predicate = (!icmp_ln375)> <Delay = 0.00>
ST_2 : Operation 104 [1/1] (0.00ns)   --->   "%towers_addr_1 = getelementptr i12 %towers, i64 0, i64 %zext_ln216_13" [./calorimeter.h:216->calorimeter.cpp:392]   --->   Operation 104 'getelementptr' 'towers_addr_1' <Predicate = (!icmp_ln375)> <Delay = 0.00>
ST_2 : Operation 105 [2/2] (1.20ns)   --->   "%neighbor = load i11 %towers_addr_1" [./calorimeter.h:216->calorimeter.cpp:392]   --->   Operation 105 'load' 'neighbor' <Predicate = (!icmp_ln375)> <Delay = 1.20> <CoreInst = "RAM">   --->   Core 82 'RAM' <Latency = 1> <II = 1> <Delay = 1.20> <Storage> <Opcode : 'load' 'store'> <Ports = 2> <Width = 12> <Depth = 1800> <RAM>

State 3 <SV = 2> <Delay = 2.95>
ST_3 : Operation 106 [1/2] (1.20ns)   --->   "%neighbor = load i11 %towers_addr_1" [./calorimeter.h:216->calorimeter.cpp:392]   --->   Operation 106 'load' 'neighbor' <Predicate = (!icmp_ln375)> <Delay = 1.20> <CoreInst = "RAM">   --->   Core 82 'RAM' <Latency = 1> <II = 1> <Delay = 1.20> <Storage> <Opcode : 'load' 'store'> <Ports = 2> <Width = 12> <Depth = 1800> <RAM>
ST_3 : Operation 107 [1/1] (0.70ns)   --->   "%add_ln213_3 = add i7 %zext_ln376, i7 126" [./calorimeter.h:213->calorimeter.cpp:392]   --->   Operation 107 'add' 'add_ln213_3' <Predicate = (!icmp_ln375)> <Delay = 0.70> <CoreInst = "Adder">   --->   Core 1 'Adder' <Latency = 0> <II = 1> <Delay = 0.70> <FuncUnit> <Opcode : 'add' 'sub'> <InPorts = 2> <OutPorts = 1>
ST_3 : Operation 108 [1/1] (0.00ns)   --->   "%tmp_8 = bitselect i1 @_ssdm_op_BitSelect.i1.i7.i32, i7 %add_ln213_3, i32 6" [./calorimeter.h:160->./calorimeter.h:213->calorimeter.cpp:392]   --->   Operation 108 'bitselect' 'tmp_8' <Predicate = (!icmp_ln375)> <Delay = 0.00>
ST_3 : Operation 109 [1/1] (0.70ns)   --->   "%add_ln161_1 = add i7 %zext_ln376, i7 58" [./calorimeter.h:161->./calorimeter.h:213->calorimeter.cpp:392]   --->   Operation 109 'add' 'add_ln161_1' <Predicate = (!icmp_ln375)> <Delay = 0.70> <CoreInst = "Adder">   --->   Core 1 'Adder' <Latency = 0> <II = 1> <Delay = 0.70> <FuncUnit> <Opcode : 'add' 'sub'> <InPorts = 2> <OutPorts = 1>
ST_3 : Operation 110 [1/1] (0.30ns)   --->   "%phi_idx_7 = select i1 %tmp_8, i7 %add_ln161_1, i7 %add_ln213_3" [./calorimeter.h:160->./calorimeter.h:213->calorimeter.cpp:392]   --->   Operation 110 'select' 'phi_idx_7' <Predicate = (!icmp_ln375)> <Delay = 0.30> <CoreInst = "Sel">   --->   Core 73 'Sel' <Latency = 0> <II = 1> <Delay = 0.30> <FuncUnit> <Opcode : 'select'> <InPorts = 3> <OutPorts = 1>
ST_3 : Operation 111 [1/1] (0.00ns)   --->   "%zext_ln216_14 = zext i7 %phi_idx_7" [./calorimeter.h:216->calorimeter.cpp:392]   --->   Operation 111 'zext' 'zext_ln216_14' <Predicate = (!icmp_ln375)> <Delay = 0.00>
ST_3 : Operation 112 [1/1] (0.73ns)   --->   "%add_ln216_7 = add i11 %sub_ln216, i11 %zext_ln216_14" [./calorimeter.h:216->calorimeter.cpp:392]   --->   Operation 112 'add' 'add_ln216_7' <Predicate = (!icmp_ln375)> <Delay = 0.73> <CoreInst = "Adder">   --->   Core 1 'Adder' <Latency = 0> <II = 1> <Delay = 0.73> <FuncUnit> <Opcode : 'add' 'sub'> <InPorts = 2> <OutPorts = 1>
ST_3 : Operation 113 [1/1] (0.00ns)   --->   "%zext_ln216_15 = zext i11 %add_ln216_7" [./calorimeter.h:216->calorimeter.cpp:392]   --->   Operation 113 'zext' 'zext_ln216_15' <Predicate = (!icmp_ln375)> <Delay = 0.00>
ST_3 : Operation 114 [1/1] (0.00ns)   --->   "%towers_addr_2 = getelementptr i12 %towers, i64 0, i64 %zext_ln216_15" [./calorimeter.h:216->calorimeter.cpp:392]   --->   Operation 114 'getelementptr' 'towers_addr_2' <Predicate = (!icmp_ln375)> <Delay = 0.00>
ST_3 : Operation 115 [2/2] (1.20ns)   --->   "%neighbor_1 = load i11 %towers_addr_2" [./calorimeter.h:216->calorimeter.cpp:392]   --->   Operation 115 'load' 'neighbor_1' <Predicate = (!icmp_ln375)> <Delay = 1.20> <CoreInst = "RAM">   --->   Core 82 'RAM' <Latency = 1> <II = 1> <Delay = 1.20> <Storage> <Opcode : 'load' 'store'> <Ports = 2> <Width = 12> <Depth = 1800> <RAM>

State 4 <SV = 3> <Delay = 2.95>
ST_4 : Operation 116 [1/2] (1.20ns)   --->   "%neighbor_1 = load i11 %towers_addr_2" [./calorimeter.h:216->calorimeter.cpp:392]   --->   Operation 116 'load' 'neighbor_1' <Predicate = (!icmp_ln375)> <Delay = 1.20> <CoreInst = "RAM">   --->   Core 82 'RAM' <Latency = 1> <II = 1> <Delay = 1.20> <Storage> <Opcode : 'load' 'store'> <Ports = 2> <Width = 12> <Depth = 1800> <RAM>
ST_4 : Operation 117 [1/1] (0.70ns)   --->   "%add_ln213_4 = add i7 %zext_ln376, i7 127" [./calorimeter.h:213->calorimeter.cpp:392]   --->   Operation 117 'add' 'add_ln213_4' <Predicate = (!icmp_ln375)> <Delay = 0.70> <CoreInst = "Adder">   --->   Core 1 'Adder' <Latency = 0> <II = 1> <Delay = 0.70> <FuncUnit> <Opcode : 'add' 'sub'> <InPorts = 2> <OutPorts = 1>
ST_4 : Operation 118 [1/1] (0.00ns)   --->   "%tmp_9 = bitselect i1 @_ssdm_op_BitSelect.i1.i7.i32, i7 %add_ln213_4, i32 6" [./calorimeter.h:160->./calorimeter.h:213->calorimeter.cpp:392]   --->   Operation 118 'bitselect' 'tmp_9' <Predicate = (!icmp_ln375)> <Delay = 0.00>
ST_4 : Operation 119 [1/1] (0.70ns)   --->   "%add_ln161_2 = add i7 %zext_ln376, i7 59" [./calorimeter.h:161->./calorimeter.h:213->calorimeter.cpp:392]   --->   Operation 119 'add' 'add_ln161_2' <Predicate = (!icmp_ln375)> <Delay = 0.70> <CoreInst = "Adder">   --->   Core 1 'Adder' <Latency = 0> <II = 1> <Delay = 0.70> <FuncUnit> <Opcode : 'add' 'sub'> <InPorts = 2> <OutPorts = 1>
ST_4 : Operation 120 [1/1] (0.30ns)   --->   "%phi_idx_8 = select i1 %tmp_9, i7 %add_ln161_2, i7 %add_ln213_4" [./calorimeter.h:160->./calorimeter.h:213->calorimeter.cpp:392]   --->   Operation 120 'select' 'phi_idx_8' <Predicate = (!icmp_ln375)> <Delay = 0.30> <CoreInst = "Sel">   --->   Core 73 'Sel' <Latency = 0> <II = 1> <Delay = 0.30> <FuncUnit> <Opcode : 'select'> <InPorts = 3> <OutPorts = 1>
ST_4 : Operation 121 [1/1] (0.00ns)   --->   "%zext_ln216_16 = zext i7 %phi_idx_8" [./calorimeter.h:216->calorimeter.cpp:392]   --->   Operation 121 'zext' 'zext_ln216_16' <Predicate = (!icmp_ln375)> <Delay = 0.00>
ST_4 : Operation 122 [1/1] (0.73ns)   --->   "%add_ln216_8 = add i11 %sub_ln216, i11 %zext_ln216_16" [./calorimeter.h:216->calorimeter.cpp:392]   --->   Operation 122 'add' 'add_ln216_8' <Predicate = (!icmp_ln375)> <Delay = 0.73> <CoreInst = "Adder">   --->   Core 1 'Adder' <Latency = 0> <II = 1> <Delay = 0.73> <FuncUnit> <Opcode : 'add' 'sub'> <InPorts = 2> <OutPorts = 1>
ST_4 : Operation 123 [1/1] (0.00ns)   --->   "%zext_ln216_17 = zext i11 %add_ln216_8" [./calorimeter.h:216->calorimeter.cpp:392]   --->   Operation 123 'zext' 'zext_ln216_17' <Predicate = (!icmp_ln375)> <Delay = 0.00>
ST_4 : Operation 124 [1/1] (0.00ns)   --->   "%towers_addr_3 = getelementptr i12 %towers, i64 0, i64 %zext_ln216_17" [./calorimeter.h:216->calorimeter.cpp:392]   --->   Operation 124 'getelementptr' 'towers_addr_3' <Predicate = (!icmp_ln375)> <Delay = 0.00>
ST_4 : Operation 125 [2/2] (1.20ns)   --->   "%neighbor_2 = load i11 %towers_addr_3" [./calorimeter.h:216->calorimeter.cpp:392]   --->   Operation 125 'load' 'neighbor_2' <Predicate = (!icmp_ln375)> <Delay = 1.20> <CoreInst = "RAM">   --->   Core 82 'RAM' <Latency = 1> <II = 1> <Delay = 1.20> <Storage> <Opcode : 'load' 'store'> <Ports = 2> <Width = 12> <Depth = 1800> <RAM>

State 5 <SV = 4> <Delay = 1.93>
ST_5 : Operation 126 [1/1] (0.73ns)   --->   "%add_ln216 = add i11 %sub_ln216, i11 %zext_ln389_1" [./calorimeter.h:216->calorimeter.cpp:392]   --->   Operation 126 'add' 'add_ln216' <Predicate = (!icmp_ln375)> <Delay = 0.73> <CoreInst = "Adder">   --->   Core 1 'Adder' <Latency = 0> <II = 1> <Delay = 0.73> <FuncUnit> <Opcode : 'add' 'sub'> <InPorts = 2> <OutPorts = 1>
ST_5 : Operation 127 [1/1] (0.00ns)   --->   "%zext_ln216_6 = zext i11 %add_ln216" [./calorimeter.h:216->calorimeter.cpp:392]   --->   Operation 127 'zext' 'zext_ln216_6' <Predicate = (!icmp_ln375)> <Delay = 0.00>
ST_5 : Operation 128 [1/1] (0.00ns)   --->   "%towers_addr_4 = getelementptr i12 %towers, i64 0, i64 %zext_ln216_6" [./calorimeter.h:216->calorimeter.cpp:392]   --->   Operation 128 'getelementptr' 'towers_addr_4' <Predicate = (!icmp_ln375)> <Delay = 0.00>
ST_5 : Operation 129 [1/2] (1.20ns)   --->   "%neighbor_2 = load i11 %towers_addr_3" [./calorimeter.h:216->calorimeter.cpp:392]   --->   Operation 129 'load' 'neighbor_2' <Predicate = (!icmp_ln375)> <Delay = 1.20> <CoreInst = "RAM">   --->   Core 82 'RAM' <Latency = 1> <II = 1> <Delay = 1.20> <Storage> <Opcode : 'load' 'store'> <Ports = 2> <Width = 12> <Depth = 1800> <RAM>
ST_5 : Operation 130 [2/2] (1.20ns)   --->   "%neighbor_3 = load i11 %towers_addr_4" [./calorimeter.h:216->calorimeter.cpp:392]   --->   Operation 130 'load' 'neighbor_3' <Predicate = (!icmp_ln375)> <Delay = 1.20> <CoreInst = "RAM">   --->   Core 82 'RAM' <Latency = 1> <II = 1> <Delay = 1.20> <Storage> <Opcode : 'load' 'store'> <Ports = 2> <Width = 12> <Depth = 1800> <RAM>

State 6 <SV = 5> <Delay = 3.65>
ST_6 : Operation 131 [1/2] (1.20ns)   --->   "%neighbor_3 = load i11 %towers_addr_4" [./calorimeter.h:216->calorimeter.cpp:392]   --->   Operation 131 'load' 'neighbor_3' <Predicate = (!icmp_ln375)> <Delay = 1.20> <CoreInst = "RAM">   --->   Core 82 'RAM' <Latency = 1> <II = 1> <Delay = 1.20> <Storage> <Opcode : 'load' 'store'> <Ports = 2> <Width = 12> <Depth = 1800> <RAM>
ST_6 : Operation 132 [1/1] (0.70ns)   --->   "%phi = add i6 %select_ln375, i6 1" [./calorimeter.h:213->calorimeter.cpp:392]   --->   Operation 132 'add' 'phi' <Predicate = (!icmp_ln375)> <Delay = 0.70> <CoreInst = "Adder">   --->   Core 1 'Adder' <Latency = 0> <II = 1> <Delay = 0.70> <FuncUnit> <Opcode : 'add' 'sub'> <InPorts = 2> <OutPorts = 1>
ST_6 : Operation 133 [1/1] (0.70ns)   --->   "%icmp_ln162 = icmp_ugt  i6 %phi, i6 59" [./calorimeter.h:162->./calorimeter.h:213->calorimeter.cpp:392]   --->   Operation 133 'icmp' 'icmp_ln162' <Predicate = (!icmp_ln375)> <Delay = 0.70> <CoreInst = "Cmp">   --->   Core 9 'Cmp' <Latency = 0> <II = 1> <Delay = 0.70> <FuncUnit> <Opcode : 'seteq' 'setne' 'setle' 'setge' 'setlt' 'setgt'> <InPorts = 2> <OutPorts = 1>
ST_6 : Operation 134 [1/1] (0.70ns)   --->   "%add_ln163 = add i7 %zext_ln376, i7 69" [./calorimeter.h:163->./calorimeter.h:213->calorimeter.cpp:392]   --->   Operation 134 'add' 'add_ln163' <Predicate = (!icmp_ln375)> <Delay = 0.70> <CoreInst = "Adder">   --->   Core 1 'Adder' <Latency = 0> <II = 1> <Delay = 0.70> <FuncUnit> <Opcode : 'add' 'sub'> <InPorts = 2> <OutPorts = 1>
ST_6 : Operation 135 [1/1] (0.00ns)   --->   "%zext_ln162 = zext i6 %phi" [./calorimeter.h:162->./calorimeter.h:213->calorimeter.cpp:392]   --->   Operation 135 'zext' 'zext_ln162' <Predicate = (!icmp_ln375)> <Delay = 0.00>
ST_6 : Operation 136 [1/1] (0.30ns)   --->   "%phi_idx_9 = select i1 %icmp_ln162, i7 %add_ln163, i7 %zext_ln162" [./calorimeter.h:162->./calorimeter.h:213->calorimeter.cpp:392]   --->   Operation 136 'select' 'phi_idx_9' <Predicate = (!icmp_ln375)> <Delay = 0.30> <CoreInst = "Sel">   --->   Core 73 'Sel' <Latency = 0> <II = 1> <Delay = 0.30> <FuncUnit> <Opcode : 'select'> <InPorts = 3> <OutPorts = 1>
ST_6 : Operation 137 [1/1] (0.00ns)   --->   "%sext_ln216 = sext i7 %phi_idx_9" [./calorimeter.h:216->calorimeter.cpp:392]   --->   Operation 137 'sext' 'sext_ln216' <Predicate = (!icmp_ln375)> <Delay = 0.00>
ST_6 : Operation 138 [1/1] (0.73ns)   --->   "%add_ln216_9 = add i11 %sub_ln216, i11 %sext_ln216" [./calorimeter.h:216->calorimeter.cpp:392]   --->   Operation 138 'add' 'add_ln216_9' <Predicate = (!icmp_ln375)> <Delay = 0.73> <CoreInst = "Adder">   --->   Core 1 'Adder' <Latency = 0> <II = 1> <Delay = 0.73> <FuncUnit> <Opcode : 'add' 'sub'> <InPorts = 2> <OutPorts = 1>
ST_6 : Operation 139 [1/1] (0.00ns)   --->   "%zext_ln216_18 = zext i11 %add_ln216_9" [./calorimeter.h:216->calorimeter.cpp:392]   --->   Operation 139 'zext' 'zext_ln216_18' <Predicate = (!icmp_ln375)> <Delay = 0.00>
ST_6 : Operation 140 [1/1] (0.00ns)   --->   "%towers_addr_5 = getelementptr i12 %towers, i64 0, i64 %zext_ln216_18" [./calorimeter.h:216->calorimeter.cpp:392]   --->   Operation 140 'getelementptr' 'towers_addr_5' <Predicate = (!icmp_ln375)> <Delay = 0.00>
ST_6 : Operation 141 [2/2] (1.20ns)   --->   "%neighbor_4 = load i11 %towers_addr_5" [./calorimeter.h:216->calorimeter.cpp:392]   --->   Operation 141 'load' 'neighbor_4' <Predicate = (!icmp_ln375)> <Delay = 1.20> <CoreInst = "RAM">   --->   Core 82 'RAM' <Latency = 1> <II = 1> <Delay = 1.20> <Storage> <Opcode : 'load' 'store'> <Ports = 2> <Width = 12> <Depth = 1800> <RAM>
ST_6 : Operation 142 [1/1] (0.38ns)   --->   "%store_ln184 = store i6 %phi, i6 %phi_idx_3" [./calorimeter.h:184->calorimeter.cpp:395]   --->   Operation 142 'store' 'store_ln184' <Predicate = (!icmp_ln375)> <Delay = 0.38>

State 7 <SV = 6> <Delay = 3.65>
ST_7 : Operation 143 [1/2] (1.20ns)   --->   "%neighbor_4 = load i11 %towers_addr_5" [./calorimeter.h:216->calorimeter.cpp:392]   --->   Operation 143 'load' 'neighbor_4' <Predicate = (!icmp_ln375)> <Delay = 1.20> <CoreInst = "RAM">   --->   Core 82 'RAM' <Latency = 1> <II = 1> <Delay = 1.20> <Storage> <Opcode : 'load' 'store'> <Ports = 2> <Width = 12> <Depth = 1800> <RAM>
ST_7 : Operation 144 [1/1] (0.70ns)   --->   "%add_ln213_1 = add i6 %select_ln375, i6 2" [./calorimeter.h:213->calorimeter.cpp:392]   --->   Operation 144 'add' 'add_ln213_1' <Predicate = (!icmp_ln375)> <Delay = 0.70> <CoreInst = "Adder">   --->   Core 1 'Adder' <Latency = 0> <II = 1> <Delay = 0.70> <FuncUnit> <Opcode : 'add' 'sub'> <InPorts = 2> <OutPorts = 1>
ST_7 : Operation 145 [1/1] (0.70ns)   --->   "%icmp_ln162_1 = icmp_ugt  i6 %add_ln213_1, i6 59" [./calorimeter.h:162->./calorimeter.h:213->calorimeter.cpp:392]   --->   Operation 145 'icmp' 'icmp_ln162_1' <Predicate = (!icmp_ln375)> <Delay = 0.70> <CoreInst = "Cmp">   --->   Core 9 'Cmp' <Latency = 0> <II = 1> <Delay = 0.70> <FuncUnit> <Opcode : 'seteq' 'setne' 'setle' 'setge' 'setlt' 'setgt'> <InPorts = 2> <OutPorts = 1>
ST_7 : Operation 146 [1/1] (0.70ns)   --->   "%add_ln163_1 = add i7 %zext_ln376, i7 70" [./calorimeter.h:163->./calorimeter.h:213->calorimeter.cpp:392]   --->   Operation 146 'add' 'add_ln163_1' <Predicate = (!icmp_ln375)> <Delay = 0.70> <CoreInst = "Adder">   --->   Core 1 'Adder' <Latency = 0> <II = 1> <Delay = 0.70> <FuncUnit> <Opcode : 'add' 'sub'> <InPorts = 2> <OutPorts = 1>
ST_7 : Operation 147 [1/1] (0.00ns)   --->   "%zext_ln162_1 = zext i6 %add_ln213_1" [./calorimeter.h:162->./calorimeter.h:213->calorimeter.cpp:392]   --->   Operation 147 'zext' 'zext_ln162_1' <Predicate = (!icmp_ln375)> <Delay = 0.00>
ST_7 : Operation 148 [1/1] (0.30ns)   --->   "%phi_idx_10 = select i1 %icmp_ln162_1, i7 %add_ln163_1, i7 %zext_ln162_1" [./calorimeter.h:162->./calorimeter.h:213->calorimeter.cpp:392]   --->   Operation 148 'select' 'phi_idx_10' <Predicate = (!icmp_ln375)> <Delay = 0.30> <CoreInst = "Sel">   --->   Core 73 'Sel' <Latency = 0> <II = 1> <Delay = 0.30> <FuncUnit> <Opcode : 'select'> <InPorts = 3> <OutPorts = 1>
ST_7 : Operation 149 [1/1] (0.00ns)   --->   "%sext_ln216_1 = sext i7 %phi_idx_10" [./calorimeter.h:216->calorimeter.cpp:392]   --->   Operation 149 'sext' 'sext_ln216_1' <Predicate = (!icmp_ln375)> <Delay = 0.00>
ST_7 : Operation 150 [1/1] (0.73ns)   --->   "%add_ln216_16 = add i11 %sub_ln216, i11 %sext_ln216_1" [./calorimeter.h:216->calorimeter.cpp:392]   --->   Operation 150 'add' 'add_ln216_16' <Predicate = (!icmp_ln375)> <Delay = 0.73> <CoreInst = "Adder">   --->   Core 1 'Adder' <Latency = 0> <II = 1> <Delay = 0.73> <FuncUnit> <Opcode : 'add' 'sub'> <InPorts = 2> <OutPorts = 1>
ST_7 : Operation 151 [1/1] (0.00ns)   --->   "%zext_ln216_25 = zext i11 %add_ln216_16" [./calorimeter.h:216->calorimeter.cpp:392]   --->   Operation 151 'zext' 'zext_ln216_25' <Predicate = (!icmp_ln375)> <Delay = 0.00>
ST_7 : Operation 152 [1/1] (0.00ns)   --->   "%towers_addr_6 = getelementptr i12 %towers, i64 0, i64 %zext_ln216_25" [./calorimeter.h:216->calorimeter.cpp:392]   --->   Operation 152 'getelementptr' 'towers_addr_6' <Predicate = (!icmp_ln375)> <Delay = 0.00>
ST_7 : Operation 153 [2/2] (1.20ns)   --->   "%neighbor_5 = load i11 %towers_addr_6" [./calorimeter.h:216->calorimeter.cpp:392]   --->   Operation 153 'load' 'neighbor_5' <Predicate = (!icmp_ln375)> <Delay = 1.20> <CoreInst = "RAM">   --->   Core 82 'RAM' <Latency = 1> <II = 1> <Delay = 1.20> <Storage> <Opcode : 'load' 'store'> <Ports = 2> <Width = 12> <Depth = 1800> <RAM>

State 8 <SV = 7> <Delay = 3.65>
ST_8 : Operation 154 [1/1] (0.74ns)   --->   "%is_max = icmp_ult  i12 %neighbor, i12 %seed_et" [./calorimeter.h:218->calorimeter.cpp:392]   --->   Operation 154 'icmp' 'is_max' <Predicate = (!icmp_ln375)> <Delay = 0.74> <CoreInst = "Cmp">   --->   Core 9 'Cmp' <Latency = 0> <II = 1> <Delay = 0.74> <FuncUnit> <Opcode : 'seteq' 'setne' 'setle' 'setge' 'setlt' 'setgt'> <InPorts = 2> <OutPorts = 1>
ST_8 : Operation 155 [1/1] (0.74ns)   --->   "%icmp_ln220 = icmp_ne  i12 %neighbor_1, i12 %seed_et" [./calorimeter.h:220->calorimeter.cpp:392]   --->   Operation 155 'icmp' 'icmp_ln220' <Predicate = (!icmp_ln375)> <Delay = 0.74> <CoreInst = "Cmp">   --->   Core 9 'Cmp' <Latency = 0> <II = 1> <Delay = 0.74> <FuncUnit> <Opcode : 'seteq' 'setne' 'setle' 'setge' 'setlt' 'setgt'> <InPorts = 2> <OutPorts = 1>
ST_8 : Operation 156 [1/1] (0.74ns)   --->   "%icmp_ln218 = icmp_ult  i12 %seed_et, i12 %neighbor_1" [./calorimeter.h:218->calorimeter.cpp:392]   --->   Operation 156 'icmp' 'icmp_ln218' <Predicate = (!icmp_ln375)> <Delay = 0.74> <CoreInst = "Cmp">   --->   Core 9 'Cmp' <Latency = 0> <II = 1> <Delay = 0.74> <FuncUnit> <Opcode : 'seteq' 'setne' 'setle' 'setge' 'setlt' 'setgt'> <InPorts = 2> <OutPorts = 1>
ST_8 : Operation 157 [1/1] (0.00ns) (grouped into LUT with out node and_ln218_2)   --->   "%xor_ln218_1 = xor i1 %icmp_ln218, i1 1" [./calorimeter.h:218->calorimeter.cpp:392]   --->   Operation 157 'xor' 'xor_ln218_1' <Predicate = (!icmp_ln375)> <Delay = 0.00> <CoreInst = "LogicGate">   --->   Core 74 'LogicGate' <Latency = 0> <II = 1> <Delay = 0.12> <FuncUnit> <Opcode : 'and' 'or' 'xor'> <InPorts = 2> <OutPorts = 1>
ST_8 : Operation 158 [1/1] (0.74ns)   --->   "%icmp_ln220_1 = icmp_ne  i12 %neighbor_2, i12 %seed_et" [./calorimeter.h:220->calorimeter.cpp:392]   --->   Operation 158 'icmp' 'icmp_ln220_1' <Predicate = (!icmp_ln375)> <Delay = 0.74> <CoreInst = "Cmp">   --->   Core 9 'Cmp' <Latency = 0> <II = 1> <Delay = 0.74> <FuncUnit> <Opcode : 'seteq' 'setne' 'setle' 'setge' 'setlt' 'setgt'> <InPorts = 2> <OutPorts = 1>
ST_8 : Operation 159 [1/1] (0.74ns)   --->   "%icmp_ln218_1 = icmp_ult  i12 %seed_et, i12 %neighbor_2" [./calorimeter.h:218->calorimeter.cpp:392]   --->   Operation 159 'icmp' 'icmp_ln218_1' <Predicate = (!icmp_ln375)> <Delay = 0.74> <CoreInst = "Cmp">   --->   Core 9 'Cmp' <Latency = 0> <II = 1> <Delay = 0.74> <FuncUnit> <Opcode : 'seteq' 'setne' 'setle' 'setge' 'setlt' 'setgt'> <InPorts = 2> <OutPorts = 1>
ST_8 : Operation 160 [1/1] (0.00ns) (grouped into LUT with out node and_ln218_6)   --->   "%xor_ln218_2 = xor i1 %icmp_ln218_1, i1 1" [./calorimeter.h:218->calorimeter.cpp:392]   --->   Operation 160 'xor' 'xor_ln218_2' <Predicate = (!icmp_ln375)> <Delay = 0.00> <CoreInst = "LogicGate">   --->   Core 74 'LogicGate' <Latency = 0> <II = 1> <Delay = 0.12> <FuncUnit> <Opcode : 'and' 'or' 'xor'> <InPorts = 2> <OutPorts = 1>
ST_8 : Operation 161 [1/1] (0.74ns)   --->   "%icmp_ln220_2 = icmp_ne  i12 %neighbor_3, i12 %seed_et" [./calorimeter.h:220->calorimeter.cpp:392]   --->   Operation 161 'icmp' 'icmp_ln220_2' <Predicate = (!icmp_ln375)> <Delay = 0.74> <CoreInst = "Cmp">   --->   Core 9 'Cmp' <Latency = 0> <II = 1> <Delay = 0.74> <FuncUnit> <Opcode : 'seteq' 'setne' 'setle' 'setge' 'setlt' 'setgt'> <InPorts = 2> <OutPorts = 1>
ST_8 : Operation 162 [1/1] (0.74ns)   --->   "%icmp_ln218_2 = icmp_ult  i12 %seed_et, i12 %neighbor_3" [./calorimeter.h:218->calorimeter.cpp:392]   --->   Operation 162 'icmp' 'icmp_ln218_2' <Predicate = (!icmp_ln375)> <Delay = 0.74> <CoreInst = "Cmp">   --->   Core 9 'Cmp' <Latency = 0> <II = 1> <Delay = 0.74> <FuncUnit> <Opcode : 'seteq' 'setne' 'setle' 'setge' 'setlt' 'setgt'> <InPorts = 2> <OutPorts = 1>
ST_8 : Operation 163 [1/1] (0.00ns) (grouped into LUT with out node and_ln218_6)   --->   "%xor_ln218_3 = xor i1 %icmp_ln218_2, i1 1" [./calorimeter.h:218->calorimeter.cpp:392]   --->   Operation 163 'xor' 'xor_ln218_3' <Predicate = (!icmp_ln375)> <Delay = 0.00> <CoreInst = "LogicGate">   --->   Core 74 'LogicGate' <Latency = 0> <II = 1> <Delay = 0.12> <FuncUnit> <Opcode : 'and' 'or' 'xor'> <InPorts = 2> <OutPorts = 1>
ST_8 : Operation 164 [1/1] (0.74ns)   --->   "%icmp_ln220_3 = icmp_ne  i12 %neighbor_4, i12 %seed_et" [./calorimeter.h:220->calorimeter.cpp:392]   --->   Operation 164 'icmp' 'icmp_ln220_3' <Predicate = (!icmp_ln375)> <Delay = 0.74> <CoreInst = "Cmp">   --->   Core 9 'Cmp' <Latency = 0> <II = 1> <Delay = 0.74> <FuncUnit> <Opcode : 'seteq' 'setne' 'setle' 'setge' 'setlt' 'setgt'> <InPorts = 2> <OutPorts = 1>
ST_8 : Operation 165 [1/1] (0.74ns)   --->   "%icmp_ln218_3 = icmp_ult  i12 %seed_et, i12 %neighbor_4" [./calorimeter.h:218->calorimeter.cpp:392]   --->   Operation 165 'icmp' 'icmp_ln218_3' <Predicate = (!icmp_ln375)> <Delay = 0.74> <CoreInst = "Cmp">   --->   Core 9 'Cmp' <Latency = 0> <II = 1> <Delay = 0.74> <FuncUnit> <Opcode : 'seteq' 'setne' 'setle' 'setge' 'setlt' 'setgt'> <InPorts = 2> <OutPorts = 1>
ST_8 : Operation 166 [1/2] (1.20ns)   --->   "%neighbor_5 = load i11 %towers_addr_6" [./calorimeter.h:216->calorimeter.cpp:392]   --->   Operation 166 'load' 'neighbor_5' <Predicate = (!icmp_ln375)> <Delay = 1.20> <CoreInst = "RAM">   --->   Core 82 'RAM' <Latency = 1> <II = 1> <Delay = 1.20> <Storage> <Opcode : 'load' 'store'> <Ports = 2> <Width = 12> <Depth = 1800> <RAM>
ST_8 : Operation 167 [1/1] (0.74ns)   --->   "%icmp_ln220_4 = icmp_ne  i12 %neighbor_5, i12 %seed_et" [./calorimeter.h:220->calorimeter.cpp:392]   --->   Operation 167 'icmp' 'icmp_ln220_4' <Predicate = (!icmp_ln375)> <Delay = 0.74> <CoreInst = "Cmp">   --->   Core 9 'Cmp' <Latency = 0> <II = 1> <Delay = 0.74> <FuncUnit> <Opcode : 'seteq' 'setne' 'setle' 'setge' 'setlt' 'setgt'> <InPorts = 2> <OutPorts = 1>
ST_8 : Operation 168 [1/1] (0.74ns)   --->   "%icmp_ln218_4 = icmp_ult  i12 %seed_et, i12 %neighbor_5" [./calorimeter.h:218->calorimeter.cpp:392]   --->   Operation 168 'icmp' 'icmp_ln218_4' <Predicate = (!icmp_ln375)> <Delay = 0.74> <CoreInst = "Cmp">   --->   Core 9 'Cmp' <Latency = 0> <II = 1> <Delay = 0.74> <FuncUnit> <Opcode : 'seteq' 'setne' 'setle' 'setge' 'setlt' 'setgt'> <InPorts = 2> <OutPorts = 1>
ST_8 : Operation 169 [1/1] (0.70ns)   --->   "%add_ln213_2 = add i6 %select_ln375, i6 3" [./calorimeter.h:213->calorimeter.cpp:392]   --->   Operation 169 'add' 'add_ln213_2' <Predicate = (!icmp_ln375)> <Delay = 0.70> <CoreInst = "Adder">   --->   Core 1 'Adder' <Latency = 0> <II = 1> <Delay = 0.70> <FuncUnit> <Opcode : 'add' 'sub'> <InPorts = 2> <OutPorts = 1>
ST_8 : Operation 170 [1/1] (0.70ns)   --->   "%icmp_ln162_2 = icmp_ugt  i6 %add_ln213_2, i6 59" [./calorimeter.h:162->./calorimeter.h:213->calorimeter.cpp:392]   --->   Operation 170 'icmp' 'icmp_ln162_2' <Predicate = (!icmp_ln375)> <Delay = 0.70> <CoreInst = "Cmp">   --->   Core 9 'Cmp' <Latency = 0> <II = 1> <Delay = 0.70> <FuncUnit> <Opcode : 'seteq' 'setne' 'setle' 'setge' 'setlt' 'setgt'> <InPorts = 2> <OutPorts = 1>
ST_8 : Operation 171 [1/1] (0.70ns)   --->   "%add_ln163_2 = add i7 %zext_ln376, i7 71" [./calorimeter.h:163->./calorimeter.h:213->calorimeter.cpp:392]   --->   Operation 171 'add' 'add_ln163_2' <Predicate = (!icmp_ln375)> <Delay = 0.70> <CoreInst = "Adder">   --->   Core 1 'Adder' <Latency = 0> <II = 1> <Delay = 0.70> <FuncUnit> <Opcode : 'add' 'sub'> <InPorts = 2> <OutPorts = 1>
ST_8 : Operation 172 [1/1] (0.00ns)   --->   "%zext_ln162_2 = zext i6 %add_ln213_2" [./calorimeter.h:162->./calorimeter.h:213->calorimeter.cpp:392]   --->   Operation 172 'zext' 'zext_ln162_2' <Predicate = (!icmp_ln375)> <Delay = 0.00>
ST_8 : Operation 173 [1/1] (0.30ns)   --->   "%phi_idx_11 = select i1 %icmp_ln162_2, i7 %add_ln163_2, i7 %zext_ln162_2" [./calorimeter.h:162->./calorimeter.h:213->calorimeter.cpp:392]   --->   Operation 173 'select' 'phi_idx_11' <Predicate = (!icmp_ln375)> <Delay = 0.30> <CoreInst = "Sel">   --->   Core 73 'Sel' <Latency = 0> <II = 1> <Delay = 0.30> <FuncUnit> <Opcode : 'select'> <InPorts = 3> <OutPorts = 1>
ST_8 : Operation 174 [1/1] (0.00ns)   --->   "%sext_ln216_2 = sext i7 %phi_idx_11" [./calorimeter.h:216->calorimeter.cpp:392]   --->   Operation 174 'sext' 'sext_ln216_2' <Predicate = (!icmp_ln375)> <Delay = 0.00>
ST_8 : Operation 175 [1/1] (0.73ns)   --->   "%add_ln216_23 = add i11 %sub_ln216, i11 %sext_ln216_2" [./calorimeter.h:216->calorimeter.cpp:392]   --->   Operation 175 'add' 'add_ln216_23' <Predicate = (!icmp_ln375)> <Delay = 0.73> <CoreInst = "Adder">   --->   Core 1 'Adder' <Latency = 0> <II = 1> <Delay = 0.73> <FuncUnit> <Opcode : 'add' 'sub'> <InPorts = 2> <OutPorts = 1>
ST_8 : Operation 176 [1/1] (0.00ns)   --->   "%zext_ln216_32 = zext i11 %add_ln216_23" [./calorimeter.h:216->calorimeter.cpp:392]   --->   Operation 176 'zext' 'zext_ln216_32' <Predicate = (!icmp_ln375)> <Delay = 0.00>
ST_8 : Operation 177 [1/1] (0.00ns)   --->   "%towers_addr_7 = getelementptr i12 %towers, i64 0, i64 %zext_ln216_32" [./calorimeter.h:216->calorimeter.cpp:392]   --->   Operation 177 'getelementptr' 'towers_addr_7' <Predicate = (!icmp_ln375)> <Delay = 0.00>
ST_8 : Operation 178 [2/2] (1.20ns)   --->   "%neighbor_6 = load i11 %towers_addr_7" [./calorimeter.h:216->calorimeter.cpp:392]   --->   Operation 178 'load' 'neighbor_6' <Predicate = (!icmp_ln375)> <Delay = 1.20> <CoreInst = "RAM">   --->   Core 82 'RAM' <Latency = 1> <II = 1> <Delay = 1.20> <Storage> <Opcode : 'load' 'store'> <Ports = 2> <Width = 12> <Depth = 1800> <RAM>
ST_8 : Operation 179 [1/1] (0.00ns) (grouped into LUT with out node and_ln218_2)   --->   "%and_ln218 = and i1 %is_max, i1 %icmp_ln220" [./calorimeter.h:218->calorimeter.cpp:392]   --->   Operation 179 'and' 'and_ln218' <Predicate = (!icmp_ln375)> <Delay = 0.00> <CoreInst = "LogicGate">   --->   Core 74 'LogicGate' <Latency = 0> <II = 1> <Delay = 0.12> <FuncUnit> <Opcode : 'and' 'or' 'xor'> <InPorts = 2> <OutPorts = 1>
ST_8 : Operation 180 [1/1] (0.00ns) (grouped into LUT with out node and_ln218_2)   --->   "%and_ln218_1 = and i1 %xor_ln218_1, i1 %icmp_ln220_1" [./calorimeter.h:218->calorimeter.cpp:392]   --->   Operation 180 'and' 'and_ln218_1' <Predicate = (!icmp_ln375)> <Delay = 0.00> <CoreInst = "LogicGate">   --->   Core 74 'LogicGate' <Latency = 0> <II = 1> <Delay = 0.12> <FuncUnit> <Opcode : 'and' 'or' 'xor'> <InPorts = 2> <OutPorts = 1>
ST_8 : Operation 181 [1/1] (0.12ns) (out node of the LUT)   --->   "%and_ln218_2 = and i1 %and_ln218_1, i1 %and_ln218" [./calorimeter.h:218->calorimeter.cpp:392]   --->   Operation 181 'and' 'and_ln218_2' <Predicate = (!icmp_ln375)> <Delay = 0.12> <CoreInst = "LogicGate">   --->   Core 74 'LogicGate' <Latency = 0> <II = 1> <Delay = 0.12> <FuncUnit> <Opcode : 'and' 'or' 'xor'> <InPorts = 2> <OutPorts = 1>
ST_8 : Operation 182 [1/1] (0.00ns) (grouped into LUT with out node and_ln218_6)   --->   "%and_ln218_3 = and i1 %xor_ln218_2, i1 %icmp_ln220_2" [./calorimeter.h:218->calorimeter.cpp:392]   --->   Operation 182 'and' 'and_ln218_3' <Predicate = (!icmp_ln375)> <Delay = 0.00> <CoreInst = "LogicGate">   --->   Core 74 'LogicGate' <Latency = 0> <II = 1> <Delay = 0.12> <FuncUnit> <Opcode : 'and' 'or' 'xor'> <InPorts = 2> <OutPorts = 1>
ST_8 : Operation 183 [1/1] (0.00ns) (grouped into LUT with out node and_ln218_6)   --->   "%and_ln218_4 = and i1 %xor_ln218_3, i1 %icmp_ln220_3" [./calorimeter.h:218->calorimeter.cpp:392]   --->   Operation 183 'and' 'and_ln218_4' <Predicate = (!icmp_ln375)> <Delay = 0.00> <CoreInst = "LogicGate">   --->   Core 74 'LogicGate' <Latency = 0> <II = 1> <Delay = 0.12> <FuncUnit> <Opcode : 'and' 'or' 'xor'> <InPorts = 2> <OutPorts = 1>
ST_8 : Operation 184 [1/1] (0.00ns) (grouped into LUT with out node and_ln218_6)   --->   "%and_ln218_5 = and i1 %and_ln218_4, i1 %and_ln218_3" [./calorimeter.h:218->calorimeter.cpp:392]   --->   Operation 184 'and' 'and_ln218_5' <Predicate = (!icmp_ln375)> <Delay = 0.00> <CoreInst = "LogicGate">   --->   Core 74 'LogicGate' <Latency = 0> <II = 1> <Delay = 0.12> <FuncUnit> <Opcode : 'and' 'or' 'xor'> <InPorts = 2> <OutPorts = 1>
ST_8 : Operation 185 [1/1] (0.12ns) (out node of the LUT)   --->   "%and_ln218_6 = and i1 %and_ln218_5, i1 %and_ln218_2" [./calorimeter.h:218->calorimeter.cpp:392]   --->   Operation 185 'and' 'and_ln218_6' <Predicate = (!icmp_ln375)> <Delay = 0.12> <CoreInst = "LogicGate">   --->   Core 74 'LogicGate' <Latency = 0> <II = 1> <Delay = 0.12> <FuncUnit> <Opcode : 'and' 'or' 'xor'> <InPorts = 2> <OutPorts = 1>
ST_8 : Operation 186 [1/1] (0.00ns)   --->   "%zext_ln184_1 = zext i12 %neighbor_4" [./calorimeter.h:184->calorimeter.cpp:395]   --->   Operation 186 'zext' 'zext_ln184_1' <Predicate = (!icmp_ln375)> <Delay = 0.00>
ST_8 : Operation 187 [1/1] (0.00ns)   --->   "%zext_ln184_2 = zext i12 %neighbor_5" [./calorimeter.h:184->calorimeter.cpp:395]   --->   Operation 187 'zext' 'zext_ln184_2' <Predicate = (!icmp_ln375)> <Delay = 0.00>
ST_8 : Operation 188 [1/1] (0.74ns)   --->   "%add_ln187_9 = add i13 %zext_ln184_1, i13 %zext_ln184_2" [./calorimeter.h:187->calorimeter.cpp:395]   --->   Operation 188 'add' 'add_ln187_9' <Predicate = (!icmp_ln375)> <Delay = 0.74> <CoreInst = "Adder">   --->   Core 1 'Adder' <Latency = 0> <II = 1> <Delay = 0.74> <FuncUnit> <Opcode : 'add' 'sub'> <InPorts = 2> <OutPorts = 1>

State 9 <SV = 8> <Delay = 3.38>
ST_9 : Operation 189 [1/1] (0.70ns)   --->   "%empty_98 = add i5 %select_ln375_2, i5 30" [calorimeter.cpp:375]   --->   Operation 189 'add' 'empty_98' <Predicate = (!icmp_ln375)> <Delay = 0.70> <CoreInst = "Adder">   --->   Core 1 'Adder' <Latency = 0> <II = 1> <Delay = 0.70> <FuncUnit> <Opcode : 'add' 'sub'> <InPorts = 2> <OutPorts = 1>
ST_9 : Operation 190 [1/1] (0.00ns)   --->   "%p_shl3 = bitconcatenate i11 @_ssdm_op_BitConcatenate.i11.i5.i6, i5 %empty_98, i6 0" [./calorimeter.h:216->calorimeter.cpp:392]   --->   Operation 190 'bitconcatenate' 'p_shl3' <Predicate = (!icmp_ln375)> <Delay = 0.00>
ST_9 : Operation 191 [1/1] (0.00ns)   --->   "%tmp_2 = bitconcatenate i7 @_ssdm_op_BitConcatenate.i7.i5.i2, i5 %empty_98, i2 0" [./calorimeter.h:216->calorimeter.cpp:392]   --->   Operation 191 'bitconcatenate' 'tmp_2' <Predicate = (!icmp_ln375)> <Delay = 0.00>
ST_9 : Operation 192 [1/1] (0.00ns)   --->   "%zext_ln216_1 = zext i7 %tmp_2" [./calorimeter.h:216->calorimeter.cpp:392]   --->   Operation 192 'zext' 'zext_ln216_1' <Predicate = (!icmp_ln375)> <Delay = 0.00>
ST_9 : Operation 193 [1/1] (0.73ns)   --->   "%sub_ln216_1 = sub i11 %p_shl3, i11 %zext_ln216_1" [./calorimeter.h:216->calorimeter.cpp:392]   --->   Operation 193 'sub' 'sub_ln216_1' <Predicate = (!icmp_ln375)> <Delay = 0.73> <CoreInst = "Adder">   --->   Core 1 'Adder' <Latency = 0> <II = 1> <Delay = 0.73> <FuncUnit> <Opcode : 'add' 'sub'> <InPorts = 2> <OutPorts = 1>
ST_9 : Operation 194 [1/1] (0.00ns) (grouped into LUT with out node and_ln218_9)   --->   "%xor_ln218_4 = xor i1 %icmp_ln218_3, i1 1" [./calorimeter.h:218->calorimeter.cpp:392]   --->   Operation 194 'xor' 'xor_ln218_4' <Predicate = (!icmp_ln375)> <Delay = 0.00> <CoreInst = "LogicGate">   --->   Core 74 'LogicGate' <Latency = 0> <II = 1> <Delay = 0.12> <FuncUnit> <Opcode : 'and' 'or' 'xor'> <InPorts = 2> <OutPorts = 1>
ST_9 : Operation 195 [1/1] (0.00ns) (grouped into LUT with out node and_ln218_9)   --->   "%xor_ln218_5 = xor i1 %icmp_ln218_4, i1 1" [./calorimeter.h:218->calorimeter.cpp:392]   --->   Operation 195 'xor' 'xor_ln218_5' <Predicate = (!icmp_ln375)> <Delay = 0.00> <CoreInst = "LogicGate">   --->   Core 74 'LogicGate' <Latency = 0> <II = 1> <Delay = 0.12> <FuncUnit> <Opcode : 'and' 'or' 'xor'> <InPorts = 2> <OutPorts = 1>
ST_9 : Operation 196 [1/2] (1.20ns)   --->   "%neighbor_6 = load i11 %towers_addr_7" [./calorimeter.h:216->calorimeter.cpp:392]   --->   Operation 196 'load' 'neighbor_6' <Predicate = (!icmp_ln375)> <Delay = 1.20> <CoreInst = "RAM">   --->   Core 82 'RAM' <Latency = 1> <II = 1> <Delay = 1.20> <Storage> <Opcode : 'load' 'store'> <Ports = 2> <Width = 12> <Depth = 1800> <RAM>
ST_9 : Operation 197 [1/1] (0.74ns)   --->   "%icmp_ln220_5 = icmp_ne  i12 %neighbor_6, i12 %seed_et" [./calorimeter.h:220->calorimeter.cpp:392]   --->   Operation 197 'icmp' 'icmp_ln220_5' <Predicate = (!icmp_ln375)> <Delay = 0.74> <CoreInst = "Cmp">   --->   Core 9 'Cmp' <Latency = 0> <II = 1> <Delay = 0.74> <FuncUnit> <Opcode : 'seteq' 'setne' 'setle' 'setge' 'setlt' 'setgt'> <InPorts = 2> <OutPorts = 1>
ST_9 : Operation 198 [1/1] (0.73ns)   --->   "%add_ln216_30 = add i11 %sub_ln216_1, i11 %zext_ln216_12" [./calorimeter.h:216->calorimeter.cpp:392]   --->   Operation 198 'add' 'add_ln216_30' <Predicate = (!icmp_ln375)> <Delay = 0.73> <CoreInst = "Adder">   --->   Core 1 'Adder' <Latency = 0> <II = 1> <Delay = 0.73> <FuncUnit> <Opcode : 'add' 'sub'> <InPorts = 2> <OutPorts = 1>
ST_9 : Operation 199 [1/1] (0.00ns)   --->   "%zext_ln216_39 = zext i11 %add_ln216_30" [./calorimeter.h:216->calorimeter.cpp:392]   --->   Operation 199 'zext' 'zext_ln216_39' <Predicate = (!icmp_ln375)> <Delay = 0.00>
ST_9 : Operation 200 [1/1] (0.00ns)   --->   "%towers_addr_8 = getelementptr i12 %towers, i64 0, i64 %zext_ln216_39" [./calorimeter.h:216->calorimeter.cpp:392]   --->   Operation 200 'getelementptr' 'towers_addr_8' <Predicate = (!icmp_ln375)> <Delay = 0.00>
ST_9 : Operation 201 [2/2] (1.20ns)   --->   "%neighbor_7 = load i11 %towers_addr_8" [./calorimeter.h:216->calorimeter.cpp:392]   --->   Operation 201 'load' 'neighbor_7' <Predicate = (!icmp_ln375)> <Delay = 1.20> <CoreInst = "RAM">   --->   Core 82 'RAM' <Latency = 1> <II = 1> <Delay = 1.20> <Storage> <Opcode : 'load' 'store'> <Ports = 2> <Width = 12> <Depth = 1800> <RAM>
ST_9 : Operation 202 [1/1] (0.00ns) (grouped into LUT with out node and_ln218_9)   --->   "%and_ln218_7 = and i1 %xor_ln218_4, i1 %icmp_ln220_4" [./calorimeter.h:218->calorimeter.cpp:392]   --->   Operation 202 'and' 'and_ln218_7' <Predicate = (!icmp_ln375)> <Delay = 0.00> <CoreInst = "LogicGate">   --->   Core 74 'LogicGate' <Latency = 0> <II = 1> <Delay = 0.12> <FuncUnit> <Opcode : 'and' 'or' 'xor'> <InPorts = 2> <OutPorts = 1>
ST_9 : Operation 203 [1/1] (0.00ns) (grouped into LUT with out node and_ln218_9)   --->   "%and_ln218_8 = and i1 %xor_ln218_5, i1 %icmp_ln220_5" [./calorimeter.h:218->calorimeter.cpp:392]   --->   Operation 203 'and' 'and_ln218_8' <Predicate = (!icmp_ln375)> <Delay = 0.00> <CoreInst = "LogicGate">   --->   Core 74 'LogicGate' <Latency = 0> <II = 1> <Delay = 0.12> <FuncUnit> <Opcode : 'and' 'or' 'xor'> <InPorts = 2> <OutPorts = 1>
ST_9 : Operation 204 [1/1] (0.12ns) (out node of the LUT)   --->   "%and_ln218_9 = and i1 %and_ln218_8, i1 %and_ln218_7" [./calorimeter.h:218->calorimeter.cpp:392]   --->   Operation 204 'and' 'and_ln218_9' <Predicate = (!icmp_ln375)> <Delay = 0.12> <CoreInst = "LogicGate">   --->   Core 74 'LogicGate' <Latency = 0> <II = 1> <Delay = 0.12> <FuncUnit> <Opcode : 'and' 'or' 'xor'> <InPorts = 2> <OutPorts = 1>

State 10 <SV = 9> <Delay = 1.93>
ST_10 : Operation 205 [1/2] (1.20ns)   --->   "%neighbor_7 = load i11 %towers_addr_8" [./calorimeter.h:216->calorimeter.cpp:392]   --->   Operation 205 'load' 'neighbor_7' <Predicate = (!icmp_ln375)> <Delay = 1.20> <CoreInst = "RAM">   --->   Core 82 'RAM' <Latency = 1> <II = 1> <Delay = 1.20> <Storage> <Opcode : 'load' 'store'> <Ports = 2> <Width = 12> <Depth = 1800> <RAM>
ST_10 : Operation 206 [1/1] (0.73ns)   --->   "%add_ln216_36 = add i11 %sub_ln216_1, i11 %zext_ln216_14" [./calorimeter.h:216->calorimeter.cpp:392]   --->   Operation 206 'add' 'add_ln216_36' <Predicate = (!icmp_ln375)> <Delay = 0.73> <CoreInst = "Adder">   --->   Core 1 'Adder' <Latency = 0> <II = 1> <Delay = 0.73> <FuncUnit> <Opcode : 'add' 'sub'> <InPorts = 2> <OutPorts = 1>
ST_10 : Operation 207 [1/1] (0.00ns)   --->   "%zext_ln216_45 = zext i11 %add_ln216_36" [./calorimeter.h:216->calorimeter.cpp:392]   --->   Operation 207 'zext' 'zext_ln216_45' <Predicate = (!icmp_ln375)> <Delay = 0.00>
ST_10 : Operation 208 [1/1] (0.00ns)   --->   "%towers_addr_9 = getelementptr i12 %towers, i64 0, i64 %zext_ln216_45" [./calorimeter.h:216->calorimeter.cpp:392]   --->   Operation 208 'getelementptr' 'towers_addr_9' <Predicate = (!icmp_ln375)> <Delay = 0.00>
ST_10 : Operation 209 [2/2] (1.20ns)   --->   "%neighbor_8 = load i11 %towers_addr_9" [./calorimeter.h:216->calorimeter.cpp:392]   --->   Operation 209 'load' 'neighbor_8' <Predicate = (!icmp_ln375)> <Delay = 1.20> <CoreInst = "RAM">   --->   Core 82 'RAM' <Latency = 1> <II = 1> <Delay = 1.20> <Storage> <Opcode : 'load' 'store'> <Ports = 2> <Width = 12> <Depth = 1800> <RAM>

State 11 <SV = 10> <Delay = 2.07>
ST_11 : Operation 210 [1/1] (0.74ns)   --->   "%icmp_ln218_5 = icmp_ult  i12 %seed_et, i12 %neighbor_6" [./calorimeter.h:218->calorimeter.cpp:392]   --->   Operation 210 'icmp' 'icmp_ln218_5' <Predicate = (!icmp_ln375)> <Delay = 0.74> <CoreInst = "Cmp">   --->   Core 9 'Cmp' <Latency = 0> <II = 1> <Delay = 0.74> <FuncUnit> <Opcode : 'seteq' 'setne' 'setle' 'setge' 'setlt' 'setgt'> <InPorts = 2> <OutPorts = 1>
ST_11 : Operation 211 [1/1] (0.00ns) (grouped into LUT with out node and_ln218_14)   --->   "%xor_ln218_6 = xor i1 %icmp_ln218_5, i1 1" [./calorimeter.h:218->calorimeter.cpp:392]   --->   Operation 211 'xor' 'xor_ln218_6' <Predicate = (!icmp_ln375)> <Delay = 0.00> <CoreInst = "LogicGate">   --->   Core 74 'LogicGate' <Latency = 0> <II = 1> <Delay = 0.12> <FuncUnit> <Opcode : 'and' 'or' 'xor'> <InPorts = 2> <OutPorts = 1>
ST_11 : Operation 212 [1/1] (0.74ns)   --->   "%icmp_ln220_6 = icmp_ne  i12 %neighbor_7, i12 %seed_et" [./calorimeter.h:220->calorimeter.cpp:392]   --->   Operation 212 'icmp' 'icmp_ln220_6' <Predicate = (!icmp_ln375)> <Delay = 0.74> <CoreInst = "Cmp">   --->   Core 9 'Cmp' <Latency = 0> <II = 1> <Delay = 0.74> <FuncUnit> <Opcode : 'seteq' 'setne' 'setle' 'setge' 'setlt' 'setgt'> <InPorts = 2> <OutPorts = 1>
ST_11 : Operation 213 [1/1] (0.74ns)   --->   "%icmp_ln218_6 = icmp_ult  i12 %seed_et, i12 %neighbor_7" [./calorimeter.h:218->calorimeter.cpp:392]   --->   Operation 213 'icmp' 'icmp_ln218_6' <Predicate = (!icmp_ln375)> <Delay = 0.74> <CoreInst = "Cmp">   --->   Core 9 'Cmp' <Latency = 0> <II = 1> <Delay = 0.74> <FuncUnit> <Opcode : 'seteq' 'setne' 'setle' 'setge' 'setlt' 'setgt'> <InPorts = 2> <OutPorts = 1>
ST_11 : Operation 214 [1/1] (0.00ns) (grouped into LUT with out node and_ln218_14)   --->   "%xor_ln218_7 = xor i1 %icmp_ln218_6, i1 1" [./calorimeter.h:218->calorimeter.cpp:392]   --->   Operation 214 'xor' 'xor_ln218_7' <Predicate = (!icmp_ln375)> <Delay = 0.00> <CoreInst = "LogicGate">   --->   Core 74 'LogicGate' <Latency = 0> <II = 1> <Delay = 0.12> <FuncUnit> <Opcode : 'and' 'or' 'xor'> <InPorts = 2> <OutPorts = 1>
ST_11 : Operation 215 [1/2] (1.20ns)   --->   "%neighbor_8 = load i11 %towers_addr_9" [./calorimeter.h:216->calorimeter.cpp:392]   --->   Operation 215 'load' 'neighbor_8' <Predicate = (!icmp_ln375)> <Delay = 1.20> <CoreInst = "RAM">   --->   Core 82 'RAM' <Latency = 1> <II = 1> <Delay = 1.20> <Storage> <Opcode : 'load' 'store'> <Ports = 2> <Width = 12> <Depth = 1800> <RAM>
ST_11 : Operation 216 [1/1] (0.73ns)   --->   "%add_ln216_42 = add i11 %sub_ln216_1, i11 %zext_ln216_16" [./calorimeter.h:216->calorimeter.cpp:392]   --->   Operation 216 'add' 'add_ln216_42' <Predicate = (!icmp_ln375)> <Delay = 0.73> <CoreInst = "Adder">   --->   Core 1 'Adder' <Latency = 0> <II = 1> <Delay = 0.73> <FuncUnit> <Opcode : 'add' 'sub'> <InPorts = 2> <OutPorts = 1>
ST_11 : Operation 217 [1/1] (0.00ns)   --->   "%zext_ln216_51 = zext i11 %add_ln216_42" [./calorimeter.h:216->calorimeter.cpp:392]   --->   Operation 217 'zext' 'zext_ln216_51' <Predicate = (!icmp_ln375)> <Delay = 0.00>
ST_11 : Operation 218 [1/1] (0.00ns)   --->   "%towers_addr_10 = getelementptr i12 %towers, i64 0, i64 %zext_ln216_51" [./calorimeter.h:216->calorimeter.cpp:392]   --->   Operation 218 'getelementptr' 'towers_addr_10' <Predicate = (!icmp_ln375)> <Delay = 0.00>
ST_11 : Operation 219 [2/2] (1.20ns)   --->   "%neighbor_9 = load i11 %towers_addr_10" [./calorimeter.h:216->calorimeter.cpp:392]   --->   Operation 219 'load' 'neighbor_9' <Predicate = (!icmp_ln375)> <Delay = 1.20> <CoreInst = "RAM">   --->   Core 82 'RAM' <Latency = 1> <II = 1> <Delay = 1.20> <Storage> <Opcode : 'load' 'store'> <Ports = 2> <Width = 12> <Depth = 1800> <RAM>
ST_11 : Operation 220 [1/1] (0.00ns) (grouped into LUT with out node and_ln218_14)   --->   "%and_ln218_10 = and i1 %xor_ln218_6, i1 %icmp_ln220_6" [./calorimeter.h:218->calorimeter.cpp:392]   --->   Operation 220 'and' 'and_ln218_10' <Predicate = (!icmp_ln375)> <Delay = 0.00> <CoreInst = "LogicGate">   --->   Core 74 'LogicGate' <Latency = 0> <II = 1> <Delay = 0.12> <FuncUnit> <Opcode : 'and' 'or' 'xor'> <InPorts = 2> <OutPorts = 1>
ST_11 : Operation 221 [1/1] (0.74ns)   --->   "%icmp_ln218_35 = icmp_ult  i12 %neighbor_8, i12 %seed_et" [./calorimeter.h:218->calorimeter.cpp:392]   --->   Operation 221 'icmp' 'icmp_ln218_35' <Predicate = (!icmp_ln375)> <Delay = 0.74> <CoreInst = "Cmp">   --->   Core 9 'Cmp' <Latency = 0> <II = 1> <Delay = 0.74> <FuncUnit> <Opcode : 'seteq' 'setne' 'setle' 'setge' 'setlt' 'setgt'> <InPorts = 2> <OutPorts = 1>
ST_11 : Operation 222 [1/1] (0.00ns) (grouped into LUT with out node and_ln218_14)   --->   "%and_ln218_11 = and i1 %icmp_ln218_35, i1 %xor_ln218_7" [./calorimeter.h:218->calorimeter.cpp:392]   --->   Operation 222 'and' 'and_ln218_11' <Predicate = (!icmp_ln375)> <Delay = 0.00> <CoreInst = "LogicGate">   --->   Core 74 'LogicGate' <Latency = 0> <II = 1> <Delay = 0.12> <FuncUnit> <Opcode : 'and' 'or' 'xor'> <InPorts = 2> <OutPorts = 1>
ST_11 : Operation 223 [1/1] (0.00ns) (grouped into LUT with out node and_ln218_14)   --->   "%and_ln218_12 = and i1 %and_ln218_11, i1 %and_ln218_10" [./calorimeter.h:218->calorimeter.cpp:392]   --->   Operation 223 'and' 'and_ln218_12' <Predicate = (!icmp_ln375)> <Delay = 0.00> <CoreInst = "LogicGate">   --->   Core 74 'LogicGate' <Latency = 0> <II = 1> <Delay = 0.12> <FuncUnit> <Opcode : 'and' 'or' 'xor'> <InPorts = 2> <OutPorts = 1>
ST_11 : Operation 224 [1/1] (0.00ns) (grouped into LUT with out node and_ln218_14)   --->   "%and_ln218_13 = and i1 %and_ln218_12, i1 %and_ln218_9" [./calorimeter.h:218->calorimeter.cpp:392]   --->   Operation 224 'and' 'and_ln218_13' <Predicate = (!icmp_ln375)> <Delay = 0.00> <CoreInst = "LogicGate">   --->   Core 74 'LogicGate' <Latency = 0> <II = 1> <Delay = 0.12> <FuncUnit> <Opcode : 'and' 'or' 'xor'> <InPorts = 2> <OutPorts = 1>
ST_11 : Operation 225 [1/1] (0.12ns) (out node of the LUT)   --->   "%and_ln218_14 = and i1 %and_ln218_13, i1 %and_ln218_6" [./calorimeter.h:218->calorimeter.cpp:392]   --->   Operation 225 'and' 'and_ln218_14' <Predicate = (!icmp_ln375)> <Delay = 0.12> <CoreInst = "LogicGate">   --->   Core 74 'LogicGate' <Latency = 0> <II = 1> <Delay = 0.12> <FuncUnit> <Opcode : 'and' 'or' 'xor'> <InPorts = 2> <OutPorts = 1>

State 12 <SV = 11> <Delay = 3.39>
ST_12 : Operation 226 [1/1] (0.73ns)   --->   "%add_ln216_1 = add i11 %sub_ln216_1, i11 %zext_ln389_1" [./calorimeter.h:216->calorimeter.cpp:392]   --->   Operation 226 'add' 'add_ln216_1' <Predicate = (!icmp_ln375)> <Delay = 0.73> <CoreInst = "Adder">   --->   Core 1 'Adder' <Latency = 0> <II = 1> <Delay = 0.73> <FuncUnit> <Opcode : 'add' 'sub'> <InPorts = 2> <OutPorts = 1>
ST_12 : Operation 227 [1/1] (0.00ns)   --->   "%zext_ln216_7 = zext i11 %add_ln216_1" [./calorimeter.h:216->calorimeter.cpp:392]   --->   Operation 227 'zext' 'zext_ln216_7' <Predicate = (!icmp_ln375)> <Delay = 0.00>
ST_12 : Operation 228 [1/1] (0.00ns)   --->   "%towers_addr_11 = getelementptr i12 %towers, i64 0, i64 %zext_ln216_7" [./calorimeter.h:216->calorimeter.cpp:392]   --->   Operation 228 'getelementptr' 'towers_addr_11' <Predicate = (!icmp_ln375)> <Delay = 0.00>
ST_12 : Operation 229 [1/2] (1.20ns)   --->   "%neighbor_9 = load i11 %towers_addr_10" [./calorimeter.h:216->calorimeter.cpp:392]   --->   Operation 229 'load' 'neighbor_9' <Predicate = (!icmp_ln375)> <Delay = 1.20> <CoreInst = "RAM">   --->   Core 82 'RAM' <Latency = 1> <II = 1> <Delay = 1.20> <Storage> <Opcode : 'load' 'store'> <Ports = 2> <Width = 12> <Depth = 1800> <RAM>
ST_12 : Operation 230 [2/2] (1.20ns)   --->   "%neighbor_10 = load i11 %towers_addr_11" [./calorimeter.h:216->calorimeter.cpp:392]   --->   Operation 230 'load' 'neighbor_10' <Predicate = (!icmp_ln375)> <Delay = 1.20> <CoreInst = "RAM">   --->   Core 82 'RAM' <Latency = 1> <II = 1> <Delay = 1.20> <Storage> <Opcode : 'load' 'store'> <Ports = 2> <Width = 12> <Depth = 1800> <RAM>
ST_12 : Operation 231 [1/1] (0.74ns)   --->   "%icmp_ln218_36 = icmp_ult  i12 %neighbor_9, i12 %seed_et" [./calorimeter.h:218->calorimeter.cpp:392]   --->   Operation 231 'icmp' 'icmp_ln218_36' <Predicate = (!icmp_ln375)> <Delay = 0.74> <CoreInst = "Cmp">   --->   Core 9 'Cmp' <Latency = 0> <II = 1> <Delay = 0.74> <FuncUnit> <Opcode : 'seteq' 'setne' 'setle' 'setge' 'setlt' 'setgt'> <InPorts = 2> <OutPorts = 1>
ST_12 : Operation 232 [1/1] (0.00ns)   --->   "%zext_ln394_4 = zext i12 %seed_et" [calorimeter.cpp:394]   --->   Operation 232 'zext' 'zext_ln394_4' <Predicate = (!icmp_ln375)> <Delay = 0.00>
ST_12 : Operation 233 [1/1] (0.00ns)   --->   "%zext_ln395_2 = zext i12 %neighbor_3" [calorimeter.cpp:395]   --->   Operation 233 'zext' 'zext_ln395_2' <Predicate = (!icmp_ln375)> <Delay = 0.00>
ST_12 : Operation 234 [1/1] (0.00ns)   --->   "%zext_ln395_3 = zext i12 %neighbor_6" [calorimeter.cpp:395]   --->   Operation 234 'zext' 'zext_ln395_3' <Predicate = (!icmp_ln375)> <Delay = 0.00>
ST_12 : Operation 235 [1/1] (0.00ns)   --->   "%zext_ln395_4 = zext i12 %neighbor_7" [calorimeter.cpp:395]   --->   Operation 235 'zext' 'zext_ln395_4' <Predicate = (!icmp_ln375)> <Delay = 0.00>
ST_12 : Operation 236 [1/1] (0.00ns)   --->   "%zext_ln395_5 = zext i12 %neighbor_8" [calorimeter.cpp:395]   --->   Operation 236 'zext' 'zext_ln395_5' <Predicate = (!icmp_ln375)> <Delay = 0.00>
ST_12 : Operation 237 [1/1] (0.00ns)   --->   "%zext_ln395_6 = zext i12 %neighbor_9" [calorimeter.cpp:395]   --->   Operation 237 'zext' 'zext_ln395_6' <Predicate = (!icmp_ln375)> <Delay = 0.00>
ST_12 : Operation 238 [1/1] (0.74ns)   --->   "%sum7_et = add i13 %zext_ln395_2, i13 %zext_ln394_4" [./calorimeter.h:187->calorimeter.cpp:395]   --->   Operation 238 'add' 'sum7_et' <Predicate = (!icmp_ln375)> <Delay = 0.74> <CoreInst = "Adder">   --->   Core 1 'Adder' <Latency = 0> <II = 1> <Delay = 0.74> <FuncUnit> <Opcode : 'add' 'sub'> <InPorts = 2> <OutPorts = 1>
ST_12 : Operation 239 [1/1] (0.00ns)   --->   "%zext_ln187_9 = zext i13 %sum7_et" [./calorimeter.h:187->calorimeter.cpp:395]   --->   Operation 239 'zext' 'zext_ln187_9' <Predicate = (!icmp_ln375)> <Delay = 0.00>
ST_12 : Operation 240 [1/1] (0.00ns)   --->   "%zext_ln187_16 = zext i13 %add_ln187_9" [./calorimeter.h:187->calorimeter.cpp:395]   --->   Operation 240 'zext' 'zext_ln187_16' <Predicate = (!icmp_ln375)> <Delay = 0.00>
ST_12 : Operation 241 [1/1] (0.75ns)   --->   "%sum7_et_7 = add i14 %zext_ln187_16, i14 %zext_ln187_9" [./calorimeter.h:187->calorimeter.cpp:395]   --->   Operation 241 'add' 'sum7_et_7' <Predicate = (!icmp_ln375)> <Delay = 0.75> <CoreInst = "Adder">   --->   Core 1 'Adder' <Latency = 0> <II = 1> <Delay = 0.75> <FuncUnit> <Opcode : 'add' 'sub'> <InPorts = 2> <OutPorts = 1>
ST_12 : Operation 242 [1/1] (0.00ns)   --->   "%zext_ln187_10 = zext i14 %sum7_et_7" [./calorimeter.h:187->calorimeter.cpp:395]   --->   Operation 242 'zext' 'zext_ln187_10' <Predicate = (!icmp_ln375)> <Delay = 0.00>
ST_12 : Operation 243 [1/1] (0.00ns) (grouped into TernaryAdder)   --->   "%add_ln187_11 = add i15 %zext_ln187_10, i15 %zext_ln395_3" [./calorimeter.h:187->calorimeter.cpp:395]   --->   Operation 243 'add' 'add_ln187_11' <Predicate = (!icmp_ln375)> <Delay = 0.00> <CoreInst = "TAddSub">   --->   Core 10 'TAddSub' <Latency = 0> <II = 1> <Delay = 0.34> <IPBlock> <Opcode : '' 'add' 'sub'> <InPorts = 3> <OutPorts = 1> <Sync> <CReg>
ST_12 : Operation 244 [1/1] (0.74ns)   --->   "%add_ln187_12 = add i13 %zext_ln395_5, i13 %zext_ln395_6" [./calorimeter.h:187->calorimeter.cpp:395]   --->   Operation 244 'add' 'add_ln187_12' <Predicate = (!icmp_ln375)> <Delay = 0.74> <CoreInst = "Adder">   --->   Core 1 'Adder' <Latency = 0> <II = 1> <Delay = 0.74> <FuncUnit> <Opcode : 'add' 'sub'> <InPorts = 2> <OutPorts = 1>
ST_12 : Operation 245 [1/1] (0.00ns)   --->   "%zext_ln187_17 = zext i13 %add_ln187_12" [./calorimeter.h:187->calorimeter.cpp:395]   --->   Operation 245 'zext' 'zext_ln187_17' <Predicate = (!icmp_ln375)> <Delay = 0.00>
ST_12 : Operation 246 [1/1] (0.75ns)   --->   "%add_ln187_13 = add i14 %zext_ln187_17, i14 %zext_ln395_4" [./calorimeter.h:187->calorimeter.cpp:395]   --->   Operation 246 'add' 'add_ln187_13' <Predicate = (!icmp_ln375)> <Delay = 0.75> <CoreInst = "Adder">   --->   Core 1 'Adder' <Latency = 0> <II = 1> <Delay = 0.75> <FuncUnit> <Opcode : 'add' 'sub'> <InPorts = 2> <OutPorts = 1>
ST_12 : Operation 247 [1/1] (0.00ns)   --->   "%zext_ln187_18 = zext i14 %add_ln187_13" [./calorimeter.h:187->calorimeter.cpp:395]   --->   Operation 247 'zext' 'zext_ln187_18' <Predicate = (!icmp_ln375)> <Delay = 0.00>
ST_12 : Operation 248 [1/1] (0.69ns) (root node of TernaryAdder)   --->   "%sum7_et_8 = add i15 %zext_ln187_18, i15 %add_ln187_11" [./calorimeter.h:187->calorimeter.cpp:395]   --->   Operation 248 'add' 'sum7_et_8' <Predicate = (!icmp_ln375)> <Delay = 0.69> <CoreInst = "TAddSub">   --->   Core 10 'TAddSub' <Latency = 0> <II = 1> <Delay = 0.34> <IPBlock> <Opcode : '' 'add' 'sub'> <InPorts = 3> <OutPorts = 1> <Sync> <CReg>

State 13 <SV = 12> <Delay = 1.97>
ST_13 : Operation 249 [1/1] (0.73ns)   --->   "%add_ln216_10 = add i11 %sub_ln216_1, i11 %sext_ln216" [./calorimeter.h:216->calorimeter.cpp:392]   --->   Operation 249 'add' 'add_ln216_10' <Predicate = (!icmp_ln375)> <Delay = 0.73> <CoreInst = "Adder">   --->   Core 1 'Adder' <Latency = 0> <II = 1> <Delay = 0.73> <FuncUnit> <Opcode : 'add' 'sub'> <InPorts = 2> <OutPorts = 1>
ST_13 : Operation 250 [1/1] (0.00ns)   --->   "%zext_ln216_19 = zext i11 %add_ln216_10" [./calorimeter.h:216->calorimeter.cpp:392]   --->   Operation 250 'zext' 'zext_ln216_19' <Predicate = (!icmp_ln375)> <Delay = 0.00>
ST_13 : Operation 251 [1/1] (0.00ns)   --->   "%towers_addr_12 = getelementptr i12 %towers, i64 0, i64 %zext_ln216_19" [./calorimeter.h:216->calorimeter.cpp:392]   --->   Operation 251 'getelementptr' 'towers_addr_12' <Predicate = (!icmp_ln375)> <Delay = 0.00>
ST_13 : Operation 252 [1/2] (1.20ns)   --->   "%neighbor_10 = load i11 %towers_addr_11" [./calorimeter.h:216->calorimeter.cpp:392]   --->   Operation 252 'load' 'neighbor_10' <Predicate = (!icmp_ln375)> <Delay = 1.20> <CoreInst = "RAM">   --->   Core 82 'RAM' <Latency = 1> <II = 1> <Delay = 1.20> <Storage> <Opcode : 'load' 'store'> <Ports = 2> <Width = 12> <Depth = 1800> <RAM>
ST_13 : Operation 253 [2/2] (1.20ns)   --->   "%neighbor_11 = load i11 %towers_addr_12" [./calorimeter.h:216->calorimeter.cpp:392]   --->   Operation 253 'load' 'neighbor_11' <Predicate = (!icmp_ln375)> <Delay = 1.20> <CoreInst = "RAM">   --->   Core 82 'RAM' <Latency = 1> <II = 1> <Delay = 1.20> <Storage> <Opcode : 'load' 'store'> <Ports = 2> <Width = 12> <Depth = 1800> <RAM>
ST_13 : Operation 254 [1/1] (0.74ns)   --->   "%icmp_ln218_37 = icmp_ult  i12 %neighbor_10, i12 %seed_et" [./calorimeter.h:218->calorimeter.cpp:392]   --->   Operation 254 'icmp' 'icmp_ln218_37' <Predicate = (!icmp_ln375)> <Delay = 0.74> <CoreInst = "Cmp">   --->   Core 9 'Cmp' <Latency = 0> <II = 1> <Delay = 0.74> <FuncUnit> <Opcode : 'seteq' 'setne' 'setle' 'setge' 'setlt' 'setgt'> <InPorts = 2> <OutPorts = 1>
ST_13 : Operation 255 [1/1] (0.00ns)   --->   "%zext_ln395_7 = zext i12 %neighbor_10" [calorimeter.cpp:395]   --->   Operation 255 'zext' 'zext_ln395_7' <Predicate = (!icmp_ln375)> <Delay = 0.00>
ST_13 : Operation 256 [1/1] (0.00ns)   --->   "%zext_ln187_11 = zext i15 %sum7_et_8" [./calorimeter.h:187->calorimeter.cpp:395]   --->   Operation 256 'zext' 'zext_ln187_11' <Predicate = (!icmp_ln375)> <Delay = 0.00>
ST_13 : Operation 257 [1/1] (0.77ns)   --->   "%add_ln187_15 = add i16 %zext_ln187_11, i16 %zext_ln395_7" [./calorimeter.h:187->calorimeter.cpp:395]   --->   Operation 257 'add' 'add_ln187_15' <Predicate = (!icmp_ln375)> <Delay = 0.77> <CoreInst = "Adder">   --->   Core 1 'Adder' <Latency = 0> <II = 1> <Delay = 0.77> <FuncUnit> <Opcode : 'add' 'sub'> <InPorts = 2> <OutPorts = 1>

State 14 <SV = 13> <Delay = 1.93>
ST_14 : Operation 258 [1/1] (0.73ns)   --->   "%add_ln216_17 = add i11 %sub_ln216_1, i11 %sext_ln216_1" [./calorimeter.h:216->calorimeter.cpp:392]   --->   Operation 258 'add' 'add_ln216_17' <Predicate = (!icmp_ln375)> <Delay = 0.73> <CoreInst = "Adder">   --->   Core 1 'Adder' <Latency = 0> <II = 1> <Delay = 0.73> <FuncUnit> <Opcode : 'add' 'sub'> <InPorts = 2> <OutPorts = 1>
ST_14 : Operation 259 [1/1] (0.00ns)   --->   "%zext_ln216_26 = zext i11 %add_ln216_17" [./calorimeter.h:216->calorimeter.cpp:392]   --->   Operation 259 'zext' 'zext_ln216_26' <Predicate = (!icmp_ln375)> <Delay = 0.00>
ST_14 : Operation 260 [1/1] (0.00ns)   --->   "%towers_addr_13 = getelementptr i12 %towers, i64 0, i64 %zext_ln216_26" [./calorimeter.h:216->calorimeter.cpp:392]   --->   Operation 260 'getelementptr' 'towers_addr_13' <Predicate = (!icmp_ln375)> <Delay = 0.00>
ST_14 : Operation 261 [1/2] (1.20ns)   --->   "%neighbor_11 = load i11 %towers_addr_12" [./calorimeter.h:216->calorimeter.cpp:392]   --->   Operation 261 'load' 'neighbor_11' <Predicate = (!icmp_ln375)> <Delay = 1.20> <CoreInst = "RAM">   --->   Core 82 'RAM' <Latency = 1> <II = 1> <Delay = 1.20> <Storage> <Opcode : 'load' 'store'> <Ports = 2> <Width = 12> <Depth = 1800> <RAM>
ST_14 : Operation 262 [2/2] (1.20ns)   --->   "%neighbor_12 = load i11 %towers_addr_13" [./calorimeter.h:216->calorimeter.cpp:392]   --->   Operation 262 'load' 'neighbor_12' <Predicate = (!icmp_ln375)> <Delay = 1.20> <CoreInst = "RAM">   --->   Core 82 'RAM' <Latency = 1> <II = 1> <Delay = 1.20> <Storage> <Opcode : 'load' 'store'> <Ports = 2> <Width = 12> <Depth = 1800> <RAM>

State 15 <SV = 14> <Delay = 1.94>
ST_15 : Operation 263 [1/1] (0.73ns)   --->   "%add_ln216_24 = add i11 %sub_ln216_1, i11 %sext_ln216_2" [./calorimeter.h:216->calorimeter.cpp:392]   --->   Operation 263 'add' 'add_ln216_24' <Predicate = (!icmp_ln375)> <Delay = 0.73> <CoreInst = "Adder">   --->   Core 1 'Adder' <Latency = 0> <II = 1> <Delay = 0.73> <FuncUnit> <Opcode : 'add' 'sub'> <InPorts = 2> <OutPorts = 1>
ST_15 : Operation 264 [1/1] (0.00ns)   --->   "%zext_ln216_33 = zext i11 %add_ln216_24" [./calorimeter.h:216->calorimeter.cpp:392]   --->   Operation 264 'zext' 'zext_ln216_33' <Predicate = (!icmp_ln375)> <Delay = 0.00>
ST_15 : Operation 265 [1/1] (0.00ns)   --->   "%towers_addr_14 = getelementptr i12 %towers, i64 0, i64 %zext_ln216_33" [./calorimeter.h:216->calorimeter.cpp:392]   --->   Operation 265 'getelementptr' 'towers_addr_14' <Predicate = (!icmp_ln375)> <Delay = 0.00>
ST_15 : Operation 266 [1/2] (1.20ns)   --->   "%neighbor_12 = load i11 %towers_addr_13" [./calorimeter.h:216->calorimeter.cpp:392]   --->   Operation 266 'load' 'neighbor_12' <Predicate = (!icmp_ln375)> <Delay = 1.20> <CoreInst = "RAM">   --->   Core 82 'RAM' <Latency = 1> <II = 1> <Delay = 1.20> <Storage> <Opcode : 'load' 'store'> <Ports = 2> <Width = 12> <Depth = 1800> <RAM>
ST_15 : Operation 267 [1/1] (0.74ns)   --->   "%icmp_ln220_7 = icmp_ne  i12 %neighbor_12, i12 %seed_et" [./calorimeter.h:220->calorimeter.cpp:392]   --->   Operation 267 'icmp' 'icmp_ln220_7' <Predicate = (!icmp_ln375)> <Delay = 0.74> <CoreInst = "Cmp">   --->   Core 9 'Cmp' <Latency = 0> <II = 1> <Delay = 0.74> <FuncUnit> <Opcode : 'seteq' 'setne' 'setle' 'setge' 'setlt' 'setgt'> <InPorts = 2> <OutPorts = 1>
ST_15 : Operation 268 [1/1] (0.74ns)   --->   "%icmp_ln218_7 = icmp_ult  i12 %seed_et, i12 %neighbor_12" [./calorimeter.h:218->calorimeter.cpp:392]   --->   Operation 268 'icmp' 'icmp_ln218_7' <Predicate = (!icmp_ln375)> <Delay = 0.74> <CoreInst = "Cmp">   --->   Core 9 'Cmp' <Latency = 0> <II = 1> <Delay = 0.74> <FuncUnit> <Opcode : 'seteq' 'setne' 'setle' 'setge' 'setlt' 'setgt'> <InPorts = 2> <OutPorts = 1>
ST_15 : Operation 269 [2/2] (1.20ns)   --->   "%neighbor_13 = load i11 %towers_addr_14" [./calorimeter.h:216->calorimeter.cpp:392]   --->   Operation 269 'load' 'neighbor_13' <Predicate = (!icmp_ln375)> <Delay = 1.20> <CoreInst = "RAM">   --->   Core 82 'RAM' <Latency = 1> <II = 1> <Delay = 1.20> <Storage> <Opcode : 'load' 'store'> <Ports = 2> <Width = 12> <Depth = 1800> <RAM>
ST_15 : Operation 270 [1/1] (0.74ns)   --->   "%icmp_ln218_38 = icmp_ult  i12 %neighbor_11, i12 %seed_et" [./calorimeter.h:218->calorimeter.cpp:392]   --->   Operation 270 'icmp' 'icmp_ln218_38' <Predicate = (!icmp_ln375)> <Delay = 0.74> <CoreInst = "Cmp">   --->   Core 9 'Cmp' <Latency = 0> <II = 1> <Delay = 0.74> <FuncUnit> <Opcode : 'seteq' 'setne' 'setle' 'setge' 'setlt' 'setgt'> <InPorts = 2> <OutPorts = 1>
ST_15 : Operation 271 [1/1] (0.00ns)   --->   "%zext_ln395_8 = zext i12 %neighbor_11" [calorimeter.cpp:395]   --->   Operation 271 'zext' 'zext_ln395_8' <Predicate = (!icmp_ln375)> <Delay = 0.00>
ST_15 : Operation 272 [1/1] (0.00ns)   --->   "%zext_ln395_9 = zext i12 %neighbor_12" [calorimeter.cpp:395]   --->   Operation 272 'zext' 'zext_ln395_9' <Predicate = (!icmp_ln375)> <Delay = 0.00>
ST_15 : Operation 273 [1/1] (0.74ns)   --->   "%add_ln187_16 = add i13 %zext_ln395_8, i13 %zext_ln395_9" [./calorimeter.h:187->calorimeter.cpp:395]   --->   Operation 273 'add' 'add_ln187_16' <Predicate = (!icmp_ln375)> <Delay = 0.74> <CoreInst = "Adder">   --->   Core 1 'Adder' <Latency = 0> <II = 1> <Delay = 0.74> <FuncUnit> <Opcode : 'add' 'sub'> <InPorts = 2> <OutPorts = 1>

State 16 <SV = 15> <Delay = 3.38>
ST_16 : Operation 274 [1/1] (0.70ns)   --->   "%empty_99 = add i5 %select_ln375_2, i5 31" [calorimeter.cpp:375]   --->   Operation 274 'add' 'empty_99' <Predicate = (!icmp_ln375)> <Delay = 0.70> <CoreInst = "Adder">   --->   Core 1 'Adder' <Latency = 0> <II = 1> <Delay = 0.70> <FuncUnit> <Opcode : 'add' 'sub'> <InPorts = 2> <OutPorts = 1>
ST_16 : Operation 275 [1/1] (0.00ns)   --->   "%p_shl4 = bitconcatenate i11 @_ssdm_op_BitConcatenate.i11.i5.i6, i5 %empty_99, i6 0" [./calorimeter.h:216->calorimeter.cpp:392]   --->   Operation 275 'bitconcatenate' 'p_shl4' <Predicate = (!icmp_ln375)> <Delay = 0.00>
ST_16 : Operation 276 [1/1] (0.00ns)   --->   "%tmp_3 = bitconcatenate i7 @_ssdm_op_BitConcatenate.i7.i5.i2, i5 %empty_99, i2 0" [./calorimeter.h:216->calorimeter.cpp:392]   --->   Operation 276 'bitconcatenate' 'tmp_3' <Predicate = (!icmp_ln375)> <Delay = 0.00>
ST_16 : Operation 277 [1/1] (0.00ns)   --->   "%zext_ln216_2 = zext i7 %tmp_3" [./calorimeter.h:216->calorimeter.cpp:392]   --->   Operation 277 'zext' 'zext_ln216_2' <Predicate = (!icmp_ln375)> <Delay = 0.00>
ST_16 : Operation 278 [1/1] (0.73ns)   --->   "%sub_ln216_2 = sub i11 %p_shl4, i11 %zext_ln216_2" [./calorimeter.h:216->calorimeter.cpp:392]   --->   Operation 278 'sub' 'sub_ln216_2' <Predicate = (!icmp_ln375)> <Delay = 0.73> <CoreInst = "Adder">   --->   Core 1 'Adder' <Latency = 0> <II = 1> <Delay = 0.73> <FuncUnit> <Opcode : 'add' 'sub'> <InPorts = 2> <OutPorts = 1>
ST_16 : Operation 279 [1/1] (0.73ns)   --->   "%add_ln216_31 = add i11 %sub_ln216_2, i11 %zext_ln216_12" [./calorimeter.h:216->calorimeter.cpp:392]   --->   Operation 279 'add' 'add_ln216_31' <Predicate = (!icmp_ln375)> <Delay = 0.73> <CoreInst = "Adder">   --->   Core 1 'Adder' <Latency = 0> <II = 1> <Delay = 0.73> <FuncUnit> <Opcode : 'add' 'sub'> <InPorts = 2> <OutPorts = 1>
ST_16 : Operation 280 [1/1] (0.00ns)   --->   "%zext_ln216_40 = zext i11 %add_ln216_31" [./calorimeter.h:216->calorimeter.cpp:392]   --->   Operation 280 'zext' 'zext_ln216_40' <Predicate = (!icmp_ln375)> <Delay = 0.00>
ST_16 : Operation 281 [1/1] (0.00ns)   --->   "%towers_addr_15 = getelementptr i12 %towers, i64 0, i64 %zext_ln216_40" [./calorimeter.h:216->calorimeter.cpp:392]   --->   Operation 281 'getelementptr' 'towers_addr_15' <Predicate = (!icmp_ln375)> <Delay = 0.00>
ST_16 : Operation 282 [1/1] (0.00ns) (grouped into LUT with out node and_ln218_19)   --->   "%xor_ln218_8 = xor i1 %icmp_ln218_7, i1 1" [./calorimeter.h:218->calorimeter.cpp:392]   --->   Operation 282 'xor' 'xor_ln218_8' <Predicate = (!icmp_ln375)> <Delay = 0.00> <CoreInst = "LogicGate">   --->   Core 74 'LogicGate' <Latency = 0> <II = 1> <Delay = 0.12> <FuncUnit> <Opcode : 'and' 'or' 'xor'> <InPorts = 2> <OutPorts = 1>
ST_16 : Operation 283 [1/2] (1.20ns)   --->   "%neighbor_13 = load i11 %towers_addr_14" [./calorimeter.h:216->calorimeter.cpp:392]   --->   Operation 283 'load' 'neighbor_13' <Predicate = (!icmp_ln375)> <Delay = 1.20> <CoreInst = "RAM">   --->   Core 82 'RAM' <Latency = 1> <II = 1> <Delay = 1.20> <Storage> <Opcode : 'load' 'store'> <Ports = 2> <Width = 12> <Depth = 1800> <RAM>
ST_16 : Operation 284 [1/1] (0.74ns)   --->   "%icmp_ln220_8 = icmp_ne  i12 %neighbor_13, i12 %seed_et" [./calorimeter.h:220->calorimeter.cpp:392]   --->   Operation 284 'icmp' 'icmp_ln220_8' <Predicate = (!icmp_ln375)> <Delay = 0.74> <CoreInst = "Cmp">   --->   Core 9 'Cmp' <Latency = 0> <II = 1> <Delay = 0.74> <FuncUnit> <Opcode : 'seteq' 'setne' 'setle' 'setge' 'setlt' 'setgt'> <InPorts = 2> <OutPorts = 1>
ST_16 : Operation 285 [2/2] (1.20ns)   --->   "%neighbor_14 = load i11 %towers_addr_15" [./calorimeter.h:216->calorimeter.cpp:392]   --->   Operation 285 'load' 'neighbor_14' <Predicate = (!icmp_ln375)> <Delay = 1.20> <CoreInst = "RAM">   --->   Core 82 'RAM' <Latency = 1> <II = 1> <Delay = 1.20> <Storage> <Opcode : 'load' 'store'> <Ports = 2> <Width = 12> <Depth = 1800> <RAM>
ST_16 : Operation 286 [1/1] (0.00ns) (grouped into LUT with out node and_ln218_19)   --->   "%and_ln218_15 = and i1 %icmp_ln218_37, i1 %icmp_ln218_36" [./calorimeter.h:218->calorimeter.cpp:392]   --->   Operation 286 'and' 'and_ln218_15' <Predicate = (!icmp_ln375)> <Delay = 0.00> <CoreInst = "LogicGate">   --->   Core 74 'LogicGate' <Latency = 0> <II = 1> <Delay = 0.12> <FuncUnit> <Opcode : 'and' 'or' 'xor'> <InPorts = 2> <OutPorts = 1>
ST_16 : Operation 287 [1/1] (0.00ns) (grouped into LUT with out node and_ln218_19)   --->   "%and_ln218_16 = and i1 %xor_ln218_8, i1 %icmp_ln220_8" [./calorimeter.h:218->calorimeter.cpp:392]   --->   Operation 287 'and' 'and_ln218_16' <Predicate = (!icmp_ln375)> <Delay = 0.00> <CoreInst = "LogicGate">   --->   Core 74 'LogicGate' <Latency = 0> <II = 1> <Delay = 0.12> <FuncUnit> <Opcode : 'and' 'or' 'xor'> <InPorts = 2> <OutPorts = 1>
ST_16 : Operation 288 [1/1] (0.00ns) (grouped into LUT with out node and_ln218_19)   --->   "%and_ln218_17 = and i1 %and_ln218_16, i1 %icmp_ln220_7" [./calorimeter.h:218->calorimeter.cpp:392]   --->   Operation 288 'and' 'and_ln218_17' <Predicate = (!icmp_ln375)> <Delay = 0.00> <CoreInst = "LogicGate">   --->   Core 74 'LogicGate' <Latency = 0> <II = 1> <Delay = 0.12> <FuncUnit> <Opcode : 'and' 'or' 'xor'> <InPorts = 2> <OutPorts = 1>
ST_16 : Operation 289 [1/1] (0.00ns) (grouped into LUT with out node and_ln218_19)   --->   "%and_ln218_18 = and i1 %and_ln218_17, i1 %icmp_ln218_38" [./calorimeter.h:218->calorimeter.cpp:392]   --->   Operation 289 'and' 'and_ln218_18' <Predicate = (!icmp_ln375)> <Delay = 0.00> <CoreInst = "LogicGate">   --->   Core 74 'LogicGate' <Latency = 0> <II = 1> <Delay = 0.12> <FuncUnit> <Opcode : 'and' 'or' 'xor'> <InPorts = 2> <OutPorts = 1>
ST_16 : Operation 290 [1/1] (0.12ns) (out node of the LUT)   --->   "%and_ln218_19 = and i1 %and_ln218_18, i1 %and_ln218_15" [./calorimeter.h:218->calorimeter.cpp:392]   --->   Operation 290 'and' 'and_ln218_19' <Predicate = (!icmp_ln375)> <Delay = 0.12> <CoreInst = "LogicGate">   --->   Core 74 'LogicGate' <Latency = 0> <II = 1> <Delay = 0.12> <FuncUnit> <Opcode : 'and' 'or' 'xor'> <InPorts = 2> <OutPorts = 1>

State 17 <SV = 16> <Delay = 1.94>
ST_17 : Operation 291 [1/1] (0.73ns)   --->   "%add_ln216_37 = add i11 %sub_ln216_2, i11 %zext_ln216_14" [./calorimeter.h:216->calorimeter.cpp:392]   --->   Operation 291 'add' 'add_ln216_37' <Predicate = (!icmp_ln375)> <Delay = 0.73> <CoreInst = "Adder">   --->   Core 1 'Adder' <Latency = 0> <II = 1> <Delay = 0.73> <FuncUnit> <Opcode : 'add' 'sub'> <InPorts = 2> <OutPorts = 1>
ST_17 : Operation 292 [1/1] (0.00ns)   --->   "%zext_ln216_46 = zext i11 %add_ln216_37" [./calorimeter.h:216->calorimeter.cpp:392]   --->   Operation 292 'zext' 'zext_ln216_46' <Predicate = (!icmp_ln375)> <Delay = 0.00>
ST_17 : Operation 293 [1/1] (0.00ns)   --->   "%towers_addr_16 = getelementptr i12 %towers, i64 0, i64 %zext_ln216_46" [./calorimeter.h:216->calorimeter.cpp:392]   --->   Operation 293 'getelementptr' 'towers_addr_16' <Predicate = (!icmp_ln375)> <Delay = 0.00>
ST_17 : Operation 294 [1/1] (0.74ns)   --->   "%icmp_ln218_8 = icmp_ult  i12 %seed_et, i12 %neighbor_13" [./calorimeter.h:218->calorimeter.cpp:392]   --->   Operation 294 'icmp' 'icmp_ln218_8' <Predicate = (!icmp_ln375)> <Delay = 0.74> <CoreInst = "Cmp">   --->   Core 9 'Cmp' <Latency = 0> <II = 1> <Delay = 0.74> <FuncUnit> <Opcode : 'seteq' 'setne' 'setle' 'setge' 'setlt' 'setgt'> <InPorts = 2> <OutPorts = 1>
ST_17 : Operation 295 [1/2] (1.20ns)   --->   "%neighbor_14 = load i11 %towers_addr_15" [./calorimeter.h:216->calorimeter.cpp:392]   --->   Operation 295 'load' 'neighbor_14' <Predicate = (!icmp_ln375)> <Delay = 1.20> <CoreInst = "RAM">   --->   Core 82 'RAM' <Latency = 1> <II = 1> <Delay = 1.20> <Storage> <Opcode : 'load' 'store'> <Ports = 2> <Width = 12> <Depth = 1800> <RAM>
ST_17 : Operation 296 [1/1] (0.74ns)   --->   "%icmp_ln220_9 = icmp_ne  i12 %neighbor_14, i12 %seed_et" [./calorimeter.h:220->calorimeter.cpp:392]   --->   Operation 296 'icmp' 'icmp_ln220_9' <Predicate = (!icmp_ln375)> <Delay = 0.74> <CoreInst = "Cmp">   --->   Core 9 'Cmp' <Latency = 0> <II = 1> <Delay = 0.74> <FuncUnit> <Opcode : 'seteq' 'setne' 'setle' 'setge' 'setlt' 'setgt'> <InPorts = 2> <OutPorts = 1>
ST_17 : Operation 297 [1/1] (0.74ns)   --->   "%icmp_ln218_9 = icmp_ult  i12 %seed_et, i12 %neighbor_14" [./calorimeter.h:218->calorimeter.cpp:392]   --->   Operation 297 'icmp' 'icmp_ln218_9' <Predicate = (!icmp_ln375)> <Delay = 0.74> <CoreInst = "Cmp">   --->   Core 9 'Cmp' <Latency = 0> <II = 1> <Delay = 0.74> <FuncUnit> <Opcode : 'seteq' 'setne' 'setle' 'setge' 'setlt' 'setgt'> <InPorts = 2> <OutPorts = 1>
ST_17 : Operation 298 [2/2] (1.20ns)   --->   "%neighbor_15 = load i11 %towers_addr_16" [./calorimeter.h:216->calorimeter.cpp:392]   --->   Operation 298 'load' 'neighbor_15' <Predicate = (!icmp_ln375)> <Delay = 1.20> <CoreInst = "RAM">   --->   Core 82 'RAM' <Latency = 1> <II = 1> <Delay = 1.20> <Storage> <Opcode : 'load' 'store'> <Ports = 2> <Width = 12> <Depth = 1800> <RAM>
ST_17 : Operation 299 [1/1] (0.00ns)   --->   "%zext_ln395_10 = zext i12 %neighbor_13" [calorimeter.cpp:395]   --->   Operation 299 'zext' 'zext_ln395_10' <Predicate = (!icmp_ln375)> <Delay = 0.00>
ST_17 : Operation 300 [1/1] (0.00ns)   --->   "%zext_ln395_11 = zext i12 %neighbor_14" [calorimeter.cpp:395]   --->   Operation 300 'zext' 'zext_ln395_11' <Predicate = (!icmp_ln375)> <Delay = 0.00>
ST_17 : Operation 301 [1/1] (0.74ns)   --->   "%add_ln187_18 = add i13 %zext_ln395_10, i13 %zext_ln395_11" [./calorimeter.h:187->calorimeter.cpp:395]   --->   Operation 301 'add' 'add_ln187_18' <Predicate = (!icmp_ln375)> <Delay = 0.74> <CoreInst = "Adder">   --->   Core 1 'Adder' <Latency = 0> <II = 1> <Delay = 0.74> <FuncUnit> <Opcode : 'add' 'sub'> <InPorts = 2> <OutPorts = 1>

State 18 <SV = 17> <Delay = 2.07>
ST_18 : Operation 302 [1/1] (0.73ns)   --->   "%add_ln216_43 = add i11 %sub_ln216_2, i11 %zext_ln216_16" [./calorimeter.h:216->calorimeter.cpp:392]   --->   Operation 302 'add' 'add_ln216_43' <Predicate = (!icmp_ln375)> <Delay = 0.73> <CoreInst = "Adder">   --->   Core 1 'Adder' <Latency = 0> <II = 1> <Delay = 0.73> <FuncUnit> <Opcode : 'add' 'sub'> <InPorts = 2> <OutPorts = 1>
ST_18 : Operation 303 [1/1] (0.00ns)   --->   "%zext_ln216_52 = zext i11 %add_ln216_43" [./calorimeter.h:216->calorimeter.cpp:392]   --->   Operation 303 'zext' 'zext_ln216_52' <Predicate = (!icmp_ln375)> <Delay = 0.00>
ST_18 : Operation 304 [1/1] (0.00ns)   --->   "%towers_addr_17 = getelementptr i12 %towers, i64 0, i64 %zext_ln216_52" [./calorimeter.h:216->calorimeter.cpp:392]   --->   Operation 304 'getelementptr' 'towers_addr_17' <Predicate = (!icmp_ln375)> <Delay = 0.00>
ST_18 : Operation 305 [1/1] (0.00ns) (grouped into LUT with out node and_ln218_22)   --->   "%xor_ln218_9 = xor i1 %icmp_ln218_8, i1 1" [./calorimeter.h:218->calorimeter.cpp:392]   --->   Operation 305 'xor' 'xor_ln218_9' <Predicate = (!icmp_ln375)> <Delay = 0.00> <CoreInst = "LogicGate">   --->   Core 74 'LogicGate' <Latency = 0> <II = 1> <Delay = 0.12> <FuncUnit> <Opcode : 'and' 'or' 'xor'> <InPorts = 2> <OutPorts = 1>
ST_18 : Operation 306 [1/1] (0.00ns) (grouped into LUT with out node and_ln218_22)   --->   "%xor_ln218_10 = xor i1 %icmp_ln218_9, i1 1" [./calorimeter.h:218->calorimeter.cpp:392]   --->   Operation 306 'xor' 'xor_ln218_10' <Predicate = (!icmp_ln375)> <Delay = 0.00> <CoreInst = "LogicGate">   --->   Core 74 'LogicGate' <Latency = 0> <II = 1> <Delay = 0.12> <FuncUnit> <Opcode : 'and' 'or' 'xor'> <InPorts = 2> <OutPorts = 1>
ST_18 : Operation 307 [1/2] (1.20ns)   --->   "%neighbor_15 = load i11 %towers_addr_16" [./calorimeter.h:216->calorimeter.cpp:392]   --->   Operation 307 'load' 'neighbor_15' <Predicate = (!icmp_ln375)> <Delay = 1.20> <CoreInst = "RAM">   --->   Core 82 'RAM' <Latency = 1> <II = 1> <Delay = 1.20> <Storage> <Opcode : 'load' 'store'> <Ports = 2> <Width = 12> <Depth = 1800> <RAM>
ST_18 : Operation 308 [1/1] (0.74ns)   --->   "%icmp_ln220_10 = icmp_ne  i12 %neighbor_15, i12 %seed_et" [./calorimeter.h:220->calorimeter.cpp:392]   --->   Operation 308 'icmp' 'icmp_ln220_10' <Predicate = (!icmp_ln375)> <Delay = 0.74> <CoreInst = "Cmp">   --->   Core 9 'Cmp' <Latency = 0> <II = 1> <Delay = 0.74> <FuncUnit> <Opcode : 'seteq' 'setne' 'setle' 'setge' 'setlt' 'setgt'> <InPorts = 2> <OutPorts = 1>
ST_18 : Operation 309 [2/2] (1.20ns)   --->   "%neighbor_16 = load i11 %towers_addr_17" [./calorimeter.h:216->calorimeter.cpp:392]   --->   Operation 309 'load' 'neighbor_16' <Predicate = (!icmp_ln375)> <Delay = 1.20> <CoreInst = "RAM">   --->   Core 82 'RAM' <Latency = 1> <II = 1> <Delay = 1.20> <Storage> <Opcode : 'load' 'store'> <Ports = 2> <Width = 12> <Depth = 1800> <RAM>
ST_18 : Operation 310 [1/1] (0.00ns) (grouped into LUT with out node and_ln218_22)   --->   "%and_ln218_20 = and i1 %xor_ln218_9, i1 %icmp_ln220_9" [./calorimeter.h:218->calorimeter.cpp:392]   --->   Operation 310 'and' 'and_ln218_20' <Predicate = (!icmp_ln375)> <Delay = 0.00> <CoreInst = "LogicGate">   --->   Core 74 'LogicGate' <Latency = 0> <II = 1> <Delay = 0.12> <FuncUnit> <Opcode : 'and' 'or' 'xor'> <InPorts = 2> <OutPorts = 1>
ST_18 : Operation 311 [1/1] (0.00ns) (grouped into LUT with out node and_ln218_22)   --->   "%and_ln218_21 = and i1 %xor_ln218_10, i1 %icmp_ln220_10" [./calorimeter.h:218->calorimeter.cpp:392]   --->   Operation 311 'and' 'and_ln218_21' <Predicate = (!icmp_ln375)> <Delay = 0.00> <CoreInst = "LogicGate">   --->   Core 74 'LogicGate' <Latency = 0> <II = 1> <Delay = 0.12> <FuncUnit> <Opcode : 'and' 'or' 'xor'> <InPorts = 2> <OutPorts = 1>
ST_18 : Operation 312 [1/1] (0.12ns) (out node of the LUT)   --->   "%and_ln218_22 = and i1 %and_ln218_21, i1 %and_ln218_20" [./calorimeter.h:218->calorimeter.cpp:392]   --->   Operation 312 'and' 'and_ln218_22' <Predicate = (!icmp_ln375)> <Delay = 0.12> <CoreInst = "LogicGate">   --->   Core 74 'LogicGate' <Latency = 0> <II = 1> <Delay = 0.12> <FuncUnit> <Opcode : 'and' 'or' 'xor'> <InPorts = 2> <OutPorts = 1>

State 19 <SV = 18> <Delay = 1.93>
ST_19 : Operation 313 [1/1] (0.73ns)   --->   "%add_ln216_2 = add i11 %sub_ln216_2, i11 %zext_ln389_1" [./calorimeter.h:216->calorimeter.cpp:392]   --->   Operation 313 'add' 'add_ln216_2' <Predicate = (!icmp_ln375)> <Delay = 0.73> <CoreInst = "Adder">   --->   Core 1 'Adder' <Latency = 0> <II = 1> <Delay = 0.73> <FuncUnit> <Opcode : 'add' 'sub'> <InPorts = 2> <OutPorts = 1>
ST_19 : Operation 314 [1/1] (0.00ns)   --->   "%zext_ln216_8 = zext i11 %add_ln216_2" [./calorimeter.h:216->calorimeter.cpp:392]   --->   Operation 314 'zext' 'zext_ln216_8' <Predicate = (!icmp_ln375)> <Delay = 0.00>
ST_19 : Operation 315 [1/1] (0.00ns)   --->   "%towers_addr_18 = getelementptr i12 %towers, i64 0, i64 %zext_ln216_8" [./calorimeter.h:216->calorimeter.cpp:392]   --->   Operation 315 'getelementptr' 'towers_addr_18' <Predicate = (!icmp_ln375)> <Delay = 0.00>
ST_19 : Operation 316 [1/2] (1.20ns)   --->   "%neighbor_16 = load i11 %towers_addr_17" [./calorimeter.h:216->calorimeter.cpp:392]   --->   Operation 316 'load' 'neighbor_16' <Predicate = (!icmp_ln375)> <Delay = 1.20> <CoreInst = "RAM">   --->   Core 82 'RAM' <Latency = 1> <II = 1> <Delay = 1.20> <Storage> <Opcode : 'load' 'store'> <Ports = 2> <Width = 12> <Depth = 1800> <RAM>
ST_19 : Operation 317 [2/2] (1.20ns)   --->   "%neighbor_17 = load i11 %towers_addr_18" [./calorimeter.h:216->calorimeter.cpp:392]   --->   Operation 317 'load' 'neighbor_17' <Predicate = (!icmp_ln375)> <Delay = 1.20> <CoreInst = "RAM">   --->   Core 82 'RAM' <Latency = 1> <II = 1> <Delay = 1.20> <Storage> <Opcode : 'load' 'store'> <Ports = 2> <Width = 12> <Depth = 1800> <RAM>

State 20 <SV = 19> <Delay = 4.14>
ST_20 : Operation 318 [1/1] (0.73ns)   --->   "%add_ln216_11 = add i11 %sub_ln216_2, i11 %sext_ln216" [./calorimeter.h:216->calorimeter.cpp:392]   --->   Operation 318 'add' 'add_ln216_11' <Predicate = (!icmp_ln375)> <Delay = 0.73> <CoreInst = "Adder">   --->   Core 1 'Adder' <Latency = 0> <II = 1> <Delay = 0.73> <FuncUnit> <Opcode : 'add' 'sub'> <InPorts = 2> <OutPorts = 1>
ST_20 : Operation 319 [1/1] (0.00ns)   --->   "%zext_ln216_20 = zext i11 %add_ln216_11" [./calorimeter.h:216->calorimeter.cpp:392]   --->   Operation 319 'zext' 'zext_ln216_20' <Predicate = (!icmp_ln375)> <Delay = 0.00>
ST_20 : Operation 320 [1/1] (0.00ns)   --->   "%towers_addr_19 = getelementptr i12 %towers, i64 0, i64 %zext_ln216_20" [./calorimeter.h:216->calorimeter.cpp:392]   --->   Operation 320 'getelementptr' 'towers_addr_19' <Predicate = (!icmp_ln375)> <Delay = 0.00>
ST_20 : Operation 321 [1/1] (0.74ns)   --->   "%icmp_ln218_10 = icmp_ult  i12 %seed_et, i12 %neighbor_15" [./calorimeter.h:218->calorimeter.cpp:392]   --->   Operation 321 'icmp' 'icmp_ln218_10' <Predicate = (!icmp_ln375)> <Delay = 0.74> <CoreInst = "Cmp">   --->   Core 9 'Cmp' <Latency = 0> <II = 1> <Delay = 0.74> <FuncUnit> <Opcode : 'seteq' 'setne' 'setle' 'setge' 'setlt' 'setgt'> <InPorts = 2> <OutPorts = 1>
ST_20 : Operation 322 [1/1] (0.00ns) (grouped into LUT with out node and_ln218_28)   --->   "%xor_ln218_11 = xor i1 %icmp_ln218_10, i1 1" [./calorimeter.h:218->calorimeter.cpp:392]   --->   Operation 322 'xor' 'xor_ln218_11' <Predicate = (!icmp_ln375)> <Delay = 0.00> <CoreInst = "LogicGate">   --->   Core 74 'LogicGate' <Latency = 0> <II = 1> <Delay = 0.12> <FuncUnit> <Opcode : 'and' 'or' 'xor'> <InPorts = 2> <OutPorts = 1>
ST_20 : Operation 323 [1/1] (0.74ns)   --->   "%icmp_ln220_11 = icmp_ne  i12 %neighbor_16, i12 %seed_et" [./calorimeter.h:220->calorimeter.cpp:392]   --->   Operation 323 'icmp' 'icmp_ln220_11' <Predicate = (!icmp_ln375)> <Delay = 0.74> <CoreInst = "Cmp">   --->   Core 9 'Cmp' <Latency = 0> <II = 1> <Delay = 0.74> <FuncUnit> <Opcode : 'seteq' 'setne' 'setle' 'setge' 'setlt' 'setgt'> <InPorts = 2> <OutPorts = 1>
ST_20 : Operation 324 [1/1] (0.74ns)   --->   "%icmp_ln218_11 = icmp_ult  i12 %seed_et, i12 %neighbor_16" [./calorimeter.h:218->calorimeter.cpp:392]   --->   Operation 324 'icmp' 'icmp_ln218_11' <Predicate = (!icmp_ln375)> <Delay = 0.74> <CoreInst = "Cmp">   --->   Core 9 'Cmp' <Latency = 0> <II = 1> <Delay = 0.74> <FuncUnit> <Opcode : 'seteq' 'setne' 'setle' 'setge' 'setlt' 'setgt'> <InPorts = 2> <OutPorts = 1>
ST_20 : Operation 325 [1/1] (0.00ns) (grouped into LUT with out node and_ln218_28)   --->   "%xor_ln218_12 = xor i1 %icmp_ln218_11, i1 1" [./calorimeter.h:218->calorimeter.cpp:392]   --->   Operation 325 'xor' 'xor_ln218_12' <Predicate = (!icmp_ln375)> <Delay = 0.00> <CoreInst = "LogicGate">   --->   Core 74 'LogicGate' <Latency = 0> <II = 1> <Delay = 0.12> <FuncUnit> <Opcode : 'and' 'or' 'xor'> <InPorts = 2> <OutPorts = 1>
ST_20 : Operation 326 [1/2] (1.20ns)   --->   "%neighbor_17 = load i11 %towers_addr_18" [./calorimeter.h:216->calorimeter.cpp:392]   --->   Operation 326 'load' 'neighbor_17' <Predicate = (!icmp_ln375)> <Delay = 1.20> <CoreInst = "RAM">   --->   Core 82 'RAM' <Latency = 1> <II = 1> <Delay = 1.20> <Storage> <Opcode : 'load' 'store'> <Ports = 2> <Width = 12> <Depth = 1800> <RAM>
ST_20 : Operation 327 [2/2] (1.20ns)   --->   "%neighbor_18 = load i11 %towers_addr_19" [./calorimeter.h:216->calorimeter.cpp:392]   --->   Operation 327 'load' 'neighbor_18' <Predicate = (!icmp_ln375)> <Delay = 1.20> <CoreInst = "RAM">   --->   Core 82 'RAM' <Latency = 1> <II = 1> <Delay = 1.20> <Storage> <Opcode : 'load' 'store'> <Ports = 2> <Width = 12> <Depth = 1800> <RAM>
ST_20 : Operation 328 [1/1] (0.00ns) (grouped into LUT with out node and_ln218_28)   --->   "%and_ln218_24 = and i1 %xor_ln218_11, i1 %icmp_ln220_11" [./calorimeter.h:218->calorimeter.cpp:392]   --->   Operation 328 'and' 'and_ln218_24' <Predicate = (!icmp_ln375)> <Delay = 0.00> <CoreInst = "LogicGate">   --->   Core 74 'LogicGate' <Latency = 0> <II = 1> <Delay = 0.12> <FuncUnit> <Opcode : 'and' 'or' 'xor'> <InPorts = 2> <OutPorts = 1>
ST_20 : Operation 329 [1/1] (0.74ns)   --->   "%icmp_ln218_39 = icmp_ult  i12 %neighbor_17, i12 %seed_et" [./calorimeter.h:218->calorimeter.cpp:392]   --->   Operation 329 'icmp' 'icmp_ln218_39' <Predicate = (!icmp_ln375)> <Delay = 0.74> <CoreInst = "Cmp">   --->   Core 9 'Cmp' <Latency = 0> <II = 1> <Delay = 0.74> <FuncUnit> <Opcode : 'seteq' 'setne' 'setle' 'setge' 'setlt' 'setgt'> <InPorts = 2> <OutPorts = 1>
ST_20 : Operation 330 [1/1] (0.00ns) (grouped into LUT with out node and_ln218_28)   --->   "%and_ln218_25 = and i1 %icmp_ln218_39, i1 %xor_ln218_12" [./calorimeter.h:218->calorimeter.cpp:392]   --->   Operation 330 'and' 'and_ln218_25' <Predicate = (!icmp_ln375)> <Delay = 0.00> <CoreInst = "LogicGate">   --->   Core 74 'LogicGate' <Latency = 0> <II = 1> <Delay = 0.12> <FuncUnit> <Opcode : 'and' 'or' 'xor'> <InPorts = 2> <OutPorts = 1>
ST_20 : Operation 331 [1/1] (0.00ns) (grouped into LUT with out node and_ln218_28)   --->   "%and_ln218_26 = and i1 %and_ln218_25, i1 %and_ln218_24" [./calorimeter.h:218->calorimeter.cpp:392]   --->   Operation 331 'and' 'and_ln218_26' <Predicate = (!icmp_ln375)> <Delay = 0.00> <CoreInst = "LogicGate">   --->   Core 74 'LogicGate' <Latency = 0> <II = 1> <Delay = 0.12> <FuncUnit> <Opcode : 'and' 'or' 'xor'> <InPorts = 2> <OutPorts = 1>
ST_20 : Operation 332 [1/1] (0.00ns) (grouped into LUT with out node and_ln218_28)   --->   "%and_ln218_27 = and i1 %and_ln218_26, i1 %and_ln218_22" [./calorimeter.h:218->calorimeter.cpp:392]   --->   Operation 332 'and' 'and_ln218_27' <Predicate = (!icmp_ln375)> <Delay = 0.00> <CoreInst = "LogicGate">   --->   Core 74 'LogicGate' <Latency = 0> <II = 1> <Delay = 0.12> <FuncUnit> <Opcode : 'and' 'or' 'xor'> <InPorts = 2> <OutPorts = 1>
ST_20 : Operation 333 [1/1] (0.12ns) (out node of the LUT)   --->   "%and_ln218_28 = and i1 %and_ln218_27, i1 %and_ln218_19" [./calorimeter.h:218->calorimeter.cpp:392]   --->   Operation 333 'and' 'and_ln218_28' <Predicate = (!icmp_ln375)> <Delay = 0.12> <CoreInst = "LogicGate">   --->   Core 74 'LogicGate' <Latency = 0> <II = 1> <Delay = 0.12> <FuncUnit> <Opcode : 'and' 'or' 'xor'> <InPorts = 2> <OutPorts = 1>
ST_20 : Operation 334 [1/1] (0.12ns) (out node of the LUT)   --->   "%and_ln218_29 = and i1 %and_ln218_28, i1 %and_ln218_14" [./calorimeter.h:218->calorimeter.cpp:392]   --->   Operation 334 'and' 'and_ln218_29' <Predicate = (!icmp_ln375)> <Delay = 0.12> <CoreInst = "LogicGate">   --->   Core 74 'LogicGate' <Latency = 0> <II = 1> <Delay = 0.12> <FuncUnit> <Opcode : 'and' 'or' 'xor'> <InPorts = 2> <OutPorts = 1>
ST_20 : Operation 335 [1/1] (0.00ns)   --->   "%zext_ln187 = zext i12 %neighbor_16" [./calorimeter.h:187->calorimeter.cpp:394]   --->   Operation 335 'zext' 'zext_ln187' <Predicate = (!icmp_ln375)> <Delay = 0.00>
ST_20 : Operation 336 [1/1] (0.00ns)   --->   "%zext_ln394 = zext i12 %neighbor_17" [calorimeter.cpp:394]   --->   Operation 336 'zext' 'zext_ln394' <Predicate = (!icmp_ln375)> <Delay = 0.00>
ST_20 : Operation 337 [1/1] (0.74ns)   --->   "%core3_et = add i13 %zext_ln187, i13 %zext_ln394_4" [./calorimeter.h:187->calorimeter.cpp:394]   --->   Operation 337 'add' 'core3_et' <Predicate = (!icmp_ln375)> <Delay = 0.74> <CoreInst = "Adder">   --->   Core 1 'Adder' <Latency = 0> <II = 1> <Delay = 0.74> <FuncUnit> <Opcode : 'add' 'sub'> <InPorts = 2> <OutPorts = 1>
ST_20 : Operation 338 [1/1] (0.00ns)   --->   "%zext_ln395_12 = zext i12 %neighbor_15" [calorimeter.cpp:395]   --->   Operation 338 'zext' 'zext_ln395_12' <Predicate = (!icmp_ln375)> <Delay = 0.00>
ST_20 : Operation 339 [1/1] (0.00ns)   --->   "%zext_ln187_19 = zext i13 %add_ln187_16" [./calorimeter.h:187->calorimeter.cpp:395]   --->   Operation 339 'zext' 'zext_ln187_19' <Predicate = (!icmp_ln375)> <Delay = 0.00>
ST_20 : Operation 340 [1/1] (0.00ns) (grouped into TernaryAdder)   --->   "%add_ln187_17 = add i16 %zext_ln187_19, i16 %add_ln187_15" [./calorimeter.h:187->calorimeter.cpp:395]   --->   Operation 340 'add' 'add_ln187_17' <Predicate = (!icmp_ln375)> <Delay = 0.00> <CoreInst = "TAddSub">   --->   Core 10 'TAddSub' <Latency = 0> <II = 1> <Delay = 0.34> <IPBlock> <Opcode : '' 'add' 'sub'> <InPorts = 3> <OutPorts = 1> <Sync> <CReg>
ST_20 : Operation 341 [1/1] (0.00ns)   --->   "%zext_ln187_20 = zext i13 %add_ln187_18" [./calorimeter.h:187->calorimeter.cpp:395]   --->   Operation 341 'zext' 'zext_ln187_20' <Predicate = (!icmp_ln375)> <Delay = 0.00>
ST_20 : Operation 342 [1/1] (0.74ns)   --->   "%add_ln187_19 = add i13 %zext_ln187, i13 %zext_ln394" [./calorimeter.h:187->calorimeter.cpp:395]   --->   Operation 342 'add' 'add_ln187_19' <Predicate = (!icmp_ln375)> <Delay = 0.74> <CoreInst = "Adder">   --->   Core 1 'Adder' <Latency = 0> <II = 1> <Delay = 0.74> <FuncUnit> <Opcode : 'add' 'sub'> <InPorts = 2> <OutPorts = 1>
ST_20 : Operation 343 [1/1] (0.00ns)   --->   "%zext_ln187_21 = zext i13 %add_ln187_19" [./calorimeter.h:187->calorimeter.cpp:395]   --->   Operation 343 'zext' 'zext_ln187_21' <Predicate = (!icmp_ln375)> <Delay = 0.00>
ST_20 : Operation 344 [1/1] (0.75ns)   --->   "%add_ln187_20 = add i14 %zext_ln187_21, i14 %zext_ln395_12" [./calorimeter.h:187->calorimeter.cpp:395]   --->   Operation 344 'add' 'add_ln187_20' <Predicate = (!icmp_ln375)> <Delay = 0.75> <CoreInst = "Adder">   --->   Core 1 'Adder' <Latency = 0> <II = 1> <Delay = 0.75> <FuncUnit> <Opcode : 'add' 'sub'> <InPorts = 2> <OutPorts = 1>
ST_20 : Operation 345 [1/1] (0.00ns)   --->   "%zext_ln187_22 = zext i14 %add_ln187_20" [./calorimeter.h:187->calorimeter.cpp:395]   --->   Operation 345 'zext' 'zext_ln187_22' <Predicate = (!icmp_ln375)> <Delay = 0.00>
ST_20 : Operation 346 [1/1] (0.76ns)   --->   "%add_ln187_21 = add i15 %zext_ln187_22, i15 %zext_ln187_20" [./calorimeter.h:187->calorimeter.cpp:395]   --->   Operation 346 'add' 'add_ln187_21' <Predicate = (!icmp_ln375)> <Delay = 0.76> <CoreInst = "Adder">   --->   Core 1 'Adder' <Latency = 0> <II = 1> <Delay = 0.76> <FuncUnit> <Opcode : 'add' 'sub'> <InPorts = 2> <OutPorts = 1>
ST_20 : Operation 347 [1/1] (0.00ns)   --->   "%zext_ln187_23 = zext i15 %add_ln187_21" [./calorimeter.h:187->calorimeter.cpp:395]   --->   Operation 347 'zext' 'zext_ln187_23' <Predicate = (!icmp_ln375)> <Delay = 0.00>
ST_20 : Operation 348 [1/1] (0.67ns) (root node of TernaryAdder)   --->   "%sum7_et_9 = add i16 %zext_ln187_23, i16 %add_ln187_17" [./calorimeter.h:187->calorimeter.cpp:395]   --->   Operation 348 'add' 'sum7_et_9' <Predicate = (!icmp_ln375)> <Delay = 0.67> <CoreInst = "TAddSub">   --->   Core 10 'TAddSub' <Latency = 0> <II = 1> <Delay = 0.34> <IPBlock> <Opcode : '' 'add' 'sub'> <InPorts = 3> <OutPorts = 1> <Sync> <CReg>

State 21 <SV = 20> <Delay = 2.70>
ST_21 : Operation 349 [1/1] (0.73ns)   --->   "%add_ln216_18 = add i11 %sub_ln216_2, i11 %sext_ln216_1" [./calorimeter.h:216->calorimeter.cpp:392]   --->   Operation 349 'add' 'add_ln216_18' <Predicate = (!icmp_ln375)> <Delay = 0.73> <CoreInst = "Adder">   --->   Core 1 'Adder' <Latency = 0> <II = 1> <Delay = 0.73> <FuncUnit> <Opcode : 'add' 'sub'> <InPorts = 2> <OutPorts = 1>
ST_21 : Operation 350 [1/1] (0.00ns)   --->   "%zext_ln216_27 = zext i11 %add_ln216_18" [./calorimeter.h:216->calorimeter.cpp:392]   --->   Operation 350 'zext' 'zext_ln216_27' <Predicate = (!icmp_ln375)> <Delay = 0.00>
ST_21 : Operation 351 [1/1] (0.00ns)   --->   "%towers_addr_20 = getelementptr i12 %towers, i64 0, i64 %zext_ln216_27" [./calorimeter.h:216->calorimeter.cpp:392]   --->   Operation 351 'getelementptr' 'towers_addr_20' <Predicate = (!icmp_ln375)> <Delay = 0.00>
ST_21 : Operation 352 [1/2] (1.20ns)   --->   "%neighbor_18 = load i11 %towers_addr_19" [./calorimeter.h:216->calorimeter.cpp:392]   --->   Operation 352 'load' 'neighbor_18' <Predicate = (!icmp_ln375)> <Delay = 1.20> <CoreInst = "RAM">   --->   Core 82 'RAM' <Latency = 1> <II = 1> <Delay = 1.20> <Storage> <Opcode : 'load' 'store'> <Ports = 2> <Width = 12> <Depth = 1800> <RAM>
ST_21 : Operation 353 [2/2] (1.20ns)   --->   "%neighbor_19 = load i11 %towers_addr_20" [./calorimeter.h:216->calorimeter.cpp:392]   --->   Operation 353 'load' 'neighbor_19' <Predicate = (!icmp_ln375)> <Delay = 1.20> <CoreInst = "RAM">   --->   Core 82 'RAM' <Latency = 1> <II = 1> <Delay = 1.20> <Storage> <Opcode : 'load' 'store'> <Ports = 2> <Width = 12> <Depth = 1800> <RAM>
ST_21 : Operation 354 [1/1] (0.00ns)   --->   "%zext_ln183 = zext i12 %neighbor_18" [./calorimeter.h:183->calorimeter.cpp:394]   --->   Operation 354 'zext' 'zext_ln183' <Predicate = (!icmp_ln375)> <Delay = 0.00>
ST_21 : Operation 355 [1/1] (0.00ns)   --->   "%zext_ln187_2 = zext i13 %core3_et" [./calorimeter.h:187->calorimeter.cpp:394]   --->   Operation 355 'zext' 'zext_ln187_2' <Predicate = (!icmp_ln375)> <Delay = 0.00>
ST_21 : Operation 356 [1/1] (0.74ns)   --->   "%add_ln187_1 = add i13 %zext_ln394, i13 %zext_ln183" [./calorimeter.h:187->calorimeter.cpp:394]   --->   Operation 356 'add' 'add_ln187_1' <Predicate = (!icmp_ln375)> <Delay = 0.74> <CoreInst = "Adder">   --->   Core 1 'Adder' <Latency = 0> <II = 1> <Delay = 0.74> <FuncUnit> <Opcode : 'add' 'sub'> <InPorts = 2> <OutPorts = 1>
ST_21 : Operation 357 [1/1] (0.00ns)   --->   "%zext_ln187_3 = zext i13 %add_ln187_1" [./calorimeter.h:187->calorimeter.cpp:394]   --->   Operation 357 'zext' 'zext_ln187_3' <Predicate = (!icmp_ln375)> <Delay = 0.00>
ST_21 : Operation 358 [1/1] (0.75ns)   --->   "%core3_et_1 = add i14 %zext_ln187_3, i14 %zext_ln187_2" [./calorimeter.h:187->calorimeter.cpp:394]   --->   Operation 358 'add' 'core3_et_1' <Predicate = (!icmp_ln375)> <Delay = 0.75> <CoreInst = "Adder">   --->   Core 1 'Adder' <Latency = 0> <II = 1> <Delay = 0.75> <FuncUnit> <Opcode : 'add' 'sub'> <InPorts = 2> <OutPorts = 1>

State 22 <SV = 21> <Delay = 1.93>
ST_22 : Operation 359 [1/1] (0.73ns)   --->   "%add_ln216_25 = add i11 %sub_ln216_2, i11 %sext_ln216_2" [./calorimeter.h:216->calorimeter.cpp:392]   --->   Operation 359 'add' 'add_ln216_25' <Predicate = (!icmp_ln375)> <Delay = 0.73> <CoreInst = "Adder">   --->   Core 1 'Adder' <Latency = 0> <II = 1> <Delay = 0.73> <FuncUnit> <Opcode : 'add' 'sub'> <InPorts = 2> <OutPorts = 1>
ST_22 : Operation 360 [1/1] (0.00ns)   --->   "%zext_ln216_34 = zext i11 %add_ln216_25" [./calorimeter.h:216->calorimeter.cpp:392]   --->   Operation 360 'zext' 'zext_ln216_34' <Predicate = (!icmp_ln375)> <Delay = 0.00>
ST_22 : Operation 361 [1/1] (0.00ns)   --->   "%towers_addr_21 = getelementptr i12 %towers, i64 0, i64 %zext_ln216_34" [./calorimeter.h:216->calorimeter.cpp:392]   --->   Operation 361 'getelementptr' 'towers_addr_21' <Predicate = (!icmp_ln375)> <Delay = 0.00>
ST_22 : Operation 362 [1/2] (1.20ns)   --->   "%neighbor_19 = load i11 %towers_addr_20" [./calorimeter.h:216->calorimeter.cpp:392]   --->   Operation 362 'load' 'neighbor_19' <Predicate = (!icmp_ln375)> <Delay = 1.20> <CoreInst = "RAM">   --->   Core 82 'RAM' <Latency = 1> <II = 1> <Delay = 1.20> <Storage> <Opcode : 'load' 'store'> <Ports = 2> <Width = 12> <Depth = 1800> <RAM>
ST_22 : Operation 363 [2/2] (1.20ns)   --->   "%neighbor_20 = load i11 %towers_addr_21" [./calorimeter.h:216->calorimeter.cpp:392]   --->   Operation 363 'load' 'neighbor_20' <Predicate = (!icmp_ln375)> <Delay = 1.20> <CoreInst = "RAM">   --->   Core 82 'RAM' <Latency = 1> <II = 1> <Delay = 1.20> <Storage> <Opcode : 'load' 'store'> <Ports = 2> <Width = 12> <Depth = 1800> <RAM>

State 23 <SV = 22> <Delay = 2.62>
ST_23 : Operation 364 [1/1] (0.73ns)   --->   "%add_ln216_32 = add i11 %sub_ln389, i11 %zext_ln216_12" [./calorimeter.h:216->calorimeter.cpp:392]   --->   Operation 364 'add' 'add_ln216_32' <Predicate = (!icmp_ln375)> <Delay = 0.73> <CoreInst = "Adder">   --->   Core 1 'Adder' <Latency = 0> <II = 1> <Delay = 0.73> <FuncUnit> <Opcode : 'add' 'sub'> <InPorts = 2> <OutPorts = 1>
ST_23 : Operation 365 [1/1] (0.00ns)   --->   "%zext_ln216_41 = zext i11 %add_ln216_32" [./calorimeter.h:216->calorimeter.cpp:392]   --->   Operation 365 'zext' 'zext_ln216_41' <Predicate = (!icmp_ln375)> <Delay = 0.00>
ST_23 : Operation 366 [1/1] (0.00ns)   --->   "%towers_addr_22 = getelementptr i12 %towers, i64 0, i64 %zext_ln216_41" [./calorimeter.h:216->calorimeter.cpp:392]   --->   Operation 366 'getelementptr' 'towers_addr_22' <Predicate = (!icmp_ln375)> <Delay = 0.00>
ST_23 : Operation 367 [1/2] (1.20ns)   --->   "%neighbor_20 = load i11 %towers_addr_21" [./calorimeter.h:216->calorimeter.cpp:392]   --->   Operation 367 'load' 'neighbor_20' <Predicate = (!icmp_ln375)> <Delay = 1.20> <CoreInst = "RAM">   --->   Core 82 'RAM' <Latency = 1> <II = 1> <Delay = 1.20> <Storage> <Opcode : 'load' 'store'> <Ports = 2> <Width = 12> <Depth = 1800> <RAM>
ST_23 : Operation 368 [2/2] (1.20ns)   --->   "%neighbor_21 = load i11 %towers_addr_22" [./calorimeter.h:216->calorimeter.cpp:392]   --->   Operation 368 'load' 'neighbor_21' <Predicate = (!icmp_ln375)> <Delay = 1.20> <CoreInst = "RAM">   --->   Core 82 'RAM' <Latency = 1> <II = 1> <Delay = 1.20> <Storage> <Opcode : 'load' 'store'> <Ports = 2> <Width = 12> <Depth = 1800> <RAM>
ST_23 : Operation 369 [1/1] (0.74ns)   --->   "%icmp_ln218_40 = icmp_ult  i12 %neighbor_18, i12 %seed_et" [./calorimeter.h:218->calorimeter.cpp:392]   --->   Operation 369 'icmp' 'icmp_ln218_40' <Predicate = (!icmp_ln375)> <Delay = 0.74> <CoreInst = "Cmp">   --->   Core 9 'Cmp' <Latency = 0> <II = 1> <Delay = 0.74> <FuncUnit> <Opcode : 'seteq' 'setne' 'setle' 'setge' 'setlt' 'setgt'> <InPorts = 2> <OutPorts = 1>
ST_23 : Operation 370 [1/1] (0.74ns)   --->   "%icmp_ln218_41 = icmp_ult  i12 %neighbor_19, i12 %seed_et" [./calorimeter.h:218->calorimeter.cpp:392]   --->   Operation 370 'icmp' 'icmp_ln218_41' <Predicate = (!icmp_ln375)> <Delay = 0.74> <CoreInst = "Cmp">   --->   Core 9 'Cmp' <Latency = 0> <II = 1> <Delay = 0.74> <FuncUnit> <Opcode : 'seteq' 'setne' 'setle' 'setge' 'setlt' 'setgt'> <InPorts = 2> <OutPorts = 1>
ST_23 : Operation 371 [1/1] (0.74ns)   --->   "%icmp_ln218_42 = icmp_ult  i12 %neighbor_20, i12 %seed_et" [./calorimeter.h:218->calorimeter.cpp:392]   --->   Operation 371 'icmp' 'icmp_ln218_42' <Predicate = (!icmp_ln375)> <Delay = 0.74> <CoreInst = "Cmp">   --->   Core 9 'Cmp' <Latency = 0> <II = 1> <Delay = 0.74> <FuncUnit> <Opcode : 'seteq' 'setne' 'setle' 'setge' 'setlt' 'setgt'> <InPorts = 2> <OutPorts = 1>
ST_23 : Operation 372 [1/1] (0.00ns)   --->   "%zext_ln394_1 = zext i12 %neighbor_18" [calorimeter.cpp:394]   --->   Operation 372 'zext' 'zext_ln394_1' <Predicate = (!icmp_ln375)> <Delay = 0.00>
ST_23 : Operation 373 [1/1] (0.00ns)   --->   "%zext_ln395_13 = zext i12 %neighbor_19" [calorimeter.cpp:395]   --->   Operation 373 'zext' 'zext_ln395_13' <Predicate = (!icmp_ln375)> <Delay = 0.00>
ST_23 : Operation 374 [1/1] (0.00ns)   --->   "%zext_ln183_1 = zext i12 %neighbor_20" [./calorimeter.h:183->calorimeter.cpp:395]   --->   Operation 374 'zext' 'zext_ln183_1' <Predicate = (!icmp_ln375)> <Delay = 0.00>
ST_23 : Operation 375 [1/1] (0.00ns)   --->   "%zext_ln187_12 = zext i16 %sum7_et_9" [./calorimeter.h:187->calorimeter.cpp:395]   --->   Operation 375 'zext' 'zext_ln187_12' <Predicate = (!icmp_ln375)> <Delay = 0.00>
ST_23 : Operation 376 [1/1] (0.00ns) (grouped into TernaryAdder)   --->   "%add_ln187_23 = add i17 %zext_ln187_12, i17 %zext_ln394_1" [./calorimeter.h:187->calorimeter.cpp:395]   --->   Operation 376 'add' 'add_ln187_23' <Predicate = (!icmp_ln375)> <Delay = 0.00> <CoreInst = "TAddSub">   --->   Core 10 'TAddSub' <Latency = 0> <II = 1> <Delay = 0.34> <IPBlock> <Opcode : '' 'add' 'sub'> <InPorts = 3> <OutPorts = 1> <Sync> <CReg>
ST_23 : Operation 377 [1/1] (0.74ns)   --->   "%add_ln187_24 = add i13 %zext_ln395_13, i13 %zext_ln183_1" [./calorimeter.h:187->calorimeter.cpp:395]   --->   Operation 377 'add' 'add_ln187_24' <Predicate = (!icmp_ln375)> <Delay = 0.74> <CoreInst = "Adder">   --->   Core 1 'Adder' <Latency = 0> <II = 1> <Delay = 0.74> <FuncUnit> <Opcode : 'add' 'sub'> <InPorts = 2> <OutPorts = 1>
ST_23 : Operation 378 [1/1] (0.00ns)   --->   "%zext_ln187_24 = zext i13 %add_ln187_24" [./calorimeter.h:187->calorimeter.cpp:395]   --->   Operation 378 'zext' 'zext_ln187_24' <Predicate = (!icmp_ln375)> <Delay = 0.00>
ST_23 : Operation 379 [1/1] (0.67ns) (root node of TernaryAdder)   --->   "%add_ln187_25 = add i17 %zext_ln187_24, i17 %add_ln187_23" [./calorimeter.h:187->calorimeter.cpp:395]   --->   Operation 379 'add' 'add_ln187_25' <Predicate = (!icmp_ln375)> <Delay = 0.67> <CoreInst = "TAddSub">   --->   Core 10 'TAddSub' <Latency = 0> <II = 1> <Delay = 0.34> <IPBlock> <Opcode : '' 'add' 'sub'> <InPorts = 3> <OutPorts = 1> <Sync> <CReg>

State 24 <SV = 23> <Delay = 2.07>
ST_24 : Operation 380 [1/1] (0.73ns)   --->   "%add_ln216_38 = add i11 %sub_ln389, i11 %zext_ln216_14" [./calorimeter.h:216->calorimeter.cpp:392]   --->   Operation 380 'add' 'add_ln216_38' <Predicate = (!icmp_ln375)> <Delay = 0.73> <CoreInst = "Adder">   --->   Core 1 'Adder' <Latency = 0> <II = 1> <Delay = 0.73> <FuncUnit> <Opcode : 'add' 'sub'> <InPorts = 2> <OutPorts = 1>
ST_24 : Operation 381 [1/1] (0.00ns)   --->   "%zext_ln216_47 = zext i11 %add_ln216_38" [./calorimeter.h:216->calorimeter.cpp:392]   --->   Operation 381 'zext' 'zext_ln216_47' <Predicate = (!icmp_ln375)> <Delay = 0.00>
ST_24 : Operation 382 [1/1] (0.00ns)   --->   "%towers_addr_23 = getelementptr i12 %towers, i64 0, i64 %zext_ln216_47" [./calorimeter.h:216->calorimeter.cpp:392]   --->   Operation 382 'getelementptr' 'towers_addr_23' <Predicate = (!icmp_ln375)> <Delay = 0.00>
ST_24 : Operation 383 [1/2] (1.20ns)   --->   "%neighbor_21 = load i11 %towers_addr_22" [./calorimeter.h:216->calorimeter.cpp:392]   --->   Operation 383 'load' 'neighbor_21' <Predicate = (!icmp_ln375)> <Delay = 1.20> <CoreInst = "RAM">   --->   Core 82 'RAM' <Latency = 1> <II = 1> <Delay = 1.20> <Storage> <Opcode : 'load' 'store'> <Ports = 2> <Width = 12> <Depth = 1800> <RAM>
ST_24 : Operation 384 [2/2] (1.20ns)   --->   "%neighbor_22 = load i11 %towers_addr_23" [./calorimeter.h:216->calorimeter.cpp:392]   --->   Operation 384 'load' 'neighbor_22' <Predicate = (!icmp_ln375)> <Delay = 1.20> <CoreInst = "RAM">   --->   Core 82 'RAM' <Latency = 1> <II = 1> <Delay = 1.20> <Storage> <Opcode : 'load' 'store'> <Ports = 2> <Width = 12> <Depth = 1800> <RAM>
ST_24 : Operation 385 [1/1] (0.00ns) (grouped into LUT with out node and_ln218_32)   --->   "%and_ln218_30 = and i1 %icmp_ln218_41, i1 %icmp_ln218_40" [./calorimeter.h:218->calorimeter.cpp:392]   --->   Operation 385 'and' 'and_ln218_30' <Predicate = (!icmp_ln375)> <Delay = 0.00> <CoreInst = "LogicGate">   --->   Core 74 'LogicGate' <Latency = 0> <II = 1> <Delay = 0.12> <FuncUnit> <Opcode : 'and' 'or' 'xor'> <InPorts = 2> <OutPorts = 1>
ST_24 : Operation 386 [1/1] (0.74ns)   --->   "%icmp_ln218_43 = icmp_ult  i12 %neighbor_21, i12 %seed_et" [./calorimeter.h:218->calorimeter.cpp:392]   --->   Operation 386 'icmp' 'icmp_ln218_43' <Predicate = (!icmp_ln375)> <Delay = 0.74> <CoreInst = "Cmp">   --->   Core 9 'Cmp' <Latency = 0> <II = 1> <Delay = 0.74> <FuncUnit> <Opcode : 'seteq' 'setne' 'setle' 'setge' 'setlt' 'setgt'> <InPorts = 2> <OutPorts = 1>
ST_24 : Operation 387 [1/1] (0.00ns) (grouped into LUT with out node and_ln218_32)   --->   "%and_ln218_31 = and i1 %icmp_ln218_43, i1 %icmp_ln218_42" [./calorimeter.h:218->calorimeter.cpp:392]   --->   Operation 387 'and' 'and_ln218_31' <Predicate = (!icmp_ln375)> <Delay = 0.00> <CoreInst = "LogicGate">   --->   Core 74 'LogicGate' <Latency = 0> <II = 1> <Delay = 0.12> <FuncUnit> <Opcode : 'and' 'or' 'xor'> <InPorts = 2> <OutPorts = 1>
ST_24 : Operation 388 [1/1] (0.12ns) (out node of the LUT)   --->   "%and_ln218_32 = and i1 %and_ln218_31, i1 %and_ln218_30" [./calorimeter.h:218->calorimeter.cpp:392]   --->   Operation 388 'and' 'and_ln218_32' <Predicate = (!icmp_ln375)> <Delay = 0.12> <CoreInst = "LogicGate">   --->   Core 74 'LogicGate' <Latency = 0> <II = 1> <Delay = 0.12> <FuncUnit> <Opcode : 'and' 'or' 'xor'> <InPorts = 2> <OutPorts = 1>

State 25 <SV = 24> <Delay = 1.94>
ST_25 : Operation 389 [1/1] (0.73ns)   --->   "%add_ln216_44 = add i11 %sub_ln389, i11 %zext_ln216_16" [./calorimeter.h:216->calorimeter.cpp:392]   --->   Operation 389 'add' 'add_ln216_44' <Predicate = (!icmp_ln375)> <Delay = 0.73> <CoreInst = "Adder">   --->   Core 1 'Adder' <Latency = 0> <II = 1> <Delay = 0.73> <FuncUnit> <Opcode : 'add' 'sub'> <InPorts = 2> <OutPorts = 1>
ST_25 : Operation 390 [1/1] (0.00ns)   --->   "%zext_ln216_53 = zext i11 %add_ln216_44" [./calorimeter.h:216->calorimeter.cpp:392]   --->   Operation 390 'zext' 'zext_ln216_53' <Predicate = (!icmp_ln375)> <Delay = 0.00>
ST_25 : Operation 391 [1/1] (0.00ns)   --->   "%towers_addr_24 = getelementptr i12 %towers, i64 0, i64 %zext_ln216_53" [./calorimeter.h:216->calorimeter.cpp:392]   --->   Operation 391 'getelementptr' 'towers_addr_24' <Predicate = (!icmp_ln375)> <Delay = 0.00>
ST_25 : Operation 392 [1/2] (1.20ns)   --->   "%neighbor_22 = load i11 %towers_addr_23" [./calorimeter.h:216->calorimeter.cpp:392]   --->   Operation 392 'load' 'neighbor_22' <Predicate = (!icmp_ln375)> <Delay = 1.20> <CoreInst = "RAM">   --->   Core 82 'RAM' <Latency = 1> <II = 1> <Delay = 1.20> <Storage> <Opcode : 'load' 'store'> <Ports = 2> <Width = 12> <Depth = 1800> <RAM>
ST_25 : Operation 393 [2/2] (1.20ns)   --->   "%neighbor_23 = load i11 %towers_addr_24" [./calorimeter.h:216->calorimeter.cpp:392]   --->   Operation 393 'load' 'neighbor_23' <Predicate = (!icmp_ln375)> <Delay = 1.20> <CoreInst = "RAM">   --->   Core 82 'RAM' <Latency = 1> <II = 1> <Delay = 1.20> <Storage> <Opcode : 'load' 'store'> <Ports = 2> <Width = 12> <Depth = 1800> <RAM>
ST_25 : Operation 394 [1/1] (0.74ns)   --->   "%icmp_ln218_44 = icmp_ult  i12 %neighbor_22, i12 %seed_et" [./calorimeter.h:218->calorimeter.cpp:392]   --->   Operation 394 'icmp' 'icmp_ln218_44' <Predicate = (!icmp_ln375)> <Delay = 0.74> <CoreInst = "Cmp">   --->   Core 9 'Cmp' <Latency = 0> <II = 1> <Delay = 0.74> <FuncUnit> <Opcode : 'seteq' 'setne' 'setle' 'setge' 'setlt' 'setgt'> <InPorts = 2> <OutPorts = 1>
ST_25 : Operation 395 [1/1] (0.00ns)   --->   "%zext_ln395_14 = zext i12 %neighbor_21" [calorimeter.cpp:395]   --->   Operation 395 'zext' 'zext_ln395_14' <Predicate = (!icmp_ln375)> <Delay = 0.00>
ST_25 : Operation 396 [1/1] (0.00ns)   --->   "%zext_ln395_15 = zext i12 %neighbor_22" [calorimeter.cpp:395]   --->   Operation 396 'zext' 'zext_ln395_15' <Predicate = (!icmp_ln375)> <Delay = 0.00>
ST_25 : Operation 397 [1/1] (0.74ns)   --->   "%add_ln187_26 = add i13 %zext_ln395_14, i13 %zext_ln395_15" [./calorimeter.h:187->calorimeter.cpp:395]   --->   Operation 397 'add' 'add_ln187_26' <Predicate = (!icmp_ln375)> <Delay = 0.74> <CoreInst = "Adder">   --->   Core 1 'Adder' <Latency = 0> <II = 1> <Delay = 0.74> <FuncUnit> <Opcode : 'add' 'sub'> <InPorts = 2> <OutPorts = 1>

State 26 <SV = 25> <Delay = 1.93>
ST_26 : Operation 398 [1/1] (0.73ns)   --->   "%add_ln216_12 = add i11 %sub_ln389, i11 %sext_ln216" [./calorimeter.h:216->calorimeter.cpp:392]   --->   Operation 398 'add' 'add_ln216_12' <Predicate = (!icmp_ln375)> <Delay = 0.73> <CoreInst = "Adder">   --->   Core 1 'Adder' <Latency = 0> <II = 1> <Delay = 0.73> <FuncUnit> <Opcode : 'add' 'sub'> <InPorts = 2> <OutPorts = 1>
ST_26 : Operation 399 [1/1] (0.00ns)   --->   "%zext_ln216_21 = zext i11 %add_ln216_12" [./calorimeter.h:216->calorimeter.cpp:392]   --->   Operation 399 'zext' 'zext_ln216_21' <Predicate = (!icmp_ln375)> <Delay = 0.00>
ST_26 : Operation 400 [1/1] (0.00ns)   --->   "%towers_addr_25 = getelementptr i12 %towers, i64 0, i64 %zext_ln216_21" [./calorimeter.h:216->calorimeter.cpp:392]   --->   Operation 400 'getelementptr' 'towers_addr_25' <Predicate = (!icmp_ln375)> <Delay = 0.00>
ST_26 : Operation 401 [1/2] (1.20ns)   --->   "%neighbor_23 = load i11 %towers_addr_24" [./calorimeter.h:216->calorimeter.cpp:392]   --->   Operation 401 'load' 'neighbor_23' <Predicate = (!icmp_ln375)> <Delay = 1.20> <CoreInst = "RAM">   --->   Core 82 'RAM' <Latency = 1> <II = 1> <Delay = 1.20> <Storage> <Opcode : 'load' 'store'> <Ports = 2> <Width = 12> <Depth = 1800> <RAM>
ST_26 : Operation 402 [2/2] (1.20ns)   --->   "%neighbor_24 = load i11 %towers_addr_25" [./calorimeter.h:216->calorimeter.cpp:392]   --->   Operation 402 'load' 'neighbor_24' <Predicate = (!icmp_ln375)> <Delay = 1.20> <CoreInst = "RAM">   --->   Core 82 'RAM' <Latency = 1> <II = 1> <Delay = 1.20> <Storage> <Opcode : 'load' 'store'> <Ports = 2> <Width = 12> <Depth = 1800> <RAM>

State 27 <SV = 26> <Delay = 1.93>
ST_27 : Operation 403 [1/1] (0.73ns)   --->   "%add_ln216_19 = add i11 %sub_ln389, i11 %sext_ln216_1" [./calorimeter.h:216->calorimeter.cpp:392]   --->   Operation 403 'add' 'add_ln216_19' <Predicate = (!icmp_ln375)> <Delay = 0.73> <CoreInst = "Adder">   --->   Core 1 'Adder' <Latency = 0> <II = 1> <Delay = 0.73> <FuncUnit> <Opcode : 'add' 'sub'> <InPorts = 2> <OutPorts = 1>
ST_27 : Operation 404 [1/1] (0.00ns)   --->   "%zext_ln216_28 = zext i11 %add_ln216_19" [./calorimeter.h:216->calorimeter.cpp:392]   --->   Operation 404 'zext' 'zext_ln216_28' <Predicate = (!icmp_ln375)> <Delay = 0.00>
ST_27 : Operation 405 [1/1] (0.00ns)   --->   "%towers_addr_26 = getelementptr i12 %towers, i64 0, i64 %zext_ln216_28" [./calorimeter.h:216->calorimeter.cpp:392]   --->   Operation 405 'getelementptr' 'towers_addr_26' <Predicate = (!icmp_ln375)> <Delay = 0.00>
ST_27 : Operation 406 [1/2] (1.20ns)   --->   "%neighbor_24 = load i11 %towers_addr_25" [./calorimeter.h:216->calorimeter.cpp:392]   --->   Operation 406 'load' 'neighbor_24' <Predicate = (!icmp_ln375)> <Delay = 1.20> <CoreInst = "RAM">   --->   Core 82 'RAM' <Latency = 1> <II = 1> <Delay = 1.20> <Storage> <Opcode : 'load' 'store'> <Ports = 2> <Width = 12> <Depth = 1800> <RAM>
ST_27 : Operation 407 [2/2] (1.20ns)   --->   "%neighbor_25 = load i11 %towers_addr_26" [./calorimeter.h:216->calorimeter.cpp:392]   --->   Operation 407 'load' 'neighbor_25' <Predicate = (!icmp_ln375)> <Delay = 1.20> <CoreInst = "RAM">   --->   Core 82 'RAM' <Latency = 1> <II = 1> <Delay = 1.20> <Storage> <Opcode : 'load' 'store'> <Ports = 2> <Width = 12> <Depth = 1800> <RAM>

State 28 <SV = 27> <Delay = 1.93>
ST_28 : Operation 408 [1/1] (0.73ns)   --->   "%add_ln216_26 = add i11 %sub_ln389, i11 %sext_ln216_2" [./calorimeter.h:216->calorimeter.cpp:392]   --->   Operation 408 'add' 'add_ln216_26' <Predicate = (!icmp_ln375)> <Delay = 0.73> <CoreInst = "Adder">   --->   Core 1 'Adder' <Latency = 0> <II = 1> <Delay = 0.73> <FuncUnit> <Opcode : 'add' 'sub'> <InPorts = 2> <OutPorts = 1>
ST_28 : Operation 409 [1/1] (0.00ns)   --->   "%zext_ln216_35 = zext i11 %add_ln216_26" [./calorimeter.h:216->calorimeter.cpp:392]   --->   Operation 409 'zext' 'zext_ln216_35' <Predicate = (!icmp_ln375)> <Delay = 0.00>
ST_28 : Operation 410 [1/1] (0.00ns)   --->   "%towers_addr_27 = getelementptr i12 %towers, i64 0, i64 %zext_ln216_35" [./calorimeter.h:216->calorimeter.cpp:392]   --->   Operation 410 'getelementptr' 'towers_addr_27' <Predicate = (!icmp_ln375)> <Delay = 0.00>
ST_28 : Operation 411 [1/2] (1.20ns)   --->   "%neighbor_25 = load i11 %towers_addr_26" [./calorimeter.h:216->calorimeter.cpp:392]   --->   Operation 411 'load' 'neighbor_25' <Predicate = (!icmp_ln375)> <Delay = 1.20> <CoreInst = "RAM">   --->   Core 82 'RAM' <Latency = 1> <II = 1> <Delay = 1.20> <Storage> <Opcode : 'load' 'store'> <Ports = 2> <Width = 12> <Depth = 1800> <RAM>
ST_28 : Operation 412 [2/2] (1.20ns)   --->   "%neighbor_26 = load i11 %towers_addr_27" [./calorimeter.h:216->calorimeter.cpp:392]   --->   Operation 412 'load' 'neighbor_26' <Predicate = (!icmp_ln375)> <Delay = 1.20> <CoreInst = "RAM">   --->   Core 82 'RAM' <Latency = 1> <II = 1> <Delay = 1.20> <Storage> <Opcode : 'load' 'store'> <Ports = 2> <Width = 12> <Depth = 1800> <RAM>

State 29 <SV = 28> <Delay = 2.67>
ST_29 : Operation 413 [1/1] (0.00ns)   --->   "%p_shl5 = bitconcatenate i11 @_ssdm_op_BitConcatenate.i11.i5.i6, i5 %select_ln375_1, i6 0" [./calorimeter.h:216->calorimeter.cpp:392]   --->   Operation 413 'bitconcatenate' 'p_shl5' <Predicate = (!icmp_ln375)> <Delay = 0.00>
ST_29 : Operation 414 [1/1] (0.00ns)   --->   "%tmp_4 = bitconcatenate i7 @_ssdm_op_BitConcatenate.i7.i5.i2, i5 %select_ln375_1, i2 0" [./calorimeter.h:216->calorimeter.cpp:392]   --->   Operation 414 'bitconcatenate' 'tmp_4' <Predicate = (!icmp_ln375)> <Delay = 0.00>
ST_29 : Operation 415 [1/1] (0.00ns)   --->   "%zext_ln216_3 = zext i7 %tmp_4" [./calorimeter.h:216->calorimeter.cpp:392]   --->   Operation 415 'zext' 'zext_ln216_3' <Predicate = (!icmp_ln375)> <Delay = 0.00>
ST_29 : Operation 416 [1/1] (0.73ns)   --->   "%sub_ln216_3 = sub i11 %p_shl5, i11 %zext_ln216_3" [./calorimeter.h:216->calorimeter.cpp:392]   --->   Operation 416 'sub' 'sub_ln216_3' <Predicate = (!icmp_ln375)> <Delay = 0.73> <CoreInst = "Adder">   --->   Core 1 'Adder' <Latency = 0> <II = 1> <Delay = 0.73> <FuncUnit> <Opcode : 'add' 'sub'> <InPorts = 2> <OutPorts = 1>
ST_29 : Operation 417 [1/1] (0.73ns)   --->   "%add_ln216_33 = add i11 %sub_ln216_3, i11 %zext_ln216_12" [./calorimeter.h:216->calorimeter.cpp:392]   --->   Operation 417 'add' 'add_ln216_33' <Predicate = (!icmp_ln375)> <Delay = 0.73> <CoreInst = "Adder">   --->   Core 1 'Adder' <Latency = 0> <II = 1> <Delay = 0.73> <FuncUnit> <Opcode : 'add' 'sub'> <InPorts = 2> <OutPorts = 1>
ST_29 : Operation 418 [1/1] (0.00ns)   --->   "%zext_ln216_42 = zext i11 %add_ln216_33" [./calorimeter.h:216->calorimeter.cpp:392]   --->   Operation 418 'zext' 'zext_ln216_42' <Predicate = (!icmp_ln375)> <Delay = 0.00>
ST_29 : Operation 419 [1/1] (0.00ns)   --->   "%towers_addr_28 = getelementptr i12 %towers, i64 0, i64 %zext_ln216_42" [./calorimeter.h:216->calorimeter.cpp:392]   --->   Operation 419 'getelementptr' 'towers_addr_28' <Predicate = (!icmp_ln375)> <Delay = 0.00>
ST_29 : Operation 420 [1/1] (0.74ns)   --->   "%icmp_ln218_13 = icmp_ult  i12 %seed_et, i12 %neighbor_25" [./calorimeter.h:218->calorimeter.cpp:392]   --->   Operation 420 'icmp' 'icmp_ln218_13' <Predicate = (!icmp_ln375)> <Delay = 0.74> <CoreInst = "Cmp">   --->   Core 9 'Cmp' <Latency = 0> <II = 1> <Delay = 0.74> <FuncUnit> <Opcode : 'seteq' 'setne' 'setle' 'setge' 'setlt' 'setgt'> <InPorts = 2> <OutPorts = 1>
ST_29 : Operation 421 [1/2] (1.20ns)   --->   "%neighbor_26 = load i11 %towers_addr_27" [./calorimeter.h:216->calorimeter.cpp:392]   --->   Operation 421 'load' 'neighbor_26' <Predicate = (!icmp_ln375)> <Delay = 1.20> <CoreInst = "RAM">   --->   Core 82 'RAM' <Latency = 1> <II = 1> <Delay = 1.20> <Storage> <Opcode : 'load' 'store'> <Ports = 2> <Width = 12> <Depth = 1800> <RAM>
ST_29 : Operation 422 [1/1] (0.74ns)   --->   "%icmp_ln218_14 = icmp_ult  i12 %seed_et, i12 %neighbor_26" [./calorimeter.h:218->calorimeter.cpp:392]   --->   Operation 422 'icmp' 'icmp_ln218_14' <Predicate = (!icmp_ln375)> <Delay = 0.74> <CoreInst = "Cmp">   --->   Core 9 'Cmp' <Latency = 0> <II = 1> <Delay = 0.74> <FuncUnit> <Opcode : 'seteq' 'setne' 'setle' 'setge' 'setlt' 'setgt'> <InPorts = 2> <OutPorts = 1>
ST_29 : Operation 423 [2/2] (1.20ns)   --->   "%neighbor_27 = load i11 %towers_addr_28" [./calorimeter.h:216->calorimeter.cpp:392]   --->   Operation 423 'load' 'neighbor_27' <Predicate = (!icmp_ln375)> <Delay = 1.20> <CoreInst = "RAM">   --->   Core 82 'RAM' <Latency = 1> <II = 1> <Delay = 1.20> <Storage> <Opcode : 'load' 'store'> <Ports = 2> <Width = 12> <Depth = 1800> <RAM>
ST_29 : Operation 424 [1/1] (0.00ns)   --->   "%zext_ln395_16 = zext i12 %neighbor_25" [calorimeter.cpp:395]   --->   Operation 424 'zext' 'zext_ln395_16' <Predicate = (!icmp_ln375)> <Delay = 0.00>
ST_29 : Operation 425 [1/1] (0.00ns)   --->   "%zext_ln395_17 = zext i12 %neighbor_26" [calorimeter.cpp:395]   --->   Operation 425 'zext' 'zext_ln395_17' <Predicate = (!icmp_ln375)> <Delay = 0.00>
ST_29 : Operation 426 [1/1] (0.74ns)   --->   "%add_ln187_30 = add i13 %zext_ln395_16, i13 %zext_ln395_17" [./calorimeter.h:187->calorimeter.cpp:395]   --->   Operation 426 'add' 'add_ln187_30' <Predicate = (!icmp_ln375)> <Delay = 0.74> <CoreInst = "Adder">   --->   Core 1 'Adder' <Latency = 0> <II = 1> <Delay = 0.74> <FuncUnit> <Opcode : 'add' 'sub'> <InPorts = 2> <OutPorts = 1>

State 30 <SV = 29> <Delay = 1.93>
ST_30 : Operation 427 [1/1] (0.73ns)   --->   "%add_ln216_39 = add i11 %sub_ln216_3, i11 %zext_ln216_14" [./calorimeter.h:216->calorimeter.cpp:392]   --->   Operation 427 'add' 'add_ln216_39' <Predicate = (!icmp_ln375)> <Delay = 0.73> <CoreInst = "Adder">   --->   Core 1 'Adder' <Latency = 0> <II = 1> <Delay = 0.73> <FuncUnit> <Opcode : 'add' 'sub'> <InPorts = 2> <OutPorts = 1>
ST_30 : Operation 428 [1/1] (0.00ns)   --->   "%zext_ln216_48 = zext i11 %add_ln216_39" [./calorimeter.h:216->calorimeter.cpp:392]   --->   Operation 428 'zext' 'zext_ln216_48' <Predicate = (!icmp_ln375)> <Delay = 0.00>
ST_30 : Operation 429 [1/1] (0.00ns)   --->   "%towers_addr_29 = getelementptr i12 %towers, i64 0, i64 %zext_ln216_48" [./calorimeter.h:216->calorimeter.cpp:392]   --->   Operation 429 'getelementptr' 'towers_addr_29' <Predicate = (!icmp_ln375)> <Delay = 0.00>
ST_30 : Operation 430 [1/2] (1.20ns)   --->   "%neighbor_27 = load i11 %towers_addr_28" [./calorimeter.h:216->calorimeter.cpp:392]   --->   Operation 430 'load' 'neighbor_27' <Predicate = (!icmp_ln375)> <Delay = 1.20> <CoreInst = "RAM">   --->   Core 82 'RAM' <Latency = 1> <II = 1> <Delay = 1.20> <Storage> <Opcode : 'load' 'store'> <Ports = 2> <Width = 12> <Depth = 1800> <RAM>
ST_30 : Operation 431 [2/2] (1.20ns)   --->   "%neighbor_28 = load i11 %towers_addr_29" [./calorimeter.h:216->calorimeter.cpp:392]   --->   Operation 431 'load' 'neighbor_28' <Predicate = (!icmp_ln375)> <Delay = 1.20> <CoreInst = "RAM">   --->   Core 82 'RAM' <Latency = 1> <II = 1> <Delay = 1.20> <Storage> <Opcode : 'load' 'store'> <Ports = 2> <Width = 12> <Depth = 1800> <RAM>

State 31 <SV = 30> <Delay = 2.70>
ST_31 : Operation 432 [1/1] (0.73ns)   --->   "%add_ln216_45 = add i11 %sub_ln216_3, i11 %zext_ln216_16" [./calorimeter.h:216->calorimeter.cpp:392]   --->   Operation 432 'add' 'add_ln216_45' <Predicate = (!icmp_ln375)> <Delay = 0.73> <CoreInst = "Adder">   --->   Core 1 'Adder' <Latency = 0> <II = 1> <Delay = 0.73> <FuncUnit> <Opcode : 'add' 'sub'> <InPorts = 2> <OutPorts = 1>
ST_31 : Operation 433 [1/1] (0.00ns)   --->   "%zext_ln216_54 = zext i11 %add_ln216_45" [./calorimeter.h:216->calorimeter.cpp:392]   --->   Operation 433 'zext' 'zext_ln216_54' <Predicate = (!icmp_ln375)> <Delay = 0.00>
ST_31 : Operation 434 [1/1] (0.00ns)   --->   "%towers_addr_30 = getelementptr i12 %towers, i64 0, i64 %zext_ln216_54" [./calorimeter.h:216->calorimeter.cpp:392]   --->   Operation 434 'getelementptr' 'towers_addr_30' <Predicate = (!icmp_ln375)> <Delay = 0.00>
ST_31 : Operation 435 [1/1] (0.74ns)   --->   "%icmp_ln218_12 = icmp_ult  i12 %seed_et, i12 %neighbor_24" [./calorimeter.h:218->calorimeter.cpp:392]   --->   Operation 435 'icmp' 'icmp_ln218_12' <Predicate = (!icmp_ln375)> <Delay = 0.74> <CoreInst = "Cmp">   --->   Core 9 'Cmp' <Latency = 0> <II = 1> <Delay = 0.74> <FuncUnit> <Opcode : 'seteq' 'setne' 'setle' 'setge' 'setlt' 'setgt'> <InPorts = 2> <OutPorts = 1>
ST_31 : Operation 436 [1/1] (0.00ns) (grouped into LUT with out node and_ln218_37)   --->   "%xor_ln218_13 = xor i1 %icmp_ln218_12, i1 1" [./calorimeter.h:218->calorimeter.cpp:392]   --->   Operation 436 'xor' 'xor_ln218_13' <Predicate = (!icmp_ln375)> <Delay = 0.00> <CoreInst = "LogicGate">   --->   Core 74 'LogicGate' <Latency = 0> <II = 1> <Delay = 0.12> <FuncUnit> <Opcode : 'and' 'or' 'xor'> <InPorts = 2> <OutPorts = 1>
ST_31 : Operation 437 [1/1] (0.00ns) (grouped into LUT with out node and_ln218_37)   --->   "%xor_ln218_14 = xor i1 %icmp_ln218_13, i1 1" [./calorimeter.h:218->calorimeter.cpp:392]   --->   Operation 437 'xor' 'xor_ln218_14' <Predicate = (!icmp_ln375)> <Delay = 0.00> <CoreInst = "LogicGate">   --->   Core 74 'LogicGate' <Latency = 0> <II = 1> <Delay = 0.12> <FuncUnit> <Opcode : 'and' 'or' 'xor'> <InPorts = 2> <OutPorts = 1>
ST_31 : Operation 438 [1/1] (0.00ns) (grouped into LUT with out node and_ln218_37)   --->   "%xor_ln218_15 = xor i1 %icmp_ln218_14, i1 1" [./calorimeter.h:218->calorimeter.cpp:392]   --->   Operation 438 'xor' 'xor_ln218_15' <Predicate = (!icmp_ln375)> <Delay = 0.00> <CoreInst = "LogicGate">   --->   Core 74 'LogicGate' <Latency = 0> <II = 1> <Delay = 0.12> <FuncUnit> <Opcode : 'and' 'or' 'xor'> <InPorts = 2> <OutPorts = 1>
ST_31 : Operation 439 [1/1] (0.74ns)   --->   "%icmp_ln218_15 = icmp_ult  i12 %seed_et, i12 %neighbor_27" [./calorimeter.h:218->calorimeter.cpp:392]   --->   Operation 439 'icmp' 'icmp_ln218_15' <Predicate = (!icmp_ln375)> <Delay = 0.74> <CoreInst = "Cmp">   --->   Core 9 'Cmp' <Latency = 0> <II = 1> <Delay = 0.74> <FuncUnit> <Opcode : 'seteq' 'setne' 'setle' 'setge' 'setlt' 'setgt'> <InPorts = 2> <OutPorts = 1>
ST_31 : Operation 440 [1/1] (0.00ns) (grouped into LUT with out node and_ln218_37)   --->   "%xor_ln218_16 = xor i1 %icmp_ln218_15, i1 1" [./calorimeter.h:218->calorimeter.cpp:392]   --->   Operation 440 'xor' 'xor_ln218_16' <Predicate = (!icmp_ln375)> <Delay = 0.00> <CoreInst = "LogicGate">   --->   Core 74 'LogicGate' <Latency = 0> <II = 1> <Delay = 0.12> <FuncUnit> <Opcode : 'and' 'or' 'xor'> <InPorts = 2> <OutPorts = 1>
ST_31 : Operation 441 [1/2] (1.20ns)   --->   "%neighbor_28 = load i11 %towers_addr_29" [./calorimeter.h:216->calorimeter.cpp:392]   --->   Operation 441 'load' 'neighbor_28' <Predicate = (!icmp_ln375)> <Delay = 1.20> <CoreInst = "RAM">   --->   Core 82 'RAM' <Latency = 1> <II = 1> <Delay = 1.20> <Storage> <Opcode : 'load' 'store'> <Ports = 2> <Width = 12> <Depth = 1800> <RAM>
ST_31 : Operation 442 [1/1] (0.74ns)   --->   "%icmp_ln218_16 = icmp_ult  i12 %seed_et, i12 %neighbor_28" [./calorimeter.h:218->calorimeter.cpp:392]   --->   Operation 442 'icmp' 'icmp_ln218_16' <Predicate = (!icmp_ln375)> <Delay = 0.74> <CoreInst = "Cmp">   --->   Core 9 'Cmp' <Latency = 0> <II = 1> <Delay = 0.74> <FuncUnit> <Opcode : 'seteq' 'setne' 'setle' 'setge' 'setlt' 'setgt'> <InPorts = 2> <OutPorts = 1>
ST_31 : Operation 443 [1/1] (0.00ns) (grouped into LUT with out node and_ln218_37)   --->   "%xor_ln218_17 = xor i1 %icmp_ln218_16, i1 1" [./calorimeter.h:218->calorimeter.cpp:392]   --->   Operation 443 'xor' 'xor_ln218_17' <Predicate = (!icmp_ln375)> <Delay = 0.00> <CoreInst = "LogicGate">   --->   Core 74 'LogicGate' <Latency = 0> <II = 1> <Delay = 0.12> <FuncUnit> <Opcode : 'and' 'or' 'xor'> <InPorts = 2> <OutPorts = 1>
ST_31 : Operation 444 [2/2] (1.20ns)   --->   "%neighbor_29 = load i11 %towers_addr_30" [./calorimeter.h:216->calorimeter.cpp:392]   --->   Operation 444 'load' 'neighbor_29' <Predicate = (!icmp_ln375)> <Delay = 1.20> <CoreInst = "RAM">   --->   Core 82 'RAM' <Latency = 1> <II = 1> <Delay = 1.20> <Storage> <Opcode : 'load' 'store'> <Ports = 2> <Width = 12> <Depth = 1800> <RAM>
ST_31 : Operation 445 [1/1] (0.00ns) (grouped into LUT with out node and_ln218_37)   --->   "%and_ln218_34 = and i1 %xor_ln218_13, i1 %xor_ln218_14" [./calorimeter.h:218->calorimeter.cpp:392]   --->   Operation 445 'and' 'and_ln218_34' <Predicate = (!icmp_ln375)> <Delay = 0.00> <CoreInst = "LogicGate">   --->   Core 74 'LogicGate' <Latency = 0> <II = 1> <Delay = 0.12> <FuncUnit> <Opcode : 'and' 'or' 'xor'> <InPorts = 2> <OutPorts = 1>
ST_31 : Operation 446 [1/1] (0.00ns) (grouped into LUT with out node and_ln218_37)   --->   "%and_ln218_35 = and i1 %xor_ln218_16, i1 %xor_ln218_17" [./calorimeter.h:218->calorimeter.cpp:392]   --->   Operation 446 'and' 'and_ln218_35' <Predicate = (!icmp_ln375)> <Delay = 0.00> <CoreInst = "LogicGate">   --->   Core 74 'LogicGate' <Latency = 0> <II = 1> <Delay = 0.12> <FuncUnit> <Opcode : 'and' 'or' 'xor'> <InPorts = 2> <OutPorts = 1>
ST_31 : Operation 447 [1/1] (0.00ns) (grouped into LUT with out node and_ln218_37)   --->   "%and_ln218_36 = and i1 %and_ln218_35, i1 %xor_ln218_15" [./calorimeter.h:218->calorimeter.cpp:392]   --->   Operation 447 'and' 'and_ln218_36' <Predicate = (!icmp_ln375)> <Delay = 0.00> <CoreInst = "LogicGate">   --->   Core 74 'LogicGate' <Latency = 0> <II = 1> <Delay = 0.12> <FuncUnit> <Opcode : 'and' 'or' 'xor'> <InPorts = 2> <OutPorts = 1>
ST_31 : Operation 448 [1/1] (0.12ns) (out node of the LUT)   --->   "%and_ln218_37 = and i1 %and_ln218_36, i1 %and_ln218_34" [./calorimeter.h:218->calorimeter.cpp:392]   --->   Operation 448 'and' 'and_ln218_37' <Predicate = (!icmp_ln375)> <Delay = 0.12> <CoreInst = "LogicGate">   --->   Core 74 'LogicGate' <Latency = 0> <II = 1> <Delay = 0.12> <FuncUnit> <Opcode : 'and' 'or' 'xor'> <InPorts = 2> <OutPorts = 1>
ST_31 : Operation 449 [1/1] (0.00ns)   --->   "%zext_ln395_18 = zext i12 %neighbor_27" [calorimeter.cpp:395]   --->   Operation 449 'zext' 'zext_ln395_18' <Predicate = (!icmp_ln375)> <Delay = 0.00>
ST_31 : Operation 450 [1/1] (0.00ns)   --->   "%zext_ln395_19 = zext i12 %neighbor_28" [calorimeter.cpp:395]   --->   Operation 450 'zext' 'zext_ln395_19' <Predicate = (!icmp_ln375)> <Delay = 0.00>
ST_31 : Operation 451 [1/1] (0.00ns)   --->   "%zext_ln187_28 = zext i13 %add_ln187_30" [./calorimeter.h:187->calorimeter.cpp:395]   --->   Operation 451 'zext' 'zext_ln187_28' <Predicate = (!icmp_ln375)> <Delay = 0.00>
ST_31 : Operation 452 [1/1] (0.74ns)   --->   "%add_ln187_31 = add i13 %zext_ln395_18, i13 %zext_ln395_19" [./calorimeter.h:187->calorimeter.cpp:395]   --->   Operation 452 'add' 'add_ln187_31' <Predicate = (!icmp_ln375)> <Delay = 0.74> <CoreInst = "Adder">   --->   Core 1 'Adder' <Latency = 0> <II = 1> <Delay = 0.74> <FuncUnit> <Opcode : 'add' 'sub'> <InPorts = 2> <OutPorts = 1>
ST_31 : Operation 453 [1/1] (0.00ns)   --->   "%zext_ln187_29 = zext i13 %add_ln187_31" [./calorimeter.h:187->calorimeter.cpp:395]   --->   Operation 453 'zext' 'zext_ln187_29' <Predicate = (!icmp_ln375)> <Delay = 0.00>
ST_31 : Operation 454 [1/1] (0.75ns)   --->   "%add_ln187_32 = add i14 %zext_ln187_29, i14 %zext_ln187_28" [./calorimeter.h:187->calorimeter.cpp:395]   --->   Operation 454 'add' 'add_ln187_32' <Predicate = (!icmp_ln375)> <Delay = 0.75> <CoreInst = "Adder">   --->   Core 1 'Adder' <Latency = 0> <II = 1> <Delay = 0.75> <FuncUnit> <Opcode : 'add' 'sub'> <InPorts = 2> <OutPorts = 1>

State 32 <SV = 31> <Delay = 1.93>
ST_32 : Operation 455 [1/1] (0.73ns)   --->   "%add_ln216_3 = add i11 %sub_ln216_3, i11 %zext_ln389_1" [./calorimeter.h:216->calorimeter.cpp:392]   --->   Operation 455 'add' 'add_ln216_3' <Predicate = (!icmp_ln375)> <Delay = 0.73> <CoreInst = "Adder">   --->   Core 1 'Adder' <Latency = 0> <II = 1> <Delay = 0.73> <FuncUnit> <Opcode : 'add' 'sub'> <InPorts = 2> <OutPorts = 1>
ST_32 : Operation 456 [1/1] (0.00ns)   --->   "%zext_ln216_9 = zext i11 %add_ln216_3" [./calorimeter.h:216->calorimeter.cpp:392]   --->   Operation 456 'zext' 'zext_ln216_9' <Predicate = (!icmp_ln375)> <Delay = 0.00>
ST_32 : Operation 457 [1/1] (0.00ns)   --->   "%towers_addr_31 = getelementptr i12 %towers, i64 0, i64 %zext_ln216_9" [./calorimeter.h:216->calorimeter.cpp:392]   --->   Operation 457 'getelementptr' 'towers_addr_31' <Predicate = (!icmp_ln375)> <Delay = 0.00>
ST_32 : Operation 458 [1/2] (1.20ns)   --->   "%neighbor_29 = load i11 %towers_addr_30" [./calorimeter.h:216->calorimeter.cpp:392]   --->   Operation 458 'load' 'neighbor_29' <Predicate = (!icmp_ln375)> <Delay = 1.20> <CoreInst = "RAM">   --->   Core 82 'RAM' <Latency = 1> <II = 1> <Delay = 1.20> <Storage> <Opcode : 'load' 'store'> <Ports = 2> <Width = 12> <Depth = 1800> <RAM>
ST_32 : Operation 459 [2/2] (1.20ns)   --->   "%neighbor_30 = load i11 %towers_addr_31" [./calorimeter.h:216->calorimeter.cpp:392]   --->   Operation 459 'load' 'neighbor_30' <Predicate = (!icmp_ln375)> <Delay = 1.20> <CoreInst = "RAM">   --->   Core 82 'RAM' <Latency = 1> <II = 1> <Delay = 1.20> <Storage> <Opcode : 'load' 'store'> <Ports = 2> <Width = 12> <Depth = 1800> <RAM>

State 33 <SV = 32> <Delay = 3.39>
ST_33 : Operation 460 [1/1] (0.73ns)   --->   "%add_ln216_13 = add i11 %sub_ln216_3, i11 %sext_ln216" [./calorimeter.h:216->calorimeter.cpp:392]   --->   Operation 460 'add' 'add_ln216_13' <Predicate = (!icmp_ln375)> <Delay = 0.73> <CoreInst = "Adder">   --->   Core 1 'Adder' <Latency = 0> <II = 1> <Delay = 0.73> <FuncUnit> <Opcode : 'add' 'sub'> <InPorts = 2> <OutPorts = 1>
ST_33 : Operation 461 [1/1] (0.00ns)   --->   "%zext_ln216_22 = zext i11 %add_ln216_13" [./calorimeter.h:216->calorimeter.cpp:392]   --->   Operation 461 'zext' 'zext_ln216_22' <Predicate = (!icmp_ln375)> <Delay = 0.00>
ST_33 : Operation 462 [1/1] (0.00ns)   --->   "%towers_addr_32 = getelementptr i12 %towers, i64 0, i64 %zext_ln216_22" [./calorimeter.h:216->calorimeter.cpp:392]   --->   Operation 462 'getelementptr' 'towers_addr_32' <Predicate = (!icmp_ln375)> <Delay = 0.00>
ST_33 : Operation 463 [1/1] (0.74ns)   --->   "%icmp_ln218_17 = icmp_ult  i12 %seed_et, i12 %neighbor_29" [./calorimeter.h:218->calorimeter.cpp:392]   --->   Operation 463 'icmp' 'icmp_ln218_17' <Predicate = (!icmp_ln375)> <Delay = 0.74> <CoreInst = "Cmp">   --->   Core 9 'Cmp' <Latency = 0> <II = 1> <Delay = 0.74> <FuncUnit> <Opcode : 'seteq' 'setne' 'setle' 'setge' 'setlt' 'setgt'> <InPorts = 2> <OutPorts = 1>
ST_33 : Operation 464 [1/2] (1.20ns)   --->   "%neighbor_30 = load i11 %towers_addr_31" [./calorimeter.h:216->calorimeter.cpp:392]   --->   Operation 464 'load' 'neighbor_30' <Predicate = (!icmp_ln375)> <Delay = 1.20> <CoreInst = "RAM">   --->   Core 82 'RAM' <Latency = 1> <II = 1> <Delay = 1.20> <Storage> <Opcode : 'load' 'store'> <Ports = 2> <Width = 12> <Depth = 1800> <RAM>
ST_33 : Operation 465 [1/1] (0.74ns)   --->   "%icmp_ln218_18 = icmp_ult  i12 %seed_et, i12 %neighbor_30" [./calorimeter.h:218->calorimeter.cpp:392]   --->   Operation 465 'icmp' 'icmp_ln218_18' <Predicate = (!icmp_ln375)> <Delay = 0.74> <CoreInst = "Cmp">   --->   Core 9 'Cmp' <Latency = 0> <II = 1> <Delay = 0.74> <FuncUnit> <Opcode : 'seteq' 'setne' 'setle' 'setge' 'setlt' 'setgt'> <InPorts = 2> <OutPorts = 1>
ST_33 : Operation 466 [2/2] (1.20ns)   --->   "%neighbor_31 = load i11 %towers_addr_32" [./calorimeter.h:216->calorimeter.cpp:392]   --->   Operation 466 'load' 'neighbor_31' <Predicate = (!icmp_ln375)> <Delay = 1.20> <CoreInst = "RAM">   --->   Core 82 'RAM' <Latency = 1> <II = 1> <Delay = 1.20> <Storage> <Opcode : 'load' 'store'> <Ports = 2> <Width = 12> <Depth = 1800> <RAM>
ST_33 : Operation 467 [1/1] (0.74ns)   --->   "%icmp_ln218_45 = icmp_ult  i12 %neighbor_23, i12 %seed_et" [./calorimeter.h:218->calorimeter.cpp:392]   --->   Operation 467 'icmp' 'icmp_ln218_45' <Predicate = (!icmp_ln375)> <Delay = 0.74> <CoreInst = "Cmp">   --->   Core 9 'Cmp' <Latency = 0> <II = 1> <Delay = 0.74> <FuncUnit> <Opcode : 'seteq' 'setne' 'setle' 'setge' 'setlt' 'setgt'> <InPorts = 2> <OutPorts = 1>
ST_33 : Operation 468 [1/1] (0.00ns)   --->   "%zext_ln394_2 = zext i12 %neighbor_23" [calorimeter.cpp:394]   --->   Operation 468 'zext' 'zext_ln394_2' <Predicate = (!icmp_ln375)> <Delay = 0.00>
ST_33 : Operation 469 [1/1] (0.00ns)   --->   "%zext_ln394_3 = zext i12 %neighbor_23" [calorimeter.cpp:394]   --->   Operation 469 'zext' 'zext_ln394_3' <Predicate = (!icmp_ln375)> <Delay = 0.00>
ST_33 : Operation 470 [1/1] (0.00ns)   --->   "%zext_ln394_5 = zext i12 %neighbor_24" [calorimeter.cpp:394]   --->   Operation 470 'zext' 'zext_ln394_5' <Predicate = (!icmp_ln375)> <Delay = 0.00>
ST_33 : Operation 471 [1/1] (0.00ns)   --->   "%zext_ln394_6 = zext i12 %neighbor_24" [calorimeter.cpp:394]   --->   Operation 471 'zext' 'zext_ln394_6' <Predicate = (!icmp_ln375)> <Delay = 0.00>
ST_33 : Operation 472 [1/1] (0.00ns)   --->   "%zext_ln394_7 = zext i12 %neighbor_29" [calorimeter.cpp:394]   --->   Operation 472 'zext' 'zext_ln394_7' <Predicate = (!icmp_ln375)> <Delay = 0.00>
ST_33 : Operation 473 [1/1] (0.00ns)   --->   "%zext_ln187_1 = zext i12 %neighbor_30" [./calorimeter.h:187->calorimeter.cpp:394]   --->   Operation 473 'zext' 'zext_ln187_1' <Predicate = (!icmp_ln375)> <Delay = 0.00>
ST_33 : Operation 474 [1/1] (0.00ns)   --->   "%zext_ln187_4 = zext i14 %core3_et_1" [./calorimeter.h:187->calorimeter.cpp:394]   --->   Operation 474 'zext' 'zext_ln187_4' <Predicate = (!icmp_ln375)> <Delay = 0.00>
ST_33 : Operation 475 [1/1] (0.00ns) (grouped into TernaryAdder)   --->   "%add_ln187_3 = add i15 %zext_ln187_4, i15 %zext_ln394_3" [./calorimeter.h:187->calorimeter.cpp:394]   --->   Operation 475 'add' 'add_ln187_3' <Predicate = (!icmp_ln375)> <Delay = 0.00> <CoreInst = "TAddSub">   --->   Core 10 'TAddSub' <Latency = 0> <II = 1> <Delay = 0.34> <IPBlock> <Opcode : '' 'add' 'sub'> <InPorts = 3> <OutPorts = 1> <Sync> <CReg>
ST_33 : Operation 476 [1/1] (0.74ns)   --->   "%add_ln187_4 = add i13 %zext_ln394_7, i13 %zext_ln187_1" [./calorimeter.h:187->calorimeter.cpp:394]   --->   Operation 476 'add' 'add_ln187_4' <Predicate = (!icmp_ln375)> <Delay = 0.74> <CoreInst = "Adder">   --->   Core 1 'Adder' <Latency = 0> <II = 1> <Delay = 0.74> <FuncUnit> <Opcode : 'add' 'sub'> <InPorts = 2> <OutPorts = 1>
ST_33 : Operation 477 [1/1] (0.00ns)   --->   "%zext_ln187_5 = zext i13 %add_ln187_4" [./calorimeter.h:187->calorimeter.cpp:394]   --->   Operation 477 'zext' 'zext_ln187_5' <Predicate = (!icmp_ln375)> <Delay = 0.00>
ST_33 : Operation 478 [1/1] (0.75ns)   --->   "%add_ln187_5 = add i14 %zext_ln187_5, i14 %zext_ln394_6" [./calorimeter.h:187->calorimeter.cpp:394]   --->   Operation 478 'add' 'add_ln187_5' <Predicate = (!icmp_ln375)> <Delay = 0.75> <CoreInst = "Adder">   --->   Core 1 'Adder' <Latency = 0> <II = 1> <Delay = 0.75> <FuncUnit> <Opcode : 'add' 'sub'> <InPorts = 2> <OutPorts = 1>
ST_33 : Operation 479 [1/1] (0.00ns)   --->   "%zext_ln187_6 = zext i14 %add_ln187_5" [./calorimeter.h:187->calorimeter.cpp:394]   --->   Operation 479 'zext' 'zext_ln187_6' <Predicate = (!icmp_ln375)> <Delay = 0.00>
ST_33 : Operation 480 [1/1] (0.69ns) (root node of TernaryAdder)   --->   "%core3_et_2 = add i15 %zext_ln187_6, i15 %add_ln187_3" [./calorimeter.h:187->calorimeter.cpp:394]   --->   Operation 480 'add' 'core3_et_2' <Predicate = (!icmp_ln375)> <Delay = 0.69> <CoreInst = "TAddSub">   --->   Core 10 'TAddSub' <Latency = 0> <II = 1> <Delay = 0.34> <IPBlock> <Opcode : '' 'add' 'sub'> <InPorts = 3> <OutPorts = 1> <Sync> <CReg>
ST_33 : Operation 481 [1/1] (0.00ns)   --->   "%zext_ln187_25 = zext i13 %add_ln187_26" [./calorimeter.h:187->calorimeter.cpp:395]   --->   Operation 481 'zext' 'zext_ln187_25' <Predicate = (!icmp_ln375)> <Delay = 0.00>
ST_33 : Operation 482 [1/1] (0.74ns)   --->   "%add_ln187_27 = add i13 %zext_ln394_2, i13 %zext_ln394_5" [./calorimeter.h:187->calorimeter.cpp:395]   --->   Operation 482 'add' 'add_ln187_27' <Predicate = (!icmp_ln375)> <Delay = 0.74> <CoreInst = "Adder">   --->   Core 1 'Adder' <Latency = 0> <II = 1> <Delay = 0.74> <FuncUnit> <Opcode : 'add' 'sub'> <InPorts = 2> <OutPorts = 1>
ST_33 : Operation 483 [1/1] (0.00ns)   --->   "%zext_ln187_26 = zext i13 %add_ln187_27" [./calorimeter.h:187->calorimeter.cpp:395]   --->   Operation 483 'zext' 'zext_ln187_26' <Predicate = (!icmp_ln375)> <Delay = 0.00>
ST_33 : Operation 484 [1/1] (0.75ns)   --->   "%add_ln187_28 = add i14 %zext_ln187_26, i14 %zext_ln187_25" [./calorimeter.h:187->calorimeter.cpp:395]   --->   Operation 484 'add' 'add_ln187_28' <Predicate = (!icmp_ln375)> <Delay = 0.75> <CoreInst = "Adder">   --->   Core 1 'Adder' <Latency = 0> <II = 1> <Delay = 0.75> <FuncUnit> <Opcode : 'add' 'sub'> <InPorts = 2> <OutPorts = 1>

State 34 <SV = 33> <Delay = 1.93>
ST_34 : Operation 485 [1/1] (0.73ns)   --->   "%add_ln216_20 = add i11 %sub_ln216_3, i11 %sext_ln216_1" [./calorimeter.h:216->calorimeter.cpp:392]   --->   Operation 485 'add' 'add_ln216_20' <Predicate = (!icmp_ln375)> <Delay = 0.73> <CoreInst = "Adder">   --->   Core 1 'Adder' <Latency = 0> <II = 1> <Delay = 0.73> <FuncUnit> <Opcode : 'add' 'sub'> <InPorts = 2> <OutPorts = 1>
ST_34 : Operation 486 [1/1] (0.00ns)   --->   "%zext_ln216_29 = zext i11 %add_ln216_20" [./calorimeter.h:216->calorimeter.cpp:392]   --->   Operation 486 'zext' 'zext_ln216_29' <Predicate = (!icmp_ln375)> <Delay = 0.00>
ST_34 : Operation 487 [1/1] (0.00ns)   --->   "%towers_addr_33 = getelementptr i12 %towers, i64 0, i64 %zext_ln216_29" [./calorimeter.h:216->calorimeter.cpp:392]   --->   Operation 487 'getelementptr' 'towers_addr_33' <Predicate = (!icmp_ln375)> <Delay = 0.00>
ST_34 : Operation 488 [1/2] (1.20ns)   --->   "%neighbor_31 = load i11 %towers_addr_32" [./calorimeter.h:216->calorimeter.cpp:392]   --->   Operation 488 'load' 'neighbor_31' <Predicate = (!icmp_ln375)> <Delay = 1.20> <CoreInst = "RAM">   --->   Core 82 'RAM' <Latency = 1> <II = 1> <Delay = 1.20> <Storage> <Opcode : 'load' 'store'> <Ports = 2> <Width = 12> <Depth = 1800> <RAM>
ST_34 : Operation 489 [2/2] (1.20ns)   --->   "%neighbor_32 = load i11 %towers_addr_33" [./calorimeter.h:216->calorimeter.cpp:392]   --->   Operation 489 'load' 'neighbor_32' <Predicate = (!icmp_ln375)> <Delay = 1.20> <CoreInst = "RAM">   --->   Core 82 'RAM' <Latency = 1> <II = 1> <Delay = 1.20> <Storage> <Opcode : 'load' 'store'> <Ports = 2> <Width = 12> <Depth = 1800> <RAM>

State 35 <SV = 34> <Delay = 1.93>
ST_35 : Operation 490 [1/1] (0.73ns)   --->   "%add_ln216_27 = add i11 %sub_ln216_3, i11 %sext_ln216_2" [./calorimeter.h:216->calorimeter.cpp:392]   --->   Operation 490 'add' 'add_ln216_27' <Predicate = (!icmp_ln375)> <Delay = 0.73> <CoreInst = "Adder">   --->   Core 1 'Adder' <Latency = 0> <II = 1> <Delay = 0.73> <FuncUnit> <Opcode : 'add' 'sub'> <InPorts = 2> <OutPorts = 1>
ST_35 : Operation 491 [1/1] (0.00ns)   --->   "%zext_ln216_36 = zext i11 %add_ln216_27" [./calorimeter.h:216->calorimeter.cpp:392]   --->   Operation 491 'zext' 'zext_ln216_36' <Predicate = (!icmp_ln375)> <Delay = 0.00>
ST_35 : Operation 492 [1/1] (0.00ns)   --->   "%towers_addr_34 = getelementptr i12 %towers, i64 0, i64 %zext_ln216_36" [./calorimeter.h:216->calorimeter.cpp:392]   --->   Operation 492 'getelementptr' 'towers_addr_34' <Predicate = (!icmp_ln375)> <Delay = 0.00>
ST_35 : Operation 493 [1/2] (1.20ns)   --->   "%neighbor_32 = load i11 %towers_addr_33" [./calorimeter.h:216->calorimeter.cpp:392]   --->   Operation 493 'load' 'neighbor_32' <Predicate = (!icmp_ln375)> <Delay = 1.20> <CoreInst = "RAM">   --->   Core 82 'RAM' <Latency = 1> <II = 1> <Delay = 1.20> <Storage> <Opcode : 'load' 'store'> <Ports = 2> <Width = 12> <Depth = 1800> <RAM>
ST_35 : Operation 494 [2/2] (1.20ns)   --->   "%neighbor_33 = load i11 %towers_addr_34" [./calorimeter.h:216->calorimeter.cpp:392]   --->   Operation 494 'load' 'neighbor_33' <Predicate = (!icmp_ln375)> <Delay = 1.20> <CoreInst = "RAM">   --->   Core 82 'RAM' <Latency = 1> <II = 1> <Delay = 1.20> <Storage> <Opcode : 'load' 'store'> <Ports = 2> <Width = 12> <Depth = 1800> <RAM>

State 36 <SV = 35> <Delay = 4.92>
ST_36 : Operation 495 [1/1] (0.70ns)   --->   "%empty_100 = add i5 %select_ln375_2, i5 2" [calorimeter.cpp:375]   --->   Operation 495 'add' 'empty_100' <Predicate = (!icmp_ln375)> <Delay = 0.70> <CoreInst = "Adder">   --->   Core 1 'Adder' <Latency = 0> <II = 1> <Delay = 0.70> <FuncUnit> <Opcode : 'add' 'sub'> <InPorts = 2> <OutPorts = 1>
ST_36 : Operation 496 [1/1] (0.00ns)   --->   "%p_shl6 = bitconcatenate i11 @_ssdm_op_BitConcatenate.i11.i5.i6, i5 %empty_100, i6 0" [./calorimeter.h:216->calorimeter.cpp:392]   --->   Operation 496 'bitconcatenate' 'p_shl6' <Predicate = (!icmp_ln375)> <Delay = 0.00>
ST_36 : Operation 497 [1/1] (0.00ns)   --->   "%tmp_5 = bitconcatenate i7 @_ssdm_op_BitConcatenate.i7.i5.i2, i5 %empty_100, i2 0" [./calorimeter.h:216->calorimeter.cpp:392]   --->   Operation 497 'bitconcatenate' 'tmp_5' <Predicate = (!icmp_ln375)> <Delay = 0.00>
ST_36 : Operation 498 [1/1] (0.00ns)   --->   "%zext_ln216_4 = zext i7 %tmp_5" [./calorimeter.h:216->calorimeter.cpp:392]   --->   Operation 498 'zext' 'zext_ln216_4' <Predicate = (!icmp_ln375)> <Delay = 0.00>
ST_36 : Operation 499 [1/1] (0.73ns)   --->   "%sub_ln216_4 = sub i11 %p_shl6, i11 %zext_ln216_4" [./calorimeter.h:216->calorimeter.cpp:392]   --->   Operation 499 'sub' 'sub_ln216_4' <Predicate = (!icmp_ln375)> <Delay = 0.73> <CoreInst = "Adder">   --->   Core 1 'Adder' <Latency = 0> <II = 1> <Delay = 0.73> <FuncUnit> <Opcode : 'add' 'sub'> <InPorts = 2> <OutPorts = 1>
ST_36 : Operation 500 [1/1] (0.73ns)   --->   "%add_ln216_34 = add i11 %sub_ln216_4, i11 %zext_ln216_12" [./calorimeter.h:216->calorimeter.cpp:392]   --->   Operation 500 'add' 'add_ln216_34' <Predicate = (!icmp_ln375)> <Delay = 0.73> <CoreInst = "Adder">   --->   Core 1 'Adder' <Latency = 0> <II = 1> <Delay = 0.73> <FuncUnit> <Opcode : 'add' 'sub'> <InPorts = 2> <OutPorts = 1>
ST_36 : Operation 501 [1/1] (0.00ns)   --->   "%zext_ln216_43 = zext i11 %add_ln216_34" [./calorimeter.h:216->calorimeter.cpp:392]   --->   Operation 501 'zext' 'zext_ln216_43' <Predicate = (!icmp_ln375)> <Delay = 0.00>
ST_36 : Operation 502 [1/1] (0.00ns)   --->   "%towers_addr_35 = getelementptr i12 %towers, i64 0, i64 %zext_ln216_43" [./calorimeter.h:216->calorimeter.cpp:392]   --->   Operation 502 'getelementptr' 'towers_addr_35' <Predicate = (!icmp_ln375)> <Delay = 0.00>
ST_36 : Operation 503 [1/1] (0.74ns)   --->   "%icmp_ln218_19 = icmp_ult  i12 %seed_et, i12 %neighbor_31" [./calorimeter.h:218->calorimeter.cpp:392]   --->   Operation 503 'icmp' 'icmp_ln218_19' <Predicate = (!icmp_ln375)> <Delay = 0.74> <CoreInst = "Cmp">   --->   Core 9 'Cmp' <Latency = 0> <II = 1> <Delay = 0.74> <FuncUnit> <Opcode : 'seteq' 'setne' 'setle' 'setge' 'setlt' 'setgt'> <InPorts = 2> <OutPorts = 1>
ST_36 : Operation 504 [1/1] (0.74ns)   --->   "%icmp_ln218_20 = icmp_ult  i12 %seed_et, i12 %neighbor_32" [./calorimeter.h:218->calorimeter.cpp:392]   --->   Operation 504 'icmp' 'icmp_ln218_20' <Predicate = (!icmp_ln375)> <Delay = 0.74> <CoreInst = "Cmp">   --->   Core 9 'Cmp' <Latency = 0> <II = 1> <Delay = 0.74> <FuncUnit> <Opcode : 'seteq' 'setne' 'setle' 'setge' 'setlt' 'setgt'> <InPorts = 2> <OutPorts = 1>
ST_36 : Operation 505 [1/2] (1.20ns)   --->   "%neighbor_33 = load i11 %towers_addr_34" [./calorimeter.h:216->calorimeter.cpp:392]   --->   Operation 505 'load' 'neighbor_33' <Predicate = (!icmp_ln375)> <Delay = 1.20> <CoreInst = "RAM">   --->   Core 82 'RAM' <Latency = 1> <II = 1> <Delay = 1.20> <Storage> <Opcode : 'load' 'store'> <Ports = 2> <Width = 12> <Depth = 1800> <RAM>
ST_36 : Operation 506 [1/1] (0.74ns)   --->   "%icmp_ln218_21 = icmp_ult  i12 %seed_et, i12 %neighbor_33" [./calorimeter.h:218->calorimeter.cpp:392]   --->   Operation 506 'icmp' 'icmp_ln218_21' <Predicate = (!icmp_ln375)> <Delay = 0.74> <CoreInst = "Cmp">   --->   Core 9 'Cmp' <Latency = 0> <II = 1> <Delay = 0.74> <FuncUnit> <Opcode : 'seteq' 'setne' 'setle' 'setge' 'setlt' 'setgt'> <InPorts = 2> <OutPorts = 1>
ST_36 : Operation 507 [2/2] (1.20ns)   --->   "%neighbor_34 = load i11 %towers_addr_35" [./calorimeter.h:216->calorimeter.cpp:392]   --->   Operation 507 'load' 'neighbor_34' <Predicate = (!icmp_ln375)> <Delay = 1.20> <CoreInst = "RAM">   --->   Core 82 'RAM' <Latency = 1> <II = 1> <Delay = 1.20> <Storage> <Opcode : 'load' 'store'> <Ports = 2> <Width = 12> <Depth = 1800> <RAM>
ST_36 : Operation 508 [1/1] (0.00ns)   --->   "%zext_ln394_8 = zext i15 %core3_et_2" [calorimeter.cpp:394]   --->   Operation 508 'zext' 'zext_ln394_8' <Predicate = (!icmp_ln375)> <Delay = 0.00>
ST_36 : Operation 509 [1/1] (0.00ns)   --->   "%zext_ln187_8 = zext i12 %neighbor_31" [./calorimeter.h:187->calorimeter.cpp:394]   --->   Operation 509 'zext' 'zext_ln187_8' <Predicate = (!icmp_ln375)> <Delay = 0.00>
ST_36 : Operation 510 [1/1] (0.00ns)   --->   "%zext_ln187_7 = zext i12 %neighbor_31" [./calorimeter.h:187->calorimeter.cpp:394]   --->   Operation 510 'zext' 'zext_ln187_7' <Predicate = (!icmp_ln375)> <Delay = 0.00>
ST_36 : Operation 511 [1/1] (0.77ns)   --->   "%core3_et_3 = add i16 %zext_ln394_8, i16 %zext_ln187_7" [./calorimeter.h:187->calorimeter.cpp:394]   --->   Operation 511 'add' 'core3_et_3' <Predicate = (!icmp_ln375)> <Delay = 0.77> <CoreInst = "Adder">   --->   Core 1 'Adder' <Latency = 0> <II = 1> <Delay = 0.77> <FuncUnit> <Opcode : 'add' 'sub'> <InPorts = 2> <OutPorts = 1>
ST_36 : Operation 512 [1/1] (0.00ns)   --->   "%zext_ln395_20 = zext i12 %neighbor_32" [calorimeter.cpp:395]   --->   Operation 512 'zext' 'zext_ln395_20' <Predicate = (!icmp_ln375)> <Delay = 0.00>
ST_36 : Operation 513 [1/1] (0.00ns)   --->   "%zext_ln395_21 = zext i12 %neighbor_33" [calorimeter.cpp:395]   --->   Operation 513 'zext' 'zext_ln395_21' <Predicate = (!icmp_ln375)> <Delay = 0.00>
ST_36 : Operation 514 [1/1] (0.00ns)   --->   "%zext_ln187_27 = zext i14 %add_ln187_28" [./calorimeter.h:187->calorimeter.cpp:395]   --->   Operation 514 'zext' 'zext_ln187_27' <Predicate = (!icmp_ln375)> <Delay = 0.00>
ST_36 : Operation 515 [1/1] (0.00ns) (grouped into TernaryAdder)   --->   "%add_ln187_29 = add i17 %zext_ln187_27, i17 %add_ln187_25" [./calorimeter.h:187->calorimeter.cpp:395]   --->   Operation 515 'add' 'add_ln187_29' <Predicate = (!icmp_ln375)> <Delay = 0.00> <CoreInst = "TAddSub">   --->   Core 10 'TAddSub' <Latency = 0> <II = 1> <Delay = 0.34> <IPBlock> <Opcode : '' 'add' 'sub'> <InPorts = 3> <OutPorts = 1> <Sync> <CReg>
ST_36 : Operation 516 [1/1] (0.00ns)   --->   "%zext_ln187_30 = zext i14 %add_ln187_32" [./calorimeter.h:187->calorimeter.cpp:395]   --->   Operation 516 'zext' 'zext_ln187_30' <Predicate = (!icmp_ln375)> <Delay = 0.00>
ST_36 : Operation 517 [1/1] (0.00ns)   --->   "%zext_ln187_31 = zext i13 %add_ln187_4" [./calorimeter.h:187->calorimeter.cpp:395]   --->   Operation 517 'zext' 'zext_ln187_31' <Predicate = (!icmp_ln375)> <Delay = 0.00>
ST_36 : Operation 518 [1/1] (0.74ns)   --->   "%add_ln187_33 = add i13 %zext_ln395_20, i13 %zext_ln395_21" [./calorimeter.h:187->calorimeter.cpp:395]   --->   Operation 518 'add' 'add_ln187_33' <Predicate = (!icmp_ln375)> <Delay = 0.74> <CoreInst = "Adder">   --->   Core 1 'Adder' <Latency = 0> <II = 1> <Delay = 0.74> <FuncUnit> <Opcode : 'add' 'sub'> <InPorts = 2> <OutPorts = 1>
ST_36 : Operation 519 [1/1] (0.00ns)   --->   "%zext_ln187_32 = zext i13 %add_ln187_33" [./calorimeter.h:187->calorimeter.cpp:395]   --->   Operation 519 'zext' 'zext_ln187_32' <Predicate = (!icmp_ln375)> <Delay = 0.00>
ST_36 : Operation 520 [1/1] (0.75ns)   --->   "%add_ln187_34 = add i14 %zext_ln187_32, i14 %zext_ln187_8" [./calorimeter.h:187->calorimeter.cpp:395]   --->   Operation 520 'add' 'add_ln187_34' <Predicate = (!icmp_ln375)> <Delay = 0.75> <CoreInst = "Adder">   --->   Core 1 'Adder' <Latency = 0> <II = 1> <Delay = 0.75> <FuncUnit> <Opcode : 'add' 'sub'> <InPorts = 2> <OutPorts = 1>
ST_36 : Operation 521 [1/1] (0.00ns)   --->   "%zext_ln187_33 = zext i14 %add_ln187_34" [./calorimeter.h:187->calorimeter.cpp:395]   --->   Operation 521 'zext' 'zext_ln187_33' <Predicate = (!icmp_ln375)> <Delay = 0.00>
ST_36 : Operation 522 [1/1] (0.76ns)   --->   "%add_ln187_35 = add i15 %zext_ln187_33, i15 %zext_ln187_31" [./calorimeter.h:187->calorimeter.cpp:395]   --->   Operation 522 'add' 'add_ln187_35' <Predicate = (!icmp_ln375)> <Delay = 0.76> <CoreInst = "Adder">   --->   Core 1 'Adder' <Latency = 0> <II = 1> <Delay = 0.76> <FuncUnit> <Opcode : 'add' 'sub'> <InPorts = 2> <OutPorts = 1>
ST_36 : Operation 523 [1/1] (0.00ns)   --->   "%zext_ln187_34 = zext i15 %add_ln187_35" [./calorimeter.h:187->calorimeter.cpp:395]   --->   Operation 523 'zext' 'zext_ln187_34' <Predicate = (!icmp_ln375)> <Delay = 0.00>
ST_36 : Operation 524 [1/1] (0.77ns)   --->   "%add_ln187_36 = add i16 %zext_ln187_34, i16 %zext_ln187_30" [./calorimeter.h:187->calorimeter.cpp:395]   --->   Operation 524 'add' 'add_ln187_36' <Predicate = (!icmp_ln375)> <Delay = 0.77> <CoreInst = "Adder">   --->   Core 1 'Adder' <Latency = 0> <II = 1> <Delay = 0.77> <FuncUnit> <Opcode : 'add' 'sub'> <InPorts = 2> <OutPorts = 1>
ST_36 : Operation 525 [1/1] (0.00ns)   --->   "%zext_ln187_35 = zext i16 %add_ln187_36" [./calorimeter.h:187->calorimeter.cpp:395]   --->   Operation 525 'zext' 'zext_ln187_35' <Predicate = (!icmp_ln375)> <Delay = 0.00>
ST_36 : Operation 526 [1/1] (0.67ns) (root node of TernaryAdder)   --->   "%sum7_et_10 = add i17 %zext_ln187_35, i17 %add_ln187_29" [./calorimeter.h:187->calorimeter.cpp:395]   --->   Operation 526 'add' 'sum7_et_10' <Predicate = (!icmp_ln375)> <Delay = 0.67> <CoreInst = "TAddSub">   --->   Core 10 'TAddSub' <Latency = 0> <II = 1> <Delay = 0.34> <IPBlock> <Opcode : '' 'add' 'sub'> <InPorts = 3> <OutPorts = 1> <Sync> <CReg>

State 37 <SV = 36> <Delay = 1.93>
ST_37 : Operation 527 [1/1] (0.73ns)   --->   "%add_ln216_40 = add i11 %sub_ln216_4, i11 %zext_ln216_14" [./calorimeter.h:216->calorimeter.cpp:392]   --->   Operation 527 'add' 'add_ln216_40' <Predicate = (!icmp_ln375)> <Delay = 0.73> <CoreInst = "Adder">   --->   Core 1 'Adder' <Latency = 0> <II = 1> <Delay = 0.73> <FuncUnit> <Opcode : 'add' 'sub'> <InPorts = 2> <OutPorts = 1>
ST_37 : Operation 528 [1/1] (0.00ns)   --->   "%zext_ln216_49 = zext i11 %add_ln216_40" [./calorimeter.h:216->calorimeter.cpp:392]   --->   Operation 528 'zext' 'zext_ln216_49' <Predicate = (!icmp_ln375)> <Delay = 0.00>
ST_37 : Operation 529 [1/1] (0.00ns)   --->   "%towers_addr_36 = getelementptr i12 %towers, i64 0, i64 %zext_ln216_49" [./calorimeter.h:216->calorimeter.cpp:392]   --->   Operation 529 'getelementptr' 'towers_addr_36' <Predicate = (!icmp_ln375)> <Delay = 0.00>
ST_37 : Operation 530 [1/2] (1.20ns)   --->   "%neighbor_34 = load i11 %towers_addr_35" [./calorimeter.h:216->calorimeter.cpp:392]   --->   Operation 530 'load' 'neighbor_34' <Predicate = (!icmp_ln375)> <Delay = 1.20> <CoreInst = "RAM">   --->   Core 82 'RAM' <Latency = 1> <II = 1> <Delay = 1.20> <Storage> <Opcode : 'load' 'store'> <Ports = 2> <Width = 12> <Depth = 1800> <RAM>
ST_37 : Operation 531 [2/2] (1.20ns)   --->   "%neighbor_35 = load i11 %towers_addr_36" [./calorimeter.h:216->calorimeter.cpp:392]   --->   Operation 531 'load' 'neighbor_35' <Predicate = (!icmp_ln375)> <Delay = 1.20> <CoreInst = "RAM">   --->   Core 82 'RAM' <Latency = 1> <II = 1> <Delay = 1.20> <Storage> <Opcode : 'load' 'store'> <Ports = 2> <Width = 12> <Depth = 1800> <RAM>

State 38 <SV = 37> <Delay = 1.93>
ST_38 : Operation 532 [1/1] (0.73ns)   --->   "%add_ln216_46 = add i11 %sub_ln216_4, i11 %zext_ln216_16" [./calorimeter.h:216->calorimeter.cpp:392]   --->   Operation 532 'add' 'add_ln216_46' <Predicate = (!icmp_ln375)> <Delay = 0.73> <CoreInst = "Adder">   --->   Core 1 'Adder' <Latency = 0> <II = 1> <Delay = 0.73> <FuncUnit> <Opcode : 'add' 'sub'> <InPorts = 2> <OutPorts = 1>
ST_38 : Operation 533 [1/1] (0.00ns)   --->   "%zext_ln216_55 = zext i11 %add_ln216_46" [./calorimeter.h:216->calorimeter.cpp:392]   --->   Operation 533 'zext' 'zext_ln216_55' <Predicate = (!icmp_ln375)> <Delay = 0.00>
ST_38 : Operation 534 [1/1] (0.00ns)   --->   "%towers_addr_37 = getelementptr i12 %towers, i64 0, i64 %zext_ln216_55" [./calorimeter.h:216->calorimeter.cpp:392]   --->   Operation 534 'getelementptr' 'towers_addr_37' <Predicate = (!icmp_ln375)> <Delay = 0.00>
ST_38 : Operation 535 [1/2] (1.20ns)   --->   "%neighbor_35 = load i11 %towers_addr_36" [./calorimeter.h:216->calorimeter.cpp:392]   --->   Operation 535 'load' 'neighbor_35' <Predicate = (!icmp_ln375)> <Delay = 1.20> <CoreInst = "RAM">   --->   Core 82 'RAM' <Latency = 1> <II = 1> <Delay = 1.20> <Storage> <Opcode : 'load' 'store'> <Ports = 2> <Width = 12> <Depth = 1800> <RAM>
ST_38 : Operation 536 [2/2] (1.20ns)   --->   "%neighbor_36 = load i11 %towers_addr_37" [./calorimeter.h:216->calorimeter.cpp:392]   --->   Operation 536 'load' 'neighbor_36' <Predicate = (!icmp_ln375)> <Delay = 1.20> <CoreInst = "RAM">   --->   Core 82 'RAM' <Latency = 1> <II = 1> <Delay = 1.20> <Storage> <Opcode : 'load' 'store'> <Ports = 2> <Width = 12> <Depth = 1800> <RAM>

State 39 <SV = 38> <Delay = 1.94>
ST_39 : Operation 537 [1/1] (0.73ns)   --->   "%add_ln216_4 = add i11 %sub_ln216_4, i11 %zext_ln389_1" [./calorimeter.h:216->calorimeter.cpp:392]   --->   Operation 537 'add' 'add_ln216_4' <Predicate = (!icmp_ln375)> <Delay = 0.73> <CoreInst = "Adder">   --->   Core 1 'Adder' <Latency = 0> <II = 1> <Delay = 0.73> <FuncUnit> <Opcode : 'add' 'sub'> <InPorts = 2> <OutPorts = 1>
ST_39 : Operation 538 [1/1] (0.00ns)   --->   "%zext_ln216_10 = zext i11 %add_ln216_4" [./calorimeter.h:216->calorimeter.cpp:392]   --->   Operation 538 'zext' 'zext_ln216_10' <Predicate = (!icmp_ln375)> <Delay = 0.00>
ST_39 : Operation 539 [1/1] (0.00ns)   --->   "%towers_addr_38 = getelementptr i12 %towers, i64 0, i64 %zext_ln216_10" [./calorimeter.h:216->calorimeter.cpp:392]   --->   Operation 539 'getelementptr' 'towers_addr_38' <Predicate = (!icmp_ln375)> <Delay = 0.00>
ST_39 : Operation 540 [1/1] (0.74ns)   --->   "%icmp_ln218_23 = icmp_ult  i12 %seed_et, i12 %neighbor_35" [./calorimeter.h:218->calorimeter.cpp:392]   --->   Operation 540 'icmp' 'icmp_ln218_23' <Predicate = (!icmp_ln375)> <Delay = 0.74> <CoreInst = "Cmp">   --->   Core 9 'Cmp' <Latency = 0> <II = 1> <Delay = 0.74> <FuncUnit> <Opcode : 'seteq' 'setne' 'setle' 'setge' 'setlt' 'setgt'> <InPorts = 2> <OutPorts = 1>
ST_39 : Operation 541 [1/2] (1.20ns)   --->   "%neighbor_36 = load i11 %towers_addr_37" [./calorimeter.h:216->calorimeter.cpp:392]   --->   Operation 541 'load' 'neighbor_36' <Predicate = (!icmp_ln375)> <Delay = 1.20> <CoreInst = "RAM">   --->   Core 82 'RAM' <Latency = 1> <II = 1> <Delay = 1.20> <Storage> <Opcode : 'load' 'store'> <Ports = 2> <Width = 12> <Depth = 1800> <RAM>
ST_39 : Operation 542 [1/1] (0.74ns)   --->   "%icmp_ln218_24 = icmp_ult  i12 %seed_et, i12 %neighbor_36" [./calorimeter.h:218->calorimeter.cpp:392]   --->   Operation 542 'icmp' 'icmp_ln218_24' <Predicate = (!icmp_ln375)> <Delay = 0.74> <CoreInst = "Cmp">   --->   Core 9 'Cmp' <Latency = 0> <II = 1> <Delay = 0.74> <FuncUnit> <Opcode : 'seteq' 'setne' 'setle' 'setge' 'setlt' 'setgt'> <InPorts = 2> <OutPorts = 1>
ST_39 : Operation 543 [2/2] (1.20ns)   --->   "%neighbor_37 = load i11 %towers_addr_38" [./calorimeter.h:216->calorimeter.cpp:392]   --->   Operation 543 'load' 'neighbor_37' <Predicate = (!icmp_ln375)> <Delay = 1.20> <CoreInst = "RAM">   --->   Core 82 'RAM' <Latency = 1> <II = 1> <Delay = 1.20> <Storage> <Opcode : 'load' 'store'> <Ports = 2> <Width = 12> <Depth = 1800> <RAM>
ST_39 : Operation 544 [1/1] (0.00ns)   --->   "%zext_ln395_23 = zext i12 %neighbor_35" [calorimeter.cpp:395]   --->   Operation 544 'zext' 'zext_ln395_23' <Predicate = (!icmp_ln375)> <Delay = 0.00>
ST_39 : Operation 545 [1/1] (0.00ns)   --->   "%zext_ln395_24 = zext i12 %neighbor_36" [calorimeter.cpp:395]   --->   Operation 545 'zext' 'zext_ln395_24' <Predicate = (!icmp_ln375)> <Delay = 0.00>
ST_39 : Operation 546 [1/1] (0.74ns)   --->   "%add_ln187_47 = add i13 %zext_ln395_24, i13 %zext_ln395_23" [./calorimeter.h:187->calorimeter.cpp:395]   --->   Operation 546 'add' 'add_ln187_47' <Predicate = (!icmp_ln375)> <Delay = 0.74> <CoreInst = "Adder">   --->   Core 1 'Adder' <Latency = 0> <II = 1> <Delay = 0.74> <FuncUnit> <Opcode : 'add' 'sub'> <InPorts = 2> <OutPorts = 1>

State 40 <SV = 39> <Delay = 2.19>
ST_40 : Operation 547 [1/1] (0.73ns)   --->   "%add_ln216_14 = add i11 %sub_ln216_4, i11 %sext_ln216" [./calorimeter.h:216->calorimeter.cpp:392]   --->   Operation 547 'add' 'add_ln216_14' <Predicate = (!icmp_ln375)> <Delay = 0.73> <CoreInst = "Adder">   --->   Core 1 'Adder' <Latency = 0> <II = 1> <Delay = 0.73> <FuncUnit> <Opcode : 'add' 'sub'> <InPorts = 2> <OutPorts = 1>
ST_40 : Operation 548 [1/1] (0.00ns)   --->   "%zext_ln216_23 = zext i11 %add_ln216_14" [./calorimeter.h:216->calorimeter.cpp:392]   --->   Operation 548 'zext' 'zext_ln216_23' <Predicate = (!icmp_ln375)> <Delay = 0.00>
ST_40 : Operation 549 [1/1] (0.00ns)   --->   "%towers_addr_39 = getelementptr i12 %towers, i64 0, i64 %zext_ln216_23" [./calorimeter.h:216->calorimeter.cpp:392]   --->   Operation 549 'getelementptr' 'towers_addr_39' <Predicate = (!icmp_ln375)> <Delay = 0.00>
ST_40 : Operation 550 [1/1] (0.00ns) (grouped into LUT with out node and_ln218_47)   --->   "%xor_ln218_18 = xor i1 %icmp_ln218_17, i1 1" [./calorimeter.h:218->calorimeter.cpp:392]   --->   Operation 550 'xor' 'xor_ln218_18' <Predicate = (!icmp_ln375)> <Delay = 0.00> <CoreInst = "LogicGate">   --->   Core 74 'LogicGate' <Latency = 0> <II = 1> <Delay = 0.12> <FuncUnit> <Opcode : 'and' 'or' 'xor'> <InPorts = 2> <OutPorts = 1>
ST_40 : Operation 551 [1/1] (0.00ns) (grouped into LUT with out node and_ln218_47)   --->   "%xor_ln218_19 = xor i1 %icmp_ln218_18, i1 1" [./calorimeter.h:218->calorimeter.cpp:392]   --->   Operation 551 'xor' 'xor_ln218_19' <Predicate = (!icmp_ln375)> <Delay = 0.00> <CoreInst = "LogicGate">   --->   Core 74 'LogicGate' <Latency = 0> <II = 1> <Delay = 0.12> <FuncUnit> <Opcode : 'and' 'or' 'xor'> <InPorts = 2> <OutPorts = 1>
ST_40 : Operation 552 [1/1] (0.00ns) (grouped into LUT with out node and_ln218_47)   --->   "%xor_ln218_20 = xor i1 %icmp_ln218_19, i1 1" [./calorimeter.h:218->calorimeter.cpp:392]   --->   Operation 552 'xor' 'xor_ln218_20' <Predicate = (!icmp_ln375)> <Delay = 0.00> <CoreInst = "LogicGate">   --->   Core 74 'LogicGate' <Latency = 0> <II = 1> <Delay = 0.12> <FuncUnit> <Opcode : 'and' 'or' 'xor'> <InPorts = 2> <OutPorts = 1>
ST_40 : Operation 553 [1/1] (0.00ns) (grouped into LUT with out node and_ln218_47)   --->   "%xor_ln218_21 = xor i1 %icmp_ln218_20, i1 1" [./calorimeter.h:218->calorimeter.cpp:392]   --->   Operation 553 'xor' 'xor_ln218_21' <Predicate = (!icmp_ln375)> <Delay = 0.00> <CoreInst = "LogicGate">   --->   Core 74 'LogicGate' <Latency = 0> <II = 1> <Delay = 0.12> <FuncUnit> <Opcode : 'and' 'or' 'xor'> <InPorts = 2> <OutPorts = 1>
ST_40 : Operation 554 [1/1] (0.00ns) (grouped into LUT with out node and_ln218_46)   --->   "%xor_ln218_22 = xor i1 %icmp_ln218_21, i1 1" [./calorimeter.h:218->calorimeter.cpp:392]   --->   Operation 554 'xor' 'xor_ln218_22' <Predicate = (!icmp_ln375)> <Delay = 0.00> <CoreInst = "LogicGate">   --->   Core 74 'LogicGate' <Latency = 0> <II = 1> <Delay = 0.12> <FuncUnit> <Opcode : 'and' 'or' 'xor'> <InPorts = 2> <OutPorts = 1>
ST_40 : Operation 555 [1/1] (0.74ns)   --->   "%icmp_ln218_22 = icmp_ult  i12 %seed_et, i12 %neighbor_34" [./calorimeter.h:218->calorimeter.cpp:392]   --->   Operation 555 'icmp' 'icmp_ln218_22' <Predicate = (!icmp_ln375)> <Delay = 0.74> <CoreInst = "Cmp">   --->   Core 9 'Cmp' <Latency = 0> <II = 1> <Delay = 0.74> <FuncUnit> <Opcode : 'seteq' 'setne' 'setle' 'setge' 'setlt' 'setgt'> <InPorts = 2> <OutPorts = 1>
ST_40 : Operation 556 [1/1] (0.00ns) (grouped into LUT with out node and_ln218_46)   --->   "%xor_ln218_23 = xor i1 %icmp_ln218_22, i1 1" [./calorimeter.h:218->calorimeter.cpp:392]   --->   Operation 556 'xor' 'xor_ln218_23' <Predicate = (!icmp_ln375)> <Delay = 0.00> <CoreInst = "LogicGate">   --->   Core 74 'LogicGate' <Latency = 0> <II = 1> <Delay = 0.12> <FuncUnit> <Opcode : 'and' 'or' 'xor'> <InPorts = 2> <OutPorts = 1>
ST_40 : Operation 557 [1/1] (0.00ns) (grouped into LUT with out node and_ln218_46)   --->   "%xor_ln218_24 = xor i1 %icmp_ln218_23, i1 1" [./calorimeter.h:218->calorimeter.cpp:392]   --->   Operation 557 'xor' 'xor_ln218_24' <Predicate = (!icmp_ln375)> <Delay = 0.00> <CoreInst = "LogicGate">   --->   Core 74 'LogicGate' <Latency = 0> <II = 1> <Delay = 0.12> <FuncUnit> <Opcode : 'and' 'or' 'xor'> <InPorts = 2> <OutPorts = 1>
ST_40 : Operation 558 [1/1] (0.00ns) (grouped into LUT with out node and_ln218_46)   --->   "%xor_ln218_25 = xor i1 %icmp_ln218_24, i1 1" [./calorimeter.h:218->calorimeter.cpp:392]   --->   Operation 558 'xor' 'xor_ln218_25' <Predicate = (!icmp_ln375)> <Delay = 0.00> <CoreInst = "LogicGate">   --->   Core 74 'LogicGate' <Latency = 0> <II = 1> <Delay = 0.12> <FuncUnit> <Opcode : 'and' 'or' 'xor'> <InPorts = 2> <OutPorts = 1>
ST_40 : Operation 559 [1/2] (1.20ns)   --->   "%neighbor_37 = load i11 %towers_addr_38" [./calorimeter.h:216->calorimeter.cpp:392]   --->   Operation 559 'load' 'neighbor_37' <Predicate = (!icmp_ln375)> <Delay = 1.20> <CoreInst = "RAM">   --->   Core 82 'RAM' <Latency = 1> <II = 1> <Delay = 1.20> <Storage> <Opcode : 'load' 'store'> <Ports = 2> <Width = 12> <Depth = 1800> <RAM>
ST_40 : Operation 560 [1/1] (0.74ns)   --->   "%icmp_ln218_25 = icmp_ult  i12 %seed_et, i12 %neighbor_37" [./calorimeter.h:218->calorimeter.cpp:392]   --->   Operation 560 'icmp' 'icmp_ln218_25' <Predicate = (!icmp_ln375)> <Delay = 0.74> <CoreInst = "Cmp">   --->   Core 9 'Cmp' <Latency = 0> <II = 1> <Delay = 0.74> <FuncUnit> <Opcode : 'seteq' 'setne' 'setle' 'setge' 'setlt' 'setgt'> <InPorts = 2> <OutPorts = 1>
ST_40 : Operation 561 [1/1] (0.00ns) (grouped into LUT with out node and_ln218_46)   --->   "%xor_ln218_26 = xor i1 %icmp_ln218_25, i1 1" [./calorimeter.h:218->calorimeter.cpp:392]   --->   Operation 561 'xor' 'xor_ln218_26' <Predicate = (!icmp_ln375)> <Delay = 0.00> <CoreInst = "LogicGate">   --->   Core 74 'LogicGate' <Latency = 0> <II = 1> <Delay = 0.12> <FuncUnit> <Opcode : 'and' 'or' 'xor'> <InPorts = 2> <OutPorts = 1>
ST_40 : Operation 562 [2/2] (1.20ns)   --->   "%neighbor_38 = load i11 %towers_addr_39" [./calorimeter.h:216->calorimeter.cpp:392]   --->   Operation 562 'load' 'neighbor_38' <Predicate = (!icmp_ln375)> <Delay = 1.20> <CoreInst = "RAM">   --->   Core 82 'RAM' <Latency = 1> <II = 1> <Delay = 1.20> <Storage> <Opcode : 'load' 'store'> <Ports = 2> <Width = 12> <Depth = 1800> <RAM>
ST_40 : Operation 563 [1/1] (0.00ns) (grouped into LUT with out node and_ln218_47)   --->   "%and_ln218_40 = and i1 %xor_ln218_18, i1 %xor_ln218_19" [./calorimeter.h:218->calorimeter.cpp:392]   --->   Operation 563 'and' 'and_ln218_40' <Predicate = (!icmp_ln375)> <Delay = 0.00> <CoreInst = "LogicGate">   --->   Core 74 'LogicGate' <Latency = 0> <II = 1> <Delay = 0.12> <FuncUnit> <Opcode : 'and' 'or' 'xor'> <InPorts = 2> <OutPorts = 1>
ST_40 : Operation 564 [1/1] (0.00ns) (grouped into LUT with out node and_ln218_47)   --->   "%and_ln218_41 = and i1 %xor_ln218_20, i1 %xor_ln218_21" [./calorimeter.h:218->calorimeter.cpp:392]   --->   Operation 564 'and' 'and_ln218_41' <Predicate = (!icmp_ln375)> <Delay = 0.00> <CoreInst = "LogicGate">   --->   Core 74 'LogicGate' <Latency = 0> <II = 1> <Delay = 0.12> <FuncUnit> <Opcode : 'and' 'or' 'xor'> <InPorts = 2> <OutPorts = 1>
ST_40 : Operation 565 [1/1] (0.00ns) (grouped into LUT with out node and_ln218_47)   --->   "%and_ln218_42 = and i1 %and_ln218_41, i1 %and_ln218_40" [./calorimeter.h:218->calorimeter.cpp:392]   --->   Operation 565 'and' 'and_ln218_42' <Predicate = (!icmp_ln375)> <Delay = 0.00> <CoreInst = "LogicGate">   --->   Core 74 'LogicGate' <Latency = 0> <II = 1> <Delay = 0.12> <FuncUnit> <Opcode : 'and' 'or' 'xor'> <InPorts = 2> <OutPorts = 1>
ST_40 : Operation 566 [1/1] (0.00ns) (grouped into LUT with out node and_ln218_46)   --->   "%and_ln218_43 = and i1 %xor_ln218_22, i1 %xor_ln218_23" [./calorimeter.h:218->calorimeter.cpp:392]   --->   Operation 566 'and' 'and_ln218_43' <Predicate = (!icmp_ln375)> <Delay = 0.00> <CoreInst = "LogicGate">   --->   Core 74 'LogicGate' <Latency = 0> <II = 1> <Delay = 0.12> <FuncUnit> <Opcode : 'and' 'or' 'xor'> <InPorts = 2> <OutPorts = 1>
ST_40 : Operation 567 [1/1] (0.00ns) (grouped into LUT with out node and_ln218_46)   --->   "%and_ln218_44 = and i1 %xor_ln218_25, i1 %xor_ln218_26" [./calorimeter.h:218->calorimeter.cpp:392]   --->   Operation 567 'and' 'and_ln218_44' <Predicate = (!icmp_ln375)> <Delay = 0.00> <CoreInst = "LogicGate">   --->   Core 74 'LogicGate' <Latency = 0> <II = 1> <Delay = 0.12> <FuncUnit> <Opcode : 'and' 'or' 'xor'> <InPorts = 2> <OutPorts = 1>
ST_40 : Operation 568 [1/1] (0.00ns) (grouped into LUT with out node and_ln218_46)   --->   "%and_ln218_45 = and i1 %and_ln218_44, i1 %xor_ln218_24" [./calorimeter.h:218->calorimeter.cpp:392]   --->   Operation 568 'and' 'and_ln218_45' <Predicate = (!icmp_ln375)> <Delay = 0.00> <CoreInst = "LogicGate">   --->   Core 74 'LogicGate' <Latency = 0> <II = 1> <Delay = 0.12> <FuncUnit> <Opcode : 'and' 'or' 'xor'> <InPorts = 2> <OutPorts = 1>
ST_40 : Operation 569 [1/1] (0.12ns) (out node of the LUT)   --->   "%and_ln218_46 = and i1 %and_ln218_45, i1 %and_ln218_43" [./calorimeter.h:218->calorimeter.cpp:392]   --->   Operation 569 'and' 'and_ln218_46' <Predicate = (!icmp_ln375)> <Delay = 0.12> <CoreInst = "LogicGate">   --->   Core 74 'LogicGate' <Latency = 0> <II = 1> <Delay = 0.12> <FuncUnit> <Opcode : 'and' 'or' 'xor'> <InPorts = 2> <OutPorts = 1>
ST_40 : Operation 570 [1/1] (0.12ns) (out node of the LUT)   --->   "%and_ln218_47 = and i1 %and_ln218_46, i1 %and_ln218_42" [./calorimeter.h:218->calorimeter.cpp:392]   --->   Operation 570 'and' 'and_ln218_47' <Predicate = (!icmp_ln375)> <Delay = 0.12> <CoreInst = "LogicGate">   --->   Core 74 'LogicGate' <Latency = 0> <II = 1> <Delay = 0.12> <FuncUnit> <Opcode : 'and' 'or' 'xor'> <InPorts = 2> <OutPorts = 1>

State 41 <SV = 40> <Delay = 1.94>
ST_41 : Operation 571 [1/1] (0.73ns)   --->   "%add_ln216_21 = add i11 %sub_ln216_4, i11 %sext_ln216_1" [./calorimeter.h:216->calorimeter.cpp:392]   --->   Operation 571 'add' 'add_ln216_21' <Predicate = (!icmp_ln375)> <Delay = 0.73> <CoreInst = "Adder">   --->   Core 1 'Adder' <Latency = 0> <II = 1> <Delay = 0.73> <FuncUnit> <Opcode : 'add' 'sub'> <InPorts = 2> <OutPorts = 1>
ST_41 : Operation 572 [1/1] (0.00ns)   --->   "%zext_ln216_30 = zext i11 %add_ln216_21" [./calorimeter.h:216->calorimeter.cpp:392]   --->   Operation 572 'zext' 'zext_ln216_30' <Predicate = (!icmp_ln375)> <Delay = 0.00>
ST_41 : Operation 573 [1/1] (0.00ns)   --->   "%towers_addr_40 = getelementptr i12 %towers, i64 0, i64 %zext_ln216_30" [./calorimeter.h:216->calorimeter.cpp:392]   --->   Operation 573 'getelementptr' 'towers_addr_40' <Predicate = (!icmp_ln375)> <Delay = 0.00>
ST_41 : Operation 574 [1/2] (1.20ns)   --->   "%neighbor_38 = load i11 %towers_addr_39" [./calorimeter.h:216->calorimeter.cpp:392]   --->   Operation 574 'load' 'neighbor_38' <Predicate = (!icmp_ln375)> <Delay = 1.20> <CoreInst = "RAM">   --->   Core 82 'RAM' <Latency = 1> <II = 1> <Delay = 1.20> <Storage> <Opcode : 'load' 'store'> <Ports = 2> <Width = 12> <Depth = 1800> <RAM>
ST_41 : Operation 575 [1/1] (0.74ns)   --->   "%icmp_ln218_26 = icmp_ult  i12 %seed_et, i12 %neighbor_38" [./calorimeter.h:218->calorimeter.cpp:392]   --->   Operation 575 'icmp' 'icmp_ln218_26' <Predicate = (!icmp_ln375)> <Delay = 0.74> <CoreInst = "Cmp">   --->   Core 9 'Cmp' <Latency = 0> <II = 1> <Delay = 0.74> <FuncUnit> <Opcode : 'seteq' 'setne' 'setle' 'setge' 'setlt' 'setgt'> <InPorts = 2> <OutPorts = 1>
ST_41 : Operation 576 [2/2] (1.20ns)   --->   "%neighbor_39 = load i11 %towers_addr_40" [./calorimeter.h:216->calorimeter.cpp:392]   --->   Operation 576 'load' 'neighbor_39' <Predicate = (!icmp_ln375)> <Delay = 1.20> <CoreInst = "RAM">   --->   Core 82 'RAM' <Latency = 1> <II = 1> <Delay = 1.20> <Storage> <Opcode : 'load' 'store'> <Ports = 2> <Width = 12> <Depth = 1800> <RAM>
ST_41 : Operation 577 [1/1] (0.00ns)   --->   "%zext_ln395_25 = zext i12 %neighbor_37" [calorimeter.cpp:395]   --->   Operation 577 'zext' 'zext_ln395_25' <Predicate = (!icmp_ln375)> <Delay = 0.00>
ST_41 : Operation 578 [1/1] (0.00ns)   --->   "%zext_ln395_26 = zext i12 %neighbor_38" [calorimeter.cpp:395]   --->   Operation 578 'zext' 'zext_ln395_26' <Predicate = (!icmp_ln375)> <Delay = 0.00>
ST_41 : Operation 579 [1/1] (0.74ns)   --->   "%add_ln187_49 = add i13 %zext_ln395_26, i13 %zext_ln395_25" [./calorimeter.h:187->calorimeter.cpp:395]   --->   Operation 579 'add' 'add_ln187_49' <Predicate = (!icmp_ln375)> <Delay = 0.74> <CoreInst = "Adder">   --->   Core 1 'Adder' <Latency = 0> <II = 1> <Delay = 0.74> <FuncUnit> <Opcode : 'add' 'sub'> <InPorts = 2> <OutPorts = 1>

State 42 <SV = 41> <Delay = 1.94>
ST_42 : Operation 580 [1/1] (0.73ns)   --->   "%add_ln216_28 = add i11 %sub_ln216_4, i11 %sext_ln216_2" [./calorimeter.h:216->calorimeter.cpp:392]   --->   Operation 580 'add' 'add_ln216_28' <Predicate = (!icmp_ln375)> <Delay = 0.73> <CoreInst = "Adder">   --->   Core 1 'Adder' <Latency = 0> <II = 1> <Delay = 0.73> <FuncUnit> <Opcode : 'add' 'sub'> <InPorts = 2> <OutPorts = 1>
ST_42 : Operation 581 [1/1] (0.00ns)   --->   "%zext_ln216_37 = zext i11 %add_ln216_28" [./calorimeter.h:216->calorimeter.cpp:392]   --->   Operation 581 'zext' 'zext_ln216_37' <Predicate = (!icmp_ln375)> <Delay = 0.00>
ST_42 : Operation 582 [1/1] (0.00ns)   --->   "%towers_addr_41 = getelementptr i12 %towers, i64 0, i64 %zext_ln216_37" [./calorimeter.h:216->calorimeter.cpp:392]   --->   Operation 582 'getelementptr' 'towers_addr_41' <Predicate = (!icmp_ln375)> <Delay = 0.00>
ST_42 : Operation 583 [1/2] (1.20ns)   --->   "%neighbor_39 = load i11 %towers_addr_40" [./calorimeter.h:216->calorimeter.cpp:392]   --->   Operation 583 'load' 'neighbor_39' <Predicate = (!icmp_ln375)> <Delay = 1.20> <CoreInst = "RAM">   --->   Core 82 'RAM' <Latency = 1> <II = 1> <Delay = 1.20> <Storage> <Opcode : 'load' 'store'> <Ports = 2> <Width = 12> <Depth = 1800> <RAM>
ST_42 : Operation 584 [1/1] (0.74ns)   --->   "%icmp_ln218_27 = icmp_ult  i12 %seed_et, i12 %neighbor_39" [./calorimeter.h:218->calorimeter.cpp:392]   --->   Operation 584 'icmp' 'icmp_ln218_27' <Predicate = (!icmp_ln375)> <Delay = 0.74> <CoreInst = "Cmp">   --->   Core 9 'Cmp' <Latency = 0> <II = 1> <Delay = 0.74> <FuncUnit> <Opcode : 'seteq' 'setne' 'setle' 'setge' 'setlt' 'setgt'> <InPorts = 2> <OutPorts = 1>
ST_42 : Operation 585 [2/2] (1.20ns)   --->   "%neighbor_40 = load i11 %towers_addr_41" [./calorimeter.h:216->calorimeter.cpp:392]   --->   Operation 585 'load' 'neighbor_40' <Predicate = (!icmp_ln375)> <Delay = 1.20> <CoreInst = "RAM">   --->   Core 82 'RAM' <Latency = 1> <II = 1> <Delay = 1.20> <Storage> <Opcode : 'load' 'store'> <Ports = 2> <Width = 12> <Depth = 1800> <RAM>
ST_42 : Operation 586 [1/1] (0.00ns)   --->   "%zext_ln184 = zext i12 %neighbor_2" [./calorimeter.h:184->calorimeter.cpp:395]   --->   Operation 586 'zext' 'zext_ln184' <Predicate = (!icmp_ln375)> <Delay = 0.00>
ST_42 : Operation 587 [1/1] (0.00ns)   --->   "%zext_ln395_27 = zext i12 %neighbor_39" [calorimeter.cpp:395]   --->   Operation 587 'zext' 'zext_ln395_27' <Predicate = (!icmp_ln375)> <Delay = 0.00>
ST_42 : Operation 588 [1/1] (0.74ns)   --->   "%add_ln187_50 = add i13 %zext_ln395_27, i13 %zext_ln184" [./calorimeter.h:187->calorimeter.cpp:395]   --->   Operation 588 'add' 'add_ln187_50' <Predicate = (!icmp_ln375)> <Delay = 0.74> <CoreInst = "Adder">   --->   Core 1 'Adder' <Latency = 0> <II = 1> <Delay = 0.74> <FuncUnit> <Opcode : 'add' 'sub'> <InPorts = 2> <OutPorts = 1>

State 43 <SV = 42> <Delay = 3.38>
ST_43 : Operation 589 [1/1] (0.70ns)   --->   "%empty_101 = add i5 %select_ln375_2, i5 3" [calorimeter.cpp:375]   --->   Operation 589 'add' 'empty_101' <Predicate = (!icmp_ln375)> <Delay = 0.70> <CoreInst = "Adder">   --->   Core 1 'Adder' <Latency = 0> <II = 1> <Delay = 0.70> <FuncUnit> <Opcode : 'add' 'sub'> <InPorts = 2> <OutPorts = 1>
ST_43 : Operation 590 [1/1] (0.00ns)   --->   "%p_shl7 = bitconcatenate i11 @_ssdm_op_BitConcatenate.i11.i5.i6, i5 %empty_101, i6 0" [./calorimeter.h:216->calorimeter.cpp:392]   --->   Operation 590 'bitconcatenate' 'p_shl7' <Predicate = (!icmp_ln375)> <Delay = 0.00>
ST_43 : Operation 591 [1/1] (0.00ns)   --->   "%tmp_6 = bitconcatenate i7 @_ssdm_op_BitConcatenate.i7.i5.i2, i5 %empty_101, i2 0" [./calorimeter.h:216->calorimeter.cpp:392]   --->   Operation 591 'bitconcatenate' 'tmp_6' <Predicate = (!icmp_ln375)> <Delay = 0.00>
ST_43 : Operation 592 [1/1] (0.00ns)   --->   "%zext_ln216_5 = zext i7 %tmp_6" [./calorimeter.h:216->calorimeter.cpp:392]   --->   Operation 592 'zext' 'zext_ln216_5' <Predicate = (!icmp_ln375)> <Delay = 0.00>
ST_43 : Operation 593 [1/1] (0.73ns)   --->   "%sub_ln216_5 = sub i11 %p_shl7, i11 %zext_ln216_5" [./calorimeter.h:216->calorimeter.cpp:392]   --->   Operation 593 'sub' 'sub_ln216_5' <Predicate = (!icmp_ln375)> <Delay = 0.73> <CoreInst = "Adder">   --->   Core 1 'Adder' <Latency = 0> <II = 1> <Delay = 0.73> <FuncUnit> <Opcode : 'add' 'sub'> <InPorts = 2> <OutPorts = 1>
ST_43 : Operation 594 [1/1] (0.73ns)   --->   "%add_ln216_5 = add i11 %sub_ln216_5, i11 %zext_ln389_1" [./calorimeter.h:216->calorimeter.cpp:392]   --->   Operation 594 'add' 'add_ln216_5' <Predicate = (!icmp_ln375)> <Delay = 0.73> <CoreInst = "Adder">   --->   Core 1 'Adder' <Latency = 0> <II = 1> <Delay = 0.73> <FuncUnit> <Opcode : 'add' 'sub'> <InPorts = 2> <OutPorts = 1>
ST_43 : Operation 595 [1/1] (0.73ns)   --->   "%add_ln216_15 = add i11 %sub_ln216_5, i11 %sext_ln216" [./calorimeter.h:216->calorimeter.cpp:392]   --->   Operation 595 'add' 'add_ln216_15' <Predicate = (!icmp_ln375)> <Delay = 0.73> <CoreInst = "Adder">   --->   Core 1 'Adder' <Latency = 0> <II = 1> <Delay = 0.73> <FuncUnit> <Opcode : 'add' 'sub'> <InPorts = 2> <OutPorts = 1>
ST_43 : Operation 596 [1/1] (0.73ns)   --->   "%add_ln216_22 = add i11 %sub_ln216_5, i11 %sext_ln216_1" [./calorimeter.h:216->calorimeter.cpp:392]   --->   Operation 596 'add' 'add_ln216_22' <Predicate = (!icmp_ln375)> <Delay = 0.73> <CoreInst = "Adder">   --->   Core 1 'Adder' <Latency = 0> <II = 1> <Delay = 0.73> <FuncUnit> <Opcode : 'add' 'sub'> <InPorts = 2> <OutPorts = 1>
ST_43 : Operation 597 [1/1] (0.73ns)   --->   "%add_ln216_29 = add i11 %sub_ln216_5, i11 %sext_ln216_2" [./calorimeter.h:216->calorimeter.cpp:392]   --->   Operation 597 'add' 'add_ln216_29' <Predicate = (!icmp_ln375)> <Delay = 0.73> <CoreInst = "Adder">   --->   Core 1 'Adder' <Latency = 0> <II = 1> <Delay = 0.73> <FuncUnit> <Opcode : 'add' 'sub'> <InPorts = 2> <OutPorts = 1>
ST_43 : Operation 598 [1/1] (0.73ns)   --->   "%add_ln216_35 = add i11 %sub_ln216_5, i11 %zext_ln216_12" [./calorimeter.h:216->calorimeter.cpp:392]   --->   Operation 598 'add' 'add_ln216_35' <Predicate = (!icmp_ln375)> <Delay = 0.73> <CoreInst = "Adder">   --->   Core 1 'Adder' <Latency = 0> <II = 1> <Delay = 0.73> <FuncUnit> <Opcode : 'add' 'sub'> <InPorts = 2> <OutPorts = 1>
ST_43 : Operation 599 [1/1] (0.00ns)   --->   "%zext_ln216_44 = zext i11 %add_ln216_35" [./calorimeter.h:216->calorimeter.cpp:392]   --->   Operation 599 'zext' 'zext_ln216_44' <Predicate = (!icmp_ln375)> <Delay = 0.00>
ST_43 : Operation 600 [1/1] (0.00ns)   --->   "%towers_addr_42 = getelementptr i12 %towers, i64 0, i64 %zext_ln216_44" [./calorimeter.h:216->calorimeter.cpp:392]   --->   Operation 600 'getelementptr' 'towers_addr_42' <Predicate = (!icmp_ln375)> <Delay = 0.00>
ST_43 : Operation 601 [1/1] (0.73ns)   --->   "%add_ln216_41 = add i11 %sub_ln216_5, i11 %zext_ln216_14" [./calorimeter.h:216->calorimeter.cpp:392]   --->   Operation 601 'add' 'add_ln216_41' <Predicate = (!icmp_ln375)> <Delay = 0.73> <CoreInst = "Adder">   --->   Core 1 'Adder' <Latency = 0> <II = 1> <Delay = 0.73> <FuncUnit> <Opcode : 'add' 'sub'> <InPorts = 2> <OutPorts = 1>
ST_43 : Operation 602 [1/1] (0.73ns)   --->   "%add_ln216_47 = add i11 %sub_ln216_5, i11 %zext_ln216_16" [./calorimeter.h:216->calorimeter.cpp:392]   --->   Operation 602 'add' 'add_ln216_47' <Predicate = (!icmp_ln375)> <Delay = 0.73> <CoreInst = "Adder">   --->   Core 1 'Adder' <Latency = 0> <II = 1> <Delay = 0.73> <FuncUnit> <Opcode : 'add' 'sub'> <InPorts = 2> <OutPorts = 1>
ST_43 : Operation 603 [1/2] (1.20ns)   --->   "%neighbor_40 = load i11 %towers_addr_41" [./calorimeter.h:216->calorimeter.cpp:392]   --->   Operation 603 'load' 'neighbor_40' <Predicate = (!icmp_ln375)> <Delay = 1.20> <CoreInst = "RAM">   --->   Core 82 'RAM' <Latency = 1> <II = 1> <Delay = 1.20> <Storage> <Opcode : 'load' 'store'> <Ports = 2> <Width = 12> <Depth = 1800> <RAM>
ST_43 : Operation 604 [1/1] (0.74ns)   --->   "%icmp_ln218_28 = icmp_ult  i12 %seed_et, i12 %neighbor_40" [./calorimeter.h:218->calorimeter.cpp:392]   --->   Operation 604 'icmp' 'icmp_ln218_28' <Predicate = (!icmp_ln375)> <Delay = 0.74> <CoreInst = "Cmp">   --->   Core 9 'Cmp' <Latency = 0> <II = 1> <Delay = 0.74> <FuncUnit> <Opcode : 'seteq' 'setne' 'setle' 'setge' 'setlt' 'setgt'> <InPorts = 2> <OutPorts = 1>
ST_43 : Operation 605 [2/2] (1.20ns)   --->   "%neighbor_41 = load i11 %towers_addr_42" [./calorimeter.h:216->calorimeter.cpp:392]   --->   Operation 605 'load' 'neighbor_41' <Predicate = (!icmp_ln375)> <Delay = 1.20> <CoreInst = "RAM">   --->   Core 82 'RAM' <Latency = 1> <II = 1> <Delay = 1.20> <Storage> <Opcode : 'load' 'store'> <Ports = 2> <Width = 12> <Depth = 1800> <RAM>
ST_43 : Operation 606 [1/1] (0.00ns)   --->   "%zext_ln395_28 = zext i12 %neighbor_40" [calorimeter.cpp:395]   --->   Operation 606 'zext' 'zext_ln395_28' <Predicate = (!icmp_ln375)> <Delay = 0.00>
ST_43 : Operation 607 [1/1] (0.00ns)   --->   "%zext_ln187_45 = zext i13 %add_ln187_49" [./calorimeter.h:187->calorimeter.cpp:395]   --->   Operation 607 'zext' 'zext_ln187_45' <Predicate = (!icmp_ln375)> <Delay = 0.00>
ST_43 : Operation 608 [1/1] (0.00ns)   --->   "%zext_ln187_46 = zext i13 %add_ln187_50" [./calorimeter.h:187->calorimeter.cpp:395]   --->   Operation 608 'zext' 'zext_ln187_46' <Predicate = (!icmp_ln375)> <Delay = 0.00>
ST_43 : Operation 609 [1/1] (0.75ns)   --->   "%add_ln187_51 = add i14 %zext_ln187_46, i14 %zext_ln395_28" [./calorimeter.h:187->calorimeter.cpp:395]   --->   Operation 609 'add' 'add_ln187_51' <Predicate = (!icmp_ln375)> <Delay = 0.75> <CoreInst = "Adder">   --->   Core 1 'Adder' <Latency = 0> <II = 1> <Delay = 0.75> <FuncUnit> <Opcode : 'add' 'sub'> <InPorts = 2> <OutPorts = 1>
ST_43 : Operation 610 [1/1] (0.00ns)   --->   "%zext_ln187_47 = zext i14 %add_ln187_51" [./calorimeter.h:187->calorimeter.cpp:395]   --->   Operation 610 'zext' 'zext_ln187_47' <Predicate = (!icmp_ln375)> <Delay = 0.00>
ST_43 : Operation 611 [1/1] (0.76ns)   --->   "%add_ln187_52 = add i15 %zext_ln187_47, i15 %zext_ln187_45" [./calorimeter.h:187->calorimeter.cpp:395]   --->   Operation 611 'add' 'add_ln187_52' <Predicate = (!icmp_ln375)> <Delay = 0.76> <CoreInst = "Adder">   --->   Core 1 'Adder' <Latency = 0> <II = 1> <Delay = 0.76> <FuncUnit> <Opcode : 'add' 'sub'> <InPorts = 2> <OutPorts = 1>

State 44 <SV = 43> <Delay = 1.20>
ST_44 : Operation 612 [1/1] (0.00ns)   --->   "%zext_ln216_50 = zext i11 %add_ln216_41" [./calorimeter.h:216->calorimeter.cpp:392]   --->   Operation 612 'zext' 'zext_ln216_50' <Predicate = (!icmp_ln375)> <Delay = 0.00>
ST_44 : Operation 613 [1/1] (0.00ns)   --->   "%towers_addr_43 = getelementptr i12 %towers, i64 0, i64 %zext_ln216_50" [./calorimeter.h:216->calorimeter.cpp:392]   --->   Operation 613 'getelementptr' 'towers_addr_43' <Predicate = (!icmp_ln375)> <Delay = 0.00>
ST_44 : Operation 614 [1/2] (1.20ns)   --->   "%neighbor_41 = load i11 %towers_addr_42" [./calorimeter.h:216->calorimeter.cpp:392]   --->   Operation 614 'load' 'neighbor_41' <Predicate = (!icmp_ln375)> <Delay = 1.20> <CoreInst = "RAM">   --->   Core 82 'RAM' <Latency = 1> <II = 1> <Delay = 1.20> <Storage> <Opcode : 'load' 'store'> <Ports = 2> <Width = 12> <Depth = 1800> <RAM>
ST_44 : Operation 615 [2/2] (1.20ns)   --->   "%neighbor_42 = load i11 %towers_addr_43" [./calorimeter.h:216->calorimeter.cpp:392]   --->   Operation 615 'load' 'neighbor_42' <Predicate = (!icmp_ln375)> <Delay = 1.20> <CoreInst = "RAM">   --->   Core 82 'RAM' <Latency = 1> <II = 1> <Delay = 1.20> <Storage> <Opcode : 'load' 'store'> <Ports = 2> <Width = 12> <Depth = 1800> <RAM>

State 45 <SV = 44> <Delay = 1.20>
ST_45 : Operation 616 [1/1] (0.00ns)   --->   "%zext_ln216_56 = zext i11 %add_ln216_47" [./calorimeter.h:216->calorimeter.cpp:392]   --->   Operation 616 'zext' 'zext_ln216_56' <Predicate = (!icmp_ln375)> <Delay = 0.00>
ST_45 : Operation 617 [1/1] (0.00ns)   --->   "%towers_addr_44 = getelementptr i12 %towers, i64 0, i64 %zext_ln216_56" [./calorimeter.h:216->calorimeter.cpp:392]   --->   Operation 617 'getelementptr' 'towers_addr_44' <Predicate = (!icmp_ln375)> <Delay = 0.00>
ST_45 : Operation 618 [1/2] (1.20ns)   --->   "%neighbor_42 = load i11 %towers_addr_43" [./calorimeter.h:216->calorimeter.cpp:392]   --->   Operation 618 'load' 'neighbor_42' <Predicate = (!icmp_ln375)> <Delay = 1.20> <CoreInst = "RAM">   --->   Core 82 'RAM' <Latency = 1> <II = 1> <Delay = 1.20> <Storage> <Opcode : 'load' 'store'> <Ports = 2> <Width = 12> <Depth = 1800> <RAM>
ST_45 : Operation 619 [2/2] (1.20ns)   --->   "%neighbor_43 = load i11 %towers_addr_44" [./calorimeter.h:216->calorimeter.cpp:392]   --->   Operation 619 'load' 'neighbor_43' <Predicate = (!icmp_ln375)> <Delay = 1.20> <CoreInst = "RAM">   --->   Core 82 'RAM' <Latency = 1> <II = 1> <Delay = 1.20> <Storage> <Opcode : 'load' 'store'> <Ports = 2> <Width = 12> <Depth = 1800> <RAM>

State 46 <SV = 45> <Delay = 3.47>
ST_46 : Operation 620 [1/1] (0.00ns)   --->   "%zext_ln216_11 = zext i11 %add_ln216_5" [./calorimeter.h:216->calorimeter.cpp:392]   --->   Operation 620 'zext' 'zext_ln216_11' <Predicate = (!icmp_ln375)> <Delay = 0.00>
ST_46 : Operation 621 [1/1] (0.00ns)   --->   "%towers_addr_45 = getelementptr i12 %towers, i64 0, i64 %zext_ln216_11" [./calorimeter.h:216->calorimeter.cpp:392]   --->   Operation 621 'getelementptr' 'towers_addr_45' <Predicate = (!icmp_ln375)> <Delay = 0.00>
ST_46 : Operation 622 [1/2] (1.20ns)   --->   "%neighbor_43 = load i11 %towers_addr_44" [./calorimeter.h:216->calorimeter.cpp:392]   --->   Operation 622 'load' 'neighbor_43' <Predicate = (!icmp_ln375)> <Delay = 1.20> <CoreInst = "RAM">   --->   Core 82 'RAM' <Latency = 1> <II = 1> <Delay = 1.20> <Storage> <Opcode : 'load' 'store'> <Ports = 2> <Width = 12> <Depth = 1800> <RAM>
ST_46 : Operation 623 [1/1] (0.74ns)   --->   "%icmp_ln218_31 = icmp_ult  i12 %seed_et, i12 %neighbor_43" [./calorimeter.h:218->calorimeter.cpp:392]   --->   Operation 623 'icmp' 'icmp_ln218_31' <Predicate = (!icmp_ln375)> <Delay = 0.74> <CoreInst = "Cmp">   --->   Core 9 'Cmp' <Latency = 0> <II = 1> <Delay = 0.74> <FuncUnit> <Opcode : 'seteq' 'setne' 'setle' 'setge' 'setlt' 'setgt'> <InPorts = 2> <OutPorts = 1>
ST_46 : Operation 624 [2/2] (1.20ns)   --->   "%neighbor_44 = load i11 %towers_addr_45" [./calorimeter.h:216->calorimeter.cpp:392]   --->   Operation 624 'load' 'neighbor_44' <Predicate = (!icmp_ln375)> <Delay = 1.20> <CoreInst = "RAM">   --->   Core 82 'RAM' <Latency = 1> <II = 1> <Delay = 1.20> <Storage> <Opcode : 'load' 'store'> <Ports = 2> <Width = 12> <Depth = 1800> <RAM>
ST_46 : Operation 625 [1/1] (0.00ns)   --->   "%zext_ln395_22 = zext i12 %neighbor_34" [calorimeter.cpp:395]   --->   Operation 625 'zext' 'zext_ln395_22' <Predicate = (!icmp_ln375)> <Delay = 0.00>
ST_46 : Operation 626 [1/1] (0.00ns)   --->   "%zext_ln395_31 = zext i12 %neighbor_43" [calorimeter.cpp:395]   --->   Operation 626 'zext' 'zext_ln395_31' <Predicate = (!icmp_ln375)> <Delay = 0.00>
ST_46 : Operation 627 [1/1] (0.74ns)   --->   "%add_ln187_46 = add i13 %zext_ln395_31, i13 %zext_ln395_22" [./calorimeter.h:187->calorimeter.cpp:395]   --->   Operation 627 'add' 'add_ln187_46' <Predicate = (!icmp_ln375)> <Delay = 0.74> <CoreInst = "Adder">   --->   Core 1 'Adder' <Latency = 0> <II = 1> <Delay = 0.74> <FuncUnit> <Opcode : 'add' 'sub'> <InPorts = 2> <OutPorts = 1>
ST_46 : Operation 628 [1/1] (0.00ns)   --->   "%zext_ln187_42 = zext i13 %add_ln187_46" [./calorimeter.h:187->calorimeter.cpp:395]   --->   Operation 628 'zext' 'zext_ln187_42' <Predicate = (!icmp_ln375)> <Delay = 0.00>
ST_46 : Operation 629 [1/1] (0.00ns)   --->   "%zext_ln187_43 = zext i13 %add_ln187_47" [./calorimeter.h:187->calorimeter.cpp:395]   --->   Operation 629 'zext' 'zext_ln187_43' <Predicate = (!icmp_ln375)> <Delay = 0.00>
ST_46 : Operation 630 [1/1] (0.75ns)   --->   "%add_ln187_48 = add i14 %zext_ln187_43, i14 %zext_ln187_42" [./calorimeter.h:187->calorimeter.cpp:395]   --->   Operation 630 'add' 'add_ln187_48' <Predicate = (!icmp_ln375)> <Delay = 0.75> <CoreInst = "Adder">   --->   Core 1 'Adder' <Latency = 0> <II = 1> <Delay = 0.75> <FuncUnit> <Opcode : 'add' 'sub'> <InPorts = 2> <OutPorts = 1>
ST_46 : Operation 631 [1/1] (0.00ns)   --->   "%zext_ln187_44 = zext i14 %add_ln187_48" [./calorimeter.h:187->calorimeter.cpp:395]   --->   Operation 631 'zext' 'zext_ln187_44' <Predicate = (!icmp_ln375)> <Delay = 0.00>
ST_46 : Operation 632 [1/1] (0.00ns)   --->   "%zext_ln187_48 = zext i15 %add_ln187_52" [./calorimeter.h:187->calorimeter.cpp:395]   --->   Operation 632 'zext' 'zext_ln187_48' <Predicate = (!icmp_ln375)> <Delay = 0.00>
ST_46 : Operation 633 [1/1] (0.77ns)   --->   "%add_ln187_53 = add i16 %zext_ln187_48, i16 %zext_ln187_44" [./calorimeter.h:187->calorimeter.cpp:395]   --->   Operation 633 'add' 'add_ln187_53' <Predicate = (!icmp_ln375)> <Delay = 0.77> <CoreInst = "Adder">   --->   Core 1 'Adder' <Latency = 0> <II = 1> <Delay = 0.77> <FuncUnit> <Opcode : 'add' 'sub'> <InPorts = 2> <OutPorts = 1>

State 47 <SV = 46> <Delay = 2.70>
ST_47 : Operation 634 [1/1] (0.00ns)   --->   "%zext_ln216_24 = zext i11 %add_ln216_15" [./calorimeter.h:216->calorimeter.cpp:392]   --->   Operation 634 'zext' 'zext_ln216_24' <Predicate = (!icmp_ln375)> <Delay = 0.00>
ST_47 : Operation 635 [1/1] (0.00ns)   --->   "%towers_addr_46 = getelementptr i12 %towers, i64 0, i64 %zext_ln216_24" [./calorimeter.h:216->calorimeter.cpp:392]   --->   Operation 635 'getelementptr' 'towers_addr_46' <Predicate = (!icmp_ln375)> <Delay = 0.00>
ST_47 : Operation 636 [1/1] (0.74ns)   --->   "%icmp_ln218_29 = icmp_ult  i12 %seed_et, i12 %neighbor_41" [./calorimeter.h:218->calorimeter.cpp:392]   --->   Operation 636 'icmp' 'icmp_ln218_29' <Predicate = (!icmp_ln375)> <Delay = 0.74> <CoreInst = "Cmp">   --->   Core 9 'Cmp' <Latency = 0> <II = 1> <Delay = 0.74> <FuncUnit> <Opcode : 'seteq' 'setne' 'setle' 'setge' 'setlt' 'setgt'> <InPorts = 2> <OutPorts = 1>
ST_47 : Operation 637 [1/1] (0.74ns)   --->   "%icmp_ln218_30 = icmp_ult  i12 %seed_et, i12 %neighbor_42" [./calorimeter.h:218->calorimeter.cpp:392]   --->   Operation 637 'icmp' 'icmp_ln218_30' <Predicate = (!icmp_ln375)> <Delay = 0.74> <CoreInst = "Cmp">   --->   Core 9 'Cmp' <Latency = 0> <II = 1> <Delay = 0.74> <FuncUnit> <Opcode : 'seteq' 'setne' 'setle' 'setge' 'setlt' 'setgt'> <InPorts = 2> <OutPorts = 1>
ST_47 : Operation 638 [1/2] (1.20ns)   --->   "%neighbor_44 = load i11 %towers_addr_45" [./calorimeter.h:216->calorimeter.cpp:392]   --->   Operation 638 'load' 'neighbor_44' <Predicate = (!icmp_ln375)> <Delay = 1.20> <CoreInst = "RAM">   --->   Core 82 'RAM' <Latency = 1> <II = 1> <Delay = 1.20> <Storage> <Opcode : 'load' 'store'> <Ports = 2> <Width = 12> <Depth = 1800> <RAM>
ST_47 : Operation 639 [1/1] (0.74ns)   --->   "%icmp_ln218_32 = icmp_ult  i12 %seed_et, i12 %neighbor_44" [./calorimeter.h:218->calorimeter.cpp:392]   --->   Operation 639 'icmp' 'icmp_ln218_32' <Predicate = (!icmp_ln375)> <Delay = 0.74> <CoreInst = "Cmp">   --->   Core 9 'Cmp' <Latency = 0> <II = 1> <Delay = 0.74> <FuncUnit> <Opcode : 'seteq' 'setne' 'setle' 'setge' 'setlt' 'setgt'> <InPorts = 2> <OutPorts = 1>
ST_47 : Operation 640 [2/2] (1.20ns)   --->   "%neighbor_45 = load i11 %towers_addr_46" [./calorimeter.h:216->calorimeter.cpp:392]   --->   Operation 640 'load' 'neighbor_45' <Predicate = (!icmp_ln375)> <Delay = 1.20> <CoreInst = "RAM">   --->   Core 82 'RAM' <Latency = 1> <II = 1> <Delay = 1.20> <Storage> <Opcode : 'load' 'store'> <Ports = 2> <Width = 12> <Depth = 1800> <RAM>
ST_47 : Operation 641 [1/1] (0.00ns)   --->   "%zext_ln395_29 = zext i12 %neighbor_41" [calorimeter.cpp:395]   --->   Operation 641 'zext' 'zext_ln395_29' <Predicate = (!icmp_ln375)> <Delay = 0.00>
ST_47 : Operation 642 [1/1] (0.00ns)   --->   "%zext_ln395_30 = zext i12 %neighbor_42" [calorimeter.cpp:395]   --->   Operation 642 'zext' 'zext_ln395_30' <Predicate = (!icmp_ln375)> <Delay = 0.00>
ST_47 : Operation 643 [1/1] (0.00ns)   --->   "%zext_ln395_32 = zext i12 %neighbor_44" [calorimeter.cpp:395]   --->   Operation 643 'zext' 'zext_ln395_32' <Predicate = (!icmp_ln375)> <Delay = 0.00>
ST_47 : Operation 644 [1/1] (0.74ns)   --->   "%add_ln187_42 = add i13 %zext_ln395_29, i13 %zext_ln395_32" [./calorimeter.h:187->calorimeter.cpp:395]   --->   Operation 644 'add' 'add_ln187_42' <Predicate = (!icmp_ln375)> <Delay = 0.74> <CoreInst = "Adder">   --->   Core 1 'Adder' <Latency = 0> <II = 1> <Delay = 0.74> <FuncUnit> <Opcode : 'add' 'sub'> <InPorts = 2> <OutPorts = 1>
ST_47 : Operation 645 [1/1] (0.00ns)   --->   "%zext_ln187_39 = zext i13 %add_ln187_42" [./calorimeter.h:187->calorimeter.cpp:395]   --->   Operation 645 'zext' 'zext_ln187_39' <Predicate = (!icmp_ln375)> <Delay = 0.00>
ST_47 : Operation 646 [1/1] (0.75ns)   --->   "%add_ln187_43 = add i14 %zext_ln187_39, i14 %zext_ln395_30" [./calorimeter.h:187->calorimeter.cpp:395]   --->   Operation 646 'add' 'add_ln187_43' <Predicate = (!icmp_ln375)> <Delay = 0.75> <CoreInst = "Adder">   --->   Core 1 'Adder' <Latency = 0> <II = 1> <Delay = 0.75> <FuncUnit> <Opcode : 'add' 'sub'> <InPorts = 2> <OutPorts = 1>

State 48 <SV = 47> <Delay = 1.20>
ST_48 : Operation 647 [1/1] (0.00ns)   --->   "%zext_ln216_31 = zext i11 %add_ln216_22" [./calorimeter.h:216->calorimeter.cpp:392]   --->   Operation 647 'zext' 'zext_ln216_31' <Predicate = (!icmp_ln375)> <Delay = 0.00>
ST_48 : Operation 648 [1/1] (0.00ns)   --->   "%towers_addr_47 = getelementptr i12 %towers, i64 0, i64 %zext_ln216_31" [./calorimeter.h:216->calorimeter.cpp:392]   --->   Operation 648 'getelementptr' 'towers_addr_47' <Predicate = (!icmp_ln375)> <Delay = 0.00>
ST_48 : Operation 649 [1/2] (1.20ns)   --->   "%neighbor_45 = load i11 %towers_addr_46" [./calorimeter.h:216->calorimeter.cpp:392]   --->   Operation 649 'load' 'neighbor_45' <Predicate = (!icmp_ln375)> <Delay = 1.20> <CoreInst = "RAM">   --->   Core 82 'RAM' <Latency = 1> <II = 1> <Delay = 1.20> <Storage> <Opcode : 'load' 'store'> <Ports = 2> <Width = 12> <Depth = 1800> <RAM>
ST_48 : Operation 650 [2/2] (1.20ns)   --->   "%neighbor_46 = load i11 %towers_addr_47" [./calorimeter.h:216->calorimeter.cpp:392]   --->   Operation 650 'load' 'neighbor_46' <Predicate = (!icmp_ln375)> <Delay = 1.20> <CoreInst = "RAM">   --->   Core 82 'RAM' <Latency = 1> <II = 1> <Delay = 1.20> <Storage> <Opcode : 'load' 'store'> <Ports = 2> <Width = 12> <Depth = 1800> <RAM>

State 49 <SV = 48> <Delay = 2.71>
ST_49 : Operation 651 [1/1] (0.00ns)   --->   "%zext_ln216_38 = zext i11 %add_ln216_29" [./calorimeter.h:216->calorimeter.cpp:392]   --->   Operation 651 'zext' 'zext_ln216_38' <Predicate = (!icmp_ln375)> <Delay = 0.00>
ST_49 : Operation 652 [1/1] (0.00ns)   --->   "%towers_addr_48 = getelementptr i12 %towers, i64 0, i64 %zext_ln216_38" [./calorimeter.h:216->calorimeter.cpp:392]   --->   Operation 652 'getelementptr' 'towers_addr_48' <Predicate = (!icmp_ln375)> <Delay = 0.00>
ST_49 : Operation 653 [1/1] (0.00ns) (grouped into LUT with out node and_ln218_56)   --->   "%xor_ln218_27 = xor i1 %icmp_ln218_26, i1 1" [./calorimeter.h:218->calorimeter.cpp:392]   --->   Operation 653 'xor' 'xor_ln218_27' <Predicate = (!icmp_ln375)> <Delay = 0.00> <CoreInst = "LogicGate">   --->   Core 74 'LogicGate' <Latency = 0> <II = 1> <Delay = 0.12> <FuncUnit> <Opcode : 'and' 'or' 'xor'> <InPorts = 2> <OutPorts = 1>
ST_49 : Operation 654 [1/1] (0.00ns) (grouped into LUT with out node and_ln218_56)   --->   "%xor_ln218_28 = xor i1 %icmp_ln218_27, i1 1" [./calorimeter.h:218->calorimeter.cpp:392]   --->   Operation 654 'xor' 'xor_ln218_28' <Predicate = (!icmp_ln375)> <Delay = 0.00> <CoreInst = "LogicGate">   --->   Core 74 'LogicGate' <Latency = 0> <II = 1> <Delay = 0.12> <FuncUnit> <Opcode : 'and' 'or' 'xor'> <InPorts = 2> <OutPorts = 1>
ST_49 : Operation 655 [1/1] (0.00ns) (grouped into LUT with out node and_ln218_56)   --->   "%xor_ln218_29 = xor i1 %icmp_ln218_28, i1 1" [./calorimeter.h:218->calorimeter.cpp:392]   --->   Operation 655 'xor' 'xor_ln218_29' <Predicate = (!icmp_ln375)> <Delay = 0.00> <CoreInst = "LogicGate">   --->   Core 74 'LogicGate' <Latency = 0> <II = 1> <Delay = 0.12> <FuncUnit> <Opcode : 'and' 'or' 'xor'> <InPorts = 2> <OutPorts = 1>
ST_49 : Operation 656 [1/1] (0.00ns) (grouped into LUT with out node and_ln218_56)   --->   "%xor_ln218_30 = xor i1 %icmp_ln218_29, i1 1" [./calorimeter.h:218->calorimeter.cpp:392]   --->   Operation 656 'xor' 'xor_ln218_30' <Predicate = (!icmp_ln375)> <Delay = 0.00> <CoreInst = "LogicGate">   --->   Core 74 'LogicGate' <Latency = 0> <II = 1> <Delay = 0.12> <FuncUnit> <Opcode : 'and' 'or' 'xor'> <InPorts = 2> <OutPorts = 1>
ST_49 : Operation 657 [1/1] (0.00ns) (grouped into LUT with out node and_ln218_54)   --->   "%xor_ln218_31 = xor i1 %icmp_ln218_30, i1 1" [./calorimeter.h:218->calorimeter.cpp:392]   --->   Operation 657 'xor' 'xor_ln218_31' <Predicate = (!icmp_ln375)> <Delay = 0.00> <CoreInst = "LogicGate">   --->   Core 74 'LogicGate' <Latency = 0> <II = 1> <Delay = 0.12> <FuncUnit> <Opcode : 'and' 'or' 'xor'> <InPorts = 2> <OutPorts = 1>
ST_49 : Operation 658 [1/1] (0.00ns) (grouped into LUT with out node and_ln218_54)   --->   "%xor_ln218_32 = xor i1 %icmp_ln218_31, i1 1" [./calorimeter.h:218->calorimeter.cpp:392]   --->   Operation 658 'xor' 'xor_ln218_32' <Predicate = (!icmp_ln375)> <Delay = 0.00> <CoreInst = "LogicGate">   --->   Core 74 'LogicGate' <Latency = 0> <II = 1> <Delay = 0.12> <FuncUnit> <Opcode : 'and' 'or' 'xor'> <InPorts = 2> <OutPorts = 1>
ST_49 : Operation 659 [1/1] (0.00ns) (grouped into LUT with out node and_ln218_54)   --->   "%xor_ln218_33 = xor i1 %icmp_ln218_32, i1 1" [./calorimeter.h:218->calorimeter.cpp:392]   --->   Operation 659 'xor' 'xor_ln218_33' <Predicate = (!icmp_ln375)> <Delay = 0.00> <CoreInst = "LogicGate">   --->   Core 74 'LogicGate' <Latency = 0> <II = 1> <Delay = 0.12> <FuncUnit> <Opcode : 'and' 'or' 'xor'> <InPorts = 2> <OutPorts = 1>
ST_49 : Operation 660 [1/1] (0.74ns)   --->   "%icmp_ln218_33 = icmp_ult  i12 %seed_et, i12 %neighbor_45" [./calorimeter.h:218->calorimeter.cpp:392]   --->   Operation 660 'icmp' 'icmp_ln218_33' <Predicate = (!icmp_ln375)> <Delay = 0.74> <CoreInst = "Cmp">   --->   Core 9 'Cmp' <Latency = 0> <II = 1> <Delay = 0.74> <FuncUnit> <Opcode : 'seteq' 'setne' 'setle' 'setge' 'setlt' 'setgt'> <InPorts = 2> <OutPorts = 1>
ST_49 : Operation 661 [1/1] (0.00ns) (grouped into LUT with out node and_ln218_54)   --->   "%xor_ln218_34 = xor i1 %icmp_ln218_33, i1 1" [./calorimeter.h:218->calorimeter.cpp:392]   --->   Operation 661 'xor' 'xor_ln218_34' <Predicate = (!icmp_ln375)> <Delay = 0.00> <CoreInst = "LogicGate">   --->   Core 74 'LogicGate' <Latency = 0> <II = 1> <Delay = 0.12> <FuncUnit> <Opcode : 'and' 'or' 'xor'> <InPorts = 2> <OutPorts = 1>
ST_49 : Operation 662 [1/2] (1.20ns)   --->   "%neighbor_46 = load i11 %towers_addr_47" [./calorimeter.h:216->calorimeter.cpp:392]   --->   Operation 662 'load' 'neighbor_46' <Predicate = (!icmp_ln375)> <Delay = 1.20> <CoreInst = "RAM">   --->   Core 82 'RAM' <Latency = 1> <II = 1> <Delay = 1.20> <Storage> <Opcode : 'load' 'store'> <Ports = 2> <Width = 12> <Depth = 1800> <RAM>
ST_49 : Operation 663 [1/1] (0.74ns)   --->   "%icmp_ln218_34 = icmp_ult  i12 %seed_et, i12 %neighbor_46" [./calorimeter.h:218->calorimeter.cpp:392]   --->   Operation 663 'icmp' 'icmp_ln218_34' <Predicate = (!icmp_ln375)> <Delay = 0.74> <CoreInst = "Cmp">   --->   Core 9 'Cmp' <Latency = 0> <II = 1> <Delay = 0.74> <FuncUnit> <Opcode : 'seteq' 'setne' 'setle' 'setge' 'setlt' 'setgt'> <InPorts = 2> <OutPorts = 1>
ST_49 : Operation 664 [1/1] (0.00ns) (grouped into LUT with out node and_ln218_54)   --->   "%xor_ln218_35 = xor i1 %icmp_ln218_34, i1 1" [./calorimeter.h:218->calorimeter.cpp:392]   --->   Operation 664 'xor' 'xor_ln218_35' <Predicate = (!icmp_ln375)> <Delay = 0.00> <CoreInst = "LogicGate">   --->   Core 74 'LogicGate' <Latency = 0> <II = 1> <Delay = 0.12> <FuncUnit> <Opcode : 'and' 'or' 'xor'> <InPorts = 2> <OutPorts = 1>
ST_49 : Operation 665 [1/1] (0.00ns) (grouped into LUT with out node xor_ln218)   --->   "%and_ln218_33 = and i1 %icmp_ln218_45, i1 %icmp_ln218_44" [./calorimeter.h:218->calorimeter.cpp:392]   --->   Operation 665 'and' 'and_ln218_33' <Predicate = (!icmp_ln375)> <Delay = 0.00> <CoreInst = "LogicGate">   --->   Core 74 'LogicGate' <Latency = 0> <II = 1> <Delay = 0.12> <FuncUnit> <Opcode : 'and' 'or' 'xor'> <InPorts = 2> <OutPorts = 1>
ST_49 : Operation 666 [1/1] (0.00ns) (grouped into LUT with out node xor_ln218)   --->   "%and_ln218_38 = and i1 %and_ln218_37, i1 %and_ln218_33" [./calorimeter.h:218->calorimeter.cpp:392]   --->   Operation 666 'and' 'and_ln218_38' <Predicate = (!icmp_ln375)> <Delay = 0.00> <CoreInst = "LogicGate">   --->   Core 74 'LogicGate' <Latency = 0> <II = 1> <Delay = 0.12> <FuncUnit> <Opcode : 'and' 'or' 'xor'> <InPorts = 2> <OutPorts = 1>
ST_49 : Operation 667 [1/1] (0.00ns) (grouped into LUT with out node xor_ln218)   --->   "%and_ln218_39 = and i1 %and_ln218_38, i1 %and_ln218_32" [./calorimeter.h:218->calorimeter.cpp:392]   --->   Operation 667 'and' 'and_ln218_39' <Predicate = (!icmp_ln375)> <Delay = 0.00> <CoreInst = "LogicGate">   --->   Core 74 'LogicGate' <Latency = 0> <II = 1> <Delay = 0.12> <FuncUnit> <Opcode : 'and' 'or' 'xor'> <InPorts = 2> <OutPorts = 1>
ST_49 : Operation 668 [1/1] (0.00ns) (grouped into LUT with out node and_ln218_56)   --->   "%and_ln218_48 = and i1 %xor_ln218_27, i1 %xor_ln218_28" [./calorimeter.h:218->calorimeter.cpp:392]   --->   Operation 668 'and' 'and_ln218_48' <Predicate = (!icmp_ln375)> <Delay = 0.00> <CoreInst = "LogicGate">   --->   Core 74 'LogicGate' <Latency = 0> <II = 1> <Delay = 0.12> <FuncUnit> <Opcode : 'and' 'or' 'xor'> <InPorts = 2> <OutPorts = 1>
ST_49 : Operation 669 [1/1] (0.00ns) (grouped into LUT with out node and_ln218_56)   --->   "%and_ln218_49 = and i1 %xor_ln218_29, i1 %xor_ln218_30" [./calorimeter.h:218->calorimeter.cpp:392]   --->   Operation 669 'and' 'and_ln218_49' <Predicate = (!icmp_ln375)> <Delay = 0.00> <CoreInst = "LogicGate">   --->   Core 74 'LogicGate' <Latency = 0> <II = 1> <Delay = 0.12> <FuncUnit> <Opcode : 'and' 'or' 'xor'> <InPorts = 2> <OutPorts = 1>
ST_49 : Operation 670 [1/1] (0.00ns) (grouped into LUT with out node and_ln218_56)   --->   "%and_ln218_50 = and i1 %and_ln218_49, i1 %and_ln218_48" [./calorimeter.h:218->calorimeter.cpp:392]   --->   Operation 670 'and' 'and_ln218_50' <Predicate = (!icmp_ln375)> <Delay = 0.00> <CoreInst = "LogicGate">   --->   Core 74 'LogicGate' <Latency = 0> <II = 1> <Delay = 0.12> <FuncUnit> <Opcode : 'and' 'or' 'xor'> <InPorts = 2> <OutPorts = 1>
ST_49 : Operation 671 [1/1] (0.00ns) (grouped into LUT with out node and_ln218_54)   --->   "%and_ln218_51 = and i1 %xor_ln218_31, i1 %xor_ln218_32" [./calorimeter.h:218->calorimeter.cpp:392]   --->   Operation 671 'and' 'and_ln218_51' <Predicate = (!icmp_ln375)> <Delay = 0.00> <CoreInst = "LogicGate">   --->   Core 74 'LogicGate' <Latency = 0> <II = 1> <Delay = 0.12> <FuncUnit> <Opcode : 'and' 'or' 'xor'> <InPorts = 2> <OutPorts = 1>
ST_49 : Operation 672 [1/1] (0.00ns) (grouped into LUT with out node and_ln218_54)   --->   "%and_ln218_52 = and i1 %xor_ln218_34, i1 %xor_ln218_35" [./calorimeter.h:218->calorimeter.cpp:392]   --->   Operation 672 'and' 'and_ln218_52' <Predicate = (!icmp_ln375)> <Delay = 0.00> <CoreInst = "LogicGate">   --->   Core 74 'LogicGate' <Latency = 0> <II = 1> <Delay = 0.12> <FuncUnit> <Opcode : 'and' 'or' 'xor'> <InPorts = 2> <OutPorts = 1>
ST_49 : Operation 673 [1/1] (0.00ns) (grouped into LUT with out node and_ln218_54)   --->   "%and_ln218_53 = and i1 %and_ln218_52, i1 %xor_ln218_33" [./calorimeter.h:218->calorimeter.cpp:392]   --->   Operation 673 'and' 'and_ln218_53' <Predicate = (!icmp_ln375)> <Delay = 0.00> <CoreInst = "LogicGate">   --->   Core 74 'LogicGate' <Latency = 0> <II = 1> <Delay = 0.12> <FuncUnit> <Opcode : 'and' 'or' 'xor'> <InPorts = 2> <OutPorts = 1>
ST_49 : Operation 674 [1/1] (0.12ns) (out node of the LUT)   --->   "%and_ln218_54 = and i1 %and_ln218_53, i1 %and_ln218_51" [./calorimeter.h:218->calorimeter.cpp:392]   --->   Operation 674 'and' 'and_ln218_54' <Predicate = (!icmp_ln375)> <Delay = 0.12> <CoreInst = "LogicGate">   --->   Core 74 'LogicGate' <Latency = 0> <II = 1> <Delay = 0.12> <FuncUnit> <Opcode : 'and' 'or' 'xor'> <InPorts = 2> <OutPorts = 1>
ST_49 : Operation 675 [1/1] (0.00ns) (grouped into LUT with out node and_ln218_56)   --->   "%and_ln218_55 = and i1 %and_ln218_54, i1 %and_ln218_50" [./calorimeter.h:218->calorimeter.cpp:392]   --->   Operation 675 'and' 'and_ln218_55' <Predicate = (!icmp_ln375)> <Delay = 0.00> <CoreInst = "LogicGate">   --->   Core 74 'LogicGate' <Latency = 0> <II = 1> <Delay = 0.12> <FuncUnit> <Opcode : 'and' 'or' 'xor'> <InPorts = 2> <OutPorts = 1>
ST_49 : Operation 676 [1/1] (0.12ns) (out node of the LUT)   --->   "%and_ln218_56 = and i1 %and_ln218_55, i1 %and_ln218_47" [./calorimeter.h:218->calorimeter.cpp:392]   --->   Operation 676 'and' 'and_ln218_56' <Predicate = (!icmp_ln375)> <Delay = 0.12> <CoreInst = "LogicGate">   --->   Core 74 'LogicGate' <Latency = 0> <II = 1> <Delay = 0.12> <FuncUnit> <Opcode : 'and' 'or' 'xor'> <InPorts = 2> <OutPorts = 1>
ST_49 : Operation 677 [1/1] (0.00ns) (grouped into LUT with out node xor_ln218)   --->   "%and_ln218_57 = and i1 %and_ln218_56, i1 %and_ln218_39" [./calorimeter.h:218->calorimeter.cpp:392]   --->   Operation 677 'and' 'and_ln218_57' <Predicate = (!icmp_ln375)> <Delay = 0.00> <CoreInst = "LogicGate">   --->   Core 74 'LogicGate' <Latency = 0> <II = 1> <Delay = 0.12> <FuncUnit> <Opcode : 'and' 'or' 'xor'> <InPorts = 2> <OutPorts = 1>
ST_49 : Operation 678 [1/1] (0.00ns) (grouped into LUT with out node xor_ln218)   --->   "%and_ln218_23 = and i1 %and_ln218_57, i1 %and_ln218_29" [./calorimeter.h:218->calorimeter.cpp:392]   --->   Operation 678 'and' 'and_ln218_23' <Predicate = (!icmp_ln375)> <Delay = 0.00> <CoreInst = "LogicGate">   --->   Core 74 'LogicGate' <Latency = 0> <II = 1> <Delay = 0.12> <FuncUnit> <Opcode : 'and' 'or' 'xor'> <InPorts = 2> <OutPorts = 1>
ST_49 : Operation 679 [2/2] (1.20ns)   --->   "%neighbor_47 = load i11 %towers_addr_48" [./calorimeter.h:216->calorimeter.cpp:392]   --->   Operation 679 'load' 'neighbor_47' <Predicate = (!icmp_ln375)> <Delay = 1.20> <CoreInst = "RAM">   --->   Core 82 'RAM' <Latency = 1> <II = 1> <Delay = 1.20> <Storage> <Opcode : 'load' 'store'> <Ports = 2> <Width = 12> <Depth = 1800> <RAM>
ST_49 : Operation 680 [1/1] (0.12ns) (out node of the LUT)   --->   "%xor_ln218 = xor i1 %and_ln218_23, i1 1" [./calorimeter.h:218->calorimeter.cpp:392]   --->   Operation 680 'xor' 'xor_ln218' <Predicate = (!icmp_ln375)> <Delay = 0.12> <CoreInst = "LogicGate">   --->   Core 74 'LogicGate' <Latency = 0> <II = 1> <Delay = 0.12> <FuncUnit> <Opcode : 'and' 'or' 'xor'> <InPorts = 2> <OutPorts = 1>
ST_49 : Operation 681 [1/1] (0.00ns)   --->   "%zext_ln187_14 = zext i12 %neighbor_45" [./calorimeter.h:187->calorimeter.cpp:395]   --->   Operation 681 'zext' 'zext_ln187_14' <Predicate = (!icmp_ln375)> <Delay = 0.00>
ST_49 : Operation 682 [1/1] (0.00ns)   --->   "%zext_ln187_15 = zext i12 %neighbor_46" [./calorimeter.h:187->calorimeter.cpp:395]   --->   Operation 682 'zext' 'zext_ln187_15' <Predicate = (!icmp_ln375)> <Delay = 0.00>
ST_49 : Operation 683 [1/1] (0.74ns)   --->   "%add_ln187_41 = add i13 %zext_ln187_15, i13 %zext_ln187_14" [./calorimeter.h:187->calorimeter.cpp:395]   --->   Operation 683 'add' 'add_ln187_41' <Predicate = (!icmp_ln375)> <Delay = 0.74> <CoreInst = "Adder">   --->   Core 1 'Adder' <Latency = 0> <II = 1> <Delay = 0.74> <FuncUnit> <Opcode : 'add' 'sub'> <InPorts = 2> <OutPorts = 1>
ST_49 : Operation 684 [1/1] (0.00ns)   --->   "%zext_ln187_38 = zext i13 %add_ln187_41" [./calorimeter.h:187->calorimeter.cpp:395]   --->   Operation 684 'zext' 'zext_ln187_38' <Predicate = (!icmp_ln375)> <Delay = 0.00>
ST_49 : Operation 685 [1/1] (0.00ns)   --->   "%zext_ln187_40 = zext i14 %add_ln187_43" [./calorimeter.h:187->calorimeter.cpp:395]   --->   Operation 685 'zext' 'zext_ln187_40' <Predicate = (!icmp_ln375)> <Delay = 0.00>
ST_49 : Operation 686 [1/1] (0.76ns)   --->   "%add_ln187_44 = add i15 %zext_ln187_40, i15 %zext_ln187_38" [./calorimeter.h:187->calorimeter.cpp:395]   --->   Operation 686 'add' 'add_ln187_44' <Predicate = (!icmp_ln375)> <Delay = 0.76> <CoreInst = "Adder">   --->   Core 1 'Adder' <Latency = 0> <II = 1> <Delay = 0.76> <FuncUnit> <Opcode : 'add' 'sub'> <InPorts = 2> <OutPorts = 1>

State 50 <SV = 49> <Delay = 7.20>
ST_50 : Operation 687 [1/1] (0.00ns)   --->   "%specloopname_ln0 = specloopname void @_ssdm_op_SpecLoopName, void @VITIS_LOOP_375_1_VITIS_LOOP_376_2_str"   --->   Operation 687 'specloopname' 'specloopname_ln0' <Predicate = true> <Delay = 0.00>
ST_50 : Operation 688 [1/1] (0.00ns)   --->   "%speclooptripcount_ln0 = speclooptripcount void @_ssdm_op_SpecLoopTripCount, i64 1440, i64 1440, i64 1440"   --->   Operation 688 'speclooptripcount' 'speclooptripcount_ln0' <Predicate = true> <Delay = 0.00>
ST_50 : Operation 689 [1/1] (0.00ns)   --->   "%specpipeline_ln377 = specpipeline void @_ssdm_op_SpecPipeline, i32 1, i32 0, i32 0, i32 0, void @empty_14" [calorimeter.cpp:377]   --->   Operation 689 'specpipeline' 'specpipeline_ln377' <Predicate = true> <Delay = 0.00>
ST_50 : Operation 690 [1/2] (1.20ns)   --->   "%neighbor_47 = load i11 %towers_addr_48" [./calorimeter.h:216->calorimeter.cpp:392]   --->   Operation 690 'load' 'neighbor_47' <Predicate = true> <Delay = 1.20> <CoreInst = "RAM">   --->   Core 82 'RAM' <Latency = 1> <II = 1> <Delay = 1.20> <Storage> <Opcode : 'load' 'store'> <Ports = 2> <Width = 12> <Depth = 1800> <RAM>
ST_50 : Operation 691 [1/1] (0.74ns)   --->   "%icmp_ln218_46 = icmp_ugt  i12 %neighbor_47, i12 %seed_et" [./calorimeter.h:218->calorimeter.cpp:392]   --->   Operation 691 'icmp' 'icmp_ln218_46' <Predicate = true> <Delay = 0.74> <CoreInst = "Cmp">   --->   Core 9 'Cmp' <Latency = 0> <II = 1> <Delay = 0.74> <FuncUnit> <Opcode : 'seteq' 'setne' 'setle' 'setge' 'setlt' 'setgt'> <InPorts = 2> <OutPorts = 1>
ST_50 : Operation 692 [1/1] (0.00ns)   --->   "%zext_ln394_9 = zext i16 %core3_et_3" [calorimeter.cpp:394]   --->   Operation 692 'zext' 'zext_ln394_9' <Predicate = true> <Delay = 0.00>
ST_50 : Operation 693 [1/1] (0.00ns)   --->   "%zext_ln395 = zext i12 %neighbor" [calorimeter.cpp:395]   --->   Operation 693 'zext' 'zext_ln395' <Predicate = true> <Delay = 0.00>
ST_50 : Operation 694 [1/1] (0.00ns)   --->   "%zext_ln395_1 = zext i12 %neighbor_1" [calorimeter.cpp:395]   --->   Operation 694 'zext' 'zext_ln395_1' <Predicate = true> <Delay = 0.00>
ST_50 : Operation 695 [1/1] (0.00ns)   --->   "%zext_ln187_13 = zext i17 %sum7_et_10" [./calorimeter.h:187->calorimeter.cpp:395]   --->   Operation 695 'zext' 'zext_ln187_13' <Predicate = true> <Delay = 0.00>
ST_50 : Operation 696 [1/1] (0.00ns)   --->   "%zext_ln187_36 = zext i12 %neighbor_47" [./calorimeter.h:187->calorimeter.cpp:395]   --->   Operation 696 'zext' 'zext_ln187_36' <Predicate = true> <Delay = 0.00>
ST_50 : Operation 697 [1/1] (0.00ns) (grouped into TernaryAdder)   --->   "%add_ln187_38 = add i18 %zext_ln187_13, i18 %zext_ln395" [./calorimeter.h:187->calorimeter.cpp:395]   --->   Operation 697 'add' 'add_ln187_38' <Predicate = true> <Delay = 0.00> <CoreInst = "TAddSub">   --->   Core 10 'TAddSub' <Latency = 0> <II = 1> <Delay = 0.34> <IPBlock> <Opcode : '' 'add' 'sub'> <InPorts = 3> <OutPorts = 1> <Sync> <CReg>
ST_50 : Operation 698 [1/1] (0.74ns)   --->   "%add_ln187_39 = add i13 %zext_ln395_1, i13 %zext_ln187_36" [./calorimeter.h:187->calorimeter.cpp:395]   --->   Operation 698 'add' 'add_ln187_39' <Predicate = true> <Delay = 0.74> <CoreInst = "Adder">   --->   Core 1 'Adder' <Latency = 0> <II = 1> <Delay = 0.74> <FuncUnit> <Opcode : 'add' 'sub'> <InPorts = 2> <OutPorts = 1>
ST_50 : Operation 699 [1/1] (0.00ns)   --->   "%zext_ln187_37 = zext i13 %add_ln187_39" [./calorimeter.h:187->calorimeter.cpp:395]   --->   Operation 699 'zext' 'zext_ln187_37' <Predicate = true> <Delay = 0.00>
ST_50 : Operation 700 [1/1] (0.68ns) (root node of TernaryAdder)   --->   "%add_ln187_40 = add i18 %zext_ln187_37, i18 %add_ln187_38" [./calorimeter.h:187->calorimeter.cpp:395]   --->   Operation 700 'add' 'add_ln187_40' <Predicate = true> <Delay = 0.68> <CoreInst = "TAddSub">   --->   Core 10 'TAddSub' <Latency = 0> <II = 1> <Delay = 0.34> <IPBlock> <Opcode : '' 'add' 'sub'> <InPorts = 3> <OutPorts = 1> <Sync> <CReg>
ST_50 : Operation 701 [1/1] (0.00ns)   --->   "%zext_ln187_41 = zext i15 %add_ln187_44" [./calorimeter.h:187->calorimeter.cpp:395]   --->   Operation 701 'zext' 'zext_ln187_41' <Predicate = true> <Delay = 0.00>
ST_50 : Operation 702 [1/1] (0.00ns) (grouped into TernaryAdder)   --->   "%add_ln187_45 = add i18 %zext_ln187_41, i18 %add_ln187_40" [./calorimeter.h:187->calorimeter.cpp:395]   --->   Operation 702 'add' 'add_ln187_45' <Predicate = true> <Delay = 0.00> <CoreInst = "TAddSub">   --->   Core 10 'TAddSub' <Latency = 0> <II = 1> <Delay = 0.34> <IPBlock> <Opcode : '' 'add' 'sub'> <InPorts = 3> <OutPorts = 1> <Sync> <CReg>
ST_50 : Operation 703 [1/1] (0.00ns)   --->   "%zext_ln187_49 = zext i16 %add_ln187_53" [./calorimeter.h:187->calorimeter.cpp:395]   --->   Operation 703 'zext' 'zext_ln187_49' <Predicate = true> <Delay = 0.00>
ST_50 : Operation 704 [1/1] (0.68ns) (root node of TernaryAdder)   --->   "%sum7_et_11 = add i18 %zext_ln187_49, i18 %add_ln187_45" [./calorimeter.h:187->calorimeter.cpp:395]   --->   Operation 704 'add' 'sum7_et_11' <Predicate = true> <Delay = 0.68> <CoreInst = "TAddSub">   --->   Core 10 'TAddSub' <Latency = 0> <II = 1> <Delay = 0.34> <IPBlock> <Opcode : '' 'add' 'sub'> <InPorts = 3> <OutPorts = 1> <Sync> <CReg>
ST_50 : Operation 705 [1/1] (0.00ns)   --->   "%zext_ln395_33 = zext i18 %sum7_et_11" [calorimeter.cpp:395]   --->   Operation 705 'zext' 'zext_ln395_33' <Predicate = true> <Delay = 0.00>
ST_50 : Operation 706 [1/1] (0.00ns)   --->   "%zext_ln395_34 = zext i18 %sum7_et_11" [calorimeter.cpp:395]   --->   Operation 706 'zext' 'zext_ln395_34' <Predicate = true> <Delay = 0.00>
ST_50 : Operation 707 [1/1] (0.79ns)   --->   "%ring7_et = sub i19 %zext_ln395_34, i19 %zext_ln394_9" [calorimeter.cpp:396]   --->   Operation 707 'sub' 'ring7_et' <Predicate = true> <Delay = 0.79> <CoreInst = "Adder">   --->   Core 1 'Adder' <Latency = 0> <II = 1> <Delay = 0.79> <FuncUnit> <Opcode : 'add' 'sub'> <InPorts = 2> <OutPorts = 1>
ST_50 : Operation 708 [1/1] (0.80ns)   --->   "%icmp_ln398 = icmp_ult  i20 %zext_ln395_33, i20 %cluster_threshold_read" [calorimeter.cpp:398]   --->   Operation 708 'icmp' 'icmp_ln398' <Predicate = true> <Delay = 0.80> <CoreInst = "Cmp">   --->   Core 9 'Cmp' <Latency = 0> <II = 1> <Delay = 0.80> <FuncUnit> <Opcode : 'seteq' 'setne' 'setle' 'setge' 'setlt' 'setgt'> <InPorts = 2> <OutPorts = 1>
ST_50 : Operation 709 [1/1] (0.00ns)   --->   "%tmp_10 = bitconcatenate i22 @_ssdm_op_BitConcatenate.i22.i19.i3, i19 %ring7_et, i3 0" [./calorimeter.h:274->calorimeter.cpp:399]   --->   Operation 709 'bitconcatenate' 'tmp_10' <Predicate = true> <Delay = 0.00>
ST_50 : Operation 710 [1/1] (0.00ns)   --->   "%sext_ln274 = sext i22 %tmp_10" [./calorimeter.h:274->calorimeter.cpp:399]   --->   Operation 710 'sext' 'sext_ln274' <Predicate = true> <Delay = 0.00>
ST_50 : Operation 711 [1/1] (0.00ns)   --->   "%tmp_11 = bitconcatenate i20 @_ssdm_op_BitConcatenate.i20.i19.i1, i19 %ring7_et, i1 0" [./calorimeter.h:274->calorimeter.cpp:399]   --->   Operation 711 'bitconcatenate' 'tmp_11' <Predicate = true> <Delay = 0.00>
ST_50 : Operation 712 [1/1] (0.00ns)   --->   "%sext_ln274_1 = sext i20 %tmp_11" [./calorimeter.h:274->calorimeter.cpp:399]   --->   Operation 712 'sext' 'sext_ln274_1' <Predicate = true> <Delay = 0.00>
ST_50 : Operation 713 [1/1] (0.00ns)   --->   "%zext_ln274 = zext i21 %sext_ln274_1" [./calorimeter.h:274->calorimeter.cpp:399]   --->   Operation 713 'zext' 'zext_ln274' <Predicate = true> <Delay = 0.00>
ST_50 : Operation 714 [1/1] (0.82ns)   --->   "%ring_lhs = sub i23 %sext_ln274, i23 %zext_ln274" [./calorimeter.h:274->calorimeter.cpp:399]   --->   Operation 714 'sub' 'ring_lhs' <Predicate = true> <Delay = 0.82> <CoreInst = "Adder">   --->   Core 1 'Adder' <Latency = 0> <II = 1> <Delay = 0.82> <FuncUnit> <Opcode : 'add' 'sub'> <InPorts = 2> <OutPorts = 1>
ST_50 : Operation 715 [1/1] (0.00ns)   --->   "%zext_ln275 = zext i16 %core3_et_3" [./calorimeter.h:275->calorimeter.cpp:399]   --->   Operation 715 'zext' 'zext_ln275' <Predicate = true> <Delay = 0.00>
ST_50 : Operation 716 [1/1] (0.82ns)   --->   "%icmp_ln277 = icmp_ugt  i23 %ring_lhs, i23 %zext_ln275" [./calorimeter.h:277->calorimeter.cpp:399]   --->   Operation 716 'icmp' 'icmp_ln277' <Predicate = true> <Delay = 0.82> <CoreInst = "Cmp">   --->   Core 9 'Cmp' <Latency = 0> <II = 1> <Delay = 0.82> <FuncUnit> <Opcode : 'seteq' 'setne' 'setle' 'setge' 'setlt' 'setgt'> <InPorts = 2> <OutPorts = 1>
ST_50 : Operation 717 [1/1] (0.00ns) (grouped into LUT with out node candidate_et)   --->   "%select_ln398 = select i1 %icmp_ln277, i18 %sum7_et_11, i18 0" [calorimeter.cpp:398]   --->   Operation 717 'select' 'select_ln398' <Predicate = true> <Delay = 0.00> <CoreInst = "Sel">   --->   Core 73 'Sel' <Latency = 0> <II = 1> <Delay = 0.29> <FuncUnit> <Opcode : 'select'> <InPorts = 3> <OutPorts = 1>
ST_50 : Operation 718 [1/1] (0.00ns) (grouped into LUT with out node candidate_isolation_et)   --->   "%select_ln398_1 = select i1 %icmp_ln277, i19 %ring7_et, i19 0" [calorimeter.cpp:398]   --->   Operation 718 'select' 'select_ln398_1' <Predicate = true> <Delay = 0.00> <CoreInst = "Sel">   --->   Core 73 'Sel' <Latency = 0> <II = 1> <Delay = 0.31> <FuncUnit> <Opcode : 'select'> <InPorts = 3> <OutPorts = 1>
ST_50 : Operation 719 [1/1] (0.00ns) (grouped into LUT with out node or_ln398_2)   --->   "%or_ln398 = or i1 %icmp_ln391, i1 %xor_ln218" [calorimeter.cpp:398]   --->   Operation 719 'or' 'or_ln398' <Predicate = true> <Delay = 0.00> <CoreInst = "LogicGate">   --->   Core 74 'LogicGate' <Latency = 0> <II = 1> <Delay = 0.12> <FuncUnit> <Opcode : 'and' 'or' 'xor'> <InPorts = 2> <OutPorts = 1>
ST_50 : Operation 720 [1/1] (0.00ns) (grouped into LUT with out node or_ln398_2)   --->   "%or_ln398_1 = or i1 %icmp_ln218_46, i1 %icmp_ln398" [calorimeter.cpp:398]   --->   Operation 720 'or' 'or_ln398_1' <Predicate = true> <Delay = 0.00> <CoreInst = "LogicGate">   --->   Core 74 'LogicGate' <Latency = 0> <II = 1> <Delay = 0.12> <FuncUnit> <Opcode : 'and' 'or' 'xor'> <InPorts = 2> <OutPorts = 1>
ST_50 : Operation 721 [1/1] (0.12ns) (out node of the LUT)   --->   "%or_ln398_2 = or i1 %or_ln398_1, i1 %or_ln398" [calorimeter.cpp:398]   --->   Operation 721 'or' 'or_ln398_2' <Predicate = true> <Delay = 0.12> <CoreInst = "LogicGate">   --->   Core 74 'LogicGate' <Latency = 0> <II = 1> <Delay = 0.12> <FuncUnit> <Opcode : 'and' 'or' 'xor'> <InPorts = 2> <OutPorts = 1>
ST_50 : Operation 722 [1/1] (0.29ns) (out node of the LUT)   --->   "%candidate_et = select i1 %or_ln398_2, i18 0, i18 %select_ln398" [calorimeter.cpp:398]   --->   Operation 722 'select' 'candidate_et' <Predicate = true> <Delay = 0.29> <CoreInst = "Sel">   --->   Core 73 'Sel' <Latency = 0> <II = 1> <Delay = 0.29> <FuncUnit> <Opcode : 'select'> <InPorts = 3> <OutPorts = 1>
ST_50 : Operation 723 [1/1] (0.31ns) (out node of the LUT)   --->   "%candidate_isolation_et = select i1 %or_ln398_2, i19 0, i19 %select_ln398_1" [calorimeter.cpp:398]   --->   Operation 723 'select' 'candidate_isolation_et' <Predicate = true> <Delay = 0.31> <CoreInst = "Sel">   --->   Core 73 'Sel' <Latency = 0> <II = 1> <Delay = 0.31> <FuncUnit> <Opcode : 'select'> <InPorts = 3> <OutPorts = 1>
ST_50 : Operation 724 [1/1] (0.00ns) (grouped into LUT with out node candidate_valid)   --->   "%not_sel_tmp1 = xor i1 %or_ln398_2, i1 1" [calorimeter.cpp:398]   --->   Operation 724 'xor' 'not_sel_tmp1' <Predicate = true> <Delay = 0.00> <CoreInst = "LogicGate">   --->   Core 74 'LogicGate' <Latency = 0> <II = 1> <Delay = 0.12> <FuncUnit> <Opcode : 'and' 'or' 'xor'> <InPorts = 2> <OutPorts = 1>
ST_50 : Operation 725 [1/1] (0.12ns) (out node of the LUT)   --->   "%candidate_valid = and i1 %icmp_ln277, i1 %not_sel_tmp1" [./calorimeter.h:277->calorimeter.cpp:399]   --->   Operation 725 'and' 'candidate_valid' <Predicate = true> <Delay = 0.12> <CoreInst = "LogicGate">   --->   Core 74 'LogicGate' <Latency = 0> <II = 1> <Delay = 0.12> <FuncUnit> <Opcode : 'and' 'or' 'xor'> <InPorts = 2> <OutPorts = 1>
ST_50 : Operation 726 [1/1] (0.00ns)   --->   "%zext_ln379 = zext i18 %candidate_et" [calorimeter.cpp:379]   --->   Operation 726 'zext' 'zext_ln379' <Predicate = true> <Delay = 0.00>
ST_50 : Operation 727 [1/1] (0.00ns)   --->   "%sext_ln411 = sext i19 %candidate_isolation_et" [calorimeter.cpp:411]   --->   Operation 727 'sext' 'sext_ln411' <Predicate = true> <Delay = 0.00>
ST_50 : Operation 728 [1/1] (0.00ns)   --->   "%or_ln411_s = bitconcatenate i61 @_ssdm_op_BitConcatenate.i61.i1.i8.i6.i1.i5.i20.i20, i1 %candidate_valid, i8 119, i6 %select_ln375, i1 0, i5 %select_ln375_2, i20 %sext_ln411, i20 %zext_ln379" [calorimeter.cpp:411]   --->   Operation 728 'bitconcatenate' 'or_ln411_s' <Predicate = true> <Delay = 0.00>
ST_50 : Operation 729 [1/1] (1.13ns)   --->   "%write_ln411 = write void @_ssdm_op_Write.ap_fifo.volatile.i61P0A, i61 %jet_cluster_stream, i61 %or_ln411_s" [calorimeter.cpp:411]   --->   Operation 729 'write' 'write_ln411' <Predicate = true> <Delay = 1.13> <CoreInst = "FIFO">   --->   Core 77 'FIFO' <Latency = 0> <II = 1> <Delay = 1.13> <Storage> <Opcode : 'read' 'write' 'nbread' 'nbwrite'> <Ports = 0> <Width = 61> <Depth = 64> <FIFO>
ST_50 : Operation 730 [1/1] (0.00ns)   --->   "%br_ln376 = br void %for.body4" [calorimeter.cpp:376]   --->   Operation 730 'br' 'br_ln376' <Predicate = true> <Delay = 0.00>


============================================================
+ Verbose Summary: Timing violations
============================================================
Target clock period: 25.000ns, clock uncertainty: 6.750ns.

 <State 1>: 4.045ns
The critical path consists of the following:
	'store' operation 0 bit ('store_ln375', calorimeter.cpp:375) of constant 3 on local variable 'eta', calorimeter.cpp:375 [15]  (0.387 ns)
	'load' operation 5 bit ('eta_load', calorimeter.cpp:375) on local variable 'eta', calorimeter.cpp:375 [25]  (0.000 ns)
	'add' operation 5 bit ('add_ln375_2', calorimeter.cpp:375) [31]  (0.707 ns)
	'select' operation 5 bit ('select_ln375_2', calorimeter.cpp:375) [33]  (0.278 ns)
	'sub' operation 11 bit ('sub_ln389', calorimeter.cpp:389) [37]  (0.735 ns)
	'add' operation 11 bit ('add_ln389', calorimeter.cpp:389) [68]  (0.735 ns)
	'getelementptr' operation 11 bit ('towers_addr', calorimeter.cpp:389) [70]  (0.000 ns)
	'load' operation 12 bit ('seed_et', calorimeter.cpp:389) on array 'towers' [91]  (1.203 ns)

 <State 2>: 3.380ns
The critical path consists of the following:
	'add' operation 5 bit ('empty', calorimeter.cpp:375) [38]  (0.707 ns)
	'sub' operation 11 bit ('sub_ln216', ./calorimeter.h:216->calorimeter.cpp:392) [42]  (0.735 ns)
	'add' operation 11 bit ('add_ln216_6', ./calorimeter.h:216->calorimeter.cpp:392) [98]  (0.735 ns)
	'getelementptr' operation 11 bit ('towers_addr_1', ./calorimeter.h:216->calorimeter.cpp:392) [100]  (0.000 ns)
	'load' operation 12 bit ('neighbor', ./calorimeter.h:216->calorimeter.cpp:392) on array 'towers' [101]  (1.203 ns)

 <State 3>: 2.952ns
The critical path consists of the following:
	'add' operation 7 bit ('phi', ./calorimeter.h:213->calorimeter.cpp:392) [103]  (0.706 ns)
	'select' operation 7 bit ('phi_idx', ./calorimeter.h:160->./calorimeter.h:213->calorimeter.cpp:392) [106]  (0.308 ns)
	'add' operation 11 bit ('add_ln216_7', ./calorimeter.h:216->calorimeter.cpp:392) [108]  (0.735 ns)
	'getelementptr' operation 11 bit ('towers_addr_2', ./calorimeter.h:216->calorimeter.cpp:392) [110]  (0.000 ns)
	'load' operation 12 bit ('neighbor', ./calorimeter.h:216->calorimeter.cpp:392) on array 'towers' [111]  (1.203 ns)

 <State 4>: 2.952ns
The critical path consists of the following:
	'add' operation 7 bit ('phi', ./calorimeter.h:213->calorimeter.cpp:392) [115]  (0.706 ns)
	'select' operation 7 bit ('phi_idx', ./calorimeter.h:160->./calorimeter.h:213->calorimeter.cpp:392) [118]  (0.308 ns)
	'add' operation 11 bit ('add_ln216_8', ./calorimeter.h:216->calorimeter.cpp:392) [120]  (0.735 ns)
	'getelementptr' operation 11 bit ('towers_addr_3', ./calorimeter.h:216->calorimeter.cpp:392) [122]  (0.000 ns)
	'load' operation 12 bit ('neighbor', ./calorimeter.h:216->calorimeter.cpp:392) on array 'towers' [123]  (1.203 ns)

 <State 5>: 1.938ns
The critical path consists of the following:
	'add' operation 11 bit ('add_ln216', ./calorimeter.h:216->calorimeter.cpp:392) [71]  (0.735 ns)
	'getelementptr' operation 11 bit ('towers_addr_4', ./calorimeter.h:216->calorimeter.cpp:392) [73]  (0.000 ns)
	'load' operation 12 bit ('neighbor', ./calorimeter.h:216->calorimeter.cpp:392) on array 'towers' [127]  (1.203 ns)

 <State 6>: 3.659ns
The critical path consists of the following:
	'add' operation 6 bit ('phi', ./calorimeter.h:213->calorimeter.cpp:392) [131]  (0.706 ns)
	'icmp' operation 1 bit ('icmp_ln162', ./calorimeter.h:162->./calorimeter.h:213->calorimeter.cpp:392) [132]  (0.706 ns)
	'select' operation 7 bit ('phi_idx', ./calorimeter.h:162->./calorimeter.h:213->calorimeter.cpp:392) [135]  (0.308 ns)
	'add' operation 11 bit ('add_ln216_9', ./calorimeter.h:216->calorimeter.cpp:392) [137]  (0.735 ns)
	'getelementptr' operation 11 bit ('towers_addr_5', ./calorimeter.h:216->calorimeter.cpp:392) [139]  (0.000 ns)
	'load' operation 12 bit ('neighbor', ./calorimeter.h:216->calorimeter.cpp:392) on array 'towers' [158]  (1.203 ns)

 <State 7>: 3.659ns
The critical path consists of the following:
	'add' operation 6 bit ('add_ln213_1', ./calorimeter.h:213->calorimeter.cpp:392) [162]  (0.706 ns)
	'icmp' operation 1 bit ('icmp_ln162_1', ./calorimeter.h:162->./calorimeter.h:213->calorimeter.cpp:392) [163]  (0.706 ns)
	'select' operation 7 bit ('phi_idx', ./calorimeter.h:162->./calorimeter.h:213->calorimeter.cpp:392) [166]  (0.308 ns)
	'add' operation 11 bit ('add_ln216_16', ./calorimeter.h:216->calorimeter.cpp:392) [168]  (0.735 ns)
	'getelementptr' operation 11 bit ('towers_addr_6', ./calorimeter.h:216->calorimeter.cpp:392) [170]  (0.000 ns)
	'load' operation 12 bit ('neighbor', ./calorimeter.h:216->calorimeter.cpp:392) on array 'towers' [189]  (1.203 ns)

 <State 8>: 3.659ns
The critical path consists of the following:
	'add' operation 6 bit ('add_ln213_2', ./calorimeter.h:213->calorimeter.cpp:392) [193]  (0.706 ns)
	'icmp' operation 1 bit ('icmp_ln162_2', ./calorimeter.h:162->./calorimeter.h:213->calorimeter.cpp:392) [194]  (0.706 ns)
	'select' operation 7 bit ('phi_idx', ./calorimeter.h:162->./calorimeter.h:213->calorimeter.cpp:392) [197]  (0.308 ns)
	'add' operation 11 bit ('add_ln216_23', ./calorimeter.h:216->calorimeter.cpp:392) [199]  (0.735 ns)
	'getelementptr' operation 11 bit ('towers_addr_7', ./calorimeter.h:216->calorimeter.cpp:392) [201]  (0.000 ns)
	'load' operation 12 bit ('neighbor', ./calorimeter.h:216->calorimeter.cpp:392) on array 'towers' [220]  (1.203 ns)

 <State 9>: 3.380ns
The critical path consists of the following:
	'add' operation 5 bit ('empty_98', calorimeter.cpp:375) [43]  (0.707 ns)
	'sub' operation 11 bit ('sub_ln216_1', ./calorimeter.h:216->calorimeter.cpp:392) [47]  (0.735 ns)
	'add' operation 11 bit ('add_ln216_30', ./calorimeter.h:216->calorimeter.cpp:392) [224]  (0.735 ns)
	'getelementptr' operation 11 bit ('towers_addr_8', ./calorimeter.h:216->calorimeter.cpp:392) [226]  (0.000 ns)
	'load' operation 12 bit ('neighbor', ./calorimeter.h:216->calorimeter.cpp:392) on array 'towers' [242]  (1.203 ns)

 <State 10>: 1.938ns
The critical path consists of the following:
	'add' operation 11 bit ('add_ln216_36', ./calorimeter.h:216->calorimeter.cpp:392) [246]  (0.735 ns)
	'getelementptr' operation 11 bit ('towers_addr_9', ./calorimeter.h:216->calorimeter.cpp:392) [248]  (0.000 ns)
	'load' operation 12 bit ('neighbor', ./calorimeter.h:216->calorimeter.cpp:392) on array 'towers' [264]  (1.203 ns)

 <State 11>: 2.070ns
The critical path consists of the following:
	'load' operation 12 bit ('neighbor', ./calorimeter.h:216->calorimeter.cpp:392) on array 'towers' [264]  (1.203 ns)
	'icmp' operation 1 bit ('icmp_ln218_35', ./calorimeter.h:218->calorimeter.cpp:392) [393]  (0.745 ns)
	'and' operation 1 bit ('and_ln218_11', ./calorimeter.h:218->calorimeter.cpp:392) [394]  (0.000 ns)
	'and' operation 1 bit ('and_ln218_12', ./calorimeter.h:218->calorimeter.cpp:392) [395]  (0.000 ns)
	'and' operation 1 bit ('and_ln218_13', ./calorimeter.h:218->calorimeter.cpp:392) [396]  (0.000 ns)
	'and' operation 1 bit ('and_ln218_14', ./calorimeter.h:218->calorimeter.cpp:392) [397]  (0.122 ns)

 <State 12>: 3.398ns
The critical path consists of the following:
	'load' operation 12 bit ('neighbor', ./calorimeter.h:216->calorimeter.cpp:392) on array 'towers' [283]  (1.203 ns)
	'add' operation 13 bit ('add_ln187_12', ./calorimeter.h:187->calorimeter.cpp:395) [528]  (0.745 ns)
	'add' operation 14 bit ('add_ln187_13', ./calorimeter.h:187->calorimeter.cpp:395) [530]  (0.755 ns)
	'add' operation 15 bit ('sum7_et_8', ./calorimeter.h:187->calorimeter.cpp:395) [532]  (0.695 ns)

 <State 13>: 1.978ns
The critical path consists of the following:
	'load' operation 12 bit ('neighbor', ./calorimeter.h:216->calorimeter.cpp:392) on array 'towers' [284]  (1.203 ns)
	'add' operation 16 bit ('add_ln187_15', ./calorimeter.h:187->calorimeter.cpp:395) [534]  (0.775 ns)

 <State 14>: 1.938ns
The critical path consists of the following:
	'add' operation 11 bit ('add_ln216_17', ./calorimeter.h:216->calorimeter.cpp:392) [171]  (0.735 ns)
	'getelementptr' operation 11 bit ('towers_addr_13', ./calorimeter.h:216->calorimeter.cpp:392) [173]  (0.000 ns)
	'load' operation 12 bit ('neighbor', ./calorimeter.h:216->calorimeter.cpp:392) on array 'towers' [286]  (1.203 ns)

 <State 15>: 1.948ns
The critical path consists of the following:
	'load' operation 12 bit ('neighbor', ./calorimeter.h:216->calorimeter.cpp:392) on array 'towers' [286]  (1.203 ns)
	'icmp' operation 1 bit ('icmp_ln220_7', ./calorimeter.h:220->calorimeter.cpp:392) [287]  (0.745 ns)

 <State 16>: 3.380ns
The critical path consists of the following:
	'add' operation 5 bit ('empty_99', calorimeter.cpp:375) [48]  (0.707 ns)
	'sub' operation 11 bit ('sub_ln216_2', ./calorimeter.h:216->calorimeter.cpp:392) [52]  (0.735 ns)
	'add' operation 11 bit ('add_ln216_31', ./calorimeter.h:216->calorimeter.cpp:392) [227]  (0.735 ns)
	'getelementptr' operation 11 bit ('towers_addr_15', ./calorimeter.h:216->calorimeter.cpp:392) [229]  (0.000 ns)
	'load' operation 12 bit ('neighbor', ./calorimeter.h:216->calorimeter.cpp:392) on array 'towers' [294]  (1.203 ns)

 <State 17>: 1.948ns
The critical path consists of the following:
	'load' operation 12 bit ('neighbor', ./calorimeter.h:216->calorimeter.cpp:392) on array 'towers' [294]  (1.203 ns)
	'icmp' operation 1 bit ('icmp_ln220_9', ./calorimeter.h:220->calorimeter.cpp:392) [295]  (0.745 ns)

 <State 18>: 2.070ns
The critical path consists of the following:
	'load' operation 12 bit ('neighbor', ./calorimeter.h:216->calorimeter.cpp:392) on array 'towers' [298]  (1.203 ns)
	'icmp' operation 1 bit ('icmp_ln220_10', ./calorimeter.h:220->calorimeter.cpp:392) [299]  (0.745 ns)
	'and' operation 1 bit ('and_ln218_21', ./calorimeter.h:218->calorimeter.cpp:392) [407]  (0.000 ns)
	'and' operation 1 bit ('and_ln218_22', ./calorimeter.h:218->calorimeter.cpp:392) [408]  (0.122 ns)

 <State 19>: 1.938ns
The critical path consists of the following:
	'add' operation 11 bit ('add_ln216_2', ./calorimeter.h:216->calorimeter.cpp:392) [77]  (0.735 ns)
	'getelementptr' operation 11 bit ('towers_addr_18', ./calorimeter.h:216->calorimeter.cpp:392) [79]  (0.000 ns)
	'load' operation 12 bit ('neighbor', ./calorimeter.h:216->calorimeter.cpp:392) on array 'towers' [306]  (1.203 ns)

 <State 20>: 4.143ns
The critical path consists of the following:
	'load' operation 12 bit ('neighbor', ./calorimeter.h:216->calorimeter.cpp:392) on array 'towers' [306]  (1.203 ns)
	'add' operation 13 bit ('add_ln187_19', ./calorimeter.h:187->calorimeter.cpp:395) [540]  (0.745 ns)
	'add' operation 14 bit ('add_ln187_20', ./calorimeter.h:187->calorimeter.cpp:395) [542]  (0.755 ns)
	'add' operation 15 bit ('add_ln187_21', ./calorimeter.h:187->calorimeter.cpp:395) [544]  (0.765 ns)
	'add' operation 16 bit ('sum7_et_9', ./calorimeter.h:187->calorimeter.cpp:395) [546]  (0.675 ns)

 <State 21>: 2.703ns
The critical path consists of the following:
	'load' operation 12 bit ('neighbor', ./calorimeter.h:216->calorimeter.cpp:392) on array 'towers' [307]  (1.203 ns)
	'add' operation 13 bit ('add_ln187_1', ./calorimeter.h:187->calorimeter.cpp:394) [467]  (0.745 ns)
	'add' operation 14 bit ('core3_et_1', ./calorimeter.h:187->calorimeter.cpp:394) [469]  (0.755 ns)

 <State 22>: 1.938ns
The critical path consists of the following:
	'add' operation 11 bit ('add_ln216_25', ./calorimeter.h:216->calorimeter.cpp:392) [205]  (0.735 ns)
	'getelementptr' operation 11 bit ('towers_addr_21', ./calorimeter.h:216->calorimeter.cpp:392) [207]  (0.000 ns)
	'load' operation 12 bit ('neighbor', ./calorimeter.h:216->calorimeter.cpp:392) on array 'towers' [309]  (1.203 ns)

 <State 23>: 2.627ns
The critical path consists of the following:
	'load' operation 12 bit ('neighbor', ./calorimeter.h:216->calorimeter.cpp:392) on array 'towers' [309]  (1.203 ns)
	'add' operation 13 bit ('add_ln187_24', ./calorimeter.h:187->calorimeter.cpp:395) [549]  (0.745 ns)
	'add' operation 17 bit ('add_ln187_25', ./calorimeter.h:187->calorimeter.cpp:395) [551]  (0.678 ns)

 <State 24>: 2.070ns
The critical path consists of the following:
	'load' operation 12 bit ('neighbor', ./calorimeter.h:216->calorimeter.cpp:392) on array 'towers' [310]  (1.203 ns)
	'icmp' operation 1 bit ('icmp_ln218_43', ./calorimeter.h:218->calorimeter.cpp:392) [420]  (0.745 ns)
	'and' operation 1 bit ('and_ln218_31', ./calorimeter.h:218->calorimeter.cpp:392) [421]  (0.000 ns)
	'and' operation 1 bit ('and_ln218_32', ./calorimeter.h:218->calorimeter.cpp:392) [422]  (0.122 ns)

 <State 25>: 1.948ns
The critical path consists of the following:
	'load' operation 12 bit ('neighbor', ./calorimeter.h:216->calorimeter.cpp:392) on array 'towers' [311]  (1.203 ns)
	'icmp' operation 1 bit ('icmp_ln218_44', ./calorimeter.h:218->calorimeter.cpp:392) [423]  (0.745 ns)

 <State 26>: 1.938ns
The critical path consists of the following:
	'add' operation 11 bit ('add_ln216_12', ./calorimeter.h:216->calorimeter.cpp:392) [146]  (0.735 ns)
	'getelementptr' operation 11 bit ('towers_addr_25', ./calorimeter.h:216->calorimeter.cpp:392) [148]  (0.000 ns)
	'load' operation 12 bit ('neighbor', ./calorimeter.h:216->calorimeter.cpp:392) on array 'towers' [313]  (1.203 ns)

 <State 27>: 1.938ns
The critical path consists of the following:
	'add' operation 11 bit ('add_ln216_19', ./calorimeter.h:216->calorimeter.cpp:392) [177]  (0.735 ns)
	'getelementptr' operation 11 bit ('towers_addr_26', ./calorimeter.h:216->calorimeter.cpp:392) [179]  (0.000 ns)
	'load' operation 12 bit ('neighbor', ./calorimeter.h:216->calorimeter.cpp:392) on array 'towers' [316]  (1.203 ns)

 <State 28>: 1.938ns
The critical path consists of the following:
	'add' operation 11 bit ('add_ln216_26', ./calorimeter.h:216->calorimeter.cpp:392) [208]  (0.735 ns)
	'getelementptr' operation 11 bit ('towers_addr_27', ./calorimeter.h:216->calorimeter.cpp:392) [210]  (0.000 ns)
	'load' operation 12 bit ('neighbor', ./calorimeter.h:216->calorimeter.cpp:392) on array 'towers' [319]  (1.203 ns)

 <State 29>: 2.673ns
The critical path consists of the following:
	'sub' operation 11 bit ('sub_ln216_3', ./calorimeter.h:216->calorimeter.cpp:392) [56]  (0.735 ns)
	'add' operation 11 bit ('add_ln216_33', ./calorimeter.h:216->calorimeter.cpp:392) [233]  (0.735 ns)
	'getelementptr' operation 11 bit ('towers_addr_28', ./calorimeter.h:216->calorimeter.cpp:392) [235]  (0.000 ns)
	'load' operation 12 bit ('neighbor', ./calorimeter.h:216->calorimeter.cpp:392) on array 'towers' [322]  (1.203 ns)

 <State 30>: 1.938ns
The critical path consists of the following:
	'add' operation 11 bit ('add_ln216_39', ./calorimeter.h:216->calorimeter.cpp:392) [255]  (0.735 ns)
	'getelementptr' operation 11 bit ('towers_addr_29', ./calorimeter.h:216->calorimeter.cpp:392) [257]  (0.000 ns)
	'load' operation 12 bit ('neighbor', ./calorimeter.h:216->calorimeter.cpp:392) on array 'towers' [325]  (1.203 ns)

 <State 31>: 2.703ns
The critical path consists of the following:
	'load' operation 12 bit ('neighbor', ./calorimeter.h:216->calorimeter.cpp:392) on array 'towers' [325]  (1.203 ns)
	'add' operation 13 bit ('add_ln187_31', ./calorimeter.h:187->calorimeter.cpp:395) [561]  (0.745 ns)
	'add' operation 14 bit ('add_ln187_32', ./calorimeter.h:187->calorimeter.cpp:395) [563]  (0.755 ns)

 <State 32>: 1.938ns
The critical path consists of the following:
	'add' operation 11 bit ('add_ln216_3', ./calorimeter.h:216->calorimeter.cpp:392) [80]  (0.735 ns)
	'getelementptr' operation 11 bit ('towers_addr_31', ./calorimeter.h:216->calorimeter.cpp:392) [82]  (0.000 ns)
	'load' operation 12 bit ('neighbor', ./calorimeter.h:216->calorimeter.cpp:392) on array 'towers' [331]  (1.203 ns)

 <State 33>: 3.398ns
The critical path consists of the following:
	'load' operation 12 bit ('neighbor', ./calorimeter.h:216->calorimeter.cpp:392) on array 'towers' [331]  (1.203 ns)
	'add' operation 13 bit ('add_ln187_4', ./calorimeter.h:187->calorimeter.cpp:394) [472]  (0.745 ns)
	'add' operation 14 bit ('add_ln187_5', ./calorimeter.h:187->calorimeter.cpp:394) [474]  (0.755 ns)
	'add' operation 15 bit ('core3_et', ./calorimeter.h:187->calorimeter.cpp:394) [476]  (0.695 ns)

 <State 34>: 1.938ns
The critical path consists of the following:
	'add' operation 11 bit ('add_ln216_20', ./calorimeter.h:216->calorimeter.cpp:392) [180]  (0.735 ns)
	'getelementptr' operation 11 bit ('towers_addr_33', ./calorimeter.h:216->calorimeter.cpp:392) [182]  (0.000 ns)
	'load' operation 12 bit ('neighbor', ./calorimeter.h:216->calorimeter.cpp:392) on array 'towers' [337]  (1.203 ns)

 <State 35>: 1.938ns
The critical path consists of the following:
	'add' operation 11 bit ('add_ln216_27', ./calorimeter.h:216->calorimeter.cpp:392) [211]  (0.735 ns)
	'getelementptr' operation 11 bit ('towers_addr_34', ./calorimeter.h:216->calorimeter.cpp:392) [213]  (0.000 ns)
	'load' operation 12 bit ('neighbor', ./calorimeter.h:216->calorimeter.cpp:392) on array 'towers' [340]  (1.203 ns)

 <State 36>: 4.921ns
The critical path consists of the following:
	'load' operation 12 bit ('neighbor', ./calorimeter.h:216->calorimeter.cpp:392) on array 'towers' [340]  (1.203 ns)
	'add' operation 13 bit ('add_ln187_33', ./calorimeter.h:187->calorimeter.cpp:395) [566]  (0.745 ns)
	'add' operation 14 bit ('add_ln187_34', ./calorimeter.h:187->calorimeter.cpp:395) [568]  (0.755 ns)
	'add' operation 15 bit ('add_ln187_35', ./calorimeter.h:187->calorimeter.cpp:395) [570]  (0.765 ns)
	'add' operation 16 bit ('add_ln187_36', ./calorimeter.h:187->calorimeter.cpp:395) [572]  (0.775 ns)
	'add' operation 17 bit ('sum7_et_10', ./calorimeter.h:187->calorimeter.cpp:395) [574]  (0.678 ns)

 <State 37>: 1.938ns
The critical path consists of the following:
	'add' operation 11 bit ('add_ln216_40', ./calorimeter.h:216->calorimeter.cpp:392) [258]  (0.735 ns)
	'getelementptr' operation 11 bit ('towers_addr_36', ./calorimeter.h:216->calorimeter.cpp:392) [260]  (0.000 ns)
	'load' operation 12 bit ('neighbor', ./calorimeter.h:216->calorimeter.cpp:392) on array 'towers' [346]  (1.203 ns)

 <State 38>: 1.938ns
The critical path consists of the following:
	'add' operation 11 bit ('add_ln216_46', ./calorimeter.h:216->calorimeter.cpp:392) [277]  (0.735 ns)
	'getelementptr' operation 11 bit ('towers_addr_37', ./calorimeter.h:216->calorimeter.cpp:392) [279]  (0.000 ns)
	'load' operation 12 bit ('neighbor', ./calorimeter.h:216->calorimeter.cpp:392) on array 'towers' [349]  (1.203 ns)

 <State 39>: 1.948ns
The critical path consists of the following:
	'load' operation 12 bit ('neighbor', ./calorimeter.h:216->calorimeter.cpp:392) on array 'towers' [349]  (1.203 ns)
	'icmp' operation 1 bit ('icmp_ln218_24', ./calorimeter.h:218->calorimeter.cpp:392) [350]  (0.745 ns)

 <State 40>: 2.192ns
The critical path consists of the following:
	'load' operation 12 bit ('neighbor', ./calorimeter.h:216->calorimeter.cpp:392) on array 'towers' [352]  (1.203 ns)
	'icmp' operation 1 bit ('icmp_ln218_25', ./calorimeter.h:218->calorimeter.cpp:392) [353]  (0.745 ns)
	'xor' operation 1 bit ('xor_ln218_26', ./calorimeter.h:218->calorimeter.cpp:392) [354]  (0.000 ns)
	'and' operation 1 bit ('and_ln218_44', ./calorimeter.h:218->calorimeter.cpp:392) [436]  (0.000 ns)
	'and' operation 1 bit ('and_ln218_45', ./calorimeter.h:218->calorimeter.cpp:392) [437]  (0.000 ns)
	'and' operation 1 bit ('and_ln218_46', ./calorimeter.h:218->calorimeter.cpp:392) [438]  (0.122 ns)
	'and' operation 1 bit ('and_ln218_47', ./calorimeter.h:218->calorimeter.cpp:392) [439]  (0.122 ns)

 <State 41>: 1.948ns
The critical path consists of the following:
	'load' operation 12 bit ('neighbor', ./calorimeter.h:216->calorimeter.cpp:392) on array 'towers' [355]  (1.203 ns)
	'icmp' operation 1 bit ('icmp_ln218_26', ./calorimeter.h:218->calorimeter.cpp:392) [356]  (0.745 ns)

 <State 42>: 1.948ns
The critical path consists of the following:
	'load' operation 12 bit ('neighbor', ./calorimeter.h:216->calorimeter.cpp:392) on array 'towers' [358]  (1.203 ns)
	'icmp' operation 1 bit ('icmp_ln218_27', ./calorimeter.h:218->calorimeter.cpp:392) [359]  (0.745 ns)

 <State 43>: 3.380ns
The critical path consists of the following:
	'add' operation 5 bit ('empty_101', calorimeter.cpp:375) [62]  (0.707 ns)
	'sub' operation 11 bit ('sub_ln216_5', ./calorimeter.h:216->calorimeter.cpp:392) [66]  (0.735 ns)
	'add' operation 11 bit ('add_ln216_35', ./calorimeter.h:216->calorimeter.cpp:392) [239]  (0.735 ns)
	'getelementptr' operation 11 bit ('towers_addr_42', ./calorimeter.h:216->calorimeter.cpp:392) [241]  (0.000 ns)
	'load' operation 12 bit ('neighbor', ./calorimeter.h:216->calorimeter.cpp:392) on array 'towers' [364]  (1.203 ns)

 <State 44>: 1.203ns
The critical path consists of the following:
	'load' operation 12 bit ('neighbor', ./calorimeter.h:216->calorimeter.cpp:392) on array 'towers' [364]  (1.203 ns)

 <State 45>: 1.203ns
The critical path consists of the following:
	'load' operation 12 bit ('neighbor', ./calorimeter.h:216->calorimeter.cpp:392) on array 'towers' [367]  (1.203 ns)

 <State 46>: 3.478ns
The critical path consists of the following:
	'load' operation 12 bit ('neighbor', ./calorimeter.h:216->calorimeter.cpp:392) on array 'towers' [370]  (1.203 ns)
	'add' operation 13 bit ('add_ln187_46', ./calorimeter.h:187->calorimeter.cpp:395) [590]  (0.745 ns)
	'add' operation 14 bit ('add_ln187_48', ./calorimeter.h:187->calorimeter.cpp:395) [594]  (0.755 ns)
	'add' operation 16 bit ('add_ln187_53', ./calorimeter.h:187->calorimeter.cpp:395) [604]  (0.775 ns)

 <State 47>: 2.703ns
The critical path consists of the following:
	'load' operation 12 bit ('neighbor', ./calorimeter.h:216->calorimeter.cpp:392) on array 'towers' [373]  (1.203 ns)
	'add' operation 13 bit ('add_ln187_42', ./calorimeter.h:187->calorimeter.cpp:395) [583]  (0.745 ns)
	'add' operation 14 bit ('add_ln187_43', ./calorimeter.h:187->calorimeter.cpp:395) [585]  (0.755 ns)

 <State 48>: 1.203ns
The critical path consists of the following:
	'load' operation 12 bit ('neighbor', ./calorimeter.h:216->calorimeter.cpp:392) on array 'towers' [376]  (1.203 ns)

 <State 49>: 2.713ns
The critical path consists of the following:
	'load' operation 12 bit ('neighbor', ./calorimeter.h:216->calorimeter.cpp:392) on array 'towers' [379]  (1.203 ns)
	'add' operation 13 bit ('add_ln187_41', ./calorimeter.h:187->calorimeter.cpp:395) [581]  (0.745 ns)
	'add' operation 15 bit ('add_ln187_44', ./calorimeter.h:187->calorimeter.cpp:395) [587]  (0.765 ns)

 <State 50>: 7.205ns
The critical path consists of the following:
	'load' operation 12 bit ('neighbor', ./calorimeter.h:216->calorimeter.cpp:392) on array 'towers' [451]  (1.203 ns)
	'add' operation 13 bit ('add_ln187_39', ./calorimeter.h:187->calorimeter.cpp:395) [578]  (0.745 ns)
	'add' operation 18 bit ('add_ln187_40', ./calorimeter.h:187->calorimeter.cpp:395) [580]  (0.682 ns)
	'add' operation 18 bit ('add_ln187_45', ./calorimeter.h:187->calorimeter.cpp:395) [589]  (0.000 ns)
	'add' operation 18 bit ('sum7_et', ./calorimeter.h:187->calorimeter.cpp:395) [606]  (0.682 ns)
	'sub' operation 19 bit ('ring7_et', calorimeter.cpp:396) [609]  (0.797 ns)
	'sub' operation 23 bit ('ring_lhs', ./calorimeter.h:274->calorimeter.cpp:399) [616]  (0.821 ns)
	'icmp' operation 1 bit ('icmp_ln277', ./calorimeter.h:277->calorimeter.cpp:399) [618]  (0.827 ns)
	'select' operation 19 bit ('select_ln398_1', calorimeter.cpp:398) [620]  (0.000 ns)
	'select' operation 19 bit ('candidate.isolation_et', calorimeter.cpp:398) [625]  (0.319 ns)
	fifo write operation ('write_ln411', calorimeter.cpp:411) on port 'jet_cluster_stream' (calorimeter.cpp:411) [631]  (1.130 ns)


============================================================
+ Verbose Summary: Binding
============================================================
N/A
* FSMD analyzer results:
  - Output states:
 - Input state : 
  - Chain level:
	State 1
	State 2
	State 3
	State 4
	State 5
	State 6
	State 7
	State 8
	State 9
	State 10
	State 11
	State 12
	State 13
	State 14
	State 15
	State 16
	State 17
	State 18
	State 19
	State 20
	State 21
	State 22
	State 23
	State 24
	State 25
	State 26
	State 27
	State 28
	State 29
	State 30
	State 31
	State 32
	State 33
	State 34
	State 35
	State 36
	State 37
	State 38
	State 39
	State 40
	State 41
	State 42
	State 43
	State 44
	State 45
	State 46
	State 47
	State 48
	State 49
	State 50


============================================================
+ Verbose Summary: Datapath Resource usage 
============================================================
N/A
