

================================================================
== Vitis HLS Report for 'produce_em_cluster_stream'
================================================================
* Date:           Tue May 12 22:45:27 2026

* Version:        2024.1 (Build 5069499 on May 21 2024)
* Project:        calorimeter
* Solution:       solution1 (Vivado IP Flow Target)
* Product family: virtexuplus
* Target device:  xcvu13p-fsga2577-2-e


================================================================
== Performance Estimates
================================================================
+ Timing: 
    * Summary: 
    +--------+----------+----------+------------+
    |  Clock |  Target  | Estimated| Uncertainty|
    +--------+----------+----------+------------+
    |ap_clk  |  25.00 ns|  7.274 ns|     6.75 ns|
    +--------+----------+----------+------------+

+ Latency: 
    * Summary: 
    +---------+---------+----------+----------+-------+-------+-----------------------------------------------+
    |  Latency (cycles) |  Latency (absolute) |    Interval   |                    Pipeline                   |
    |   min   |   max   |    min   |    max   |  min  |  max  |                      Type                     |
    +---------+---------+----------+----------+-------+-------+-----------------------------------------------+
    |    70562|    70562|  1.764 ms|  1.764 ms|  70561|  70561|  loop auto-rewind stp(delay=0 clock cycles(s))|
    +---------+---------+----------+----------+-------+-------+-----------------------------------------------+

    + Detail: 
        * Instance: 
        N/A

        * Loop: 
        +-------------------------------------+---------+---------+----------+-----------+-----------+------+----------+
        |                                     |  Latency (cycles) | Iteration|  Initiation Interval  | Trip |          |
        |              Loop Name              |   min   |   max   |  Latency |  achieved |   target  | Count| Pipelined|
        +-------------------------------------+---------+---------+----------+-----------+-----------+------+----------+
        |- VITIS_LOOP_328_1_VITIS_LOOP_329_2  |    70560|    70560|        50|         49|          1|  1440|       yes|
        +-------------------------------------+---------+---------+----------+-----------+-----------+------+----------+

============================================================
+ Verbose Summary: Synthesis Manager
============================================================
InlineROM: 1
ExposeGlobal: 0
============================================================
+ Verbose Summary: CDFG Model
============================================================
IsTopModel: 0
ResetActiveHigh: 1
IsCombinational: 2
IsDatapathOnly: 0
HasWiredReturn: 1
HasMFsm: 2
HasVarLatency: 1
IsPipeline: 0
IsRtlPipelined: 0
IsInstanceOverlapped: 0
IsDontTouch: 0
HasImplIP: 0
IsGatedGlobalClock: 0

+ Individual pipeline summary: 
  * Pipeline-0: initiation interval (II) = 49, depth = 50


============================================================
+ Verbose Summary: Schedule
============================================================
* Number of FSM states : 50
* Pipeline : 1
  Pipeline-0 : II = 49, D = 50, States = { 1 2 3 4 5 6 7 8 9 10 11 12 13 14 15 16 17 18 19 20 21 22 23 24 25 26 27 28 29 30 31 32 33 34 35 36 37 38 39 40 41 42 43 44 45 46 47 48 49 50 }
* Dataflow Pipeline: 0

* FSM state transitions: 
1 --> 2 
2 --> 3 
3 --> 4 
4 --> 5 
5 --> 6 
6 --> 7 
7 --> 8 
8 --> 9 
9 --> 10 
10 --> 11 
11 --> 12 
12 --> 13 
13 --> 14 
14 --> 15 
15 --> 16 
16 --> 17 
17 --> 18 
18 --> 19 
19 --> 20 
20 --> 21 
21 --> 22 
22 --> 23 
23 --> 24 
24 --> 25 
25 --> 26 
26 --> 27 
27 --> 28 
28 --> 29 
29 --> 30 
30 --> 31 
31 --> 32 
32 --> 33 
33 --> 34 
34 --> 35 
35 --> 36 
36 --> 37 
37 --> 38 
38 --> 39 
39 --> 40 
40 --> 41 
41 --> 42 
42 --> 43 
43 --> 44 
44 --> 45 
45 --> 46 
46 --> 47 
47 --> 48 
48 --> 49 
49 --> 50 
50 --> 

* FSM state operations: 

State 1 <SV = 0> <Delay = 4.04>
ST_1 : Operation 53 [1/1] (0.00ns)   --->   "%phi_idx_13 = alloca i32 1" [./calorimeter.h:184->calorimeter.cpp:349]   --->   Operation 53 'alloca' 'phi_idx_13' <Predicate = true> <Delay = 0.00>
ST_1 : Operation 54 [1/1] (0.00ns)   --->   "%eta = alloca i32 1" [calorimeter.cpp:328]   --->   Operation 54 'alloca' 'eta' <Predicate = true> <Delay = 0.00>
ST_1 : Operation 55 [1/1] (0.00ns)   --->   "%indvar_flatten = alloca i32 1"   --->   Operation 55 'alloca' 'indvar_flatten' <Predicate = true> <Delay = 0.00>
ST_1 : Operation 56 [1/1] (0.00ns)   --->   "%specshared_ln0 = specshared void @_ssdm_op_SpecShared, i12 %towers, void @p_str"   --->   Operation 56 'specshared' 'specshared_ln0' <Predicate = true> <Delay = 0.00>
ST_1 : Operation 57 [1/1] (0.00ns)   --->   "%specbindport_ln0 = specbindport void @_ssdm_op_SpecBindPort, i12 %towers, i32 0, void @p_str"   --->   Operation 57 'specbindport' 'specbindport_ln0' <Predicate = true> <Delay = 0.00>
ST_1 : Operation 58 [1/1] (0.00ns)   --->   "%specinterface_ln0 = specinterface void @_ssdm_op_SpecInterface, i61 %em_cluster_stream, void @empty_8, i32 0, i32 0, void @empty_14, i32 0, i32 0, void @empty_14, void @empty_14, void @empty_14, i32 0, i32 0, i32 0, i32 0, void @empty_14, void @empty_14, i32 4294967295, i32 0, i32 0"   --->   Operation 58 'specinterface' 'specinterface_ln0' <Predicate = true> <Delay = 0.00>
ST_1 : Operation 59 [1/1] (0.00ns)   --->   "%specinterface_ln0 = specinterface void @_ssdm_op_SpecInterface, i12 %towers, void @empty_13, i32 0, i32 0, void @empty_14, i32 4294967295, i32 0, void @empty_14, void @empty_14, void @empty_14, i32 0, i32 0, i32 0, i32 0, void @empty_14, void @empty_14, i32 4294967295, i32 0, i32 0"   --->   Operation 59 'specinterface' 'specinterface_ln0' <Predicate = true> <Delay = 0.00>
ST_1 : Operation 60 [1/1] (0.00ns)   --->   "%cluster_threshold_read = read i20 @_ssdm_op_Read.ap_auto.i20, i20 %cluster_threshold" [calorimeter.cpp:328]   --->   Operation 60 'read' 'cluster_threshold_read' <Predicate = true> <Delay = 0.00>
ST_1 : Operation 61 [1/1] (0.00ns)   --->   "%seed_threshold_read = read i12 @_ssdm_op_Read.ap_auto.i12, i12 %seed_threshold" [calorimeter.cpp:328]   --->   Operation 61 'read' 'seed_threshold_read' <Predicate = true> <Delay = 0.00>
ST_1 : Operation 62 [1/1] (0.38ns)   --->   "%store_ln0 = store i11 0, i11 %indvar_flatten"   --->   Operation 62 'store' 'store_ln0' <Predicate = true> <Delay = 0.38>
ST_1 : Operation 63 [1/1] (0.38ns)   --->   "%store_ln328 = store i5 3, i5 %eta" [calorimeter.cpp:328]   --->   Operation 63 'store' 'store_ln328' <Predicate = true> <Delay = 0.38>
ST_1 : Operation 64 [1/1] (0.38ns)   --->   "%store_ln184 = store i6 0, i6 %phi_idx_13" [./calorimeter.h:184->calorimeter.cpp:349]   --->   Operation 64 'store' 'store_ln184' <Predicate = true> <Delay = 0.38>
ST_1 : Operation 65 [1/1] (0.00ns)   --->   "%br_ln328 = br void %for.body4" [calorimeter.cpp:328]   --->   Operation 65 'br' 'br_ln328' <Predicate = true> <Delay = 0.00>
ST_1 : Operation 66 [1/1] (0.00ns)   --->   "%indvar_flatten_load = load i11 %indvar_flatten" [calorimeter.cpp:328]   --->   Operation 66 'load' 'indvar_flatten_load' <Predicate = true> <Delay = 0.00>
ST_1 : Operation 67 [1/1] (0.73ns)   --->   "%icmp_ln328 = icmp_eq  i11 %indvar_flatten_load, i11 1440" [calorimeter.cpp:328]   --->   Operation 67 'icmp' 'icmp_ln328' <Predicate = true> <Delay = 0.73> <CoreInst = "Cmp">   --->   Core 9 'Cmp' <Latency = 0> <II = 1> <Delay = 0.73> <FuncUnit> <Opcode : 'seteq' 'setne' 'setle' 'setge' 'setlt' 'setgt'> <InPorts = 2> <OutPorts = 1>
ST_1 : Operation 68 [1/1] (0.73ns)   --->   "%add_ln328_1 = add i11 %indvar_flatten_load, i11 1" [calorimeter.cpp:328]   --->   Operation 68 'add' 'add_ln328_1' <Predicate = true> <Delay = 0.73> <CoreInst = "Adder">   --->   Core 1 'Adder' <Latency = 0> <II = 1> <Delay = 0.73> <FuncUnit> <Opcode : 'add' 'sub'> <InPorts = 2> <OutPorts = 1>
ST_1 : Operation 69 [1/1] (0.00ns)   --->   "%br_ln328 = br i1 %icmp_ln328, void %for.inc27, void %for.end29" [calorimeter.cpp:328]   --->   Operation 69 'br' 'br_ln328' <Predicate = true> <Delay = 0.00>
ST_1 : Operation 70 [1/1] (0.00ns)   --->   "%phi_idx_13_load = load i6 %phi_idx_13" [calorimeter.cpp:329]   --->   Operation 70 'load' 'phi_idx_13_load' <Predicate = (!icmp_ln328)> <Delay = 0.00>
ST_1 : Operation 71 [1/1] (0.00ns)   --->   "%eta_load = load i5 %eta" [calorimeter.cpp:328]   --->   Operation 71 'load' 'eta_load' <Predicate = (!icmp_ln328)> <Delay = 0.00>
ST_1 : Operation 72 [1/1] (0.70ns)   --->   "%icmp_ln329 = icmp_eq  i6 %phi_idx_13_load, i6 60" [calorimeter.cpp:329]   --->   Operation 72 'icmp' 'icmp_ln329' <Predicate = (!icmp_ln328)> <Delay = 0.70> <CoreInst = "Cmp">   --->   Core 9 'Cmp' <Latency = 0> <II = 1> <Delay = 0.70> <FuncUnit> <Opcode : 'seteq' 'setne' 'setle' 'setge' 'setlt' 'setgt'> <InPorts = 2> <OutPorts = 1>
ST_1 : Operation 73 [1/1] (0.29ns)   --->   "%select_ln328 = select i1 %icmp_ln329, i6 0, i6 %phi_idx_13_load" [calorimeter.cpp:328]   --->   Operation 73 'select' 'select_ln328' <Predicate = (!icmp_ln328)> <Delay = 0.29> <CoreInst = "Sel">   --->   Core 73 'Sel' <Latency = 0> <II = 1> <Delay = 0.29> <FuncUnit> <Opcode : 'select'> <InPorts = 3> <OutPorts = 1>
ST_1 : Operation 74 [1/1] (0.70ns)   --->   "%add_ln328 = add i5 %eta_load, i5 2" [calorimeter.cpp:328]   --->   Operation 74 'add' 'add_ln328' <Predicate = (!icmp_ln328)> <Delay = 0.70> <CoreInst = "Adder">   --->   Core 1 'Adder' <Latency = 0> <II = 1> <Delay = 0.70> <FuncUnit> <Opcode : 'add' 'sub'> <InPorts = 2> <OutPorts = 1>
ST_1 : Operation 75 [1/1] (0.70ns)   --->   "%add_ln328_2 = add i5 %eta_load, i5 1" [calorimeter.cpp:328]   --->   Operation 75 'add' 'add_ln328_2' <Predicate = (!icmp_ln328)> <Delay = 0.70> <CoreInst = "Adder">   --->   Core 1 'Adder' <Latency = 0> <II = 1> <Delay = 0.70> <FuncUnit> <Opcode : 'add' 'sub'> <InPorts = 2> <OutPorts = 1>
ST_1 : Operation 76 [1/1] (0.27ns)   --->   "%select_ln328_1 = select i1 %icmp_ln329, i5 %add_ln328, i5 %add_ln328_2" [calorimeter.cpp:328]   --->   Operation 76 'select' 'select_ln328_1' <Predicate = (!icmp_ln328)> <Delay = 0.27> <CoreInst = "Sel">   --->   Core 73 'Sel' <Latency = 0> <II = 1> <Delay = 0.27> <FuncUnit> <Opcode : 'select'> <InPorts = 3> <OutPorts = 1>
ST_1 : Operation 77 [1/1] (0.27ns)   --->   "%select_ln328_2 = select i1 %icmp_ln329, i5 %add_ln328_2, i5 %eta_load" [calorimeter.cpp:328]   --->   Operation 77 'select' 'select_ln328_2' <Predicate = (!icmp_ln328)> <Delay = 0.27> <CoreInst = "Sel">   --->   Core 73 'Sel' <Latency = 0> <II = 1> <Delay = 0.27> <FuncUnit> <Opcode : 'select'> <InPorts = 3> <OutPorts = 1>
ST_1 : Operation 78 [1/1] (0.00ns)   --->   "%p_shl8 = bitconcatenate i11 @_ssdm_op_BitConcatenate.i11.i5.i6, i5 %select_ln328_2, i6 0" [calorimeter.cpp:342]   --->   Operation 78 'bitconcatenate' 'p_shl8' <Predicate = (!icmp_ln328)> <Delay = 0.00>
ST_1 : Operation 79 [1/1] (0.00ns)   --->   "%tmp = bitconcatenate i7 @_ssdm_op_BitConcatenate.i7.i5.i2, i5 %select_ln328_2, i2 0" [calorimeter.cpp:342]   --->   Operation 79 'bitconcatenate' 'tmp' <Predicate = (!icmp_ln328)> <Delay = 0.00>
ST_1 : Operation 80 [1/1] (0.00ns)   --->   "%zext_ln342 = zext i7 %tmp" [calorimeter.cpp:342]   --->   Operation 80 'zext' 'zext_ln342' <Predicate = (!icmp_ln328)> <Delay = 0.00>
ST_1 : Operation 81 [1/1] (0.73ns)   --->   "%sub_ln342 = sub i11 %p_shl8, i11 %zext_ln342" [calorimeter.cpp:342]   --->   Operation 81 'sub' 'sub_ln342' <Predicate = (!icmp_ln328)> <Delay = 0.73> <CoreInst = "Adder">   --->   Core 1 'Adder' <Latency = 0> <II = 1> <Delay = 0.73> <FuncUnit> <Opcode : 'add' 'sub'> <InPorts = 2> <OutPorts = 1>
ST_1 : Operation 82 [1/1] (0.00ns)   --->   "%zext_ln342_1 = zext i6 %select_ln328" [calorimeter.cpp:342]   --->   Operation 82 'zext' 'zext_ln342_1' <Predicate = (!icmp_ln328)> <Delay = 0.00>
ST_1 : Operation 83 [1/1] (0.73ns)   --->   "%add_ln342 = add i11 %sub_ln342, i11 %zext_ln342_1" [calorimeter.cpp:342]   --->   Operation 83 'add' 'add_ln342' <Predicate = (!icmp_ln328)> <Delay = 0.73> <CoreInst = "Adder">   --->   Core 1 'Adder' <Latency = 0> <II = 1> <Delay = 0.73> <FuncUnit> <Opcode : 'add' 'sub'> <InPorts = 2> <OutPorts = 1>
ST_1 : Operation 84 [1/1] (0.00ns)   --->   "%zext_ln342_2 = zext i11 %add_ln342" [calorimeter.cpp:342]   --->   Operation 84 'zext' 'zext_ln342_2' <Predicate = (!icmp_ln328)> <Delay = 0.00>
ST_1 : Operation 85 [1/1] (0.00ns)   --->   "%towers_addr = getelementptr i12 %towers, i64 0, i64 %zext_ln342_2" [calorimeter.cpp:342]   --->   Operation 85 'getelementptr' 'towers_addr' <Predicate = (!icmp_ln328)> <Delay = 0.00>
ST_1 : Operation 86 [2/2] (1.20ns)   --->   "%seed_et = load i11 %towers_addr" [calorimeter.cpp:342]   --->   Operation 86 'load' 'seed_et' <Predicate = (!icmp_ln328)> <Delay = 1.20> <CoreInst = "RAM">   --->   Core 82 'RAM' <Latency = 1> <II = 1> <Delay = 1.20> <Storage> <Opcode : 'load' 'store'> <Ports = 2> <Width = 12> <Depth = 1800> <RAM>
ST_1 : Operation 87 [1/1] (0.38ns)   --->   "%store_ln328 = store i11 %add_ln328_1, i11 %indvar_flatten" [calorimeter.cpp:328]   --->   Operation 87 'store' 'store_ln328' <Predicate = (!icmp_ln328)> <Delay = 0.38>
ST_1 : Operation 88 [1/1] (0.38ns)   --->   "%store_ln328 = store i5 %select_ln328_2, i5 %eta" [calorimeter.cpp:328]   --->   Operation 88 'store' 'store_ln328' <Predicate = (!icmp_ln328)> <Delay = 0.38>
ST_1 : Operation 612 [1/1] (0.38ns)   --->   "%ret_ln366 = ret" [calorimeter.cpp:366]   --->   Operation 612 'ret' 'ret_ln366' <Predicate = (icmp_ln328)> <Delay = 0.38>

State 2 <SV = 1> <Delay = 3.38>
ST_2 : Operation 89 [1/1] (0.70ns)   --->   "%empty = add i5 %select_ln328_2, i5 31" [calorimeter.cpp:328]   --->   Operation 89 'add' 'empty' <Predicate = (!icmp_ln328)> <Delay = 0.70> <CoreInst = "Adder">   --->   Core 1 'Adder' <Latency = 0> <II = 1> <Delay = 0.70> <FuncUnit> <Opcode : 'add' 'sub'> <InPorts = 2> <OutPorts = 1>
ST_2 : Operation 90 [1/1] (0.00ns)   --->   "%p_shl9 = bitconcatenate i11 @_ssdm_op_BitConcatenate.i11.i5.i6, i5 %empty, i6 0" [./calorimeter.h:216->calorimeter.cpp:345]   --->   Operation 90 'bitconcatenate' 'p_shl9' <Predicate = (!icmp_ln328)> <Delay = 0.00>
ST_2 : Operation 91 [1/1] (0.00ns)   --->   "%tmp_12 = bitconcatenate i7 @_ssdm_op_BitConcatenate.i7.i5.i2, i5 %empty, i2 0" [./calorimeter.h:216->calorimeter.cpp:345]   --->   Operation 91 'bitconcatenate' 'tmp_12' <Predicate = (!icmp_ln328)> <Delay = 0.00>
ST_2 : Operation 92 [1/1] (0.00ns)   --->   "%zext_ln216 = zext i7 %tmp_12" [./calorimeter.h:216->calorimeter.cpp:345]   --->   Operation 92 'zext' 'zext_ln216' <Predicate = (!icmp_ln328)> <Delay = 0.00>
ST_2 : Operation 93 [1/1] (0.73ns)   --->   "%sub_ln216 = sub i11 %p_shl9, i11 %zext_ln216" [./calorimeter.h:216->calorimeter.cpp:345]   --->   Operation 93 'sub' 'sub_ln216' <Predicate = (!icmp_ln328)> <Delay = 0.73> <CoreInst = "Adder">   --->   Core 1 'Adder' <Latency = 0> <II = 1> <Delay = 0.73> <FuncUnit> <Opcode : 'add' 'sub'> <InPorts = 2> <OutPorts = 1>
ST_2 : Operation 94 [1/1] (0.00ns)   --->   "%zext_ln329 = zext i6 %select_ln328" [calorimeter.cpp:329]   --->   Operation 94 'zext' 'zext_ln329' <Predicate = (!icmp_ln328)> <Delay = 0.00>
ST_2 : Operation 95 [1/2] (1.20ns)   --->   "%seed_et = load i11 %towers_addr" [calorimeter.cpp:342]   --->   Operation 95 'load' 'seed_et' <Predicate = (!icmp_ln328)> <Delay = 1.20> <CoreInst = "RAM">   --->   Core 82 'RAM' <Latency = 1> <II = 1> <Delay = 1.20> <Storage> <Opcode : 'load' 'store'> <Ports = 2> <Width = 12> <Depth = 1800> <RAM>
ST_2 : Operation 96 [1/1] (0.74ns)   --->   "%icmp_ln344 = icmp_ult  i12 %seed_et, i12 %seed_threshold_read" [calorimeter.cpp:344]   --->   Operation 96 'icmp' 'icmp_ln344' <Predicate = (!icmp_ln328)> <Delay = 0.74> <CoreInst = "Cmp">   --->   Core 9 'Cmp' <Latency = 0> <II = 1> <Delay = 0.74> <FuncUnit> <Opcode : 'seteq' 'setne' 'setle' 'setge' 'setlt' 'setgt'> <InPorts = 2> <OutPorts = 1>
ST_2 : Operation 97 [1/1] (0.70ns)   --->   "%add_ln213 = add i7 %zext_ln329, i7 127" [./calorimeter.h:213->calorimeter.cpp:345]   --->   Operation 97 'add' 'add_ln213' <Predicate = (!icmp_ln328)> <Delay = 0.70> <CoreInst = "Adder">   --->   Core 1 'Adder' <Latency = 0> <II = 1> <Delay = 0.70> <FuncUnit> <Opcode : 'add' 'sub'> <InPorts = 2> <OutPorts = 1>
ST_2 : Operation 98 [1/1] (0.00ns)   --->   "%tmp_18 = bitselect i1 @_ssdm_op_BitSelect.i1.i7.i32, i7 %add_ln213, i32 6" [./calorimeter.h:160->./calorimeter.h:213->calorimeter.cpp:345]   --->   Operation 98 'bitselect' 'tmp_18' <Predicate = (!icmp_ln328)> <Delay = 0.00>
ST_2 : Operation 99 [1/1] (0.70ns)   --->   "%add_ln161 = add i7 %zext_ln329, i7 59" [./calorimeter.h:161->./calorimeter.h:213->calorimeter.cpp:345]   --->   Operation 99 'add' 'add_ln161' <Predicate = (!icmp_ln328)> <Delay = 0.70> <CoreInst = "Adder">   --->   Core 1 'Adder' <Latency = 0> <II = 1> <Delay = 0.70> <FuncUnit> <Opcode : 'add' 'sub'> <InPorts = 2> <OutPorts = 1>
ST_2 : Operation 100 [1/1] (0.30ns)   --->   "%phi_idx = select i1 %tmp_18, i7 %add_ln161, i7 %add_ln213" [./calorimeter.h:160->./calorimeter.h:213->calorimeter.cpp:345]   --->   Operation 100 'select' 'phi_idx' <Predicate = (!icmp_ln328)> <Delay = 0.30> <CoreInst = "Sel">   --->   Core 73 'Sel' <Latency = 0> <II = 1> <Delay = 0.30> <FuncUnit> <Opcode : 'select'> <InPorts = 3> <OutPorts = 1>
ST_2 : Operation 101 [1/1] (0.00ns)   --->   "%zext_ln216_60 = zext i7 %phi_idx" [./calorimeter.h:216->calorimeter.cpp:345]   --->   Operation 101 'zext' 'zext_ln216_60' <Predicate = (!icmp_ln328)> <Delay = 0.00>
ST_2 : Operation 102 [1/1] (0.73ns)   --->   "%add_ln216_49 = add i11 %sub_ln216, i11 %zext_ln216_60" [./calorimeter.h:216->calorimeter.cpp:345]   --->   Operation 102 'add' 'add_ln216_49' <Predicate = (!icmp_ln328)> <Delay = 0.73> <CoreInst = "Adder">   --->   Core 1 'Adder' <Latency = 0> <II = 1> <Delay = 0.73> <FuncUnit> <Opcode : 'add' 'sub'> <InPorts = 2> <OutPorts = 1>
ST_2 : Operation 103 [1/1] (0.00ns)   --->   "%zext_ln216_61 = zext i11 %add_ln216_49" [./calorimeter.h:216->calorimeter.cpp:345]   --->   Operation 103 'zext' 'zext_ln216_61' <Predicate = (!icmp_ln328)> <Delay = 0.00>
ST_2 : Operation 104 [1/1] (0.00ns)   --->   "%towers_addr_52 = getelementptr i12 %towers, i64 0, i64 %zext_ln216_61" [./calorimeter.h:216->calorimeter.cpp:345]   --->   Operation 104 'getelementptr' 'towers_addr_52' <Predicate = (!icmp_ln328)> <Delay = 0.00>
ST_2 : Operation 105 [2/2] (1.20ns)   --->   "%neighbor = load i11 %towers_addr_52" [./calorimeter.h:216->calorimeter.cpp:345]   --->   Operation 105 'load' 'neighbor' <Predicate = (!icmp_ln328)> <Delay = 1.20> <CoreInst = "RAM">   --->   Core 82 'RAM' <Latency = 1> <II = 1> <Delay = 1.20> <Storage> <Opcode : 'load' 'store'> <Ports = 2> <Width = 12> <Depth = 1800> <RAM>

State 3 <SV = 2> <Delay = 1.93>
ST_3 : Operation 106 [1/1] (0.73ns)   --->   "%add_ln216 = add i11 %sub_ln216, i11 %zext_ln342_1" [./calorimeter.h:216->calorimeter.cpp:345]   --->   Operation 106 'add' 'add_ln216' <Predicate = (!icmp_ln328)> <Delay = 0.73> <CoreInst = "Adder">   --->   Core 1 'Adder' <Latency = 0> <II = 1> <Delay = 0.73> <FuncUnit> <Opcode : 'add' 'sub'> <InPorts = 2> <OutPorts = 1>
ST_3 : Operation 107 [1/1] (0.00ns)   --->   "%zext_ln216_58 = zext i11 %add_ln216" [./calorimeter.h:216->calorimeter.cpp:345]   --->   Operation 107 'zext' 'zext_ln216_58' <Predicate = (!icmp_ln328)> <Delay = 0.00>
ST_3 : Operation 108 [1/1] (0.00ns)   --->   "%towers_addr_49 = getelementptr i12 %towers, i64 0, i64 %zext_ln216_58" [./calorimeter.h:216->calorimeter.cpp:345]   --->   Operation 108 'getelementptr' 'towers_addr_49' <Predicate = (!icmp_ln328)> <Delay = 0.00>
ST_3 : Operation 109 [1/2] (1.20ns)   --->   "%neighbor = load i11 %towers_addr_52" [./calorimeter.h:216->calorimeter.cpp:345]   --->   Operation 109 'load' 'neighbor' <Predicate = (!icmp_ln328)> <Delay = 1.20> <CoreInst = "RAM">   --->   Core 82 'RAM' <Latency = 1> <II = 1> <Delay = 1.20> <Storage> <Opcode : 'load' 'store'> <Ports = 2> <Width = 12> <Depth = 1800> <RAM>
ST_3 : Operation 110 [2/2] (1.20ns)   --->   "%neighbor_48 = load i11 %towers_addr_49" [./calorimeter.h:216->calorimeter.cpp:345]   --->   Operation 110 'load' 'neighbor_48' <Predicate = (!icmp_ln328)> <Delay = 1.20> <CoreInst = "RAM">   --->   Core 82 'RAM' <Latency = 1> <II = 1> <Delay = 1.20> <Storage> <Opcode : 'load' 'store'> <Ports = 2> <Width = 12> <Depth = 1800> <RAM>

State 4 <SV = 3> <Delay = 3.65>
ST_4 : Operation 111 [1/2] (1.20ns)   --->   "%neighbor_48 = load i11 %towers_addr_49" [./calorimeter.h:216->calorimeter.cpp:345]   --->   Operation 111 'load' 'neighbor_48' <Predicate = (!icmp_ln328)> <Delay = 1.20> <CoreInst = "RAM">   --->   Core 82 'RAM' <Latency = 1> <II = 1> <Delay = 1.20> <Storage> <Opcode : 'load' 'store'> <Ports = 2> <Width = 12> <Depth = 1800> <RAM>
ST_4 : Operation 112 [1/1] (0.70ns)   --->   "%phi = add i6 %select_ln328, i6 1" [./calorimeter.h:213->calorimeter.cpp:345]   --->   Operation 112 'add' 'phi' <Predicate = (!icmp_ln328)> <Delay = 0.70> <CoreInst = "Adder">   --->   Core 1 'Adder' <Latency = 0> <II = 1> <Delay = 0.70> <FuncUnit> <Opcode : 'add' 'sub'> <InPorts = 2> <OutPorts = 1>
ST_4 : Operation 113 [1/1] (0.70ns)   --->   "%icmp_ln162 = icmp_ugt  i6 %phi, i6 59" [./calorimeter.h:162->./calorimeter.h:213->calorimeter.cpp:345]   --->   Operation 113 'icmp' 'icmp_ln162' <Predicate = (!icmp_ln328)> <Delay = 0.70> <CoreInst = "Cmp">   --->   Core 9 'Cmp' <Latency = 0> <II = 1> <Delay = 0.70> <FuncUnit> <Opcode : 'seteq' 'setne' 'setle' 'setge' 'setlt' 'setgt'> <InPorts = 2> <OutPorts = 1>
ST_4 : Operation 114 [1/1] (0.70ns)   --->   "%add_ln163 = add i7 %zext_ln329, i7 69" [./calorimeter.h:163->./calorimeter.h:213->calorimeter.cpp:345]   --->   Operation 114 'add' 'add_ln163' <Predicate = (!icmp_ln328)> <Delay = 0.70> <CoreInst = "Adder">   --->   Core 1 'Adder' <Latency = 0> <II = 1> <Delay = 0.70> <FuncUnit> <Opcode : 'add' 'sub'> <InPorts = 2> <OutPorts = 1>
ST_4 : Operation 115 [1/1] (0.00ns)   --->   "%zext_ln162 = zext i6 %phi" [./calorimeter.h:162->./calorimeter.h:213->calorimeter.cpp:345]   --->   Operation 115 'zext' 'zext_ln162' <Predicate = (!icmp_ln328)> <Delay = 0.00>
ST_4 : Operation 116 [1/1] (0.30ns)   --->   "%phi_idx_14 = select i1 %icmp_ln162, i7 %add_ln163, i7 %zext_ln162" [./calorimeter.h:162->./calorimeter.h:213->calorimeter.cpp:345]   --->   Operation 116 'select' 'phi_idx_14' <Predicate = (!icmp_ln328)> <Delay = 0.30> <CoreInst = "Sel">   --->   Core 73 'Sel' <Latency = 0> <II = 1> <Delay = 0.30> <FuncUnit> <Opcode : 'select'> <InPorts = 3> <OutPorts = 1>
ST_4 : Operation 117 [1/1] (0.00ns)   --->   "%sext_ln216 = sext i7 %phi_idx_14" [./calorimeter.h:216->calorimeter.cpp:345]   --->   Operation 117 'sext' 'sext_ln216' <Predicate = (!icmp_ln328)> <Delay = 0.00>
ST_4 : Operation 118 [1/1] (0.73ns)   --->   "%add_ln216_50 = add i11 %sub_ln216, i11 %sext_ln216" [./calorimeter.h:216->calorimeter.cpp:345]   --->   Operation 118 'add' 'add_ln216_50' <Predicate = (!icmp_ln328)> <Delay = 0.73> <CoreInst = "Adder">   --->   Core 1 'Adder' <Latency = 0> <II = 1> <Delay = 0.73> <FuncUnit> <Opcode : 'add' 'sub'> <InPorts = 2> <OutPorts = 1>
ST_4 : Operation 119 [1/1] (0.00ns)   --->   "%zext_ln216_62 = zext i11 %add_ln216_50" [./calorimeter.h:216->calorimeter.cpp:345]   --->   Operation 119 'zext' 'zext_ln216_62' <Predicate = (!icmp_ln328)> <Delay = 0.00>
ST_4 : Operation 120 [1/1] (0.00ns)   --->   "%towers_addr_54 = getelementptr i12 %towers, i64 0, i64 %zext_ln216_62" [./calorimeter.h:216->calorimeter.cpp:345]   --->   Operation 120 'getelementptr' 'towers_addr_54' <Predicate = (!icmp_ln328)> <Delay = 0.00>
ST_4 : Operation 121 [2/2] (1.20ns)   --->   "%neighbor_49 = load i11 %towers_addr_54" [./calorimeter.h:216->calorimeter.cpp:345]   --->   Operation 121 'load' 'neighbor_49' <Predicate = (!icmp_ln328)> <Delay = 1.20> <CoreInst = "RAM">   --->   Core 82 'RAM' <Latency = 1> <II = 1> <Delay = 1.20> <Storage> <Opcode : 'load' 'store'> <Ports = 2> <Width = 12> <Depth = 1800> <RAM>
ST_4 : Operation 122 [1/1] (0.38ns)   --->   "%store_ln184 = store i6 %phi, i6 %phi_idx_13" [./calorimeter.h:184->calorimeter.cpp:349]   --->   Operation 122 'store' 'store_ln184' <Predicate = (!icmp_ln328)> <Delay = 0.38>

State 5 <SV = 4> <Delay = 1.93>
ST_5 : Operation 123 [1/2] (1.20ns)   --->   "%neighbor_49 = load i11 %towers_addr_54" [./calorimeter.h:216->calorimeter.cpp:345]   --->   Operation 123 'load' 'neighbor_49' <Predicate = (!icmp_ln328)> <Delay = 1.20> <CoreInst = "RAM">   --->   Core 82 'RAM' <Latency = 1> <II = 1> <Delay = 1.20> <Storage> <Opcode : 'load' 'store'> <Ports = 2> <Width = 12> <Depth = 1800> <RAM>
ST_5 : Operation 124 [1/1] (0.73ns)   --->   "%add_ln216_53 = add i11 %sub_ln342, i11 %zext_ln216_60" [./calorimeter.h:216->calorimeter.cpp:345]   --->   Operation 124 'add' 'add_ln216_53' <Predicate = (!icmp_ln328)> <Delay = 0.73> <CoreInst = "Adder">   --->   Core 1 'Adder' <Latency = 0> <II = 1> <Delay = 0.73> <FuncUnit> <Opcode : 'add' 'sub'> <InPorts = 2> <OutPorts = 1>
ST_5 : Operation 125 [1/1] (0.00ns)   --->   "%zext_ln216_65 = zext i11 %add_ln216_53" [./calorimeter.h:216->calorimeter.cpp:345]   --->   Operation 125 'zext' 'zext_ln216_65' <Predicate = (!icmp_ln328)> <Delay = 0.00>
ST_5 : Operation 126 [1/1] (0.00ns)   --->   "%towers_addr_55 = getelementptr i12 %towers, i64 0, i64 %zext_ln216_65" [./calorimeter.h:216->calorimeter.cpp:345]   --->   Operation 126 'getelementptr' 'towers_addr_55' <Predicate = (!icmp_ln328)> <Delay = 0.00>
ST_5 : Operation 127 [2/2] (1.20ns)   --->   "%neighbor_50 = load i11 %towers_addr_55" [./calorimeter.h:216->calorimeter.cpp:345]   --->   Operation 127 'load' 'neighbor_50' <Predicate = (!icmp_ln328)> <Delay = 1.20> <CoreInst = "RAM">   --->   Core 82 'RAM' <Latency = 1> <II = 1> <Delay = 1.20> <Storage> <Opcode : 'load' 'store'> <Ports = 2> <Width = 12> <Depth = 1800> <RAM>

State 6 <SV = 5> <Delay = 2.70>
ST_6 : Operation 128 [1/1] (0.74ns)   --->   "%icmp_ln220 = icmp_ne  i12 %neighbor_48, i12 %seed_et" [./calorimeter.h:220->calorimeter.cpp:345]   --->   Operation 128 'icmp' 'icmp_ln220' <Predicate = (!icmp_ln328)> <Delay = 0.74> <CoreInst = "Cmp">   --->   Core 9 'Cmp' <Latency = 0> <II = 1> <Delay = 0.74> <FuncUnit> <Opcode : 'seteq' 'setne' 'setle' 'setge' 'setlt' 'setgt'> <InPorts = 2> <OutPorts = 1>
ST_6 : Operation 129 [1/1] (0.74ns)   --->   "%icmp_ln218 = icmp_ult  i12 %seed_et, i12 %neighbor_48" [./calorimeter.h:218->calorimeter.cpp:345]   --->   Operation 129 'icmp' 'icmp_ln218' <Predicate = (!icmp_ln328)> <Delay = 0.74> <CoreInst = "Cmp">   --->   Core 9 'Cmp' <Latency = 0> <II = 1> <Delay = 0.74> <FuncUnit> <Opcode : 'seteq' 'setne' 'setle' 'setge' 'setlt' 'setgt'> <InPorts = 2> <OutPorts = 1>
ST_6 : Operation 130 [1/1] (0.73ns)   --->   "%add_ln216_51 = add i11 %sub_ln342, i11 %sext_ln216" [./calorimeter.h:216->calorimeter.cpp:345]   --->   Operation 130 'add' 'add_ln216_51' <Predicate = (!icmp_ln328)> <Delay = 0.73> <CoreInst = "Adder">   --->   Core 1 'Adder' <Latency = 0> <II = 1> <Delay = 0.73> <FuncUnit> <Opcode : 'add' 'sub'> <InPorts = 2> <OutPorts = 1>
ST_6 : Operation 131 [1/1] (0.00ns)   --->   "%zext_ln216_63 = zext i11 %add_ln216_51" [./calorimeter.h:216->calorimeter.cpp:345]   --->   Operation 131 'zext' 'zext_ln216_63' <Predicate = (!icmp_ln328)> <Delay = 0.00>
ST_6 : Operation 132 [1/1] (0.00ns)   --->   "%towers_addr_56 = getelementptr i12 %towers, i64 0, i64 %zext_ln216_63" [./calorimeter.h:216->calorimeter.cpp:345]   --->   Operation 132 'getelementptr' 'towers_addr_56' <Predicate = (!icmp_ln328)> <Delay = 0.00>
ST_6 : Operation 133 [1/2] (1.20ns)   --->   "%neighbor_50 = load i11 %towers_addr_55" [./calorimeter.h:216->calorimeter.cpp:345]   --->   Operation 133 'load' 'neighbor_50' <Predicate = (!icmp_ln328)> <Delay = 1.20> <CoreInst = "RAM">   --->   Core 82 'RAM' <Latency = 1> <II = 1> <Delay = 1.20> <Storage> <Opcode : 'load' 'store'> <Ports = 2> <Width = 12> <Depth = 1800> <RAM>
ST_6 : Operation 134 [2/2] (1.20ns)   --->   "%neighbor_51 = load i11 %towers_addr_56" [./calorimeter.h:216->calorimeter.cpp:345]   --->   Operation 134 'load' 'neighbor_51' <Predicate = (!icmp_ln328)> <Delay = 1.20> <CoreInst = "RAM">   --->   Core 82 'RAM' <Latency = 1> <II = 1> <Delay = 1.20> <Storage> <Opcode : 'load' 'store'> <Ports = 2> <Width = 12> <Depth = 1800> <RAM>
ST_6 : Operation 135 [1/1] (0.74ns)   --->   "%icmp_ln218_50 = icmp_ult  i12 %neighbor_49, i12 %seed_et" [./calorimeter.h:218->calorimeter.cpp:345]   --->   Operation 135 'icmp' 'icmp_ln218_50' <Predicate = (!icmp_ln328)> <Delay = 0.74> <CoreInst = "Cmp">   --->   Core 9 'Cmp' <Latency = 0> <II = 1> <Delay = 0.74> <FuncUnit> <Opcode : 'seteq' 'setne' 'setle' 'setge' 'setlt' 'setgt'> <InPorts = 2> <OutPorts = 1>
ST_6 : Operation 136 [1/1] (0.74ns)   --->   "%icmp_ln218_51 = icmp_ult  i12 %neighbor_50, i12 %seed_et" [./calorimeter.h:218->calorimeter.cpp:345]   --->   Operation 136 'icmp' 'icmp_ln218_51' <Predicate = (!icmp_ln328)> <Delay = 0.74> <CoreInst = "Cmp">   --->   Core 9 'Cmp' <Latency = 0> <II = 1> <Delay = 0.74> <FuncUnit> <Opcode : 'seteq' 'setne' 'setle' 'setge' 'setlt' 'setgt'> <InPorts = 2> <OutPorts = 1>
ST_6 : Operation 137 [1/1] (0.00ns)   --->   "%zext_ln347 = zext i12 %neighbor_48" [calorimeter.cpp:347]   --->   Operation 137 'zext' 'zext_ln347' <Predicate = (!icmp_ln328)> <Delay = 0.00>
ST_6 : Operation 138 [1/1] (0.00ns)   --->   "%zext_ln183 = zext i12 %neighbor_49" [./calorimeter.h:183->calorimeter.cpp:347]   --->   Operation 138 'zext' 'zext_ln183' <Predicate = (!icmp_ln328)> <Delay = 0.00>
ST_6 : Operation 139 [1/1] (0.00ns)   --->   "%zext_ln347_1 = zext i12 %neighbor_50" [calorimeter.cpp:347]   --->   Operation 139 'zext' 'zext_ln347_1' <Predicate = (!icmp_ln328)> <Delay = 0.00>
ST_6 : Operation 140 [1/1] (0.00ns)   --->   "%zext_ln347_2 = zext i12 %seed_et" [calorimeter.cpp:347]   --->   Operation 140 'zext' 'zext_ln347_2' <Predicate = (!icmp_ln328)> <Delay = 0.00>
ST_6 : Operation 141 [1/1] (0.74ns)   --->   "%core3_et = add i13 %zext_ln347, i13 %zext_ln347_2" [./calorimeter.h:187->calorimeter.cpp:347]   --->   Operation 141 'add' 'core3_et' <Predicate = (!icmp_ln328)> <Delay = 0.74> <CoreInst = "Adder">   --->   Core 1 'Adder' <Latency = 0> <II = 1> <Delay = 0.74> <FuncUnit> <Opcode : 'add' 'sub'> <InPorts = 2> <OutPorts = 1>
ST_6 : Operation 142 [1/1] (0.00ns)   --->   "%zext_ln187_16 = zext i13 %core3_et" [./calorimeter.h:187->calorimeter.cpp:347]   --->   Operation 142 'zext' 'zext_ln187_16' <Predicate = (!icmp_ln328)> <Delay = 0.00>
ST_6 : Operation 143 [1/1] (0.74ns)   --->   "%add_ln187_56 = add i13 %zext_ln183, i13 %zext_ln347_1" [./calorimeter.h:187->calorimeter.cpp:347]   --->   Operation 143 'add' 'add_ln187_56' <Predicate = (!icmp_ln328)> <Delay = 0.74> <CoreInst = "Adder">   --->   Core 1 'Adder' <Latency = 0> <II = 1> <Delay = 0.74> <FuncUnit> <Opcode : 'add' 'sub'> <InPorts = 2> <OutPorts = 1>
ST_6 : Operation 144 [1/1] (0.00ns)   --->   "%zext_ln187_52 = zext i13 %add_ln187_56" [./calorimeter.h:187->calorimeter.cpp:347]   --->   Operation 144 'zext' 'zext_ln187_52' <Predicate = (!icmp_ln328)> <Delay = 0.00>
ST_6 : Operation 145 [1/1] (0.75ns)   --->   "%core3_et_4 = add i14 %zext_ln187_52, i14 %zext_ln187_16" [./calorimeter.h:187->calorimeter.cpp:347]   --->   Operation 145 'add' 'core3_et_4' <Predicate = (!icmp_ln328)> <Delay = 0.75> <CoreInst = "Adder">   --->   Core 1 'Adder' <Latency = 0> <II = 1> <Delay = 0.75> <FuncUnit> <Opcode : 'add' 'sub'> <InPorts = 2> <OutPorts = 1>

State 7 <SV = 6> <Delay = 2.67>
ST_7 : Operation 146 [1/1] (0.00ns)   --->   "%p_shl10 = bitconcatenate i11 @_ssdm_op_BitConcatenate.i11.i5.i6, i5 %select_ln328_1, i6 0" [./calorimeter.h:216->calorimeter.cpp:345]   --->   Operation 146 'bitconcatenate' 'p_shl10' <Predicate = (!icmp_ln328)> <Delay = 0.00>
ST_7 : Operation 147 [1/1] (0.00ns)   --->   "%tmp_13 = bitconcatenate i7 @_ssdm_op_BitConcatenate.i7.i5.i2, i5 %select_ln328_1, i2 0" [./calorimeter.h:216->calorimeter.cpp:345]   --->   Operation 147 'bitconcatenate' 'tmp_13' <Predicate = (!icmp_ln328)> <Delay = 0.00>
ST_7 : Operation 148 [1/1] (0.00ns)   --->   "%zext_ln216_57 = zext i7 %tmp_13" [./calorimeter.h:216->calorimeter.cpp:345]   --->   Operation 148 'zext' 'zext_ln216_57' <Predicate = (!icmp_ln328)> <Delay = 0.00>
ST_7 : Operation 149 [1/1] (0.73ns)   --->   "%sub_ln216_6 = sub i11 %p_shl10, i11 %zext_ln216_57" [./calorimeter.h:216->calorimeter.cpp:345]   --->   Operation 149 'sub' 'sub_ln216_6' <Predicate = (!icmp_ln328)> <Delay = 0.73> <CoreInst = "Adder">   --->   Core 1 'Adder' <Latency = 0> <II = 1> <Delay = 0.73> <FuncUnit> <Opcode : 'add' 'sub'> <InPorts = 2> <OutPorts = 1>
ST_7 : Operation 150 [1/1] (0.73ns)   --->   "%add_ln216_54 = add i11 %sub_ln216_6, i11 %zext_ln216_60" [./calorimeter.h:216->calorimeter.cpp:345]   --->   Operation 150 'add' 'add_ln216_54' <Predicate = (!icmp_ln328)> <Delay = 0.73> <CoreInst = "Adder">   --->   Core 1 'Adder' <Latency = 0> <II = 1> <Delay = 0.73> <FuncUnit> <Opcode : 'add' 'sub'> <InPorts = 2> <OutPorts = 1>
ST_7 : Operation 151 [1/1] (0.00ns)   --->   "%zext_ln216_66 = zext i11 %add_ln216_54" [./calorimeter.h:216->calorimeter.cpp:345]   --->   Operation 151 'zext' 'zext_ln216_66' <Predicate = (!icmp_ln328)> <Delay = 0.00>
ST_7 : Operation 152 [1/1] (0.00ns)   --->   "%towers_addr_57 = getelementptr i12 %towers, i64 0, i64 %zext_ln216_66" [./calorimeter.h:216->calorimeter.cpp:345]   --->   Operation 152 'getelementptr' 'towers_addr_57' <Predicate = (!icmp_ln328)> <Delay = 0.00>
ST_7 : Operation 153 [1/2] (1.20ns)   --->   "%neighbor_51 = load i11 %towers_addr_56" [./calorimeter.h:216->calorimeter.cpp:345]   --->   Operation 153 'load' 'neighbor_51' <Predicate = (!icmp_ln328)> <Delay = 1.20> <CoreInst = "RAM">   --->   Core 82 'RAM' <Latency = 1> <II = 1> <Delay = 1.20> <Storage> <Opcode : 'load' 'store'> <Ports = 2> <Width = 12> <Depth = 1800> <RAM>
ST_7 : Operation 154 [2/2] (1.20ns)   --->   "%neighbor_52 = load i11 %towers_addr_57" [./calorimeter.h:216->calorimeter.cpp:345]   --->   Operation 154 'load' 'neighbor_52' <Predicate = (!icmp_ln328)> <Delay = 1.20> <CoreInst = "RAM">   --->   Core 82 'RAM' <Latency = 1> <II = 1> <Delay = 1.20> <Storage> <Opcode : 'load' 'store'> <Ports = 2> <Width = 12> <Depth = 1800> <RAM>

State 8 <SV = 7> <Delay = 1.93>
ST_8 : Operation 155 [1/1] (0.73ns)   --->   "%add_ln216_48 = add i11 %sub_ln216_6, i11 %zext_ln342_1" [./calorimeter.h:216->calorimeter.cpp:345]   --->   Operation 155 'add' 'add_ln216_48' <Predicate = (!icmp_ln328)> <Delay = 0.73> <CoreInst = "Adder">   --->   Core 1 'Adder' <Latency = 0> <II = 1> <Delay = 0.73> <FuncUnit> <Opcode : 'add' 'sub'> <InPorts = 2> <OutPorts = 1>
ST_8 : Operation 156 [1/1] (0.00ns)   --->   "%zext_ln216_59 = zext i11 %add_ln216_48" [./calorimeter.h:216->calorimeter.cpp:345]   --->   Operation 156 'zext' 'zext_ln216_59' <Predicate = (!icmp_ln328)> <Delay = 0.00>
ST_8 : Operation 157 [1/1] (0.00ns)   --->   "%towers_addr_50 = getelementptr i12 %towers, i64 0, i64 %zext_ln216_59" [./calorimeter.h:216->calorimeter.cpp:345]   --->   Operation 157 'getelementptr' 'towers_addr_50' <Predicate = (!icmp_ln328)> <Delay = 0.00>
ST_8 : Operation 158 [1/2] (1.20ns)   --->   "%neighbor_52 = load i11 %towers_addr_57" [./calorimeter.h:216->calorimeter.cpp:345]   --->   Operation 158 'load' 'neighbor_52' <Predicate = (!icmp_ln328)> <Delay = 1.20> <CoreInst = "RAM">   --->   Core 82 'RAM' <Latency = 1> <II = 1> <Delay = 1.20> <Storage> <Opcode : 'load' 'store'> <Ports = 2> <Width = 12> <Depth = 1800> <RAM>
ST_8 : Operation 159 [2/2] (1.20ns)   --->   "%neighbor_53 = load i11 %towers_addr_50" [./calorimeter.h:216->calorimeter.cpp:345]   --->   Operation 159 'load' 'neighbor_53' <Predicate = (!icmp_ln328)> <Delay = 1.20> <CoreInst = "RAM">   --->   Core 82 'RAM' <Latency = 1> <II = 1> <Delay = 1.20> <Storage> <Opcode : 'load' 'store'> <Ports = 2> <Width = 12> <Depth = 1800> <RAM>

State 9 <SV = 8> <Delay = 2.19>
ST_9 : Operation 160 [1/1] (0.74ns)   --->   "%is_max = icmp_ult  i12 %neighbor, i12 %seed_et" [./calorimeter.h:218->calorimeter.cpp:345]   --->   Operation 160 'icmp' 'is_max' <Predicate = (!icmp_ln328)> <Delay = 0.74> <CoreInst = "Cmp">   --->   Core 9 'Cmp' <Latency = 0> <II = 1> <Delay = 0.74> <FuncUnit> <Opcode : 'seteq' 'setne' 'setle' 'setge' 'setlt' 'setgt'> <InPorts = 2> <OutPorts = 1>
ST_9 : Operation 161 [1/1] (0.00ns) (grouped into LUT with out node xor_ln218)   --->   "%xor_ln218_36 = xor i1 %icmp_ln218, i1 1" [./calorimeter.h:218->calorimeter.cpp:345]   --->   Operation 161 'xor' 'xor_ln218_36' <Predicate = (!icmp_ln328)> <Delay = 0.00> <CoreInst = "LogicGate">   --->   Core 74 'LogicGate' <Latency = 0> <II = 1> <Delay = 0.12> <FuncUnit> <Opcode : 'and' 'or' 'xor'> <InPorts = 2> <OutPorts = 1>
ST_9 : Operation 162 [1/1] (0.73ns)   --->   "%add_ln216_52 = add i11 %sub_ln216_6, i11 %sext_ln216" [./calorimeter.h:216->calorimeter.cpp:345]   --->   Operation 162 'add' 'add_ln216_52' <Predicate = (!icmp_ln328)> <Delay = 0.73> <CoreInst = "Adder">   --->   Core 1 'Adder' <Latency = 0> <II = 1> <Delay = 0.73> <FuncUnit> <Opcode : 'add' 'sub'> <InPorts = 2> <OutPorts = 1>
ST_9 : Operation 163 [1/1] (0.00ns)   --->   "%zext_ln216_64 = zext i11 %add_ln216_52" [./calorimeter.h:216->calorimeter.cpp:345]   --->   Operation 163 'zext' 'zext_ln216_64' <Predicate = (!icmp_ln328)> <Delay = 0.00>
ST_9 : Operation 164 [1/1] (0.00ns)   --->   "%towers_addr_59 = getelementptr i12 %towers, i64 0, i64 %zext_ln216_64" [./calorimeter.h:216->calorimeter.cpp:345]   --->   Operation 164 'getelementptr' 'towers_addr_59' <Predicate = (!icmp_ln328)> <Delay = 0.00>
ST_9 : Operation 165 [1/1] (0.74ns)   --->   "%icmp_ln218_47 = icmp_ult  i12 %seed_et, i12 %neighbor_51" [./calorimeter.h:218->calorimeter.cpp:345]   --->   Operation 165 'icmp' 'icmp_ln218_47' <Predicate = (!icmp_ln328)> <Delay = 0.74> <CoreInst = "Cmp">   --->   Core 9 'Cmp' <Latency = 0> <II = 1> <Delay = 0.74> <FuncUnit> <Opcode : 'seteq' 'setne' 'setle' 'setge' 'setlt' 'setgt'> <InPorts = 2> <OutPorts = 1>
ST_9 : Operation 166 [1/1] (0.00ns) (grouped into LUT with out node and_ln218_62)   --->   "%xor_ln218_37 = xor i1 %icmp_ln218_47, i1 1" [./calorimeter.h:218->calorimeter.cpp:345]   --->   Operation 166 'xor' 'xor_ln218_37' <Predicate = (!icmp_ln328)> <Delay = 0.00> <CoreInst = "LogicGate">   --->   Core 74 'LogicGate' <Latency = 0> <II = 1> <Delay = 0.12> <FuncUnit> <Opcode : 'and' 'or' 'xor'> <InPorts = 2> <OutPorts = 1>
ST_9 : Operation 167 [1/1] (0.74ns)   --->   "%icmp_ln218_48 = icmp_ult  i12 %seed_et, i12 %neighbor_52" [./calorimeter.h:218->calorimeter.cpp:345]   --->   Operation 167 'icmp' 'icmp_ln218_48' <Predicate = (!icmp_ln328)> <Delay = 0.74> <CoreInst = "Cmp">   --->   Core 9 'Cmp' <Latency = 0> <II = 1> <Delay = 0.74> <FuncUnit> <Opcode : 'seteq' 'setne' 'setle' 'setge' 'setlt' 'setgt'> <InPorts = 2> <OutPorts = 1>
ST_9 : Operation 168 [1/1] (0.00ns) (grouped into LUT with out node and_ln218_62)   --->   "%xor_ln218_38 = xor i1 %icmp_ln218_48, i1 1" [./calorimeter.h:218->calorimeter.cpp:345]   --->   Operation 168 'xor' 'xor_ln218_38' <Predicate = (!icmp_ln328)> <Delay = 0.00> <CoreInst = "LogicGate">   --->   Core 74 'LogicGate' <Latency = 0> <II = 1> <Delay = 0.12> <FuncUnit> <Opcode : 'and' 'or' 'xor'> <InPorts = 2> <OutPorts = 1>
ST_9 : Operation 169 [1/2] (1.20ns)   --->   "%neighbor_53 = load i11 %towers_addr_50" [./calorimeter.h:216->calorimeter.cpp:345]   --->   Operation 169 'load' 'neighbor_53' <Predicate = (!icmp_ln328)> <Delay = 1.20> <CoreInst = "RAM">   --->   Core 82 'RAM' <Latency = 1> <II = 1> <Delay = 1.20> <Storage> <Opcode : 'load' 'store'> <Ports = 2> <Width = 12> <Depth = 1800> <RAM>
ST_9 : Operation 170 [1/1] (0.74ns)   --->   "%icmp_ln218_49 = icmp_ult  i12 %seed_et, i12 %neighbor_53" [./calorimeter.h:218->calorimeter.cpp:345]   --->   Operation 170 'icmp' 'icmp_ln218_49' <Predicate = (!icmp_ln328)> <Delay = 0.74> <CoreInst = "Cmp">   --->   Core 9 'Cmp' <Latency = 0> <II = 1> <Delay = 0.74> <FuncUnit> <Opcode : 'seteq' 'setne' 'setle' 'setge' 'setlt' 'setgt'> <InPorts = 2> <OutPorts = 1>
ST_9 : Operation 171 [1/1] (0.00ns) (grouped into LUT with out node and_ln218_62)   --->   "%xor_ln218_39 = xor i1 %icmp_ln218_49, i1 1" [./calorimeter.h:218->calorimeter.cpp:345]   --->   Operation 171 'xor' 'xor_ln218_39' <Predicate = (!icmp_ln328)> <Delay = 0.00> <CoreInst = "LogicGate">   --->   Core 74 'LogicGate' <Latency = 0> <II = 1> <Delay = 0.12> <FuncUnit> <Opcode : 'and' 'or' 'xor'> <InPorts = 2> <OutPorts = 1>
ST_9 : Operation 172 [1/1] (0.00ns) (grouped into LUT with out node xor_ln218)   --->   "%and_ln218 = and i1 %is_max, i1 %icmp_ln220" [./calorimeter.h:218->calorimeter.cpp:345]   --->   Operation 172 'and' 'and_ln218' <Predicate = (!icmp_ln328)> <Delay = 0.00> <CoreInst = "LogicGate">   --->   Core 74 'LogicGate' <Latency = 0> <II = 1> <Delay = 0.12> <FuncUnit> <Opcode : 'and' 'or' 'xor'> <InPorts = 2> <OutPorts = 1>
ST_9 : Operation 173 [1/1] (0.00ns) (grouped into LUT with out node xor_ln218)   --->   "%and_ln218_58 = and i1 %icmp_ln218_50, i1 %xor_ln218_36" [./calorimeter.h:218->calorimeter.cpp:345]   --->   Operation 173 'and' 'and_ln218_58' <Predicate = (!icmp_ln328)> <Delay = 0.00> <CoreInst = "LogicGate">   --->   Core 74 'LogicGate' <Latency = 0> <II = 1> <Delay = 0.12> <FuncUnit> <Opcode : 'and' 'or' 'xor'> <InPorts = 2> <OutPorts = 1>
ST_9 : Operation 174 [1/1] (0.00ns) (grouped into LUT with out node xor_ln218)   --->   "%and_ln218_59 = and i1 %and_ln218_58, i1 %and_ln218" [./calorimeter.h:218->calorimeter.cpp:345]   --->   Operation 174 'and' 'and_ln218_59' <Predicate = (!icmp_ln328)> <Delay = 0.00> <CoreInst = "LogicGate">   --->   Core 74 'LogicGate' <Latency = 0> <II = 1> <Delay = 0.12> <FuncUnit> <Opcode : 'and' 'or' 'xor'> <InPorts = 2> <OutPorts = 1>
ST_9 : Operation 175 [1/1] (0.00ns) (grouped into LUT with out node and_ln218_62)   --->   "%and_ln218_60 = and i1 %xor_ln218_38, i1 %xor_ln218_39" [./calorimeter.h:218->calorimeter.cpp:345]   --->   Operation 175 'and' 'and_ln218_60' <Predicate = (!icmp_ln328)> <Delay = 0.00> <CoreInst = "LogicGate">   --->   Core 74 'LogicGate' <Latency = 0> <II = 1> <Delay = 0.12> <FuncUnit> <Opcode : 'and' 'or' 'xor'> <InPorts = 2> <OutPorts = 1>
ST_9 : Operation 176 [1/1] (0.00ns) (grouped into LUT with out node and_ln218_62)   --->   "%and_ln218_61 = and i1 %and_ln218_60, i1 %xor_ln218_37" [./calorimeter.h:218->calorimeter.cpp:345]   --->   Operation 176 'and' 'and_ln218_61' <Predicate = (!icmp_ln328)> <Delay = 0.00> <CoreInst = "LogicGate">   --->   Core 74 'LogicGate' <Latency = 0> <II = 1> <Delay = 0.12> <FuncUnit> <Opcode : 'and' 'or' 'xor'> <InPorts = 2> <OutPorts = 1>
ST_9 : Operation 177 [1/1] (0.12ns) (out node of the LUT)   --->   "%and_ln218_62 = and i1 %and_ln218_61, i1 %icmp_ln218_51" [./calorimeter.h:218->calorimeter.cpp:345]   --->   Operation 177 'and' 'and_ln218_62' <Predicate = (!icmp_ln328)> <Delay = 0.12> <CoreInst = "LogicGate">   --->   Core 74 'LogicGate' <Latency = 0> <II = 1> <Delay = 0.12> <FuncUnit> <Opcode : 'and' 'or' 'xor'> <InPorts = 2> <OutPorts = 1>
ST_9 : Operation 178 [1/1] (0.00ns) (grouped into LUT with out node xor_ln218)   --->   "%and_ln218_26 = and i1 %and_ln218_62, i1 %and_ln218_59" [./calorimeter.h:218->calorimeter.cpp:345]   --->   Operation 178 'and' 'and_ln218_26' <Predicate = (!icmp_ln328)> <Delay = 0.00> <CoreInst = "LogicGate">   --->   Core 74 'LogicGate' <Latency = 0> <II = 1> <Delay = 0.12> <FuncUnit> <Opcode : 'and' 'or' 'xor'> <InPorts = 2> <OutPorts = 1>
ST_9 : Operation 179 [2/2] (1.20ns)   --->   "%neighbor_54 = load i11 %towers_addr_59" [./calorimeter.h:216->calorimeter.cpp:345]   --->   Operation 179 'load' 'neighbor_54' <Predicate = (!icmp_ln328)> <Delay = 1.20> <CoreInst = "RAM">   --->   Core 82 'RAM' <Latency = 1> <II = 1> <Delay = 1.20> <Storage> <Opcode : 'load' 'store'> <Ports = 2> <Width = 12> <Depth = 1800> <RAM>
ST_9 : Operation 180 [1/1] (0.12ns) (out node of the LUT)   --->   "%xor_ln218 = xor i1 %and_ln218_26, i1 1" [./calorimeter.h:218->calorimeter.cpp:345]   --->   Operation 180 'xor' 'xor_ln218' <Predicate = (!icmp_ln328)> <Delay = 0.12> <CoreInst = "LogicGate">   --->   Core 74 'LogicGate' <Latency = 0> <II = 1> <Delay = 0.12> <FuncUnit> <Opcode : 'and' 'or' 'xor'> <InPorts = 2> <OutPorts = 1>

State 10 <SV = 9> <Delay = 4.98>
ST_10 : Operation 181 [1/1] (0.70ns)   --->   "%empty_102 = add i5 %select_ln328_2, i5 30" [calorimeter.cpp:328]   --->   Operation 181 'add' 'empty_102' <Predicate = (!icmp_ln328)> <Delay = 0.70> <CoreInst = "Adder">   --->   Core 1 'Adder' <Latency = 0> <II = 1> <Delay = 0.70> <FuncUnit> <Opcode : 'add' 'sub'> <InPorts = 2> <OutPorts = 1>
ST_10 : Operation 182 [1/1] (0.00ns)   --->   "%p_shl11 = bitconcatenate i11 @_ssdm_op_BitConcatenate.i11.i5.i6, i5 %empty_102, i6 0" [./calorimeter.h:187->calorimeter.cpp:348]   --->   Operation 182 'bitconcatenate' 'p_shl11' <Predicate = (!icmp_ln328)> <Delay = 0.00>
ST_10 : Operation 183 [1/1] (0.00ns)   --->   "%tmp_14 = bitconcatenate i7 @_ssdm_op_BitConcatenate.i7.i5.i2, i5 %empty_102, i2 0" [./calorimeter.h:187->calorimeter.cpp:348]   --->   Operation 183 'bitconcatenate' 'tmp_14' <Predicate = (!icmp_ln328)> <Delay = 0.00>
ST_10 : Operation 184 [1/1] (0.00ns)   --->   "%zext_ln187_97 = zext i7 %tmp_14" [./calorimeter.h:187->calorimeter.cpp:348]   --->   Operation 184 'zext' 'zext_ln187_97' <Predicate = (!icmp_ln328)> <Delay = 0.00>
ST_10 : Operation 185 [1/1] (0.73ns)   --->   "%sub_ln187 = sub i11 %p_shl11, i11 %zext_ln187_97" [./calorimeter.h:187->calorimeter.cpp:348]   --->   Operation 185 'sub' 'sub_ln187' <Predicate = (!icmp_ln328)> <Delay = 0.73> <CoreInst = "Adder">   --->   Core 1 'Adder' <Latency = 0> <II = 1> <Delay = 0.73> <FuncUnit> <Opcode : 'add' 'sub'> <InPorts = 2> <OutPorts = 1>
ST_10 : Operation 186 [1/2] (1.20ns)   --->   "%neighbor_54 = load i11 %towers_addr_59" [./calorimeter.h:216->calorimeter.cpp:345]   --->   Operation 186 'load' 'neighbor_54' <Predicate = (!icmp_ln328)> <Delay = 1.20> <CoreInst = "RAM">   --->   Core 82 'RAM' <Latency = 1> <II = 1> <Delay = 1.20> <Storage> <Opcode : 'load' 'store'> <Ports = 2> <Width = 12> <Depth = 1800> <RAM>
ST_10 : Operation 187 [1/1] (0.74ns)   --->   "%icmp_ln218_52 = icmp_ugt  i12 %neighbor_54, i12 %seed_et" [./calorimeter.h:218->calorimeter.cpp:345]   --->   Operation 187 'icmp' 'icmp_ln218_52' <Predicate = (!icmp_ln328)> <Delay = 0.74> <CoreInst = "Cmp">   --->   Core 9 'Cmp' <Latency = 0> <II = 1> <Delay = 0.74> <FuncUnit> <Opcode : 'seteq' 'setne' 'setle' 'setge' 'setlt' 'setgt'> <InPorts = 2> <OutPorts = 1>
ST_10 : Operation 188 [1/1] (0.00ns)   --->   "%zext_ln187 = zext i12 %neighbor" [./calorimeter.h:187->calorimeter.cpp:347]   --->   Operation 188 'zext' 'zext_ln187' <Predicate = (!icmp_ln328)> <Delay = 0.00>
ST_10 : Operation 189 [1/1] (0.00ns)   --->   "%zext_ln347_3 = zext i12 %neighbor_51" [calorimeter.cpp:347]   --->   Operation 189 'zext' 'zext_ln347_3' <Predicate = (!icmp_ln328)> <Delay = 0.00>
ST_10 : Operation 190 [1/1] (0.00ns)   --->   "%zext_ln187_50 = zext i12 %neighbor_52" [./calorimeter.h:187->calorimeter.cpp:347]   --->   Operation 190 'zext' 'zext_ln187_50' <Predicate = (!icmp_ln328)> <Delay = 0.00>
ST_10 : Operation 191 [1/1] (0.00ns)   --->   "%zext_ln187_51 = zext i12 %neighbor_53" [./calorimeter.h:187->calorimeter.cpp:347]   --->   Operation 191 'zext' 'zext_ln187_51' <Predicate = (!icmp_ln328)> <Delay = 0.00>
ST_10 : Operation 192 [1/1] (0.00ns)   --->   "%zext_ln187_17 = zext i14 %core3_et_4" [./calorimeter.h:187->calorimeter.cpp:347]   --->   Operation 192 'zext' 'zext_ln187_17' <Predicate = (!icmp_ln328)> <Delay = 0.00>
ST_10 : Operation 193 [1/1] (0.00ns)   --->   "%zext_ln187_53 = zext i12 %neighbor_54" [./calorimeter.h:187->calorimeter.cpp:347]   --->   Operation 193 'zext' 'zext_ln187_53' <Predicate = (!icmp_ln328)> <Delay = 0.00>
ST_10 : Operation 194 [1/1] (0.00ns) (grouped into TernaryAdder)   --->   "%add_ln187_58 = add i15 %zext_ln187_17, i15 %zext_ln347_3" [./calorimeter.h:187->calorimeter.cpp:347]   --->   Operation 194 'add' 'add_ln187_58' <Predicate = (!icmp_ln328)> <Delay = 0.00> <CoreInst = "TAddSub">   --->   Core 10 'TAddSub' <Latency = 0> <II = 1> <Delay = 0.34> <IPBlock> <Opcode : '' 'add' 'sub'> <InPorts = 3> <OutPorts = 1> <Sync> <CReg>
ST_10 : Operation 195 [1/1] (0.74ns)   --->   "%add_ln187_59 = add i13 %zext_ln187_51, i13 %zext_ln187_53" [./calorimeter.h:187->calorimeter.cpp:347]   --->   Operation 195 'add' 'add_ln187_59' <Predicate = (!icmp_ln328)> <Delay = 0.74> <CoreInst = "Adder">   --->   Core 1 'Adder' <Latency = 0> <II = 1> <Delay = 0.74> <FuncUnit> <Opcode : 'add' 'sub'> <InPorts = 2> <OutPorts = 1>
ST_10 : Operation 196 [1/1] (0.00ns)   --->   "%zext_ln187_54 = zext i13 %add_ln187_59" [./calorimeter.h:187->calorimeter.cpp:347]   --->   Operation 196 'zext' 'zext_ln187_54' <Predicate = (!icmp_ln328)> <Delay = 0.00>
ST_10 : Operation 197 [1/1] (0.75ns)   --->   "%add_ln187_60 = add i14 %zext_ln187_54, i14 %zext_ln187_50" [./calorimeter.h:187->calorimeter.cpp:347]   --->   Operation 197 'add' 'add_ln187_60' <Predicate = (!icmp_ln328)> <Delay = 0.75> <CoreInst = "Adder">   --->   Core 1 'Adder' <Latency = 0> <II = 1> <Delay = 0.75> <FuncUnit> <Opcode : 'add' 'sub'> <InPorts = 2> <OutPorts = 1>
ST_10 : Operation 198 [1/1] (0.00ns)   --->   "%zext_ln187_55 = zext i14 %add_ln187_60" [./calorimeter.h:187->calorimeter.cpp:347]   --->   Operation 198 'zext' 'zext_ln187_55' <Predicate = (!icmp_ln328)> <Delay = 0.00>
ST_10 : Operation 199 [1/1] (0.69ns) (root node of TernaryAdder)   --->   "%core3_et_5 = add i15 %zext_ln187_55, i15 %add_ln187_58" [./calorimeter.h:187->calorimeter.cpp:347]   --->   Operation 199 'add' 'core3_et_5' <Predicate = (!icmp_ln328)> <Delay = 0.69> <CoreInst = "TAddSub">   --->   Core 10 'TAddSub' <Latency = 0> <II = 1> <Delay = 0.34> <IPBlock> <Opcode : '' 'add' 'sub'> <InPorts = 3> <OutPorts = 1> <Sync> <CReg>
ST_10 : Operation 200 [1/1] (0.00ns)   --->   "%zext_ln187_19 = zext i15 %core3_et_5" [./calorimeter.h:187->calorimeter.cpp:347]   --->   Operation 200 'zext' 'zext_ln187_19' <Predicate = (!icmp_ln328)> <Delay = 0.00>
ST_10 : Operation 201 [1/1] (0.77ns)   --->   "%core3_et_6 = add i16 %zext_ln187_19, i16 %zext_ln187" [./calorimeter.h:187->calorimeter.cpp:347]   --->   Operation 201 'add' 'core3_et_6' <Predicate = (!icmp_ln328)> <Delay = 0.77> <CoreInst = "Adder">   --->   Core 1 'Adder' <Latency = 0> <II = 1> <Delay = 0.77> <FuncUnit> <Opcode : 'add' 'sub'> <InPorts = 2> <OutPorts = 1>
ST_10 : Operation 202 [1/1] (0.00ns)   --->   "%zext_ln347_4 = zext i16 %core3_et_6" [calorimeter.cpp:347]   --->   Operation 202 'zext' 'zext_ln347_4' <Predicate = (!icmp_ln328)> <Delay = 0.00>
ST_10 : Operation 203 [1/1] (0.70ns)   --->   "%add_ln184_1 = add i7 %zext_ln329, i7 126" [./calorimeter.h:184->calorimeter.cpp:348]   --->   Operation 203 'add' 'add_ln184_1' <Predicate = (!icmp_ln328)> <Delay = 0.70> <CoreInst = "Adder">   --->   Core 1 'Adder' <Latency = 0> <II = 1> <Delay = 0.70> <FuncUnit> <Opcode : 'add' 'sub'> <InPorts = 2> <OutPorts = 1>
ST_10 : Operation 204 [1/1] (0.00ns)   --->   "%tmp_19 = bitselect i1 @_ssdm_op_BitSelect.i1.i7.i32, i7 %add_ln184_1, i32 6" [./calorimeter.h:160->./calorimeter.h:184->calorimeter.cpp:348]   --->   Operation 204 'bitselect' 'tmp_19' <Predicate = (!icmp_ln328)> <Delay = 0.00>
ST_10 : Operation 205 [1/1] (0.70ns)   --->   "%add_ln161_3 = add i7 %zext_ln329, i7 58" [./calorimeter.h:161->./calorimeter.h:184->calorimeter.cpp:348]   --->   Operation 205 'add' 'add_ln161_3' <Predicate = (!icmp_ln328)> <Delay = 0.70> <CoreInst = "Adder">   --->   Core 1 'Adder' <Latency = 0> <II = 1> <Delay = 0.70> <FuncUnit> <Opcode : 'add' 'sub'> <InPorts = 2> <OutPorts = 1>
ST_10 : Operation 206 [1/1] (0.30ns)   --->   "%phi_idx_15 = select i1 %tmp_19, i7 %add_ln161_3, i7 %add_ln184_1" [./calorimeter.h:160->./calorimeter.h:184->calorimeter.cpp:348]   --->   Operation 206 'select' 'phi_idx_15' <Predicate = (!icmp_ln328)> <Delay = 0.30> <CoreInst = "Sel">   --->   Core 73 'Sel' <Latency = 0> <II = 1> <Delay = 0.30> <FuncUnit> <Opcode : 'select'> <InPorts = 3> <OutPorts = 1>
ST_10 : Operation 207 [1/1] (0.00ns)   --->   "%zext_ln187_113 = zext i7 %phi_idx_15" [./calorimeter.h:187->calorimeter.cpp:348]   --->   Operation 207 'zext' 'zext_ln187_113' <Predicate = (!icmp_ln328)> <Delay = 0.00>
ST_10 : Operation 208 [1/1] (0.73ns)   --->   "%add_ln187_104 = add i11 %sub_ln187, i11 %zext_ln187_113" [./calorimeter.h:187->calorimeter.cpp:348]   --->   Operation 208 'add' 'add_ln187_104' <Predicate = (!icmp_ln328)> <Delay = 0.73> <CoreInst = "Adder">   --->   Core 1 'Adder' <Latency = 0> <II = 1> <Delay = 0.73> <FuncUnit> <Opcode : 'add' 'sub'> <InPorts = 2> <OutPorts = 1>
ST_10 : Operation 209 [1/1] (0.00ns)   --->   "%zext_ln187_114 = zext i11 %add_ln187_104" [./calorimeter.h:187->calorimeter.cpp:348]   --->   Operation 209 'zext' 'zext_ln187_114' <Predicate = (!icmp_ln328)> <Delay = 0.00>
ST_10 : Operation 210 [1/1] (0.00ns)   --->   "%towers_addr_61 = getelementptr i12 %towers, i64 0, i64 %zext_ln187_114" [./calorimeter.h:187->calorimeter.cpp:348]   --->   Operation 210 'getelementptr' 'towers_addr_61' <Predicate = (!icmp_ln328)> <Delay = 0.00>
ST_10 : Operation 211 [2/2] (1.20ns)   --->   "%sum5_et = load i11 %towers_addr_61" [./calorimeter.h:187->calorimeter.cpp:348]   --->   Operation 211 'load' 'sum5_et' <Predicate = (!icmp_ln328)> <Delay = 1.20> <CoreInst = "RAM">   --->   Core 82 'RAM' <Latency = 1> <II = 1> <Delay = 1.20> <Storage> <Opcode : 'load' 'store'> <Ports = 2> <Width = 12> <Depth = 1800> <RAM>
ST_10 : Operation 212 [1/1] (0.80ns)   --->   "%icmp_ln354 = icmp_ult  i20 %zext_ln347_4, i20 %cluster_threshold_read" [calorimeter.cpp:354]   --->   Operation 212 'icmp' 'icmp_ln354' <Predicate = (!icmp_ln328)> <Delay = 0.80> <CoreInst = "Cmp">   --->   Core 9 'Cmp' <Latency = 0> <II = 1> <Delay = 0.80> <FuncUnit> <Opcode : 'seteq' 'setne' 'setle' 'setge' 'setlt' 'setgt'> <InPorts = 2> <OutPorts = 1>

State 11 <SV = 10> <Delay = 1.93>
ST_11 : Operation 213 [1/1] (0.73ns)   --->   "%add_ln187_71 = add i11 %sub_ln187, i11 %zext_ln216_60" [./calorimeter.h:187->calorimeter.cpp:348]   --->   Operation 213 'add' 'add_ln187_71' <Predicate = (!icmp_ln328)> <Delay = 0.73> <CoreInst = "Adder">   --->   Core 1 'Adder' <Latency = 0> <II = 1> <Delay = 0.73> <FuncUnit> <Opcode : 'add' 'sub'> <InPorts = 2> <OutPorts = 1>
ST_11 : Operation 214 [1/1] (0.00ns)   --->   "%zext_ln187_109 = zext i11 %add_ln187_71" [./calorimeter.h:187->calorimeter.cpp:348]   --->   Operation 214 'zext' 'zext_ln187_109' <Predicate = (!icmp_ln328)> <Delay = 0.00>
ST_11 : Operation 215 [1/1] (0.00ns)   --->   "%towers_addr_62 = getelementptr i12 %towers, i64 0, i64 %zext_ln187_109" [./calorimeter.h:187->calorimeter.cpp:348]   --->   Operation 215 'getelementptr' 'towers_addr_62' <Predicate = (!icmp_ln328)> <Delay = 0.00>
ST_11 : Operation 216 [1/2] (1.20ns)   --->   "%sum5_et = load i11 %towers_addr_61" [./calorimeter.h:187->calorimeter.cpp:348]   --->   Operation 216 'load' 'sum5_et' <Predicate = (!icmp_ln328)> <Delay = 1.20> <CoreInst = "RAM">   --->   Core 82 'RAM' <Latency = 1> <II = 1> <Delay = 1.20> <Storage> <Opcode : 'load' 'store'> <Ports = 2> <Width = 12> <Depth = 1800> <RAM>
ST_11 : Operation 217 [2/2] (1.20ns)   --->   "%sum7_et_12 = load i11 %towers_addr_62" [./calorimeter.h:187->calorimeter.cpp:348]   --->   Operation 217 'load' 'sum7_et_12' <Predicate = (!icmp_ln328)> <Delay = 1.20> <CoreInst = "RAM">   --->   Core 82 'RAM' <Latency = 1> <II = 1> <Delay = 1.20> <Storage> <Opcode : 'load' 'store'> <Ports = 2> <Width = 12> <Depth = 1800> <RAM>

State 12 <SV = 11> <Delay = 1.93>
ST_12 : Operation 218 [1/1] (0.73ns)   --->   "%add_ln187 = add i11 %sub_ln187, i11 %zext_ln342_1" [./calorimeter.h:187->calorimeter.cpp:348]   --->   Operation 218 'add' 'add_ln187' <Predicate = (!icmp_ln328)> <Delay = 0.73> <CoreInst = "Adder">   --->   Core 1 'Adder' <Latency = 0> <II = 1> <Delay = 0.73> <FuncUnit> <Opcode : 'add' 'sub'> <InPorts = 2> <OutPorts = 1>
ST_12 : Operation 219 [1/1] (0.00ns)   --->   "%zext_ln187_101 = zext i11 %add_ln187" [./calorimeter.h:187->calorimeter.cpp:348]   --->   Operation 219 'zext' 'zext_ln187_101' <Predicate = (!icmp_ln328)> <Delay = 0.00>
ST_12 : Operation 220 [1/1] (0.00ns)   --->   "%towers_addr_51 = getelementptr i12 %towers, i64 0, i64 %zext_ln187_101" [./calorimeter.h:187->calorimeter.cpp:348]   --->   Operation 220 'getelementptr' 'towers_addr_51' <Predicate = (!icmp_ln328)> <Delay = 0.00>
ST_12 : Operation 221 [1/2] (1.20ns)   --->   "%sum7_et_12 = load i11 %towers_addr_62" [./calorimeter.h:187->calorimeter.cpp:348]   --->   Operation 221 'load' 'sum7_et_12' <Predicate = (!icmp_ln328)> <Delay = 1.20> <CoreInst = "RAM">   --->   Core 82 'RAM' <Latency = 1> <II = 1> <Delay = 1.20> <Storage> <Opcode : 'load' 'store'> <Ports = 2> <Width = 12> <Depth = 1800> <RAM>
ST_12 : Operation 222 [2/2] (1.20ns)   --->   "%towers_load_2 = load i11 %towers_addr_51" [./calorimeter.h:187->calorimeter.cpp:348]   --->   Operation 222 'load' 'towers_load_2' <Predicate = (!icmp_ln328)> <Delay = 1.20> <CoreInst = "RAM">   --->   Core 82 'RAM' <Latency = 1> <II = 1> <Delay = 1.20> <Storage> <Opcode : 'load' 'store'> <Ports = 2> <Width = 12> <Depth = 1800> <RAM>

State 13 <SV = 12> <Delay = 1.93>
ST_13 : Operation 223 [1/1] (0.73ns)   --->   "%add_ln187_62 = add i11 %sub_ln187, i11 %sext_ln216" [./calorimeter.h:187->calorimeter.cpp:348]   --->   Operation 223 'add' 'add_ln187_62' <Predicate = (!icmp_ln328)> <Delay = 0.73> <CoreInst = "Adder">   --->   Core 1 'Adder' <Latency = 0> <II = 1> <Delay = 0.73> <FuncUnit> <Opcode : 'add' 'sub'> <InPorts = 2> <OutPorts = 1>
ST_13 : Operation 224 [1/1] (0.00ns)   --->   "%zext_ln187_105 = zext i11 %add_ln187_62" [./calorimeter.h:187->calorimeter.cpp:348]   --->   Operation 224 'zext' 'zext_ln187_105' <Predicate = (!icmp_ln328)> <Delay = 0.00>
ST_13 : Operation 225 [1/1] (0.00ns)   --->   "%towers_addr_63 = getelementptr i12 %towers, i64 0, i64 %zext_ln187_105" [./calorimeter.h:187->calorimeter.cpp:348]   --->   Operation 225 'getelementptr' 'towers_addr_63' <Predicate = (!icmp_ln328)> <Delay = 0.00>
ST_13 : Operation 226 [1/2] (1.20ns)   --->   "%towers_load_2 = load i11 %towers_addr_51" [./calorimeter.h:187->calorimeter.cpp:348]   --->   Operation 226 'load' 'towers_load_2' <Predicate = (!icmp_ln328)> <Delay = 1.20> <CoreInst = "RAM">   --->   Core 82 'RAM' <Latency = 1> <II = 1> <Delay = 1.20> <Storage> <Opcode : 'load' 'store'> <Ports = 2> <Width = 12> <Depth = 1800> <RAM>
ST_13 : Operation 227 [2/2] (1.20ns)   --->   "%towers_load_3 = load i11 %towers_addr_63" [./calorimeter.h:187->calorimeter.cpp:348]   --->   Operation 227 'load' 'towers_load_3' <Predicate = (!icmp_ln328)> <Delay = 1.20> <CoreInst = "RAM">   --->   Core 82 'RAM' <Latency = 1> <II = 1> <Delay = 1.20> <Storage> <Opcode : 'load' 'store'> <Ports = 2> <Width = 12> <Depth = 1800> <RAM>

State 14 <SV = 13> <Delay = 3.65>
ST_14 : Operation 228 [1/2] (1.20ns)   --->   "%towers_load_3 = load i11 %towers_addr_63" [./calorimeter.h:187->calorimeter.cpp:348]   --->   Operation 228 'load' 'towers_load_3' <Predicate = (!icmp_ln328)> <Delay = 1.20> <CoreInst = "RAM">   --->   Core 82 'RAM' <Latency = 1> <II = 1> <Delay = 1.20> <Storage> <Opcode : 'load' 'store'> <Ports = 2> <Width = 12> <Depth = 1800> <RAM>
ST_14 : Operation 229 [1/1] (0.70ns)   --->   "%add_ln184 = add i6 %select_ln328, i6 2" [./calorimeter.h:184->calorimeter.cpp:348]   --->   Operation 229 'add' 'add_ln184' <Predicate = (!icmp_ln328)> <Delay = 0.70> <CoreInst = "Adder">   --->   Core 1 'Adder' <Latency = 0> <II = 1> <Delay = 0.70> <FuncUnit> <Opcode : 'add' 'sub'> <InPorts = 2> <OutPorts = 1>
ST_14 : Operation 230 [1/1] (0.70ns)   --->   "%icmp_ln162_3 = icmp_ugt  i6 %add_ln184, i6 59" [./calorimeter.h:162->./calorimeter.h:184->calorimeter.cpp:348]   --->   Operation 230 'icmp' 'icmp_ln162_3' <Predicate = (!icmp_ln328)> <Delay = 0.70> <CoreInst = "Cmp">   --->   Core 9 'Cmp' <Latency = 0> <II = 1> <Delay = 0.70> <FuncUnit> <Opcode : 'seteq' 'setne' 'setle' 'setge' 'setlt' 'setgt'> <InPorts = 2> <OutPorts = 1>
ST_14 : Operation 231 [1/1] (0.70ns)   --->   "%add_ln163_3 = add i7 %zext_ln329, i7 70" [./calorimeter.h:163->./calorimeter.h:184->calorimeter.cpp:348]   --->   Operation 231 'add' 'add_ln163_3' <Predicate = (!icmp_ln328)> <Delay = 0.70> <CoreInst = "Adder">   --->   Core 1 'Adder' <Latency = 0> <II = 1> <Delay = 0.70> <FuncUnit> <Opcode : 'add' 'sub'> <InPorts = 2> <OutPorts = 1>
ST_14 : Operation 232 [1/1] (0.00ns)   --->   "%zext_ln162_3 = zext i6 %add_ln184" [./calorimeter.h:162->./calorimeter.h:184->calorimeter.cpp:348]   --->   Operation 232 'zext' 'zext_ln162_3' <Predicate = (!icmp_ln328)> <Delay = 0.00>
ST_14 : Operation 233 [1/1] (0.30ns)   --->   "%phi_idx_16 = select i1 %icmp_ln162_3, i7 %add_ln163_3, i7 %zext_ln162_3" [./calorimeter.h:162->./calorimeter.h:184->calorimeter.cpp:348]   --->   Operation 233 'select' 'phi_idx_16' <Predicate = (!icmp_ln328)> <Delay = 0.30> <CoreInst = "Sel">   --->   Core 73 'Sel' <Latency = 0> <II = 1> <Delay = 0.30> <FuncUnit> <Opcode : 'select'> <InPorts = 3> <OutPorts = 1>
ST_14 : Operation 234 [1/1] (0.00ns)   --->   "%sext_ln187 = sext i7 %phi_idx_16" [./calorimeter.h:187->calorimeter.cpp:348]   --->   Operation 234 'sext' 'sext_ln187' <Predicate = (!icmp_ln328)> <Delay = 0.00>
ST_14 : Operation 235 [1/1] (0.73ns)   --->   "%add_ln187_105 = add i11 %sub_ln187, i11 %sext_ln187" [./calorimeter.h:187->calorimeter.cpp:348]   --->   Operation 235 'add' 'add_ln187_105' <Predicate = (!icmp_ln328)> <Delay = 0.73> <CoreInst = "Adder">   --->   Core 1 'Adder' <Latency = 0> <II = 1> <Delay = 0.73> <FuncUnit> <Opcode : 'add' 'sub'> <InPorts = 2> <OutPorts = 1>
ST_14 : Operation 236 [1/1] (0.00ns)   --->   "%zext_ln187_115 = zext i11 %add_ln187_105" [./calorimeter.h:187->calorimeter.cpp:348]   --->   Operation 236 'zext' 'zext_ln187_115' <Predicate = (!icmp_ln328)> <Delay = 0.00>
ST_14 : Operation 237 [1/1] (0.00ns)   --->   "%towers_addr_65 = getelementptr i12 %towers, i64 0, i64 %zext_ln187_115" [./calorimeter.h:187->calorimeter.cpp:348]   --->   Operation 237 'getelementptr' 'towers_addr_65' <Predicate = (!icmp_ln328)> <Delay = 0.00>
ST_14 : Operation 238 [2/2] (1.20ns)   --->   "%towers_load_4 = load i11 %towers_addr_65" [./calorimeter.h:187->calorimeter.cpp:348]   --->   Operation 238 'load' 'towers_load_4' <Predicate = (!icmp_ln328)> <Delay = 1.20> <CoreInst = "RAM">   --->   Core 82 'RAM' <Latency = 1> <II = 1> <Delay = 1.20> <Storage> <Opcode : 'load' 'store'> <Ports = 2> <Width = 12> <Depth = 1800> <RAM>

State 15 <SV = 14> <Delay = 2.70>
ST_15 : Operation 239 [1/1] (0.00ns)   --->   "%zext_ln187_21 = zext i12 %sum5_et" [./calorimeter.h:187->calorimeter.cpp:348]   --->   Operation 239 'zext' 'zext_ln187_21' <Predicate = (!icmp_ln328)> <Delay = 0.00>
ST_15 : Operation 240 [1/1] (0.00ns)   --->   "%zext_ln348 = zext i12 %sum7_et_12" [calorimeter.cpp:348]   --->   Operation 240 'zext' 'zext_ln348' <Predicate = (!icmp_ln328)> <Delay = 0.00>
ST_15 : Operation 241 [1/1] (0.00ns)   --->   "%zext_ln348_1 = zext i12 %towers_load_2" [calorimeter.cpp:348]   --->   Operation 241 'zext' 'zext_ln348_1' <Predicate = (!icmp_ln328)> <Delay = 0.00>
ST_15 : Operation 242 [1/1] (0.00ns)   --->   "%zext_ln348_2 = zext i12 %towers_load_3" [calorimeter.cpp:348]   --->   Operation 242 'zext' 'zext_ln348_2' <Predicate = (!icmp_ln328)> <Delay = 0.00>
ST_15 : Operation 243 [1/2] (1.20ns)   --->   "%towers_load_4 = load i11 %towers_addr_65" [./calorimeter.h:187->calorimeter.cpp:348]   --->   Operation 243 'load' 'towers_load_4' <Predicate = (!icmp_ln328)> <Delay = 1.20> <CoreInst = "RAM">   --->   Core 82 'RAM' <Latency = 1> <II = 1> <Delay = 1.20> <Storage> <Opcode : 'load' 'store'> <Ports = 2> <Width = 12> <Depth = 1800> <RAM>
ST_15 : Operation 244 [1/1] (0.00ns)   --->   "%zext_ln348_3 = zext i12 %towers_load_4" [calorimeter.cpp:348]   --->   Operation 244 'zext' 'zext_ln348_3' <Predicate = (!icmp_ln328)> <Delay = 0.00>
ST_15 : Operation 245 [1/1] (0.73ns)   --->   "%add_ln187_112 = add i11 %sub_ln216, i11 %zext_ln187_113" [./calorimeter.h:187->calorimeter.cpp:348]   --->   Operation 245 'add' 'add_ln187_112' <Predicate = (!icmp_ln328)> <Delay = 0.73> <CoreInst = "Adder">   --->   Core 1 'Adder' <Latency = 0> <II = 1> <Delay = 0.73> <FuncUnit> <Opcode : 'add' 'sub'> <InPorts = 2> <OutPorts = 1>
ST_15 : Operation 246 [1/1] (0.00ns)   --->   "%zext_ln187_122 = zext i11 %add_ln187_112" [./calorimeter.h:187->calorimeter.cpp:348]   --->   Operation 246 'zext' 'zext_ln187_122' <Predicate = (!icmp_ln328)> <Delay = 0.00>
ST_15 : Operation 247 [1/1] (0.00ns)   --->   "%towers_addr_66 = getelementptr i12 %towers, i64 0, i64 %zext_ln187_122" [./calorimeter.h:187->calorimeter.cpp:348]   --->   Operation 247 'getelementptr' 'towers_addr_66' <Predicate = (!icmp_ln328)> <Delay = 0.00>
ST_15 : Operation 248 [2/2] (1.20ns)   --->   "%towers_load_5 = load i11 %towers_addr_66" [./calorimeter.h:187->calorimeter.cpp:348]   --->   Operation 248 'load' 'towers_load_5' <Predicate = (!icmp_ln328)> <Delay = 1.20> <CoreInst = "RAM">   --->   Core 82 'RAM' <Latency = 1> <II = 1> <Delay = 1.20> <Storage> <Opcode : 'load' 'store'> <Ports = 2> <Width = 12> <Depth = 1800> <RAM>
ST_15 : Operation 249 [1/1] (0.74ns)   --->   "%sum5_et_1 = add i13 %zext_ln348, i13 %zext_ln187_21" [./calorimeter.h:187->calorimeter.cpp:348]   --->   Operation 249 'add' 'sum5_et_1' <Predicate = (!icmp_ln328)> <Delay = 0.74> <CoreInst = "Adder">   --->   Core 1 'Adder' <Latency = 0> <II = 1> <Delay = 0.74> <FuncUnit> <Opcode : 'add' 'sub'> <InPorts = 2> <OutPorts = 1>
ST_15 : Operation 250 [1/1] (0.00ns)   --->   "%zext_ln187_23 = zext i13 %sum5_et_1" [./calorimeter.h:187->calorimeter.cpp:348]   --->   Operation 250 'zext' 'zext_ln187_23' <Predicate = (!icmp_ln328)> <Delay = 0.00>
ST_15 : Operation 251 [1/1] (0.74ns)   --->   "%add_ln187_63 = add i13 %zext_ln348_1, i13 %zext_ln348_2" [./calorimeter.h:187->calorimeter.cpp:348]   --->   Operation 251 'add' 'add_ln187_63' <Predicate = (!icmp_ln328)> <Delay = 0.74> <CoreInst = "Adder">   --->   Core 1 'Adder' <Latency = 0> <II = 1> <Delay = 0.74> <FuncUnit> <Opcode : 'add' 'sub'> <InPorts = 2> <OutPorts = 1>
ST_15 : Operation 252 [1/1] (0.00ns)   --->   "%zext_ln187_74 = zext i13 %add_ln187_63" [./calorimeter.h:187->calorimeter.cpp:348]   --->   Operation 252 'zext' 'zext_ln187_74' <Predicate = (!icmp_ln328)> <Delay = 0.00>
ST_15 : Operation 253 [1/1] (0.75ns)   --->   "%sum5_et_2 = add i14 %zext_ln187_74, i14 %zext_ln187_23" [./calorimeter.h:187->calorimeter.cpp:348]   --->   Operation 253 'add' 'sum5_et_2' <Predicate = (!icmp_ln328)> <Delay = 0.75> <CoreInst = "Adder">   --->   Core 1 'Adder' <Latency = 0> <II = 1> <Delay = 0.75> <FuncUnit> <Opcode : 'add' 'sub'> <InPorts = 2> <OutPorts = 1>
ST_15 : Operation 254 [1/1] (0.74ns)   --->   "%sum7_et_13 = add i13 %zext_ln348_1, i13 %zext_ln348" [./calorimeter.h:187->calorimeter.cpp:349]   --->   Operation 254 'add' 'sum7_et_13' <Predicate = (!icmp_ln328)> <Delay = 0.74> <CoreInst = "Adder">   --->   Core 1 'Adder' <Latency = 0> <II = 1> <Delay = 0.74> <FuncUnit> <Opcode : 'add' 'sub'> <InPorts = 2> <OutPorts = 1>
ST_15 : Operation 255 [1/1] (0.00ns)   --->   "%zext_ln187_26 = zext i13 %sum7_et_13" [./calorimeter.h:187->calorimeter.cpp:349]   --->   Operation 255 'zext' 'zext_ln187_26' <Predicate = (!icmp_ln328)> <Delay = 0.00>
ST_15 : Operation 256 [1/1] (0.74ns)   --->   "%add_ln187_70 = add i13 %zext_ln348_2, i13 %zext_ln348_3" [./calorimeter.h:187->calorimeter.cpp:349]   --->   Operation 256 'add' 'add_ln187_70' <Predicate = (!icmp_ln328)> <Delay = 0.74> <CoreInst = "Adder">   --->   Core 1 'Adder' <Latency = 0> <II = 1> <Delay = 0.74> <FuncUnit> <Opcode : 'add' 'sub'> <InPorts = 2> <OutPorts = 1>
ST_15 : Operation 257 [1/1] (0.00ns)   --->   "%zext_ln187_77 = zext i13 %add_ln187_70" [./calorimeter.h:187->calorimeter.cpp:349]   --->   Operation 257 'zext' 'zext_ln187_77' <Predicate = (!icmp_ln328)> <Delay = 0.00>
ST_15 : Operation 258 [1/1] (0.75ns)   --->   "%sum7_et_14 = add i14 %zext_ln187_77, i14 %zext_ln187_26" [./calorimeter.h:187->calorimeter.cpp:349]   --->   Operation 258 'add' 'sum7_et_14' <Predicate = (!icmp_ln328)> <Delay = 0.75> <CoreInst = "Adder">   --->   Core 1 'Adder' <Latency = 0> <II = 1> <Delay = 0.75> <FuncUnit> <Opcode : 'add' 'sub'> <InPorts = 2> <OutPorts = 1>

State 16 <SV = 15> <Delay = 1.93>
ST_16 : Operation 259 [1/1] (0.73ns)   --->   "%add_ln187_106 = add i11 %sub_ln216, i11 %sext_ln187" [./calorimeter.h:187->calorimeter.cpp:348]   --->   Operation 259 'add' 'add_ln187_106' <Predicate = (!icmp_ln328)> <Delay = 0.73> <CoreInst = "Adder">   --->   Core 1 'Adder' <Latency = 0> <II = 1> <Delay = 0.73> <FuncUnit> <Opcode : 'add' 'sub'> <InPorts = 2> <OutPorts = 1>
ST_16 : Operation 260 [1/1] (0.00ns)   --->   "%zext_ln187_116 = zext i11 %add_ln187_106" [./calorimeter.h:187->calorimeter.cpp:348]   --->   Operation 260 'zext' 'zext_ln187_116' <Predicate = (!icmp_ln328)> <Delay = 0.00>
ST_16 : Operation 261 [1/1] (0.00ns)   --->   "%towers_addr_67 = getelementptr i12 %towers, i64 0, i64 %zext_ln187_116" [./calorimeter.h:187->calorimeter.cpp:348]   --->   Operation 261 'getelementptr' 'towers_addr_67' <Predicate = (!icmp_ln328)> <Delay = 0.00>
ST_16 : Operation 262 [1/2] (1.20ns)   --->   "%towers_load_5 = load i11 %towers_addr_66" [./calorimeter.h:187->calorimeter.cpp:348]   --->   Operation 262 'load' 'towers_load_5' <Predicate = (!icmp_ln328)> <Delay = 1.20> <CoreInst = "RAM">   --->   Core 82 'RAM' <Latency = 1> <II = 1> <Delay = 1.20> <Storage> <Opcode : 'load' 'store'> <Ports = 2> <Width = 12> <Depth = 1800> <RAM>
ST_16 : Operation 263 [2/2] (1.20ns)   --->   "%towers_load_6 = load i11 %towers_addr_67" [./calorimeter.h:187->calorimeter.cpp:348]   --->   Operation 263 'load' 'towers_load_6' <Predicate = (!icmp_ln328)> <Delay = 1.20> <CoreInst = "RAM">   --->   Core 82 'RAM' <Latency = 1> <II = 1> <Delay = 1.20> <Storage> <Opcode : 'load' 'store'> <Ports = 2> <Width = 12> <Depth = 1800> <RAM>

State 17 <SV = 16> <Delay = 1.93>
ST_17 : Operation 264 [1/1] (0.73ns)   --->   "%add_ln187_113 = add i11 %sub_ln342, i11 %zext_ln187_113" [./calorimeter.h:187->calorimeter.cpp:348]   --->   Operation 264 'add' 'add_ln187_113' <Predicate = (!icmp_ln328)> <Delay = 0.73> <CoreInst = "Adder">   --->   Core 1 'Adder' <Latency = 0> <II = 1> <Delay = 0.73> <FuncUnit> <Opcode : 'add' 'sub'> <InPorts = 2> <OutPorts = 1>
ST_17 : Operation 265 [1/1] (0.00ns)   --->   "%zext_ln187_123 = zext i11 %add_ln187_113" [./calorimeter.h:187->calorimeter.cpp:348]   --->   Operation 265 'zext' 'zext_ln187_123' <Predicate = (!icmp_ln328)> <Delay = 0.00>
ST_17 : Operation 266 [1/1] (0.00ns)   --->   "%towers_addr_68 = getelementptr i12 %towers, i64 0, i64 %zext_ln187_123" [./calorimeter.h:187->calorimeter.cpp:348]   --->   Operation 266 'getelementptr' 'towers_addr_68' <Predicate = (!icmp_ln328)> <Delay = 0.00>
ST_17 : Operation 267 [1/2] (1.20ns)   --->   "%towers_load_6 = load i11 %towers_addr_67" [./calorimeter.h:187->calorimeter.cpp:348]   --->   Operation 267 'load' 'towers_load_6' <Predicate = (!icmp_ln328)> <Delay = 1.20> <CoreInst = "RAM">   --->   Core 82 'RAM' <Latency = 1> <II = 1> <Delay = 1.20> <Storage> <Opcode : 'load' 'store'> <Ports = 2> <Width = 12> <Depth = 1800> <RAM>
ST_17 : Operation 268 [2/2] (1.20ns)   --->   "%towers_load_7 = load i11 %towers_addr_68" [./calorimeter.h:187->calorimeter.cpp:348]   --->   Operation 268 'load' 'towers_load_7' <Predicate = (!icmp_ln328)> <Delay = 1.20> <CoreInst = "RAM">   --->   Core 82 'RAM' <Latency = 1> <II = 1> <Delay = 1.20> <Storage> <Opcode : 'load' 'store'> <Ports = 2> <Width = 12> <Depth = 1800> <RAM>

State 18 <SV = 17> <Delay = 3.39>
ST_18 : Operation 269 [1/1] (0.73ns)   --->   "%add_ln187_107 = add i11 %sub_ln342, i11 %sext_ln187" [./calorimeter.h:187->calorimeter.cpp:348]   --->   Operation 269 'add' 'add_ln187_107' <Predicate = (!icmp_ln328)> <Delay = 0.73> <CoreInst = "Adder">   --->   Core 1 'Adder' <Latency = 0> <II = 1> <Delay = 0.73> <FuncUnit> <Opcode : 'add' 'sub'> <InPorts = 2> <OutPorts = 1>
ST_18 : Operation 270 [1/1] (0.00ns)   --->   "%zext_ln187_117 = zext i11 %add_ln187_107" [./calorimeter.h:187->calorimeter.cpp:348]   --->   Operation 270 'zext' 'zext_ln187_117' <Predicate = (!icmp_ln328)> <Delay = 0.00>
ST_18 : Operation 271 [1/1] (0.00ns)   --->   "%towers_addr_69 = getelementptr i12 %towers, i64 0, i64 %zext_ln187_117" [./calorimeter.h:187->calorimeter.cpp:348]   --->   Operation 271 'getelementptr' 'towers_addr_69' <Predicate = (!icmp_ln328)> <Delay = 0.00>
ST_18 : Operation 272 [1/1] (0.00ns)   --->   "%zext_ln348_4 = zext i12 %towers_load_4" [calorimeter.cpp:348]   --->   Operation 272 'zext' 'zext_ln348_4' <Predicate = (!icmp_ln328)> <Delay = 0.00>
ST_18 : Operation 273 [1/1] (0.00ns)   --->   "%zext_ln348_6 = zext i12 %towers_load_5" [calorimeter.cpp:348]   --->   Operation 273 'zext' 'zext_ln348_6' <Predicate = (!icmp_ln328)> <Delay = 0.00>
ST_18 : Operation 274 [1/1] (0.00ns)   --->   "%zext_ln183_3 = zext i12 %towers_load_6" [./calorimeter.h:183->calorimeter.cpp:348]   --->   Operation 274 'zext' 'zext_ln183_3' <Predicate = (!icmp_ln328)> <Delay = 0.00>
ST_18 : Operation 275 [1/2] (1.20ns)   --->   "%towers_load_7 = load i11 %towers_addr_68" [./calorimeter.h:187->calorimeter.cpp:348]   --->   Operation 275 'load' 'towers_load_7' <Predicate = (!icmp_ln328)> <Delay = 1.20> <CoreInst = "RAM">   --->   Core 82 'RAM' <Latency = 1> <II = 1> <Delay = 1.20> <Storage> <Opcode : 'load' 'store'> <Ports = 2> <Width = 12> <Depth = 1800> <RAM>
ST_18 : Operation 276 [1/1] (0.00ns)   --->   "%zext_ln348_7 = zext i12 %towers_load_7" [calorimeter.cpp:348]   --->   Operation 276 'zext' 'zext_ln348_7' <Predicate = (!icmp_ln328)> <Delay = 0.00>
ST_18 : Operation 277 [2/2] (1.20ns)   --->   "%towers_load = load i11 %towers_addr_69" [./calorimeter.h:187->calorimeter.cpp:348]   --->   Operation 277 'load' 'towers_load' <Predicate = (!icmp_ln328)> <Delay = 1.20> <CoreInst = "RAM">   --->   Core 82 'RAM' <Latency = 1> <II = 1> <Delay = 1.20> <Storage> <Opcode : 'load' 'store'> <Ports = 2> <Width = 12> <Depth = 1800> <RAM>
ST_18 : Operation 278 [1/1] (0.00ns)   --->   "%zext_ln187_24 = zext i14 %sum5_et_2" [./calorimeter.h:187->calorimeter.cpp:348]   --->   Operation 278 'zext' 'zext_ln187_24' <Predicate = (!icmp_ln328)> <Delay = 0.00>
ST_18 : Operation 279 [1/1] (0.00ns) (grouped into TernaryAdder)   --->   "%add_ln187_65 = add i15 %zext_ln187_24, i15 %zext_ln348_4" [./calorimeter.h:187->calorimeter.cpp:348]   --->   Operation 279 'add' 'add_ln187_65' <Predicate = (!icmp_ln328)> <Delay = 0.00> <CoreInst = "TAddSub">   --->   Core 10 'TAddSub' <Latency = 0> <II = 1> <Delay = 0.34> <IPBlock> <Opcode : '' 'add' 'sub'> <InPorts = 3> <OutPorts = 1> <Sync> <CReg>
ST_18 : Operation 280 [1/1] (0.74ns)   --->   "%add_ln187_66 = add i13 %zext_ln183_3, i13 %zext_ln348_7" [./calorimeter.h:187->calorimeter.cpp:348]   --->   Operation 280 'add' 'add_ln187_66' <Predicate = (!icmp_ln328)> <Delay = 0.74> <CoreInst = "Adder">   --->   Core 1 'Adder' <Latency = 0> <II = 1> <Delay = 0.74> <FuncUnit> <Opcode : 'add' 'sub'> <InPorts = 2> <OutPorts = 1>
ST_18 : Operation 281 [1/1] (0.00ns)   --->   "%zext_ln187_75 = zext i13 %add_ln187_66" [./calorimeter.h:187->calorimeter.cpp:348]   --->   Operation 281 'zext' 'zext_ln187_75' <Predicate = (!icmp_ln328)> <Delay = 0.00>
ST_18 : Operation 282 [1/1] (0.75ns)   --->   "%add_ln187_67 = add i14 %zext_ln187_75, i14 %zext_ln348_6" [./calorimeter.h:187->calorimeter.cpp:348]   --->   Operation 282 'add' 'add_ln187_67' <Predicate = (!icmp_ln328)> <Delay = 0.75> <CoreInst = "Adder">   --->   Core 1 'Adder' <Latency = 0> <II = 1> <Delay = 0.75> <FuncUnit> <Opcode : 'add' 'sub'> <InPorts = 2> <OutPorts = 1>
ST_18 : Operation 283 [1/1] (0.00ns)   --->   "%zext_ln187_76 = zext i14 %add_ln187_67" [./calorimeter.h:187->calorimeter.cpp:348]   --->   Operation 283 'zext' 'zext_ln187_76' <Predicate = (!icmp_ln328)> <Delay = 0.00>
ST_18 : Operation 284 [1/1] (0.69ns) (root node of TernaryAdder)   --->   "%sum5_et_3 = add i15 %zext_ln187_76, i15 %add_ln187_65" [./calorimeter.h:187->calorimeter.cpp:348]   --->   Operation 284 'add' 'sum5_et_3' <Predicate = (!icmp_ln328)> <Delay = 0.69> <CoreInst = "TAddSub">   --->   Core 10 'TAddSub' <Latency = 0> <II = 1> <Delay = 0.34> <IPBlock> <Opcode : '' 'add' 'sub'> <InPorts = 3> <OutPorts = 1> <Sync> <CReg>

State 19 <SV = 18> <Delay = 3.39>
ST_19 : Operation 285 [1/1] (0.73ns)   --->   "%add_ln187_114 = add i11 %sub_ln216_6, i11 %zext_ln187_113" [./calorimeter.h:187->calorimeter.cpp:348]   --->   Operation 285 'add' 'add_ln187_114' <Predicate = (!icmp_ln328)> <Delay = 0.73> <CoreInst = "Adder">   --->   Core 1 'Adder' <Latency = 0> <II = 1> <Delay = 0.73> <FuncUnit> <Opcode : 'add' 'sub'> <InPorts = 2> <OutPorts = 1>
ST_19 : Operation 286 [1/1] (0.00ns)   --->   "%zext_ln187_124 = zext i11 %add_ln187_114" [./calorimeter.h:187->calorimeter.cpp:348]   --->   Operation 286 'zext' 'zext_ln187_124' <Predicate = (!icmp_ln328)> <Delay = 0.00>
ST_19 : Operation 287 [1/1] (0.00ns)   --->   "%towers_addr_70 = getelementptr i12 %towers, i64 0, i64 %zext_ln187_124" [./calorimeter.h:187->calorimeter.cpp:348]   --->   Operation 287 'getelementptr' 'towers_addr_70' <Predicate = (!icmp_ln328)> <Delay = 0.00>
ST_19 : Operation 288 [1/1] (0.00ns)   --->   "%zext_ln348_5 = zext i12 %towers_load_5" [calorimeter.cpp:348]   --->   Operation 288 'zext' 'zext_ln348_5' <Predicate = (!icmp_ln328)> <Delay = 0.00>
ST_19 : Operation 289 [1/1] (0.00ns)   --->   "%zext_ln183_2 = zext i12 %towers_load_6" [./calorimeter.h:183->calorimeter.cpp:348]   --->   Operation 289 'zext' 'zext_ln183_2' <Predicate = (!icmp_ln328)> <Delay = 0.00>
ST_19 : Operation 290 [1/2] (1.20ns)   --->   "%towers_load = load i11 %towers_addr_69" [./calorimeter.h:187->calorimeter.cpp:348]   --->   Operation 290 'load' 'towers_load' <Predicate = (!icmp_ln328)> <Delay = 1.20> <CoreInst = "RAM">   --->   Core 82 'RAM' <Latency = 1> <II = 1> <Delay = 1.20> <Storage> <Opcode : 'load' 'store'> <Ports = 2> <Width = 12> <Depth = 1800> <RAM>
ST_19 : Operation 291 [1/1] (0.00ns)   --->   "%zext_ln348_8 = zext i12 %towers_load" [calorimeter.cpp:348]   --->   Operation 291 'zext' 'zext_ln348_8' <Predicate = (!icmp_ln328)> <Delay = 0.00>
ST_19 : Operation 292 [2/2] (1.20ns)   --->   "%towers_load_8 = load i11 %towers_addr_70" [./calorimeter.h:187->calorimeter.cpp:348]   --->   Operation 292 'load' 'towers_load_8' <Predicate = (!icmp_ln328)> <Delay = 1.20> <CoreInst = "RAM">   --->   Core 82 'RAM' <Latency = 1> <II = 1> <Delay = 1.20> <Storage> <Opcode : 'load' 'store'> <Ports = 2> <Width = 12> <Depth = 1800> <RAM>
ST_19 : Operation 293 [1/1] (0.00ns)   --->   "%zext_ln187_27 = zext i14 %sum7_et_14" [./calorimeter.h:187->calorimeter.cpp:349]   --->   Operation 293 'zext' 'zext_ln187_27' <Predicate = (!icmp_ln328)> <Delay = 0.00>
ST_19 : Operation 294 [1/1] (0.00ns) (grouped into TernaryAdder)   --->   "%add_ln187_72 = add i15 %zext_ln187_27, i15 %zext_ln348_5" [./calorimeter.h:187->calorimeter.cpp:349]   --->   Operation 294 'add' 'add_ln187_72' <Predicate = (!icmp_ln328)> <Delay = 0.00> <CoreInst = "TAddSub">   --->   Core 10 'TAddSub' <Latency = 0> <II = 1> <Delay = 0.34> <IPBlock> <Opcode : '' 'add' 'sub'> <InPorts = 3> <OutPorts = 1> <Sync> <CReg>
ST_19 : Operation 295 [1/1] (0.74ns)   --->   "%add_ln187_73 = add i13 %zext_ln348_7, i13 %zext_ln348_8" [./calorimeter.h:187->calorimeter.cpp:349]   --->   Operation 295 'add' 'add_ln187_73' <Predicate = (!icmp_ln328)> <Delay = 0.74> <CoreInst = "Adder">   --->   Core 1 'Adder' <Latency = 0> <II = 1> <Delay = 0.74> <FuncUnit> <Opcode : 'add' 'sub'> <InPorts = 2> <OutPorts = 1>
ST_19 : Operation 296 [1/1] (0.00ns)   --->   "%zext_ln187_78 = zext i13 %add_ln187_73" [./calorimeter.h:187->calorimeter.cpp:349]   --->   Operation 296 'zext' 'zext_ln187_78' <Predicate = (!icmp_ln328)> <Delay = 0.00>
ST_19 : Operation 297 [1/1] (0.75ns)   --->   "%add_ln187_74 = add i14 %zext_ln187_78, i14 %zext_ln183_2" [./calorimeter.h:187->calorimeter.cpp:349]   --->   Operation 297 'add' 'add_ln187_74' <Predicate = (!icmp_ln328)> <Delay = 0.75> <CoreInst = "Adder">   --->   Core 1 'Adder' <Latency = 0> <II = 1> <Delay = 0.75> <FuncUnit> <Opcode : 'add' 'sub'> <InPorts = 2> <OutPorts = 1>
ST_19 : Operation 298 [1/1] (0.00ns)   --->   "%zext_ln187_79 = zext i14 %add_ln187_74" [./calorimeter.h:187->calorimeter.cpp:349]   --->   Operation 298 'zext' 'zext_ln187_79' <Predicate = (!icmp_ln328)> <Delay = 0.00>
ST_19 : Operation 299 [1/1] (0.69ns) (root node of TernaryAdder)   --->   "%sum7_et_15 = add i15 %zext_ln187_79, i15 %add_ln187_72" [./calorimeter.h:187->calorimeter.cpp:349]   --->   Operation 299 'add' 'sum7_et_15' <Predicate = (!icmp_ln328)> <Delay = 0.69> <CoreInst = "TAddSub">   --->   Core 10 'TAddSub' <Latency = 0> <II = 1> <Delay = 0.34> <IPBlock> <Opcode : '' 'add' 'sub'> <InPorts = 3> <OutPorts = 1> <Sync> <CReg>

State 20 <SV = 19> <Delay = 1.93>
ST_20 : Operation 300 [1/1] (0.73ns)   --->   "%add_ln187_108 = add i11 %sub_ln216_6, i11 %sext_ln187" [./calorimeter.h:187->calorimeter.cpp:348]   --->   Operation 300 'add' 'add_ln187_108' <Predicate = (!icmp_ln328)> <Delay = 0.73> <CoreInst = "Adder">   --->   Core 1 'Adder' <Latency = 0> <II = 1> <Delay = 0.73> <FuncUnit> <Opcode : 'add' 'sub'> <InPorts = 2> <OutPorts = 1>
ST_20 : Operation 301 [1/1] (0.00ns)   --->   "%zext_ln187_118 = zext i11 %add_ln187_108" [./calorimeter.h:187->calorimeter.cpp:348]   --->   Operation 301 'zext' 'zext_ln187_118' <Predicate = (!icmp_ln328)> <Delay = 0.00>
ST_20 : Operation 302 [1/1] (0.00ns)   --->   "%towers_addr_71 = getelementptr i12 %towers, i64 0, i64 %zext_ln187_118" [./calorimeter.h:187->calorimeter.cpp:348]   --->   Operation 302 'getelementptr' 'towers_addr_71' <Predicate = (!icmp_ln328)> <Delay = 0.00>
ST_20 : Operation 303 [1/2] (1.20ns)   --->   "%towers_load_8 = load i11 %towers_addr_70" [./calorimeter.h:187->calorimeter.cpp:348]   --->   Operation 303 'load' 'towers_load_8' <Predicate = (!icmp_ln328)> <Delay = 1.20> <CoreInst = "RAM">   --->   Core 82 'RAM' <Latency = 1> <II = 1> <Delay = 1.20> <Storage> <Opcode : 'load' 'store'> <Ports = 2> <Width = 12> <Depth = 1800> <RAM>
ST_20 : Operation 304 [2/2] (1.20ns)   --->   "%towers_load_9 = load i11 %towers_addr_71" [./calorimeter.h:187->calorimeter.cpp:348]   --->   Operation 304 'load' 'towers_load_9' <Predicate = (!icmp_ln328)> <Delay = 1.20> <CoreInst = "RAM">   --->   Core 82 'RAM' <Latency = 1> <II = 1> <Delay = 1.20> <Storage> <Opcode : 'load' 'store'> <Ports = 2> <Width = 12> <Depth = 1800> <RAM>

State 21 <SV = 20> <Delay = 3.38>
ST_21 : Operation 305 [1/1] (0.70ns)   --->   "%empty_103 = add i5 %select_ln328_2, i5 2" [calorimeter.cpp:328]   --->   Operation 305 'add' 'empty_103' <Predicate = (!icmp_ln328)> <Delay = 0.70> <CoreInst = "Adder">   --->   Core 1 'Adder' <Latency = 0> <II = 1> <Delay = 0.70> <FuncUnit> <Opcode : 'add' 'sub'> <InPorts = 2> <OutPorts = 1>
ST_21 : Operation 306 [1/1] (0.00ns)   --->   "%p_shl12 = bitconcatenate i11 @_ssdm_op_BitConcatenate.i11.i5.i6, i5 %empty_103, i6 0" [./calorimeter.h:187->calorimeter.cpp:348]   --->   Operation 306 'bitconcatenate' 'p_shl12' <Predicate = (!icmp_ln328)> <Delay = 0.00>
ST_21 : Operation 307 [1/1] (0.00ns)   --->   "%tmp_15 = bitconcatenate i7 @_ssdm_op_BitConcatenate.i7.i5.i2, i5 %empty_103, i2 0" [./calorimeter.h:187->calorimeter.cpp:348]   --->   Operation 307 'bitconcatenate' 'tmp_15' <Predicate = (!icmp_ln328)> <Delay = 0.00>
ST_21 : Operation 308 [1/1] (0.00ns)   --->   "%zext_ln187_98 = zext i7 %tmp_15" [./calorimeter.h:187->calorimeter.cpp:348]   --->   Operation 308 'zext' 'zext_ln187_98' <Predicate = (!icmp_ln328)> <Delay = 0.00>
ST_21 : Operation 309 [1/1] (0.73ns)   --->   "%sub_ln187_1 = sub i11 %p_shl12, i11 %zext_ln187_98" [./calorimeter.h:187->calorimeter.cpp:348]   --->   Operation 309 'sub' 'sub_ln187_1' <Predicate = (!icmp_ln328)> <Delay = 0.73> <CoreInst = "Adder">   --->   Core 1 'Adder' <Latency = 0> <II = 1> <Delay = 0.73> <FuncUnit> <Opcode : 'add' 'sub'> <InPorts = 2> <OutPorts = 1>
ST_21 : Operation 310 [1/1] (0.73ns)   --->   "%add_ln187_115 = add i11 %sub_ln187_1, i11 %zext_ln187_113" [./calorimeter.h:187->calorimeter.cpp:348]   --->   Operation 310 'add' 'add_ln187_115' <Predicate = (!icmp_ln328)> <Delay = 0.73> <CoreInst = "Adder">   --->   Core 1 'Adder' <Latency = 0> <II = 1> <Delay = 0.73> <FuncUnit> <Opcode : 'add' 'sub'> <InPorts = 2> <OutPorts = 1>
ST_21 : Operation 311 [1/1] (0.00ns)   --->   "%zext_ln187_125 = zext i11 %add_ln187_115" [./calorimeter.h:187->calorimeter.cpp:348]   --->   Operation 311 'zext' 'zext_ln187_125' <Predicate = (!icmp_ln328)> <Delay = 0.00>
ST_21 : Operation 312 [1/1] (0.00ns)   --->   "%towers_addr_72 = getelementptr i12 %towers, i64 0, i64 %zext_ln187_125" [./calorimeter.h:187->calorimeter.cpp:348]   --->   Operation 312 'getelementptr' 'towers_addr_72' <Predicate = (!icmp_ln328)> <Delay = 0.00>
ST_21 : Operation 313 [1/2] (1.20ns)   --->   "%towers_load_9 = load i11 %towers_addr_71" [./calorimeter.h:187->calorimeter.cpp:348]   --->   Operation 313 'load' 'towers_load_9' <Predicate = (!icmp_ln328)> <Delay = 1.20> <CoreInst = "RAM">   --->   Core 82 'RAM' <Latency = 1> <II = 1> <Delay = 1.20> <Storage> <Opcode : 'load' 'store'> <Ports = 2> <Width = 12> <Depth = 1800> <RAM>
ST_21 : Operation 314 [2/2] (1.20ns)   --->   "%towers_load_10 = load i11 %towers_addr_72" [./calorimeter.h:187->calorimeter.cpp:348]   --->   Operation 314 'load' 'towers_load_10' <Predicate = (!icmp_ln328)> <Delay = 1.20> <CoreInst = "RAM">   --->   Core 82 'RAM' <Latency = 1> <II = 1> <Delay = 1.20> <Storage> <Opcode : 'load' 'store'> <Ports = 2> <Width = 12> <Depth = 1800> <RAM>

State 22 <SV = 21> <Delay = 1.93>
ST_22 : Operation 315 [1/1] (0.73ns)   --->   "%add_ln187_75 = add i11 %sub_ln187_1, i11 %zext_ln216_60" [./calorimeter.h:187->calorimeter.cpp:348]   --->   Operation 315 'add' 'add_ln187_75' <Predicate = (!icmp_ln328)> <Delay = 0.73> <CoreInst = "Adder">   --->   Core 1 'Adder' <Latency = 0> <II = 1> <Delay = 0.73> <FuncUnit> <Opcode : 'add' 'sub'> <InPorts = 2> <OutPorts = 1>
ST_22 : Operation 316 [1/1] (0.00ns)   --->   "%zext_ln187_110 = zext i11 %add_ln187_75" [./calorimeter.h:187->calorimeter.cpp:348]   --->   Operation 316 'zext' 'zext_ln187_110' <Predicate = (!icmp_ln328)> <Delay = 0.00>
ST_22 : Operation 317 [1/1] (0.00ns)   --->   "%towers_addr_73 = getelementptr i12 %towers, i64 0, i64 %zext_ln187_110" [./calorimeter.h:187->calorimeter.cpp:348]   --->   Operation 317 'getelementptr' 'towers_addr_73' <Predicate = (!icmp_ln328)> <Delay = 0.00>
ST_22 : Operation 318 [1/2] (1.20ns)   --->   "%towers_load_10 = load i11 %towers_addr_72" [./calorimeter.h:187->calorimeter.cpp:348]   --->   Operation 318 'load' 'towers_load_10' <Predicate = (!icmp_ln328)> <Delay = 1.20> <CoreInst = "RAM">   --->   Core 82 'RAM' <Latency = 1> <II = 1> <Delay = 1.20> <Storage> <Opcode : 'load' 'store'> <Ports = 2> <Width = 12> <Depth = 1800> <RAM>
ST_22 : Operation 319 [2/2] (1.20ns)   --->   "%towers_load_11 = load i11 %towers_addr_73" [./calorimeter.h:187->calorimeter.cpp:348]   --->   Operation 319 'load' 'towers_load_11' <Predicate = (!icmp_ln328)> <Delay = 1.20> <CoreInst = "RAM">   --->   Core 82 'RAM' <Latency = 1> <II = 1> <Delay = 1.20> <Storage> <Opcode : 'load' 'store'> <Ports = 2> <Width = 12> <Depth = 1800> <RAM>

State 23 <SV = 22> <Delay = 1.93>
ST_23 : Operation 320 [1/1] (0.73ns)   --->   "%add_ln187_55 = add i11 %sub_ln187_1, i11 %zext_ln342_1" [./calorimeter.h:187->calorimeter.cpp:348]   --->   Operation 320 'add' 'add_ln187_55' <Predicate = (!icmp_ln328)> <Delay = 0.73> <CoreInst = "Adder">   --->   Core 1 'Adder' <Latency = 0> <II = 1> <Delay = 0.73> <FuncUnit> <Opcode : 'add' 'sub'> <InPorts = 2> <OutPorts = 1>
ST_23 : Operation 321 [1/1] (0.00ns)   --->   "%zext_ln187_102 = zext i11 %add_ln187_55" [./calorimeter.h:187->calorimeter.cpp:348]   --->   Operation 321 'zext' 'zext_ln187_102' <Predicate = (!icmp_ln328)> <Delay = 0.00>
ST_23 : Operation 322 [1/1] (0.00ns)   --->   "%towers_addr_53 = getelementptr i12 %towers, i64 0, i64 %zext_ln187_102" [./calorimeter.h:187->calorimeter.cpp:348]   --->   Operation 322 'getelementptr' 'towers_addr_53' <Predicate = (!icmp_ln328)> <Delay = 0.00>
ST_23 : Operation 323 [1/2] (1.20ns)   --->   "%towers_load_11 = load i11 %towers_addr_73" [./calorimeter.h:187->calorimeter.cpp:348]   --->   Operation 323 'load' 'towers_load_11' <Predicate = (!icmp_ln328)> <Delay = 1.20> <CoreInst = "RAM">   --->   Core 82 'RAM' <Latency = 1> <II = 1> <Delay = 1.20> <Storage> <Opcode : 'load' 'store'> <Ports = 2> <Width = 12> <Depth = 1800> <RAM>
ST_23 : Operation 324 [2/2] (1.20ns)   --->   "%towers_load_12 = load i11 %towers_addr_53" [./calorimeter.h:187->calorimeter.cpp:348]   --->   Operation 324 'load' 'towers_load_12' <Predicate = (!icmp_ln328)> <Delay = 1.20> <CoreInst = "RAM">   --->   Core 82 'RAM' <Latency = 1> <II = 1> <Delay = 1.20> <Storage> <Opcode : 'load' 'store'> <Ports = 2> <Width = 12> <Depth = 1800> <RAM>

State 24 <SV = 23> <Delay = 1.93>
ST_24 : Operation 325 [1/1] (0.73ns)   --->   "%add_ln187_64 = add i11 %sub_ln187_1, i11 %sext_ln216" [./calorimeter.h:187->calorimeter.cpp:348]   --->   Operation 325 'add' 'add_ln187_64' <Predicate = (!icmp_ln328)> <Delay = 0.73> <CoreInst = "Adder">   --->   Core 1 'Adder' <Latency = 0> <II = 1> <Delay = 0.73> <FuncUnit> <Opcode : 'add' 'sub'> <InPorts = 2> <OutPorts = 1>
ST_24 : Operation 326 [1/1] (0.00ns)   --->   "%zext_ln187_106 = zext i11 %add_ln187_64" [./calorimeter.h:187->calorimeter.cpp:348]   --->   Operation 326 'zext' 'zext_ln187_106' <Predicate = (!icmp_ln328)> <Delay = 0.00>
ST_24 : Operation 327 [1/1] (0.00ns)   --->   "%towers_addr_64 = getelementptr i12 %towers, i64 0, i64 %zext_ln187_106" [./calorimeter.h:187->calorimeter.cpp:348]   --->   Operation 327 'getelementptr' 'towers_addr_64' <Predicate = (!icmp_ln328)> <Delay = 0.00>
ST_24 : Operation 328 [1/2] (1.20ns)   --->   "%towers_load_12 = load i11 %towers_addr_53" [./calorimeter.h:187->calorimeter.cpp:348]   --->   Operation 328 'load' 'towers_load_12' <Predicate = (!icmp_ln328)> <Delay = 1.20> <CoreInst = "RAM">   --->   Core 82 'RAM' <Latency = 1> <II = 1> <Delay = 1.20> <Storage> <Opcode : 'load' 'store'> <Ports = 2> <Width = 12> <Depth = 1800> <RAM>
ST_24 : Operation 329 [2/2] (1.20ns)   --->   "%towers_load_13 = load i11 %towers_addr_64" [./calorimeter.h:187->calorimeter.cpp:348]   --->   Operation 329 'load' 'towers_load_13' <Predicate = (!icmp_ln328)> <Delay = 1.20> <CoreInst = "RAM">   --->   Core 82 'RAM' <Latency = 1> <II = 1> <Delay = 1.20> <Storage> <Opcode : 'load' 'store'> <Ports = 2> <Width = 12> <Depth = 1800> <RAM>

State 25 <SV = 24> <Delay = 1.93>
ST_25 : Operation 330 [1/1] (0.73ns)   --->   "%add_ln187_109 = add i11 %sub_ln187_1, i11 %sext_ln187" [./calorimeter.h:187->calorimeter.cpp:348]   --->   Operation 330 'add' 'add_ln187_109' <Predicate = (!icmp_ln328)> <Delay = 0.73> <CoreInst = "Adder">   --->   Core 1 'Adder' <Latency = 0> <II = 1> <Delay = 0.73> <FuncUnit> <Opcode : 'add' 'sub'> <InPorts = 2> <OutPorts = 1>
ST_25 : Operation 331 [1/1] (0.00ns)   --->   "%zext_ln187_119 = zext i11 %add_ln187_109" [./calorimeter.h:187->calorimeter.cpp:348]   --->   Operation 331 'zext' 'zext_ln187_119' <Predicate = (!icmp_ln328)> <Delay = 0.00>
ST_25 : Operation 332 [1/1] (0.00ns)   --->   "%towers_addr_76 = getelementptr i12 %towers, i64 0, i64 %zext_ln187_119" [./calorimeter.h:187->calorimeter.cpp:348]   --->   Operation 332 'getelementptr' 'towers_addr_76' <Predicate = (!icmp_ln328)> <Delay = 0.00>
ST_25 : Operation 333 [1/2] (1.20ns)   --->   "%towers_load_13 = load i11 %towers_addr_64" [./calorimeter.h:187->calorimeter.cpp:348]   --->   Operation 333 'load' 'towers_load_13' <Predicate = (!icmp_ln328)> <Delay = 1.20> <CoreInst = "RAM">   --->   Core 82 'RAM' <Latency = 1> <II = 1> <Delay = 1.20> <Storage> <Opcode : 'load' 'store'> <Ports = 2> <Width = 12> <Depth = 1800> <RAM>
ST_25 : Operation 334 [2/2] (1.20ns)   --->   "%towers_load_14 = load i11 %towers_addr_76" [./calorimeter.h:187->calorimeter.cpp:348]   --->   Operation 334 'load' 'towers_load_14' <Predicate = (!icmp_ln328)> <Delay = 1.20> <CoreInst = "RAM">   --->   Core 82 'RAM' <Latency = 1> <II = 1> <Delay = 1.20> <Storage> <Opcode : 'load' 'store'> <Ports = 2> <Width = 12> <Depth = 1800> <RAM>

State 26 <SV = 25> <Delay = 4.14>
ST_26 : Operation 335 [1/1] (0.70ns)   --->   "%empty_104 = add i5 %select_ln328_2, i5 29" [calorimeter.cpp:328]   --->   Operation 335 'add' 'empty_104' <Predicate = (!icmp_ln328)> <Delay = 0.70> <CoreInst = "Adder">   --->   Core 1 'Adder' <Latency = 0> <II = 1> <Delay = 0.70> <FuncUnit> <Opcode : 'add' 'sub'> <InPorts = 2> <OutPorts = 1>
ST_26 : Operation 336 [1/1] (0.00ns)   --->   "%p_shl13 = bitconcatenate i11 @_ssdm_op_BitConcatenate.i11.i5.i6, i5 %empty_104, i6 0" [./calorimeter.h:187->calorimeter.cpp:349]   --->   Operation 336 'bitconcatenate' 'p_shl13' <Predicate = (!icmp_ln328)> <Delay = 0.00>
ST_26 : Operation 337 [1/1] (0.00ns)   --->   "%tmp_16 = bitconcatenate i7 @_ssdm_op_BitConcatenate.i7.i5.i2, i5 %empty_104, i2 0" [./calorimeter.h:187->calorimeter.cpp:349]   --->   Operation 337 'bitconcatenate' 'tmp_16' <Predicate = (!icmp_ln328)> <Delay = 0.00>
ST_26 : Operation 338 [1/1] (0.00ns)   --->   "%zext_ln187_99 = zext i7 %tmp_16" [./calorimeter.h:187->calorimeter.cpp:349]   --->   Operation 338 'zext' 'zext_ln187_99' <Predicate = (!icmp_ln328)> <Delay = 0.00>
ST_26 : Operation 339 [1/1] (0.73ns)   --->   "%sub_ln187_2 = sub i11 %p_shl13, i11 %zext_ln187_99" [./calorimeter.h:187->calorimeter.cpp:349]   --->   Operation 339 'sub' 'sub_ln187_2' <Predicate = (!icmp_ln328)> <Delay = 0.73> <CoreInst = "Adder">   --->   Core 1 'Adder' <Latency = 0> <II = 1> <Delay = 0.73> <FuncUnit> <Opcode : 'add' 'sub'> <InPorts = 2> <OutPorts = 1>
ST_26 : Operation 340 [1/1] (0.00ns)   --->   "%zext_ln348_9 = zext i12 %towers_load_8" [calorimeter.cpp:348]   --->   Operation 340 'zext' 'zext_ln348_9' <Predicate = (!icmp_ln328)> <Delay = 0.00>
ST_26 : Operation 341 [1/1] (0.00ns)   --->   "%zext_ln348_10 = zext i12 %towers_load_8" [calorimeter.cpp:348]   --->   Operation 341 'zext' 'zext_ln348_10' <Predicate = (!icmp_ln328)> <Delay = 0.00>
ST_26 : Operation 342 [1/1] (0.00ns)   --->   "%zext_ln187_56 = zext i12 %towers_load_9" [./calorimeter.h:187->calorimeter.cpp:348]   --->   Operation 342 'zext' 'zext_ln187_56' <Predicate = (!icmp_ln328)> <Delay = 0.00>
ST_26 : Operation 343 [1/1] (0.00ns)   --->   "%zext_ln187_57 = zext i12 %towers_load_9" [./calorimeter.h:187->calorimeter.cpp:348]   --->   Operation 343 'zext' 'zext_ln187_57' <Predicate = (!icmp_ln328)> <Delay = 0.00>
ST_26 : Operation 344 [1/1] (0.00ns)   --->   "%zext_ln187_58 = zext i12 %towers_load_10" [./calorimeter.h:187->calorimeter.cpp:348]   --->   Operation 344 'zext' 'zext_ln187_58' <Predicate = (!icmp_ln328)> <Delay = 0.00>
ST_26 : Operation 345 [1/1] (0.00ns)   --->   "%zext_ln187_59 = zext i12 %towers_load_11" [./calorimeter.h:187->calorimeter.cpp:348]   --->   Operation 345 'zext' 'zext_ln187_59' <Predicate = (!icmp_ln328)> <Delay = 0.00>
ST_26 : Operation 346 [1/1] (0.00ns)   --->   "%zext_ln348_11 = zext i12 %towers_load_12" [calorimeter.cpp:348]   --->   Operation 346 'zext' 'zext_ln348_11' <Predicate = (!icmp_ln328)> <Delay = 0.00>
ST_26 : Operation 347 [1/1] (0.00ns)   --->   "%zext_ln187_60 = zext i12 %towers_load_12" [./calorimeter.h:187->calorimeter.cpp:348]   --->   Operation 347 'zext' 'zext_ln187_60' <Predicate = (!icmp_ln328)> <Delay = 0.00>
ST_26 : Operation 348 [1/1] (0.00ns)   --->   "%zext_ln187_62 = zext i12 %towers_load_13" [./calorimeter.h:187->calorimeter.cpp:348]   --->   Operation 348 'zext' 'zext_ln187_62' <Predicate = (!icmp_ln328)> <Delay = 0.00>
ST_26 : Operation 349 [1/2] (1.20ns)   --->   "%towers_load_14 = load i11 %towers_addr_76" [./calorimeter.h:187->calorimeter.cpp:348]   --->   Operation 349 'load' 'towers_load_14' <Predicate = (!icmp_ln328)> <Delay = 1.20> <CoreInst = "RAM">   --->   Core 82 'RAM' <Latency = 1> <II = 1> <Delay = 1.20> <Storage> <Opcode : 'load' 'store'> <Ports = 2> <Width = 12> <Depth = 1800> <RAM>
ST_26 : Operation 350 [1/1] (0.00ns)   --->   "%zext_ln171 = zext i12 %towers_load_14" [./calorimeter.h:171->calorimeter.cpp:349]   --->   Operation 350 'zext' 'zext_ln171' <Predicate = (!icmp_ln328)> <Delay = 0.00>
ST_26 : Operation 351 [1/1] (0.70ns)   --->   "%add_ln184_3 = add i7 %zext_ln329, i7 125" [./calorimeter.h:184->calorimeter.cpp:349]   --->   Operation 351 'add' 'add_ln184_3' <Predicate = (!icmp_ln328)> <Delay = 0.70> <CoreInst = "Adder">   --->   Core 1 'Adder' <Latency = 0> <II = 1> <Delay = 0.70> <FuncUnit> <Opcode : 'add' 'sub'> <InPorts = 2> <OutPorts = 1>
ST_26 : Operation 352 [1/1] (0.00ns)   --->   "%tmp_20 = bitselect i1 @_ssdm_op_BitSelect.i1.i7.i32, i7 %add_ln184_3, i32 6" [./calorimeter.h:160->./calorimeter.h:184->calorimeter.cpp:349]   --->   Operation 352 'bitselect' 'tmp_20' <Predicate = (!icmp_ln328)> <Delay = 0.00>
ST_26 : Operation 353 [1/1] (0.70ns)   --->   "%add_ln161_4 = add i7 %zext_ln329, i7 57" [./calorimeter.h:161->./calorimeter.h:184->calorimeter.cpp:349]   --->   Operation 353 'add' 'add_ln161_4' <Predicate = (!icmp_ln328)> <Delay = 0.70> <CoreInst = "Adder">   --->   Core 1 'Adder' <Latency = 0> <II = 1> <Delay = 0.70> <FuncUnit> <Opcode : 'add' 'sub'> <InPorts = 2> <OutPorts = 1>
ST_26 : Operation 354 [1/1] (0.30ns)   --->   "%phi_idx_17 = select i1 %tmp_20, i7 %add_ln161_4, i7 %add_ln184_3" [./calorimeter.h:160->./calorimeter.h:184->calorimeter.cpp:349]   --->   Operation 354 'select' 'phi_idx_17' <Predicate = (!icmp_ln328)> <Delay = 0.30> <CoreInst = "Sel">   --->   Core 73 'Sel' <Latency = 0> <II = 1> <Delay = 0.30> <FuncUnit> <Opcode : 'select'> <InPorts = 3> <OutPorts = 1>
ST_26 : Operation 355 [1/1] (0.00ns)   --->   "%zext_ln187_128 = zext i7 %phi_idx_17" [./calorimeter.h:187->calorimeter.cpp:349]   --->   Operation 355 'zext' 'zext_ln187_128' <Predicate = (!icmp_ln328)> <Delay = 0.00>
ST_26 : Operation 356 [1/1] (0.73ns)   --->   "%add_ln187_118 = add i11 %sub_ln187_2, i11 %zext_ln187_128" [./calorimeter.h:187->calorimeter.cpp:349]   --->   Operation 356 'add' 'add_ln187_118' <Predicate = (!icmp_ln328)> <Delay = 0.73> <CoreInst = "Adder">   --->   Core 1 'Adder' <Latency = 0> <II = 1> <Delay = 0.73> <FuncUnit> <Opcode : 'add' 'sub'> <InPorts = 2> <OutPorts = 1>
ST_26 : Operation 357 [1/1] (0.00ns)   --->   "%zext_ln187_129 = zext i11 %add_ln187_118" [./calorimeter.h:187->calorimeter.cpp:349]   --->   Operation 357 'zext' 'zext_ln187_129' <Predicate = (!icmp_ln328)> <Delay = 0.00>
ST_26 : Operation 358 [1/1] (0.00ns)   --->   "%towers_addr_77 = getelementptr i12 %towers, i64 0, i64 %zext_ln187_129" [./calorimeter.h:187->calorimeter.cpp:349]   --->   Operation 358 'getelementptr' 'towers_addr_77' <Predicate = (!icmp_ln328)> <Delay = 0.00>
ST_26 : Operation 359 [2/2] (1.20ns)   --->   "%sum7_et = load i11 %towers_addr_77" [./calorimeter.h:187->calorimeter.cpp:349]   --->   Operation 359 'load' 'sum7_et' <Predicate = (!icmp_ln328)> <Delay = 1.20> <CoreInst = "RAM">   --->   Core 82 'RAM' <Latency = 1> <II = 1> <Delay = 1.20> <Storage> <Opcode : 'load' 'store'> <Ports = 2> <Width = 12> <Depth = 1800> <RAM>
ST_26 : Operation 360 [1/1] (0.00ns)   --->   "%zext_ln187_25 = zext i15 %sum5_et_3" [./calorimeter.h:187->calorimeter.cpp:348]   --->   Operation 360 'zext' 'zext_ln187_25' <Predicate = (!icmp_ln328)> <Delay = 0.00>
ST_26 : Operation 361 [1/1] (0.77ns)   --->   "%add_ln351 = add i16 %zext_ln187_25, i16 %zext_ln348_11" [calorimeter.cpp:351]   --->   Operation 361 'add' 'add_ln351' <Predicate = (!icmp_ln328)> <Delay = 0.77> <CoreInst = "Adder">   --->   Core 1 'Adder' <Latency = 0> <II = 1> <Delay = 0.77> <FuncUnit> <Opcode : 'add' 'sub'> <InPorts = 2> <OutPorts = 1>
ST_26 : Operation 362 [1/1] (0.74ns)   --->   "%add_ln351_1 = add i13 %zext_ln187_62, i13 %zext_ln187_59" [calorimeter.cpp:351]   --->   Operation 362 'add' 'add_ln351_1' <Predicate = (!icmp_ln328)> <Delay = 0.74> <CoreInst = "Adder">   --->   Core 1 'Adder' <Latency = 0> <II = 1> <Delay = 0.74> <FuncUnit> <Opcode : 'add' 'sub'> <InPorts = 2> <OutPorts = 1>
ST_26 : Operation 363 [1/1] (0.00ns)   --->   "%zext_ln351 = zext i13 %add_ln351_1" [calorimeter.cpp:351]   --->   Operation 363 'zext' 'zext_ln351' <Predicate = (!icmp_ln328)> <Delay = 0.00>
ST_26 : Operation 364 [1/1] (0.00ns) (grouped into TernaryAdder)   --->   "%add_ln351_2 = add i16 %zext_ln351, i16 %add_ln351" [calorimeter.cpp:351]   --->   Operation 364 'add' 'add_ln351_2' <Predicate = (!icmp_ln328)> <Delay = 0.00> <CoreInst = "TAddSub">   --->   Core 10 'TAddSub' <Latency = 0> <II = 1> <Delay = 0.34> <IPBlock> <Opcode : '' 'add' 'sub'> <InPorts = 3> <OutPorts = 1> <Sync> <CReg>
ST_26 : Operation 365 [1/1] (0.74ns)   --->   "%add_ln351_3 = add i13 %zext_ln187_58, i13 %zext_ln348_8" [calorimeter.cpp:351]   --->   Operation 365 'add' 'add_ln351_3' <Predicate = (!icmp_ln328)> <Delay = 0.74> <CoreInst = "Adder">   --->   Core 1 'Adder' <Latency = 0> <II = 1> <Delay = 0.74> <FuncUnit> <Opcode : 'add' 'sub'> <InPorts = 2> <OutPorts = 1>
ST_26 : Operation 366 [1/1] (0.00ns)   --->   "%zext_ln351_1 = zext i13 %add_ln351_3" [calorimeter.cpp:351]   --->   Operation 366 'zext' 'zext_ln351_1' <Predicate = (!icmp_ln328)> <Delay = 0.00>
ST_26 : Operation 367 [1/1] (0.74ns)   --->   "%add_ln351_4 = add i13 %zext_ln348_10, i13 %zext_ln171" [calorimeter.cpp:351]   --->   Operation 367 'add' 'add_ln351_4' <Predicate = (!icmp_ln328)> <Delay = 0.74> <CoreInst = "Adder">   --->   Core 1 'Adder' <Latency = 0> <II = 1> <Delay = 0.74> <FuncUnit> <Opcode : 'add' 'sub'> <InPorts = 2> <OutPorts = 1>
ST_26 : Operation 368 [1/1] (0.00ns)   --->   "%zext_ln351_2 = zext i13 %add_ln351_4" [calorimeter.cpp:351]   --->   Operation 368 'zext' 'zext_ln351_2' <Predicate = (!icmp_ln328)> <Delay = 0.00>
ST_26 : Operation 369 [1/1] (0.75ns)   --->   "%add_ln351_5 = add i14 %zext_ln351_2, i14 %zext_ln187_57" [calorimeter.cpp:351]   --->   Operation 369 'add' 'add_ln351_5' <Predicate = (!icmp_ln328)> <Delay = 0.75> <CoreInst = "Adder">   --->   Core 1 'Adder' <Latency = 0> <II = 1> <Delay = 0.75> <FuncUnit> <Opcode : 'add' 'sub'> <InPorts = 2> <OutPorts = 1>
ST_26 : Operation 370 [1/1] (0.00ns)   --->   "%zext_ln351_3 = zext i14 %add_ln351_5" [calorimeter.cpp:351]   --->   Operation 370 'zext' 'zext_ln351_3' <Predicate = (!icmp_ln328)> <Delay = 0.00>
ST_26 : Operation 371 [1/1] (0.76ns)   --->   "%add_ln351_6 = add i15 %zext_ln351_3, i15 %zext_ln351_1" [calorimeter.cpp:351]   --->   Operation 371 'add' 'add_ln351_6' <Predicate = (!icmp_ln328)> <Delay = 0.76> <CoreInst = "Adder">   --->   Core 1 'Adder' <Latency = 0> <II = 1> <Delay = 0.76> <FuncUnit> <Opcode : 'add' 'sub'> <InPorts = 2> <OutPorts = 1>
ST_26 : Operation 372 [1/1] (0.00ns)   --->   "%zext_ln351_4 = zext i15 %add_ln351_6" [calorimeter.cpp:351]   --->   Operation 372 'zext' 'zext_ln351_4' <Predicate = (!icmp_ln328)> <Delay = 0.00>
ST_26 : Operation 373 [1/1] (0.67ns) (root node of TernaryAdder)   --->   "%iso5_et = add i16 %zext_ln351_4, i16 %add_ln351_2" [calorimeter.cpp:351]   --->   Operation 373 'add' 'iso5_et' <Predicate = (!icmp_ln328)> <Delay = 0.67> <CoreInst = "TAddSub">   --->   Core 10 'TAddSub' <Latency = 0> <II = 1> <Delay = 0.34> <IPBlock> <Opcode : '' 'add' 'sub'> <InPorts = 3> <OutPorts = 1> <Sync> <CReg>
ST_26 : Operation 374 [1/1] (0.00ns)   --->   "%zext_ln187_28 = zext i15 %sum7_et_15" [./calorimeter.h:187->calorimeter.cpp:349]   --->   Operation 374 'zext' 'zext_ln187_28' <Predicate = (!icmp_ln328)> <Delay = 0.00>
ST_26 : Operation 375 [1/1] (0.77ns)   --->   "%add_ln187_76 = add i16 %zext_ln187_28, i16 %zext_ln348_9" [./calorimeter.h:187->calorimeter.cpp:349]   --->   Operation 375 'add' 'add_ln187_76' <Predicate = (!icmp_ln328)> <Delay = 0.77> <CoreInst = "Adder">   --->   Core 1 'Adder' <Latency = 0> <II = 1> <Delay = 0.77> <FuncUnit> <Opcode : 'add' 'sub'> <InPorts = 2> <OutPorts = 1>
ST_26 : Operation 376 [1/1] (0.74ns)   --->   "%add_ln187_77 = add i13 %zext_ln187_56, i13 %zext_ln187_58" [./calorimeter.h:187->calorimeter.cpp:349]   --->   Operation 376 'add' 'add_ln187_77' <Predicate = (!icmp_ln328)> <Delay = 0.74> <CoreInst = "Adder">   --->   Core 1 'Adder' <Latency = 0> <II = 1> <Delay = 0.74> <FuncUnit> <Opcode : 'add' 'sub'> <InPorts = 2> <OutPorts = 1>
ST_26 : Operation 377 [1/1] (0.74ns)   --->   "%add_ln187_79 = add i13 %zext_ln187_59, i13 %zext_ln187_60" [./calorimeter.h:187->calorimeter.cpp:349]   --->   Operation 377 'add' 'add_ln187_79' <Predicate = (!icmp_ln328)> <Delay = 0.74> <CoreInst = "Adder">   --->   Core 1 'Adder' <Latency = 0> <II = 1> <Delay = 0.74> <FuncUnit> <Opcode : 'add' 'sub'> <InPorts = 2> <OutPorts = 1>

State 27 <SV = 26> <Delay = 4.14>
ST_27 : Operation 378 [1/1] (0.73ns)   --->   "%add_ln187_116 = add i11 %sub_ln187_2, i11 %zext_ln187_113" [./calorimeter.h:187->calorimeter.cpp:349]   --->   Operation 378 'add' 'add_ln187_116' <Predicate = (!icmp_ln328)> <Delay = 0.73> <CoreInst = "Adder">   --->   Core 1 'Adder' <Latency = 0> <II = 1> <Delay = 0.73> <FuncUnit> <Opcode : 'add' 'sub'> <InPorts = 2> <OutPorts = 1>
ST_27 : Operation 379 [1/1] (0.00ns)   --->   "%zext_ln187_126 = zext i11 %add_ln187_116" [./calorimeter.h:187->calorimeter.cpp:349]   --->   Operation 379 'zext' 'zext_ln187_126' <Predicate = (!icmp_ln328)> <Delay = 0.00>
ST_27 : Operation 380 [1/1] (0.00ns)   --->   "%towers_addr_78 = getelementptr i12 %towers, i64 0, i64 %zext_ln187_126" [./calorimeter.h:187->calorimeter.cpp:349]   --->   Operation 380 'getelementptr' 'towers_addr_78' <Predicate = (!icmp_ln328)> <Delay = 0.00>
ST_27 : Operation 381 [1/1] (0.00ns)   --->   "%zext_ln187_61 = zext i12 %towers_load_13" [./calorimeter.h:187->calorimeter.cpp:348]   --->   Operation 381 'zext' 'zext_ln187_61' <Predicate = (!icmp_ln328)> <Delay = 0.00>
ST_27 : Operation 382 [1/2] (1.20ns)   --->   "%sum7_et = load i11 %towers_addr_77" [./calorimeter.h:187->calorimeter.cpp:349]   --->   Operation 382 'load' 'sum7_et' <Predicate = (!icmp_ln328)> <Delay = 1.20> <CoreInst = "RAM">   --->   Core 82 'RAM' <Latency = 1> <II = 1> <Delay = 1.20> <Storage> <Opcode : 'load' 'store'> <Ports = 2> <Width = 12> <Depth = 1800> <RAM>
ST_27 : Operation 383 [1/1] (0.00ns)   --->   "%zext_ln349 = zext i12 %sum7_et" [calorimeter.cpp:349]   --->   Operation 383 'zext' 'zext_ln349' <Predicate = (!icmp_ln328)> <Delay = 0.00>
ST_27 : Operation 384 [2/2] (1.20ns)   --->   "%towers_load_16 = load i11 %towers_addr_78" [./calorimeter.h:187->calorimeter.cpp:349]   --->   Operation 384 'load' 'towers_load_16' <Predicate = (!icmp_ln328)> <Delay = 1.20> <CoreInst = "RAM">   --->   Core 82 'RAM' <Latency = 1> <II = 1> <Delay = 1.20> <Storage> <Opcode : 'load' 'store'> <Ports = 2> <Width = 12> <Depth = 1800> <RAM>
ST_27 : Operation 385 [1/1] (0.00ns)   --->   "%zext_ln187_80 = zext i13 %add_ln187_77" [./calorimeter.h:187->calorimeter.cpp:349]   --->   Operation 385 'zext' 'zext_ln187_80' <Predicate = (!icmp_ln328)> <Delay = 0.00>
ST_27 : Operation 386 [1/1] (0.00ns) (grouped into TernaryAdder)   --->   "%add_ln187_78 = add i16 %zext_ln187_80, i16 %add_ln187_76" [./calorimeter.h:187->calorimeter.cpp:349]   --->   Operation 386 'add' 'add_ln187_78' <Predicate = (!icmp_ln328)> <Delay = 0.00> <CoreInst = "TAddSub">   --->   Core 10 'TAddSub' <Latency = 0> <II = 1> <Delay = 0.34> <IPBlock> <Opcode : '' 'add' 'sub'> <InPorts = 3> <OutPorts = 1> <Sync> <CReg>
ST_27 : Operation 387 [1/1] (0.00ns)   --->   "%zext_ln187_81 = zext i13 %add_ln187_79" [./calorimeter.h:187->calorimeter.cpp:349]   --->   Operation 387 'zext' 'zext_ln187_81' <Predicate = (!icmp_ln328)> <Delay = 0.00>
ST_27 : Operation 388 [1/1] (0.74ns)   --->   "%add_ln187_80 = add i13 %zext_ln171, i13 %zext_ln349" [./calorimeter.h:187->calorimeter.cpp:349]   --->   Operation 388 'add' 'add_ln187_80' <Predicate = (!icmp_ln328)> <Delay = 0.74> <CoreInst = "Adder">   --->   Core 1 'Adder' <Latency = 0> <II = 1> <Delay = 0.74> <FuncUnit> <Opcode : 'add' 'sub'> <InPorts = 2> <OutPorts = 1>
ST_27 : Operation 389 [1/1] (0.00ns)   --->   "%zext_ln187_82 = zext i13 %add_ln187_80" [./calorimeter.h:187->calorimeter.cpp:349]   --->   Operation 389 'zext' 'zext_ln187_82' <Predicate = (!icmp_ln328)> <Delay = 0.00>
ST_27 : Operation 390 [1/1] (0.75ns)   --->   "%add_ln187_81 = add i14 %zext_ln187_82, i14 %zext_ln187_61" [./calorimeter.h:187->calorimeter.cpp:349]   --->   Operation 390 'add' 'add_ln187_81' <Predicate = (!icmp_ln328)> <Delay = 0.75> <CoreInst = "Adder">   --->   Core 1 'Adder' <Latency = 0> <II = 1> <Delay = 0.75> <FuncUnit> <Opcode : 'add' 'sub'> <InPorts = 2> <OutPorts = 1>
ST_27 : Operation 391 [1/1] (0.00ns)   --->   "%zext_ln187_83 = zext i14 %add_ln187_81" [./calorimeter.h:187->calorimeter.cpp:349]   --->   Operation 391 'zext' 'zext_ln187_83' <Predicate = (!icmp_ln328)> <Delay = 0.00>
ST_27 : Operation 392 [1/1] (0.76ns)   --->   "%add_ln187_82 = add i15 %zext_ln187_83, i15 %zext_ln187_81" [./calorimeter.h:187->calorimeter.cpp:349]   --->   Operation 392 'add' 'add_ln187_82' <Predicate = (!icmp_ln328)> <Delay = 0.76> <CoreInst = "Adder">   --->   Core 1 'Adder' <Latency = 0> <II = 1> <Delay = 0.76> <FuncUnit> <Opcode : 'add' 'sub'> <InPorts = 2> <OutPorts = 1>
ST_27 : Operation 393 [1/1] (0.00ns)   --->   "%zext_ln187_84 = zext i15 %add_ln187_82" [./calorimeter.h:187->calorimeter.cpp:349]   --->   Operation 393 'zext' 'zext_ln187_84' <Predicate = (!icmp_ln328)> <Delay = 0.00>
ST_27 : Operation 394 [1/1] (0.67ns) (root node of TernaryAdder)   --->   "%sum7_et_16 = add i16 %zext_ln187_84, i16 %add_ln187_78" [./calorimeter.h:187->calorimeter.cpp:349]   --->   Operation 394 'add' 'sum7_et_16' <Predicate = (!icmp_ln328)> <Delay = 0.67> <CoreInst = "TAddSub">   --->   Core 10 'TAddSub' <Latency = 0> <II = 1> <Delay = 0.34> <IPBlock> <Opcode : '' 'add' 'sub'> <InPorts = 3> <OutPorts = 1> <Sync> <CReg>

State 28 <SV = 27> <Delay = 1.93>
ST_28 : Operation 395 [1/1] (0.73ns)   --->   "%add_ln187_83 = add i11 %sub_ln187_2, i11 %zext_ln216_60" [./calorimeter.h:187->calorimeter.cpp:349]   --->   Operation 395 'add' 'add_ln187_83' <Predicate = (!icmp_ln328)> <Delay = 0.73> <CoreInst = "Adder">   --->   Core 1 'Adder' <Latency = 0> <II = 1> <Delay = 0.73> <FuncUnit> <Opcode : 'add' 'sub'> <InPorts = 2> <OutPorts = 1>
ST_28 : Operation 396 [1/1] (0.00ns)   --->   "%zext_ln187_111 = zext i11 %add_ln187_83" [./calorimeter.h:187->calorimeter.cpp:349]   --->   Operation 396 'zext' 'zext_ln187_111' <Predicate = (!icmp_ln328)> <Delay = 0.00>
ST_28 : Operation 397 [1/1] (0.00ns)   --->   "%towers_addr_79 = getelementptr i12 %towers, i64 0, i64 %zext_ln187_111" [./calorimeter.h:187->calorimeter.cpp:349]   --->   Operation 397 'getelementptr' 'towers_addr_79' <Predicate = (!icmp_ln328)> <Delay = 0.00>
ST_28 : Operation 398 [1/2] (1.20ns)   --->   "%towers_load_16 = load i11 %towers_addr_78" [./calorimeter.h:187->calorimeter.cpp:349]   --->   Operation 398 'load' 'towers_load_16' <Predicate = (!icmp_ln328)> <Delay = 1.20> <CoreInst = "RAM">   --->   Core 82 'RAM' <Latency = 1> <II = 1> <Delay = 1.20> <Storage> <Opcode : 'load' 'store'> <Ports = 2> <Width = 12> <Depth = 1800> <RAM>
ST_28 : Operation 399 [2/2] (1.20ns)   --->   "%towers_load_17 = load i11 %towers_addr_79" [./calorimeter.h:187->calorimeter.cpp:349]   --->   Operation 399 'load' 'towers_load_17' <Predicate = (!icmp_ln328)> <Delay = 1.20> <CoreInst = "RAM">   --->   Core 82 'RAM' <Latency = 1> <II = 1> <Delay = 1.20> <Storage> <Opcode : 'load' 'store'> <Ports = 2> <Width = 12> <Depth = 1800> <RAM>

State 29 <SV = 28> <Delay = 1.93>
ST_29 : Operation 400 [1/1] (0.73ns)   --->   "%add_ln187_57 = add i11 %sub_ln187_2, i11 %zext_ln342_1" [./calorimeter.h:187->calorimeter.cpp:349]   --->   Operation 400 'add' 'add_ln187_57' <Predicate = (!icmp_ln328)> <Delay = 0.73> <CoreInst = "Adder">   --->   Core 1 'Adder' <Latency = 0> <II = 1> <Delay = 0.73> <FuncUnit> <Opcode : 'add' 'sub'> <InPorts = 2> <OutPorts = 1>
ST_29 : Operation 401 [1/1] (0.00ns)   --->   "%zext_ln187_103 = zext i11 %add_ln187_57" [./calorimeter.h:187->calorimeter.cpp:349]   --->   Operation 401 'zext' 'zext_ln187_103' <Predicate = (!icmp_ln328)> <Delay = 0.00>
ST_29 : Operation 402 [1/1] (0.00ns)   --->   "%towers_addr_58 = getelementptr i12 %towers, i64 0, i64 %zext_ln187_103" [./calorimeter.h:187->calorimeter.cpp:349]   --->   Operation 402 'getelementptr' 'towers_addr_58' <Predicate = (!icmp_ln328)> <Delay = 0.00>
ST_29 : Operation 403 [1/2] (1.20ns)   --->   "%towers_load_17 = load i11 %towers_addr_79" [./calorimeter.h:187->calorimeter.cpp:349]   --->   Operation 403 'load' 'towers_load_17' <Predicate = (!icmp_ln328)> <Delay = 1.20> <CoreInst = "RAM">   --->   Core 82 'RAM' <Latency = 1> <II = 1> <Delay = 1.20> <Storage> <Opcode : 'load' 'store'> <Ports = 2> <Width = 12> <Depth = 1800> <RAM>
ST_29 : Operation 404 [2/2] (1.20ns)   --->   "%towers_load_18 = load i11 %towers_addr_58" [./calorimeter.h:187->calorimeter.cpp:349]   --->   Operation 404 'load' 'towers_load_18' <Predicate = (!icmp_ln328)> <Delay = 1.20> <CoreInst = "RAM">   --->   Core 82 'RAM' <Latency = 1> <II = 1> <Delay = 1.20> <Storage> <Opcode : 'load' 'store'> <Ports = 2> <Width = 12> <Depth = 1800> <RAM>

State 30 <SV = 29> <Delay = 2.62>
ST_30 : Operation 405 [1/1] (0.73ns)   --->   "%add_ln187_68 = add i11 %sub_ln187_2, i11 %sext_ln216" [./calorimeter.h:187->calorimeter.cpp:349]   --->   Operation 405 'add' 'add_ln187_68' <Predicate = (!icmp_ln328)> <Delay = 0.73> <CoreInst = "Adder">   --->   Core 1 'Adder' <Latency = 0> <II = 1> <Delay = 0.73> <FuncUnit> <Opcode : 'add' 'sub'> <InPorts = 2> <OutPorts = 1>
ST_30 : Operation 406 [1/1] (0.00ns)   --->   "%zext_ln187_107 = zext i11 %add_ln187_68" [./calorimeter.h:187->calorimeter.cpp:349]   --->   Operation 406 'zext' 'zext_ln187_107' <Predicate = (!icmp_ln328)> <Delay = 0.00>
ST_30 : Operation 407 [1/1] (0.00ns)   --->   "%towers_addr_74 = getelementptr i12 %towers, i64 0, i64 %zext_ln187_107" [./calorimeter.h:187->calorimeter.cpp:349]   --->   Operation 407 'getelementptr' 'towers_addr_74' <Predicate = (!icmp_ln328)> <Delay = 0.00>
ST_30 : Operation 408 [1/1] (0.00ns)   --->   "%zext_ln349_1 = zext i12 %towers_load_16" [calorimeter.cpp:349]   --->   Operation 408 'zext' 'zext_ln349_1' <Predicate = (!icmp_ln328)> <Delay = 0.00>
ST_30 : Operation 409 [1/1] (0.00ns)   --->   "%zext_ln184 = zext i12 %towers_load_17" [./calorimeter.h:184->calorimeter.cpp:349]   --->   Operation 409 'zext' 'zext_ln184' <Predicate = (!icmp_ln328)> <Delay = 0.00>
ST_30 : Operation 410 [1/2] (1.20ns)   --->   "%towers_load_18 = load i11 %towers_addr_58" [./calorimeter.h:187->calorimeter.cpp:349]   --->   Operation 410 'load' 'towers_load_18' <Predicate = (!icmp_ln328)> <Delay = 1.20> <CoreInst = "RAM">   --->   Core 82 'RAM' <Latency = 1> <II = 1> <Delay = 1.20> <Storage> <Opcode : 'load' 'store'> <Ports = 2> <Width = 12> <Depth = 1800> <RAM>
ST_30 : Operation 411 [1/1] (0.00ns)   --->   "%zext_ln349_2 = zext i12 %towers_load_18" [calorimeter.cpp:349]   --->   Operation 411 'zext' 'zext_ln349_2' <Predicate = (!icmp_ln328)> <Delay = 0.00>
ST_30 : Operation 412 [2/2] (1.20ns)   --->   "%towers_load_19 = load i11 %towers_addr_74" [./calorimeter.h:187->calorimeter.cpp:349]   --->   Operation 412 'load' 'towers_load_19' <Predicate = (!icmp_ln328)> <Delay = 1.20> <CoreInst = "RAM">   --->   Core 82 'RAM' <Latency = 1> <II = 1> <Delay = 1.20> <Storage> <Opcode : 'load' 'store'> <Ports = 2> <Width = 12> <Depth = 1800> <RAM>
ST_30 : Operation 413 [1/1] (0.00ns)   --->   "%zext_ln187_29 = zext i16 %sum7_et_16" [./calorimeter.h:187->calorimeter.cpp:349]   --->   Operation 413 'zext' 'zext_ln187_29' <Predicate = (!icmp_ln328)> <Delay = 0.00>
ST_30 : Operation 414 [1/1] (0.00ns) (grouped into TernaryAdder)   --->   "%add_ln187_84 = add i17 %zext_ln187_29, i17 %zext_ln349_1" [./calorimeter.h:187->calorimeter.cpp:349]   --->   Operation 414 'add' 'add_ln187_84' <Predicate = (!icmp_ln328)> <Delay = 0.00> <CoreInst = "TAddSub">   --->   Core 10 'TAddSub' <Latency = 0> <II = 1> <Delay = 0.34> <IPBlock> <Opcode : '' 'add' 'sub'> <InPorts = 3> <OutPorts = 1> <Sync> <CReg>
ST_30 : Operation 415 [1/1] (0.74ns)   --->   "%add_ln187_85 = add i13 %zext_ln184, i13 %zext_ln349_2" [./calorimeter.h:187->calorimeter.cpp:349]   --->   Operation 415 'add' 'add_ln187_85' <Predicate = (!icmp_ln328)> <Delay = 0.74> <CoreInst = "Adder">   --->   Core 1 'Adder' <Latency = 0> <II = 1> <Delay = 0.74> <FuncUnit> <Opcode : 'add' 'sub'> <InPorts = 2> <OutPorts = 1>
ST_30 : Operation 416 [1/1] (0.00ns)   --->   "%zext_ln187_85 = zext i13 %add_ln187_85" [./calorimeter.h:187->calorimeter.cpp:349]   --->   Operation 416 'zext' 'zext_ln187_85' <Predicate = (!icmp_ln328)> <Delay = 0.00>
ST_30 : Operation 417 [1/1] (0.67ns) (root node of TernaryAdder)   --->   "%add_ln187_86 = add i17 %zext_ln187_85, i17 %add_ln187_84" [./calorimeter.h:187->calorimeter.cpp:349]   --->   Operation 417 'add' 'add_ln187_86' <Predicate = (!icmp_ln328)> <Delay = 0.67> <CoreInst = "TAddSub">   --->   Core 10 'TAddSub' <Latency = 0> <II = 1> <Delay = 0.34> <IPBlock> <Opcode : '' 'add' 'sub'> <InPorts = 3> <OutPorts = 1> <Sync> <CReg>

State 31 <SV = 30> <Delay = 1.93>
ST_31 : Operation 418 [1/1] (0.73ns)   --->   "%add_ln187_110 = add i11 %sub_ln187_2, i11 %sext_ln187" [./calorimeter.h:187->calorimeter.cpp:349]   --->   Operation 418 'add' 'add_ln187_110' <Predicate = (!icmp_ln328)> <Delay = 0.73> <CoreInst = "Adder">   --->   Core 1 'Adder' <Latency = 0> <II = 1> <Delay = 0.73> <FuncUnit> <Opcode : 'add' 'sub'> <InPorts = 2> <OutPorts = 1>
ST_31 : Operation 419 [1/1] (0.00ns)   --->   "%zext_ln187_120 = zext i11 %add_ln187_110" [./calorimeter.h:187->calorimeter.cpp:349]   --->   Operation 419 'zext' 'zext_ln187_120' <Predicate = (!icmp_ln328)> <Delay = 0.00>
ST_31 : Operation 420 [1/1] (0.00ns)   --->   "%towers_addr_81 = getelementptr i12 %towers, i64 0, i64 %zext_ln187_120" [./calorimeter.h:187->calorimeter.cpp:349]   --->   Operation 420 'getelementptr' 'towers_addr_81' <Predicate = (!icmp_ln328)> <Delay = 0.00>
ST_31 : Operation 421 [1/2] (1.20ns)   --->   "%towers_load_19 = load i11 %towers_addr_74" [./calorimeter.h:187->calorimeter.cpp:349]   --->   Operation 421 'load' 'towers_load_19' <Predicate = (!icmp_ln328)> <Delay = 1.20> <CoreInst = "RAM">   --->   Core 82 'RAM' <Latency = 1> <II = 1> <Delay = 1.20> <Storage> <Opcode : 'load' 'store'> <Ports = 2> <Width = 12> <Depth = 1800> <RAM>
ST_31 : Operation 422 [2/2] (1.20ns)   --->   "%towers_load_20 = load i11 %towers_addr_81" [./calorimeter.h:187->calorimeter.cpp:349]   --->   Operation 422 'load' 'towers_load_20' <Predicate = (!icmp_ln328)> <Delay = 1.20> <CoreInst = "RAM">   --->   Core 82 'RAM' <Latency = 1> <II = 1> <Delay = 1.20> <Storage> <Opcode : 'load' 'store'> <Ports = 2> <Width = 12> <Depth = 1800> <RAM>

State 32 <SV = 31> <Delay = 3.65>
ST_32 : Operation 423 [1/1] (0.00ns)   --->   "%zext_ln184_3 = zext i12 %towers_load_19" [./calorimeter.h:184->calorimeter.cpp:349]   --->   Operation 423 'zext' 'zext_ln184_3' <Predicate = (!icmp_ln328)> <Delay = 0.00>
ST_32 : Operation 424 [1/2] (1.20ns)   --->   "%towers_load_20 = load i11 %towers_addr_81" [./calorimeter.h:187->calorimeter.cpp:349]   --->   Operation 424 'load' 'towers_load_20' <Predicate = (!icmp_ln328)> <Delay = 1.20> <CoreInst = "RAM">   --->   Core 82 'RAM' <Latency = 1> <II = 1> <Delay = 1.20> <Storage> <Opcode : 'load' 'store'> <Ports = 2> <Width = 12> <Depth = 1800> <RAM>
ST_32 : Operation 425 [1/1] (0.00ns)   --->   "%zext_ln184_4 = zext i12 %towers_load_20" [./calorimeter.h:184->calorimeter.cpp:349]   --->   Operation 425 'zext' 'zext_ln184_4' <Predicate = (!icmp_ln328)> <Delay = 0.00>
ST_32 : Operation 426 [1/1] (0.70ns)   --->   "%add_ln184_2 = add i6 %select_ln328, i6 3" [./calorimeter.h:184->calorimeter.cpp:349]   --->   Operation 426 'add' 'add_ln184_2' <Predicate = (!icmp_ln328)> <Delay = 0.70> <CoreInst = "Adder">   --->   Core 1 'Adder' <Latency = 0> <II = 1> <Delay = 0.70> <FuncUnit> <Opcode : 'add' 'sub'> <InPorts = 2> <OutPorts = 1>
ST_32 : Operation 427 [1/1] (0.70ns)   --->   "%icmp_ln162_4 = icmp_ugt  i6 %add_ln184_2, i6 59" [./calorimeter.h:162->./calorimeter.h:184->calorimeter.cpp:349]   --->   Operation 427 'icmp' 'icmp_ln162_4' <Predicate = (!icmp_ln328)> <Delay = 0.70> <CoreInst = "Cmp">   --->   Core 9 'Cmp' <Latency = 0> <II = 1> <Delay = 0.70> <FuncUnit> <Opcode : 'seteq' 'setne' 'setle' 'setge' 'setlt' 'setgt'> <InPorts = 2> <OutPorts = 1>
ST_32 : Operation 428 [1/1] (0.70ns)   --->   "%add_ln163_4 = add i7 %zext_ln329, i7 71" [./calorimeter.h:163->./calorimeter.h:184->calorimeter.cpp:349]   --->   Operation 428 'add' 'add_ln163_4' <Predicate = (!icmp_ln328)> <Delay = 0.70> <CoreInst = "Adder">   --->   Core 1 'Adder' <Latency = 0> <II = 1> <Delay = 0.70> <FuncUnit> <Opcode : 'add' 'sub'> <InPorts = 2> <OutPorts = 1>
ST_32 : Operation 429 [1/1] (0.00ns)   --->   "%zext_ln162_4 = zext i6 %add_ln184_2" [./calorimeter.h:162->./calorimeter.h:184->calorimeter.cpp:349]   --->   Operation 429 'zext' 'zext_ln162_4' <Predicate = (!icmp_ln328)> <Delay = 0.00>
ST_32 : Operation 430 [1/1] (0.30ns)   --->   "%phi_idx_18 = select i1 %icmp_ln162_4, i7 %add_ln163_4, i7 %zext_ln162_4" [./calorimeter.h:162->./calorimeter.h:184->calorimeter.cpp:349]   --->   Operation 430 'select' 'phi_idx_18' <Predicate = (!icmp_ln328)> <Delay = 0.30> <CoreInst = "Sel">   --->   Core 73 'Sel' <Latency = 0> <II = 1> <Delay = 0.30> <FuncUnit> <Opcode : 'select'> <InPorts = 3> <OutPorts = 1>
ST_32 : Operation 431 [1/1] (0.00ns)   --->   "%sext_ln187_1 = sext i7 %phi_idx_18" [./calorimeter.h:187->calorimeter.cpp:349]   --->   Operation 431 'sext' 'sext_ln187_1' <Predicate = (!icmp_ln328)> <Delay = 0.00>
ST_32 : Operation 432 [1/1] (0.73ns)   --->   "%add_ln187_119 = add i11 %sub_ln187_2, i11 %sext_ln187_1" [./calorimeter.h:187->calorimeter.cpp:349]   --->   Operation 432 'add' 'add_ln187_119' <Predicate = (!icmp_ln328)> <Delay = 0.73> <CoreInst = "Adder">   --->   Core 1 'Adder' <Latency = 0> <II = 1> <Delay = 0.73> <FuncUnit> <Opcode : 'add' 'sub'> <InPorts = 2> <OutPorts = 1>
ST_32 : Operation 433 [1/1] (0.00ns)   --->   "%zext_ln187_130 = zext i11 %add_ln187_119" [./calorimeter.h:187->calorimeter.cpp:349]   --->   Operation 433 'zext' 'zext_ln187_130' <Predicate = (!icmp_ln328)> <Delay = 0.00>
ST_32 : Operation 434 [1/1] (0.00ns)   --->   "%towers_addr_83 = getelementptr i12 %towers, i64 0, i64 %zext_ln187_130" [./calorimeter.h:187->calorimeter.cpp:349]   --->   Operation 434 'getelementptr' 'towers_addr_83' <Predicate = (!icmp_ln328)> <Delay = 0.00>
ST_32 : Operation 435 [2/2] (1.20ns)   --->   "%towers_load_21 = load i11 %towers_addr_83" [./calorimeter.h:187->calorimeter.cpp:349]   --->   Operation 435 'load' 'towers_load_21' <Predicate = (!icmp_ln328)> <Delay = 1.20> <CoreInst = "RAM">   --->   Core 82 'RAM' <Latency = 1> <II = 1> <Delay = 1.20> <Storage> <Opcode : 'load' 'store'> <Ports = 2> <Width = 12> <Depth = 1800> <RAM>
ST_32 : Operation 436 [1/1] (0.74ns)   --->   "%add_ln187_87 = add i13 %zext_ln184_3, i13 %zext_ln184_4" [./calorimeter.h:187->calorimeter.cpp:349]   --->   Operation 436 'add' 'add_ln187_87' <Predicate = (!icmp_ln328)> <Delay = 0.74> <CoreInst = "Adder">   --->   Core 1 'Adder' <Latency = 0> <II = 1> <Delay = 0.74> <FuncUnit> <Opcode : 'add' 'sub'> <InPorts = 2> <OutPorts = 1>

State 33 <SV = 32> <Delay = 1.93>
ST_33 : Operation 437 [1/2] (1.20ns)   --->   "%towers_load_21 = load i11 %towers_addr_83" [./calorimeter.h:187->calorimeter.cpp:349]   --->   Operation 437 'load' 'towers_load_21' <Predicate = (!icmp_ln328)> <Delay = 1.20> <CoreInst = "RAM">   --->   Core 82 'RAM' <Latency = 1> <II = 1> <Delay = 1.20> <Storage> <Opcode : 'load' 'store'> <Ports = 2> <Width = 12> <Depth = 1800> <RAM>
ST_33 : Operation 438 [1/1] (0.73ns)   --->   "%add_ln187_126 = add i11 %sub_ln187, i11 %zext_ln187_128" [./calorimeter.h:187->calorimeter.cpp:349]   --->   Operation 438 'add' 'add_ln187_126' <Predicate = (!icmp_ln328)> <Delay = 0.73> <CoreInst = "Adder">   --->   Core 1 'Adder' <Latency = 0> <II = 1> <Delay = 0.73> <FuncUnit> <Opcode : 'add' 'sub'> <InPorts = 2> <OutPorts = 1>
ST_33 : Operation 439 [1/1] (0.00ns)   --->   "%zext_ln187_137 = zext i11 %add_ln187_126" [./calorimeter.h:187->calorimeter.cpp:349]   --->   Operation 439 'zext' 'zext_ln187_137' <Predicate = (!icmp_ln328)> <Delay = 0.00>
ST_33 : Operation 440 [1/1] (0.00ns)   --->   "%towers_addr_84 = getelementptr i12 %towers, i64 0, i64 %zext_ln187_137" [./calorimeter.h:187->calorimeter.cpp:349]   --->   Operation 440 'getelementptr' 'towers_addr_84' <Predicate = (!icmp_ln328)> <Delay = 0.00>
ST_33 : Operation 441 [2/2] (1.20ns)   --->   "%towers_load_22 = load i11 %towers_addr_84" [./calorimeter.h:187->calorimeter.cpp:349]   --->   Operation 441 'load' 'towers_load_22' <Predicate = (!icmp_ln328)> <Delay = 1.20> <CoreInst = "RAM">   --->   Core 82 'RAM' <Latency = 1> <II = 1> <Delay = 1.20> <Storage> <Opcode : 'load' 'store'> <Ports = 2> <Width = 12> <Depth = 1800> <RAM>

State 34 <SV = 33> <Delay = 2.70>
ST_34 : Operation 442 [1/1] (0.73ns)   --->   "%add_ln187_120 = add i11 %sub_ln187, i11 %sext_ln187_1" [./calorimeter.h:187->calorimeter.cpp:349]   --->   Operation 442 'add' 'add_ln187_120' <Predicate = (!icmp_ln328)> <Delay = 0.73> <CoreInst = "Adder">   --->   Core 1 'Adder' <Latency = 0> <II = 1> <Delay = 0.73> <FuncUnit> <Opcode : 'add' 'sub'> <InPorts = 2> <OutPorts = 1>
ST_34 : Operation 443 [1/1] (0.00ns)   --->   "%zext_ln187_131 = zext i11 %add_ln187_120" [./calorimeter.h:187->calorimeter.cpp:349]   --->   Operation 443 'zext' 'zext_ln187_131' <Predicate = (!icmp_ln328)> <Delay = 0.00>
ST_34 : Operation 444 [1/1] (0.00ns)   --->   "%towers_addr_86 = getelementptr i12 %towers, i64 0, i64 %zext_ln187_131" [./calorimeter.h:187->calorimeter.cpp:349]   --->   Operation 444 'getelementptr' 'towers_addr_86' <Predicate = (!icmp_ln328)> <Delay = 0.00>
ST_34 : Operation 445 [1/1] (0.00ns)   --->   "%zext_ln160 = zext i12 %towers_load_21" [./calorimeter.h:160->./calorimeter.h:184->calorimeter.cpp:349]   --->   Operation 445 'zext' 'zext_ln160' <Predicate = (!icmp_ln328)> <Delay = 0.00>
ST_34 : Operation 446 [1/2] (1.20ns)   --->   "%towers_load_22 = load i11 %towers_addr_84" [./calorimeter.h:187->calorimeter.cpp:349]   --->   Operation 446 'load' 'towers_load_22' <Predicate = (!icmp_ln328)> <Delay = 1.20> <CoreInst = "RAM">   --->   Core 82 'RAM' <Latency = 1> <II = 1> <Delay = 1.20> <Storage> <Opcode : 'load' 'store'> <Ports = 2> <Width = 12> <Depth = 1800> <RAM>
ST_34 : Operation 447 [1/1] (0.00ns)   --->   "%zext_ln349_3 = zext i12 %towers_load_22" [calorimeter.cpp:349]   --->   Operation 447 'zext' 'zext_ln349_3' <Predicate = (!icmp_ln328)> <Delay = 0.00>
ST_34 : Operation 448 [2/2] (1.20ns)   --->   "%towers_load_23 = load i11 %towers_addr_86" [./calorimeter.h:187->calorimeter.cpp:349]   --->   Operation 448 'load' 'towers_load_23' <Predicate = (!icmp_ln328)> <Delay = 1.20> <CoreInst = "RAM">   --->   Core 82 'RAM' <Latency = 1> <II = 1> <Delay = 1.20> <Storage> <Opcode : 'load' 'store'> <Ports = 2> <Width = 12> <Depth = 1800> <RAM>
ST_34 : Operation 449 [1/1] (0.00ns)   --->   "%zext_ln187_86 = zext i13 %add_ln187_87" [./calorimeter.h:187->calorimeter.cpp:349]   --->   Operation 449 'zext' 'zext_ln187_86' <Predicate = (!icmp_ln328)> <Delay = 0.00>
ST_34 : Operation 450 [1/1] (0.74ns)   --->   "%add_ln187_88 = add i13 %zext_ln160, i13 %zext_ln349_3" [./calorimeter.h:187->calorimeter.cpp:349]   --->   Operation 450 'add' 'add_ln187_88' <Predicate = (!icmp_ln328)> <Delay = 0.74> <CoreInst = "Adder">   --->   Core 1 'Adder' <Latency = 0> <II = 1> <Delay = 0.74> <FuncUnit> <Opcode : 'add' 'sub'> <InPorts = 2> <OutPorts = 1>
ST_34 : Operation 451 [1/1] (0.00ns)   --->   "%zext_ln187_87 = zext i13 %add_ln187_88" [./calorimeter.h:187->calorimeter.cpp:349]   --->   Operation 451 'zext' 'zext_ln187_87' <Predicate = (!icmp_ln328)> <Delay = 0.00>
ST_34 : Operation 452 [1/1] (0.75ns)   --->   "%add_ln187_89 = add i14 %zext_ln187_87, i14 %zext_ln187_86" [./calorimeter.h:187->calorimeter.cpp:349]   --->   Operation 452 'add' 'add_ln187_89' <Predicate = (!icmp_ln328)> <Delay = 0.75> <CoreInst = "Adder">   --->   Core 1 'Adder' <Latency = 0> <II = 1> <Delay = 0.75> <FuncUnit> <Opcode : 'add' 'sub'> <InPorts = 2> <OutPorts = 1>

State 35 <SV = 34> <Delay = 1.94>
ST_35 : Operation 453 [1/1] (0.73ns)   --->   "%add_ln187_127 = add i11 %sub_ln216, i11 %zext_ln187_128" [./calorimeter.h:187->calorimeter.cpp:349]   --->   Operation 453 'add' 'add_ln187_127' <Predicate = (!icmp_ln328)> <Delay = 0.73> <CoreInst = "Adder">   --->   Core 1 'Adder' <Latency = 0> <II = 1> <Delay = 0.73> <FuncUnit> <Opcode : 'add' 'sub'> <InPorts = 2> <OutPorts = 1>
ST_35 : Operation 454 [1/1] (0.00ns)   --->   "%zext_ln187_138 = zext i11 %add_ln187_127" [./calorimeter.h:187->calorimeter.cpp:349]   --->   Operation 454 'zext' 'zext_ln187_138' <Predicate = (!icmp_ln328)> <Delay = 0.00>
ST_35 : Operation 455 [1/1] (0.00ns)   --->   "%towers_addr_87 = getelementptr i12 %towers, i64 0, i64 %zext_ln187_138" [./calorimeter.h:187->calorimeter.cpp:349]   --->   Operation 455 'getelementptr' 'towers_addr_87' <Predicate = (!icmp_ln328)> <Delay = 0.00>
ST_35 : Operation 456 [1/2] (1.20ns)   --->   "%towers_load_23 = load i11 %towers_addr_86" [./calorimeter.h:187->calorimeter.cpp:349]   --->   Operation 456 'load' 'towers_load_23' <Predicate = (!icmp_ln328)> <Delay = 1.20> <CoreInst = "RAM">   --->   Core 82 'RAM' <Latency = 1> <II = 1> <Delay = 1.20> <Storage> <Opcode : 'load' 'store'> <Ports = 2> <Width = 12> <Depth = 1800> <RAM>
ST_35 : Operation 457 [1/1] (0.00ns)   --->   "%zext_ln349_4 = zext i12 %towers_load_23" [calorimeter.cpp:349]   --->   Operation 457 'zext' 'zext_ln349_4' <Predicate = (!icmp_ln328)> <Delay = 0.00>
ST_35 : Operation 458 [2/2] (1.20ns)   --->   "%towers_load_24 = load i11 %towers_addr_87" [./calorimeter.h:187->calorimeter.cpp:349]   --->   Operation 458 'load' 'towers_load_24' <Predicate = (!icmp_ln328)> <Delay = 1.20> <CoreInst = "RAM">   --->   Core 82 'RAM' <Latency = 1> <II = 1> <Delay = 1.20> <Storage> <Opcode : 'load' 'store'> <Ports = 2> <Width = 12> <Depth = 1800> <RAM>
ST_35 : Operation 459 [1/1] (0.74ns)   --->   "%add_ln187_91 = add i13 %zext_ln187_21, i13 %zext_ln349_4" [./calorimeter.h:187->calorimeter.cpp:349]   --->   Operation 459 'add' 'add_ln187_91' <Predicate = (!icmp_ln328)> <Delay = 0.74> <CoreInst = "Adder">   --->   Core 1 'Adder' <Latency = 0> <II = 1> <Delay = 0.74> <FuncUnit> <Opcode : 'add' 'sub'> <InPorts = 2> <OutPorts = 1>

State 36 <SV = 35> <Delay = 1.93>
ST_36 : Operation 460 [1/1] (0.73ns)   --->   "%add_ln187_121 = add i11 %sub_ln216, i11 %sext_ln187_1" [./calorimeter.h:187->calorimeter.cpp:349]   --->   Operation 460 'add' 'add_ln187_121' <Predicate = (!icmp_ln328)> <Delay = 0.73> <CoreInst = "Adder">   --->   Core 1 'Adder' <Latency = 0> <II = 1> <Delay = 0.73> <FuncUnit> <Opcode : 'add' 'sub'> <InPorts = 2> <OutPorts = 1>
ST_36 : Operation 461 [1/1] (0.00ns)   --->   "%zext_ln187_132 = zext i11 %add_ln187_121" [./calorimeter.h:187->calorimeter.cpp:349]   --->   Operation 461 'zext' 'zext_ln187_132' <Predicate = (!icmp_ln328)> <Delay = 0.00>
ST_36 : Operation 462 [1/1] (0.00ns)   --->   "%towers_addr_88 = getelementptr i12 %towers, i64 0, i64 %zext_ln187_132" [./calorimeter.h:187->calorimeter.cpp:349]   --->   Operation 462 'getelementptr' 'towers_addr_88' <Predicate = (!icmp_ln328)> <Delay = 0.00>
ST_36 : Operation 463 [1/2] (1.20ns)   --->   "%towers_load_24 = load i11 %towers_addr_87" [./calorimeter.h:187->calorimeter.cpp:349]   --->   Operation 463 'load' 'towers_load_24' <Predicate = (!icmp_ln328)> <Delay = 1.20> <CoreInst = "RAM">   --->   Core 82 'RAM' <Latency = 1> <II = 1> <Delay = 1.20> <Storage> <Opcode : 'load' 'store'> <Ports = 2> <Width = 12> <Depth = 1800> <RAM>
ST_36 : Operation 464 [2/2] (1.20ns)   --->   "%towers_load_25 = load i11 %towers_addr_88" [./calorimeter.h:187->calorimeter.cpp:349]   --->   Operation 464 'load' 'towers_load_25' <Predicate = (!icmp_ln328)> <Delay = 1.20> <CoreInst = "RAM">   --->   Core 82 'RAM' <Latency = 1> <II = 1> <Delay = 1.20> <Storage> <Opcode : 'load' 'store'> <Ports = 2> <Width = 12> <Depth = 1800> <RAM>

State 37 <SV = 36> <Delay = 2.70>
ST_37 : Operation 465 [1/1] (0.73ns)   --->   "%add_ln187_128 = add i11 %sub_ln342, i11 %zext_ln187_128" [./calorimeter.h:187->calorimeter.cpp:349]   --->   Operation 465 'add' 'add_ln187_128' <Predicate = (!icmp_ln328)> <Delay = 0.73> <CoreInst = "Adder">   --->   Core 1 'Adder' <Latency = 0> <II = 1> <Delay = 0.73> <FuncUnit> <Opcode : 'add' 'sub'> <InPorts = 2> <OutPorts = 1>
ST_37 : Operation 466 [1/1] (0.00ns)   --->   "%zext_ln187_139 = zext i11 %add_ln187_128" [./calorimeter.h:187->calorimeter.cpp:349]   --->   Operation 466 'zext' 'zext_ln187_139' <Predicate = (!icmp_ln328)> <Delay = 0.00>
ST_37 : Operation 467 [1/1] (0.00ns)   --->   "%towers_addr_89 = getelementptr i12 %towers, i64 0, i64 %zext_ln187_139" [./calorimeter.h:187->calorimeter.cpp:349]   --->   Operation 467 'getelementptr' 'towers_addr_89' <Predicate = (!icmp_ln328)> <Delay = 0.00>
ST_37 : Operation 468 [1/1] (0.00ns)   --->   "%zext_ln349_5 = zext i12 %towers_load_24" [calorimeter.cpp:349]   --->   Operation 468 'zext' 'zext_ln349_5' <Predicate = (!icmp_ln328)> <Delay = 0.00>
ST_37 : Operation 469 [1/2] (1.20ns)   --->   "%towers_load_25 = load i11 %towers_addr_88" [./calorimeter.h:187->calorimeter.cpp:349]   --->   Operation 469 'load' 'towers_load_25' <Predicate = (!icmp_ln328)> <Delay = 1.20> <CoreInst = "RAM">   --->   Core 82 'RAM' <Latency = 1> <II = 1> <Delay = 1.20> <Storage> <Opcode : 'load' 'store'> <Ports = 2> <Width = 12> <Depth = 1800> <RAM>
ST_37 : Operation 470 [1/1] (0.00ns)   --->   "%zext_ln183_4 = zext i12 %towers_load_25" [./calorimeter.h:183->calorimeter.cpp:349]   --->   Operation 470 'zext' 'zext_ln183_4' <Predicate = (!icmp_ln328)> <Delay = 0.00>
ST_37 : Operation 471 [2/2] (1.20ns)   --->   "%towers_load_26 = load i11 %towers_addr_89" [./calorimeter.h:187->calorimeter.cpp:349]   --->   Operation 471 'load' 'towers_load_26' <Predicate = (!icmp_ln328)> <Delay = 1.20> <CoreInst = "RAM">   --->   Core 82 'RAM' <Latency = 1> <II = 1> <Delay = 1.20> <Storage> <Opcode : 'load' 'store'> <Ports = 2> <Width = 12> <Depth = 1800> <RAM>
ST_37 : Operation 472 [1/1] (0.00ns)   --->   "%zext_ln187_89 = zext i13 %add_ln187_91" [./calorimeter.h:187->calorimeter.cpp:349]   --->   Operation 472 'zext' 'zext_ln187_89' <Predicate = (!icmp_ln328)> <Delay = 0.00>
ST_37 : Operation 473 [1/1] (0.74ns)   --->   "%add_ln187_92 = add i13 %zext_ln349_5, i13 %zext_ln183_4" [./calorimeter.h:187->calorimeter.cpp:349]   --->   Operation 473 'add' 'add_ln187_92' <Predicate = (!icmp_ln328)> <Delay = 0.74> <CoreInst = "Adder">   --->   Core 1 'Adder' <Latency = 0> <II = 1> <Delay = 0.74> <FuncUnit> <Opcode : 'add' 'sub'> <InPorts = 2> <OutPorts = 1>
ST_37 : Operation 474 [1/1] (0.00ns)   --->   "%zext_ln187_90 = zext i13 %add_ln187_92" [./calorimeter.h:187->calorimeter.cpp:349]   --->   Operation 474 'zext' 'zext_ln187_90' <Predicate = (!icmp_ln328)> <Delay = 0.00>
ST_37 : Operation 475 [1/1] (0.75ns)   --->   "%add_ln187_93 = add i14 %zext_ln187_90, i14 %zext_ln187_89" [./calorimeter.h:187->calorimeter.cpp:349]   --->   Operation 475 'add' 'add_ln187_93' <Predicate = (!icmp_ln328)> <Delay = 0.75> <CoreInst = "Adder">   --->   Core 1 'Adder' <Latency = 0> <II = 1> <Delay = 0.75> <FuncUnit> <Opcode : 'add' 'sub'> <InPorts = 2> <OutPorts = 1>

State 38 <SV = 37> <Delay = 1.93>
ST_38 : Operation 476 [1/1] (0.73ns)   --->   "%add_ln187_122 = add i11 %sub_ln342, i11 %sext_ln187_1" [./calorimeter.h:187->calorimeter.cpp:349]   --->   Operation 476 'add' 'add_ln187_122' <Predicate = (!icmp_ln328)> <Delay = 0.73> <CoreInst = "Adder">   --->   Core 1 'Adder' <Latency = 0> <II = 1> <Delay = 0.73> <FuncUnit> <Opcode : 'add' 'sub'> <InPorts = 2> <OutPorts = 1>
ST_38 : Operation 477 [1/1] (0.00ns)   --->   "%zext_ln187_133 = zext i11 %add_ln187_122" [./calorimeter.h:187->calorimeter.cpp:349]   --->   Operation 477 'zext' 'zext_ln187_133' <Predicate = (!icmp_ln328)> <Delay = 0.00>
ST_38 : Operation 478 [1/1] (0.00ns)   --->   "%towers_addr_90 = getelementptr i12 %towers, i64 0, i64 %zext_ln187_133" [./calorimeter.h:187->calorimeter.cpp:349]   --->   Operation 478 'getelementptr' 'towers_addr_90' <Predicate = (!icmp_ln328)> <Delay = 0.00>
ST_38 : Operation 479 [1/2] (1.20ns)   --->   "%towers_load_26 = load i11 %towers_addr_89" [./calorimeter.h:187->calorimeter.cpp:349]   --->   Operation 479 'load' 'towers_load_26' <Predicate = (!icmp_ln328)> <Delay = 1.20> <CoreInst = "RAM">   --->   Core 82 'RAM' <Latency = 1> <II = 1> <Delay = 1.20> <Storage> <Opcode : 'load' 'store'> <Ports = 2> <Width = 12> <Depth = 1800> <RAM>
ST_38 : Operation 480 [2/2] (1.20ns)   --->   "%towers_load_27 = load i11 %towers_addr_90" [./calorimeter.h:187->calorimeter.cpp:349]   --->   Operation 480 'load' 'towers_load_27' <Predicate = (!icmp_ln328)> <Delay = 1.20> <CoreInst = "RAM">   --->   Core 82 'RAM' <Latency = 1> <II = 1> <Delay = 1.20> <Storage> <Opcode : 'load' 'store'> <Ports = 2> <Width = 12> <Depth = 1800> <RAM>

State 39 <SV = 38> <Delay = 1.94>
ST_39 : Operation 481 [1/1] (0.73ns)   --->   "%add_ln187_129 = add i11 %sub_ln216_6, i11 %zext_ln187_128" [./calorimeter.h:187->calorimeter.cpp:349]   --->   Operation 481 'add' 'add_ln187_129' <Predicate = (!icmp_ln328)> <Delay = 0.73> <CoreInst = "Adder">   --->   Core 1 'Adder' <Latency = 0> <II = 1> <Delay = 0.73> <FuncUnit> <Opcode : 'add' 'sub'> <InPorts = 2> <OutPorts = 1>
ST_39 : Operation 482 [1/1] (0.00ns)   --->   "%zext_ln187_140 = zext i11 %add_ln187_129" [./calorimeter.h:187->calorimeter.cpp:349]   --->   Operation 482 'zext' 'zext_ln187_140' <Predicate = (!icmp_ln328)> <Delay = 0.00>
ST_39 : Operation 483 [1/1] (0.00ns)   --->   "%towers_addr_91 = getelementptr i12 %towers, i64 0, i64 %zext_ln187_140" [./calorimeter.h:187->calorimeter.cpp:349]   --->   Operation 483 'getelementptr' 'towers_addr_91' <Predicate = (!icmp_ln328)> <Delay = 0.00>
ST_39 : Operation 484 [1/1] (0.00ns)   --->   "%zext_ln349_6 = zext i12 %towers_load_26" [calorimeter.cpp:349]   --->   Operation 484 'zext' 'zext_ln349_6' <Predicate = (!icmp_ln328)> <Delay = 0.00>
ST_39 : Operation 485 [1/2] (1.20ns)   --->   "%towers_load_27 = load i11 %towers_addr_90" [./calorimeter.h:187->calorimeter.cpp:349]   --->   Operation 485 'load' 'towers_load_27' <Predicate = (!icmp_ln328)> <Delay = 1.20> <CoreInst = "RAM">   --->   Core 82 'RAM' <Latency = 1> <II = 1> <Delay = 1.20> <Storage> <Opcode : 'load' 'store'> <Ports = 2> <Width = 12> <Depth = 1800> <RAM>
ST_39 : Operation 486 [1/1] (0.00ns)   --->   "%zext_ln187_63 = zext i12 %towers_load_27" [./calorimeter.h:187->calorimeter.cpp:349]   --->   Operation 486 'zext' 'zext_ln187_63' <Predicate = (!icmp_ln328)> <Delay = 0.00>
ST_39 : Operation 487 [2/2] (1.20ns)   --->   "%towers_load_28 = load i11 %towers_addr_91" [./calorimeter.h:187->calorimeter.cpp:349]   --->   Operation 487 'load' 'towers_load_28' <Predicate = (!icmp_ln328)> <Delay = 1.20> <CoreInst = "RAM">   --->   Core 82 'RAM' <Latency = 1> <II = 1> <Delay = 1.20> <Storage> <Opcode : 'load' 'store'> <Ports = 2> <Width = 12> <Depth = 1800> <RAM>
ST_39 : Operation 488 [1/1] (0.74ns)   --->   "%add_ln187_94 = add i13 %zext_ln349_6, i13 %zext_ln187_63" [./calorimeter.h:187->calorimeter.cpp:349]   --->   Operation 488 'add' 'add_ln187_94' <Predicate = (!icmp_ln328)> <Delay = 0.74> <CoreInst = "Adder">   --->   Core 1 'Adder' <Latency = 0> <II = 1> <Delay = 0.74> <FuncUnit> <Opcode : 'add' 'sub'> <InPorts = 2> <OutPorts = 1>

State 40 <SV = 39> <Delay = 1.93>
ST_40 : Operation 489 [1/1] (0.73ns)   --->   "%add_ln187_123 = add i11 %sub_ln216_6, i11 %sext_ln187_1" [./calorimeter.h:187->calorimeter.cpp:349]   --->   Operation 489 'add' 'add_ln187_123' <Predicate = (!icmp_ln328)> <Delay = 0.73> <CoreInst = "Adder">   --->   Core 1 'Adder' <Latency = 0> <II = 1> <Delay = 0.73> <FuncUnit> <Opcode : 'add' 'sub'> <InPorts = 2> <OutPorts = 1>
ST_40 : Operation 490 [1/1] (0.00ns)   --->   "%zext_ln187_134 = zext i11 %add_ln187_123" [./calorimeter.h:187->calorimeter.cpp:349]   --->   Operation 490 'zext' 'zext_ln187_134' <Predicate = (!icmp_ln328)> <Delay = 0.00>
ST_40 : Operation 491 [1/1] (0.00ns)   --->   "%towers_addr_92 = getelementptr i12 %towers, i64 0, i64 %zext_ln187_134" [./calorimeter.h:187->calorimeter.cpp:349]   --->   Operation 491 'getelementptr' 'towers_addr_92' <Predicate = (!icmp_ln328)> <Delay = 0.00>
ST_40 : Operation 492 [1/2] (1.20ns)   --->   "%towers_load_28 = load i11 %towers_addr_91" [./calorimeter.h:187->calorimeter.cpp:349]   --->   Operation 492 'load' 'towers_load_28' <Predicate = (!icmp_ln328)> <Delay = 1.20> <CoreInst = "RAM">   --->   Core 82 'RAM' <Latency = 1> <II = 1> <Delay = 1.20> <Storage> <Opcode : 'load' 'store'> <Ports = 2> <Width = 12> <Depth = 1800> <RAM>
ST_40 : Operation 493 [2/2] (1.20ns)   --->   "%towers_load_29 = load i11 %towers_addr_92" [./calorimeter.h:187->calorimeter.cpp:349]   --->   Operation 493 'load' 'towers_load_29' <Predicate = (!icmp_ln328)> <Delay = 1.20> <CoreInst = "RAM">   --->   Core 82 'RAM' <Latency = 1> <II = 1> <Delay = 1.20> <Storage> <Opcode : 'load' 'store'> <Ports = 2> <Width = 12> <Depth = 1800> <RAM>

State 41 <SV = 40> <Delay = 1.93>
ST_41 : Operation 494 [1/1] (0.73ns)   --->   "%add_ln187_130 = add i11 %sub_ln187_1, i11 %zext_ln187_128" [./calorimeter.h:187->calorimeter.cpp:349]   --->   Operation 494 'add' 'add_ln187_130' <Predicate = (!icmp_ln328)> <Delay = 0.73> <CoreInst = "Adder">   --->   Core 1 'Adder' <Latency = 0> <II = 1> <Delay = 0.73> <FuncUnit> <Opcode : 'add' 'sub'> <InPorts = 2> <OutPorts = 1>
ST_41 : Operation 495 [1/1] (0.00ns)   --->   "%zext_ln187_141 = zext i11 %add_ln187_130" [./calorimeter.h:187->calorimeter.cpp:349]   --->   Operation 495 'zext' 'zext_ln187_141' <Predicate = (!icmp_ln328)> <Delay = 0.00>
ST_41 : Operation 496 [1/1] (0.00ns)   --->   "%towers_addr_93 = getelementptr i12 %towers, i64 0, i64 %zext_ln187_141" [./calorimeter.h:187->calorimeter.cpp:349]   --->   Operation 496 'getelementptr' 'towers_addr_93' <Predicate = (!icmp_ln328)> <Delay = 0.00>
ST_41 : Operation 497 [1/2] (1.20ns)   --->   "%towers_load_29 = load i11 %towers_addr_92" [./calorimeter.h:187->calorimeter.cpp:349]   --->   Operation 497 'load' 'towers_load_29' <Predicate = (!icmp_ln328)> <Delay = 1.20> <CoreInst = "RAM">   --->   Core 82 'RAM' <Latency = 1> <II = 1> <Delay = 1.20> <Storage> <Opcode : 'load' 'store'> <Ports = 2> <Width = 12> <Depth = 1800> <RAM>
ST_41 : Operation 498 [2/2] (1.20ns)   --->   "%towers_load_30 = load i11 %towers_addr_93" [./calorimeter.h:187->calorimeter.cpp:349]   --->   Operation 498 'load' 'towers_load_30' <Predicate = (!icmp_ln328)> <Delay = 1.20> <CoreInst = "RAM">   --->   Core 82 'RAM' <Latency = 1> <II = 1> <Delay = 1.20> <Storage> <Opcode : 'load' 'store'> <Ports = 2> <Width = 12> <Depth = 1800> <RAM>

State 42 <SV = 41> <Delay = 4.92>
ST_42 : Operation 499 [1/1] (0.73ns)   --->   "%add_ln187_124 = add i11 %sub_ln187_1, i11 %sext_ln187_1" [./calorimeter.h:187->calorimeter.cpp:349]   --->   Operation 499 'add' 'add_ln187_124' <Predicate = (!icmp_ln328)> <Delay = 0.73> <CoreInst = "Adder">   --->   Core 1 'Adder' <Latency = 0> <II = 1> <Delay = 0.73> <FuncUnit> <Opcode : 'add' 'sub'> <InPorts = 2> <OutPorts = 1>
ST_42 : Operation 500 [1/1] (0.00ns)   --->   "%zext_ln187_135 = zext i11 %add_ln187_124" [./calorimeter.h:187->calorimeter.cpp:349]   --->   Operation 500 'zext' 'zext_ln187_135' <Predicate = (!icmp_ln328)> <Delay = 0.00>
ST_42 : Operation 501 [1/1] (0.00ns)   --->   "%towers_addr_94 = getelementptr i12 %towers, i64 0, i64 %zext_ln187_135" [./calorimeter.h:187->calorimeter.cpp:349]   --->   Operation 501 'getelementptr' 'towers_addr_94' <Predicate = (!icmp_ln328)> <Delay = 0.00>
ST_42 : Operation 502 [1/1] (0.00ns)   --->   "%zext_ln187_64 = zext i12 %towers_load_28" [./calorimeter.h:187->calorimeter.cpp:349]   --->   Operation 502 'zext' 'zext_ln187_64' <Predicate = (!icmp_ln328)> <Delay = 0.00>
ST_42 : Operation 503 [1/1] (0.00ns)   --->   "%zext_ln187_65 = zext i12 %towers_load_29" [./calorimeter.h:187->calorimeter.cpp:349]   --->   Operation 503 'zext' 'zext_ln187_65' <Predicate = (!icmp_ln328)> <Delay = 0.00>
ST_42 : Operation 504 [1/2] (1.20ns)   --->   "%towers_load_30 = load i11 %towers_addr_93" [./calorimeter.h:187->calorimeter.cpp:349]   --->   Operation 504 'load' 'towers_load_30' <Predicate = (!icmp_ln328)> <Delay = 1.20> <CoreInst = "RAM">   --->   Core 82 'RAM' <Latency = 1> <II = 1> <Delay = 1.20> <Storage> <Opcode : 'load' 'store'> <Ports = 2> <Width = 12> <Depth = 1800> <RAM>
ST_42 : Operation 505 [1/1] (0.00ns)   --->   "%zext_ln187_66 = zext i12 %towers_load_30" [./calorimeter.h:187->calorimeter.cpp:349]   --->   Operation 505 'zext' 'zext_ln187_66' <Predicate = (!icmp_ln328)> <Delay = 0.00>
ST_42 : Operation 506 [2/2] (1.20ns)   --->   "%towers_load_31 = load i11 %towers_addr_94" [./calorimeter.h:187->calorimeter.cpp:349]   --->   Operation 506 'load' 'towers_load_31' <Predicate = (!icmp_ln328)> <Delay = 1.20> <CoreInst = "RAM">   --->   Core 82 'RAM' <Latency = 1> <II = 1> <Delay = 1.20> <Storage> <Opcode : 'load' 'store'> <Ports = 2> <Width = 12> <Depth = 1800> <RAM>
ST_42 : Operation 507 [1/1] (0.00ns)   --->   "%zext_ln187_88 = zext i14 %add_ln187_89" [./calorimeter.h:187->calorimeter.cpp:349]   --->   Operation 507 'zext' 'zext_ln187_88' <Predicate = (!icmp_ln328)> <Delay = 0.00>
ST_42 : Operation 508 [1/1] (0.00ns) (grouped into TernaryAdder)   --->   "%add_ln187_90 = add i17 %zext_ln187_88, i17 %add_ln187_86" [./calorimeter.h:187->calorimeter.cpp:349]   --->   Operation 508 'add' 'add_ln187_90' <Predicate = (!icmp_ln328)> <Delay = 0.00> <CoreInst = "TAddSub">   --->   Core 10 'TAddSub' <Latency = 0> <II = 1> <Delay = 0.34> <IPBlock> <Opcode : '' 'add' 'sub'> <InPorts = 3> <OutPorts = 1> <Sync> <CReg>
ST_42 : Operation 509 [1/1] (0.00ns)   --->   "%zext_ln187_91 = zext i14 %add_ln187_93" [./calorimeter.h:187->calorimeter.cpp:349]   --->   Operation 509 'zext' 'zext_ln187_91' <Predicate = (!icmp_ln328)> <Delay = 0.00>
ST_42 : Operation 510 [1/1] (0.00ns)   --->   "%zext_ln187_92 = zext i13 %add_ln187_94" [./calorimeter.h:187->calorimeter.cpp:349]   --->   Operation 510 'zext' 'zext_ln187_92' <Predicate = (!icmp_ln328)> <Delay = 0.00>
ST_42 : Operation 511 [1/1] (0.74ns)   --->   "%add_ln187_95 = add i13 %zext_ln187_65, i13 %zext_ln187_66" [./calorimeter.h:187->calorimeter.cpp:349]   --->   Operation 511 'add' 'add_ln187_95' <Predicate = (!icmp_ln328)> <Delay = 0.74> <CoreInst = "Adder">   --->   Core 1 'Adder' <Latency = 0> <II = 1> <Delay = 0.74> <FuncUnit> <Opcode : 'add' 'sub'> <InPorts = 2> <OutPorts = 1>
ST_42 : Operation 512 [1/1] (0.00ns)   --->   "%zext_ln187_93 = zext i13 %add_ln187_95" [./calorimeter.h:187->calorimeter.cpp:349]   --->   Operation 512 'zext' 'zext_ln187_93' <Predicate = (!icmp_ln328)> <Delay = 0.00>
ST_42 : Operation 513 [1/1] (0.75ns)   --->   "%add_ln187_96 = add i14 %zext_ln187_93, i14 %zext_ln187_64" [./calorimeter.h:187->calorimeter.cpp:349]   --->   Operation 513 'add' 'add_ln187_96' <Predicate = (!icmp_ln328)> <Delay = 0.75> <CoreInst = "Adder">   --->   Core 1 'Adder' <Latency = 0> <II = 1> <Delay = 0.75> <FuncUnit> <Opcode : 'add' 'sub'> <InPorts = 2> <OutPorts = 1>
ST_42 : Operation 514 [1/1] (0.00ns)   --->   "%zext_ln187_94 = zext i14 %add_ln187_96" [./calorimeter.h:187->calorimeter.cpp:349]   --->   Operation 514 'zext' 'zext_ln187_94' <Predicate = (!icmp_ln328)> <Delay = 0.00>
ST_42 : Operation 515 [1/1] (0.76ns)   --->   "%add_ln187_97 = add i15 %zext_ln187_94, i15 %zext_ln187_92" [./calorimeter.h:187->calorimeter.cpp:349]   --->   Operation 515 'add' 'add_ln187_97' <Predicate = (!icmp_ln328)> <Delay = 0.76> <CoreInst = "Adder">   --->   Core 1 'Adder' <Latency = 0> <II = 1> <Delay = 0.76> <FuncUnit> <Opcode : 'add' 'sub'> <InPorts = 2> <OutPorts = 1>
ST_42 : Operation 516 [1/1] (0.00ns)   --->   "%zext_ln187_95 = zext i15 %add_ln187_97" [./calorimeter.h:187->calorimeter.cpp:349]   --->   Operation 516 'zext' 'zext_ln187_95' <Predicate = (!icmp_ln328)> <Delay = 0.00>
ST_42 : Operation 517 [1/1] (0.77ns)   --->   "%add_ln187_98 = add i16 %zext_ln187_95, i16 %zext_ln187_91" [./calorimeter.h:187->calorimeter.cpp:349]   --->   Operation 517 'add' 'add_ln187_98' <Predicate = (!icmp_ln328)> <Delay = 0.77> <CoreInst = "Adder">   --->   Core 1 'Adder' <Latency = 0> <II = 1> <Delay = 0.77> <FuncUnit> <Opcode : 'add' 'sub'> <InPorts = 2> <OutPorts = 1>
ST_42 : Operation 518 [1/1] (0.00ns)   --->   "%zext_ln187_96 = zext i16 %add_ln187_98" [./calorimeter.h:187->calorimeter.cpp:349]   --->   Operation 518 'zext' 'zext_ln187_96' <Predicate = (!icmp_ln328)> <Delay = 0.00>
ST_42 : Operation 519 [1/1] (0.67ns) (root node of TernaryAdder)   --->   "%sum7_et_17 = add i17 %zext_ln187_96, i17 %add_ln187_90" [./calorimeter.h:187->calorimeter.cpp:349]   --->   Operation 519 'add' 'sum7_et_17' <Predicate = (!icmp_ln328)> <Delay = 0.67> <CoreInst = "TAddSub">   --->   Core 10 'TAddSub' <Latency = 0> <II = 1> <Delay = 0.34> <IPBlock> <Opcode : '' 'add' 'sub'> <InPorts = 3> <OutPorts = 1> <Sync> <CReg>

State 43 <SV = 42> <Delay = 3.38>
ST_43 : Operation 520 [1/1] (0.70ns)   --->   "%empty_105 = add i5 %select_ln328_2, i5 3" [calorimeter.cpp:328]   --->   Operation 520 'add' 'empty_105' <Predicate = (!icmp_ln328)> <Delay = 0.70> <CoreInst = "Adder">   --->   Core 1 'Adder' <Latency = 0> <II = 1> <Delay = 0.70> <FuncUnit> <Opcode : 'add' 'sub'> <InPorts = 2> <OutPorts = 1>
ST_43 : Operation 521 [1/1] (0.00ns)   --->   "%p_shl14 = bitconcatenate i11 @_ssdm_op_BitConcatenate.i11.i5.i6, i5 %empty_105, i6 0" [./calorimeter.h:187->calorimeter.cpp:349]   --->   Operation 521 'bitconcatenate' 'p_shl14' <Predicate = (!icmp_ln328)> <Delay = 0.00>
ST_43 : Operation 522 [1/1] (0.00ns)   --->   "%tmp_17 = bitconcatenate i7 @_ssdm_op_BitConcatenate.i7.i5.i2, i5 %empty_105, i2 0" [./calorimeter.h:187->calorimeter.cpp:349]   --->   Operation 522 'bitconcatenate' 'tmp_17' <Predicate = (!icmp_ln328)> <Delay = 0.00>
ST_43 : Operation 523 [1/1] (0.00ns)   --->   "%zext_ln187_100 = zext i7 %tmp_17" [./calorimeter.h:187->calorimeter.cpp:349]   --->   Operation 523 'zext' 'zext_ln187_100' <Predicate = (!icmp_ln328)> <Delay = 0.00>
ST_43 : Operation 524 [1/1] (0.73ns)   --->   "%sub_ln187_3 = sub i11 %p_shl14, i11 %zext_ln187_100" [./calorimeter.h:187->calorimeter.cpp:349]   --->   Operation 524 'sub' 'sub_ln187_3' <Predicate = (!icmp_ln328)> <Delay = 0.73> <CoreInst = "Adder">   --->   Core 1 'Adder' <Latency = 0> <II = 1> <Delay = 0.73> <FuncUnit> <Opcode : 'add' 'sub'> <InPorts = 2> <OutPorts = 1>
ST_43 : Operation 525 [1/1] (0.73ns)   --->   "%add_ln187_61 = add i11 %sub_ln187_3, i11 %zext_ln342_1" [./calorimeter.h:187->calorimeter.cpp:349]   --->   Operation 525 'add' 'add_ln187_61' <Predicate = (!icmp_ln328)> <Delay = 0.73> <CoreInst = "Adder">   --->   Core 1 'Adder' <Latency = 0> <II = 1> <Delay = 0.73> <FuncUnit> <Opcode : 'add' 'sub'> <InPorts = 2> <OutPorts = 1>
ST_43 : Operation 526 [1/1] (0.73ns)   --->   "%add_ln187_69 = add i11 %sub_ln187_3, i11 %sext_ln216" [./calorimeter.h:187->calorimeter.cpp:349]   --->   Operation 526 'add' 'add_ln187_69' <Predicate = (!icmp_ln328)> <Delay = 0.73> <CoreInst = "Adder">   --->   Core 1 'Adder' <Latency = 0> <II = 1> <Delay = 0.73> <FuncUnit> <Opcode : 'add' 'sub'> <InPorts = 2> <OutPorts = 1>
ST_43 : Operation 527 [1/1] (0.73ns)   --->   "%add_ln187_99 = add i11 %sub_ln187_3, i11 %zext_ln216_60" [./calorimeter.h:187->calorimeter.cpp:349]   --->   Operation 527 'add' 'add_ln187_99' <Predicate = (!icmp_ln328)> <Delay = 0.73> <CoreInst = "Adder">   --->   Core 1 'Adder' <Latency = 0> <II = 1> <Delay = 0.73> <FuncUnit> <Opcode : 'add' 'sub'> <InPorts = 2> <OutPorts = 1>
ST_43 : Operation 528 [1/1] (0.73ns)   --->   "%add_ln187_111 = add i11 %sub_ln187_3, i11 %sext_ln187" [./calorimeter.h:187->calorimeter.cpp:349]   --->   Operation 528 'add' 'add_ln187_111' <Predicate = (!icmp_ln328)> <Delay = 0.73> <CoreInst = "Adder">   --->   Core 1 'Adder' <Latency = 0> <II = 1> <Delay = 0.73> <FuncUnit> <Opcode : 'add' 'sub'> <InPorts = 2> <OutPorts = 1>
ST_43 : Operation 529 [1/1] (0.73ns)   --->   "%add_ln187_117 = add i11 %sub_ln187_3, i11 %zext_ln187_113" [./calorimeter.h:187->calorimeter.cpp:349]   --->   Operation 529 'add' 'add_ln187_117' <Predicate = (!icmp_ln328)> <Delay = 0.73> <CoreInst = "Adder">   --->   Core 1 'Adder' <Latency = 0> <II = 1> <Delay = 0.73> <FuncUnit> <Opcode : 'add' 'sub'> <InPorts = 2> <OutPorts = 1>
ST_43 : Operation 530 [1/1] (0.73ns)   --->   "%add_ln187_125 = add i11 %sub_ln187_3, i11 %sext_ln187_1" [./calorimeter.h:187->calorimeter.cpp:349]   --->   Operation 530 'add' 'add_ln187_125' <Predicate = (!icmp_ln328)> <Delay = 0.73> <CoreInst = "Adder">   --->   Core 1 'Adder' <Latency = 0> <II = 1> <Delay = 0.73> <FuncUnit> <Opcode : 'add' 'sub'> <InPorts = 2> <OutPorts = 1>
ST_43 : Operation 531 [1/1] (0.73ns)   --->   "%add_ln187_131 = add i11 %sub_ln187_3, i11 %zext_ln187_128" [./calorimeter.h:187->calorimeter.cpp:349]   --->   Operation 531 'add' 'add_ln187_131' <Predicate = (!icmp_ln328)> <Delay = 0.73> <CoreInst = "Adder">   --->   Core 1 'Adder' <Latency = 0> <II = 1> <Delay = 0.73> <FuncUnit> <Opcode : 'add' 'sub'> <InPorts = 2> <OutPorts = 1>
ST_43 : Operation 532 [1/1] (0.00ns)   --->   "%zext_ln187_142 = zext i11 %add_ln187_131" [./calorimeter.h:187->calorimeter.cpp:349]   --->   Operation 532 'zext' 'zext_ln187_142' <Predicate = (!icmp_ln328)> <Delay = 0.00>
ST_43 : Operation 533 [1/1] (0.00ns)   --->   "%towers_addr_95 = getelementptr i12 %towers, i64 0, i64 %zext_ln187_142" [./calorimeter.h:187->calorimeter.cpp:349]   --->   Operation 533 'getelementptr' 'towers_addr_95' <Predicate = (!icmp_ln328)> <Delay = 0.00>
ST_43 : Operation 534 [1/2] (1.20ns)   --->   "%towers_load_31 = load i11 %towers_addr_94" [./calorimeter.h:187->calorimeter.cpp:349]   --->   Operation 534 'load' 'towers_load_31' <Predicate = (!icmp_ln328)> <Delay = 1.20> <CoreInst = "RAM">   --->   Core 82 'RAM' <Latency = 1> <II = 1> <Delay = 1.20> <Storage> <Opcode : 'load' 'store'> <Ports = 2> <Width = 12> <Depth = 1800> <RAM>
ST_43 : Operation 535 [1/1] (0.00ns)   --->   "%zext_ln349_7 = zext i12 %towers_load_31" [calorimeter.cpp:349]   --->   Operation 535 'zext' 'zext_ln349_7' <Predicate = (!icmp_ln328)> <Delay = 0.00>
ST_43 : Operation 536 [2/2] (1.20ns)   --->   "%towers_load_32 = load i11 %towers_addr_95" [./calorimeter.h:187->calorimeter.cpp:349]   --->   Operation 536 'load' 'towers_load_32' <Predicate = (!icmp_ln328)> <Delay = 1.20> <CoreInst = "RAM">   --->   Core 82 'RAM' <Latency = 1> <II = 1> <Delay = 1.20> <Storage> <Opcode : 'load' 'store'> <Ports = 2> <Width = 12> <Depth = 1800> <RAM>
ST_43 : Operation 537 [1/1] (0.00ns)   --->   "%zext_ln187_30 = zext i17 %sum7_et_17" [./calorimeter.h:187->calorimeter.cpp:349]   --->   Operation 537 'zext' 'zext_ln187_30' <Predicate = (!icmp_ln328)> <Delay = 0.00>
ST_43 : Operation 538 [1/1] (0.79ns)   --->   "%add_ln352 = add i18 %zext_ln187_30, i18 %zext_ln349_7" [calorimeter.cpp:352]   --->   Operation 538 'add' 'add_ln352' <Predicate = (!icmp_ln328)> <Delay = 0.79> <CoreInst = "Adder">   --->   Core 1 'Adder' <Latency = 0> <II = 1> <Delay = 0.79> <FuncUnit> <Opcode : 'add' 'sub'> <InPorts = 2> <OutPorts = 1>

State 44 <SV = 43> <Delay = 1.20>
ST_44 : Operation 539 [1/1] (0.00ns)   --->   "%zext_ln187_127 = zext i11 %add_ln187_117" [./calorimeter.h:187->calorimeter.cpp:349]   --->   Operation 539 'zext' 'zext_ln187_127' <Predicate = (!icmp_ln328)> <Delay = 0.00>
ST_44 : Operation 540 [1/1] (0.00ns)   --->   "%towers_addr_85 = getelementptr i12 %towers, i64 0, i64 %zext_ln187_127" [./calorimeter.h:187->calorimeter.cpp:349]   --->   Operation 540 'getelementptr' 'towers_addr_85' <Predicate = (!icmp_ln328)> <Delay = 0.00>
ST_44 : Operation 541 [1/2] (1.20ns)   --->   "%towers_load_32 = load i11 %towers_addr_95" [./calorimeter.h:187->calorimeter.cpp:349]   --->   Operation 541 'load' 'towers_load_32' <Predicate = (!icmp_ln328)> <Delay = 1.20> <CoreInst = "RAM">   --->   Core 82 'RAM' <Latency = 1> <II = 1> <Delay = 1.20> <Storage> <Opcode : 'load' 'store'> <Ports = 2> <Width = 12> <Depth = 1800> <RAM>
ST_44 : Operation 542 [2/2] (1.20ns)   --->   "%towers_load_33 = load i11 %towers_addr_85" [./calorimeter.h:187->calorimeter.cpp:349]   --->   Operation 542 'load' 'towers_load_33' <Predicate = (!icmp_ln328)> <Delay = 1.20> <CoreInst = "RAM">   --->   Core 82 'RAM' <Latency = 1> <II = 1> <Delay = 1.20> <Storage> <Opcode : 'load' 'store'> <Ports = 2> <Width = 12> <Depth = 1800> <RAM>

State 45 <SV = 44> <Delay = 1.94>
ST_45 : Operation 543 [1/1] (0.00ns)   --->   "%zext_ln187_112 = zext i11 %add_ln187_99" [./calorimeter.h:187->calorimeter.cpp:349]   --->   Operation 543 'zext' 'zext_ln187_112' <Predicate = (!icmp_ln328)> <Delay = 0.00>
ST_45 : Operation 544 [1/1] (0.00ns)   --->   "%towers_addr_80 = getelementptr i12 %towers, i64 0, i64 %zext_ln187_112" [./calorimeter.h:187->calorimeter.cpp:349]   --->   Operation 544 'getelementptr' 'towers_addr_80' <Predicate = (!icmp_ln328)> <Delay = 0.00>
ST_45 : Operation 545 [1/1] (0.00ns)   --->   "%zext_ln187_67 = zext i12 %towers_load_32" [./calorimeter.h:187->calorimeter.cpp:349]   --->   Operation 545 'zext' 'zext_ln187_67' <Predicate = (!icmp_ln328)> <Delay = 0.00>
ST_45 : Operation 546 [1/2] (1.20ns)   --->   "%towers_load_33 = load i11 %towers_addr_85" [./calorimeter.h:187->calorimeter.cpp:349]   --->   Operation 546 'load' 'towers_load_33' <Predicate = (!icmp_ln328)> <Delay = 1.20> <CoreInst = "RAM">   --->   Core 82 'RAM' <Latency = 1> <II = 1> <Delay = 1.20> <Storage> <Opcode : 'load' 'store'> <Ports = 2> <Width = 12> <Depth = 1800> <RAM>
ST_45 : Operation 547 [1/1] (0.00ns)   --->   "%zext_ln187_68 = zext i12 %towers_load_33" [./calorimeter.h:187->calorimeter.cpp:349]   --->   Operation 547 'zext' 'zext_ln187_68' <Predicate = (!icmp_ln328)> <Delay = 0.00>
ST_45 : Operation 548 [2/2] (1.20ns)   --->   "%towers_load_34 = load i11 %towers_addr_80" [./calorimeter.h:187->calorimeter.cpp:349]   --->   Operation 548 'load' 'towers_load_34' <Predicate = (!icmp_ln328)> <Delay = 1.20> <CoreInst = "RAM">   --->   Core 82 'RAM' <Latency = 1> <II = 1> <Delay = 1.20> <Storage> <Opcode : 'load' 'store'> <Ports = 2> <Width = 12> <Depth = 1800> <RAM>
ST_45 : Operation 549 [1/1] (0.74ns)   --->   "%add_ln352_1 = add i13 %zext_ln187_67, i13 %zext_ln187_68" [calorimeter.cpp:352]   --->   Operation 549 'add' 'add_ln352_1' <Predicate = (!icmp_ln328)> <Delay = 0.74> <CoreInst = "Adder">   --->   Core 1 'Adder' <Latency = 0> <II = 1> <Delay = 0.74> <FuncUnit> <Opcode : 'add' 'sub'> <InPorts = 2> <OutPorts = 1>

State 46 <SV = 45> <Delay = 1.20>
ST_46 : Operation 550 [1/1] (0.00ns)   --->   "%zext_ln187_104 = zext i11 %add_ln187_61" [./calorimeter.h:187->calorimeter.cpp:349]   --->   Operation 550 'zext' 'zext_ln187_104' <Predicate = (!icmp_ln328)> <Delay = 0.00>
ST_46 : Operation 551 [1/1] (0.00ns)   --->   "%towers_addr_60 = getelementptr i12 %towers, i64 0, i64 %zext_ln187_104" [./calorimeter.h:187->calorimeter.cpp:349]   --->   Operation 551 'getelementptr' 'towers_addr_60' <Predicate = (!icmp_ln328)> <Delay = 0.00>
ST_46 : Operation 552 [1/2] (1.20ns)   --->   "%towers_load_34 = load i11 %towers_addr_80" [./calorimeter.h:187->calorimeter.cpp:349]   --->   Operation 552 'load' 'towers_load_34' <Predicate = (!icmp_ln328)> <Delay = 1.20> <CoreInst = "RAM">   --->   Core 82 'RAM' <Latency = 1> <II = 1> <Delay = 1.20> <Storage> <Opcode : 'load' 'store'> <Ports = 2> <Width = 12> <Depth = 1800> <RAM>
ST_46 : Operation 553 [2/2] (1.20ns)   --->   "%towers_load_35 = load i11 %towers_addr_60" [./calorimeter.h:187->calorimeter.cpp:349]   --->   Operation 553 'load' 'towers_load_35' <Predicate = (!icmp_ln328)> <Delay = 1.20> <CoreInst = "RAM">   --->   Core 82 'RAM' <Latency = 1> <II = 1> <Delay = 1.20> <Storage> <Opcode : 'load' 'store'> <Ports = 2> <Width = 12> <Depth = 1800> <RAM>

State 47 <SV = 46> <Delay = 1.94>
ST_47 : Operation 554 [1/1] (0.00ns)   --->   "%zext_ln187_108 = zext i11 %add_ln187_69" [./calorimeter.h:187->calorimeter.cpp:349]   --->   Operation 554 'zext' 'zext_ln187_108' <Predicate = (!icmp_ln328)> <Delay = 0.00>
ST_47 : Operation 555 [1/1] (0.00ns)   --->   "%towers_addr_75 = getelementptr i12 %towers, i64 0, i64 %zext_ln187_108" [./calorimeter.h:187->calorimeter.cpp:349]   --->   Operation 555 'getelementptr' 'towers_addr_75' <Predicate = (!icmp_ln328)> <Delay = 0.00>
ST_47 : Operation 556 [1/1] (0.00ns)   --->   "%zext_ln187_69 = zext i12 %towers_load_34" [./calorimeter.h:187->calorimeter.cpp:349]   --->   Operation 556 'zext' 'zext_ln187_69' <Predicate = (!icmp_ln328)> <Delay = 0.00>
ST_47 : Operation 557 [1/2] (1.20ns)   --->   "%towers_load_35 = load i11 %towers_addr_60" [./calorimeter.h:187->calorimeter.cpp:349]   --->   Operation 557 'load' 'towers_load_35' <Predicate = (!icmp_ln328)> <Delay = 1.20> <CoreInst = "RAM">   --->   Core 82 'RAM' <Latency = 1> <II = 1> <Delay = 1.20> <Storage> <Opcode : 'load' 'store'> <Ports = 2> <Width = 12> <Depth = 1800> <RAM>
ST_47 : Operation 558 [1/1] (0.00ns)   --->   "%zext_ln187_70 = zext i12 %towers_load_35" [./calorimeter.h:187->calorimeter.cpp:349]   --->   Operation 558 'zext' 'zext_ln187_70' <Predicate = (!icmp_ln328)> <Delay = 0.00>
ST_47 : Operation 559 [2/2] (1.20ns)   --->   "%towers_load_36 = load i11 %towers_addr_75" [./calorimeter.h:187->calorimeter.cpp:349]   --->   Operation 559 'load' 'towers_load_36' <Predicate = (!icmp_ln328)> <Delay = 1.20> <CoreInst = "RAM">   --->   Core 82 'RAM' <Latency = 1> <II = 1> <Delay = 1.20> <Storage> <Opcode : 'load' 'store'> <Ports = 2> <Width = 12> <Depth = 1800> <RAM>
ST_47 : Operation 560 [1/1] (0.74ns)   --->   "%add_ln352_3 = add i13 %zext_ln187_69, i13 %zext_ln187_70" [calorimeter.cpp:352]   --->   Operation 560 'add' 'add_ln352_3' <Predicate = (!icmp_ln328)> <Delay = 0.74> <CoreInst = "Adder">   --->   Core 1 'Adder' <Latency = 0> <II = 1> <Delay = 0.74> <FuncUnit> <Opcode : 'add' 'sub'> <InPorts = 2> <OutPorts = 1>

State 48 <SV = 47> <Delay = 1.20>
ST_48 : Operation 561 [1/1] (0.00ns)   --->   "%zext_ln187_121 = zext i11 %add_ln187_111" [./calorimeter.h:187->calorimeter.cpp:349]   --->   Operation 561 'zext' 'zext_ln187_121' <Predicate = (!icmp_ln328)> <Delay = 0.00>
ST_48 : Operation 562 [1/1] (0.00ns)   --->   "%towers_addr_82 = getelementptr i12 %towers, i64 0, i64 %zext_ln187_121" [./calorimeter.h:187->calorimeter.cpp:349]   --->   Operation 562 'getelementptr' 'towers_addr_82' <Predicate = (!icmp_ln328)> <Delay = 0.00>
ST_48 : Operation 563 [1/2] (1.20ns)   --->   "%towers_load_36 = load i11 %towers_addr_75" [./calorimeter.h:187->calorimeter.cpp:349]   --->   Operation 563 'load' 'towers_load_36' <Predicate = (!icmp_ln328)> <Delay = 1.20> <CoreInst = "RAM">   --->   Core 82 'RAM' <Latency = 1> <II = 1> <Delay = 1.20> <Storage> <Opcode : 'load' 'store'> <Ports = 2> <Width = 12> <Depth = 1800> <RAM>
ST_48 : Operation 564 [2/2] (1.20ns)   --->   "%towers_load_37 = load i11 %towers_addr_82" [./calorimeter.h:187->calorimeter.cpp:349]   --->   Operation 564 'load' 'towers_load_37' <Predicate = (!icmp_ln328)> <Delay = 1.20> <CoreInst = "RAM">   --->   Core 82 'RAM' <Latency = 1> <II = 1> <Delay = 1.20> <Storage> <Opcode : 'load' 'store'> <Ports = 2> <Width = 12> <Depth = 1800> <RAM>

State 49 <SV = 48> <Delay = 1.20>
ST_49 : Operation 565 [1/1] (0.00ns)   --->   "%zext_ln187_136 = zext i11 %add_ln187_125" [./calorimeter.h:187->calorimeter.cpp:349]   --->   Operation 565 'zext' 'zext_ln187_136' <Predicate = (!icmp_ln328)> <Delay = 0.00>
ST_49 : Operation 566 [1/1] (0.00ns)   --->   "%towers_addr_96 = getelementptr i12 %towers, i64 0, i64 %zext_ln187_136" [./calorimeter.h:187->calorimeter.cpp:349]   --->   Operation 566 'getelementptr' 'towers_addr_96' <Predicate = (!icmp_ln328)> <Delay = 0.00>
ST_49 : Operation 567 [1/2] (1.20ns)   --->   "%towers_load_37 = load i11 %towers_addr_82" [./calorimeter.h:187->calorimeter.cpp:349]   --->   Operation 567 'load' 'towers_load_37' <Predicate = (!icmp_ln328)> <Delay = 1.20> <CoreInst = "RAM">   --->   Core 82 'RAM' <Latency = 1> <II = 1> <Delay = 1.20> <Storage> <Opcode : 'load' 'store'> <Ports = 2> <Width = 12> <Depth = 1800> <RAM>
ST_49 : Operation 568 [2/2] (1.20ns)   --->   "%towers_load_38 = load i11 %towers_addr_96" [./calorimeter.h:187->calorimeter.cpp:349]   --->   Operation 568 'load' 'towers_load_38' <Predicate = (!icmp_ln328)> <Delay = 1.20> <CoreInst = "RAM">   --->   Core 82 'RAM' <Latency = 1> <II = 1> <Delay = 1.20> <Storage> <Opcode : 'load' 'store'> <Ports = 2> <Width = 12> <Depth = 1800> <RAM>

State 50 <SV = 49> <Delay = 7.27>
ST_50 : Operation 569 [1/1] (0.00ns)   --->   "%specloopname_ln0 = specloopname void @_ssdm_op_SpecLoopName, void @VITIS_LOOP_328_1_VITIS_LOOP_329_2_str"   --->   Operation 569 'specloopname' 'specloopname_ln0' <Predicate = true> <Delay = 0.00>
ST_50 : Operation 570 [1/1] (0.00ns)   --->   "%speclooptripcount_ln0 = speclooptripcount void @_ssdm_op_SpecLoopTripCount, i64 1440, i64 1440, i64 1440"   --->   Operation 570 'speclooptripcount' 'speclooptripcount_ln0' <Predicate = true> <Delay = 0.00>
ST_50 : Operation 571 [1/1] (0.00ns)   --->   "%specpipeline_ln330 = specpipeline void @_ssdm_op_SpecPipeline, i32 1, i32 0, i32 0, i32 0, void @empty_14" [calorimeter.cpp:330]   --->   Operation 571 'specpipeline' 'specpipeline_ln330' <Predicate = true> <Delay = 0.00>
ST_50 : Operation 572 [1/1] (0.00ns)   --->   "%zext_ln187_71 = zext i12 %towers_load_36" [./calorimeter.h:187->calorimeter.cpp:349]   --->   Operation 572 'zext' 'zext_ln187_71' <Predicate = true> <Delay = 0.00>
ST_50 : Operation 573 [1/1] (0.00ns)   --->   "%zext_ln187_72 = zext i12 %towers_load_37" [./calorimeter.h:187->calorimeter.cpp:349]   --->   Operation 573 'zext' 'zext_ln187_72' <Predicate = true> <Delay = 0.00>
ST_50 : Operation 574 [1/2] (1.20ns)   --->   "%towers_load_38 = load i11 %towers_addr_96" [./calorimeter.h:187->calorimeter.cpp:349]   --->   Operation 574 'load' 'towers_load_38' <Predicate = true> <Delay = 1.20> <CoreInst = "RAM">   --->   Core 82 'RAM' <Latency = 1> <II = 1> <Delay = 1.20> <Storage> <Opcode : 'load' 'store'> <Ports = 2> <Width = 12> <Depth = 1800> <RAM>
ST_50 : Operation 575 [1/1] (0.00ns)   --->   "%zext_ln187_73 = zext i12 %towers_load_38" [./calorimeter.h:187->calorimeter.cpp:348]   --->   Operation 575 'zext' 'zext_ln187_73' <Predicate = true> <Delay = 0.00>
ST_50 : Operation 576 [1/1] (0.00ns)   --->   "%zext_ln352 = zext i13 %add_ln352_1" [calorimeter.cpp:352]   --->   Operation 576 'zext' 'zext_ln352' <Predicate = true> <Delay = 0.00>
ST_50 : Operation 577 [1/1] (0.00ns) (grouped into TernaryAdder)   --->   "%add_ln352_2 = add i18 %zext_ln352, i18 %add_ln352" [calorimeter.cpp:352]   --->   Operation 577 'add' 'add_ln352_2' <Predicate = true> <Delay = 0.00> <CoreInst = "TAddSub">   --->   Core 10 'TAddSub' <Latency = 0> <II = 1> <Delay = 0.34> <IPBlock> <Opcode : '' 'add' 'sub'> <InPorts = 3> <OutPorts = 1> <Sync> <CReg>
ST_50 : Operation 578 [1/1] (0.00ns)   --->   "%zext_ln352_1 = zext i13 %add_ln352_3" [calorimeter.cpp:352]   --->   Operation 578 'zext' 'zext_ln352_1' <Predicate = true> <Delay = 0.00>
ST_50 : Operation 579 [1/1] (0.74ns)   --->   "%add_ln352_4 = add i13 %zext_ln187_72, i13 %zext_ln187_73" [calorimeter.cpp:352]   --->   Operation 579 'add' 'add_ln352_4' <Predicate = true> <Delay = 0.74> <CoreInst = "Adder">   --->   Core 1 'Adder' <Latency = 0> <II = 1> <Delay = 0.74> <FuncUnit> <Opcode : 'add' 'sub'> <InPorts = 2> <OutPorts = 1>
ST_50 : Operation 580 [1/1] (0.00ns)   --->   "%zext_ln352_2 = zext i13 %add_ln352_4" [calorimeter.cpp:352]   --->   Operation 580 'zext' 'zext_ln352_2' <Predicate = true> <Delay = 0.00>
ST_50 : Operation 581 [1/1] (0.75ns)   --->   "%add_ln352_5 = add i14 %zext_ln352_2, i14 %zext_ln187_71" [calorimeter.cpp:352]   --->   Operation 581 'add' 'add_ln352_5' <Predicate = true> <Delay = 0.75> <CoreInst = "Adder">   --->   Core 1 'Adder' <Latency = 0> <II = 1> <Delay = 0.75> <FuncUnit> <Opcode : 'add' 'sub'> <InPorts = 2> <OutPorts = 1>
ST_50 : Operation 582 [1/1] (0.00ns)   --->   "%zext_ln352_3 = zext i14 %add_ln352_5" [calorimeter.cpp:352]   --->   Operation 582 'zext' 'zext_ln352_3' <Predicate = true> <Delay = 0.00>
ST_50 : Operation 583 [1/1] (0.76ns)   --->   "%add_ln352_6 = add i15 %zext_ln352_3, i15 %zext_ln352_1" [calorimeter.cpp:352]   --->   Operation 583 'add' 'add_ln352_6' <Predicate = true> <Delay = 0.76> <CoreInst = "Adder">   --->   Core 1 'Adder' <Latency = 0> <II = 1> <Delay = 0.76> <FuncUnit> <Opcode : 'add' 'sub'> <InPorts = 2> <OutPorts = 1>
ST_50 : Operation 584 [1/1] (0.00ns)   --->   "%zext_ln352_4 = zext i15 %add_ln352_6" [calorimeter.cpp:352]   --->   Operation 584 'zext' 'zext_ln352_4' <Predicate = true> <Delay = 0.00>
ST_50 : Operation 585 [1/1] (0.68ns) (root node of TernaryAdder)   --->   "%ring7_et = add i18 %zext_ln352_4, i18 %add_ln352_2" [calorimeter.cpp:352]   --->   Operation 585 'add' 'ring7_et' <Predicate = true> <Delay = 0.68> <CoreInst = "TAddSub">   --->   Core 10 'TAddSub' <Latency = 0> <II = 1> <Delay = 0.34> <IPBlock> <Opcode : '' 'add' 'sub'> <InPorts = 3> <OutPorts = 1> <Sync> <CReg>
ST_50 : Operation 586 [1/1] (0.00ns)   --->   "%p_shl15 = bitconcatenate i19 @_ssdm_op_BitConcatenate.i19.i16.i3, i16 %iso5_et, i3 0" [./calorimeter.h:247->calorimeter.cpp:355]   --->   Operation 586 'bitconcatenate' 'p_shl15' <Predicate = true> <Delay = 0.00>
ST_50 : Operation 587 [1/1] (0.00ns)   --->   "%tmp_21 = bitconcatenate i17 @_ssdm_op_BitConcatenate.i17.i16.i1, i16 %iso5_et, i1 0" [./calorimeter.h:247->calorimeter.cpp:355]   --->   Operation 587 'bitconcatenate' 'tmp_21' <Predicate = true> <Delay = 0.00>
ST_50 : Operation 588 [1/1] (0.00ns)   --->   "%zext_ln247 = zext i17 %tmp_21" [./calorimeter.h:247->calorimeter.cpp:355]   --->   Operation 588 'zext' 'zext_ln247' <Predicate = true> <Delay = 0.00>
ST_50 : Operation 589 [1/1] (0.80ns)   --->   "%iso_lhs = sub i19 %p_shl15, i19 %zext_ln247" [./calorimeter.h:247->calorimeter.cpp:355]   --->   Operation 589 'sub' 'iso_lhs' <Predicate = true> <Delay = 0.80> <CoreInst = "Adder">   --->   Core 1 'Adder' <Latency = 0> <II = 1> <Delay = 0.80> <FuncUnit> <Opcode : 'add' 'sub'> <InPorts = 2> <OutPorts = 1>
ST_50 : Operation 590 [1/1] (0.00ns)   --->   "%zext_ln248 = zext i16 %core3_et_6" [./calorimeter.h:248->calorimeter.cpp:355]   --->   Operation 590 'zext' 'zext_ln248' <Predicate = true> <Delay = 0.00>
ST_50 : Operation 591 [1/1] (0.00ns)   --->   "%zext_ln248_1 = zext i16 %core3_et_6" [./calorimeter.h:248->calorimeter.cpp:355]   --->   Operation 591 'zext' 'zext_ln248_1' <Predicate = true> <Delay = 0.00>
ST_50 : Operation 592 [1/1] (0.00ns)   --->   "%p_shl = bitconcatenate i21 @_ssdm_op_BitConcatenate.i21.i18.i3, i18 %ring7_et, i3 0" [./calorimeter.h:257->calorimeter.cpp:355]   --->   Operation 592 'bitconcatenate' 'p_shl' <Predicate = true> <Delay = 0.00>
ST_50 : Operation 593 [1/1] (0.00ns)   --->   "%tmp_22 = bitconcatenate i19 @_ssdm_op_BitConcatenate.i19.i18.i1, i18 %ring7_et, i1 0" [./calorimeter.h:257->calorimeter.cpp:355]   --->   Operation 593 'bitconcatenate' 'tmp_22' <Predicate = true> <Delay = 0.00>
ST_50 : Operation 594 [1/1] (0.00ns)   --->   "%zext_ln257 = zext i19 %tmp_22" [./calorimeter.h:257->calorimeter.cpp:355]   --->   Operation 594 'zext' 'zext_ln257' <Predicate = true> <Delay = 0.00>
ST_50 : Operation 595 [1/1] (0.81ns)   --->   "%ring_lhs = sub i21 %p_shl, i21 %zext_ln257" [./calorimeter.h:257->calorimeter.cpp:355]   --->   Operation 595 'sub' 'ring_lhs' <Predicate = true> <Delay = 0.81> <CoreInst = "Adder">   --->   Core 1 'Adder' <Latency = 0> <II = 1> <Delay = 0.81> <FuncUnit> <Opcode : 'add' 'sub'> <InPorts = 2> <OutPorts = 1>
ST_50 : Operation 596 [1/1] (0.80ns)   --->   "%icmp_ln250 = icmp_ult  i19 %iso_lhs, i19 %zext_ln248_1" [./calorimeter.h:250->calorimeter.cpp:355]   --->   Operation 596 'icmp' 'icmp_ln250' <Predicate = true> <Delay = 0.80> <CoreInst = "Cmp">   --->   Core 9 'Cmp' <Latency = 0> <II = 1> <Delay = 0.80> <FuncUnit> <Opcode : 'seteq' 'setne' 'setle' 'setge' 'setlt' 'setgt'> <InPorts = 2> <OutPorts = 1>
ST_50 : Operation 597 [1/1] (0.00ns) (grouped into LUT with out node or_ln260_4)   --->   "%xor_ln250 = xor i1 %icmp_ln250, i1 1" [./calorimeter.h:250->calorimeter.cpp:355]   --->   Operation 597 'xor' 'xor_ln250' <Predicate = true> <Delay = 0.00> <CoreInst = "LogicGate">   --->   Core 74 'LogicGate' <Latency = 0> <II = 1> <Delay = 0.12> <FuncUnit> <Opcode : 'and' 'or' 'xor'> <InPorts = 2> <OutPorts = 1>
ST_50 : Operation 598 [1/1] (0.81ns)   --->   "%icmp_ln260 = icmp_ult  i21 %ring_lhs, i21 %zext_ln248" [./calorimeter.h:260->calorimeter.cpp:355]   --->   Operation 598 'icmp' 'icmp_ln260' <Predicate = true> <Delay = 0.81> <CoreInst = "Cmp">   --->   Core 9 'Cmp' <Latency = 0> <II = 1> <Delay = 0.81> <FuncUnit> <Opcode : 'seteq' 'setne' 'setle' 'setge' 'setlt' 'setgt'> <InPorts = 2> <OutPorts = 1>
ST_50 : Operation 599 [1/1] (0.00ns) (grouped into LUT with out node or_ln260_4)   --->   "%xor_ln260 = xor i1 %icmp_ln260, i1 1" [./calorimeter.h:260->calorimeter.cpp:355]   --->   Operation 599 'xor' 'xor_ln260' <Predicate = true> <Delay = 0.00> <CoreInst = "LogicGate">   --->   Core 74 'LogicGate' <Latency = 0> <II = 1> <Delay = 0.12> <FuncUnit> <Opcode : 'and' 'or' 'xor'> <InPorts = 2> <OutPorts = 1>
ST_50 : Operation 600 [1/1] (0.00ns) (grouped into LUT with out node or_ln260_4)   --->   "%or_ln260 = or i1 %xor_ln250, i1 %icmp_ln344" [./calorimeter.h:260->calorimeter.cpp:355]   --->   Operation 600 'or' 'or_ln260' <Predicate = true> <Delay = 0.00> <CoreInst = "LogicGate">   --->   Core 74 'LogicGate' <Latency = 0> <II = 1> <Delay = 0.12> <FuncUnit> <Opcode : 'and' 'or' 'xor'> <InPorts = 2> <OutPorts = 1>
ST_50 : Operation 601 [1/1] (0.00ns) (grouped into LUT with out node or_ln260_4)   --->   "%or_ln260_1 = or i1 %or_ln260, i1 %icmp_ln354" [./calorimeter.h:260->calorimeter.cpp:355]   --->   Operation 601 'or' 'or_ln260_1' <Predicate = true> <Delay = 0.00> <CoreInst = "LogicGate">   --->   Core 74 'LogicGate' <Latency = 0> <II = 1> <Delay = 0.12> <FuncUnit> <Opcode : 'and' 'or' 'xor'> <InPorts = 2> <OutPorts = 1>
ST_50 : Operation 602 [1/1] (0.00ns) (grouped into LUT with out node or_ln260_4)   --->   "%or_ln260_2 = or i1 %icmp_ln218_52, i1 %xor_ln260" [./calorimeter.h:260->calorimeter.cpp:355]   --->   Operation 602 'or' 'or_ln260_2' <Predicate = true> <Delay = 0.00> <CoreInst = "LogicGate">   --->   Core 74 'LogicGate' <Latency = 0> <II = 1> <Delay = 0.12> <FuncUnit> <Opcode : 'and' 'or' 'xor'> <InPorts = 2> <OutPorts = 1>
ST_50 : Operation 603 [1/1] (0.00ns) (grouped into LUT with out node or_ln260_4)   --->   "%or_ln260_3 = or i1 %or_ln260_2, i1 %xor_ln218" [./calorimeter.h:260->calorimeter.cpp:355]   --->   Operation 603 'or' 'or_ln260_3' <Predicate = true> <Delay = 0.00> <CoreInst = "LogicGate">   --->   Core 74 'LogicGate' <Latency = 0> <II = 1> <Delay = 0.12> <FuncUnit> <Opcode : 'and' 'or' 'xor'> <InPorts = 2> <OutPorts = 1>
ST_50 : Operation 604 [1/1] (0.12ns) (out node of the LUT)   --->   "%or_ln260_4 = or i1 %or_ln260_3, i1 %or_ln260_1" [./calorimeter.h:260->calorimeter.cpp:355]   --->   Operation 604 'or' 'or_ln260_4' <Predicate = true> <Delay = 0.12> <CoreInst = "LogicGate">   --->   Core 74 'LogicGate' <Latency = 0> <II = 1> <Delay = 0.12> <FuncUnit> <Opcode : 'and' 'or' 'xor'> <InPorts = 2> <OutPorts = 1>
ST_50 : Operation 605 [1/1] (0.24ns)   --->   "%candidate_et = select i1 %or_ln260_4, i16 0, i16 %core3_et_6" [./calorimeter.h:260->calorimeter.cpp:355]   --->   Operation 605 'select' 'candidate_et' <Predicate = true> <Delay = 0.24> <CoreInst = "Sel">   --->   Core 73 'Sel' <Latency = 0> <II = 1> <Delay = 0.24> <FuncUnit> <Opcode : 'select'> <InPorts = 3> <OutPorts = 1>
ST_50 : Operation 606 [1/1] (0.12ns)   --->   "%candidate_valid = xor i1 %or_ln260_4, i1 1" [./calorimeter.h:260->calorimeter.cpp:355]   --->   Operation 606 'xor' 'candidate_valid' <Predicate = true> <Delay = 0.12> <CoreInst = "LogicGate">   --->   Core 74 'LogicGate' <Latency = 0> <II = 1> <Delay = 0.12> <FuncUnit> <Opcode : 'and' 'or' 'xor'> <InPorts = 2> <OutPorts = 1>
ST_50 : Operation 607 [1/1] (0.00ns)   --->   "%zext_ln332 = zext i16 %candidate_et" [calorimeter.cpp:332]   --->   Operation 607 'zext' 'zext_ln332' <Predicate = true> <Delay = 0.00>
ST_50 : Operation 608 [1/1] (0.24ns)   --->   "%empty_106 = select i1 %or_ln260_4, i16 0, i16 %iso5_et" [./calorimeter.h:260->calorimeter.cpp:355]   --->   Operation 608 'select' 'empty_106' <Predicate = true> <Delay = 0.24> <CoreInst = "Sel">   --->   Core 73 'Sel' <Latency = 0> <II = 1> <Delay = 0.24> <FuncUnit> <Opcode : 'select'> <InPorts = 3> <OutPorts = 1>
ST_50 : Operation 609 [1/1] (0.00ns)   --->   "%or_ln363_s = bitconcatenate i61 @_ssdm_op_BitConcatenate.i61.i1.i8.i6.i1.i5.i4.i16.i20, i1 %candidate_valid, i8 83, i6 %select_ln328, i1 0, i5 %select_ln328_2, i4 0, i16 %empty_106, i20 %zext_ln332" [calorimeter.cpp:363]   --->   Operation 609 'bitconcatenate' 'or_ln363_s' <Predicate = true> <Delay = 0.00>
ST_50 : Operation 610 [1/1] (1.13ns)   --->   "%write_ln363 = write void @_ssdm_op_Write.ap_fifo.volatile.i61P0A, i61 %em_cluster_stream, i61 %or_ln363_s" [calorimeter.cpp:363]   --->   Operation 610 'write' 'write_ln363' <Predicate = true> <Delay = 1.13> <CoreInst = "FIFO">   --->   Core 77 'FIFO' <Latency = 0> <II = 1> <Delay = 1.13> <Storage> <Opcode : 'read' 'write' 'nbread' 'nbwrite'> <Ports = 0> <Width = 61> <Depth = 64> <FIFO>
ST_50 : Operation 611 [1/1] (0.00ns)   --->   "%br_ln329 = br void %for.body4" [calorimeter.cpp:329]   --->   Operation 611 'br' 'br_ln329' <Predicate = true> <Delay = 0.00>


============================================================
+ Verbose Summary: Timing violations
============================================================
Target clock period: 25.000ns, clock uncertainty: 6.750ns.

 <State 1>: 4.045ns
The critical path consists of the following:
	'store' operation 0 bit ('store_ln328', calorimeter.cpp:328) of constant 3 on local variable 'eta', calorimeter.cpp:328 [15]  (0.387 ns)
	'load' operation 5 bit ('eta_load', calorimeter.cpp:328) on local variable 'eta', calorimeter.cpp:328 [25]  (0.000 ns)
	'add' operation 5 bit ('add_ln328_2', calorimeter.cpp:328) [31]  (0.707 ns)
	'select' operation 5 bit ('select_ln328_2', calorimeter.cpp:328) [33]  (0.278 ns)
	'sub' operation 11 bit ('sub_ln342', calorimeter.cpp:342) [37]  (0.735 ns)
	'add' operation 11 bit ('add_ln342', calorimeter.cpp:342) [68]  (0.735 ns)
	'getelementptr' operation 11 bit ('towers_addr', calorimeter.cpp:342) [70]  (0.000 ns)
	'load' operation 12 bit ('seed_et', calorimeter.cpp:342) on array 'towers' [91]  (1.203 ns)

 <State 2>: 3.380ns
The critical path consists of the following:
	'add' operation 5 bit ('empty', calorimeter.cpp:328) [38]  (0.707 ns)
	'sub' operation 11 bit ('sub_ln216', ./calorimeter.h:216->calorimeter.cpp:345) [42]  (0.735 ns)
	'add' operation 11 bit ('add_ln216_49', ./calorimeter.h:216->calorimeter.cpp:345) [98]  (0.735 ns)
	'getelementptr' operation 11 bit ('towers_addr_52', ./calorimeter.h:216->calorimeter.cpp:345) [100]  (0.000 ns)
	'load' operation 12 bit ('neighbor', ./calorimeter.h:216->calorimeter.cpp:345) on array 'towers' [101]  (1.203 ns)

 <State 3>: 1.938ns
The critical path consists of the following:
	'add' operation 11 bit ('add_ln216', ./calorimeter.h:216->calorimeter.cpp:345) [71]  (0.735 ns)
	'getelementptr' operation 11 bit ('towers_addr_49', ./calorimeter.h:216->calorimeter.cpp:345) [73]  (0.000 ns)
	'load' operation 12 bit ('neighbor', ./calorimeter.h:216->calorimeter.cpp:345) on array 'towers' [103]  (1.203 ns)

 <State 4>: 3.659ns
The critical path consists of the following:
	'add' operation 6 bit ('phi', ./calorimeter.h:213->calorimeter.cpp:345) [107]  (0.706 ns)
	'icmp' operation 1 bit ('icmp_ln162', ./calorimeter.h:162->./calorimeter.h:213->calorimeter.cpp:345) [108]  (0.706 ns)
	'select' operation 7 bit ('phi_idx', ./calorimeter.h:162->./calorimeter.h:213->calorimeter.cpp:345) [111]  (0.308 ns)
	'add' operation 11 bit ('add_ln216_50', ./calorimeter.h:216->calorimeter.cpp:345) [113]  (0.735 ns)
	'getelementptr' operation 11 bit ('towers_addr_54', ./calorimeter.h:216->calorimeter.cpp:345) [115]  (0.000 ns)
	'load' operation 12 bit ('neighbor', ./calorimeter.h:216->calorimeter.cpp:345) on array 'towers' [134]  (1.203 ns)

 <State 5>: 1.938ns
The critical path consists of the following:
	'add' operation 11 bit ('add_ln216_53', ./calorimeter.h:216->calorimeter.cpp:345) [135]  (0.735 ns)
	'getelementptr' operation 11 bit ('towers_addr_55', ./calorimeter.h:216->calorimeter.cpp:345) [137]  (0.000 ns)
	'load' operation 12 bit ('neighbor', ./calorimeter.h:216->calorimeter.cpp:345) on array 'towers' [153]  (1.203 ns)

 <State 6>: 2.703ns
The critical path consists of the following:
	'load' operation 12 bit ('neighbor', ./calorimeter.h:216->calorimeter.cpp:345) on array 'towers' [153]  (1.203 ns)
	'add' operation 13 bit ('add_ln187_56', ./calorimeter.h:187->calorimeter.cpp:347) [185]  (0.745 ns)
	'add' operation 14 bit ('sum5_et', ./calorimeter.h:187->calorimeter.cpp:347) [187]  (0.755 ns)

 <State 7>: 2.673ns
The critical path consists of the following:
	'sub' operation 11 bit ('sub_ln216_6', ./calorimeter.h:216->calorimeter.cpp:345) [46]  (0.735 ns)
	'add' operation 11 bit ('add_ln216_54', ./calorimeter.h:216->calorimeter.cpp:345) [138]  (0.735 ns)
	'getelementptr' operation 11 bit ('towers_addr_57', ./calorimeter.h:216->calorimeter.cpp:345) [140]  (0.000 ns)
	'load' operation 12 bit ('neighbor', ./calorimeter.h:216->calorimeter.cpp:345) on array 'towers' [157]  (1.203 ns)

 <State 8>: 1.938ns
The critical path consists of the following:
	'add' operation 11 bit ('add_ln216_48', ./calorimeter.h:216->calorimeter.cpp:345) [74]  (0.735 ns)
	'getelementptr' operation 11 bit ('towers_addr_50', ./calorimeter.h:216->calorimeter.cpp:345) [76]  (0.000 ns)
	'load' operation 12 bit ('neighbor', ./calorimeter.h:216->calorimeter.cpp:345) on array 'towers' [160]  (1.203 ns)

 <State 9>: 2.192ns
The critical path consists of the following:
	'load' operation 12 bit ('neighbor', ./calorimeter.h:216->calorimeter.cpp:345) on array 'towers' [160]  (1.203 ns)
	'icmp' operation 1 bit ('icmp_ln218_49', ./calorimeter.h:218->calorimeter.cpp:345) [161]  (0.745 ns)
	'xor' operation 1 bit ('xor_ln218_39', ./calorimeter.h:218->calorimeter.cpp:345) [162]  (0.000 ns)
	'and' operation 1 bit ('and_ln218_60', ./calorimeter.h:218->calorimeter.cpp:345) [168]  (0.000 ns)
	'and' operation 1 bit ('and_ln218_61', ./calorimeter.h:218->calorimeter.cpp:345) [169]  (0.000 ns)
	'and' operation 1 bit ('and_ln218_62', ./calorimeter.h:218->calorimeter.cpp:345) [170]  (0.122 ns)
	'and' operation 1 bit ('and_ln218_26', ./calorimeter.h:218->calorimeter.cpp:345) [171]  (0.000 ns)
	'xor' operation 1 bit ('xor_ln218', ./calorimeter.h:218->calorimeter.cpp:345) [174]  (0.122 ns)

 <State 10>: 4.982ns
The critical path consists of the following:
	'load' operation 12 bit ('neighbor', ./calorimeter.h:216->calorimeter.cpp:345) on array 'towers' [172]  (1.203 ns)
	'add' operation 13 bit ('add_ln187_59', ./calorimeter.h:187->calorimeter.cpp:347) [191]  (0.745 ns)
	'add' operation 14 bit ('add_ln187_60', ./calorimeter.h:187->calorimeter.cpp:347) [193]  (0.755 ns)
	'add' operation 15 bit ('sum5_et', ./calorimeter.h:187->calorimeter.cpp:347) [195]  (0.695 ns)
	'add' operation 16 bit ('core3_et', ./calorimeter.h:187->calorimeter.cpp:347) [197]  (0.775 ns)
	'icmp' operation 1 bit ('icmp_ln354', calorimeter.cpp:354) [487]  (0.809 ns)

 <State 11>: 1.938ns
The critical path consists of the following:
	'add' operation 11 bit ('add_ln187_71', ./calorimeter.h:187->calorimeter.cpp:348) [141]  (0.735 ns)
	'getelementptr' operation 11 bit ('towers_addr_62', ./calorimeter.h:187->calorimeter.cpp:348) [143]  (0.000 ns)
	'load' operation 12 bit ('sum7_et', ./calorimeter.h:187->calorimeter.cpp:348) on array 'towers' [208]  (1.203 ns)

 <State 12>: 1.938ns
The critical path consists of the following:
	'add' operation 11 bit ('add_ln187', ./calorimeter.h:187->calorimeter.cpp:348) [77]  (0.735 ns)
	'getelementptr' operation 11 bit ('towers_addr_51', ./calorimeter.h:187->calorimeter.cpp:348) [79]  (0.000 ns)
	'load' operation 12 bit ('towers_load_2', ./calorimeter.h:187->calorimeter.cpp:348) on array 'towers' [211]  (1.203 ns)

 <State 13>: 1.938ns
The critical path consists of the following:
	'add' operation 11 bit ('add_ln187_62', ./calorimeter.h:187->calorimeter.cpp:348) [122]  (0.735 ns)
	'getelementptr' operation 11 bit ('towers_addr_63', ./calorimeter.h:187->calorimeter.cpp:348) [124]  (0.000 ns)
	'load' operation 12 bit ('towers_load_3', ./calorimeter.h:187->calorimeter.cpp:348) on array 'towers' [213]  (1.203 ns)

 <State 14>: 3.659ns
The critical path consists of the following:
	'add' operation 6 bit ('add_ln184', ./calorimeter.h:184->calorimeter.cpp:348) [215]  (0.706 ns)
	'icmp' operation 1 bit ('icmp_ln162_3', ./calorimeter.h:162->./calorimeter.h:184->calorimeter.cpp:348) [216]  (0.706 ns)
	'select' operation 7 bit ('phi_idx', ./calorimeter.h:162->./calorimeter.h:184->calorimeter.cpp:348) [219]  (0.308 ns)
	'add' operation 11 bit ('add_ln187_105', ./calorimeter.h:187->calorimeter.cpp:348) [221]  (0.735 ns)
	'getelementptr' operation 11 bit ('towers_addr_65', ./calorimeter.h:187->calorimeter.cpp:348) [223]  (0.000 ns)
	'load' operation 12 bit ('towers_load_4', ./calorimeter.h:187->calorimeter.cpp:348) on array 'towers' [242]  (1.203 ns)

 <State 15>: 2.703ns
The critical path consists of the following:
	'load' operation 12 bit ('towers_load_4', ./calorimeter.h:187->calorimeter.cpp:348) on array 'towers' [242]  (1.203 ns)
	'add' operation 13 bit ('add_ln187_70', ./calorimeter.h:187->calorimeter.cpp:349) [420]  (0.745 ns)
	'add' operation 14 bit ('sum7_et_14', ./calorimeter.h:187->calorimeter.cpp:349) [422]  (0.755 ns)

 <State 16>: 1.938ns
The critical path consists of the following:
	'add' operation 11 bit ('add_ln187_106', ./calorimeter.h:187->calorimeter.cpp:348) [224]  (0.735 ns)
	'getelementptr' operation 11 bit ('towers_addr_67', ./calorimeter.h:187->calorimeter.cpp:348) [226]  (0.000 ns)
	'load' operation 12 bit ('towers_load_6', ./calorimeter.h:187->calorimeter.cpp:348) on array 'towers' [266]  (1.203 ns)

 <State 17>: 1.938ns
The critical path consists of the following:
	'add' operation 11 bit ('add_ln187_113', ./calorimeter.h:187->calorimeter.cpp:348) [248]  (0.735 ns)
	'getelementptr' operation 11 bit ('towers_addr_68', ./calorimeter.h:187->calorimeter.cpp:348) [250]  (0.000 ns)
	'load' operation 12 bit ('towers_load_7', ./calorimeter.h:187->calorimeter.cpp:348) on array 'towers' [269]  (1.203 ns)

 <State 18>: 3.398ns
The critical path consists of the following:
	'load' operation 12 bit ('towers_load_7', ./calorimeter.h:187->calorimeter.cpp:348) on array 'towers' [269]  (1.203 ns)
	'add' operation 13 bit ('add_ln187_66', ./calorimeter.h:187->calorimeter.cpp:348) [399]  (0.745 ns)
	'add' operation 14 bit ('add_ln187_67', ./calorimeter.h:187->calorimeter.cpp:348) [401]  (0.755 ns)
	'add' operation 15 bit ('sum5_et_3', ./calorimeter.h:187->calorimeter.cpp:348) [403]  (0.695 ns)

 <State 19>: 3.398ns
The critical path consists of the following:
	'load' operation 12 bit ('towers_load', ./calorimeter.h:187->calorimeter.cpp:348) on array 'towers' [271]  (1.203 ns)
	'add' operation 13 bit ('add_ln187_73', ./calorimeter.h:187->calorimeter.cpp:349) [425]  (0.745 ns)
	'add' operation 14 bit ('add_ln187_74', ./calorimeter.h:187->calorimeter.cpp:349) [427]  (0.755 ns)
	'add' operation 15 bit ('sum7_et_15', ./calorimeter.h:187->calorimeter.cpp:349) [429]  (0.695 ns)

 <State 20>: 1.938ns
The critical path consists of the following:
	'add' operation 11 bit ('add_ln187_108', ./calorimeter.h:187->calorimeter.cpp:348) [230]  (0.735 ns)
	'getelementptr' operation 11 bit ('towers_addr_71', ./calorimeter.h:187->calorimeter.cpp:348) [232]  (0.000 ns)
	'load' operation 12 bit ('towers_load_9', ./calorimeter.h:187->calorimeter.cpp:348) on array 'towers' [276]  (1.203 ns)

 <State 21>: 3.380ns
The critical path consists of the following:
	'add' operation 5 bit ('empty_103', calorimeter.cpp:328) [52]  (0.707 ns)
	'sub' operation 11 bit ('sub_ln187_1', ./calorimeter.h:187->calorimeter.cpp:348) [56]  (0.735 ns)
	'add' operation 11 bit ('add_ln187_115', ./calorimeter.h:187->calorimeter.cpp:348) [254]  (0.735 ns)
	'getelementptr' operation 11 bit ('towers_addr_72', ./calorimeter.h:187->calorimeter.cpp:348) [256]  (0.000 ns)
	'load' operation 12 bit ('towers_load_10', ./calorimeter.h:187->calorimeter.cpp:348) on array 'towers' [279]  (1.203 ns)

 <State 22>: 1.938ns
The critical path consists of the following:
	'add' operation 11 bit ('add_ln187_75', ./calorimeter.h:187->calorimeter.cpp:348) [144]  (0.735 ns)
	'getelementptr' operation 11 bit ('towers_addr_73', ./calorimeter.h:187->calorimeter.cpp:348) [146]  (0.000 ns)
	'load' operation 12 bit ('towers_load_11', ./calorimeter.h:187->calorimeter.cpp:348) on array 'towers' [281]  (1.203 ns)

 <State 23>: 1.938ns
The critical path consists of the following:
	'add' operation 11 bit ('add_ln187_55', ./calorimeter.h:187->calorimeter.cpp:348) [80]  (0.735 ns)
	'getelementptr' operation 11 bit ('towers_addr_53', ./calorimeter.h:187->calorimeter.cpp:348) [82]  (0.000 ns)
	'load' operation 12 bit ('towers_load_12', ./calorimeter.h:187->calorimeter.cpp:348) on array 'towers' [283]  (1.203 ns)

 <State 24>: 1.938ns
The critical path consists of the following:
	'add' operation 11 bit ('add_ln187_64', ./calorimeter.h:187->calorimeter.cpp:348) [125]  (0.735 ns)
	'getelementptr' operation 11 bit ('towers_addr_64', ./calorimeter.h:187->calorimeter.cpp:348) [127]  (0.000 ns)
	'load' operation 12 bit ('towers_load_13', ./calorimeter.h:187->calorimeter.cpp:348) on array 'towers' [286]  (1.203 ns)

 <State 25>: 1.938ns
The critical path consists of the following:
	'add' operation 11 bit ('add_ln187_109', ./calorimeter.h:187->calorimeter.cpp:348) [233]  (0.735 ns)
	'getelementptr' operation 11 bit ('towers_addr_76', ./calorimeter.h:187->calorimeter.cpp:348) [235]  (0.000 ns)
	'load' operation 12 bit ('towers_load_14', ./calorimeter.h:187->calorimeter.cpp:348) on array 'towers' [289]  (1.203 ns)

 <State 26>: 4.143ns
The critical path consists of the following:
	'load' operation 12 bit ('towers_load_14', ./calorimeter.h:187->calorimeter.cpp:348) on array 'towers' [289]  (1.203 ns)
	'add' operation 13 bit ('add_ln351_4', calorimeter.cpp:351) [411]  (0.745 ns)
	'add' operation 14 bit ('add_ln351_5', calorimeter.cpp:351) [413]  (0.755 ns)
	'add' operation 15 bit ('add_ln351_6', calorimeter.cpp:351) [415]  (0.765 ns)
	'add' operation 16 bit ('iso5_et', calorimeter.cpp:351) [417]  (0.675 ns)

 <State 27>: 4.143ns
The critical path consists of the following:
	'load' operation 12 bit ('sum7_et', ./calorimeter.h:187->calorimeter.cpp:349) on array 'towers' [299]  (1.203 ns)
	'add' operation 13 bit ('add_ln187_80', ./calorimeter.h:187->calorimeter.cpp:349) [437]  (0.745 ns)
	'add' operation 14 bit ('add_ln187_81', ./calorimeter.h:187->calorimeter.cpp:349) [439]  (0.755 ns)
	'add' operation 15 bit ('add_ln187_82', ./calorimeter.h:187->calorimeter.cpp:349) [441]  (0.765 ns)
	'add' operation 16 bit ('sum7_et_16', ./calorimeter.h:187->calorimeter.cpp:349) [443]  (0.675 ns)

 <State 28>: 1.938ns
The critical path consists of the following:
	'add' operation 11 bit ('add_ln187_83', ./calorimeter.h:187->calorimeter.cpp:349) [147]  (0.735 ns)
	'getelementptr' operation 11 bit ('towers_addr_79', ./calorimeter.h:187->calorimeter.cpp:349) [149]  (0.000 ns)
	'load' operation 12 bit ('towers_load_17', ./calorimeter.h:187->calorimeter.cpp:349) on array 'towers' [303]  (1.203 ns)

 <State 29>: 1.938ns
The critical path consists of the following:
	'add' operation 11 bit ('add_ln187_57', ./calorimeter.h:187->calorimeter.cpp:349) [83]  (0.735 ns)
	'getelementptr' operation 11 bit ('towers_addr_58', ./calorimeter.h:187->calorimeter.cpp:349) [85]  (0.000 ns)
	'load' operation 12 bit ('towers_load_18', ./calorimeter.h:187->calorimeter.cpp:349) on array 'towers' [305]  (1.203 ns)

 <State 30>: 2.627ns
The critical path consists of the following:
	'load' operation 12 bit ('towers_load_18', ./calorimeter.h:187->calorimeter.cpp:349) on array 'towers' [305]  (1.203 ns)
	'add' operation 13 bit ('add_ln187_85', ./calorimeter.h:187->calorimeter.cpp:349) [446]  (0.745 ns)
	'add' operation 17 bit ('add_ln187_86', ./calorimeter.h:187->calorimeter.cpp:349) [448]  (0.678 ns)

 <State 31>: 1.938ns
The critical path consists of the following:
	'add' operation 11 bit ('add_ln187_110', ./calorimeter.h:187->calorimeter.cpp:349) [236]  (0.735 ns)
	'getelementptr' operation 11 bit ('towers_addr_81', ./calorimeter.h:187->calorimeter.cpp:349) [238]  (0.000 ns)
	'load' operation 12 bit ('towers_load_20', ./calorimeter.h:187->calorimeter.cpp:349) on array 'towers' [309]  (1.203 ns)

 <State 32>: 3.659ns
The critical path consists of the following:
	'add' operation 6 bit ('add_ln184_2', ./calorimeter.h:184->calorimeter.cpp:349) [311]  (0.706 ns)
	'icmp' operation 1 bit ('icmp_ln162_4', ./calorimeter.h:162->./calorimeter.h:184->calorimeter.cpp:349) [312]  (0.706 ns)
	'select' operation 7 bit ('phi_idx', ./calorimeter.h:162->./calorimeter.h:184->calorimeter.cpp:349) [315]  (0.308 ns)
	'add' operation 11 bit ('add_ln187_119', ./calorimeter.h:187->calorimeter.cpp:349) [317]  (0.735 ns)
	'getelementptr' operation 11 bit ('towers_addr_83', ./calorimeter.h:187->calorimeter.cpp:349) [319]  (0.000 ns)
	'load' operation 12 bit ('towers_load_21', ./calorimeter.h:187->calorimeter.cpp:349) on array 'towers' [338]  (1.203 ns)

 <State 33>: 1.938ns
The critical path consists of the following:
	'add' operation 11 bit ('add_ln187_126', ./calorimeter.h:187->calorimeter.cpp:349) [340]  (0.735 ns)
	'getelementptr' operation 11 bit ('towers_addr_84', ./calorimeter.h:187->calorimeter.cpp:349) [342]  (0.000 ns)
	'load' operation 12 bit ('towers_load_22', ./calorimeter.h:187->calorimeter.cpp:349) on array 'towers' [358]  (1.203 ns)

 <State 34>: 2.703ns
The critical path consists of the following:
	'load' operation 12 bit ('towers_load_22', ./calorimeter.h:187->calorimeter.cpp:349) on array 'towers' [358]  (1.203 ns)
	'add' operation 13 bit ('add_ln187_88', ./calorimeter.h:187->calorimeter.cpp:349) [451]  (0.745 ns)
	'add' operation 14 bit ('add_ln187_89', ./calorimeter.h:187->calorimeter.cpp:349) [453]  (0.755 ns)

 <State 35>: 1.948ns
The critical path consists of the following:
	'load' operation 12 bit ('towers_load_23', ./calorimeter.h:187->calorimeter.cpp:349) on array 'towers' [360]  (1.203 ns)
	'add' operation 13 bit ('add_ln187_91', ./calorimeter.h:187->calorimeter.cpp:349) [456]  (0.745 ns)

 <State 36>: 1.938ns
The critical path consists of the following:
	'add' operation 11 bit ('add_ln187_121', ./calorimeter.h:187->calorimeter.cpp:349) [323]  (0.735 ns)
	'getelementptr' operation 11 bit ('towers_addr_88', ./calorimeter.h:187->calorimeter.cpp:349) [325]  (0.000 ns)
	'load' operation 12 bit ('towers_load_25', ./calorimeter.h:187->calorimeter.cpp:349) on array 'towers' [364]  (1.203 ns)

 <State 37>: 2.703ns
The critical path consists of the following:
	'load' operation 12 bit ('towers_load_25', ./calorimeter.h:187->calorimeter.cpp:349) on array 'towers' [364]  (1.203 ns)
	'add' operation 13 bit ('add_ln187_92', ./calorimeter.h:187->calorimeter.cpp:349) [458]  (0.745 ns)
	'add' operation 14 bit ('add_ln187_93', ./calorimeter.h:187->calorimeter.cpp:349) [460]  (0.755 ns)

 <State 38>: 1.938ns
The critical path consists of the following:
	'add' operation 11 bit ('add_ln187_122', ./calorimeter.h:187->calorimeter.cpp:349) [326]  (0.735 ns)
	'getelementptr' operation 11 bit ('towers_addr_90', ./calorimeter.h:187->calorimeter.cpp:349) [328]  (0.000 ns)
	'load' operation 12 bit ('towers_load_27', ./calorimeter.h:187->calorimeter.cpp:349) on array 'towers' [368]  (1.203 ns)

 <State 39>: 1.948ns
The critical path consists of the following:
	'load' operation 12 bit ('towers_load_27', ./calorimeter.h:187->calorimeter.cpp:349) on array 'towers' [368]  (1.203 ns)
	'add' operation 13 bit ('add_ln187_94', ./calorimeter.h:187->calorimeter.cpp:349) [462]  (0.745 ns)

 <State 40>: 1.938ns
The critical path consists of the following:
	'add' operation 11 bit ('add_ln187_123', ./calorimeter.h:187->calorimeter.cpp:349) [329]  (0.735 ns)
	'getelementptr' operation 11 bit ('towers_addr_92', ./calorimeter.h:187->calorimeter.cpp:349) [331]  (0.000 ns)
	'load' operation 12 bit ('towers_load_29', ./calorimeter.h:187->calorimeter.cpp:349) on array 'towers' [372]  (1.203 ns)

 <State 41>: 1.938ns
The critical path consists of the following:
	'add' operation 11 bit ('add_ln187_130', ./calorimeter.h:187->calorimeter.cpp:349) [352]  (0.735 ns)
	'getelementptr' operation 11 bit ('towers_addr_93', ./calorimeter.h:187->calorimeter.cpp:349) [354]  (0.000 ns)
	'load' operation 12 bit ('towers_load_30', ./calorimeter.h:187->calorimeter.cpp:349) on array 'towers' [374]  (1.203 ns)

 <State 42>: 4.921ns
The critical path consists of the following:
	'load' operation 12 bit ('towers_load_30', ./calorimeter.h:187->calorimeter.cpp:349) on array 'towers' [374]  (1.203 ns)
	'add' operation 13 bit ('add_ln187_95', ./calorimeter.h:187->calorimeter.cpp:349) [464]  (0.745 ns)
	'add' operation 14 bit ('add_ln187_96', ./calorimeter.h:187->calorimeter.cpp:349) [466]  (0.755 ns)
	'add' operation 15 bit ('add_ln187_97', ./calorimeter.h:187->calorimeter.cpp:349) [468]  (0.765 ns)
	'add' operation 16 bit ('add_ln187_98', ./calorimeter.h:187->calorimeter.cpp:349) [470]  (0.775 ns)
	'add' operation 17 bit ('sum7_et_17', ./calorimeter.h:187->calorimeter.cpp:349) [472]  (0.678 ns)

 <State 43>: 3.380ns
The critical path consists of the following:
	'add' operation 5 bit ('empty_105', calorimeter.cpp:328) [62]  (0.707 ns)
	'sub' operation 11 bit ('sub_ln187_3', ./calorimeter.h:187->calorimeter.cpp:349) [66]  (0.735 ns)
	'add' operation 11 bit ('add_ln187_131', ./calorimeter.h:187->calorimeter.cpp:349) [355]  (0.735 ns)
	'getelementptr' operation 11 bit ('towers_addr_95', ./calorimeter.h:187->calorimeter.cpp:349) [357]  (0.000 ns)
	'load' operation 12 bit ('towers_load_32', ./calorimeter.h:187->calorimeter.cpp:349) on array 'towers' [378]  (1.203 ns)

 <State 44>: 1.203ns
The critical path consists of the following:
	'load' operation 12 bit ('towers_load_32', ./calorimeter.h:187->calorimeter.cpp:349) on array 'towers' [378]  (1.203 ns)

 <State 45>: 1.948ns
The critical path consists of the following:
	'load' operation 12 bit ('towers_load_33', ./calorimeter.h:187->calorimeter.cpp:349) on array 'towers' [380]  (1.203 ns)
	'add' operation 13 bit ('add_ln352_1', calorimeter.cpp:352) [475]  (0.745 ns)

 <State 46>: 1.203ns
The critical path consists of the following:
	'load' operation 12 bit ('towers_load_34', ./calorimeter.h:187->calorimeter.cpp:349) on array 'towers' [382]  (1.203 ns)

 <State 47>: 1.948ns
The critical path consists of the following:
	'load' operation 12 bit ('towers_load_35', ./calorimeter.h:187->calorimeter.cpp:349) on array 'towers' [384]  (1.203 ns)
	'add' operation 13 bit ('add_ln352_3', calorimeter.cpp:352) [478]  (0.745 ns)

 <State 48>: 1.203ns
The critical path consists of the following:
	'load' operation 12 bit ('towers_load_36', ./calorimeter.h:187->calorimeter.cpp:349) on array 'towers' [386]  (1.203 ns)

 <State 49>: 1.203ns
The critical path consists of the following:
	'load' operation 12 bit ('towers_load_37', ./calorimeter.h:187->calorimeter.cpp:349) on array 'towers' [388]  (1.203 ns)

 <State 50>: 7.274ns
The critical path consists of the following:
	'load' operation 12 bit ('towers_load_38', ./calorimeter.h:187->calorimeter.cpp:349) on array 'towers' [390]  (1.203 ns)
	'add' operation 13 bit ('add_ln352_4', calorimeter.cpp:352) [480]  (0.745 ns)
	'add' operation 14 bit ('add_ln352_5', calorimeter.cpp:352) [482]  (0.755 ns)
	'add' operation 15 bit ('add_ln352_6', calorimeter.cpp:352) [484]  (0.765 ns)
	'add' operation 18 bit ('ring7_et', calorimeter.cpp:352) [486]  (0.682 ns)
	'sub' operation 21 bit ('ring_lhs', ./calorimeter.h:257->calorimeter.cpp:355) [497]  (0.815 ns)
	'icmp' operation 1 bit ('icmp_ln260', ./calorimeter.h:260->calorimeter.cpp:355) [500]  (0.815 ns)
	'xor' operation 1 bit ('xor_ln260', ./calorimeter.h:260->calorimeter.cpp:355) [501]  (0.000 ns)
	'or' operation 1 bit ('or_ln260_2', ./calorimeter.h:260->calorimeter.cpp:355) [504]  (0.000 ns)
	'or' operation 1 bit ('or_ln260_3', ./calorimeter.h:260->calorimeter.cpp:355) [505]  (0.000 ns)
	'or' operation 1 bit ('or_ln260_4', ./calorimeter.h:260->calorimeter.cpp:355) [506]  (0.122 ns)
	'select' operation 16 bit ('candidate.et', ./calorimeter.h:260->calorimeter.cpp:355) [507]  (0.243 ns)
	fifo write operation ('write_ln363', calorimeter.cpp:363) on port 'em_cluster_stream' (calorimeter.cpp:363) [512]  (1.130 ns)


============================================================
+ Verbose Summary: Binding
============================================================
N/A
* FSMD analyzer results:
  - Output states:
 - Input state : 
  - Chain level:
	State 1
	State 2
	State 3
	State 4
	State 5
	State 6
	State 7
	State 8
	State 9
	State 10
	State 11
	State 12
	State 13
	State 14
	State 15
	State 16
	State 17
	State 18
	State 19
	State 20
	State 21
	State 22
	State 23
	State 24
	State 25
	State 26
	State 27
	State 28
	State 29
	State 30
	State 31
	State 32
	State 33
	State 34
	State 35
	State 36
	State 37
	State 38
	State 39
	State 40
	State 41
	State 42
	State 43
	State 44
	State 45
	State 46
	State 47
	State 48
	State 49
	State 50


============================================================
+ Verbose Summary: Datapath Resource usage 
============================================================
N/A
