

================================================================
== Vitis HLS Report for 'produce_em_cluster_stream'
================================================================
* Date:           Tue May 12 22:45:35 2026

* Version:        2024.1 (Build 5069499 on May 21 2024)
* Project:        calorimeter
* Solution:       solution1 (Vivado IP Flow Target)
* Product family: virtexuplus
* Target device:  xcvu13p-fsga2577-2-e


================================================================
== Performance Estimates
================================================================
+ Timing: 
    * Summary: 
    +--------+----------+----------+------------+
    |  Clock |  Target  | Estimated| Uncertainty|
    +--------+----------+----------+------------+
    |ap_clk  |  25.00 ns|  7.274 ns|     6.75 ns|
    +--------+----------+----------+------------+

+ Latency: 
    * Summary: 
    +---------+---------+----------+----------+-------+-------+-----------------------------------------------+
    |  Latency (cycles) |  Latency (absolute) |    Interval   |                    Pipeline                   |
    |   min   |   max   |    min   |    max   |  min  |  max  |                      Type                     |
    +---------+---------+----------+----------+-------+-------+-----------------------------------------------+
    |    70562|    70562|  1.764 ms|  1.764 ms|  70561|  70561|  loop auto-rewind stp(delay=0 clock cycles(s))|
    +---------+---------+----------+----------+-------+-------+-----------------------------------------------+

    + Detail: 
        * Instance: 
        N/A

        * Loop: 
        +-------------------------------------+---------+---------+----------+-----------+-----------+------+----------+
        |                                     |  Latency (cycles) | Iteration|  Initiation Interval  | Trip |          |
        |              Loop Name              |   min   |   max   |  Latency |  achieved |   target  | Count| Pipelined|
        +-------------------------------------+---------+---------+----------+-----------+-----------+------+----------+
        |- VITIS_LOOP_328_1_VITIS_LOOP_329_2  |    70560|    70560|        50|         49|          1|  1440|       yes|
        +-------------------------------------+---------+---------+----------+-----------+-----------+------+----------+



================================================================
== Utilization Estimates
================================================================
* Summary: 
+---------------------+---------+-------+---------+---------+------+
|         Name        | BRAM_18K|  DSP  |    FF   |   LUT   | URAM |
+---------------------+---------+-------+---------+---------+------+
|DSP                  |        -|      -|        -|        -|     -|
|Expression           |        -|      -|        0|     3012|     -|
|FIFO                 |        -|      -|        -|        -|     -|
|Instance             |        -|      -|        -|        -|     -|
|Memory               |        -|      -|        -|        -|     -|
|Multiplexer          |        -|      -|        0|      542|     -|
|Register             |        -|      -|      745|        -|     -|
+---------------------+---------+-------+---------+---------+------+
|Total                |        0|      0|      745|     3554|     0|
+---------------------+---------+-------+---------+---------+------+
|Available SLR        |     1344|   3072|   864000|   432000|   320|
+---------------------+---------+-------+---------+---------+------+
|Utilization SLR (%)  |        0|      0|       ~0|       ~0|     0|
+---------------------+---------+-------+---------+---------+------+
|Available            |     5376|  12288|  3456000|  1728000|  1280|
+---------------------+---------+-------+---------+---------+------+
|Utilization (%)      |        0|      0|       ~0|       ~0|     0|
+---------------------+---------+-------+---------+---------+------+

+ Detail: 
    * Instance: 
    N/A

    * DSP: 
    N/A

    * Memory: 
    N/A

    * FIFO: 
    N/A

    * Expression: 
    +----------------------------+----------+----+---+----+------------+------------+
    |        Variable Name       | Operation| DSP| FF| LUT| Bitwidth P0| Bitwidth P1|
    +----------------------------+----------+----+---+----+------------+------------+
    |add_ln161_3_fu_1182_p2      |         +|   0|  0|  14|           7|           6|
    |add_ln161_4_fu_1667_p2      |         +|   0|  0|  14|           7|           6|
    |add_ln161_fu_762_p2         |         +|   0|  0|  14|           7|           6|
    |add_ln163_3_fu_1253_p2      |         +|   0|  0|  14|           7|           7|
    |add_ln163_4_fu_1940_p2      |         +|   0|  0|  14|           7|           7|
    |add_ln163_fu_811_p2         |         +|   0|  0|  14|           7|           7|
    |add_ln184_1_fu_1169_p2      |         +|   0|  0|  14|           7|           3|
    |add_ln184_2_fu_1929_p2      |         +|   0|  0|  13|           6|           2|
    |add_ln184_3_fu_1654_p2      |         +|   0|  0|  14|           7|           3|
    |add_ln184_fu_1242_p2        |         +|   0|  0|  13|           6|           2|
    |add_ln187_104_fu_1199_p2    |         +|   0|  0|  18|          11|          11|
    |add_ln187_105_fu_1274_p2    |         +|   0|  0|  18|          11|          11|
    |add_ln187_106_fu_1365_p2    |         +|   0|  0|  18|          11|          11|
    |add_ln187_107_fu_1383_p2    |         +|   0|  0|  18|          11|          11|
    |add_ln187_108_fu_1498_p2    |         +|   0|  0|  18|          11|          11|
    |add_ln187_109_fu_1575_p2    |         +|   0|  0|  18|          11|          11|
    |add_ln187_110_fu_1912_p2    |         +|   0|  0|  18|          11|          11|
    |add_ln187_111_fu_2262_p2    |         +|   0|  0|  18|          11|          11|
    |add_ln187_112_fu_1304_p2    |         +|   0|  0|  18|          11|          11|
    |add_ln187_113_fu_1374_p2    |         +|   0|  0|  18|          11|          11|
    |add_ln187_114_fu_1443_p2    |         +|   0|  0|  18|          11|          11|
    |add_ln187_115_fu_1538_p2    |         +|   0|  0|  18|          11|          11|
    |add_ln187_116_fu_1786_p2    |         +|   0|  0|  18|          11|          11|
    |add_ln187_117_fu_2267_p2    |         +|   0|  0|  18|          11|          11|
    |add_ln187_118_fu_1684_p2    |         +|   0|  0|  18|          11|          11|
    |add_ln187_119_fu_1961_p2    |         +|   0|  0|  18|          11|          11|
    |add_ln187_120_fu_1986_p2    |         +|   0|  0|  18|          11|          11|
    |add_ln187_121_fu_2040_p2    |         +|   0|  0|  18|          11|          11|
    |add_ln187_122_fu_2085_p2    |         +|   0|  0|  18|          11|          11|
    |add_ln187_123_fu_2117_p2    |         +|   0|  0|  18|          11|          11|
    |add_ln187_124_fu_2135_p2    |         +|   0|  0|  18|          11|          11|
    |add_ln187_125_fu_2272_p2    |         +|   0|  0|  18|          11|          11|
    |add_ln187_126_fu_1977_p2    |         +|   0|  0|  18|          11|          11|
    |add_ln187_127_fu_2022_p2    |         +|   0|  0|  18|          11|          11|
    |add_ln187_128_fu_2049_p2    |         +|   0|  0|  18|          11|          11|
    |add_ln187_129_fu_2094_p2    |         +|   0|  0|  18|          11|          11|
    |add_ln187_130_fu_2126_p2    |         +|   0|  0|  18|          11|          11|
    |add_ln187_131_fu_2277_p2    |         +|   0|  0|  18|          11|          11|
    |add_ln187_55_fu_1557_p2     |         +|   0|  0|  18|          11|          11|
    |add_ln187_56_fu_909_p2      |         +|   0|  0|  20|          13|          13|
    |add_ln187_57_fu_1857_p2     |         +|   0|  0|  18|          11|          11|
    |add_ln187_58_fu_1123_p2     |         +|   0|  0|  16|          15|          15|
    |add_ln187_59_fu_1129_p2     |         +|   0|  0|  20|          13|          13|
    |add_ln187_60_fu_1139_p2     |         +|   0|  0|  21|          14|          14|
    |add_ln187_61_fu_2247_p2     |         +|   0|  0|  18|          11|          11|
    |add_ln187_62_fu_1233_p2     |         +|   0|  0|  18|          11|          11|
    |add_ln187_63_fu_1323_p2     |         +|   0|  0|  20|          13|          13|
    |add_ln187_64_fu_1566_p2     |         +|   0|  0|  18|          11|          11|
    |add_ln187_65_fu_1411_p2     |         +|   0|  0|  16|          15|          15|
    |add_ln187_66_fu_1417_p2     |         +|   0|  0|  20|          13|          13|
    |add_ln187_67_fu_1427_p2     |         +|   0|  0|  21|          14|          14|
    |add_ln187_68_fu_1866_p2     |         +|   0|  0|  18|          11|          11|
    |add_ln187_69_fu_2252_p2     |         +|   0|  0|  18|          11|          11|
    |add_ln187_70_fu_1349_p2     |         +|   0|  0|  20|          13|          13|
    |add_ln187_71_fu_1215_p2     |         +|   0|  0|  18|          11|          11|
    |add_ln187_72_fu_1467_p2     |         +|   0|  0|  16|          15|          15|
    |add_ln187_73_fu_1473_p2     |         +|   0|  0|  20|          13|          13|
    |add_ln187_74_fu_1482_p2     |         +|   0|  0|  21|          14|          14|
    |add_ln187_75_fu_1548_p2     |         +|   0|  0|  18|          11|          11|
    |add_ln187_76_fu_1768_p2     |         +|   0|  0|  23|          16|          16|
    |add_ln187_77_fu_1774_p2     |         +|   0|  0|  20|          13|          13|
    |add_ln187_78_fu_1805_p2     |         +|   0|  0|  16|          16|          16|
    |add_ln187_79_fu_1780_p2     |         +|   0|  0|  20|          13|          13|
    |add_ln187_80_fu_1813_p2     |         +|   0|  0|  20|          13|          13|
    |add_ln187_81_fu_1822_p2     |         +|   0|  0|  21|          14|          14|
    |add_ln187_82_fu_1832_p2     |         +|   0|  0|  22|          15|          15|
    |add_ln187_83_fu_1848_p2     |         +|   0|  0|  18|          11|          11|
    |add_ln187_84_fu_1890_p2     |         +|   0|  0|  17|          17|          17|
    |add_ln187_85_fu_1896_p2     |         +|   0|  0|  20|          13|          13|
    |add_ln187_86_fu_1906_p2     |         +|   0|  0|  17|          17|          17|
    |add_ln187_87_fu_1971_p2     |         +|   0|  0|  20|          13|          13|
    |add_ln187_88_fu_2006_p2     |         +|   0|  0|  20|          13|          13|
    |add_ln187_89_fu_2016_p2     |         +|   0|  0|  21|          14|          14|
    |add_ln187_90_fu_2159_p2     |         +|   0|  0|  17|          17|          17|
    |add_ln187_91_fu_2035_p2     |         +|   0|  0|  20|          13|          13|
    |add_ln187_92_fu_2069_p2     |         +|   0|  0|  20|          13|          13|
    |add_ln187_93_fu_2079_p2     |         +|   0|  0|  21|          14|          14|
    |add_ln187_94_fu_2111_p2     |         +|   0|  0|  20|          13|          13|
    |add_ln187_95_fu_2170_p2     |         +|   0|  0|  20|          13|          13|
    |add_ln187_96_fu_2180_p2     |         +|   0|  0|  21|          14|          14|
    |add_ln187_97_fu_2190_p2     |         +|   0|  0|  22|          15|          15|
    |add_ln187_98_fu_2200_p2     |         +|   0|  0|  23|          16|          16|
    |add_ln187_99_fu_2257_p2     |         +|   0|  0|  18|          11|          11|
    |add_ln187_fu_1224_p2        |         +|   0|  0|  18|          11|          11|
    |add_ln213_fu_748_p2         |         +|   0|  0|  14|           7|           2|
    |add_ln216_48_fu_959_p2      |         +|   0|  0|  18|          11|          11|
    |add_ln216_49_fu_780_p2      |         +|   0|  0|  18|          11|          11|
    |add_ln216_50_fu_832_p2      |         +|   0|  0|  18|          11|          11|
    |add_ln216_51_fu_862_p2      |         +|   0|  0|  18|          11|          11|
    |add_ln216_52_fu_979_p2      |         +|   0|  0|  18|          11|          11|
    |add_ln216_53_fu_847_p2      |         +|   0|  0|  18|          11|          11|
    |add_ln216_54_fu_949_p2      |         +|   0|  0|  18|          11|          11|
    |add_ln216_fu_791_p2         |         +|   0|  0|  18|          11|          11|
    |add_ln328_1_fu_604_p2       |         +|   0|  0|  18|          11|           1|
    |add_ln328_2_fu_636_p2       |         +|   0|  0|  12|           5|           1|
    |add_ln328_fu_630_p2         |         +|   0|  0|  12|           5|           2|
    |add_ln342_fu_688_p2         |         +|   0|  0|  18|          11|          11|
    |add_ln351_1_fu_1704_p2      |         +|   0|  0|  20|          13|          13|
    |add_ln351_2_fu_1714_p2      |         +|   0|  0|  16|          16|          16|
    |add_ln351_3_fu_1720_p2      |         +|   0|  0|  20|          13|          13|
    |add_ln351_4_fu_1729_p2      |         +|   0|  0|  20|          13|          13|
    |add_ln351_5_fu_1739_p2      |         +|   0|  0|  21|          14|          14|
    |add_ln351_6_fu_1749_p2      |         +|   0|  0|  22|          15|          15|
    |add_ln351_fu_1698_p2        |         +|   0|  0|  23|          16|          16|
    |add_ln352_1_fu_2316_p2      |         +|   0|  0|  20|          13|          13|
    |add_ln352_2_fu_2367_p2      |         +|   0|  0|  18|          18|          18|
    |add_ln352_3_fu_2338_p2      |         +|   0|  0|  20|          13|          13|
    |add_ln352_4_fu_2375_p2      |         +|   0|  0|  20|          13|          13|
    |add_ln352_5_fu_2385_p2      |         +|   0|  0|  21|          14|          14|
    |add_ln352_6_fu_2395_p2      |         +|   0|  0|  22|          15|          15|
    |add_ln352_fu_2294_p2        |         +|   0|  0|  25|          18|          18|
    |core3_et_4_fu_919_p2        |         +|   0|  0|  21|          14|          14|
    |core3_et_5_fu_1149_p2       |         +|   0|  0|  16|          15|          15|
    |core3_et_6_fu_1159_p2       |         +|   0|  0|  23|          16|          16|
    |core3_et_fu_899_p2          |         +|   0|  0|  20|          13|          13|
    |empty_102_fu_1063_p2        |         +|   0|  0|  12|           5|           3|
    |empty_103_fu_1507_p2        |         +|   0|  0|  12|           5|           2|
    |empty_104_fu_1584_p2        |         +|   0|  0|  12|           5|           3|
    |empty_105_fu_2216_p2        |         +|   0|  0|  12|           5|           2|
    |empty_fu_709_p2             |         +|   0|  0|  12|           5|           2|
    |iso5_et_fu_1759_p2          |         +|   0|  0|  16|          16|          16|
    |phi_fu_800_p2               |         +|   0|  0|  13|           6|           1|
    |ring7_et_fu_2405_p2         |         +|   0|  0|  18|          18|          18|
    |sum5_et_1_fu_1313_p2        |         +|   0|  0|  20|          13|          13|
    |sum5_et_2_fu_1333_p2        |         +|   0|  0|  21|          14|          14|
    |sum5_et_3_fu_1437_p2        |         +|   0|  0|  16|          15|          15|
    |sum7_et_13_fu_1339_p2       |         +|   0|  0|  20|          13|          13|
    |sum7_et_14_fu_1359_p2       |         +|   0|  0|  21|          14|          14|
    |sum7_et_15_fu_1492_p2       |         +|   0|  0|  16|          15|          15|
    |sum7_et_16_fu_1842_p2       |         +|   0|  0|  16|          16|          16|
    |sum7_et_17_fu_2210_p2       |         +|   0|  0|  17|          17|          17|
    |iso_lhs_fu_2429_p2          |         -|   0|  0|  26|          19|          19|
    |ring_lhs_fu_2461_p2         |         -|   0|  0|  28|          21|          21|
    |sub_ln187_1_fu_1532_p2      |         -|   0|  0|  18|          11|          11|
    |sub_ln187_2_fu_1609_p2      |         -|   0|  0|  18|          11|          11|
    |sub_ln187_3_fu_2241_p2      |         -|   0|  0|  18|          11|          11|
    |sub_ln187_fu_1088_p2        |         -|   0|  0|  18|          11|          11|
    |sub_ln216_6_fu_943_p2       |         -|   0|  0|  18|          11|          11|
    |sub_ln216_fu_734_p2         |         -|   0|  0|  18|          11|          11|
    |sub_ln342_fu_678_p2         |         -|   0|  0|  18|          11|          11|
    |and_ln218_26_fu_1051_p2     |       and|   0|  0|   2|           1|           1|
    |and_ln218_58_fu_1023_p2     |       and|   0|  0|   2|           1|           1|
    |and_ln218_59_fu_1028_p2     |       and|   0|  0|   2|           1|           1|
    |and_ln218_60_fu_1034_p2     |       and|   0|  0|   2|           1|           1|
    |and_ln218_61_fu_1040_p2     |       and|   0|  0|   2|           1|           1|
    |and_ln218_62_fu_1046_p2     |       and|   0|  0|   2|           1|           1|
    |and_ln218_fu_1018_p2        |       and|   0|  0|   2|           1|           1|
    |ap_condition_1215           |       and|   0|  0|   2|           1|           1|
    |ap_condition_2950           |       and|   0|  0|   2|           1|           1|
    |ap_condition_2953           |       and|   0|  0|   2|           1|           1|
    |grp_fu_574_p2               |      icmp|   0|  0|  19|          12|          12|
    |icmp_ln162_3_fu_1247_p2     |      icmp|   0|  0|  13|           6|           4|
    |icmp_ln162_4_fu_1934_p2     |      icmp|   0|  0|  13|           6|           4|
    |icmp_ln162_fu_805_p2        |      icmp|   0|  0|  13|           6|           4|
    |icmp_ln218_48_fu_994_p2     |      icmp|   0|  0|  19|          12|          12|
    |icmp_ln218_49_fu_1006_p2    |      icmp|   0|  0|  19|          12|          12|
    |icmp_ln218_50_fu_871_p2     |      icmp|   0|  0|  19|          12|          12|
    |icmp_ln218_51_fu_877_p2     |      icmp|   0|  0|  19|          12|          12|
    |icmp_ln218_52_fu_1094_p2    |      icmp|   0|  0|  19|          12|          12|
    |icmp_ln220_fu_856_p2        |      icmp|   0|  0|  19|          12|          12|
    |icmp_ln250_fu_2467_p2       |      icmp|   0|  0|  26|          19|          19|
    |icmp_ln260_fu_2479_p2       |      icmp|   0|  0|  28|          21|          21|
    |icmp_ln328_fu_598_p2        |      icmp|   0|  0|  18|          11|          11|
    |icmp_ln329_fu_616_p2        |      icmp|   0|  0|  13|           6|           4|
    |icmp_ln344_fu_743_p2        |      icmp|   0|  0|  19|          12|          12|
    |icmp_ln354_fu_1210_p2       |      icmp|   0|  0|  27|          20|          20|
    |is_max_fu_968_p2            |      icmp|   0|  0|  19|          12|          12|
    |ap_block_pp0_stage0_01001   |        or|   0|  0|   2|           1|           1|
    |or_ln260_1_fu_2496_p2       |        or|   0|  0|   2|           1|           1|
    |or_ln260_2_fu_2501_p2       |        or|   0|  0|   2|           1|           1|
    |or_ln260_3_fu_2506_p2       |        or|   0|  0|   2|           1|           1|
    |or_ln260_4_fu_2511_p2       |        or|   0|  0|   2|           1|           1|
    |or_ln260_fu_2491_p2         |        or|   0|  0|   2|           1|           1|
    |candidate_et_fu_2517_p3     |    select|   0|  0|  16|           1|           1|
    |empty_106_fu_2534_p3        |    select|   0|  0|  16|           1|           1|
    |phi_idx_14_fu_820_p3        |    select|   0|  0|   7|           1|           7|
    |phi_idx_15_fu_1187_p3       |    select|   0|  0|   7|           1|           7|
    |phi_idx_16_fu_1262_p3       |    select|   0|  0|   7|           1|           7|
    |phi_idx_17_fu_1672_p3       |    select|   0|  0|   7|           1|           7|
    |phi_idx_18_fu_1949_p3       |    select|   0|  0|   7|           1|           7|
    |phi_idx_fu_768_p3           |    select|   0|  0|   7|           1|           7|
    |select_ln328_1_fu_642_p3    |    select|   0|  0|   5|           1|           5|
    |select_ln328_2_fu_650_p3    |    select|   0|  0|   5|           1|           5|
    |select_ln328_fu_622_p3      |    select|   0|  0|   6|           1|           1|
    |ap_enable_pp0               |       xor|   0|  0|   2|           1|           2|
    |candidate_valid_fu_2524_p2  |       xor|   0|  0|   2|           1|           2|
    |xor_ln218_36_fu_974_p2      |       xor|   0|  0|   2|           1|           2|
    |xor_ln218_37_fu_988_p2      |       xor|   0|  0|   2|           1|           2|
    |xor_ln218_38_fu_1000_p2     |       xor|   0|  0|   2|           1|           2|
    |xor_ln218_39_fu_1012_p2     |       xor|   0|  0|   2|           1|           2|
    |xor_ln218_fu_1057_p2        |       xor|   0|  0|   2|           2|           1|
    |xor_ln250_fu_2473_p2        |       xor|   0|  0|   2|           1|           2|
    |xor_ln260_fu_2485_p2        |       xor|   0|  0|   2|           1|           2|
    +----------------------------+----------+----+---+----+------------+------------+
    |Total                       |          |   0|  0|3012|        1916|        1900|
    +----------------------------+----------+----+---+----+------------+------------+

    * Multiplexer: 
    +--------------------------------------+-----+-----------+-----+-----------+
    |                 Name                 | LUT | Input Size| Bits| Total Bits|
    +--------------------------------------+-----+-----------+-----+-----------+
    |ap_NS_fsm                             |  217|         50|    1|         50|
    |ap_done_int                           |    9|          2|    1|          2|
    |ap_enable_reg_pp0_iter0               |    9|          2|    1|          2|
    |ap_enable_reg_pp0_iter0_reg           |    9|          2|    1|          2|
    |ap_enable_reg_pp0_iter1               |    9|          2|    1|          2|
    |ap_sig_allocacmp_eta_load             |    9|          2|    5|         10|
    |ap_sig_allocacmp_indvar_flatten_load  |    9|          2|   11|         22|
    |ap_sig_allocacmp_phi_idx_13_load      |    9|          2|    6|         12|
    |em_cluster_stream_blk_n               |    9|          2|    1|          2|
    |eta_fu_130                            |    9|          2|    5|         10|
    |indvar_flatten_fu_134                 |    9|          2|   11|         22|
    |phi_idx_13_fu_126                     |    9|          2|    6|         12|
    |real_start                            |    9|          2|    1|          2|
    |towers_Addr_A_orig                    |  217|         50|   32|       1600|
    +--------------------------------------+-----+-----------+-----+-----------+
    |Total                                 |  542|        124|   83|       1750|
    +--------------------------------------+-----+-----------+-----+-----------+

    * Register: 
    +---------------------------------+----+----+-----+-----------+
    |               Name              | FF | LUT| Bits| Const Bits|
    +---------------------------------+----+----+-----+-----------+
    |add_ln187_111_reg_3146           |  11|   0|   11|          0|
    |add_ln187_117_reg_3151           |  11|   0|   11|          0|
    |add_ln187_125_reg_3156           |  11|   0|   11|          0|
    |add_ln187_61_reg_3131            |  11|   0|   11|          0|
    |add_ln187_69_reg_3136            |  11|   0|   11|          0|
    |add_ln187_76_reg_2986            |  16|   0|   16|          0|
    |add_ln187_77_reg_2991            |  13|   0|   13|          0|
    |add_ln187_79_reg_2996            |  13|   0|   13|          0|
    |add_ln187_86_reg_3026            |  17|   0|   17|          0|
    |add_ln187_87_reg_3051            |  13|   0|   13|          0|
    |add_ln187_89_reg_3066            |  14|   0|   14|          0|
    |add_ln187_91_reg_3076            |  13|   0|   13|          0|
    |add_ln187_93_reg_3091            |  14|   0|   14|          0|
    |add_ln187_94_reg_3106            |  13|   0|   13|          0|
    |add_ln187_99_reg_3141            |  11|   0|   11|          0|
    |add_ln352_1_reg_3181             |  13|   0|   13|          0|
    |add_ln352_3_reg_3196             |  13|   0|   13|          0|
    |add_ln352_reg_3166               |  18|   0|   18|          0|
    |ap_CS_fsm                        |  49|   0|   49|          0|
    |ap_done_reg                      |   1|   0|    1|          0|
    |ap_enable_reg_pp0_iter0_reg      |   1|   0|    1|          0|
    |ap_enable_reg_pp0_iter1          |   1|   0|    1|          0|
    |cluster_threshold_read_reg_2581  |  20|   0|   20|          0|
    |core3_et_4_reg_2736              |  14|   0|   14|          0|
    |core3_et_6_reg_2786              |  16|   0|   16|          0|
    |eta_fu_130                       |   5|   0|    5|          0|
    |icmp_ln218_50_reg_2726           |   1|   0|    1|          0|
    |icmp_ln218_51_reg_2731           |   1|   0|    1|          0|
    |icmp_ln218_52_reg_2781           |   1|   0|    1|          0|
    |icmp_ln218_reg_2716              |   1|   0|    1|          0|
    |icmp_ln220_reg_2711              |   1|   0|    1|          0|
    |icmp_ln328_reg_2591              |   1|   0|    1|          0|
    |icmp_ln344_reg_2666              |   1|   0|    1|          0|
    |icmp_ln354_reg_2808              |   1|   0|    1|          0|
    |indvar_flatten_fu_134            |  11|   0|   11|          0|
    |iso5_et_reg_2979                 |  16|   0|   16|          0|
    |phi_idx_13_fu_126                |   6|   0|    6|          0|
    |reg_554                          |  12|   0|   12|          0|
    |reg_558                          |  12|   0|   12|          0|
    |reg_562                          |  12|   0|   12|          0|
    |reg_566                          |  12|   0|   12|          0|
    |reg_570                          |  12|   0|   12|          0|
    |seed_threshold_read_reg_2586     |  12|   0|   12|          0|
    |select_ln328_1_reg_2604          |   5|   0|    5|          0|
    |select_ln328_2_reg_2610          |   5|   0|    5|          0|
    |select_ln328_reg_2595            |   6|   0|    6|          0|
    |sext_ln187_1_reg_3036            |  11|   0|   11|          0|
    |sext_ln187_reg_2828              |  11|   0|   11|          0|
    |sext_ln216_reg_2691              |  11|   0|   11|          0|
    |start_once_reg                   |   1|   0|    1|          0|
    |sub_ln187_1_reg_2908             |   9|   0|   11|          2|
    |sub_ln187_2_reg_2949             |   9|   0|   11|          2|
    |sub_ln187_reg_2771               |   9|   0|   11|          2|
    |sub_ln216_6_reg_2741             |   9|   0|   11|          2|
    |sub_ln216_reg_2645               |   9|   0|   11|          2|
    |sub_ln342_reg_2620               |   9|   0|   11|          2|
    |sum5_et_2_reg_2853               |  14|   0|   14|          0|
    |sum5_et_3_reg_2883               |  15|   0|   15|          0|
    |sum7_et_14_reg_2858              |  14|   0|   14|          0|
    |sum7_et_15_reg_2898              |  15|   0|   15|          0|
    |sum7_et_16_reg_3006              |  16|   0|   16|          0|
    |sum7_et_17_reg_3126              |  17|   0|   17|          0|
    |towers_load_13_reg_2943          |  12|   0|   12|          0|
    |xor_ln218_reg_2766               |   1|   0|    1|          0|
    |zext_ln171_reg_2959              |  12|   0|   13|          1|
    |zext_ln187_113_reg_2793          |   7|   0|   11|          4|
    |zext_ln187_128_reg_2964          |   7|   0|   11|          4|
    |zext_ln187_21_reg_2843           |  12|   0|   13|          1|
    |zext_ln216_60_reg_2671           |   7|   0|   11|          4|
    |zext_ln329_reg_2655              |   6|   0|    7|          1|
    |zext_ln342_1_reg_2630            |   6|   0|   11|          5|
    |zext_ln348_7_reg_2878            |  12|   0|   13|          1|
    |zext_ln348_8_reg_2893            |  12|   0|   13|          1|
    +---------------------------------+----+----+-----+-----------+
    |Total                            | 745|   0|  779|         34|
    +---------------------------------+----+----+-----+-----------+



================================================================
== Interface
================================================================
* Summary: 
+----------------------------------+-----+-----+------------+---------------------------+--------------+
|             RTL Ports            | Dir | Bits|  Protocol  |       Source Object       |    C Type    |
+----------------------------------+-----+-----+------------+---------------------------+--------------+
|ap_clk                            |   in|    1|  ap_ctrl_hs|  produce_em_cluster_stream|  return value|
|ap_rst                            |   in|    1|  ap_ctrl_hs|  produce_em_cluster_stream|  return value|
|ap_start                          |   in|    1|  ap_ctrl_hs|  produce_em_cluster_stream|  return value|
|start_full_n                      |   in|    1|  ap_ctrl_hs|  produce_em_cluster_stream|  return value|
|ap_done                           |  out|    1|  ap_ctrl_hs|  produce_em_cluster_stream|  return value|
|ap_continue                       |   in|    1|  ap_ctrl_hs|  produce_em_cluster_stream|  return value|
|ap_idle                           |  out|    1|  ap_ctrl_hs|  produce_em_cluster_stream|  return value|
|ap_ready                          |  out|    1|  ap_ctrl_hs|  produce_em_cluster_stream|  return value|
|start_out                         |  out|    1|  ap_ctrl_hs|  produce_em_cluster_stream|  return value|
|start_write                       |  out|    1|  ap_ctrl_hs|  produce_em_cluster_stream|  return value|
|em_cluster_stream_din             |  out|   61|     ap_fifo|          em_cluster_stream|       pointer|
|em_cluster_stream_num_data_valid  |   in|    7|     ap_fifo|          em_cluster_stream|       pointer|
|em_cluster_stream_fifo_cap        |   in|    7|     ap_fifo|          em_cluster_stream|       pointer|
|em_cluster_stream_full_n          |   in|    1|     ap_fifo|          em_cluster_stream|       pointer|
|em_cluster_stream_write           |  out|    1|     ap_fifo|          em_cluster_stream|       pointer|
|towers_Addr_A                     |  out|   32|        bram|                     towers|         array|
|towers_EN_A                       |  out|    1|        bram|                     towers|         array|
|towers_WEN_A                      |  out|    2|        bram|                     towers|         array|
|towers_Din_A                      |  out|   16|        bram|                     towers|         array|
|towers_Dout_A                     |   in|   16|        bram|                     towers|         array|
|seed_threshold                    |   in|   12|     ap_none|             seed_threshold|        scalar|
|cluster_threshold                 |   in|   20|     ap_none|          cluster_threshold|        scalar|
+----------------------------------+-----+-----+------------+---------------------------+--------------+

============================================================
+ Verbose Summary: Synthesis Manager
============================================================
InlineROM: 1
ExposeGlobal: 0
============================================================
+ Verbose Summary: CDFG Model
============================================================
IsTopModel: 0
ResetActiveHigh: 1
IsCombinational: 2
IsDatapathOnly: 0
HasWiredReturn: 1
HasMFsm: 2
HasVarLatency: 1
IsPipeline: 0
IsRtlPipelined: 0
IsInstanceOverlapped: 0
IsDontTouch: 0
HasImplIP: 0
IsGatedGlobalClock: 0

+ Individual pipeline summary: 
  * Pipeline-0: initiation interval (II) = 49, depth = 50


============================================================
+ Verbose Summary: Schedule
============================================================
* Number of FSM states : 50
* Pipeline : 1
  Pipeline-0 : II = 49, D = 50, States = { 1 2 3 4 5 6 7 8 9 10 11 12 13 14 15 16 17 18 19 20 21 22 23 24 25 26 27 28 29 30 31 32 33 34 35 36 37 38 39 40 41 42 43 44 45 46 47 48 49 50 }
* Dataflow Pipeline: 0

* FSM state transitions: 
1 --> 2 
2 --> 3 
3 --> 4 
4 --> 5 
5 --> 6 
6 --> 7 
7 --> 8 
8 --> 9 
9 --> 10 
10 --> 11 
11 --> 12 
12 --> 13 
13 --> 14 
14 --> 15 
15 --> 16 
16 --> 17 
17 --> 18 
18 --> 19 
19 --> 20 
20 --> 21 
21 --> 22 
22 --> 23 
23 --> 24 
24 --> 25 
25 --> 26 
26 --> 27 
27 --> 28 
28 --> 29 
29 --> 30 
30 --> 31 
31 --> 32 
32 --> 33 
33 --> 34 
34 --> 35 
35 --> 36 
36 --> 37 
37 --> 38 
38 --> 39 
39 --> 40 
40 --> 41 
41 --> 42 
42 --> 43 
43 --> 44 
44 --> 45 
45 --> 46 
46 --> 47 
47 --> 48 
48 --> 49 
49 --> 50 
50 --> 

* FSM state operations: 

State 1 <SV = 0> <Delay = 4.04>
ST_1 : Operation 53 [1/1] (0.00ns)   --->   "%phi_idx_13 = alloca i32 1" [./calorimeter.h:184->calorimeter.cpp:349]   --->   Operation 53 'alloca' 'phi_idx_13' <Predicate = true> <Delay = 0.00>
ST_1 : Operation 54 [1/1] (0.00ns)   --->   "%eta = alloca i32 1" [calorimeter.cpp:328]   --->   Operation 54 'alloca' 'eta' <Predicate = true> <Delay = 0.00>
ST_1 : Operation 55 [1/1] (0.00ns)   --->   "%indvar_flatten = alloca i32 1"   --->   Operation 55 'alloca' 'indvar_flatten' <Predicate = true> <Delay = 0.00>
ST_1 : Operation 56 [1/1] (0.00ns)   --->   "%specshared_ln0 = specshared void @_ssdm_op_SpecShared, i12 %towers, void @p_str"   --->   Operation 56 'specshared' 'specshared_ln0' <Predicate = true> <Delay = 0.00>
ST_1 : Operation 57 [1/1] (0.00ns)   --->   "%specbindport_ln0 = specbindport void @_ssdm_op_SpecBindPort, i12 %towers, i32 0, void @p_str"   --->   Operation 57 'specbindport' 'specbindport_ln0' <Predicate = true> <Delay = 0.00>
ST_1 : Operation 58 [1/1] (0.00ns)   --->   "%specinterface_ln0 = specinterface void @_ssdm_op_SpecInterface, i61 %em_cluster_stream, void @empty_8, i32 0, i32 0, void @empty_14, i32 0, i32 0, void @empty_14, void @empty_14, void @empty_14, i32 0, i32 0, i32 0, i32 0, void @empty_14, void @empty_14, i32 4294967295, i32 0, i32 0"   --->   Operation 58 'specinterface' 'specinterface_ln0' <Predicate = true> <Delay = 0.00>
ST_1 : Operation 59 [1/1] (0.00ns)   --->   "%specinterface_ln0 = specinterface void @_ssdm_op_SpecInterface, i12 %towers, void @empty_13, i32 0, i32 0, void @empty_14, i32 4294967295, i32 0, void @empty_14, void @empty_14, void @empty_14, i32 0, i32 0, i32 0, i32 0, void @empty_14, void @empty_14, i32 4294967295, i32 0, i32 0"   --->   Operation 59 'specinterface' 'specinterface_ln0' <Predicate = true> <Delay = 0.00>
ST_1 : Operation 60 [1/1] (0.00ns)   --->   "%cluster_threshold_read = read i20 @_ssdm_op_Read.ap_auto.i20, i20 %cluster_threshold" [calorimeter.cpp:328]   --->   Operation 60 'read' 'cluster_threshold_read' <Predicate = true> <Delay = 0.00>
ST_1 : Operation 61 [1/1] (0.00ns)   --->   "%seed_threshold_read = read i12 @_ssdm_op_Read.ap_auto.i12, i12 %seed_threshold" [calorimeter.cpp:328]   --->   Operation 61 'read' 'seed_threshold_read' <Predicate = true> <Delay = 0.00>
ST_1 : Operation 62 [1/1] (0.38ns)   --->   "%store_ln0 = store i11 0, i11 %indvar_flatten"   --->   Operation 62 'store' 'store_ln0' <Predicate = true> <Delay = 0.38>
ST_1 : Operation 63 [1/1] (0.38ns)   --->   "%store_ln328 = store i5 3, i5 %eta" [calorimeter.cpp:328]   --->   Operation 63 'store' 'store_ln328' <Predicate = true> <Delay = 0.38>
ST_1 : Operation 64 [1/1] (0.38ns)   --->   "%store_ln184 = store i6 0, i6 %phi_idx_13" [./calorimeter.h:184->calorimeter.cpp:349]   --->   Operation 64 'store' 'store_ln184' <Predicate = true> <Delay = 0.38>
ST_1 : Operation 65 [1/1] (0.00ns)   --->   "%br_ln328 = br void %for.body4" [calorimeter.cpp:328]   --->   Operation 65 'br' 'br_ln328' <Predicate = true> <Delay = 0.00>
ST_1 : Operation 66 [1/1] (0.00ns)   --->   "%indvar_flatten_load = load i11 %indvar_flatten" [calorimeter.cpp:328]   --->   Operation 66 'load' 'indvar_flatten_load' <Predicate = true> <Delay = 0.00>
ST_1 : Operation 67 [1/1] (0.73ns)   --->   "%icmp_ln328 = icmp_eq  i11 %indvar_flatten_load, i11 1440" [calorimeter.cpp:328]   --->   Operation 67 'icmp' 'icmp_ln328' <Predicate = true> <Delay = 0.73> <CoreInst = "Cmp">   --->   Core 9 'Cmp' <Latency = 0> <II = 1> <Delay = 0.73> <FuncUnit> <Opcode : 'seteq' 'setne' 'setle' 'setge' 'setlt' 'setgt'> <InPorts = 2> <OutPorts = 1>
ST_1 : Operation 68 [1/1] (0.73ns)   --->   "%add_ln328_1 = add i11 %indvar_flatten_load, i11 1" [calorimeter.cpp:328]   --->   Operation 68 'add' 'add_ln328_1' <Predicate = true> <Delay = 0.73> <CoreInst = "Adder">   --->   Core 1 'Adder' <Latency = 0> <II = 1> <Delay = 0.73> <FuncUnit> <Opcode : 'add' 'sub'> <InPorts = 2> <OutPorts = 1>
ST_1 : Operation 69 [1/1] (0.00ns)   --->   "%br_ln328 = br i1 %icmp_ln328, void %for.inc27, void %for.end29" [calorimeter.cpp:328]   --->   Operation 69 'br' 'br_ln328' <Predicate = true> <Delay = 0.00>
ST_1 : Operation 70 [1/1] (0.00ns)   --->   "%phi_idx_13_load = load i6 %phi_idx_13" [calorimeter.cpp:329]   --->   Operation 70 'load' 'phi_idx_13_load' <Predicate = (!icmp_ln328)> <Delay = 0.00>
ST_1 : Operation 71 [1/1] (0.00ns)   --->   "%eta_load = load i5 %eta" [calorimeter.cpp:328]   --->   Operation 71 'load' 'eta_load' <Predicate = (!icmp_ln328)> <Delay = 0.00>
ST_1 : Operation 72 [1/1] (0.70ns)   --->   "%icmp_ln329 = icmp_eq  i6 %phi_idx_13_load, i6 60" [calorimeter.cpp:329]   --->   Operation 72 'icmp' 'icmp_ln329' <Predicate = (!icmp_ln328)> <Delay = 0.70> <CoreInst = "Cmp">   --->   Core 9 'Cmp' <Latency = 0> <II = 1> <Delay = 0.70> <FuncUnit> <Opcode : 'seteq' 'setne' 'setle' 'setge' 'setlt' 'setgt'> <InPorts = 2> <OutPorts = 1>
ST_1 : Operation 73 [1/1] (0.29ns)   --->   "%select_ln328 = select i1 %icmp_ln329, i6 0, i6 %phi_idx_13_load" [calorimeter.cpp:328]   --->   Operation 73 'select' 'select_ln328' <Predicate = (!icmp_ln328)> <Delay = 0.29> <CoreInst = "Sel">   --->   Core 73 'Sel' <Latency = 0> <II = 1> <Delay = 0.29> <FuncUnit> <Opcode : 'select'> <InPorts = 3> <OutPorts = 1>
ST_1 : Operation 74 [1/1] (0.70ns)   --->   "%add_ln328 = add i5 %eta_load, i5 2" [calorimeter.cpp:328]   --->   Operation 74 'add' 'add_ln328' <Predicate = (!icmp_ln328)> <Delay = 0.70> <CoreInst = "Adder">   --->   Core 1 'Adder' <Latency = 0> <II = 1> <Delay = 0.70> <FuncUnit> <Opcode : 'add' 'sub'> <InPorts = 2> <OutPorts = 1>
ST_1 : Operation 75 [1/1] (0.70ns)   --->   "%add_ln328_2 = add i5 %eta_load, i5 1" [calorimeter.cpp:328]   --->   Operation 75 'add' 'add_ln328_2' <Predicate = (!icmp_ln328)> <Delay = 0.70> <CoreInst = "Adder">   --->   Core 1 'Adder' <Latency = 0> <II = 1> <Delay = 0.70> <FuncUnit> <Opcode : 'add' 'sub'> <InPorts = 2> <OutPorts = 1>
ST_1 : Operation 76 [1/1] (0.27ns)   --->   "%select_ln328_1 = select i1 %icmp_ln329, i5 %add_ln328, i5 %add_ln328_2" [calorimeter.cpp:328]   --->   Operation 76 'select' 'select_ln328_1' <Predicate = (!icmp_ln328)> <Delay = 0.27> <CoreInst = "Sel">   --->   Core 73 'Sel' <Latency = 0> <II = 1> <Delay = 0.27> <FuncUnit> <Opcode : 'select'> <InPorts = 3> <OutPorts = 1>
ST_1 : Operation 77 [1/1] (0.27ns)   --->   "%select_ln328_2 = select i1 %icmp_ln329, i5 %add_ln328_2, i5 %eta_load" [calorimeter.cpp:328]   --->   Operation 77 'select' 'select_ln328_2' <Predicate = (!icmp_ln328)> <Delay = 0.27> <CoreInst = "Sel">   --->   Core 73 'Sel' <Latency = 0> <II = 1> <Delay = 0.27> <FuncUnit> <Opcode : 'select'> <InPorts = 3> <OutPorts = 1>
ST_1 : Operation 78 [1/1] (0.00ns)   --->   "%p_shl8 = bitconcatenate i11 @_ssdm_op_BitConcatenate.i11.i5.i6, i5 %select_ln328_2, i6 0" [calorimeter.cpp:342]   --->   Operation 78 'bitconcatenate' 'p_shl8' <Predicate = (!icmp_ln328)> <Delay = 0.00>
ST_1 : Operation 79 [1/1] (0.00ns)   --->   "%tmp = bitconcatenate i7 @_ssdm_op_BitConcatenate.i7.i5.i2, i5 %select_ln328_2, i2 0" [calorimeter.cpp:342]   --->   Operation 79 'bitconcatenate' 'tmp' <Predicate = (!icmp_ln328)> <Delay = 0.00>
ST_1 : Operation 80 [1/1] (0.00ns)   --->   "%zext_ln342 = zext i7 %tmp" [calorimeter.cpp:342]   --->   Operation 80 'zext' 'zext_ln342' <Predicate = (!icmp_ln328)> <Delay = 0.00>
ST_1 : Operation 81 [1/1] (0.73ns)   --->   "%sub_ln342 = sub i11 %p_shl8, i11 %zext_ln342" [calorimeter.cpp:342]   --->   Operation 81 'sub' 'sub_ln342' <Predicate = (!icmp_ln328)> <Delay = 0.73> <CoreInst = "Adder">   --->   Core 1 'Adder' <Latency = 0> <II = 1> <Delay = 0.73> <FuncUnit> <Opcode : 'add' 'sub'> <InPorts = 2> <OutPorts = 1>
ST_1 : Operation 82 [1/1] (0.00ns)   --->   "%zext_ln342_1 = zext i6 %select_ln328" [calorimeter.cpp:342]   --->   Operation 82 'zext' 'zext_ln342_1' <Predicate = (!icmp_ln328)> <Delay = 0.00>
ST_1 : Operation 83 [1/1] (0.73ns)   --->   "%add_ln342 = add i11 %sub_ln342, i11 %zext_ln342_1" [calorimeter.cpp:342]   --->   Operation 83 'add' 'add_ln342' <Predicate = (!icmp_ln328)> <Delay = 0.73> <CoreInst = "Adder">   --->   Core 1 'Adder' <Latency = 0> <II = 1> <Delay = 0.73> <FuncUnit> <Opcode : 'add' 'sub'> <InPorts = 2> <OutPorts = 1>
ST_1 : Operation 84 [1/1] (0.00ns)   --->   "%zext_ln342_2 = zext i11 %add_ln342" [calorimeter.cpp:342]   --->   Operation 84 'zext' 'zext_ln342_2' <Predicate = (!icmp_ln328)> <Delay = 0.00>
ST_1 : Operation 85 [1/1] (0.00ns)   --->   "%towers_addr = getelementptr i12 %towers, i64 0, i64 %zext_ln342_2" [calorimeter.cpp:342]   --->   Operation 85 'getelementptr' 'towers_addr' <Predicate = (!icmp_ln328)> <Delay = 0.00>
ST_1 : Operation 86 [2/2] (1.20ns)   --->   "%seed_et = load i11 %towers_addr" [calorimeter.cpp:342]   --->   Operation 86 'load' 'seed_et' <Predicate = (!icmp_ln328)> <Delay = 1.20> <CoreInst = "RAM">   --->   Core 82 'RAM' <Latency = 1> <II = 1> <Delay = 1.20> <Storage> <Opcode : 'load' 'store'> <Ports = 2> <Width = 12> <Depth = 1800> <RAM>
ST_1 : Operation 87 [1/1] (0.38ns)   --->   "%store_ln328 = store i11 %add_ln328_1, i11 %indvar_flatten" [calorimeter.cpp:328]   --->   Operation 87 'store' 'store_ln328' <Predicate = (!icmp_ln328)> <Delay = 0.38>
ST_1 : Operation 88 [1/1] (0.38ns)   --->   "%store_ln328 = store i5 %select_ln328_2, i5 %eta" [calorimeter.cpp:328]   --->   Operation 88 'store' 'store_ln328' <Predicate = (!icmp_ln328)> <Delay = 0.38>
ST_1 : Operation 612 [1/1] (0.38ns)   --->   "%ret_ln366 = ret" [calorimeter.cpp:366]   --->   Operation 612 'ret' 'ret_ln366' <Predicate = (icmp_ln328)> <Delay = 0.38>

State 2 <SV = 1> <Delay = 3.38>
ST_2 : Operation 89 [1/1] (0.70ns)   --->   "%empty = add i5 %select_ln328_2, i5 31" [calorimeter.cpp:328]   --->   Operation 89 'add' 'empty' <Predicate = (!icmp_ln328)> <Delay = 0.70> <CoreInst = "Adder">   --->   Core 1 'Adder' <Latency = 0> <II = 1> <Delay = 0.70> <FuncUnit> <Opcode : 'add' 'sub'> <InPorts = 2> <OutPorts = 1>
ST_2 : Operation 90 [1/1] (0.00ns)   --->   "%p_shl9 = bitconcatenate i11 @_ssdm_op_BitConcatenate.i11.i5.i6, i5 %empty, i6 0" [./calorimeter.h:216->calorimeter.cpp:345]   --->   Operation 90 'bitconcatenate' 'p_shl9' <Predicate = (!icmp_ln328)> <Delay = 0.00>
ST_2 : Operation 91 [1/1] (0.00ns)   --->   "%tmp_12 = bitconcatenate i7 @_ssdm_op_BitConcatenate.i7.i5.i2, i5 %empty, i2 0" [./calorimeter.h:216->calorimeter.cpp:345]   --->   Operation 91 'bitconcatenate' 'tmp_12' <Predicate = (!icmp_ln328)> <Delay = 0.00>
ST_2 : Operation 92 [1/1] (0.00ns)   --->   "%zext_ln216 = zext i7 %tmp_12" [./calorimeter.h:216->calorimeter.cpp:345]   --->   Operation 92 'zext' 'zext_ln216' <Predicate = (!icmp_ln328)> <Delay = 0.00>
ST_2 : Operation 93 [1/1] (0.73ns)   --->   "%sub_ln216 = sub i11 %p_shl9, i11 %zext_ln216" [./calorimeter.h:216->calorimeter.cpp:345]   --->   Operation 93 'sub' 'sub_ln216' <Predicate = (!icmp_ln328)> <Delay = 0.73> <CoreInst = "Adder">   --->   Core 1 'Adder' <Latency = 0> <II = 1> <Delay = 0.73> <FuncUnit> <Opcode : 'add' 'sub'> <InPorts = 2> <OutPorts = 1>
ST_2 : Operation 94 [1/1] (0.00ns)   --->   "%zext_ln329 = zext i6 %select_ln328" [calorimeter.cpp:329]   --->   Operation 94 'zext' 'zext_ln329' <Predicate = (!icmp_ln328)> <Delay = 0.00>
ST_2 : Operation 95 [1/2] (1.20ns)   --->   "%seed_et = load i11 %towers_addr" [calorimeter.cpp:342]   --->   Operation 95 'load' 'seed_et' <Predicate = (!icmp_ln328)> <Delay = 1.20> <CoreInst = "RAM">   --->   Core 82 'RAM' <Latency = 1> <II = 1> <Delay = 1.20> <Storage> <Opcode : 'load' 'store'> <Ports = 2> <Width = 12> <Depth = 1800> <RAM>
ST_2 : Operation 96 [1/1] (0.74ns)   --->   "%icmp_ln344 = icmp_ult  i12 %seed_et, i12 %seed_threshold_read" [calorimeter.cpp:344]   --->   Operation 96 'icmp' 'icmp_ln344' <Predicate = (!icmp_ln328)> <Delay = 0.74> <CoreInst = "Cmp">   --->   Core 9 'Cmp' <Latency = 0> <II = 1> <Delay = 0.74> <FuncUnit> <Opcode : 'seteq' 'setne' 'setle' 'setge' 'setlt' 'setgt'> <InPorts = 2> <OutPorts = 1>
ST_2 : Operation 97 [1/1] (0.70ns)   --->   "%add_ln213 = add i7 %zext_ln329, i7 127" [./calorimeter.h:213->calorimeter.cpp:345]   --->   Operation 97 'add' 'add_ln213' <Predicate = (!icmp_ln328)> <Delay = 0.70> <CoreInst = "Adder">   --->   Core 1 'Adder' <Latency = 0> <II = 1> <Delay = 0.70> <FuncUnit> <Opcode : 'add' 'sub'> <InPorts = 2> <OutPorts = 1>
ST_2 : Operation 98 [1/1] (0.00ns)   --->   "%tmp_18 = bitselect i1 @_ssdm_op_BitSelect.i1.i7.i32, i7 %add_ln213, i32 6" [./calorimeter.h:160->./calorimeter.h:213->calorimeter.cpp:345]   --->   Operation 98 'bitselect' 'tmp_18' <Predicate = (!icmp_ln328)> <Delay = 0.00>
ST_2 : Operation 99 [1/1] (0.70ns)   --->   "%add_ln161 = add i7 %zext_ln329, i7 59" [./calorimeter.h:161->./calorimeter.h:213->calorimeter.cpp:345]   --->   Operation 99 'add' 'add_ln161' <Predicate = (!icmp_ln328)> <Delay = 0.70> <CoreInst = "Adder">   --->   Core 1 'Adder' <Latency = 0> <II = 1> <Delay = 0.70> <FuncUnit> <Opcode : 'add' 'sub'> <InPorts = 2> <OutPorts = 1>
ST_2 : Operation 100 [1/1] (0.30ns)   --->   "%phi_idx = select i1 %tmp_18, i7 %add_ln161, i7 %add_ln213" [./calorimeter.h:160->./calorimeter.h:213->calorimeter.cpp:345]   --->   Operation 100 'select' 'phi_idx' <Predicate = (!icmp_ln328)> <Delay = 0.30> <CoreInst = "Sel">   --->   Core 73 'Sel' <Latency = 0> <II = 1> <Delay = 0.30> <FuncUnit> <Opcode : 'select'> <InPorts = 3> <OutPorts = 1>
ST_2 : Operation 101 [1/1] (0.00ns)   --->   "%zext_ln216_60 = zext i7 %phi_idx" [./calorimeter.h:216->calorimeter.cpp:345]   --->   Operation 101 'zext' 'zext_ln216_60' <Predicate = (!icmp_ln328)> <Delay = 0.00>
ST_2 : Operation 102 [1/1] (0.73ns)   --->   "%add_ln216_49 = add i11 %sub_ln216, i11 %zext_ln216_60" [./calorimeter.h:216->calorimeter.cpp:345]   --->   Operation 102 'add' 'add_ln216_49' <Predicate = (!icmp_ln328)> <Delay = 0.73> <CoreInst = "Adder">   --->   Core 1 'Adder' <Latency = 0> <II = 1> <Delay = 0.73> <FuncUnit> <Opcode : 'add' 'sub'> <InPorts = 2> <OutPorts = 1>
ST_2 : Operation 103 [1/1] (0.00ns)   --->   "%zext_ln216_61 = zext i11 %add_ln216_49" [./calorimeter.h:216->calorimeter.cpp:345]   --->   Operation 103 'zext' 'zext_ln216_61' <Predicate = (!icmp_ln328)> <Delay = 0.00>
ST_2 : Operation 104 [1/1] (0.00ns)   --->   "%towers_addr_52 = getelementptr i12 %towers, i64 0, i64 %zext_ln216_61" [./calorimeter.h:216->calorimeter.cpp:345]   --->   Operation 104 'getelementptr' 'towers_addr_52' <Predicate = (!icmp_ln328)> <Delay = 0.00>
ST_2 : Operation 105 [2/2] (1.20ns)   --->   "%neighbor = load i11 %towers_addr_52" [./calorimeter.h:216->calorimeter.cpp:345]   --->   Operation 105 'load' 'neighbor' <Predicate = (!icmp_ln328)> <Delay = 1.20> <CoreInst = "RAM">   --->   Core 82 'RAM' <Latency = 1> <II = 1> <Delay = 1.20> <Storage> <Opcode : 'load' 'store'> <Ports = 2> <Width = 12> <Depth = 1800> <RAM>

State 3 <SV = 2> <Delay = 1.93>
ST_3 : Operation 106 [1/1] (0.73ns)   --->   "%add_ln216 = add i11 %sub_ln216, i11 %zext_ln342_1" [./calorimeter.h:216->calorimeter.cpp:345]   --->   Operation 106 'add' 'add_ln216' <Predicate = (!icmp_ln328)> <Delay = 0.73> <CoreInst = "Adder">   --->   Core 1 'Adder' <Latency = 0> <II = 1> <Delay = 0.73> <FuncUnit> <Opcode : 'add' 'sub'> <InPorts = 2> <OutPorts = 1>
ST_3 : Operation 107 [1/1] (0.00ns)   --->   "%zext_ln216_58 = zext i11 %add_ln216" [./calorimeter.h:216->calorimeter.cpp:345]   --->   Operation 107 'zext' 'zext_ln216_58' <Predicate = (!icmp_ln328)> <Delay = 0.00>
ST_3 : Operation 108 [1/1] (0.00ns)   --->   "%towers_addr_49 = getelementptr i12 %towers, i64 0, i64 %zext_ln216_58" [./calorimeter.h:216->calorimeter.cpp:345]   --->   Operation 108 'getelementptr' 'towers_addr_49' <Predicate = (!icmp_ln328)> <Delay = 0.00>
ST_3 : Operation 109 [1/2] (1.20ns)   --->   "%neighbor = load i11 %towers_addr_52" [./calorimeter.h:216->calorimeter.cpp:345]   --->   Operation 109 'load' 'neighbor' <Predicate = (!icmp_ln328)> <Delay = 1.20> <CoreInst = "RAM">   --->   Core 82 'RAM' <Latency = 1> <II = 1> <Delay = 1.20> <Storage> <Opcode : 'load' 'store'> <Ports = 2> <Width = 12> <Depth = 1800> <RAM>
ST_3 : Operation 110 [2/2] (1.20ns)   --->   "%neighbor_48 = load i11 %towers_addr_49" [./calorimeter.h:216->calorimeter.cpp:345]   --->   Operation 110 'load' 'neighbor_48' <Predicate = (!icmp_ln328)> <Delay = 1.20> <CoreInst = "RAM">   --->   Core 82 'RAM' <Latency = 1> <II = 1> <Delay = 1.20> <Storage> <Opcode : 'load' 'store'> <Ports = 2> <Width = 12> <Depth = 1800> <RAM>

State 4 <SV = 3> <Delay = 3.65>
ST_4 : Operation 111 [1/2] (1.20ns)   --->   "%neighbor_48 = load i11 %towers_addr_49" [./calorimeter.h:216->calorimeter.cpp:345]   --->   Operation 111 'load' 'neighbor_48' <Predicate = (!icmp_ln328)> <Delay = 1.20> <CoreInst = "RAM">   --->   Core 82 'RAM' <Latency = 1> <II = 1> <Delay = 1.20> <Storage> <Opcode : 'load' 'store'> <Ports = 2> <Width = 12> <Depth = 1800> <RAM>
ST_4 : Operation 112 [1/1] (0.70ns)   --->   "%phi = add i6 %select_ln328, i6 1" [./calorimeter.h:213->calorimeter.cpp:345]   --->   Operation 112 'add' 'phi' <Predicate = (!icmp_ln328)> <Delay = 0.70> <CoreInst = "Adder">   --->   Core 1 'Adder' <Latency = 0> <II = 1> <Delay = 0.70> <FuncUnit> <Opcode : 'add' 'sub'> <InPorts = 2> <OutPorts = 1>
ST_4 : Operation 113 [1/1] (0.70ns)   --->   "%icmp_ln162 = icmp_ugt  i6 %phi, i6 59" [./calorimeter.h:162->./calorimeter.h:213->calorimeter.cpp:345]   --->   Operation 113 'icmp' 'icmp_ln162' <Predicate = (!icmp_ln328)> <Delay = 0.70> <CoreInst = "Cmp">   --->   Core 9 'Cmp' <Latency = 0> <II = 1> <Delay = 0.70> <FuncUnit> <Opcode : 'seteq' 'setne' 'setle' 'setge' 'setlt' 'setgt'> <InPorts = 2> <OutPorts = 1>
ST_4 : Operation 114 [1/1] (0.70ns)   --->   "%add_ln163 = add i7 %zext_ln329, i7 69" [./calorimeter.h:163->./calorimeter.h:213->calorimeter.cpp:345]   --->   Operation 114 'add' 'add_ln163' <Predicate = (!icmp_ln328)> <Delay = 0.70> <CoreInst = "Adder">   --->   Core 1 'Adder' <Latency = 0> <II = 1> <Delay = 0.70> <FuncUnit> <Opcode : 'add' 'sub'> <InPorts = 2> <OutPorts = 1>
ST_4 : Operation 115 [1/1] (0.00ns)   --->   "%zext_ln162 = zext i6 %phi" [./calorimeter.h:162->./calorimeter.h:213->calorimeter.cpp:345]   --->   Operation 115 'zext' 'zext_ln162' <Predicate = (!icmp_ln328)> <Delay = 0.00>
ST_4 : Operation 116 [1/1] (0.30ns)   --->   "%phi_idx_14 = select i1 %icmp_ln162, i7 %add_ln163, i7 %zext_ln162" [./calorimeter.h:162->./calorimeter.h:213->calorimeter.cpp:345]   --->   Operation 116 'select' 'phi_idx_14' <Predicate = (!icmp_ln328)> <Delay = 0.30> <CoreInst = "Sel">   --->   Core 73 'Sel' <Latency = 0> <II = 1> <Delay = 0.30> <FuncUnit> <Opcode : 'select'> <InPorts = 3> <OutPorts = 1>
ST_4 : Operation 117 [1/1] (0.00ns)   --->   "%sext_ln216 = sext i7 %phi_idx_14" [./calorimeter.h:216->calorimeter.cpp:345]   --->   Operation 117 'sext' 'sext_ln216' <Predicate = (!icmp_ln328)> <Delay = 0.00>
ST_4 : Operation 118 [1/1] (0.73ns)   --->   "%add_ln216_50 = add i11 %sub_ln216, i11 %sext_ln216" [./calorimeter.h:216->calorimeter.cpp:345]   --->   Operation 118 'add' 'add_ln216_50' <Predicate = (!icmp_ln328)> <Delay = 0.73> <CoreInst = "Adder">   --->   Core 1 'Adder' <Latency = 0> <II = 1> <Delay = 0.73> <FuncUnit> <Opcode : 'add' 'sub'> <InPorts = 2> <OutPorts = 1>
ST_4 : Operation 119 [1/1] (0.00ns)   --->   "%zext_ln216_62 = zext i11 %add_ln216_50" [./calorimeter.h:216->calorimeter.cpp:345]   --->   Operation 119 'zext' 'zext_ln216_62' <Predicate = (!icmp_ln328)> <Delay = 0.00>
ST_4 : Operation 120 [1/1] (0.00ns)   --->   "%towers_addr_54 = getelementptr i12 %towers, i64 0, i64 %zext_ln216_62" [./calorimeter.h:216->calorimeter.cpp:345]   --->   Operation 120 'getelementptr' 'towers_addr_54' <Predicate = (!icmp_ln328)> <Delay = 0.00>
ST_4 : Operation 121 [2/2] (1.20ns)   --->   "%neighbor_49 = load i11 %towers_addr_54" [./calorimeter.h:216->calorimeter.cpp:345]   --->   Operation 121 'load' 'neighbor_49' <Predicate = (!icmp_ln328)> <Delay = 1.20> <CoreInst = "RAM">   --->   Core 82 'RAM' <Latency = 1> <II = 1> <Delay = 1.20> <Storage> <Opcode : 'load' 'store'> <Ports = 2> <Width = 12> <Depth = 1800> <RAM>
ST_4 : Operation 122 [1/1] (0.38ns)   --->   "%store_ln184 = store i6 %phi, i6 %phi_idx_13" [./calorimeter.h:184->calorimeter.cpp:349]   --->   Operation 122 'store' 'store_ln184' <Predicate = (!icmp_ln328)> <Delay = 0.38>

State 5 <SV = 4> <Delay = 1.93>
ST_5 : Operation 123 [1/2] (1.20ns)   --->   "%neighbor_49 = load i11 %towers_addr_54" [./calorimeter.h:216->calorimeter.cpp:345]   --->   Operation 123 'load' 'neighbor_49' <Predicate = (!icmp_ln328)> <Delay = 1.20> <CoreInst = "RAM">   --->   Core 82 'RAM' <Latency = 1> <II = 1> <Delay = 1.20> <Storage> <Opcode : 'load' 'store'> <Ports = 2> <Width = 12> <Depth = 1800> <RAM>
ST_5 : Operation 124 [1/1] (0.73ns)   --->   "%add_ln216_53 = add i11 %sub_ln342, i11 %zext_ln216_60" [./calorimeter.h:216->calorimeter.cpp:345]   --->   Operation 124 'add' 'add_ln216_53' <Predicate = (!icmp_ln328)> <Delay = 0.73> <CoreInst = "Adder">   --->   Core 1 'Adder' <Latency = 0> <II = 1> <Delay = 0.73> <FuncUnit> <Opcode : 'add' 'sub'> <InPorts = 2> <OutPorts = 1>
ST_5 : Operation 125 [1/1] (0.00ns)   --->   "%zext_ln216_65 = zext i11 %add_ln216_53" [./calorimeter.h:216->calorimeter.cpp:345]   --->   Operation 125 'zext' 'zext_ln216_65' <Predicate = (!icmp_ln328)> <Delay = 0.00>
ST_5 : Operation 126 [1/1] (0.00ns)   --->   "%towers_addr_55 = getelementptr i12 %towers, i64 0, i64 %zext_ln216_65" [./calorimeter.h:216->calorimeter.cpp:345]   --->   Operation 126 'getelementptr' 'towers_addr_55' <Predicate = (!icmp_ln328)> <Delay = 0.00>
ST_5 : Operation 127 [2/2] (1.20ns)   --->   "%neighbor_50 = load i11 %towers_addr_55" [./calorimeter.h:216->calorimeter.cpp:345]   --->   Operation 127 'load' 'neighbor_50' <Predicate = (!icmp_ln328)> <Delay = 1.20> <CoreInst = "RAM">   --->   Core 82 'RAM' <Latency = 1> <II = 1> <Delay = 1.20> <Storage> <Opcode : 'load' 'store'> <Ports = 2> <Width = 12> <Depth = 1800> <RAM>

State 6 <SV = 5> <Delay = 2.70>
ST_6 : Operation 128 [1/1] (0.74ns)   --->   "%icmp_ln220 = icmp_ne  i12 %neighbor_48, i12 %seed_et" [./calorimeter.h:220->calorimeter.cpp:345]   --->   Operation 128 'icmp' 'icmp_ln220' <Predicate = (!icmp_ln328)> <Delay = 0.74> <CoreInst = "Cmp">   --->   Core 9 'Cmp' <Latency = 0> <II = 1> <Delay = 0.74> <FuncUnit> <Opcode : 'seteq' 'setne' 'setle' 'setge' 'setlt' 'setgt'> <InPorts = 2> <OutPorts = 1>
ST_6 : Operation 129 [1/1] (0.74ns)   --->   "%icmp_ln218 = icmp_ult  i12 %seed_et, i12 %neighbor_48" [./calorimeter.h:218->calorimeter.cpp:345]   --->   Operation 129 'icmp' 'icmp_ln218' <Predicate = (!icmp_ln328)> <Delay = 0.74> <CoreInst = "Cmp">   --->   Core 9 'Cmp' <Latency = 0> <II = 1> <Delay = 0.74> <FuncUnit> <Opcode : 'seteq' 'setne' 'setle' 'setge' 'setlt' 'setgt'> <InPorts = 2> <OutPorts = 1>
ST_6 : Operation 130 [1/1] (0.73ns)   --->   "%add_ln216_51 = add i11 %sub_ln342, i11 %sext_ln216" [./calorimeter.h:216->calorimeter.cpp:345]   --->   Operation 130 'add' 'add_ln216_51' <Predicate = (!icmp_ln328)> <Delay = 0.73> <CoreInst = "Adder">   --->   Core 1 'Adder' <Latency = 0> <II = 1> <Delay = 0.73> <FuncUnit> <Opcode : 'add' 'sub'> <InPorts = 2> <OutPorts = 1>
ST_6 : Operation 131 [1/1] (0.00ns)   --->   "%zext_ln216_63 = zext i11 %add_ln216_51" [./calorimeter.h:216->calorimeter.cpp:345]   --->   Operation 131 'zext' 'zext_ln216_63' <Predicate = (!icmp_ln328)> <Delay = 0.00>
ST_6 : Operation 132 [1/1] (0.00ns)   --->   "%towers_addr_56 = getelementptr i12 %towers, i64 0, i64 %zext_ln216_63" [./calorimeter.h:216->calorimeter.cpp:345]   --->   Operation 132 'getelementptr' 'towers_addr_56' <Predicate = (!icmp_ln328)> <Delay = 0.00>
ST_6 : Operation 133 [1/2] (1.20ns)   --->   "%neighbor_50 = load i11 %towers_addr_55" [./calorimeter.h:216->calorimeter.cpp:345]   --->   Operation 133 'load' 'neighbor_50' <Predicate = (!icmp_ln328)> <Delay = 1.20> <CoreInst = "RAM">   --->   Core 82 'RAM' <Latency = 1> <II = 1> <Delay = 1.20> <Storage> <Opcode : 'load' 'store'> <Ports = 2> <Width = 12> <Depth = 1800> <RAM>
ST_6 : Operation 134 [2/2] (1.20ns)   --->   "%neighbor_51 = load i11 %towers_addr_56" [./calorimeter.h:216->calorimeter.cpp:345]   --->   Operation 134 'load' 'neighbor_51' <Predicate = (!icmp_ln328)> <Delay = 1.20> <CoreInst = "RAM">   --->   Core 82 'RAM' <Latency = 1> <II = 1> <Delay = 1.20> <Storage> <Opcode : 'load' 'store'> <Ports = 2> <Width = 12> <Depth = 1800> <RAM>
ST_6 : Operation 135 [1/1] (0.74ns)   --->   "%icmp_ln218_50 = icmp_ult  i12 %neighbor_49, i12 %seed_et" [./calorimeter.h:218->calorimeter.cpp:345]   --->   Operation 135 'icmp' 'icmp_ln218_50' <Predicate = (!icmp_ln328)> <Delay = 0.74> <CoreInst = "Cmp">   --->   Core 9 'Cmp' <Latency = 0> <II = 1> <Delay = 0.74> <FuncUnit> <Opcode : 'seteq' 'setne' 'setle' 'setge' 'setlt' 'setgt'> <InPorts = 2> <OutPorts = 1>
ST_6 : Operation 136 [1/1] (0.74ns)   --->   "%icmp_ln218_51 = icmp_ult  i12 %neighbor_50, i12 %seed_et" [./calorimeter.h:218->calorimeter.cpp:345]   --->   Operation 136 'icmp' 'icmp_ln218_51' <Predicate = (!icmp_ln328)> <Delay = 0.74> <CoreInst = "Cmp">   --->   Core 9 'Cmp' <Latency = 0> <II = 1> <Delay = 0.74> <FuncUnit> <Opcode : 'seteq' 'setne' 'setle' 'setge' 'setlt' 'setgt'> <InPorts = 2> <OutPorts = 1>
ST_6 : Operation 137 [1/1] (0.00ns)   --->   "%zext_ln347 = zext i12 %neighbor_48" [calorimeter.cpp:347]   --->   Operation 137 'zext' 'zext_ln347' <Predicate = (!icmp_ln328)> <Delay = 0.00>
ST_6 : Operation 138 [1/1] (0.00ns)   --->   "%zext_ln183 = zext i12 %neighbor_49" [./calorimeter.h:183->calorimeter.cpp:347]   --->   Operation 138 'zext' 'zext_ln183' <Predicate = (!icmp_ln328)> <Delay = 0.00>
ST_6 : Operation 139 [1/1] (0.00ns)   --->   "%zext_ln347_1 = zext i12 %neighbor_50" [calorimeter.cpp:347]   --->   Operation 139 'zext' 'zext_ln347_1' <Predicate = (!icmp_ln328)> <Delay = 0.00>
ST_6 : Operation 140 [1/1] (0.00ns)   --->   "%zext_ln347_2 = zext i12 %seed_et" [calorimeter.cpp:347]   --->   Operation 140 'zext' 'zext_ln347_2' <Predicate = (!icmp_ln328)> <Delay = 0.00>
ST_6 : Operation 141 [1/1] (0.74ns)   --->   "%core3_et = add i13 %zext_ln347, i13 %zext_ln347_2" [./calorimeter.h:187->calorimeter.cpp:347]   --->   Operation 141 'add' 'core3_et' <Predicate = (!icmp_ln328)> <Delay = 0.74> <CoreInst = "Adder">   --->   Core 1 'Adder' <Latency = 0> <II = 1> <Delay = 0.75> <FuncUnit> <Opcode : 'add' 'sub'> <InPorts = 2> <OutPorts = 1>
ST_6 : Operation 142 [1/1] (0.00ns)   --->   "%zext_ln187_16 = zext i13 %core3_et" [./calorimeter.h:187->calorimeter.cpp:347]   --->   Operation 142 'zext' 'zext_ln187_16' <Predicate = (!icmp_ln328)> <Delay = 0.00>
ST_6 : Operation 143 [1/1] (0.74ns)   --->   "%add_ln187_56 = add i13 %zext_ln183, i13 %zext_ln347_1" [./calorimeter.h:187->calorimeter.cpp:347]   --->   Operation 143 'add' 'add_ln187_56' <Predicate = (!icmp_ln328)> <Delay = 0.74> <CoreInst = "Adder">   --->   Core 1 'Adder' <Latency = 0> <II = 1> <Delay = 0.75> <FuncUnit> <Opcode : 'add' 'sub'> <InPorts = 2> <OutPorts = 1>
ST_6 : Operation 144 [1/1] (0.00ns)   --->   "%zext_ln187_52 = zext i13 %add_ln187_56" [./calorimeter.h:187->calorimeter.cpp:347]   --->   Operation 144 'zext' 'zext_ln187_52' <Predicate = (!icmp_ln328)> <Delay = 0.00>
ST_6 : Operation 145 [1/1] (0.75ns)   --->   "%core3_et_4 = add i14 %zext_ln187_52, i14 %zext_ln187_16" [./calorimeter.h:187->calorimeter.cpp:347]   --->   Operation 145 'add' 'core3_et_4' <Predicate = (!icmp_ln328)> <Delay = 0.75> <CoreInst = "Adder">   --->   Core 1 'Adder' <Latency = 0> <II = 1> <Delay = 0.76> <FuncUnit> <Opcode : 'add' 'sub'> <InPorts = 2> <OutPorts = 1>

State 7 <SV = 6> <Delay = 2.67>
ST_7 : Operation 146 [1/1] (0.00ns)   --->   "%p_shl10 = bitconcatenate i11 @_ssdm_op_BitConcatenate.i11.i5.i6, i5 %select_ln328_1, i6 0" [./calorimeter.h:216->calorimeter.cpp:345]   --->   Operation 146 'bitconcatenate' 'p_shl10' <Predicate = (!icmp_ln328)> <Delay = 0.00>
ST_7 : Operation 147 [1/1] (0.00ns)   --->   "%tmp_13 = bitconcatenate i7 @_ssdm_op_BitConcatenate.i7.i5.i2, i5 %select_ln328_1, i2 0" [./calorimeter.h:216->calorimeter.cpp:345]   --->   Operation 147 'bitconcatenate' 'tmp_13' <Predicate = (!icmp_ln328)> <Delay = 0.00>
ST_7 : Operation 148 [1/1] (0.00ns)   --->   "%zext_ln216_57 = zext i7 %tmp_13" [./calorimeter.h:216->calorimeter.cpp:345]   --->   Operation 148 'zext' 'zext_ln216_57' <Predicate = (!icmp_ln328)> <Delay = 0.00>
ST_7 : Operation 149 [1/1] (0.73ns)   --->   "%sub_ln216_6 = sub i11 %p_shl10, i11 %zext_ln216_57" [./calorimeter.h:216->calorimeter.cpp:345]   --->   Operation 149 'sub' 'sub_ln216_6' <Predicate = (!icmp_ln328)> <Delay = 0.73> <CoreInst = "Adder">   --->   Core 1 'Adder' <Latency = 0> <II = 1> <Delay = 0.73> <FuncUnit> <Opcode : 'add' 'sub'> <InPorts = 2> <OutPorts = 1>
ST_7 : Operation 150 [1/1] (0.73ns)   --->   "%add_ln216_54 = add i11 %sub_ln216_6, i11 %zext_ln216_60" [./calorimeter.h:216->calorimeter.cpp:345]   --->   Operation 150 'add' 'add_ln216_54' <Predicate = (!icmp_ln328)> <Delay = 0.73> <CoreInst = "Adder">   --->   Core 1 'Adder' <Latency = 0> <II = 1> <Delay = 0.73> <FuncUnit> <Opcode : 'add' 'sub'> <InPorts = 2> <OutPorts = 1>
ST_7 : Operation 151 [1/1] (0.00ns)   --->   "%zext_ln216_66 = zext i11 %add_ln216_54" [./calorimeter.h:216->calorimeter.cpp:345]   --->   Operation 151 'zext' 'zext_ln216_66' <Predicate = (!icmp_ln328)> <Delay = 0.00>
ST_7 : Operation 152 [1/1] (0.00ns)   --->   "%towers_addr_57 = getelementptr i12 %towers, i64 0, i64 %zext_ln216_66" [./calorimeter.h:216->calorimeter.cpp:345]   --->   Operation 152 'getelementptr' 'towers_addr_57' <Predicate = (!icmp_ln328)> <Delay = 0.00>
ST_7 : Operation 153 [1/2] (1.20ns)   --->   "%neighbor_51 = load i11 %towers_addr_56" [./calorimeter.h:216->calorimeter.cpp:345]   --->   Operation 153 'load' 'neighbor_51' <Predicate = (!icmp_ln328)> <Delay = 1.20> <CoreInst = "RAM">   --->   Core 82 'RAM' <Latency = 1> <II = 1> <Delay = 1.20> <Storage> <Opcode : 'load' 'store'> <Ports = 2> <Width = 12> <Depth = 1800> <RAM>
ST_7 : Operation 154 [2/2] (1.20ns)   --->   "%neighbor_52 = load i11 %towers_addr_57" [./calorimeter.h:216->calorimeter.cpp:345]   --->   Operation 154 'load' 'neighbor_52' <Predicate = (!icmp_ln328)> <Delay = 1.20> <CoreInst = "RAM">   --->   Core 82 'RAM' <Latency = 1> <II = 1> <Delay = 1.20> <Storage> <Opcode : 'load' 'store'> <Ports = 2> <Width = 12> <Depth = 1800> <RAM>

State 8 <SV = 7> <Delay = 1.93>
ST_8 : Operation 155 [1/1] (0.73ns)   --->   "%add_ln216_48 = add i11 %sub_ln216_6, i11 %zext_ln342_1" [./calorimeter.h:216->calorimeter.cpp:345]   --->   Operation 155 'add' 'add_ln216_48' <Predicate = (!icmp_ln328)> <Delay = 0.73> <CoreInst = "Adder">   --->   Core 1 'Adder' <Latency = 0> <II = 1> <Delay = 0.73> <FuncUnit> <Opcode : 'add' 'sub'> <InPorts = 2> <OutPorts = 1>
ST_8 : Operation 156 [1/1] (0.00ns)   --->   "%zext_ln216_59 = zext i11 %add_ln216_48" [./calorimeter.h:216->calorimeter.cpp:345]   --->   Operation 156 'zext' 'zext_ln216_59' <Predicate = (!icmp_ln328)> <Delay = 0.00>
ST_8 : Operation 157 [1/1] (0.00ns)   --->   "%towers_addr_50 = getelementptr i12 %towers, i64 0, i64 %zext_ln216_59" [./calorimeter.h:216->calorimeter.cpp:345]   --->   Operation 157 'getelementptr' 'towers_addr_50' <Predicate = (!icmp_ln328)> <Delay = 0.00>
ST_8 : Operation 158 [1/2] (1.20ns)   --->   "%neighbor_52 = load i11 %towers_addr_57" [./calorimeter.h:216->calorimeter.cpp:345]   --->   Operation 158 'load' 'neighbor_52' <Predicate = (!icmp_ln328)> <Delay = 1.20> <CoreInst = "RAM">   --->   Core 82 'RAM' <Latency = 1> <II = 1> <Delay = 1.20> <Storage> <Opcode : 'load' 'store'> <Ports = 2> <Width = 12> <Depth = 1800> <RAM>
ST_8 : Operation 159 [2/2] (1.20ns)   --->   "%neighbor_53 = load i11 %towers_addr_50" [./calorimeter.h:216->calorimeter.cpp:345]   --->   Operation 159 'load' 'neighbor_53' <Predicate = (!icmp_ln328)> <Delay = 1.20> <CoreInst = "RAM">   --->   Core 82 'RAM' <Latency = 1> <II = 1> <Delay = 1.20> <Storage> <Opcode : 'load' 'store'> <Ports = 2> <Width = 12> <Depth = 1800> <RAM>

State 9 <SV = 8> <Delay = 2.19>
ST_9 : Operation 160 [1/1] (0.74ns)   --->   "%is_max = icmp_ult  i12 %neighbor, i12 %seed_et" [./calorimeter.h:218->calorimeter.cpp:345]   --->   Operation 160 'icmp' 'is_max' <Predicate = (!icmp_ln328)> <Delay = 0.74> <CoreInst = "Cmp">   --->   Core 9 'Cmp' <Latency = 0> <II = 1> <Delay = 0.74> <FuncUnit> <Opcode : 'seteq' 'setne' 'setle' 'setge' 'setlt' 'setgt'> <InPorts = 2> <OutPorts = 1>
ST_9 : Operation 161 [1/1] (0.00ns) (grouped into LUT with out node xor_ln218)   --->   "%xor_ln218_36 = xor i1 %icmp_ln218, i1 1" [./calorimeter.h:218->calorimeter.cpp:345]   --->   Operation 161 'xor' 'xor_ln218_36' <Predicate = (!icmp_ln328)> <Delay = 0.00> <CoreInst = "LogicGate">   --->   Core 74 'LogicGate' <Latency = 0> <II = 1> <Delay = 0.12> <FuncUnit> <Opcode : 'and' 'or' 'xor'> <InPorts = 2> <OutPorts = 1>
ST_9 : Operation 162 [1/1] (0.73ns)   --->   "%add_ln216_52 = add i11 %sub_ln216_6, i11 %sext_ln216" [./calorimeter.h:216->calorimeter.cpp:345]   --->   Operation 162 'add' 'add_ln216_52' <Predicate = (!icmp_ln328)> <Delay = 0.73> <CoreInst = "Adder">   --->   Core 1 'Adder' <Latency = 0> <II = 1> <Delay = 0.73> <FuncUnit> <Opcode : 'add' 'sub'> <InPorts = 2> <OutPorts = 1>
ST_9 : Operation 163 [1/1] (0.00ns)   --->   "%zext_ln216_64 = zext i11 %add_ln216_52" [./calorimeter.h:216->calorimeter.cpp:345]   --->   Operation 163 'zext' 'zext_ln216_64' <Predicate = (!icmp_ln328)> <Delay = 0.00>
ST_9 : Operation 164 [1/1] (0.00ns)   --->   "%towers_addr_59 = getelementptr i12 %towers, i64 0, i64 %zext_ln216_64" [./calorimeter.h:216->calorimeter.cpp:345]   --->   Operation 164 'getelementptr' 'towers_addr_59' <Predicate = (!icmp_ln328)> <Delay = 0.00>
ST_9 : Operation 165 [1/1] (0.74ns)   --->   "%icmp_ln218_47 = icmp_ult  i12 %seed_et, i12 %neighbor_51" [./calorimeter.h:218->calorimeter.cpp:345]   --->   Operation 165 'icmp' 'icmp_ln218_47' <Predicate = (!icmp_ln328)> <Delay = 0.74> <CoreInst = "Cmp">   --->   Core 9 'Cmp' <Latency = 0> <II = 1> <Delay = 0.74> <FuncUnit> <Opcode : 'seteq' 'setne' 'setle' 'setge' 'setlt' 'setgt'> <InPorts = 2> <OutPorts = 1>
ST_9 : Operation 166 [1/1] (0.00ns) (grouped into LUT with out node and_ln218_62)   --->   "%xor_ln218_37 = xor i1 %icmp_ln218_47, i1 1" [./calorimeter.h:218->calorimeter.cpp:345]   --->   Operation 166 'xor' 'xor_ln218_37' <Predicate = (!icmp_ln328)> <Delay = 0.00> <CoreInst = "LogicGate">   --->   Core 74 'LogicGate' <Latency = 0> <II = 1> <Delay = 0.12> <FuncUnit> <Opcode : 'and' 'or' 'xor'> <InPorts = 2> <OutPorts = 1>
ST_9 : Operation 167 [1/1] (0.74ns)   --->   "%icmp_ln218_48 = icmp_ult  i12 %seed_et, i12 %neighbor_52" [./calorimeter.h:218->calorimeter.cpp:345]   --->   Operation 167 'icmp' 'icmp_ln218_48' <Predicate = (!icmp_ln328)> <Delay = 0.74> <CoreInst = "Cmp">   --->   Core 9 'Cmp' <Latency = 0> <II = 1> <Delay = 0.74> <FuncUnit> <Opcode : 'seteq' 'setne' 'setle' 'setge' 'setlt' 'setgt'> <InPorts = 2> <OutPorts = 1>
ST_9 : Operation 168 [1/1] (0.00ns) (grouped into LUT with out node and_ln218_62)   --->   "%xor_ln218_38 = xor i1 %icmp_ln218_48, i1 1" [./calorimeter.h:218->calorimeter.cpp:345]   --->   Operation 168 'xor' 'xor_ln218_38' <Predicate = (!icmp_ln328)> <Delay = 0.00> <CoreInst = "LogicGate">   --->   Core 74 'LogicGate' <Latency = 0> <II = 1> <Delay = 0.12> <FuncUnit> <Opcode : 'and' 'or' 'xor'> <InPorts = 2> <OutPorts = 1>
ST_9 : Operation 169 [1/2] (1.20ns)   --->   "%neighbor_53 = load i11 %towers_addr_50" [./calorimeter.h:216->calorimeter.cpp:345]   --->   Operation 169 'load' 'neighbor_53' <Predicate = (!icmp_ln328)> <Delay = 1.20> <CoreInst = "RAM">   --->   Core 82 'RAM' <Latency = 1> <II = 1> <Delay = 1.20> <Storage> <Opcode : 'load' 'store'> <Ports = 2> <Width = 12> <Depth = 1800> <RAM>
ST_9 : Operation 170 [1/1] (0.74ns)   --->   "%icmp_ln218_49 = icmp_ult  i12 %seed_et, i12 %neighbor_53" [./calorimeter.h:218->calorimeter.cpp:345]   --->   Operation 170 'icmp' 'icmp_ln218_49' <Predicate = (!icmp_ln328)> <Delay = 0.74> <CoreInst = "Cmp">   --->   Core 9 'Cmp' <Latency = 0> <II = 1> <Delay = 0.74> <FuncUnit> <Opcode : 'seteq' 'setne' 'setle' 'setge' 'setlt' 'setgt'> <InPorts = 2> <OutPorts = 1>
ST_9 : Operation 171 [1/1] (0.00ns) (grouped into LUT with out node and_ln218_62)   --->   "%xor_ln218_39 = xor i1 %icmp_ln218_49, i1 1" [./calorimeter.h:218->calorimeter.cpp:345]   --->   Operation 171 'xor' 'xor_ln218_39' <Predicate = (!icmp_ln328)> <Delay = 0.00> <CoreInst = "LogicGate">   --->   Core 74 'LogicGate' <Latency = 0> <II = 1> <Delay = 0.12> <FuncUnit> <Opcode : 'and' 'or' 'xor'> <InPorts = 2> <OutPorts = 1>
ST_9 : Operation 172 [1/1] (0.00ns) (grouped into LUT with out node xor_ln218)   --->   "%and_ln218 = and i1 %is_max, i1 %icmp_ln220" [./calorimeter.h:218->calorimeter.cpp:345]   --->   Operation 172 'and' 'and_ln218' <Predicate = (!icmp_ln328)> <Delay = 0.00> <CoreInst = "LogicGate">   --->   Core 74 'LogicGate' <Latency = 0> <II = 1> <Delay = 0.12> <FuncUnit> <Opcode : 'and' 'or' 'xor'> <InPorts = 2> <OutPorts = 1>
ST_9 : Operation 173 [1/1] (0.00ns) (grouped into LUT with out node xor_ln218)   --->   "%and_ln218_58 = and i1 %icmp_ln218_50, i1 %xor_ln218_36" [./calorimeter.h:218->calorimeter.cpp:345]   --->   Operation 173 'and' 'and_ln218_58' <Predicate = (!icmp_ln328)> <Delay = 0.00> <CoreInst = "LogicGate">   --->   Core 74 'LogicGate' <Latency = 0> <II = 1> <Delay = 0.12> <FuncUnit> <Opcode : 'and' 'or' 'xor'> <InPorts = 2> <OutPorts = 1>
ST_9 : Operation 174 [1/1] (0.00ns) (grouped into LUT with out node xor_ln218)   --->   "%and_ln218_59 = and i1 %and_ln218_58, i1 %and_ln218" [./calorimeter.h:218->calorimeter.cpp:345]   --->   Operation 174 'and' 'and_ln218_59' <Predicate = (!icmp_ln328)> <Delay = 0.00> <CoreInst = "LogicGate">   --->   Core 74 'LogicGate' <Latency = 0> <II = 1> <Delay = 0.12> <FuncUnit> <Opcode : 'and' 'or' 'xor'> <InPorts = 2> <OutPorts = 1>
ST_9 : Operation 175 [1/1] (0.00ns) (grouped into LUT with out node and_ln218_62)   --->   "%and_ln218_60 = and i1 %xor_ln218_38, i1 %xor_ln218_39" [./calorimeter.h:218->calorimeter.cpp:345]   --->   Operation 175 'and' 'and_ln218_60' <Predicate = (!icmp_ln328)> <Delay = 0.00> <CoreInst = "LogicGate">   --->   Core 74 'LogicGate' <Latency = 0> <II = 1> <Delay = 0.12> <FuncUnit> <Opcode : 'and' 'or' 'xor'> <InPorts = 2> <OutPorts = 1>
ST_9 : Operation 176 [1/1] (0.00ns) (grouped into LUT with out node and_ln218_62)   --->   "%and_ln218_61 = and i1 %and_ln218_60, i1 %xor_ln218_37" [./calorimeter.h:218->calorimeter.cpp:345]   --->   Operation 176 'and' 'and_ln218_61' <Predicate = (!icmp_ln328)> <Delay = 0.00> <CoreInst = "LogicGate">   --->   Core 74 'LogicGate' <Latency = 0> <II = 1> <Delay = 0.12> <FuncUnit> <Opcode : 'and' 'or' 'xor'> <InPorts = 2> <OutPorts = 1>
ST_9 : Operation 177 [1/1] (0.12ns) (out node of the LUT)   --->   "%and_ln218_62 = and i1 %and_ln218_61, i1 %icmp_ln218_51" [./calorimeter.h:218->calorimeter.cpp:345]   --->   Operation 177 'and' 'and_ln218_62' <Predicate = (!icmp_ln328)> <Delay = 0.12> <CoreInst = "LogicGate">   --->   Core 74 'LogicGate' <Latency = 0> <II = 1> <Delay = 0.12> <FuncUnit> <Opcode : 'and' 'or' 'xor'> <InPorts = 2> <OutPorts = 1>
ST_9 : Operation 178 [1/1] (0.00ns) (grouped into LUT with out node xor_ln218)   --->   "%and_ln218_26 = and i1 %and_ln218_62, i1 %and_ln218_59" [./calorimeter.h:218->calorimeter.cpp:345]   --->   Operation 178 'and' 'and_ln218_26' <Predicate = (!icmp_ln328)> <Delay = 0.00> <CoreInst = "LogicGate">   --->   Core 74 'LogicGate' <Latency = 0> <II = 1> <Delay = 0.12> <FuncUnit> <Opcode : 'and' 'or' 'xor'> <InPorts = 2> <OutPorts = 1>
ST_9 : Operation 179 [2/2] (1.20ns)   --->   "%neighbor_54 = load i11 %towers_addr_59" [./calorimeter.h:216->calorimeter.cpp:345]   --->   Operation 179 'load' 'neighbor_54' <Predicate = (!icmp_ln328)> <Delay = 1.20> <CoreInst = "RAM">   --->   Core 82 'RAM' <Latency = 1> <II = 1> <Delay = 1.20> <Storage> <Opcode : 'load' 'store'> <Ports = 2> <Width = 12> <Depth = 1800> <RAM>
ST_9 : Operation 180 [1/1] (0.12ns) (out node of the LUT)   --->   "%xor_ln218 = xor i1 %and_ln218_26, i1 1" [./calorimeter.h:218->calorimeter.cpp:345]   --->   Operation 180 'xor' 'xor_ln218' <Predicate = (!icmp_ln328)> <Delay = 0.12> <CoreInst = "LogicGate">   --->   Core 74 'LogicGate' <Latency = 0> <II = 1> <Delay = 0.12> <FuncUnit> <Opcode : 'and' 'or' 'xor'> <InPorts = 2> <OutPorts = 1>

State 10 <SV = 9> <Delay = 4.98>
ST_10 : Operation 181 [1/1] (0.70ns)   --->   "%empty_102 = add i5 %select_ln328_2, i5 30" [calorimeter.cpp:328]   --->   Operation 181 'add' 'empty_102' <Predicate = (!icmp_ln328)> <Delay = 0.70> <CoreInst = "Adder">   --->   Core 1 'Adder' <Latency = 0> <II = 1> <Delay = 0.70> <FuncUnit> <Opcode : 'add' 'sub'> <InPorts = 2> <OutPorts = 1>
ST_10 : Operation 182 [1/1] (0.00ns)   --->   "%p_shl11 = bitconcatenate i11 @_ssdm_op_BitConcatenate.i11.i5.i6, i5 %empty_102, i6 0" [./calorimeter.h:187->calorimeter.cpp:348]   --->   Operation 182 'bitconcatenate' 'p_shl11' <Predicate = (!icmp_ln328)> <Delay = 0.00>
ST_10 : Operation 183 [1/1] (0.00ns)   --->   "%tmp_14 = bitconcatenate i7 @_ssdm_op_BitConcatenate.i7.i5.i2, i5 %empty_102, i2 0" [./calorimeter.h:187->calorimeter.cpp:348]   --->   Operation 183 'bitconcatenate' 'tmp_14' <Predicate = (!icmp_ln328)> <Delay = 0.00>
ST_10 : Operation 184 [1/1] (0.00ns)   --->   "%zext_ln187_97 = zext i7 %tmp_14" [./calorimeter.h:187->calorimeter.cpp:348]   --->   Operation 184 'zext' 'zext_ln187_97' <Predicate = (!icmp_ln328)> <Delay = 0.00>
ST_10 : Operation 185 [1/1] (0.73ns)   --->   "%sub_ln187 = sub i11 %p_shl11, i11 %zext_ln187_97" [./calorimeter.h:187->calorimeter.cpp:348]   --->   Operation 185 'sub' 'sub_ln187' <Predicate = (!icmp_ln328)> <Delay = 0.73> <CoreInst = "Adder">   --->   Core 1 'Adder' <Latency = 0> <II = 1> <Delay = 0.73> <FuncUnit> <Opcode : 'add' 'sub'> <InPorts = 2> <OutPorts = 1>
ST_10 : Operation 186 [1/2] (1.20ns)   --->   "%neighbor_54 = load i11 %towers_addr_59" [./calorimeter.h:216->calorimeter.cpp:345]   --->   Operation 186 'load' 'neighbor_54' <Predicate = (!icmp_ln328)> <Delay = 1.20> <CoreInst = "RAM">   --->   Core 82 'RAM' <Latency = 1> <II = 1> <Delay = 1.20> <Storage> <Opcode : 'load' 'store'> <Ports = 2> <Width = 12> <Depth = 1800> <RAM>
ST_10 : Operation 187 [1/1] (0.74ns)   --->   "%icmp_ln218_52 = icmp_ugt  i12 %neighbor_54, i12 %seed_et" [./calorimeter.h:218->calorimeter.cpp:345]   --->   Operation 187 'icmp' 'icmp_ln218_52' <Predicate = (!icmp_ln328)> <Delay = 0.74> <CoreInst = "Cmp">   --->   Core 9 'Cmp' <Latency = 0> <II = 1> <Delay = 0.74> <FuncUnit> <Opcode : 'seteq' 'setne' 'setle' 'setge' 'setlt' 'setgt'> <InPorts = 2> <OutPorts = 1>
ST_10 : Operation 188 [1/1] (0.00ns)   --->   "%zext_ln187 = zext i12 %neighbor" [./calorimeter.h:187->calorimeter.cpp:347]   --->   Operation 188 'zext' 'zext_ln187' <Predicate = (!icmp_ln328)> <Delay = 0.00>
ST_10 : Operation 189 [1/1] (0.00ns)   --->   "%zext_ln347_3 = zext i12 %neighbor_51" [calorimeter.cpp:347]   --->   Operation 189 'zext' 'zext_ln347_3' <Predicate = (!icmp_ln328)> <Delay = 0.00>
ST_10 : Operation 190 [1/1] (0.00ns)   --->   "%zext_ln187_50 = zext i12 %neighbor_52" [./calorimeter.h:187->calorimeter.cpp:347]   --->   Operation 190 'zext' 'zext_ln187_50' <Predicate = (!icmp_ln328)> <Delay = 0.00>
ST_10 : Operation 191 [1/1] (0.00ns)   --->   "%zext_ln187_51 = zext i12 %neighbor_53" [./calorimeter.h:187->calorimeter.cpp:347]   --->   Operation 191 'zext' 'zext_ln187_51' <Predicate = (!icmp_ln328)> <Delay = 0.00>
ST_10 : Operation 192 [1/1] (0.00ns)   --->   "%zext_ln187_17 = zext i14 %core3_et_4" [./calorimeter.h:187->calorimeter.cpp:347]   --->   Operation 192 'zext' 'zext_ln187_17' <Predicate = (!icmp_ln328)> <Delay = 0.00>
ST_10 : Operation 193 [1/1] (0.00ns)   --->   "%zext_ln187_53 = zext i12 %neighbor_54" [./calorimeter.h:187->calorimeter.cpp:347]   --->   Operation 193 'zext' 'zext_ln187_53' <Predicate = (!icmp_ln328)> <Delay = 0.00>
ST_10 : Operation 194 [1/1] (0.00ns) (grouped into TernaryAdder)   --->   "%add_ln187_58 = add i15 %zext_ln187_17, i15 %zext_ln347_3" [./calorimeter.h:187->calorimeter.cpp:347]   --->   Operation 194 'add' 'add_ln187_58' <Predicate = (!icmp_ln328)> <Delay = 0.00> <CoreInst = "TAddSub">   --->   Core 10 'TAddSub' <Latency = 0> <II = 1> <Delay = 0.33> <IPBlock> <Opcode : '' 'add' 'sub'> <InPorts = 3> <OutPorts = 1> <Sync> <CReg>
ST_10 : Operation 195 [1/1] (0.74ns)   --->   "%add_ln187_59 = add i13 %zext_ln187_51, i13 %zext_ln187_53" [./calorimeter.h:187->calorimeter.cpp:347]   --->   Operation 195 'add' 'add_ln187_59' <Predicate = (!icmp_ln328)> <Delay = 0.74> <CoreInst = "Adder">   --->   Core 1 'Adder' <Latency = 0> <II = 1> <Delay = 0.75> <FuncUnit> <Opcode : 'add' 'sub'> <InPorts = 2> <OutPorts = 1>
ST_10 : Operation 196 [1/1] (0.00ns)   --->   "%zext_ln187_54 = zext i13 %add_ln187_59" [./calorimeter.h:187->calorimeter.cpp:347]   --->   Operation 196 'zext' 'zext_ln187_54' <Predicate = (!icmp_ln328)> <Delay = 0.00>
ST_10 : Operation 197 [1/1] (0.75ns)   --->   "%add_ln187_60 = add i14 %zext_ln187_54, i14 %zext_ln187_50" [./calorimeter.h:187->calorimeter.cpp:347]   --->   Operation 197 'add' 'add_ln187_60' <Predicate = (!icmp_ln328)> <Delay = 0.75> <CoreInst = "Adder">   --->   Core 1 'Adder' <Latency = 0> <II = 1> <Delay = 0.76> <FuncUnit> <Opcode : 'add' 'sub'> <InPorts = 2> <OutPorts = 1>
ST_10 : Operation 198 [1/1] (0.00ns)   --->   "%zext_ln187_55 = zext i14 %add_ln187_60" [./calorimeter.h:187->calorimeter.cpp:347]   --->   Operation 198 'zext' 'zext_ln187_55' <Predicate = (!icmp_ln328)> <Delay = 0.00>
ST_10 : Operation 199 [1/1] (0.69ns) (root node of TernaryAdder)   --->   "%core3_et_5 = add i15 %zext_ln187_55, i15 %add_ln187_58" [./calorimeter.h:187->calorimeter.cpp:347]   --->   Operation 199 'add' 'core3_et_5' <Predicate = (!icmp_ln328)> <Delay = 0.69> <CoreInst = "TAddSub">   --->   Core 10 'TAddSub' <Latency = 0> <II = 1> <Delay = 0.33> <IPBlock> <Opcode : '' 'add' 'sub'> <InPorts = 3> <OutPorts = 1> <Sync> <CReg>
ST_10 : Operation 200 [1/1] (0.00ns)   --->   "%zext_ln187_19 = zext i15 %core3_et_5" [./calorimeter.h:187->calorimeter.cpp:347]   --->   Operation 200 'zext' 'zext_ln187_19' <Predicate = (!icmp_ln328)> <Delay = 0.00>
ST_10 : Operation 201 [1/1] (0.77ns)   --->   "%core3_et_6 = add i16 %zext_ln187_19, i16 %zext_ln187" [./calorimeter.h:187->calorimeter.cpp:347]   --->   Operation 201 'add' 'core3_et_6' <Predicate = (!icmp_ln328)> <Delay = 0.77> <CoreInst = "Adder">   --->   Core 1 'Adder' <Latency = 0> <II = 1> <Delay = 0.78> <FuncUnit> <Opcode : 'add' 'sub'> <InPorts = 2> <OutPorts = 1>
ST_10 : Operation 202 [1/1] (0.00ns)   --->   "%zext_ln347_4 = zext i16 %core3_et_6" [calorimeter.cpp:347]   --->   Operation 202 'zext' 'zext_ln347_4' <Predicate = (!icmp_ln328)> <Delay = 0.00>
ST_10 : Operation 203 [1/1] (0.70ns)   --->   "%add_ln184_1 = add i7 %zext_ln329, i7 126" [./calorimeter.h:184->calorimeter.cpp:348]   --->   Operation 203 'add' 'add_ln184_1' <Predicate = (!icmp_ln328)> <Delay = 0.70> <CoreInst = "Adder">   --->   Core 1 'Adder' <Latency = 0> <II = 1> <Delay = 0.70> <FuncUnit> <Opcode : 'add' 'sub'> <InPorts = 2> <OutPorts = 1>
ST_10 : Operation 204 [1/1] (0.00ns)   --->   "%tmp_19 = bitselect i1 @_ssdm_op_BitSelect.i1.i7.i32, i7 %add_ln184_1, i32 6" [./calorimeter.h:160->./calorimeter.h:184->calorimeter.cpp:348]   --->   Operation 204 'bitselect' 'tmp_19' <Predicate = (!icmp_ln328)> <Delay = 0.00>
ST_10 : Operation 205 [1/1] (0.70ns)   --->   "%add_ln161_3 = add i7 %zext_ln329, i7 58" [./calorimeter.h:161->./calorimeter.h:184->calorimeter.cpp:348]   --->   Operation 205 'add' 'add_ln161_3' <Predicate = (!icmp_ln328)> <Delay = 0.70> <CoreInst = "Adder">   --->   Core 1 'Adder' <Latency = 0> <II = 1> <Delay = 0.70> <FuncUnit> <Opcode : 'add' 'sub'> <InPorts = 2> <OutPorts = 1>
ST_10 : Operation 206 [1/1] (0.30ns)   --->   "%phi_idx_15 = select i1 %tmp_19, i7 %add_ln161_3, i7 %add_ln184_1" [./calorimeter.h:160->./calorimeter.h:184->calorimeter.cpp:348]   --->   Operation 206 'select' 'phi_idx_15' <Predicate = (!icmp_ln328)> <Delay = 0.30> <CoreInst = "Sel">   --->   Core 73 'Sel' <Latency = 0> <II = 1> <Delay = 0.30> <FuncUnit> <Opcode : 'select'> <InPorts = 3> <OutPorts = 1>
ST_10 : Operation 207 [1/1] (0.00ns)   --->   "%zext_ln187_113 = zext i7 %phi_idx_15" [./calorimeter.h:187->calorimeter.cpp:348]   --->   Operation 207 'zext' 'zext_ln187_113' <Predicate = (!icmp_ln328)> <Delay = 0.00>
ST_10 : Operation 208 [1/1] (0.73ns)   --->   "%add_ln187_104 = add i11 %sub_ln187, i11 %zext_ln187_113" [./calorimeter.h:187->calorimeter.cpp:348]   --->   Operation 208 'add' 'add_ln187_104' <Predicate = (!icmp_ln328)> <Delay = 0.73> <CoreInst = "Adder">   --->   Core 1 'Adder' <Latency = 0> <II = 1> <Delay = 0.73> <FuncUnit> <Opcode : 'add' 'sub'> <InPorts = 2> <OutPorts = 1>
ST_10 : Operation 209 [1/1] (0.00ns)   --->   "%zext_ln187_114 = zext i11 %add_ln187_104" [./calorimeter.h:187->calorimeter.cpp:348]   --->   Operation 209 'zext' 'zext_ln187_114' <Predicate = (!icmp_ln328)> <Delay = 0.00>
ST_10 : Operation 210 [1/1] (0.00ns)   --->   "%towers_addr_61 = getelementptr i12 %towers, i64 0, i64 %zext_ln187_114" [./calorimeter.h:187->calorimeter.cpp:348]   --->   Operation 210 'getelementptr' 'towers_addr_61' <Predicate = (!icmp_ln328)> <Delay = 0.00>
ST_10 : Operation 211 [2/2] (1.20ns)   --->   "%sum5_et = load i11 %towers_addr_61" [./calorimeter.h:187->calorimeter.cpp:348]   --->   Operation 211 'load' 'sum5_et' <Predicate = (!icmp_ln328)> <Delay = 1.20> <CoreInst = "RAM">   --->   Core 82 'RAM' <Latency = 1> <II = 1> <Delay = 1.20> <Storage> <Opcode : 'load' 'store'> <Ports = 2> <Width = 12> <Depth = 1800> <RAM>
ST_10 : Operation 212 [1/1] (0.80ns)   --->   "%icmp_ln354 = icmp_ult  i20 %zext_ln347_4, i20 %cluster_threshold_read" [calorimeter.cpp:354]   --->   Operation 212 'icmp' 'icmp_ln354' <Predicate = (!icmp_ln328)> <Delay = 0.80> <CoreInst = "Cmp">   --->   Core 9 'Cmp' <Latency = 0> <II = 1> <Delay = 0.80> <FuncUnit> <Opcode : 'seteq' 'setne' 'setle' 'setge' 'setlt' 'setgt'> <InPorts = 2> <OutPorts = 1>

State 11 <SV = 10> <Delay = 1.93>
ST_11 : Operation 213 [1/1] (0.73ns)   --->   "%add_ln187_71 = add i11 %sub_ln187, i11 %zext_ln216_60" [./calorimeter.h:187->calorimeter.cpp:348]   --->   Operation 213 'add' 'add_ln187_71' <Predicate = (!icmp_ln328)> <Delay = 0.73> <CoreInst = "Adder">   --->   Core 1 'Adder' <Latency = 0> <II = 1> <Delay = 0.73> <FuncUnit> <Opcode : 'add' 'sub'> <InPorts = 2> <OutPorts = 1>
ST_11 : Operation 214 [1/1] (0.00ns)   --->   "%zext_ln187_109 = zext i11 %add_ln187_71" [./calorimeter.h:187->calorimeter.cpp:348]   --->   Operation 214 'zext' 'zext_ln187_109' <Predicate = (!icmp_ln328)> <Delay = 0.00>
ST_11 : Operation 215 [1/1] (0.00ns)   --->   "%towers_addr_62 = getelementptr i12 %towers, i64 0, i64 %zext_ln187_109" [./calorimeter.h:187->calorimeter.cpp:348]   --->   Operation 215 'getelementptr' 'towers_addr_62' <Predicate = (!icmp_ln328)> <Delay = 0.00>
ST_11 : Operation 216 [1/2] (1.20ns)   --->   "%sum5_et = load i11 %towers_addr_61" [./calorimeter.h:187->calorimeter.cpp:348]   --->   Operation 216 'load' 'sum5_et' <Predicate = (!icmp_ln328)> <Delay = 1.20> <CoreInst = "RAM">   --->   Core 82 'RAM' <Latency = 1> <II = 1> <Delay = 1.20> <Storage> <Opcode : 'load' 'store'> <Ports = 2> <Width = 12> <Depth = 1800> <RAM>
ST_11 : Operation 217 [2/2] (1.20ns)   --->   "%sum7_et_12 = load i11 %towers_addr_62" [./calorimeter.h:187->calorimeter.cpp:348]   --->   Operation 217 'load' 'sum7_et_12' <Predicate = (!icmp_ln328)> <Delay = 1.20> <CoreInst = "RAM">   --->   Core 82 'RAM' <Latency = 1> <II = 1> <Delay = 1.20> <Storage> <Opcode : 'load' 'store'> <Ports = 2> <Width = 12> <Depth = 1800> <RAM>

State 12 <SV = 11> <Delay = 1.93>
ST_12 : Operation 218 [1/1] (0.73ns)   --->   "%add_ln187 = add i11 %sub_ln187, i11 %zext_ln342_1" [./calorimeter.h:187->calorimeter.cpp:348]   --->   Operation 218 'add' 'add_ln187' <Predicate = (!icmp_ln328)> <Delay = 0.73> <CoreInst = "Adder">   --->   Core 1 'Adder' <Latency = 0> <II = 1> <Delay = 0.73> <FuncUnit> <Opcode : 'add' 'sub'> <InPorts = 2> <OutPorts = 1>
ST_12 : Operation 219 [1/1] (0.00ns)   --->   "%zext_ln187_101 = zext i11 %add_ln187" [./calorimeter.h:187->calorimeter.cpp:348]   --->   Operation 219 'zext' 'zext_ln187_101' <Predicate = (!icmp_ln328)> <Delay = 0.00>
ST_12 : Operation 220 [1/1] (0.00ns)   --->   "%towers_addr_51 = getelementptr i12 %towers, i64 0, i64 %zext_ln187_101" [./calorimeter.h:187->calorimeter.cpp:348]   --->   Operation 220 'getelementptr' 'towers_addr_51' <Predicate = (!icmp_ln328)> <Delay = 0.00>
ST_12 : Operation 221 [1/2] (1.20ns)   --->   "%sum7_et_12 = load i11 %towers_addr_62" [./calorimeter.h:187->calorimeter.cpp:348]   --->   Operation 221 'load' 'sum7_et_12' <Predicate = (!icmp_ln328)> <Delay = 1.20> <CoreInst = "RAM">   --->   Core 82 'RAM' <Latency = 1> <II = 1> <Delay = 1.20> <Storage> <Opcode : 'load' 'store'> <Ports = 2> <Width = 12> <Depth = 1800> <RAM>
ST_12 : Operation 222 [2/2] (1.20ns)   --->   "%towers_load_2 = load i11 %towers_addr_51" [./calorimeter.h:187->calorimeter.cpp:348]   --->   Operation 222 'load' 'towers_load_2' <Predicate = (!icmp_ln328)> <Delay = 1.20> <CoreInst = "RAM">   --->   Core 82 'RAM' <Latency = 1> <II = 1> <Delay = 1.20> <Storage> <Opcode : 'load' 'store'> <Ports = 2> <Width = 12> <Depth = 1800> <RAM>

State 13 <SV = 12> <Delay = 1.93>
ST_13 : Operation 223 [1/1] (0.73ns)   --->   "%add_ln187_62 = add i11 %sub_ln187, i11 %sext_ln216" [./calorimeter.h:187->calorimeter.cpp:348]   --->   Operation 223 'add' 'add_ln187_62' <Predicate = (!icmp_ln328)> <Delay = 0.73> <CoreInst = "Adder">   --->   Core 1 'Adder' <Latency = 0> <II = 1> <Delay = 0.73> <FuncUnit> <Opcode : 'add' 'sub'> <InPorts = 2> <OutPorts = 1>
ST_13 : Operation 224 [1/1] (0.00ns)   --->   "%zext_ln187_105 = zext i11 %add_ln187_62" [./calorimeter.h:187->calorimeter.cpp:348]   --->   Operation 224 'zext' 'zext_ln187_105' <Predicate = (!icmp_ln328)> <Delay = 0.00>
ST_13 : Operation 225 [1/1] (0.00ns)   --->   "%towers_addr_63 = getelementptr i12 %towers, i64 0, i64 %zext_ln187_105" [./calorimeter.h:187->calorimeter.cpp:348]   --->   Operation 225 'getelementptr' 'towers_addr_63' <Predicate = (!icmp_ln328)> <Delay = 0.00>
ST_13 : Operation 226 [1/2] (1.20ns)   --->   "%towers_load_2 = load i11 %towers_addr_51" [./calorimeter.h:187->calorimeter.cpp:348]   --->   Operation 226 'load' 'towers_load_2' <Predicate = (!icmp_ln328)> <Delay = 1.20> <CoreInst = "RAM">   --->   Core 82 'RAM' <Latency = 1> <II = 1> <Delay = 1.20> <Storage> <Opcode : 'load' 'store'> <Ports = 2> <Width = 12> <Depth = 1800> <RAM>
ST_13 : Operation 227 [2/2] (1.20ns)   --->   "%towers_load_3 = load i11 %towers_addr_63" [./calorimeter.h:187->calorimeter.cpp:348]   --->   Operation 227 'load' 'towers_load_3' <Predicate = (!icmp_ln328)> <Delay = 1.20> <CoreInst = "RAM">   --->   Core 82 'RAM' <Latency = 1> <II = 1> <Delay = 1.20> <Storage> <Opcode : 'load' 'store'> <Ports = 2> <Width = 12> <Depth = 1800> <RAM>

State 14 <SV = 13> <Delay = 3.65>
ST_14 : Operation 228 [1/2] (1.20ns)   --->   "%towers_load_3 = load i11 %towers_addr_63" [./calorimeter.h:187->calorimeter.cpp:348]   --->   Operation 228 'load' 'towers_load_3' <Predicate = (!icmp_ln328)> <Delay = 1.20> <CoreInst = "RAM">   --->   Core 82 'RAM' <Latency = 1> <II = 1> <Delay = 1.20> <Storage> <Opcode : 'load' 'store'> <Ports = 2> <Width = 12> <Depth = 1800> <RAM>
ST_14 : Operation 229 [1/1] (0.70ns)   --->   "%add_ln184 = add i6 %select_ln328, i6 2" [./calorimeter.h:184->calorimeter.cpp:348]   --->   Operation 229 'add' 'add_ln184' <Predicate = (!icmp_ln328)> <Delay = 0.70> <CoreInst = "Adder">   --->   Core 1 'Adder' <Latency = 0> <II = 1> <Delay = 0.70> <FuncUnit> <Opcode : 'add' 'sub'> <InPorts = 2> <OutPorts = 1>
ST_14 : Operation 230 [1/1] (0.70ns)   --->   "%icmp_ln162_3 = icmp_ugt  i6 %add_ln184, i6 59" [./calorimeter.h:162->./calorimeter.h:184->calorimeter.cpp:348]   --->   Operation 230 'icmp' 'icmp_ln162_3' <Predicate = (!icmp_ln328)> <Delay = 0.70> <CoreInst = "Cmp">   --->   Core 9 'Cmp' <Latency = 0> <II = 1> <Delay = 0.70> <FuncUnit> <Opcode : 'seteq' 'setne' 'setle' 'setge' 'setlt' 'setgt'> <InPorts = 2> <OutPorts = 1>
ST_14 : Operation 231 [1/1] (0.70ns)   --->   "%add_ln163_3 = add i7 %zext_ln329, i7 70" [./calorimeter.h:163->./calorimeter.h:184->calorimeter.cpp:348]   --->   Operation 231 'add' 'add_ln163_3' <Predicate = (!icmp_ln328)> <Delay = 0.70> <CoreInst = "Adder">   --->   Core 1 'Adder' <Latency = 0> <II = 1> <Delay = 0.70> <FuncUnit> <Opcode : 'add' 'sub'> <InPorts = 2> <OutPorts = 1>
ST_14 : Operation 232 [1/1] (0.00ns)   --->   "%zext_ln162_3 = zext i6 %add_ln184" [./calorimeter.h:162->./calorimeter.h:184->calorimeter.cpp:348]   --->   Operation 232 'zext' 'zext_ln162_3' <Predicate = (!icmp_ln328)> <Delay = 0.00>
ST_14 : Operation 233 [1/1] (0.30ns)   --->   "%phi_idx_16 = select i1 %icmp_ln162_3, i7 %add_ln163_3, i7 %zext_ln162_3" [./calorimeter.h:162->./calorimeter.h:184->calorimeter.cpp:348]   --->   Operation 233 'select' 'phi_idx_16' <Predicate = (!icmp_ln328)> <Delay = 0.30> <CoreInst = "Sel">   --->   Core 73 'Sel' <Latency = 0> <II = 1> <Delay = 0.30> <FuncUnit> <Opcode : 'select'> <InPorts = 3> <OutPorts = 1>
ST_14 : Operation 234 [1/1] (0.00ns)   --->   "%sext_ln187 = sext i7 %phi_idx_16" [./calorimeter.h:187->calorimeter.cpp:348]   --->   Operation 234 'sext' 'sext_ln187' <Predicate = (!icmp_ln328)> <Delay = 0.00>
ST_14 : Operation 235 [1/1] (0.73ns)   --->   "%add_ln187_105 = add i11 %sub_ln187, i11 %sext_ln187" [./calorimeter.h:187->calorimeter.cpp:348]   --->   Operation 235 'add' 'add_ln187_105' <Predicate = (!icmp_ln328)> <Delay = 0.73> <CoreInst = "Adder">   --->   Core 1 'Adder' <Latency = 0> <II = 1> <Delay = 0.73> <FuncUnit> <Opcode : 'add' 'sub'> <InPorts = 2> <OutPorts = 1>
ST_14 : Operation 236 [1/1] (0.00ns)   --->   "%zext_ln187_115 = zext i11 %add_ln187_105" [./calorimeter.h:187->calorimeter.cpp:348]   --->   Operation 236 'zext' 'zext_ln187_115' <Predicate = (!icmp_ln328)> <Delay = 0.00>
ST_14 : Operation 237 [1/1] (0.00ns)   --->   "%towers_addr_65 = getelementptr i12 %towers, i64 0, i64 %zext_ln187_115" [./calorimeter.h:187->calorimeter.cpp:348]   --->   Operation 237 'getelementptr' 'towers_addr_65' <Predicate = (!icmp_ln328)> <Delay = 0.00>
ST_14 : Operation 238 [2/2] (1.20ns)   --->   "%towers_load_4 = load i11 %towers_addr_65" [./calorimeter.h:187->calorimeter.cpp:348]   --->   Operation 238 'load' 'towers_load_4' <Predicate = (!icmp_ln328)> <Delay = 1.20> <CoreInst = "RAM">   --->   Core 82 'RAM' <Latency = 1> <II = 1> <Delay = 1.20> <Storage> <Opcode : 'load' 'store'> <Ports = 2> <Width = 12> <Depth = 1800> <RAM>

State 15 <SV = 14> <Delay = 2.70>
ST_15 : Operation 239 [1/1] (0.00ns)   --->   "%zext_ln187_21 = zext i12 %sum5_et" [./calorimeter.h:187->calorimeter.cpp:348]   --->   Operation 239 'zext' 'zext_ln187_21' <Predicate = (!icmp_ln328)> <Delay = 0.00>
ST_15 : Operation 240 [1/1] (0.00ns)   --->   "%zext_ln348 = zext i12 %sum7_et_12" [calorimeter.cpp:348]   --->   Operation 240 'zext' 'zext_ln348' <Predicate = (!icmp_ln328)> <Delay = 0.00>
ST_15 : Operation 241 [1/1] (0.00ns)   --->   "%zext_ln348_1 = zext i12 %towers_load_2" [calorimeter.cpp:348]   --->   Operation 241 'zext' 'zext_ln348_1' <Predicate = (!icmp_ln328)> <Delay = 0.00>
ST_15 : Operation 242 [1/1] (0.00ns)   --->   "%zext_ln348_2 = zext i12 %towers_load_3" [calorimeter.cpp:348]   --->   Operation 242 'zext' 'zext_ln348_2' <Predicate = (!icmp_ln328)> <Delay = 0.00>
ST_15 : Operation 243 [1/2] (1.20ns)   --->   "%towers_load_4 = load i11 %towers_addr_65" [./calorimeter.h:187->calorimeter.cpp:348]   --->   Operation 243 'load' 'towers_load_4' <Predicate = (!icmp_ln328)> <Delay = 1.20> <CoreInst = "RAM">   --->   Core 82 'RAM' <Latency = 1> <II = 1> <Delay = 1.20> <Storage> <Opcode : 'load' 'store'> <Ports = 2> <Width = 12> <Depth = 1800> <RAM>
ST_15 : Operation 244 [1/1] (0.00ns)   --->   "%zext_ln348_3 = zext i12 %towers_load_4" [calorimeter.cpp:348]   --->   Operation 244 'zext' 'zext_ln348_3' <Predicate = (!icmp_ln328)> <Delay = 0.00>
ST_15 : Operation 245 [1/1] (0.73ns)   --->   "%add_ln187_112 = add i11 %sub_ln216, i11 %zext_ln187_113" [./calorimeter.h:187->calorimeter.cpp:348]   --->   Operation 245 'add' 'add_ln187_112' <Predicate = (!icmp_ln328)> <Delay = 0.73> <CoreInst = "Adder">   --->   Core 1 'Adder' <Latency = 0> <II = 1> <Delay = 0.73> <FuncUnit> <Opcode : 'add' 'sub'> <InPorts = 2> <OutPorts = 1>
ST_15 : Operation 246 [1/1] (0.00ns)   --->   "%zext_ln187_122 = zext i11 %add_ln187_112" [./calorimeter.h:187->calorimeter.cpp:348]   --->   Operation 246 'zext' 'zext_ln187_122' <Predicate = (!icmp_ln328)> <Delay = 0.00>
ST_15 : Operation 247 [1/1] (0.00ns)   --->   "%towers_addr_66 = getelementptr i12 %towers, i64 0, i64 %zext_ln187_122" [./calorimeter.h:187->calorimeter.cpp:348]   --->   Operation 247 'getelementptr' 'towers_addr_66' <Predicate = (!icmp_ln328)> <Delay = 0.00>
ST_15 : Operation 248 [2/2] (1.20ns)   --->   "%towers_load_5 = load i11 %towers_addr_66" [./calorimeter.h:187->calorimeter.cpp:348]   --->   Operation 248 'load' 'towers_load_5' <Predicate = (!icmp_ln328)> <Delay = 1.20> <CoreInst = "RAM">   --->   Core 82 'RAM' <Latency = 1> <II = 1> <Delay = 1.20> <Storage> <Opcode : 'load' 'store'> <Ports = 2> <Width = 12> <Depth = 1800> <RAM>
ST_15 : Operation 249 [1/1] (0.74ns)   --->   "%sum5_et_1 = add i13 %zext_ln348, i13 %zext_ln187_21" [./calorimeter.h:187->calorimeter.cpp:348]   --->   Operation 249 'add' 'sum5_et_1' <Predicate = (!icmp_ln328)> <Delay = 0.74> <CoreInst = "Adder">   --->   Core 1 'Adder' <Latency = 0> <II = 1> <Delay = 0.75> <FuncUnit> <Opcode : 'add' 'sub'> <InPorts = 2> <OutPorts = 1>
ST_15 : Operation 250 [1/1] (0.00ns)   --->   "%zext_ln187_23 = zext i13 %sum5_et_1" [./calorimeter.h:187->calorimeter.cpp:348]   --->   Operation 250 'zext' 'zext_ln187_23' <Predicate = (!icmp_ln328)> <Delay = 0.00>
ST_15 : Operation 251 [1/1] (0.74ns)   --->   "%add_ln187_63 = add i13 %zext_ln348_1, i13 %zext_ln348_2" [./calorimeter.h:187->calorimeter.cpp:348]   --->   Operation 251 'add' 'add_ln187_63' <Predicate = (!icmp_ln328)> <Delay = 0.74> <CoreInst = "Adder">   --->   Core 1 'Adder' <Latency = 0> <II = 1> <Delay = 0.75> <FuncUnit> <Opcode : 'add' 'sub'> <InPorts = 2> <OutPorts = 1>
ST_15 : Operation 252 [1/1] (0.00ns)   --->   "%zext_ln187_74 = zext i13 %add_ln187_63" [./calorimeter.h:187->calorimeter.cpp:348]   --->   Operation 252 'zext' 'zext_ln187_74' <Predicate = (!icmp_ln328)> <Delay = 0.00>
ST_15 : Operation 253 [1/1] (0.75ns)   --->   "%sum5_et_2 = add i14 %zext_ln187_74, i14 %zext_ln187_23" [./calorimeter.h:187->calorimeter.cpp:348]   --->   Operation 253 'add' 'sum5_et_2' <Predicate = (!icmp_ln328)> <Delay = 0.75> <CoreInst = "Adder">   --->   Core 1 'Adder' <Latency = 0> <II = 1> <Delay = 0.76> <FuncUnit> <Opcode : 'add' 'sub'> <InPorts = 2> <OutPorts = 1>
ST_15 : Operation 254 [1/1] (0.74ns)   --->   "%sum7_et_13 = add i13 %zext_ln348_1, i13 %zext_ln348" [./calorimeter.h:187->calorimeter.cpp:349]   --->   Operation 254 'add' 'sum7_et_13' <Predicate = (!icmp_ln328)> <Delay = 0.74> <CoreInst = "Adder">   --->   Core 1 'Adder' <Latency = 0> <II = 1> <Delay = 0.75> <FuncUnit> <Opcode : 'add' 'sub'> <InPorts = 2> <OutPorts = 1>
ST_15 : Operation 255 [1/1] (0.00ns)   --->   "%zext_ln187_26 = zext i13 %sum7_et_13" [./calorimeter.h:187->calorimeter.cpp:349]   --->   Operation 255 'zext' 'zext_ln187_26' <Predicate = (!icmp_ln328)> <Delay = 0.00>
ST_15 : Operation 256 [1/1] (0.74ns)   --->   "%add_ln187_70 = add i13 %zext_ln348_2, i13 %zext_ln348_3" [./calorimeter.h:187->calorimeter.cpp:349]   --->   Operation 256 'add' 'add_ln187_70' <Predicate = (!icmp_ln328)> <Delay = 0.74> <CoreInst = "Adder">   --->   Core 1 'Adder' <Latency = 0> <II = 1> <Delay = 0.75> <FuncUnit> <Opcode : 'add' 'sub'> <InPorts = 2> <OutPorts = 1>
ST_15 : Operation 257 [1/1] (0.00ns)   --->   "%zext_ln187_77 = zext i13 %add_ln187_70" [./calorimeter.h:187->calorimeter.cpp:349]   --->   Operation 257 'zext' 'zext_ln187_77' <Predicate = (!icmp_ln328)> <Delay = 0.00>
ST_15 : Operation 258 [1/1] (0.75ns)   --->   "%sum7_et_14 = add i14 %zext_ln187_77, i14 %zext_ln187_26" [./calorimeter.h:187->calorimeter.cpp:349]   --->   Operation 258 'add' 'sum7_et_14' <Predicate = (!icmp_ln328)> <Delay = 0.75> <CoreInst = "Adder">   --->   Core 1 'Adder' <Latency = 0> <II = 1> <Delay = 0.76> <FuncUnit> <Opcode : 'add' 'sub'> <InPorts = 2> <OutPorts = 1>

State 16 <SV = 15> <Delay = 1.93>
ST_16 : Operation 259 [1/1] (0.73ns)   --->   "%add_ln187_106 = add i11 %sub_ln216, i11 %sext_ln187" [./calorimeter.h:187->calorimeter.cpp:348]   --->   Operation 259 'add' 'add_ln187_106' <Predicate = (!icmp_ln328)> <Delay = 0.73> <CoreInst = "Adder">   --->   Core 1 'Adder' <Latency = 0> <II = 1> <Delay = 0.73> <FuncUnit> <Opcode : 'add' 'sub'> <InPorts = 2> <OutPorts = 1>
ST_16 : Operation 260 [1/1] (0.00ns)   --->   "%zext_ln187_116 = zext i11 %add_ln187_106" [./calorimeter.h:187->calorimeter.cpp:348]   --->   Operation 260 'zext' 'zext_ln187_116' <Predicate = (!icmp_ln328)> <Delay = 0.00>
ST_16 : Operation 261 [1/1] (0.00ns)   --->   "%towers_addr_67 = getelementptr i12 %towers, i64 0, i64 %zext_ln187_116" [./calorimeter.h:187->calorimeter.cpp:348]   --->   Operation 261 'getelementptr' 'towers_addr_67' <Predicate = (!icmp_ln328)> <Delay = 0.00>
ST_16 : Operation 262 [1/2] (1.20ns)   --->   "%towers_load_5 = load i11 %towers_addr_66" [./calorimeter.h:187->calorimeter.cpp:348]   --->   Operation 262 'load' 'towers_load_5' <Predicate = (!icmp_ln328)> <Delay = 1.20> <CoreInst = "RAM">   --->   Core 82 'RAM' <Latency = 1> <II = 1> <Delay = 1.20> <Storage> <Opcode : 'load' 'store'> <Ports = 2> <Width = 12> <Depth = 1800> <RAM>
ST_16 : Operation 263 [2/2] (1.20ns)   --->   "%towers_load_6 = load i11 %towers_addr_67" [./calorimeter.h:187->calorimeter.cpp:348]   --->   Operation 263 'load' 'towers_load_6' <Predicate = (!icmp_ln328)> <Delay = 1.20> <CoreInst = "RAM">   --->   Core 82 'RAM' <Latency = 1> <II = 1> <Delay = 1.20> <Storage> <Opcode : 'load' 'store'> <Ports = 2> <Width = 12> <Depth = 1800> <RAM>

State 17 <SV = 16> <Delay = 1.93>
ST_17 : Operation 264 [1/1] (0.73ns)   --->   "%add_ln187_113 = add i11 %sub_ln342, i11 %zext_ln187_113" [./calorimeter.h:187->calorimeter.cpp:348]   --->   Operation 264 'add' 'add_ln187_113' <Predicate = (!icmp_ln328)> <Delay = 0.73> <CoreInst = "Adder">   --->   Core 1 'Adder' <Latency = 0> <II = 1> <Delay = 0.73> <FuncUnit> <Opcode : 'add' 'sub'> <InPorts = 2> <OutPorts = 1>
ST_17 : Operation 265 [1/1] (0.00ns)   --->   "%zext_ln187_123 = zext i11 %add_ln187_113" [./calorimeter.h:187->calorimeter.cpp:348]   --->   Operation 265 'zext' 'zext_ln187_123' <Predicate = (!icmp_ln328)> <Delay = 0.00>
ST_17 : Operation 266 [1/1] (0.00ns)   --->   "%towers_addr_68 = getelementptr i12 %towers, i64 0, i64 %zext_ln187_123" [./calorimeter.h:187->calorimeter.cpp:348]   --->   Operation 266 'getelementptr' 'towers_addr_68' <Predicate = (!icmp_ln328)> <Delay = 0.00>
ST_17 : Operation 267 [1/2] (1.20ns)   --->   "%towers_load_6 = load i11 %towers_addr_67" [./calorimeter.h:187->calorimeter.cpp:348]   --->   Operation 267 'load' 'towers_load_6' <Predicate = (!icmp_ln328)> <Delay = 1.20> <CoreInst = "RAM">   --->   Core 82 'RAM' <Latency = 1> <II = 1> <Delay = 1.20> <Storage> <Opcode : 'load' 'store'> <Ports = 2> <Width = 12> <Depth = 1800> <RAM>
ST_17 : Operation 268 [2/2] (1.20ns)   --->   "%towers_load_7 = load i11 %towers_addr_68" [./calorimeter.h:187->calorimeter.cpp:348]   --->   Operation 268 'load' 'towers_load_7' <Predicate = (!icmp_ln328)> <Delay = 1.20> <CoreInst = "RAM">   --->   Core 82 'RAM' <Latency = 1> <II = 1> <Delay = 1.20> <Storage> <Opcode : 'load' 'store'> <Ports = 2> <Width = 12> <Depth = 1800> <RAM>

State 18 <SV = 17> <Delay = 3.39>
ST_18 : Operation 269 [1/1] (0.73ns)   --->   "%add_ln187_107 = add i11 %sub_ln342, i11 %sext_ln187" [./calorimeter.h:187->calorimeter.cpp:348]   --->   Operation 269 'add' 'add_ln187_107' <Predicate = (!icmp_ln328)> <Delay = 0.73> <CoreInst = "Adder">   --->   Core 1 'Adder' <Latency = 0> <II = 1> <Delay = 0.73> <FuncUnit> <Opcode : 'add' 'sub'> <InPorts = 2> <OutPorts = 1>
ST_18 : Operation 270 [1/1] (0.00ns)   --->   "%zext_ln187_117 = zext i11 %add_ln187_107" [./calorimeter.h:187->calorimeter.cpp:348]   --->   Operation 270 'zext' 'zext_ln187_117' <Predicate = (!icmp_ln328)> <Delay = 0.00>
ST_18 : Operation 271 [1/1] (0.00ns)   --->   "%towers_addr_69 = getelementptr i12 %towers, i64 0, i64 %zext_ln187_117" [./calorimeter.h:187->calorimeter.cpp:348]   --->   Operation 271 'getelementptr' 'towers_addr_69' <Predicate = (!icmp_ln328)> <Delay = 0.00>
ST_18 : Operation 272 [1/1] (0.00ns)   --->   "%zext_ln348_4 = zext i12 %towers_load_4" [calorimeter.cpp:348]   --->   Operation 272 'zext' 'zext_ln348_4' <Predicate = (!icmp_ln328)> <Delay = 0.00>
ST_18 : Operation 273 [1/1] (0.00ns)   --->   "%zext_ln348_6 = zext i12 %towers_load_5" [calorimeter.cpp:348]   --->   Operation 273 'zext' 'zext_ln348_6' <Predicate = (!icmp_ln328)> <Delay = 0.00>
ST_18 : Operation 274 [1/1] (0.00ns)   --->   "%zext_ln183_3 = zext i12 %towers_load_6" [./calorimeter.h:183->calorimeter.cpp:348]   --->   Operation 274 'zext' 'zext_ln183_3' <Predicate = (!icmp_ln328)> <Delay = 0.00>
ST_18 : Operation 275 [1/2] (1.20ns)   --->   "%towers_load_7 = load i11 %towers_addr_68" [./calorimeter.h:187->calorimeter.cpp:348]   --->   Operation 275 'load' 'towers_load_7' <Predicate = (!icmp_ln328)> <Delay = 1.20> <CoreInst = "RAM">   --->   Core 82 'RAM' <Latency = 1> <II = 1> <Delay = 1.20> <Storage> <Opcode : 'load' 'store'> <Ports = 2> <Width = 12> <Depth = 1800> <RAM>
ST_18 : Operation 276 [1/1] (0.00ns)   --->   "%zext_ln348_7 = zext i12 %towers_load_7" [calorimeter.cpp:348]   --->   Operation 276 'zext' 'zext_ln348_7' <Predicate = (!icmp_ln328)> <Delay = 0.00>
ST_18 : Operation 277 [2/2] (1.20ns)   --->   "%towers_load = load i11 %towers_addr_69" [./calorimeter.h:187->calorimeter.cpp:348]   --->   Operation 277 'load' 'towers_load' <Predicate = (!icmp_ln328)> <Delay = 1.20> <CoreInst = "RAM">   --->   Core 82 'RAM' <Latency = 1> <II = 1> <Delay = 1.20> <Storage> <Opcode : 'load' 'store'> <Ports = 2> <Width = 12> <Depth = 1800> <RAM>
ST_18 : Operation 278 [1/1] (0.00ns)   --->   "%zext_ln187_24 = zext i14 %sum5_et_2" [./calorimeter.h:187->calorimeter.cpp:348]   --->   Operation 278 'zext' 'zext_ln187_24' <Predicate = (!icmp_ln328)> <Delay = 0.00>
ST_18 : Operation 279 [1/1] (0.00ns) (grouped into TernaryAdder)   --->   "%add_ln187_65 = add i15 %zext_ln187_24, i15 %zext_ln348_4" [./calorimeter.h:187->calorimeter.cpp:348]   --->   Operation 279 'add' 'add_ln187_65' <Predicate = (!icmp_ln328)> <Delay = 0.00> <CoreInst = "TAddSub">   --->   Core 10 'TAddSub' <Latency = 0> <II = 1> <Delay = 0.33> <IPBlock> <Opcode : '' 'add' 'sub'> <InPorts = 3> <OutPorts = 1> <Sync> <CReg>
ST_18 : Operation 280 [1/1] (0.74ns)   --->   "%add_ln187_66 = add i13 %zext_ln183_3, i13 %zext_ln348_7" [./calorimeter.h:187->calorimeter.cpp:348]   --->   Operation 280 'add' 'add_ln187_66' <Predicate = (!icmp_ln328)> <Delay = 0.74> <CoreInst = "Adder">   --->   Core 1 'Adder' <Latency = 0> <II = 1> <Delay = 0.75> <FuncUnit> <Opcode : 'add' 'sub'> <InPorts = 2> <OutPorts = 1>
ST_18 : Operation 281 [1/1] (0.00ns)   --->   "%zext_ln187_75 = zext i13 %add_ln187_66" [./calorimeter.h:187->calorimeter.cpp:348]   --->   Operation 281 'zext' 'zext_ln187_75' <Predicate = (!icmp_ln328)> <Delay = 0.00>
ST_18 : Operation 282 [1/1] (0.75ns)   --->   "%add_ln187_67 = add i14 %zext_ln187_75, i14 %zext_ln348_6" [./calorimeter.h:187->calorimeter.cpp:348]   --->   Operation 282 'add' 'add_ln187_67' <Predicate = (!icmp_ln328)> <Delay = 0.75> <CoreInst = "Adder">   --->   Core 1 'Adder' <Latency = 0> <II = 1> <Delay = 0.76> <FuncUnit> <Opcode : 'add' 'sub'> <InPorts = 2> <OutPorts = 1>
ST_18 : Operation 283 [1/1] (0.00ns)   --->   "%zext_ln187_76 = zext i14 %add_ln187_67" [./calorimeter.h:187->calorimeter.cpp:348]   --->   Operation 283 'zext' 'zext_ln187_76' <Predicate = (!icmp_ln328)> <Delay = 0.00>
ST_18 : Operation 284 [1/1] (0.69ns) (root node of TernaryAdder)   --->   "%sum5_et_3 = add i15 %zext_ln187_76, i15 %add_ln187_65" [./calorimeter.h:187->calorimeter.cpp:348]   --->   Operation 284 'add' 'sum5_et_3' <Predicate = (!icmp_ln328)> <Delay = 0.69> <CoreInst = "TAddSub">   --->   Core 10 'TAddSub' <Latency = 0> <II = 1> <Delay = 0.33> <IPBlock> <Opcode : '' 'add' 'sub'> <InPorts = 3> <OutPorts = 1> <Sync> <CReg>

State 19 <SV = 18> <Delay = 3.39>
ST_19 : Operation 285 [1/1] (0.73ns)   --->   "%add_ln187_114 = add i11 %sub_ln216_6, i11 %zext_ln187_113" [./calorimeter.h:187->calorimeter.cpp:348]   --->   Operation 285 'add' 'add_ln187_114' <Predicate = (!icmp_ln328)> <Delay = 0.73> <CoreInst = "Adder">   --->   Core 1 'Adder' <Latency = 0> <II = 1> <Delay = 0.73> <FuncUnit> <Opcode : 'add' 'sub'> <InPorts = 2> <OutPorts = 1>
ST_19 : Operation 286 [1/1] (0.00ns)   --->   "%zext_ln187_124 = zext i11 %add_ln187_114" [./calorimeter.h:187->calorimeter.cpp:348]   --->   Operation 286 'zext' 'zext_ln187_124' <Predicate = (!icmp_ln328)> <Delay = 0.00>
ST_19 : Operation 287 [1/1] (0.00ns)   --->   "%towers_addr_70 = getelementptr i12 %towers, i64 0, i64 %zext_ln187_124" [./calorimeter.h:187->calorimeter.cpp:348]   --->   Operation 287 'getelementptr' 'towers_addr_70' <Predicate = (!icmp_ln328)> <Delay = 0.00>
ST_19 : Operation 288 [1/1] (0.00ns)   --->   "%zext_ln348_5 = zext i12 %towers_load_5" [calorimeter.cpp:348]   --->   Operation 288 'zext' 'zext_ln348_5' <Predicate = (!icmp_ln328)> <Delay = 0.00>
ST_19 : Operation 289 [1/1] (0.00ns)   --->   "%zext_ln183_2 = zext i12 %towers_load_6" [./calorimeter.h:183->calorimeter.cpp:348]   --->   Operation 289 'zext' 'zext_ln183_2' <Predicate = (!icmp_ln328)> <Delay = 0.00>
ST_19 : Operation 290 [1/2] (1.20ns)   --->   "%towers_load = load i11 %towers_addr_69" [./calorimeter.h:187->calorimeter.cpp:348]   --->   Operation 290 'load' 'towers_load' <Predicate = (!icmp_ln328)> <Delay = 1.20> <CoreInst = "RAM">   --->   Core 82 'RAM' <Latency = 1> <II = 1> <Delay = 1.20> <Storage> <Opcode : 'load' 'store'> <Ports = 2> <Width = 12> <Depth = 1800> <RAM>
ST_19 : Operation 291 [1/1] (0.00ns)   --->   "%zext_ln348_8 = zext i12 %towers_load" [calorimeter.cpp:348]   --->   Operation 291 'zext' 'zext_ln348_8' <Predicate = (!icmp_ln328)> <Delay = 0.00>
ST_19 : Operation 292 [2/2] (1.20ns)   --->   "%towers_load_8 = load i11 %towers_addr_70" [./calorimeter.h:187->calorimeter.cpp:348]   --->   Operation 292 'load' 'towers_load_8' <Predicate = (!icmp_ln328)> <Delay = 1.20> <CoreInst = "RAM">   --->   Core 82 'RAM' <Latency = 1> <II = 1> <Delay = 1.20> <Storage> <Opcode : 'load' 'store'> <Ports = 2> <Width = 12> <Depth = 1800> <RAM>
ST_19 : Operation 293 [1/1] (0.00ns)   --->   "%zext_ln187_27 = zext i14 %sum7_et_14" [./calorimeter.h:187->calorimeter.cpp:349]   --->   Operation 293 'zext' 'zext_ln187_27' <Predicate = (!icmp_ln328)> <Delay = 0.00>
ST_19 : Operation 294 [1/1] (0.00ns) (grouped into TernaryAdder)   --->   "%add_ln187_72 = add i15 %zext_ln187_27, i15 %zext_ln348_5" [./calorimeter.h:187->calorimeter.cpp:349]   --->   Operation 294 'add' 'add_ln187_72' <Predicate = (!icmp_ln328)> <Delay = 0.00> <CoreInst = "TAddSub">   --->   Core 10 'TAddSub' <Latency = 0> <II = 1> <Delay = 0.33> <IPBlock> <Opcode : '' 'add' 'sub'> <InPorts = 3> <OutPorts = 1> <Sync> <CReg>
ST_19 : Operation 295 [1/1] (0.74ns)   --->   "%add_ln187_73 = add i13 %zext_ln348_7, i13 %zext_ln348_8" [./calorimeter.h:187->calorimeter.cpp:349]   --->   Operation 295 'add' 'add_ln187_73' <Predicate = (!icmp_ln328)> <Delay = 0.74> <CoreInst = "Adder">   --->   Core 1 'Adder' <Latency = 0> <II = 1> <Delay = 0.75> <FuncUnit> <Opcode : 'add' 'sub'> <InPorts = 2> <OutPorts = 1>
ST_19 : Operation 296 [1/1] (0.00ns)   --->   "%zext_ln187_78 = zext i13 %add_ln187_73" [./calorimeter.h:187->calorimeter.cpp:349]   --->   Operation 296 'zext' 'zext_ln187_78' <Predicate = (!icmp_ln328)> <Delay = 0.00>
ST_19 : Operation 297 [1/1] (0.75ns)   --->   "%add_ln187_74 = add i14 %zext_ln187_78, i14 %zext_ln183_2" [./calorimeter.h:187->calorimeter.cpp:349]   --->   Operation 297 'add' 'add_ln187_74' <Predicate = (!icmp_ln328)> <Delay = 0.75> <CoreInst = "Adder">   --->   Core 1 'Adder' <Latency = 0> <II = 1> <Delay = 0.76> <FuncUnit> <Opcode : 'add' 'sub'> <InPorts = 2> <OutPorts = 1>
ST_19 : Operation 298 [1/1] (0.00ns)   --->   "%zext_ln187_79 = zext i14 %add_ln187_74" [./calorimeter.h:187->calorimeter.cpp:349]   --->   Operation 298 'zext' 'zext_ln187_79' <Predicate = (!icmp_ln328)> <Delay = 0.00>
ST_19 : Operation 299 [1/1] (0.69ns) (root node of TernaryAdder)   --->   "%sum7_et_15 = add i15 %zext_ln187_79, i15 %add_ln187_72" [./calorimeter.h:187->calorimeter.cpp:349]   --->   Operation 299 'add' 'sum7_et_15' <Predicate = (!icmp_ln328)> <Delay = 0.69> <CoreInst = "TAddSub">   --->   Core 10 'TAddSub' <Latency = 0> <II = 1> <Delay = 0.33> <IPBlock> <Opcode : '' 'add' 'sub'> <InPorts = 3> <OutPorts = 1> <Sync> <CReg>

State 20 <SV = 19> <Delay = 1.93>
ST_20 : Operation 300 [1/1] (0.73ns)   --->   "%add_ln187_108 = add i11 %sub_ln216_6, i11 %sext_ln187" [./calorimeter.h:187->calorimeter.cpp:348]   --->   Operation 300 'add' 'add_ln187_108' <Predicate = (!icmp_ln328)> <Delay = 0.73> <CoreInst = "Adder">   --->   Core 1 'Adder' <Latency = 0> <II = 1> <Delay = 0.73> <FuncUnit> <Opcode : 'add' 'sub'> <InPorts = 2> <OutPorts = 1>
ST_20 : Operation 301 [1/1] (0.00ns)   --->   "%zext_ln187_118 = zext i11 %add_ln187_108" [./calorimeter.h:187->calorimeter.cpp:348]   --->   Operation 301 'zext' 'zext_ln187_118' <Predicate = (!icmp_ln328)> <Delay = 0.00>
ST_20 : Operation 302 [1/1] (0.00ns)   --->   "%towers_addr_71 = getelementptr i12 %towers, i64 0, i64 %zext_ln187_118" [./calorimeter.h:187->calorimeter.cpp:348]   --->   Operation 302 'getelementptr' 'towers_addr_71' <Predicate = (!icmp_ln328)> <Delay = 0.00>
ST_20 : Operation 303 [1/2] (1.20ns)   --->   "%towers_load_8 = load i11 %towers_addr_70" [./calorimeter.h:187->calorimeter.cpp:348]   --->   Operation 303 'load' 'towers_load_8' <Predicate = (!icmp_ln328)> <Delay = 1.20> <CoreInst = "RAM">   --->   Core 82 'RAM' <Latency = 1> <II = 1> <Delay = 1.20> <Storage> <Opcode : 'load' 'store'> <Ports = 2> <Width = 12> <Depth = 1800> <RAM>
ST_20 : Operation 304 [2/2] (1.20ns)   --->   "%towers_load_9 = load i11 %towers_addr_71" [./calorimeter.h:187->calorimeter.cpp:348]   --->   Operation 304 'load' 'towers_load_9' <Predicate = (!icmp_ln328)> <Delay = 1.20> <CoreInst = "RAM">   --->   Core 82 'RAM' <Latency = 1> <II = 1> <Delay = 1.20> <Storage> <Opcode : 'load' 'store'> <Ports = 2> <Width = 12> <Depth = 1800> <RAM>

State 21 <SV = 20> <Delay = 3.38>
ST_21 : Operation 305 [1/1] (0.70ns)   --->   "%empty_103 = add i5 %select_ln328_2, i5 2" [calorimeter.cpp:328]   --->   Operation 305 'add' 'empty_103' <Predicate = (!icmp_ln328)> <Delay = 0.70> <CoreInst = "Adder">   --->   Core 1 'Adder' <Latency = 0> <II = 1> <Delay = 0.70> <FuncUnit> <Opcode : 'add' 'sub'> <InPorts = 2> <OutPorts = 1>
ST_21 : Operation 306 [1/1] (0.00ns)   --->   "%p_shl12 = bitconcatenate i11 @_ssdm_op_BitConcatenate.i11.i5.i6, i5 %empty_103, i6 0" [./calorimeter.h:187->calorimeter.cpp:348]   --->   Operation 306 'bitconcatenate' 'p_shl12' <Predicate = (!icmp_ln328)> <Delay = 0.00>
ST_21 : Operation 307 [1/1] (0.00ns)   --->   "%tmp_15 = bitconcatenate i7 @_ssdm_op_BitConcatenate.i7.i5.i2, i5 %empty_103, i2 0" [./calorimeter.h:187->calorimeter.cpp:348]   --->   Operation 307 'bitconcatenate' 'tmp_15' <Predicate = (!icmp_ln328)> <Delay = 0.00>
ST_21 : Operation 308 [1/1] (0.00ns)   --->   "%zext_ln187_98 = zext i7 %tmp_15" [./calorimeter.h:187->calorimeter.cpp:348]   --->   Operation 308 'zext' 'zext_ln187_98' <Predicate = (!icmp_ln328)> <Delay = 0.00>
ST_21 : Operation 309 [1/1] (0.73ns)   --->   "%sub_ln187_1 = sub i11 %p_shl12, i11 %zext_ln187_98" [./calorimeter.h:187->calorimeter.cpp:348]   --->   Operation 309 'sub' 'sub_ln187_1' <Predicate = (!icmp_ln328)> <Delay = 0.73> <CoreInst = "Adder">   --->   Core 1 'Adder' <Latency = 0> <II = 1> <Delay = 0.73> <FuncUnit> <Opcode : 'add' 'sub'> <InPorts = 2> <OutPorts = 1>
ST_21 : Operation 310 [1/1] (0.73ns)   --->   "%add_ln187_115 = add i11 %sub_ln187_1, i11 %zext_ln187_113" [./calorimeter.h:187->calorimeter.cpp:348]   --->   Operation 310 'add' 'add_ln187_115' <Predicate = (!icmp_ln328)> <Delay = 0.73> <CoreInst = "Adder">   --->   Core 1 'Adder' <Latency = 0> <II = 1> <Delay = 0.73> <FuncUnit> <Opcode : 'add' 'sub'> <InPorts = 2> <OutPorts = 1>
ST_21 : Operation 311 [1/1] (0.00ns)   --->   "%zext_ln187_125 = zext i11 %add_ln187_115" [./calorimeter.h:187->calorimeter.cpp:348]   --->   Operation 311 'zext' 'zext_ln187_125' <Predicate = (!icmp_ln328)> <Delay = 0.00>
ST_21 : Operation 312 [1/1] (0.00ns)   --->   "%towers_addr_72 = getelementptr i12 %towers, i64 0, i64 %zext_ln187_125" [./calorimeter.h:187->calorimeter.cpp:348]   --->   Operation 312 'getelementptr' 'towers_addr_72' <Predicate = (!icmp_ln328)> <Delay = 0.00>
ST_21 : Operation 313 [1/2] (1.20ns)   --->   "%towers_load_9 = load i11 %towers_addr_71" [./calorimeter.h:187->calorimeter.cpp:348]   --->   Operation 313 'load' 'towers_load_9' <Predicate = (!icmp_ln328)> <Delay = 1.20> <CoreInst = "RAM">   --->   Core 82 'RAM' <Latency = 1> <II = 1> <Delay = 1.20> <Storage> <Opcode : 'load' 'store'> <Ports = 2> <Width = 12> <Depth = 1800> <RAM>
ST_21 : Operation 314 [2/2] (1.20ns)   --->   "%towers_load_10 = load i11 %towers_addr_72" [./calorimeter.h:187->calorimeter.cpp:348]   --->   Operation 314 'load' 'towers_load_10' <Predicate = (!icmp_ln328)> <Delay = 1.20> <CoreInst = "RAM">   --->   Core 82 'RAM' <Latency = 1> <II = 1> <Delay = 1.20> <Storage> <Opcode : 'load' 'store'> <Ports = 2> <Width = 12> <Depth = 1800> <RAM>

State 22 <SV = 21> <Delay = 1.93>
ST_22 : Operation 315 [1/1] (0.73ns)   --->   "%add_ln187_75 = add i11 %sub_ln187_1, i11 %zext_ln216_60" [./calorimeter.h:187->calorimeter.cpp:348]   --->   Operation 315 'add' 'add_ln187_75' <Predicate = (!icmp_ln328)> <Delay = 0.73> <CoreInst = "Adder">   --->   Core 1 'Adder' <Latency = 0> <II = 1> <Delay = 0.73> <FuncUnit> <Opcode : 'add' 'sub'> <InPorts = 2> <OutPorts = 1>
ST_22 : Operation 316 [1/1] (0.00ns)   --->   "%zext_ln187_110 = zext i11 %add_ln187_75" [./calorimeter.h:187->calorimeter.cpp:348]   --->   Operation 316 'zext' 'zext_ln187_110' <Predicate = (!icmp_ln328)> <Delay = 0.00>
ST_22 : Operation 317 [1/1] (0.00ns)   --->   "%towers_addr_73 = getelementptr i12 %towers, i64 0, i64 %zext_ln187_110" [./calorimeter.h:187->calorimeter.cpp:348]   --->   Operation 317 'getelementptr' 'towers_addr_73' <Predicate = (!icmp_ln328)> <Delay = 0.00>
ST_22 : Operation 318 [1/2] (1.20ns)   --->   "%towers_load_10 = load i11 %towers_addr_72" [./calorimeter.h:187->calorimeter.cpp:348]   --->   Operation 318 'load' 'towers_load_10' <Predicate = (!icmp_ln328)> <Delay = 1.20> <CoreInst = "RAM">   --->   Core 82 'RAM' <Latency = 1> <II = 1> <Delay = 1.20> <Storage> <Opcode : 'load' 'store'> <Ports = 2> <Width = 12> <Depth = 1800> <RAM>
ST_22 : Operation 319 [2/2] (1.20ns)   --->   "%towers_load_11 = load i11 %towers_addr_73" [./calorimeter.h:187->calorimeter.cpp:348]   --->   Operation 319 'load' 'towers_load_11' <Predicate = (!icmp_ln328)> <Delay = 1.20> <CoreInst = "RAM">   --->   Core 82 'RAM' <Latency = 1> <II = 1> <Delay = 1.20> <Storage> <Opcode : 'load' 'store'> <Ports = 2> <Width = 12> <Depth = 1800> <RAM>

State 23 <SV = 22> <Delay = 1.93>
ST_23 : Operation 320 [1/1] (0.73ns)   --->   "%add_ln187_55 = add i11 %sub_ln187_1, i11 %zext_ln342_1" [./calorimeter.h:187->calorimeter.cpp:348]   --->   Operation 320 'add' 'add_ln187_55' <Predicate = (!icmp_ln328)> <Delay = 0.73> <CoreInst = "Adder">   --->   Core 1 'Adder' <Latency = 0> <II = 1> <Delay = 0.73> <FuncUnit> <Opcode : 'add' 'sub'> <InPorts = 2> <OutPorts = 1>
ST_23 : Operation 321 [1/1] (0.00ns)   --->   "%zext_ln187_102 = zext i11 %add_ln187_55" [./calorimeter.h:187->calorimeter.cpp:348]   --->   Operation 321 'zext' 'zext_ln187_102' <Predicate = (!icmp_ln328)> <Delay = 0.00>
ST_23 : Operation 322 [1/1] (0.00ns)   --->   "%towers_addr_53 = getelementptr i12 %towers, i64 0, i64 %zext_ln187_102" [./calorimeter.h:187->calorimeter.cpp:348]   --->   Operation 322 'getelementptr' 'towers_addr_53' <Predicate = (!icmp_ln328)> <Delay = 0.00>
ST_23 : Operation 323 [1/2] (1.20ns)   --->   "%towers_load_11 = load i11 %towers_addr_73" [./calorimeter.h:187->calorimeter.cpp:348]   --->   Operation 323 'load' 'towers_load_11' <Predicate = (!icmp_ln328)> <Delay = 1.20> <CoreInst = "RAM">   --->   Core 82 'RAM' <Latency = 1> <II = 1> <Delay = 1.20> <Storage> <Opcode : 'load' 'store'> <Ports = 2> <Width = 12> <Depth = 1800> <RAM>
ST_23 : Operation 324 [2/2] (1.20ns)   --->   "%towers_load_12 = load i11 %towers_addr_53" [./calorimeter.h:187->calorimeter.cpp:348]   --->   Operation 324 'load' 'towers_load_12' <Predicate = (!icmp_ln328)> <Delay = 1.20> <CoreInst = "RAM">   --->   Core 82 'RAM' <Latency = 1> <II = 1> <Delay = 1.20> <Storage> <Opcode : 'load' 'store'> <Ports = 2> <Width = 12> <Depth = 1800> <RAM>

State 24 <SV = 23> <Delay = 1.93>
ST_24 : Operation 325 [1/1] (0.73ns)   --->   "%add_ln187_64 = add i11 %sub_ln187_1, i11 %sext_ln216" [./calorimeter.h:187->calorimeter.cpp:348]   --->   Operation 325 'add' 'add_ln187_64' <Predicate = (!icmp_ln328)> <Delay = 0.73> <CoreInst = "Adder">   --->   Core 1 'Adder' <Latency = 0> <II = 1> <Delay = 0.73> <FuncUnit> <Opcode : 'add' 'sub'> <InPorts = 2> <OutPorts = 1>
ST_24 : Operation 326 [1/1] (0.00ns)   --->   "%zext_ln187_106 = zext i11 %add_ln187_64" [./calorimeter.h:187->calorimeter.cpp:348]   --->   Operation 326 'zext' 'zext_ln187_106' <Predicate = (!icmp_ln328)> <Delay = 0.00>
ST_24 : Operation 327 [1/1] (0.00ns)   --->   "%towers_addr_64 = getelementptr i12 %towers, i64 0, i64 %zext_ln187_106" [./calorimeter.h:187->calorimeter.cpp:348]   --->   Operation 327 'getelementptr' 'towers_addr_64' <Predicate = (!icmp_ln328)> <Delay = 0.00>
ST_24 : Operation 328 [1/2] (1.20ns)   --->   "%towers_load_12 = load i11 %towers_addr_53" [./calorimeter.h:187->calorimeter.cpp:348]   --->   Operation 328 'load' 'towers_load_12' <Predicate = (!icmp_ln328)> <Delay = 1.20> <CoreInst = "RAM">   --->   Core 82 'RAM' <Latency = 1> <II = 1> <Delay = 1.20> <Storage> <Opcode : 'load' 'store'> <Ports = 2> <Width = 12> <Depth = 1800> <RAM>
ST_24 : Operation 329 [2/2] (1.20ns)   --->   "%towers_load_13 = load i11 %towers_addr_64" [./calorimeter.h:187->calorimeter.cpp:348]   --->   Operation 329 'load' 'towers_load_13' <Predicate = (!icmp_ln328)> <Delay = 1.20> <CoreInst = "RAM">   --->   Core 82 'RAM' <Latency = 1> <II = 1> <Delay = 1.20> <Storage> <Opcode : 'load' 'store'> <Ports = 2> <Width = 12> <Depth = 1800> <RAM>

State 25 <SV = 24> <Delay = 1.93>
ST_25 : Operation 330 [1/1] (0.73ns)   --->   "%add_ln187_109 = add i11 %sub_ln187_1, i11 %sext_ln187" [./calorimeter.h:187->calorimeter.cpp:348]   --->   Operation 330 'add' 'add_ln187_109' <Predicate = (!icmp_ln328)> <Delay = 0.73> <CoreInst = "Adder">   --->   Core 1 'Adder' <Latency = 0> <II = 1> <Delay = 0.73> <FuncUnit> <Opcode : 'add' 'sub'> <InPorts = 2> <OutPorts = 1>
ST_25 : Operation 331 [1/1] (0.00ns)   --->   "%zext_ln187_119 = zext i11 %add_ln187_109" [./calorimeter.h:187->calorimeter.cpp:348]   --->   Operation 331 'zext' 'zext_ln187_119' <Predicate = (!icmp_ln328)> <Delay = 0.00>
ST_25 : Operation 332 [1/1] (0.00ns)   --->   "%towers_addr_76 = getelementptr i12 %towers, i64 0, i64 %zext_ln187_119" [./calorimeter.h:187->calorimeter.cpp:348]   --->   Operation 332 'getelementptr' 'towers_addr_76' <Predicate = (!icmp_ln328)> <Delay = 0.00>
ST_25 : Operation 333 [1/2] (1.20ns)   --->   "%towers_load_13 = load i11 %towers_addr_64" [./calorimeter.h:187->calorimeter.cpp:348]   --->   Operation 333 'load' 'towers_load_13' <Predicate = (!icmp_ln328)> <Delay = 1.20> <CoreInst = "RAM">   --->   Core 82 'RAM' <Latency = 1> <II = 1> <Delay = 1.20> <Storage> <Opcode : 'load' 'store'> <Ports = 2> <Width = 12> <Depth = 1800> <RAM>
ST_25 : Operation 334 [2/2] (1.20ns)   --->   "%towers_load_14 = load i11 %towers_addr_76" [./calorimeter.h:187->calorimeter.cpp:348]   --->   Operation 334 'load' 'towers_load_14' <Predicate = (!icmp_ln328)> <Delay = 1.20> <CoreInst = "RAM">   --->   Core 82 'RAM' <Latency = 1> <II = 1> <Delay = 1.20> <Storage> <Opcode : 'load' 'store'> <Ports = 2> <Width = 12> <Depth = 1800> <RAM>

State 26 <SV = 25> <Delay = 4.14>
ST_26 : Operation 335 [1/1] (0.70ns)   --->   "%empty_104 = add i5 %select_ln328_2, i5 29" [calorimeter.cpp:328]   --->   Operation 335 'add' 'empty_104' <Predicate = (!icmp_ln328)> <Delay = 0.70> <CoreInst = "Adder">   --->   Core 1 'Adder' <Latency = 0> <II = 1> <Delay = 0.70> <FuncUnit> <Opcode : 'add' 'sub'> <InPorts = 2> <OutPorts = 1>
ST_26 : Operation 336 [1/1] (0.00ns)   --->   "%p_shl13 = bitconcatenate i11 @_ssdm_op_BitConcatenate.i11.i5.i6, i5 %empty_104, i6 0" [./calorimeter.h:187->calorimeter.cpp:349]   --->   Operation 336 'bitconcatenate' 'p_shl13' <Predicate = (!icmp_ln328)> <Delay = 0.00>
ST_26 : Operation 337 [1/1] (0.00ns)   --->   "%tmp_16 = bitconcatenate i7 @_ssdm_op_BitConcatenate.i7.i5.i2, i5 %empty_104, i2 0" [./calorimeter.h:187->calorimeter.cpp:349]   --->   Operation 337 'bitconcatenate' 'tmp_16' <Predicate = (!icmp_ln328)> <Delay = 0.00>
ST_26 : Operation 338 [1/1] (0.00ns)   --->   "%zext_ln187_99 = zext i7 %tmp_16" [./calorimeter.h:187->calorimeter.cpp:349]   --->   Operation 338 'zext' 'zext_ln187_99' <Predicate = (!icmp_ln328)> <Delay = 0.00>
ST_26 : Operation 339 [1/1] (0.73ns)   --->   "%sub_ln187_2 = sub i11 %p_shl13, i11 %zext_ln187_99" [./calorimeter.h:187->calorimeter.cpp:349]   --->   Operation 339 'sub' 'sub_ln187_2' <Predicate = (!icmp_ln328)> <Delay = 0.73> <CoreInst = "Adder">   --->   Core 1 'Adder' <Latency = 0> <II = 1> <Delay = 0.73> <FuncUnit> <Opcode : 'add' 'sub'> <InPorts = 2> <OutPorts = 1>
ST_26 : Operation 340 [1/1] (0.00ns)   --->   "%zext_ln348_9 = zext i12 %towers_load_8" [calorimeter.cpp:348]   --->   Operation 340 'zext' 'zext_ln348_9' <Predicate = (!icmp_ln328)> <Delay = 0.00>
ST_26 : Operation 341 [1/1] (0.00ns)   --->   "%zext_ln348_10 = zext i12 %towers_load_8" [calorimeter.cpp:348]   --->   Operation 341 'zext' 'zext_ln348_10' <Predicate = (!icmp_ln328)> <Delay = 0.00>
ST_26 : Operation 342 [1/1] (0.00ns)   --->   "%zext_ln187_56 = zext i12 %towers_load_9" [./calorimeter.h:187->calorimeter.cpp:348]   --->   Operation 342 'zext' 'zext_ln187_56' <Predicate = (!icmp_ln328)> <Delay = 0.00>
ST_26 : Operation 343 [1/1] (0.00ns)   --->   "%zext_ln187_57 = zext i12 %towers_load_9" [./calorimeter.h:187->calorimeter.cpp:348]   --->   Operation 343 'zext' 'zext_ln187_57' <Predicate = (!icmp_ln328)> <Delay = 0.00>
ST_26 : Operation 344 [1/1] (0.00ns)   --->   "%zext_ln187_58 = zext i12 %towers_load_10" [./calorimeter.h:187->calorimeter.cpp:348]   --->   Operation 344 'zext' 'zext_ln187_58' <Predicate = (!icmp_ln328)> <Delay = 0.00>
ST_26 : Operation 345 [1/1] (0.00ns)   --->   "%zext_ln187_59 = zext i12 %towers_load_11" [./calorimeter.h:187->calorimeter.cpp:348]   --->   Operation 345 'zext' 'zext_ln187_59' <Predicate = (!icmp_ln328)> <Delay = 0.00>
ST_26 : Operation 346 [1/1] (0.00ns)   --->   "%zext_ln348_11 = zext i12 %towers_load_12" [calorimeter.cpp:348]   --->   Operation 346 'zext' 'zext_ln348_11' <Predicate = (!icmp_ln328)> <Delay = 0.00>
ST_26 : Operation 347 [1/1] (0.00ns)   --->   "%zext_ln187_60 = zext i12 %towers_load_12" [./calorimeter.h:187->calorimeter.cpp:348]   --->   Operation 347 'zext' 'zext_ln187_60' <Predicate = (!icmp_ln328)> <Delay = 0.00>
ST_26 : Operation 348 [1/1] (0.00ns)   --->   "%zext_ln187_62 = zext i12 %towers_load_13" [./calorimeter.h:187->calorimeter.cpp:348]   --->   Operation 348 'zext' 'zext_ln187_62' <Predicate = (!icmp_ln328)> <Delay = 0.00>
ST_26 : Operation 349 [1/2] (1.20ns)   --->   "%towers_load_14 = load i11 %towers_addr_76" [./calorimeter.h:187->calorimeter.cpp:348]   --->   Operation 349 'load' 'towers_load_14' <Predicate = (!icmp_ln328)> <Delay = 1.20> <CoreInst = "RAM">   --->   Core 82 'RAM' <Latency = 1> <II = 1> <Delay = 1.20> <Storage> <Opcode : 'load' 'store'> <Ports = 2> <Width = 12> <Depth = 1800> <RAM>
ST_26 : Operation 350 [1/1] (0.00ns)   --->   "%zext_ln171 = zext i12 %towers_load_14" [./calorimeter.h:171->calorimeter.cpp:349]   --->   Operation 350 'zext' 'zext_ln171' <Predicate = (!icmp_ln328)> <Delay = 0.00>
ST_26 : Operation 351 [1/1] (0.70ns)   --->   "%add_ln184_3 = add i7 %zext_ln329, i7 125" [./calorimeter.h:184->calorimeter.cpp:349]   --->   Operation 351 'add' 'add_ln184_3' <Predicate = (!icmp_ln328)> <Delay = 0.70> <CoreInst = "Adder">   --->   Core 1 'Adder' <Latency = 0> <II = 1> <Delay = 0.70> <FuncUnit> <Opcode : 'add' 'sub'> <InPorts = 2> <OutPorts = 1>
ST_26 : Operation 352 [1/1] (0.00ns)   --->   "%tmp_20 = bitselect i1 @_ssdm_op_BitSelect.i1.i7.i32, i7 %add_ln184_3, i32 6" [./calorimeter.h:160->./calorimeter.h:184->calorimeter.cpp:349]   --->   Operation 352 'bitselect' 'tmp_20' <Predicate = (!icmp_ln328)> <Delay = 0.00>
ST_26 : Operation 353 [1/1] (0.70ns)   --->   "%add_ln161_4 = add i7 %zext_ln329, i7 57" [./calorimeter.h:161->./calorimeter.h:184->calorimeter.cpp:349]   --->   Operation 353 'add' 'add_ln161_4' <Predicate = (!icmp_ln328)> <Delay = 0.70> <CoreInst = "Adder">   --->   Core 1 'Adder' <Latency = 0> <II = 1> <Delay = 0.70> <FuncUnit> <Opcode : 'add' 'sub'> <InPorts = 2> <OutPorts = 1>
ST_26 : Operation 354 [1/1] (0.30ns)   --->   "%phi_idx_17 = select i1 %tmp_20, i7 %add_ln161_4, i7 %add_ln184_3" [./calorimeter.h:160->./calorimeter.h:184->calorimeter.cpp:349]   --->   Operation 354 'select' 'phi_idx_17' <Predicate = (!icmp_ln328)> <Delay = 0.30> <CoreInst = "Sel">   --->   Core 73 'Sel' <Latency = 0> <II = 1> <Delay = 0.30> <FuncUnit> <Opcode : 'select'> <InPorts = 3> <OutPorts = 1>
ST_26 : Operation 355 [1/1] (0.00ns)   --->   "%zext_ln187_128 = zext i7 %phi_idx_17" [./calorimeter.h:187->calorimeter.cpp:349]   --->   Operation 355 'zext' 'zext_ln187_128' <Predicate = (!icmp_ln328)> <Delay = 0.00>
ST_26 : Operation 356 [1/1] (0.73ns)   --->   "%add_ln187_118 = add i11 %sub_ln187_2, i11 %zext_ln187_128" [./calorimeter.h:187->calorimeter.cpp:349]   --->   Operation 356 'add' 'add_ln187_118' <Predicate = (!icmp_ln328)> <Delay = 0.73> <CoreInst = "Adder">   --->   Core 1 'Adder' <Latency = 0> <II = 1> <Delay = 0.73> <FuncUnit> <Opcode : 'add' 'sub'> <InPorts = 2> <OutPorts = 1>
ST_26 : Operation 357 [1/1] (0.00ns)   --->   "%zext_ln187_129 = zext i11 %add_ln187_118" [./calorimeter.h:187->calorimeter.cpp:349]   --->   Operation 357 'zext' 'zext_ln187_129' <Predicate = (!icmp_ln328)> <Delay = 0.00>
ST_26 : Operation 358 [1/1] (0.00ns)   --->   "%towers_addr_77 = getelementptr i12 %towers, i64 0, i64 %zext_ln187_129" [./calorimeter.h:187->calorimeter.cpp:349]   --->   Operation 358 'getelementptr' 'towers_addr_77' <Predicate = (!icmp_ln328)> <Delay = 0.00>
ST_26 : Operation 359 [2/2] (1.20ns)   --->   "%sum7_et = load i11 %towers_addr_77" [./calorimeter.h:187->calorimeter.cpp:349]   --->   Operation 359 'load' 'sum7_et' <Predicate = (!icmp_ln328)> <Delay = 1.20> <CoreInst = "RAM">   --->   Core 82 'RAM' <Latency = 1> <II = 1> <Delay = 1.20> <Storage> <Opcode : 'load' 'store'> <Ports = 2> <Width = 12> <Depth = 1800> <RAM>
ST_26 : Operation 360 [1/1] (0.00ns)   --->   "%zext_ln187_25 = zext i15 %sum5_et_3" [./calorimeter.h:187->calorimeter.cpp:348]   --->   Operation 360 'zext' 'zext_ln187_25' <Predicate = (!icmp_ln328)> <Delay = 0.00>
ST_26 : Operation 361 [1/1] (0.77ns)   --->   "%add_ln351 = add i16 %zext_ln187_25, i16 %zext_ln348_11" [calorimeter.cpp:351]   --->   Operation 361 'add' 'add_ln351' <Predicate = (!icmp_ln328)> <Delay = 0.77> <CoreInst = "Adder">   --->   Core 1 'Adder' <Latency = 0> <II = 1> <Delay = 0.78> <FuncUnit> <Opcode : 'add' 'sub'> <InPorts = 2> <OutPorts = 1>
ST_26 : Operation 362 [1/1] (0.74ns)   --->   "%add_ln351_1 = add i13 %zext_ln187_62, i13 %zext_ln187_59" [calorimeter.cpp:351]   --->   Operation 362 'add' 'add_ln351_1' <Predicate = (!icmp_ln328)> <Delay = 0.74> <CoreInst = "Adder">   --->   Core 1 'Adder' <Latency = 0> <II = 1> <Delay = 0.75> <FuncUnit> <Opcode : 'add' 'sub'> <InPorts = 2> <OutPorts = 1>
ST_26 : Operation 363 [1/1] (0.00ns)   --->   "%zext_ln351 = zext i13 %add_ln351_1" [calorimeter.cpp:351]   --->   Operation 363 'zext' 'zext_ln351' <Predicate = (!icmp_ln328)> <Delay = 0.00>
ST_26 : Operation 364 [1/1] (0.00ns) (grouped into TernaryAdder)   --->   "%add_ln351_2 = add i16 %zext_ln351, i16 %add_ln351" [calorimeter.cpp:351]   --->   Operation 364 'add' 'add_ln351_2' <Predicate = (!icmp_ln328)> <Delay = 0.00> <CoreInst = "TAddSub">   --->   Core 10 'TAddSub' <Latency = 0> <II = 1> <Delay = 0.33> <IPBlock> <Opcode : '' 'add' 'sub'> <InPorts = 3> <OutPorts = 1> <Sync> <CReg>
ST_26 : Operation 365 [1/1] (0.74ns)   --->   "%add_ln351_3 = add i13 %zext_ln187_58, i13 %zext_ln348_8" [calorimeter.cpp:351]   --->   Operation 365 'add' 'add_ln351_3' <Predicate = (!icmp_ln328)> <Delay = 0.74> <CoreInst = "Adder">   --->   Core 1 'Adder' <Latency = 0> <II = 1> <Delay = 0.75> <FuncUnit> <Opcode : 'add' 'sub'> <InPorts = 2> <OutPorts = 1>
ST_26 : Operation 366 [1/1] (0.00ns)   --->   "%zext_ln351_1 = zext i13 %add_ln351_3" [calorimeter.cpp:351]   --->   Operation 366 'zext' 'zext_ln351_1' <Predicate = (!icmp_ln328)> <Delay = 0.00>
ST_26 : Operation 367 [1/1] (0.74ns)   --->   "%add_ln351_4 = add i13 %zext_ln348_10, i13 %zext_ln171" [calorimeter.cpp:351]   --->   Operation 367 'add' 'add_ln351_4' <Predicate = (!icmp_ln328)> <Delay = 0.74> <CoreInst = "Adder">   --->   Core 1 'Adder' <Latency = 0> <II = 1> <Delay = 0.75> <FuncUnit> <Opcode : 'add' 'sub'> <InPorts = 2> <OutPorts = 1>
ST_26 : Operation 368 [1/1] (0.00ns)   --->   "%zext_ln351_2 = zext i13 %add_ln351_4" [calorimeter.cpp:351]   --->   Operation 368 'zext' 'zext_ln351_2' <Predicate = (!icmp_ln328)> <Delay = 0.00>
ST_26 : Operation 369 [1/1] (0.75ns)   --->   "%add_ln351_5 = add i14 %zext_ln351_2, i14 %zext_ln187_57" [calorimeter.cpp:351]   --->   Operation 369 'add' 'add_ln351_5' <Predicate = (!icmp_ln328)> <Delay = 0.75> <CoreInst = "Adder">   --->   Core 1 'Adder' <Latency = 0> <II = 1> <Delay = 0.76> <FuncUnit> <Opcode : 'add' 'sub'> <InPorts = 2> <OutPorts = 1>
ST_26 : Operation 370 [1/1] (0.00ns)   --->   "%zext_ln351_3 = zext i14 %add_ln351_5" [calorimeter.cpp:351]   --->   Operation 370 'zext' 'zext_ln351_3' <Predicate = (!icmp_ln328)> <Delay = 0.00>
ST_26 : Operation 371 [1/1] (0.76ns)   --->   "%add_ln351_6 = add i15 %zext_ln351_3, i15 %zext_ln351_1" [calorimeter.cpp:351]   --->   Operation 371 'add' 'add_ln351_6' <Predicate = (!icmp_ln328)> <Delay = 0.76> <CoreInst = "Adder">   --->   Core 1 'Adder' <Latency = 0> <II = 1> <Delay = 0.77> <FuncUnit> <Opcode : 'add' 'sub'> <InPorts = 2> <OutPorts = 1>
ST_26 : Operation 372 [1/1] (0.00ns)   --->   "%zext_ln351_4 = zext i15 %add_ln351_6" [calorimeter.cpp:351]   --->   Operation 372 'zext' 'zext_ln351_4' <Predicate = (!icmp_ln328)> <Delay = 0.00>
ST_26 : Operation 373 [1/1] (0.67ns) (root node of TernaryAdder)   --->   "%iso5_et = add i16 %zext_ln351_4, i16 %add_ln351_2" [calorimeter.cpp:351]   --->   Operation 373 'add' 'iso5_et' <Predicate = (!icmp_ln328)> <Delay = 0.67> <CoreInst = "TAddSub">   --->   Core 10 'TAddSub' <Latency = 0> <II = 1> <Delay = 0.33> <IPBlock> <Opcode : '' 'add' 'sub'> <InPorts = 3> <OutPorts = 1> <Sync> <CReg>
ST_26 : Operation 374 [1/1] (0.00ns)   --->   "%zext_ln187_28 = zext i15 %sum7_et_15" [./calorimeter.h:187->calorimeter.cpp:349]   --->   Operation 374 'zext' 'zext_ln187_28' <Predicate = (!icmp_ln328)> <Delay = 0.00>
ST_26 : Operation 375 [1/1] (0.77ns)   --->   "%add_ln187_76 = add i16 %zext_ln187_28, i16 %zext_ln348_9" [./calorimeter.h:187->calorimeter.cpp:349]   --->   Operation 375 'add' 'add_ln187_76' <Predicate = (!icmp_ln328)> <Delay = 0.77> <CoreInst = "Adder">   --->   Core 1 'Adder' <Latency = 0> <II = 1> <Delay = 0.78> <FuncUnit> <Opcode : 'add' 'sub'> <InPorts = 2> <OutPorts = 1>
ST_26 : Operation 376 [1/1] (0.74ns)   --->   "%add_ln187_77 = add i13 %zext_ln187_56, i13 %zext_ln187_58" [./calorimeter.h:187->calorimeter.cpp:349]   --->   Operation 376 'add' 'add_ln187_77' <Predicate = (!icmp_ln328)> <Delay = 0.74> <CoreInst = "Adder">   --->   Core 1 'Adder' <Latency = 0> <II = 1> <Delay = 0.75> <FuncUnit> <Opcode : 'add' 'sub'> <InPorts = 2> <OutPorts = 1>
ST_26 : Operation 377 [1/1] (0.74ns)   --->   "%add_ln187_79 = add i13 %zext_ln187_59, i13 %zext_ln187_60" [./calorimeter.h:187->calorimeter.cpp:349]   --->   Operation 377 'add' 'add_ln187_79' <Predicate = (!icmp_ln328)> <Delay = 0.74> <CoreInst = "Adder">   --->   Core 1 'Adder' <Latency = 0> <II = 1> <Delay = 0.75> <FuncUnit> <Opcode : 'add' 'sub'> <InPorts = 2> <OutPorts = 1>

State 27 <SV = 26> <Delay = 4.14>
ST_27 : Operation 378 [1/1] (0.73ns)   --->   "%add_ln187_116 = add i11 %sub_ln187_2, i11 %zext_ln187_113" [./calorimeter.h:187->calorimeter.cpp:349]   --->   Operation 378 'add' 'add_ln187_116' <Predicate = (!icmp_ln328)> <Delay = 0.73> <CoreInst = "Adder">   --->   Core 1 'Adder' <Latency = 0> <II = 1> <Delay = 0.73> <FuncUnit> <Opcode : 'add' 'sub'> <InPorts = 2> <OutPorts = 1>
ST_27 : Operation 379 [1/1] (0.00ns)   --->   "%zext_ln187_126 = zext i11 %add_ln187_116" [./calorimeter.h:187->calorimeter.cpp:349]   --->   Operation 379 'zext' 'zext_ln187_126' <Predicate = (!icmp_ln328)> <Delay = 0.00>
ST_27 : Operation 380 [1/1] (0.00ns)   --->   "%towers_addr_78 = getelementptr i12 %towers, i64 0, i64 %zext_ln187_126" [./calorimeter.h:187->calorimeter.cpp:349]   --->   Operation 380 'getelementptr' 'towers_addr_78' <Predicate = (!icmp_ln328)> <Delay = 0.00>
ST_27 : Operation 381 [1/1] (0.00ns)   --->   "%zext_ln187_61 = zext i12 %towers_load_13" [./calorimeter.h:187->calorimeter.cpp:348]   --->   Operation 381 'zext' 'zext_ln187_61' <Predicate = (!icmp_ln328)> <Delay = 0.00>
ST_27 : Operation 382 [1/2] (1.20ns)   --->   "%sum7_et = load i11 %towers_addr_77" [./calorimeter.h:187->calorimeter.cpp:349]   --->   Operation 382 'load' 'sum7_et' <Predicate = (!icmp_ln328)> <Delay = 1.20> <CoreInst = "RAM">   --->   Core 82 'RAM' <Latency = 1> <II = 1> <Delay = 1.20> <Storage> <Opcode : 'load' 'store'> <Ports = 2> <Width = 12> <Depth = 1800> <RAM>
ST_27 : Operation 383 [1/1] (0.00ns)   --->   "%zext_ln349 = zext i12 %sum7_et" [calorimeter.cpp:349]   --->   Operation 383 'zext' 'zext_ln349' <Predicate = (!icmp_ln328)> <Delay = 0.00>
ST_27 : Operation 384 [2/2] (1.20ns)   --->   "%towers_load_16 = load i11 %towers_addr_78" [./calorimeter.h:187->calorimeter.cpp:349]   --->   Operation 384 'load' 'towers_load_16' <Predicate = (!icmp_ln328)> <Delay = 1.20> <CoreInst = "RAM">   --->   Core 82 'RAM' <Latency = 1> <II = 1> <Delay = 1.20> <Storage> <Opcode : 'load' 'store'> <Ports = 2> <Width = 12> <Depth = 1800> <RAM>
ST_27 : Operation 385 [1/1] (0.00ns)   --->   "%zext_ln187_80 = zext i13 %add_ln187_77" [./calorimeter.h:187->calorimeter.cpp:349]   --->   Operation 385 'zext' 'zext_ln187_80' <Predicate = (!icmp_ln328)> <Delay = 0.00>
ST_27 : Operation 386 [1/1] (0.00ns) (grouped into TernaryAdder)   --->   "%add_ln187_78 = add i16 %zext_ln187_80, i16 %add_ln187_76" [./calorimeter.h:187->calorimeter.cpp:349]   --->   Operation 386 'add' 'add_ln187_78' <Predicate = (!icmp_ln328)> <Delay = 0.00> <CoreInst = "TAddSub">   --->   Core 10 'TAddSub' <Latency = 0> <II = 1> <Delay = 0.33> <IPBlock> <Opcode : '' 'add' 'sub'> <InPorts = 3> <OutPorts = 1> <Sync> <CReg>
ST_27 : Operation 387 [1/1] (0.00ns)   --->   "%zext_ln187_81 = zext i13 %add_ln187_79" [./calorimeter.h:187->calorimeter.cpp:349]   --->   Operation 387 'zext' 'zext_ln187_81' <Predicate = (!icmp_ln328)> <Delay = 0.00>
ST_27 : Operation 388 [1/1] (0.74ns)   --->   "%add_ln187_80 = add i13 %zext_ln171, i13 %zext_ln349" [./calorimeter.h:187->calorimeter.cpp:349]   --->   Operation 388 'add' 'add_ln187_80' <Predicate = (!icmp_ln328)> <Delay = 0.74> <CoreInst = "Adder">   --->   Core 1 'Adder' <Latency = 0> <II = 1> <Delay = 0.75> <FuncUnit> <Opcode : 'add' 'sub'> <InPorts = 2> <OutPorts = 1>
ST_27 : Operation 389 [1/1] (0.00ns)   --->   "%zext_ln187_82 = zext i13 %add_ln187_80" [./calorimeter.h:187->calorimeter.cpp:349]   --->   Operation 389 'zext' 'zext_ln187_82' <Predicate = (!icmp_ln328)> <Delay = 0.00>
ST_27 : Operation 390 [1/1] (0.75ns)   --->   "%add_ln187_81 = add i14 %zext_ln187_82, i14 %zext_ln187_61" [./calorimeter.h:187->calorimeter.cpp:349]   --->   Operation 390 'add' 'add_ln187_81' <Predicate = (!icmp_ln328)> <Delay = 0.75> <CoreInst = "Adder">   --->   Core 1 'Adder' <Latency = 0> <II = 1> <Delay = 0.76> <FuncUnit> <Opcode : 'add' 'sub'> <InPorts = 2> <OutPorts = 1>
ST_27 : Operation 391 [1/1] (0.00ns)   --->   "%zext_ln187_83 = zext i14 %add_ln187_81" [./calorimeter.h:187->calorimeter.cpp:349]   --->   Operation 391 'zext' 'zext_ln187_83' <Predicate = (!icmp_ln328)> <Delay = 0.00>
ST_27 : Operation 392 [1/1] (0.76ns)   --->   "%add_ln187_82 = add i15 %zext_ln187_83, i15 %zext_ln187_81" [./calorimeter.h:187->calorimeter.cpp:349]   --->   Operation 392 'add' 'add_ln187_82' <Predicate = (!icmp_ln328)> <Delay = 0.76> <CoreInst = "Adder">   --->   Core 1 'Adder' <Latency = 0> <II = 1> <Delay = 0.77> <FuncUnit> <Opcode : 'add' 'sub'> <InPorts = 2> <OutPorts = 1>
ST_27 : Operation 393 [1/1] (0.00ns)   --->   "%zext_ln187_84 = zext i15 %add_ln187_82" [./calorimeter.h:187->calorimeter.cpp:349]   --->   Operation 393 'zext' 'zext_ln187_84' <Predicate = (!icmp_ln328)> <Delay = 0.00>
ST_27 : Operation 394 [1/1] (0.67ns) (root node of TernaryAdder)   --->   "%sum7_et_16 = add i16 %zext_ln187_84, i16 %add_ln187_78" [./calorimeter.h:187->calorimeter.cpp:349]   --->   Operation 394 'add' 'sum7_et_16' <Predicate = (!icmp_ln328)> <Delay = 0.67> <CoreInst = "TAddSub">   --->   Core 10 'TAddSub' <Latency = 0> <II = 1> <Delay = 0.33> <IPBlock> <Opcode : '' 'add' 'sub'> <InPorts = 3> <OutPorts = 1> <Sync> <CReg>

State 28 <SV = 27> <Delay = 1.93>
ST_28 : Operation 395 [1/1] (0.73ns)   --->   "%add_ln187_83 = add i11 %sub_ln187_2, i11 %zext_ln216_60" [./calorimeter.h:187->calorimeter.cpp:349]   --->   Operation 395 'add' 'add_ln187_83' <Predicate = (!icmp_ln328)> <Delay = 0.73> <CoreInst = "Adder">   --->   Core 1 'Adder' <Latency = 0> <II = 1> <Delay = 0.73> <FuncUnit> <Opcode : 'add' 'sub'> <InPorts = 2> <OutPorts = 1>
ST_28 : Operation 396 [1/1] (0.00ns)   --->   "%zext_ln187_111 = zext i11 %add_ln187_83" [./calorimeter.h:187->calorimeter.cpp:349]   --->   Operation 396 'zext' 'zext_ln187_111' <Predicate = (!icmp_ln328)> <Delay = 0.00>
ST_28 : Operation 397 [1/1] (0.00ns)   --->   "%towers_addr_79 = getelementptr i12 %towers, i64 0, i64 %zext_ln187_111" [./calorimeter.h:187->calorimeter.cpp:349]   --->   Operation 397 'getelementptr' 'towers_addr_79' <Predicate = (!icmp_ln328)> <Delay = 0.00>
ST_28 : Operation 398 [1/2] (1.20ns)   --->   "%towers_load_16 = load i11 %towers_addr_78" [./calorimeter.h:187->calorimeter.cpp:349]   --->   Operation 398 'load' 'towers_load_16' <Predicate = (!icmp_ln328)> <Delay = 1.20> <CoreInst = "RAM">   --->   Core 82 'RAM' <Latency = 1> <II = 1> <Delay = 1.20> <Storage> <Opcode : 'load' 'store'> <Ports = 2> <Width = 12> <Depth = 1800> <RAM>
ST_28 : Operation 399 [2/2] (1.20ns)   --->   "%towers_load_17 = load i11 %towers_addr_79" [./calorimeter.h:187->calorimeter.cpp:349]   --->   Operation 399 'load' 'towers_load_17' <Predicate = (!icmp_ln328)> <Delay = 1.20> <CoreInst = "RAM">   --->   Core 82 'RAM' <Latency = 1> <II = 1> <Delay = 1.20> <Storage> <Opcode : 'load' 'store'> <Ports = 2> <Width = 12> <Depth = 1800> <RAM>

State 29 <SV = 28> <Delay = 1.93>
ST_29 : Operation 400 [1/1] (0.73ns)   --->   "%add_ln187_57 = add i11 %sub_ln187_2, i11 %zext_ln342_1" [./calorimeter.h:187->calorimeter.cpp:349]   --->   Operation 400 'add' 'add_ln187_57' <Predicate = (!icmp_ln328)> <Delay = 0.73> <CoreInst = "Adder">   --->   Core 1 'Adder' <Latency = 0> <II = 1> <Delay = 0.73> <FuncUnit> <Opcode : 'add' 'sub'> <InPorts = 2> <OutPorts = 1>
ST_29 : Operation 401 [1/1] (0.00ns)   --->   "%zext_ln187_103 = zext i11 %add_ln187_57" [./calorimeter.h:187->calorimeter.cpp:349]   --->   Operation 401 'zext' 'zext_ln187_103' <Predicate = (!icmp_ln328)> <Delay = 0.00>
ST_29 : Operation 402 [1/1] (0.00ns)   --->   "%towers_addr_58 = getelementptr i12 %towers, i64 0, i64 %zext_ln187_103" [./calorimeter.h:187->calorimeter.cpp:349]   --->   Operation 402 'getelementptr' 'towers_addr_58' <Predicate = (!icmp_ln328)> <Delay = 0.00>
ST_29 : Operation 403 [1/2] (1.20ns)   --->   "%towers_load_17 = load i11 %towers_addr_79" [./calorimeter.h:187->calorimeter.cpp:349]   --->   Operation 403 'load' 'towers_load_17' <Predicate = (!icmp_ln328)> <Delay = 1.20> <CoreInst = "RAM">   --->   Core 82 'RAM' <Latency = 1> <II = 1> <Delay = 1.20> <Storage> <Opcode : 'load' 'store'> <Ports = 2> <Width = 12> <Depth = 1800> <RAM>
ST_29 : Operation 404 [2/2] (1.20ns)   --->   "%towers_load_18 = load i11 %towers_addr_58" [./calorimeter.h:187->calorimeter.cpp:349]   --->   Operation 404 'load' 'towers_load_18' <Predicate = (!icmp_ln328)> <Delay = 1.20> <CoreInst = "RAM">   --->   Core 82 'RAM' <Latency = 1> <II = 1> <Delay = 1.20> <Storage> <Opcode : 'load' 'store'> <Ports = 2> <Width = 12> <Depth = 1800> <RAM>

State 30 <SV = 29> <Delay = 2.62>
ST_30 : Operation 405 [1/1] (0.73ns)   --->   "%add_ln187_68 = add i11 %sub_ln187_2, i11 %sext_ln216" [./calorimeter.h:187->calorimeter.cpp:349]   --->   Operation 405 'add' 'add_ln187_68' <Predicate = (!icmp_ln328)> <Delay = 0.73> <CoreInst = "Adder">   --->   Core 1 'Adder' <Latency = 0> <II = 1> <Delay = 0.73> <FuncUnit> <Opcode : 'add' 'sub'> <InPorts = 2> <OutPorts = 1>
ST_30 : Operation 406 [1/1] (0.00ns)   --->   "%zext_ln187_107 = zext i11 %add_ln187_68" [./calorimeter.h:187->calorimeter.cpp:349]   --->   Operation 406 'zext' 'zext_ln187_107' <Predicate = (!icmp_ln328)> <Delay = 0.00>
ST_30 : Operation 407 [1/1] (0.00ns)   --->   "%towers_addr_74 = getelementptr i12 %towers, i64 0, i64 %zext_ln187_107" [./calorimeter.h:187->calorimeter.cpp:349]   --->   Operation 407 'getelementptr' 'towers_addr_74' <Predicate = (!icmp_ln328)> <Delay = 0.00>
ST_30 : Operation 408 [1/1] (0.00ns)   --->   "%zext_ln349_1 = zext i12 %towers_load_16" [calorimeter.cpp:349]   --->   Operation 408 'zext' 'zext_ln349_1' <Predicate = (!icmp_ln328)> <Delay = 0.00>
ST_30 : Operation 409 [1/1] (0.00ns)   --->   "%zext_ln184 = zext i12 %towers_load_17" [./calorimeter.h:184->calorimeter.cpp:349]   --->   Operation 409 'zext' 'zext_ln184' <Predicate = (!icmp_ln328)> <Delay = 0.00>
ST_30 : Operation 410 [1/2] (1.20ns)   --->   "%towers_load_18 = load i11 %towers_addr_58" [./calorimeter.h:187->calorimeter.cpp:349]   --->   Operation 410 'load' 'towers_load_18' <Predicate = (!icmp_ln328)> <Delay = 1.20> <CoreInst = "RAM">   --->   Core 82 'RAM' <Latency = 1> <II = 1> <Delay = 1.20> <Storage> <Opcode : 'load' 'store'> <Ports = 2> <Width = 12> <Depth = 1800> <RAM>
ST_30 : Operation 411 [1/1] (0.00ns)   --->   "%zext_ln349_2 = zext i12 %towers_load_18" [calorimeter.cpp:349]   --->   Operation 411 'zext' 'zext_ln349_2' <Predicate = (!icmp_ln328)> <Delay = 0.00>
ST_30 : Operation 412 [2/2] (1.20ns)   --->   "%towers_load_19 = load i11 %towers_addr_74" [./calorimeter.h:187->calorimeter.cpp:349]   --->   Operation 412 'load' 'towers_load_19' <Predicate = (!icmp_ln328)> <Delay = 1.20> <CoreInst = "RAM">   --->   Core 82 'RAM' <Latency = 1> <II = 1> <Delay = 1.20> <Storage> <Opcode : 'load' 'store'> <Ports = 2> <Width = 12> <Depth = 1800> <RAM>
ST_30 : Operation 413 [1/1] (0.00ns)   --->   "%zext_ln187_29 = zext i16 %sum7_et_16" [./calorimeter.h:187->calorimeter.cpp:349]   --->   Operation 413 'zext' 'zext_ln187_29' <Predicate = (!icmp_ln328)> <Delay = 0.00>
ST_30 : Operation 414 [1/1] (0.00ns) (grouped into TernaryAdder)   --->   "%add_ln187_84 = add i17 %zext_ln187_29, i17 %zext_ln349_1" [./calorimeter.h:187->calorimeter.cpp:349]   --->   Operation 414 'add' 'add_ln187_84' <Predicate = (!icmp_ln328)> <Delay = 0.00> <CoreInst = "TAddSub">   --->   Core 10 'TAddSub' <Latency = 0> <II = 1> <Delay = 0.33> <IPBlock> <Opcode : '' 'add' 'sub'> <InPorts = 3> <OutPorts = 1> <Sync> <CReg>
ST_30 : Operation 415 [1/1] (0.74ns)   --->   "%add_ln187_85 = add i13 %zext_ln184, i13 %zext_ln349_2" [./calorimeter.h:187->calorimeter.cpp:349]   --->   Operation 415 'add' 'add_ln187_85' <Predicate = (!icmp_ln328)> <Delay = 0.74> <CoreInst = "Adder">   --->   Core 1 'Adder' <Latency = 0> <II = 1> <Delay = 0.75> <FuncUnit> <Opcode : 'add' 'sub'> <InPorts = 2> <OutPorts = 1>
ST_30 : Operation 416 [1/1] (0.00ns)   --->   "%zext_ln187_85 = zext i13 %add_ln187_85" [./calorimeter.h:187->calorimeter.cpp:349]   --->   Operation 416 'zext' 'zext_ln187_85' <Predicate = (!icmp_ln328)> <Delay = 0.00>
ST_30 : Operation 417 [1/1] (0.67ns) (root node of TernaryAdder)   --->   "%add_ln187_86 = add i17 %zext_ln187_85, i17 %add_ln187_84" [./calorimeter.h:187->calorimeter.cpp:349]   --->   Operation 417 'add' 'add_ln187_86' <Predicate = (!icmp_ln328)> <Delay = 0.67> <CoreInst = "TAddSub">   --->   Core 10 'TAddSub' <Latency = 0> <II = 1> <Delay = 0.33> <IPBlock> <Opcode : '' 'add' 'sub'> <InPorts = 3> <OutPorts = 1> <Sync> <CReg>

State 31 <SV = 30> <Delay = 1.93>
ST_31 : Operation 418 [1/1] (0.73ns)   --->   "%add_ln187_110 = add i11 %sub_ln187_2, i11 %sext_ln187" [./calorimeter.h:187->calorimeter.cpp:349]   --->   Operation 418 'add' 'add_ln187_110' <Predicate = (!icmp_ln328)> <Delay = 0.73> <CoreInst = "Adder">   --->   Core 1 'Adder' <Latency = 0> <II = 1> <Delay = 0.73> <FuncUnit> <Opcode : 'add' 'sub'> <InPorts = 2> <OutPorts = 1>
ST_31 : Operation 419 [1/1] (0.00ns)   --->   "%zext_ln187_120 = zext i11 %add_ln187_110" [./calorimeter.h:187->calorimeter.cpp:349]   --->   Operation 419 'zext' 'zext_ln187_120' <Predicate = (!icmp_ln328)> <Delay = 0.00>
ST_31 : Operation 420 [1/1] (0.00ns)   --->   "%towers_addr_81 = getelementptr i12 %towers, i64 0, i64 %zext_ln187_120" [./calorimeter.h:187->calorimeter.cpp:349]   --->   Operation 420 'getelementptr' 'towers_addr_81' <Predicate = (!icmp_ln328)> <Delay = 0.00>
ST_31 : Operation 421 [1/2] (1.20ns)   --->   "%towers_load_19 = load i11 %towers_addr_74" [./calorimeter.h:187->calorimeter.cpp:349]   --->   Operation 421 'load' 'towers_load_19' <Predicate = (!icmp_ln328)> <Delay = 1.20> <CoreInst = "RAM">   --->   Core 82 'RAM' <Latency = 1> <II = 1> <Delay = 1.20> <Storage> <Opcode : 'load' 'store'> <Ports = 2> <Width = 12> <Depth = 1800> <RAM>
ST_31 : Operation 422 [2/2] (1.20ns)   --->   "%towers_load_20 = load i11 %towers_addr_81" [./calorimeter.h:187->calorimeter.cpp:349]   --->   Operation 422 'load' 'towers_load_20' <Predicate = (!icmp_ln328)> <Delay = 1.20> <CoreInst = "RAM">   --->   Core 82 'RAM' <Latency = 1> <II = 1> <Delay = 1.20> <Storage> <Opcode : 'load' 'store'> <Ports = 2> <Width = 12> <Depth = 1800> <RAM>

State 32 <SV = 31> <Delay = 3.65>
ST_32 : Operation 423 [1/1] (0.00ns)   --->   "%zext_ln184_3 = zext i12 %towers_load_19" [./calorimeter.h:184->calorimeter.cpp:349]   --->   Operation 423 'zext' 'zext_ln184_3' <Predicate = (!icmp_ln328)> <Delay = 0.00>
ST_32 : Operation 424 [1/2] (1.20ns)   --->   "%towers_load_20 = load i11 %towers_addr_81" [./calorimeter.h:187->calorimeter.cpp:349]   --->   Operation 424 'load' 'towers_load_20' <Predicate = (!icmp_ln328)> <Delay = 1.20> <CoreInst = "RAM">   --->   Core 82 'RAM' <Latency = 1> <II = 1> <Delay = 1.20> <Storage> <Opcode : 'load' 'store'> <Ports = 2> <Width = 12> <Depth = 1800> <RAM>
ST_32 : Operation 425 [1/1] (0.00ns)   --->   "%zext_ln184_4 = zext i12 %towers_load_20" [./calorimeter.h:184->calorimeter.cpp:349]   --->   Operation 425 'zext' 'zext_ln184_4' <Predicate = (!icmp_ln328)> <Delay = 0.00>
ST_32 : Operation 426 [1/1] (0.70ns)   --->   "%add_ln184_2 = add i6 %select_ln328, i6 3" [./calorimeter.h:184->calorimeter.cpp:349]   --->   Operation 426 'add' 'add_ln184_2' <Predicate = (!icmp_ln328)> <Delay = 0.70> <CoreInst = "Adder">   --->   Core 1 'Adder' <Latency = 0> <II = 1> <Delay = 0.70> <FuncUnit> <Opcode : 'add' 'sub'> <InPorts = 2> <OutPorts = 1>
ST_32 : Operation 427 [1/1] (0.70ns)   --->   "%icmp_ln162_4 = icmp_ugt  i6 %add_ln184_2, i6 59" [./calorimeter.h:162->./calorimeter.h:184->calorimeter.cpp:349]   --->   Operation 427 'icmp' 'icmp_ln162_4' <Predicate = (!icmp_ln328)> <Delay = 0.70> <CoreInst = "Cmp">   --->   Core 9 'Cmp' <Latency = 0> <II = 1> <Delay = 0.70> <FuncUnit> <Opcode : 'seteq' 'setne' 'setle' 'setge' 'setlt' 'setgt'> <InPorts = 2> <OutPorts = 1>
ST_32 : Operation 428 [1/1] (0.70ns)   --->   "%add_ln163_4 = add i7 %zext_ln329, i7 71" [./calorimeter.h:163->./calorimeter.h:184->calorimeter.cpp:349]   --->   Operation 428 'add' 'add_ln163_4' <Predicate = (!icmp_ln328)> <Delay = 0.70> <CoreInst = "Adder">   --->   Core 1 'Adder' <Latency = 0> <II = 1> <Delay = 0.70> <FuncUnit> <Opcode : 'add' 'sub'> <InPorts = 2> <OutPorts = 1>
ST_32 : Operation 429 [1/1] (0.00ns)   --->   "%zext_ln162_4 = zext i6 %add_ln184_2" [./calorimeter.h:162->./calorimeter.h:184->calorimeter.cpp:349]   --->   Operation 429 'zext' 'zext_ln162_4' <Predicate = (!icmp_ln328)> <Delay = 0.00>
ST_32 : Operation 430 [1/1] (0.30ns)   --->   "%phi_idx_18 = select i1 %icmp_ln162_4, i7 %add_ln163_4, i7 %zext_ln162_4" [./calorimeter.h:162->./calorimeter.h:184->calorimeter.cpp:349]   --->   Operation 430 'select' 'phi_idx_18' <Predicate = (!icmp_ln328)> <Delay = 0.30> <CoreInst = "Sel">   --->   Core 73 'Sel' <Latency = 0> <II = 1> <Delay = 0.30> <FuncUnit> <Opcode : 'select'> <InPorts = 3> <OutPorts = 1>
ST_32 : Operation 431 [1/1] (0.00ns)   --->   "%sext_ln187_1 = sext i7 %phi_idx_18" [./calorimeter.h:187->calorimeter.cpp:349]   --->   Operation 431 'sext' 'sext_ln187_1' <Predicate = (!icmp_ln328)> <Delay = 0.00>
ST_32 : Operation 432 [1/1] (0.73ns)   --->   "%add_ln187_119 = add i11 %sub_ln187_2, i11 %sext_ln187_1" [./calorimeter.h:187->calorimeter.cpp:349]   --->   Operation 432 'add' 'add_ln187_119' <Predicate = (!icmp_ln328)> <Delay = 0.73> <CoreInst = "Adder">   --->   Core 1 'Adder' <Latency = 0> <II = 1> <Delay = 0.73> <FuncUnit> <Opcode : 'add' 'sub'> <InPorts = 2> <OutPorts = 1>
ST_32 : Operation 433 [1/1] (0.00ns)   --->   "%zext_ln187_130 = zext i11 %add_ln187_119" [./calorimeter.h:187->calorimeter.cpp:349]   --->   Operation 433 'zext' 'zext_ln187_130' <Predicate = (!icmp_ln328)> <Delay = 0.00>
ST_32 : Operation 434 [1/1] (0.00ns)   --->   "%towers_addr_83 = getelementptr i12 %towers, i64 0, i64 %zext_ln187_130" [./calorimeter.h:187->calorimeter.cpp:349]   --->   Operation 434 'getelementptr' 'towers_addr_83' <Predicate = (!icmp_ln328)> <Delay = 0.00>
ST_32 : Operation 435 [2/2] (1.20ns)   --->   "%towers_load_21 = load i11 %towers_addr_83" [./calorimeter.h:187->calorimeter.cpp:349]   --->   Operation 435 'load' 'towers_load_21' <Predicate = (!icmp_ln328)> <Delay = 1.20> <CoreInst = "RAM">   --->   Core 82 'RAM' <Latency = 1> <II = 1> <Delay = 1.20> <Storage> <Opcode : 'load' 'store'> <Ports = 2> <Width = 12> <Depth = 1800> <RAM>
ST_32 : Operation 436 [1/1] (0.74ns)   --->   "%add_ln187_87 = add i13 %zext_ln184_3, i13 %zext_ln184_4" [./calorimeter.h:187->calorimeter.cpp:349]   --->   Operation 436 'add' 'add_ln187_87' <Predicate = (!icmp_ln328)> <Delay = 0.74> <CoreInst = "Adder">   --->   Core 1 'Adder' <Latency = 0> <II = 1> <Delay = 0.75> <FuncUnit> <Opcode : 'add' 'sub'> <InPorts = 2> <OutPorts = 1>

State 33 <SV = 32> <Delay = 1.93>
ST_33 : Operation 437 [1/2] (1.20ns)   --->   "%towers_load_21 = load i11 %towers_addr_83" [./calorimeter.h:187->calorimeter.cpp:349]   --->   Operation 437 'load' 'towers_load_21' <Predicate = (!icmp_ln328)> <Delay = 1.20> <CoreInst = "RAM">   --->   Core 82 'RAM' <Latency = 1> <II = 1> <Delay = 1.20> <Storage> <Opcode : 'load' 'store'> <Ports = 2> <Width = 12> <Depth = 1800> <RAM>
ST_33 : Operation 438 [1/1] (0.73ns)   --->   "%add_ln187_126 = add i11 %sub_ln187, i11 %zext_ln187_128" [./calorimeter.h:187->calorimeter.cpp:349]   --->   Operation 438 'add' 'add_ln187_126' <Predicate = (!icmp_ln328)> <Delay = 0.73> <CoreInst = "Adder">   --->   Core 1 'Adder' <Latency = 0> <II = 1> <Delay = 0.73> <FuncUnit> <Opcode : 'add' 'sub'> <InPorts = 2> <OutPorts = 1>
ST_33 : Operation 439 [1/1] (0.00ns)   --->   "%zext_ln187_137 = zext i11 %add_ln187_126" [./calorimeter.h:187->calorimeter.cpp:349]   --->   Operation 439 'zext' 'zext_ln187_137' <Predicate = (!icmp_ln328)> <Delay = 0.00>
ST_33 : Operation 440 [1/1] (0.00ns)   --->   "%towers_addr_84 = getelementptr i12 %towers, i64 0, i64 %zext_ln187_137" [./calorimeter.h:187->calorimeter.cpp:349]   --->   Operation 440 'getelementptr' 'towers_addr_84' <Predicate = (!icmp_ln328)> <Delay = 0.00>
ST_33 : Operation 441 [2/2] (1.20ns)   --->   "%towers_load_22 = load i11 %towers_addr_84" [./calorimeter.h:187->calorimeter.cpp:349]   --->   Operation 441 'load' 'towers_load_22' <Predicate = (!icmp_ln328)> <Delay = 1.20> <CoreInst = "RAM">   --->   Core 82 'RAM' <Latency = 1> <II = 1> <Delay = 1.20> <Storage> <Opcode : 'load' 'store'> <Ports = 2> <Width = 12> <Depth = 1800> <RAM>

State 34 <SV = 33> <Delay = 2.70>
ST_34 : Operation 442 [1/1] (0.73ns)   --->   "%add_ln187_120 = add i11 %sub_ln187, i11 %sext_ln187_1" [./calorimeter.h:187->calorimeter.cpp:349]   --->   Operation 442 'add' 'add_ln187_120' <Predicate = (!icmp_ln328)> <Delay = 0.73> <CoreInst = "Adder">   --->   Core 1 'Adder' <Latency = 0> <II = 1> <Delay = 0.73> <FuncUnit> <Opcode : 'add' 'sub'> <InPorts = 2> <OutPorts = 1>
ST_34 : Operation 443 [1/1] (0.00ns)   --->   "%zext_ln187_131 = zext i11 %add_ln187_120" [./calorimeter.h:187->calorimeter.cpp:349]   --->   Operation 443 'zext' 'zext_ln187_131' <Predicate = (!icmp_ln328)> <Delay = 0.00>
ST_34 : Operation 444 [1/1] (0.00ns)   --->   "%towers_addr_86 = getelementptr i12 %towers, i64 0, i64 %zext_ln187_131" [./calorimeter.h:187->calorimeter.cpp:349]   --->   Operation 444 'getelementptr' 'towers_addr_86' <Predicate = (!icmp_ln328)> <Delay = 0.00>
ST_34 : Operation 445 [1/1] (0.00ns)   --->   "%zext_ln160 = zext i12 %towers_load_21" [./calorimeter.h:160->./calorimeter.h:184->calorimeter.cpp:349]   --->   Operation 445 'zext' 'zext_ln160' <Predicate = (!icmp_ln328)> <Delay = 0.00>
ST_34 : Operation 446 [1/2] (1.20ns)   --->   "%towers_load_22 = load i11 %towers_addr_84" [./calorimeter.h:187->calorimeter.cpp:349]   --->   Operation 446 'load' 'towers_load_22' <Predicate = (!icmp_ln328)> <Delay = 1.20> <CoreInst = "RAM">   --->   Core 82 'RAM' <Latency = 1> <II = 1> <Delay = 1.20> <Storage> <Opcode : 'load' 'store'> <Ports = 2> <Width = 12> <Depth = 1800> <RAM>
ST_34 : Operation 447 [1/1] (0.00ns)   --->   "%zext_ln349_3 = zext i12 %towers_load_22" [calorimeter.cpp:349]   --->   Operation 447 'zext' 'zext_ln349_3' <Predicate = (!icmp_ln328)> <Delay = 0.00>
ST_34 : Operation 448 [2/2] (1.20ns)   --->   "%towers_load_23 = load i11 %towers_addr_86" [./calorimeter.h:187->calorimeter.cpp:349]   --->   Operation 448 'load' 'towers_load_23' <Predicate = (!icmp_ln328)> <Delay = 1.20> <CoreInst = "RAM">   --->   Core 82 'RAM' <Latency = 1> <II = 1> <Delay = 1.20> <Storage> <Opcode : 'load' 'store'> <Ports = 2> <Width = 12> <Depth = 1800> <RAM>
ST_34 : Operation 449 [1/1] (0.00ns)   --->   "%zext_ln187_86 = zext i13 %add_ln187_87" [./calorimeter.h:187->calorimeter.cpp:349]   --->   Operation 449 'zext' 'zext_ln187_86' <Predicate = (!icmp_ln328)> <Delay = 0.00>
ST_34 : Operation 450 [1/1] (0.74ns)   --->   "%add_ln187_88 = add i13 %zext_ln160, i13 %zext_ln349_3" [./calorimeter.h:187->calorimeter.cpp:349]   --->   Operation 450 'add' 'add_ln187_88' <Predicate = (!icmp_ln328)> <Delay = 0.74> <CoreInst = "Adder">   --->   Core 1 'Adder' <Latency = 0> <II = 1> <Delay = 0.75> <FuncUnit> <Opcode : 'add' 'sub'> <InPorts = 2> <OutPorts = 1>
ST_34 : Operation 451 [1/1] (0.00ns)   --->   "%zext_ln187_87 = zext i13 %add_ln187_88" [./calorimeter.h:187->calorimeter.cpp:349]   --->   Operation 451 'zext' 'zext_ln187_87' <Predicate = (!icmp_ln328)> <Delay = 0.00>
ST_34 : Operation 452 [1/1] (0.75ns)   --->   "%add_ln187_89 = add i14 %zext_ln187_87, i14 %zext_ln187_86" [./calorimeter.h:187->calorimeter.cpp:349]   --->   Operation 452 'add' 'add_ln187_89' <Predicate = (!icmp_ln328)> <Delay = 0.75> <CoreInst = "Adder">   --->   Core 1 'Adder' <Latency = 0> <II = 1> <Delay = 0.76> <FuncUnit> <Opcode : 'add' 'sub'> <InPorts = 2> <OutPorts = 1>

State 35 <SV = 34> <Delay = 1.94>
ST_35 : Operation 453 [1/1] (0.73ns)   --->   "%add_ln187_127 = add i11 %sub_ln216, i11 %zext_ln187_128" [./calorimeter.h:187->calorimeter.cpp:349]   --->   Operation 453 'add' 'add_ln187_127' <Predicate = (!icmp_ln328)> <Delay = 0.73> <CoreInst = "Adder">   --->   Core 1 'Adder' <Latency = 0> <II = 1> <Delay = 0.73> <FuncUnit> <Opcode : 'add' 'sub'> <InPorts = 2> <OutPorts = 1>
ST_35 : Operation 454 [1/1] (0.00ns)   --->   "%zext_ln187_138 = zext i11 %add_ln187_127" [./calorimeter.h:187->calorimeter.cpp:349]   --->   Operation 454 'zext' 'zext_ln187_138' <Predicate = (!icmp_ln328)> <Delay = 0.00>
ST_35 : Operation 455 [1/1] (0.00ns)   --->   "%towers_addr_87 = getelementptr i12 %towers, i64 0, i64 %zext_ln187_138" [./calorimeter.h:187->calorimeter.cpp:349]   --->   Operation 455 'getelementptr' 'towers_addr_87' <Predicate = (!icmp_ln328)> <Delay = 0.00>
ST_35 : Operation 456 [1/2] (1.20ns)   --->   "%towers_load_23 = load i11 %towers_addr_86" [./calorimeter.h:187->calorimeter.cpp:349]   --->   Operation 456 'load' 'towers_load_23' <Predicate = (!icmp_ln328)> <Delay = 1.20> <CoreInst = "RAM">   --->   Core 82 'RAM' <Latency = 1> <II = 1> <Delay = 1.20> <Storage> <Opcode : 'load' 'store'> <Ports = 2> <Width = 12> <Depth = 1800> <RAM>
ST_35 : Operation 457 [1/1] (0.00ns)   --->   "%zext_ln349_4 = zext i12 %towers_load_23" [calorimeter.cpp:349]   --->   Operation 457 'zext' 'zext_ln349_4' <Predicate = (!icmp_ln328)> <Delay = 0.00>
ST_35 : Operation 458 [2/2] (1.20ns)   --->   "%towers_load_24 = load i11 %towers_addr_87" [./calorimeter.h:187->calorimeter.cpp:349]   --->   Operation 458 'load' 'towers_load_24' <Predicate = (!icmp_ln328)> <Delay = 1.20> <CoreInst = "RAM">   --->   Core 82 'RAM' <Latency = 1> <II = 1> <Delay = 1.20> <Storage> <Opcode : 'load' 'store'> <Ports = 2> <Width = 12> <Depth = 1800> <RAM>
ST_35 : Operation 459 [1/1] (0.74ns)   --->   "%add_ln187_91 = add i13 %zext_ln187_21, i13 %zext_ln349_4" [./calorimeter.h:187->calorimeter.cpp:349]   --->   Operation 459 'add' 'add_ln187_91' <Predicate = (!icmp_ln328)> <Delay = 0.74> <CoreInst = "Adder">   --->   Core 1 'Adder' <Latency = 0> <II = 1> <Delay = 0.75> <FuncUnit> <Opcode : 'add' 'sub'> <InPorts = 2> <OutPorts = 1>

State 36 <SV = 35> <Delay = 1.93>
ST_36 : Operation 460 [1/1] (0.73ns)   --->   "%add_ln187_121 = add i11 %sub_ln216, i11 %sext_ln187_1" [./calorimeter.h:187->calorimeter.cpp:349]   --->   Operation 460 'add' 'add_ln187_121' <Predicate = (!icmp_ln328)> <Delay = 0.73> <CoreInst = "Adder">   --->   Core 1 'Adder' <Latency = 0> <II = 1> <Delay = 0.73> <FuncUnit> <Opcode : 'add' 'sub'> <InPorts = 2> <OutPorts = 1>
ST_36 : Operation 461 [1/1] (0.00ns)   --->   "%zext_ln187_132 = zext i11 %add_ln187_121" [./calorimeter.h:187->calorimeter.cpp:349]   --->   Operation 461 'zext' 'zext_ln187_132' <Predicate = (!icmp_ln328)> <Delay = 0.00>
ST_36 : Operation 462 [1/1] (0.00ns)   --->   "%towers_addr_88 = getelementptr i12 %towers, i64 0, i64 %zext_ln187_132" [./calorimeter.h:187->calorimeter.cpp:349]   --->   Operation 462 'getelementptr' 'towers_addr_88' <Predicate = (!icmp_ln328)> <Delay = 0.00>
ST_36 : Operation 463 [1/2] (1.20ns)   --->   "%towers_load_24 = load i11 %towers_addr_87" [./calorimeter.h:187->calorimeter.cpp:349]   --->   Operation 463 'load' 'towers_load_24' <Predicate = (!icmp_ln328)> <Delay = 1.20> <CoreInst = "RAM">   --->   Core 82 'RAM' <Latency = 1> <II = 1> <Delay = 1.20> <Storage> <Opcode : 'load' 'store'> <Ports = 2> <Width = 12> <Depth = 1800> <RAM>
ST_36 : Operation 464 [2/2] (1.20ns)   --->   "%towers_load_25 = load i11 %towers_addr_88" [./calorimeter.h:187->calorimeter.cpp:349]   --->   Operation 464 'load' 'towers_load_25' <Predicate = (!icmp_ln328)> <Delay = 1.20> <CoreInst = "RAM">   --->   Core 82 'RAM' <Latency = 1> <II = 1> <Delay = 1.20> <Storage> <Opcode : 'load' 'store'> <Ports = 2> <Width = 12> <Depth = 1800> <RAM>

State 37 <SV = 36> <Delay = 2.70>
ST_37 : Operation 465 [1/1] (0.73ns)   --->   "%add_ln187_128 = add i11 %sub_ln342, i11 %zext_ln187_128" [./calorimeter.h:187->calorimeter.cpp:349]   --->   Operation 465 'add' 'add_ln187_128' <Predicate = (!icmp_ln328)> <Delay = 0.73> <CoreInst = "Adder">   --->   Core 1 'Adder' <Latency = 0> <II = 1> <Delay = 0.73> <FuncUnit> <Opcode : 'add' 'sub'> <InPorts = 2> <OutPorts = 1>
ST_37 : Operation 466 [1/1] (0.00ns)   --->   "%zext_ln187_139 = zext i11 %add_ln187_128" [./calorimeter.h:187->calorimeter.cpp:349]   --->   Operation 466 'zext' 'zext_ln187_139' <Predicate = (!icmp_ln328)> <Delay = 0.00>
ST_37 : Operation 467 [1/1] (0.00ns)   --->   "%towers_addr_89 = getelementptr i12 %towers, i64 0, i64 %zext_ln187_139" [./calorimeter.h:187->calorimeter.cpp:349]   --->   Operation 467 'getelementptr' 'towers_addr_89' <Predicate = (!icmp_ln328)> <Delay = 0.00>
ST_37 : Operation 468 [1/1] (0.00ns)   --->   "%zext_ln349_5 = zext i12 %towers_load_24" [calorimeter.cpp:349]   --->   Operation 468 'zext' 'zext_ln349_5' <Predicate = (!icmp_ln328)> <Delay = 0.00>
ST_37 : Operation 469 [1/2] (1.20ns)   --->   "%towers_load_25 = load i11 %towers_addr_88" [./calorimeter.h:187->calorimeter.cpp:349]   --->   Operation 469 'load' 'towers_load_25' <Predicate = (!icmp_ln328)> <Delay = 1.20> <CoreInst = "RAM">   --->   Core 82 'RAM' <Latency = 1> <II = 1> <Delay = 1.20> <Storage> <Opcode : 'load' 'store'> <Ports = 2> <Width = 12> <Depth = 1800> <RAM>
ST_37 : Operation 470 [1/1] (0.00ns)   --->   "%zext_ln183_4 = zext i12 %towers_load_25" [./calorimeter.h:183->calorimeter.cpp:349]   --->   Operation 470 'zext' 'zext_ln183_4' <Predicate = (!icmp_ln328)> <Delay = 0.00>
ST_37 : Operation 471 [2/2] (1.20ns)   --->   "%towers_load_26 = load i11 %towers_addr_89" [./calorimeter.h:187->calorimeter.cpp:349]   --->   Operation 471 'load' 'towers_load_26' <Predicate = (!icmp_ln328)> <Delay = 1.20> <CoreInst = "RAM">   --->   Core 82 'RAM' <Latency = 1> <II = 1> <Delay = 1.20> <Storage> <Opcode : 'load' 'store'> <Ports = 2> <Width = 12> <Depth = 1800> <RAM>
ST_37 : Operation 472 [1/1] (0.00ns)   --->   "%zext_ln187_89 = zext i13 %add_ln187_91" [./calorimeter.h:187->calorimeter.cpp:349]   --->   Operation 472 'zext' 'zext_ln187_89' <Predicate = (!icmp_ln328)> <Delay = 0.00>
ST_37 : Operation 473 [1/1] (0.74ns)   --->   "%add_ln187_92 = add i13 %zext_ln349_5, i13 %zext_ln183_4" [./calorimeter.h:187->calorimeter.cpp:349]   --->   Operation 473 'add' 'add_ln187_92' <Predicate = (!icmp_ln328)> <Delay = 0.74> <CoreInst = "Adder">   --->   Core 1 'Adder' <Latency = 0> <II = 1> <Delay = 0.75> <FuncUnit> <Opcode : 'add' 'sub'> <InPorts = 2> <OutPorts = 1>
ST_37 : Operation 474 [1/1] (0.00ns)   --->   "%zext_ln187_90 = zext i13 %add_ln187_92" [./calorimeter.h:187->calorimeter.cpp:349]   --->   Operation 474 'zext' 'zext_ln187_90' <Predicate = (!icmp_ln328)> <Delay = 0.00>
ST_37 : Operation 475 [1/1] (0.75ns)   --->   "%add_ln187_93 = add i14 %zext_ln187_90, i14 %zext_ln187_89" [./calorimeter.h:187->calorimeter.cpp:349]   --->   Operation 475 'add' 'add_ln187_93' <Predicate = (!icmp_ln328)> <Delay = 0.75> <CoreInst = "Adder">   --->   Core 1 'Adder' <Latency = 0> <II = 1> <Delay = 0.76> <FuncUnit> <Opcode : 'add' 'sub'> <InPorts = 2> <OutPorts = 1>

State 38 <SV = 37> <Delay = 1.93>
ST_38 : Operation 476 [1/1] (0.73ns)   --->   "%add_ln187_122 = add i11 %sub_ln342, i11 %sext_ln187_1" [./calorimeter.h:187->calorimeter.cpp:349]   --->   Operation 476 'add' 'add_ln187_122' <Predicate = (!icmp_ln328)> <Delay = 0.73> <CoreInst = "Adder">   --->   Core 1 'Adder' <Latency = 0> <II = 1> <Delay = 0.73> <FuncUnit> <Opcode : 'add' 'sub'> <InPorts = 2> <OutPorts = 1>
ST_38 : Operation 477 [1/1] (0.00ns)   --->   "%zext_ln187_133 = zext i11 %add_ln187_122" [./calorimeter.h:187->calorimeter.cpp:349]   --->   Operation 477 'zext' 'zext_ln187_133' <Predicate = (!icmp_ln328)> <Delay = 0.00>
ST_38 : Operation 478 [1/1] (0.00ns)   --->   "%towers_addr_90 = getelementptr i12 %towers, i64 0, i64 %zext_ln187_133" [./calorimeter.h:187->calorimeter.cpp:349]   --->   Operation 478 'getelementptr' 'towers_addr_90' <Predicate = (!icmp_ln328)> <Delay = 0.00>
ST_38 : Operation 479 [1/2] (1.20ns)   --->   "%towers_load_26 = load i11 %towers_addr_89" [./calorimeter.h:187->calorimeter.cpp:349]   --->   Operation 479 'load' 'towers_load_26' <Predicate = (!icmp_ln328)> <Delay = 1.20> <CoreInst = "RAM">   --->   Core 82 'RAM' <Latency = 1> <II = 1> <Delay = 1.20> <Storage> <Opcode : 'load' 'store'> <Ports = 2> <Width = 12> <Depth = 1800> <RAM>
ST_38 : Operation 480 [2/2] (1.20ns)   --->   "%towers_load_27 = load i11 %towers_addr_90" [./calorimeter.h:187->calorimeter.cpp:349]   --->   Operation 480 'load' 'towers_load_27' <Predicate = (!icmp_ln328)> <Delay = 1.20> <CoreInst = "RAM">   --->   Core 82 'RAM' <Latency = 1> <II = 1> <Delay = 1.20> <Storage> <Opcode : 'load' 'store'> <Ports = 2> <Width = 12> <Depth = 1800> <RAM>

State 39 <SV = 38> <Delay = 1.94>
ST_39 : Operation 481 [1/1] (0.73ns)   --->   "%add_ln187_129 = add i11 %sub_ln216_6, i11 %zext_ln187_128" [./calorimeter.h:187->calorimeter.cpp:349]   --->   Operation 481 'add' 'add_ln187_129' <Predicate = (!icmp_ln328)> <Delay = 0.73> <CoreInst = "Adder">   --->   Core 1 'Adder' <Latency = 0> <II = 1> <Delay = 0.73> <FuncUnit> <Opcode : 'add' 'sub'> <InPorts = 2> <OutPorts = 1>
ST_39 : Operation 482 [1/1] (0.00ns)   --->   "%zext_ln187_140 = zext i11 %add_ln187_129" [./calorimeter.h:187->calorimeter.cpp:349]   --->   Operation 482 'zext' 'zext_ln187_140' <Predicate = (!icmp_ln328)> <Delay = 0.00>
ST_39 : Operation 483 [1/1] (0.00ns)   --->   "%towers_addr_91 = getelementptr i12 %towers, i64 0, i64 %zext_ln187_140" [./calorimeter.h:187->calorimeter.cpp:349]   --->   Operation 483 'getelementptr' 'towers_addr_91' <Predicate = (!icmp_ln328)> <Delay = 0.00>
ST_39 : Operation 484 [1/1] (0.00ns)   --->   "%zext_ln349_6 = zext i12 %towers_load_26" [calorimeter.cpp:349]   --->   Operation 484 'zext' 'zext_ln349_6' <Predicate = (!icmp_ln328)> <Delay = 0.00>
ST_39 : Operation 485 [1/2] (1.20ns)   --->   "%towers_load_27 = load i11 %towers_addr_90" [./calorimeter.h:187->calorimeter.cpp:349]   --->   Operation 485 'load' 'towers_load_27' <Predicate = (!icmp_ln328)> <Delay = 1.20> <CoreInst = "RAM">   --->   Core 82 'RAM' <Latency = 1> <II = 1> <Delay = 1.20> <Storage> <Opcode : 'load' 'store'> <Ports = 2> <Width = 12> <Depth = 1800> <RAM>
ST_39 : Operation 486 [1/1] (0.00ns)   --->   "%zext_ln187_63 = zext i12 %towers_load_27" [./calorimeter.h:187->calorimeter.cpp:349]   --->   Operation 486 'zext' 'zext_ln187_63' <Predicate = (!icmp_ln328)> <Delay = 0.00>
ST_39 : Operation 487 [2/2] (1.20ns)   --->   "%towers_load_28 = load i11 %towers_addr_91" [./calorimeter.h:187->calorimeter.cpp:349]   --->   Operation 487 'load' 'towers_load_28' <Predicate = (!icmp_ln328)> <Delay = 1.20> <CoreInst = "RAM">   --->   Core 82 'RAM' <Latency = 1> <II = 1> <Delay = 1.20> <Storage> <Opcode : 'load' 'store'> <Ports = 2> <Width = 12> <Depth = 1800> <RAM>
ST_39 : Operation 488 [1/1] (0.74ns)   --->   "%add_ln187_94 = add i13 %zext_ln349_6, i13 %zext_ln187_63" [./calorimeter.h:187->calorimeter.cpp:349]   --->   Operation 488 'add' 'add_ln187_94' <Predicate = (!icmp_ln328)> <Delay = 0.74> <CoreInst = "Adder">   --->   Core 1 'Adder' <Latency = 0> <II = 1> <Delay = 0.75> <FuncUnit> <Opcode : 'add' 'sub'> <InPorts = 2> <OutPorts = 1>

State 40 <SV = 39> <Delay = 1.93>
ST_40 : Operation 489 [1/1] (0.73ns)   --->   "%add_ln187_123 = add i11 %sub_ln216_6, i11 %sext_ln187_1" [./calorimeter.h:187->calorimeter.cpp:349]   --->   Operation 489 'add' 'add_ln187_123' <Predicate = (!icmp_ln328)> <Delay = 0.73> <CoreInst = "Adder">   --->   Core 1 'Adder' <Latency = 0> <II = 1> <Delay = 0.73> <FuncUnit> <Opcode : 'add' 'sub'> <InPorts = 2> <OutPorts = 1>
ST_40 : Operation 490 [1/1] (0.00ns)   --->   "%zext_ln187_134 = zext i11 %add_ln187_123" [./calorimeter.h:187->calorimeter.cpp:349]   --->   Operation 490 'zext' 'zext_ln187_134' <Predicate = (!icmp_ln328)> <Delay = 0.00>
ST_40 : Operation 491 [1/1] (0.00ns)   --->   "%towers_addr_92 = getelementptr i12 %towers, i64 0, i64 %zext_ln187_134" [./calorimeter.h:187->calorimeter.cpp:349]   --->   Operation 491 'getelementptr' 'towers_addr_92' <Predicate = (!icmp_ln328)> <Delay = 0.00>
ST_40 : Operation 492 [1/2] (1.20ns)   --->   "%towers_load_28 = load i11 %towers_addr_91" [./calorimeter.h:187->calorimeter.cpp:349]   --->   Operation 492 'load' 'towers_load_28' <Predicate = (!icmp_ln328)> <Delay = 1.20> <CoreInst = "RAM">   --->   Core 82 'RAM' <Latency = 1> <II = 1> <Delay = 1.20> <Storage> <Opcode : 'load' 'store'> <Ports = 2> <Width = 12> <Depth = 1800> <RAM>
ST_40 : Operation 493 [2/2] (1.20ns)   --->   "%towers_load_29 = load i11 %towers_addr_92" [./calorimeter.h:187->calorimeter.cpp:349]   --->   Operation 493 'load' 'towers_load_29' <Predicate = (!icmp_ln328)> <Delay = 1.20> <CoreInst = "RAM">   --->   Core 82 'RAM' <Latency = 1> <II = 1> <Delay = 1.20> <Storage> <Opcode : 'load' 'store'> <Ports = 2> <Width = 12> <Depth = 1800> <RAM>

State 41 <SV = 40> <Delay = 1.93>
ST_41 : Operation 494 [1/1] (0.73ns)   --->   "%add_ln187_130 = add i11 %sub_ln187_1, i11 %zext_ln187_128" [./calorimeter.h:187->calorimeter.cpp:349]   --->   Operation 494 'add' 'add_ln187_130' <Predicate = (!icmp_ln328)> <Delay = 0.73> <CoreInst = "Adder">   --->   Core 1 'Adder' <Latency = 0> <II = 1> <Delay = 0.73> <FuncUnit> <Opcode : 'add' 'sub'> <InPorts = 2> <OutPorts = 1>
ST_41 : Operation 495 [1/1] (0.00ns)   --->   "%zext_ln187_141 = zext i11 %add_ln187_130" [./calorimeter.h:187->calorimeter.cpp:349]   --->   Operation 495 'zext' 'zext_ln187_141' <Predicate = (!icmp_ln328)> <Delay = 0.00>
ST_41 : Operation 496 [1/1] (0.00ns)   --->   "%towers_addr_93 = getelementptr i12 %towers, i64 0, i64 %zext_ln187_141" [./calorimeter.h:187->calorimeter.cpp:349]   --->   Operation 496 'getelementptr' 'towers_addr_93' <Predicate = (!icmp_ln328)> <Delay = 0.00>
ST_41 : Operation 497 [1/2] (1.20ns)   --->   "%towers_load_29 = load i11 %towers_addr_92" [./calorimeter.h:187->calorimeter.cpp:349]   --->   Operation 497 'load' 'towers_load_29' <Predicate = (!icmp_ln328)> <Delay = 1.20> <CoreInst = "RAM">   --->   Core 82 'RAM' <Latency = 1> <II = 1> <Delay = 1.20> <Storage> <Opcode : 'load' 'store'> <Ports = 2> <Width = 12> <Depth = 1800> <RAM>
ST_41 : Operation 498 [2/2] (1.20ns)   --->   "%towers_load_30 = load i11 %towers_addr_93" [./calorimeter.h:187->calorimeter.cpp:349]   --->   Operation 498 'load' 'towers_load_30' <Predicate = (!icmp_ln328)> <Delay = 1.20> <CoreInst = "RAM">   --->   Core 82 'RAM' <Latency = 1> <II = 1> <Delay = 1.20> <Storage> <Opcode : 'load' 'store'> <Ports = 2> <Width = 12> <Depth = 1800> <RAM>

State 42 <SV = 41> <Delay = 4.92>
ST_42 : Operation 499 [1/1] (0.73ns)   --->   "%add_ln187_124 = add i11 %sub_ln187_1, i11 %sext_ln187_1" [./calorimeter.h:187->calorimeter.cpp:349]   --->   Operation 499 'add' 'add_ln187_124' <Predicate = (!icmp_ln328)> <Delay = 0.73> <CoreInst = "Adder">   --->   Core 1 'Adder' <Latency = 0> <II = 1> <Delay = 0.73> <FuncUnit> <Opcode : 'add' 'sub'> <InPorts = 2> <OutPorts = 1>
ST_42 : Operation 500 [1/1] (0.00ns)   --->   "%zext_ln187_135 = zext i11 %add_ln187_124" [./calorimeter.h:187->calorimeter.cpp:349]   --->   Operation 500 'zext' 'zext_ln187_135' <Predicate = (!icmp_ln328)> <Delay = 0.00>
ST_42 : Operation 501 [1/1] (0.00ns)   --->   "%towers_addr_94 = getelementptr i12 %towers, i64 0, i64 %zext_ln187_135" [./calorimeter.h:187->calorimeter.cpp:349]   --->   Operation 501 'getelementptr' 'towers_addr_94' <Predicate = (!icmp_ln328)> <Delay = 0.00>
ST_42 : Operation 502 [1/1] (0.00ns)   --->   "%zext_ln187_64 = zext i12 %towers_load_28" [./calorimeter.h:187->calorimeter.cpp:349]   --->   Operation 502 'zext' 'zext_ln187_64' <Predicate = (!icmp_ln328)> <Delay = 0.00>
ST_42 : Operation 503 [1/1] (0.00ns)   --->   "%zext_ln187_65 = zext i12 %towers_load_29" [./calorimeter.h:187->calorimeter.cpp:349]   --->   Operation 503 'zext' 'zext_ln187_65' <Predicate = (!icmp_ln328)> <Delay = 0.00>
ST_42 : Operation 504 [1/2] (1.20ns)   --->   "%towers_load_30 = load i11 %towers_addr_93" [./calorimeter.h:187->calorimeter.cpp:349]   --->   Operation 504 'load' 'towers_load_30' <Predicate = (!icmp_ln328)> <Delay = 1.20> <CoreInst = "RAM">   --->   Core 82 'RAM' <Latency = 1> <II = 1> <Delay = 1.20> <Storage> <Opcode : 'load' 'store'> <Ports = 2> <Width = 12> <Depth = 1800> <RAM>
ST_42 : Operation 505 [1/1] (0.00ns)   --->   "%zext_ln187_66 = zext i12 %towers_load_30" [./calorimeter.h:187->calorimeter.cpp:349]   --->   Operation 505 'zext' 'zext_ln187_66' <Predicate = (!icmp_ln328)> <Delay = 0.00>
ST_42 : Operation 506 [2/2] (1.20ns)   --->   "%towers_load_31 = load i11 %towers_addr_94" [./calorimeter.h:187->calorimeter.cpp:349]   --->   Operation 506 'load' 'towers_load_31' <Predicate = (!icmp_ln328)> <Delay = 1.20> <CoreInst = "RAM">   --->   Core 82 'RAM' <Latency = 1> <II = 1> <Delay = 1.20> <Storage> <Opcode : 'load' 'store'> <Ports = 2> <Width = 12> <Depth = 1800> <RAM>
ST_42 : Operation 507 [1/1] (0.00ns)   --->   "%zext_ln187_88 = zext i14 %add_ln187_89" [./calorimeter.h:187->calorimeter.cpp:349]   --->   Operation 507 'zext' 'zext_ln187_88' <Predicate = (!icmp_ln328)> <Delay = 0.00>
ST_42 : Operation 508 [1/1] (0.00ns) (grouped into TernaryAdder)   --->   "%add_ln187_90 = add i17 %zext_ln187_88, i17 %add_ln187_86" [./calorimeter.h:187->calorimeter.cpp:349]   --->   Operation 508 'add' 'add_ln187_90' <Predicate = (!icmp_ln328)> <Delay = 0.00> <CoreInst = "TAddSub">   --->   Core 10 'TAddSub' <Latency = 0> <II = 1> <Delay = 0.33> <IPBlock> <Opcode : '' 'add' 'sub'> <InPorts = 3> <OutPorts = 1> <Sync> <CReg>
ST_42 : Operation 509 [1/1] (0.00ns)   --->   "%zext_ln187_91 = zext i14 %add_ln187_93" [./calorimeter.h:187->calorimeter.cpp:349]   --->   Operation 509 'zext' 'zext_ln187_91' <Predicate = (!icmp_ln328)> <Delay = 0.00>
ST_42 : Operation 510 [1/1] (0.00ns)   --->   "%zext_ln187_92 = zext i13 %add_ln187_94" [./calorimeter.h:187->calorimeter.cpp:349]   --->   Operation 510 'zext' 'zext_ln187_92' <Predicate = (!icmp_ln328)> <Delay = 0.00>
ST_42 : Operation 511 [1/1] (0.74ns)   --->   "%add_ln187_95 = add i13 %zext_ln187_65, i13 %zext_ln187_66" [./calorimeter.h:187->calorimeter.cpp:349]   --->   Operation 511 'add' 'add_ln187_95' <Predicate = (!icmp_ln328)> <Delay = 0.74> <CoreInst = "Adder">   --->   Core 1 'Adder' <Latency = 0> <II = 1> <Delay = 0.75> <FuncUnit> <Opcode : 'add' 'sub'> <InPorts = 2> <OutPorts = 1>
ST_42 : Operation 512 [1/1] (0.00ns)   --->   "%zext_ln187_93 = zext i13 %add_ln187_95" [./calorimeter.h:187->calorimeter.cpp:349]   --->   Operation 512 'zext' 'zext_ln187_93' <Predicate = (!icmp_ln328)> <Delay = 0.00>
ST_42 : Operation 513 [1/1] (0.75ns)   --->   "%add_ln187_96 = add i14 %zext_ln187_93, i14 %zext_ln187_64" [./calorimeter.h:187->calorimeter.cpp:349]   --->   Operation 513 'add' 'add_ln187_96' <Predicate = (!icmp_ln328)> <Delay = 0.75> <CoreInst = "Adder">   --->   Core 1 'Adder' <Latency = 0> <II = 1> <Delay = 0.76> <FuncUnit> <Opcode : 'add' 'sub'> <InPorts = 2> <OutPorts = 1>
ST_42 : Operation 514 [1/1] (0.00ns)   --->   "%zext_ln187_94 = zext i14 %add_ln187_96" [./calorimeter.h:187->calorimeter.cpp:349]   --->   Operation 514 'zext' 'zext_ln187_94' <Predicate = (!icmp_ln328)> <Delay = 0.00>
ST_42 : Operation 515 [1/1] (0.76ns)   --->   "%add_ln187_97 = add i15 %zext_ln187_94, i15 %zext_ln187_92" [./calorimeter.h:187->calorimeter.cpp:349]   --->   Operation 515 'add' 'add_ln187_97' <Predicate = (!icmp_ln328)> <Delay = 0.76> <CoreInst = "Adder">   --->   Core 1 'Adder' <Latency = 0> <II = 1> <Delay = 0.77> <FuncUnit> <Opcode : 'add' 'sub'> <InPorts = 2> <OutPorts = 1>
ST_42 : Operation 516 [1/1] (0.00ns)   --->   "%zext_ln187_95 = zext i15 %add_ln187_97" [./calorimeter.h:187->calorimeter.cpp:349]   --->   Operation 516 'zext' 'zext_ln187_95' <Predicate = (!icmp_ln328)> <Delay = 0.00>
ST_42 : Operation 517 [1/1] (0.77ns)   --->   "%add_ln187_98 = add i16 %zext_ln187_95, i16 %zext_ln187_91" [./calorimeter.h:187->calorimeter.cpp:349]   --->   Operation 517 'add' 'add_ln187_98' <Predicate = (!icmp_ln328)> <Delay = 0.77> <CoreInst = "Adder">   --->   Core 1 'Adder' <Latency = 0> <II = 1> <Delay = 0.78> <FuncUnit> <Opcode : 'add' 'sub'> <InPorts = 2> <OutPorts = 1>
ST_42 : Operation 518 [1/1] (0.00ns)   --->   "%zext_ln187_96 = zext i16 %add_ln187_98" [./calorimeter.h:187->calorimeter.cpp:349]   --->   Operation 518 'zext' 'zext_ln187_96' <Predicate = (!icmp_ln328)> <Delay = 0.00>
ST_42 : Operation 519 [1/1] (0.67ns) (root node of TernaryAdder)   --->   "%sum7_et_17 = add i17 %zext_ln187_96, i17 %add_ln187_90" [./calorimeter.h:187->calorimeter.cpp:349]   --->   Operation 519 'add' 'sum7_et_17' <Predicate = (!icmp_ln328)> <Delay = 0.67> <CoreInst = "TAddSub">   --->   Core 10 'TAddSub' <Latency = 0> <II = 1> <Delay = 0.33> <IPBlock> <Opcode : '' 'add' 'sub'> <InPorts = 3> <OutPorts = 1> <Sync> <CReg>

State 43 <SV = 42> <Delay = 3.38>
ST_43 : Operation 520 [1/1] (0.70ns)   --->   "%empty_105 = add i5 %select_ln328_2, i5 3" [calorimeter.cpp:328]   --->   Operation 520 'add' 'empty_105' <Predicate = (!icmp_ln328)> <Delay = 0.70> <CoreInst = "Adder">   --->   Core 1 'Adder' <Latency = 0> <II = 1> <Delay = 0.70> <FuncUnit> <Opcode : 'add' 'sub'> <InPorts = 2> <OutPorts = 1>
ST_43 : Operation 521 [1/1] (0.00ns)   --->   "%p_shl14 = bitconcatenate i11 @_ssdm_op_BitConcatenate.i11.i5.i6, i5 %empty_105, i6 0" [./calorimeter.h:187->calorimeter.cpp:349]   --->   Operation 521 'bitconcatenate' 'p_shl14' <Predicate = (!icmp_ln328)> <Delay = 0.00>
ST_43 : Operation 522 [1/1] (0.00ns)   --->   "%tmp_17 = bitconcatenate i7 @_ssdm_op_BitConcatenate.i7.i5.i2, i5 %empty_105, i2 0" [./calorimeter.h:187->calorimeter.cpp:349]   --->   Operation 522 'bitconcatenate' 'tmp_17' <Predicate = (!icmp_ln328)> <Delay = 0.00>
ST_43 : Operation 523 [1/1] (0.00ns)   --->   "%zext_ln187_100 = zext i7 %tmp_17" [./calorimeter.h:187->calorimeter.cpp:349]   --->   Operation 523 'zext' 'zext_ln187_100' <Predicate = (!icmp_ln328)> <Delay = 0.00>
ST_43 : Operation 524 [1/1] (0.73ns)   --->   "%sub_ln187_3 = sub i11 %p_shl14, i11 %zext_ln187_100" [./calorimeter.h:187->calorimeter.cpp:349]   --->   Operation 524 'sub' 'sub_ln187_3' <Predicate = (!icmp_ln328)> <Delay = 0.73> <CoreInst = "Adder">   --->   Core 1 'Adder' <Latency = 0> <II = 1> <Delay = 0.73> <FuncUnit> <Opcode : 'add' 'sub'> <InPorts = 2> <OutPorts = 1>
ST_43 : Operation 525 [1/1] (0.73ns)   --->   "%add_ln187_61 = add i11 %sub_ln187_3, i11 %zext_ln342_1" [./calorimeter.h:187->calorimeter.cpp:349]   --->   Operation 525 'add' 'add_ln187_61' <Predicate = (!icmp_ln328)> <Delay = 0.73> <CoreInst = "Adder">   --->   Core 1 'Adder' <Latency = 0> <II = 1> <Delay = 0.73> <FuncUnit> <Opcode : 'add' 'sub'> <InPorts = 2> <OutPorts = 1>
ST_43 : Operation 526 [1/1] (0.73ns)   --->   "%add_ln187_69 = add i11 %sub_ln187_3, i11 %sext_ln216" [./calorimeter.h:187->calorimeter.cpp:349]   --->   Operation 526 'add' 'add_ln187_69' <Predicate = (!icmp_ln328)> <Delay = 0.73> <CoreInst = "Adder">   --->   Core 1 'Adder' <Latency = 0> <II = 1> <Delay = 0.73> <FuncUnit> <Opcode : 'add' 'sub'> <InPorts = 2> <OutPorts = 1>
ST_43 : Operation 527 [1/1] (0.73ns)   --->   "%add_ln187_99 = add i11 %sub_ln187_3, i11 %zext_ln216_60" [./calorimeter.h:187->calorimeter.cpp:349]   --->   Operation 527 'add' 'add_ln187_99' <Predicate = (!icmp_ln328)> <Delay = 0.73> <CoreInst = "Adder">   --->   Core 1 'Adder' <Latency = 0> <II = 1> <Delay = 0.73> <FuncUnit> <Opcode : 'add' 'sub'> <InPorts = 2> <OutPorts = 1>
ST_43 : Operation 528 [1/1] (0.73ns)   --->   "%add_ln187_111 = add i11 %sub_ln187_3, i11 %sext_ln187" [./calorimeter.h:187->calorimeter.cpp:349]   --->   Operation 528 'add' 'add_ln187_111' <Predicate = (!icmp_ln328)> <Delay = 0.73> <CoreInst = "Adder">   --->   Core 1 'Adder' <Latency = 0> <II = 1> <Delay = 0.73> <FuncUnit> <Opcode : 'add' 'sub'> <InPorts = 2> <OutPorts = 1>
ST_43 : Operation 529 [1/1] (0.73ns)   --->   "%add_ln187_117 = add i11 %sub_ln187_3, i11 %zext_ln187_113" [./calorimeter.h:187->calorimeter.cpp:349]   --->   Operation 529 'add' 'add_ln187_117' <Predicate = (!icmp_ln328)> <Delay = 0.73> <CoreInst = "Adder">   --->   Core 1 'Adder' <Latency = 0> <II = 1> <Delay = 0.73> <FuncUnit> <Opcode : 'add' 'sub'> <InPorts = 2> <OutPorts = 1>
ST_43 : Operation 530 [1/1] (0.73ns)   --->   "%add_ln187_125 = add i11 %sub_ln187_3, i11 %sext_ln187_1" [./calorimeter.h:187->calorimeter.cpp:349]   --->   Operation 530 'add' 'add_ln187_125' <Predicate = (!icmp_ln328)> <Delay = 0.73> <CoreInst = "Adder">   --->   Core 1 'Adder' <Latency = 0> <II = 1> <Delay = 0.73> <FuncUnit> <Opcode : 'add' 'sub'> <InPorts = 2> <OutPorts = 1>
ST_43 : Operation 531 [1/1] (0.73ns)   --->   "%add_ln187_131 = add i11 %sub_ln187_3, i11 %zext_ln187_128" [./calorimeter.h:187->calorimeter.cpp:349]   --->   Operation 531 'add' 'add_ln187_131' <Predicate = (!icmp_ln328)> <Delay = 0.73> <CoreInst = "Adder">   --->   Core 1 'Adder' <Latency = 0> <II = 1> <Delay = 0.73> <FuncUnit> <Opcode : 'add' 'sub'> <InPorts = 2> <OutPorts = 1>
ST_43 : Operation 532 [1/1] (0.00ns)   --->   "%zext_ln187_142 = zext i11 %add_ln187_131" [./calorimeter.h:187->calorimeter.cpp:349]   --->   Operation 532 'zext' 'zext_ln187_142' <Predicate = (!icmp_ln328)> <Delay = 0.00>
ST_43 : Operation 533 [1/1] (0.00ns)   --->   "%towers_addr_95 = getelementptr i12 %towers, i64 0, i64 %zext_ln187_142" [./calorimeter.h:187->calorimeter.cpp:349]   --->   Operation 533 'getelementptr' 'towers_addr_95' <Predicate = (!icmp_ln328)> <Delay = 0.00>
ST_43 : Operation 534 [1/2] (1.20ns)   --->   "%towers_load_31 = load i11 %towers_addr_94" [./calorimeter.h:187->calorimeter.cpp:349]   --->   Operation 534 'load' 'towers_load_31' <Predicate = (!icmp_ln328)> <Delay = 1.20> <CoreInst = "RAM">   --->   Core 82 'RAM' <Latency = 1> <II = 1> <Delay = 1.20> <Storage> <Opcode : 'load' 'store'> <Ports = 2> <Width = 12> <Depth = 1800> <RAM>
ST_43 : Operation 535 [1/1] (0.00ns)   --->   "%zext_ln349_7 = zext i12 %towers_load_31" [calorimeter.cpp:349]   --->   Operation 535 'zext' 'zext_ln349_7' <Predicate = (!icmp_ln328)> <Delay = 0.00>
ST_43 : Operation 536 [2/2] (1.20ns)   --->   "%towers_load_32 = load i11 %towers_addr_95" [./calorimeter.h:187->calorimeter.cpp:349]   --->   Operation 536 'load' 'towers_load_32' <Predicate = (!icmp_ln328)> <Delay = 1.20> <CoreInst = "RAM">   --->   Core 82 'RAM' <Latency = 1> <II = 1> <Delay = 1.20> <Storage> <Opcode : 'load' 'store'> <Ports = 2> <Width = 12> <Depth = 1800> <RAM>
ST_43 : Operation 537 [1/1] (0.00ns)   --->   "%zext_ln187_30 = zext i17 %sum7_et_17" [./calorimeter.h:187->calorimeter.cpp:349]   --->   Operation 537 'zext' 'zext_ln187_30' <Predicate = (!icmp_ln328)> <Delay = 0.00>
ST_43 : Operation 538 [1/1] (0.79ns)   --->   "%add_ln352 = add i18 %zext_ln187_30, i18 %zext_ln349_7" [calorimeter.cpp:352]   --->   Operation 538 'add' 'add_ln352' <Predicate = (!icmp_ln328)> <Delay = 0.79> <CoreInst = "Adder">   --->   Core 1 'Adder' <Latency = 0> <II = 1> <Delay = 0.79> <FuncUnit> <Opcode : 'add' 'sub'> <InPorts = 2> <OutPorts = 1>

State 44 <SV = 43> <Delay = 1.20>
ST_44 : Operation 539 [1/1] (0.00ns)   --->   "%zext_ln187_127 = zext i11 %add_ln187_117" [./calorimeter.h:187->calorimeter.cpp:349]   --->   Operation 539 'zext' 'zext_ln187_127' <Predicate = (!icmp_ln328)> <Delay = 0.00>
ST_44 : Operation 540 [1/1] (0.00ns)   --->   "%towers_addr_85 = getelementptr i12 %towers, i64 0, i64 %zext_ln187_127" [./calorimeter.h:187->calorimeter.cpp:349]   --->   Operation 540 'getelementptr' 'towers_addr_85' <Predicate = (!icmp_ln328)> <Delay = 0.00>
ST_44 : Operation 541 [1/2] (1.20ns)   --->   "%towers_load_32 = load i11 %towers_addr_95" [./calorimeter.h:187->calorimeter.cpp:349]   --->   Operation 541 'load' 'towers_load_32' <Predicate = (!icmp_ln328)> <Delay = 1.20> <CoreInst = "RAM">   --->   Core 82 'RAM' <Latency = 1> <II = 1> <Delay = 1.20> <Storage> <Opcode : 'load' 'store'> <Ports = 2> <Width = 12> <Depth = 1800> <RAM>
ST_44 : Operation 542 [2/2] (1.20ns)   --->   "%towers_load_33 = load i11 %towers_addr_85" [./calorimeter.h:187->calorimeter.cpp:349]   --->   Operation 542 'load' 'towers_load_33' <Predicate = (!icmp_ln328)> <Delay = 1.20> <CoreInst = "RAM">   --->   Core 82 'RAM' <Latency = 1> <II = 1> <Delay = 1.20> <Storage> <Opcode : 'load' 'store'> <Ports = 2> <Width = 12> <Depth = 1800> <RAM>

State 45 <SV = 44> <Delay = 1.94>
ST_45 : Operation 543 [1/1] (0.00ns)   --->   "%zext_ln187_112 = zext i11 %add_ln187_99" [./calorimeter.h:187->calorimeter.cpp:349]   --->   Operation 543 'zext' 'zext_ln187_112' <Predicate = (!icmp_ln328)> <Delay = 0.00>
ST_45 : Operation 544 [1/1] (0.00ns)   --->   "%towers_addr_80 = getelementptr i12 %towers, i64 0, i64 %zext_ln187_112" [./calorimeter.h:187->calorimeter.cpp:349]   --->   Operation 544 'getelementptr' 'towers_addr_80' <Predicate = (!icmp_ln328)> <Delay = 0.00>
ST_45 : Operation 545 [1/1] (0.00ns)   --->   "%zext_ln187_67 = zext i12 %towers_load_32" [./calorimeter.h:187->calorimeter.cpp:349]   --->   Operation 545 'zext' 'zext_ln187_67' <Predicate = (!icmp_ln328)> <Delay = 0.00>
ST_45 : Operation 546 [1/2] (1.20ns)   --->   "%towers_load_33 = load i11 %towers_addr_85" [./calorimeter.h:187->calorimeter.cpp:349]   --->   Operation 546 'load' 'towers_load_33' <Predicate = (!icmp_ln328)> <Delay = 1.20> <CoreInst = "RAM">   --->   Core 82 'RAM' <Latency = 1> <II = 1> <Delay = 1.20> <Storage> <Opcode : 'load' 'store'> <Ports = 2> <Width = 12> <Depth = 1800> <RAM>
ST_45 : Operation 547 [1/1] (0.00ns)   --->   "%zext_ln187_68 = zext i12 %towers_load_33" [./calorimeter.h:187->calorimeter.cpp:349]   --->   Operation 547 'zext' 'zext_ln187_68' <Predicate = (!icmp_ln328)> <Delay = 0.00>
ST_45 : Operation 548 [2/2] (1.20ns)   --->   "%towers_load_34 = load i11 %towers_addr_80" [./calorimeter.h:187->calorimeter.cpp:349]   --->   Operation 548 'load' 'towers_load_34' <Predicate = (!icmp_ln328)> <Delay = 1.20> <CoreInst = "RAM">   --->   Core 82 'RAM' <Latency = 1> <II = 1> <Delay = 1.20> <Storage> <Opcode : 'load' 'store'> <Ports = 2> <Width = 12> <Depth = 1800> <RAM>
ST_45 : Operation 549 [1/1] (0.74ns)   --->   "%add_ln352_1 = add i13 %zext_ln187_67, i13 %zext_ln187_68" [calorimeter.cpp:352]   --->   Operation 549 'add' 'add_ln352_1' <Predicate = (!icmp_ln328)> <Delay = 0.74> <CoreInst = "Adder">   --->   Core 1 'Adder' <Latency = 0> <II = 1> <Delay = 0.75> <FuncUnit> <Opcode : 'add' 'sub'> <InPorts = 2> <OutPorts = 1>

State 46 <SV = 45> <Delay = 1.20>
ST_46 : Operation 550 [1/1] (0.00ns)   --->   "%zext_ln187_104 = zext i11 %add_ln187_61" [./calorimeter.h:187->calorimeter.cpp:349]   --->   Operation 550 'zext' 'zext_ln187_104' <Predicate = (!icmp_ln328)> <Delay = 0.00>
ST_46 : Operation 551 [1/1] (0.00ns)   --->   "%towers_addr_60 = getelementptr i12 %towers, i64 0, i64 %zext_ln187_104" [./calorimeter.h:187->calorimeter.cpp:349]   --->   Operation 551 'getelementptr' 'towers_addr_60' <Predicate = (!icmp_ln328)> <Delay = 0.00>
ST_46 : Operation 552 [1/2] (1.20ns)   --->   "%towers_load_34 = load i11 %towers_addr_80" [./calorimeter.h:187->calorimeter.cpp:349]   --->   Operation 552 'load' 'towers_load_34' <Predicate = (!icmp_ln328)> <Delay = 1.20> <CoreInst = "RAM">   --->   Core 82 'RAM' <Latency = 1> <II = 1> <Delay = 1.20> <Storage> <Opcode : 'load' 'store'> <Ports = 2> <Width = 12> <Depth = 1800> <RAM>
ST_46 : Operation 553 [2/2] (1.20ns)   --->   "%towers_load_35 = load i11 %towers_addr_60" [./calorimeter.h:187->calorimeter.cpp:349]   --->   Operation 553 'load' 'towers_load_35' <Predicate = (!icmp_ln328)> <Delay = 1.20> <CoreInst = "RAM">   --->   Core 82 'RAM' <Latency = 1> <II = 1> <Delay = 1.20> <Storage> <Opcode : 'load' 'store'> <Ports = 2> <Width = 12> <Depth = 1800> <RAM>

State 47 <SV = 46> <Delay = 1.94>
ST_47 : Operation 554 [1/1] (0.00ns)   --->   "%zext_ln187_108 = zext i11 %add_ln187_69" [./calorimeter.h:187->calorimeter.cpp:349]   --->   Operation 554 'zext' 'zext_ln187_108' <Predicate = (!icmp_ln328)> <Delay = 0.00>
ST_47 : Operation 555 [1/1] (0.00ns)   --->   "%towers_addr_75 = getelementptr i12 %towers, i64 0, i64 %zext_ln187_108" [./calorimeter.h:187->calorimeter.cpp:349]   --->   Operation 555 'getelementptr' 'towers_addr_75' <Predicate = (!icmp_ln328)> <Delay = 0.00>
ST_47 : Operation 556 [1/1] (0.00ns)   --->   "%zext_ln187_69 = zext i12 %towers_load_34" [./calorimeter.h:187->calorimeter.cpp:349]   --->   Operation 556 'zext' 'zext_ln187_69' <Predicate = (!icmp_ln328)> <Delay = 0.00>
ST_47 : Operation 557 [1/2] (1.20ns)   --->   "%towers_load_35 = load i11 %towers_addr_60" [./calorimeter.h:187->calorimeter.cpp:349]   --->   Operation 557 'load' 'towers_load_35' <Predicate = (!icmp_ln328)> <Delay = 1.20> <CoreInst = "RAM">   --->   Core 82 'RAM' <Latency = 1> <II = 1> <Delay = 1.20> <Storage> <Opcode : 'load' 'store'> <Ports = 2> <Width = 12> <Depth = 1800> <RAM>
ST_47 : Operation 558 [1/1] (0.00ns)   --->   "%zext_ln187_70 = zext i12 %towers_load_35" [./calorimeter.h:187->calorimeter.cpp:349]   --->   Operation 558 'zext' 'zext_ln187_70' <Predicate = (!icmp_ln328)> <Delay = 0.00>
ST_47 : Operation 559 [2/2] (1.20ns)   --->   "%towers_load_36 = load i11 %towers_addr_75" [./calorimeter.h:187->calorimeter.cpp:349]   --->   Operation 559 'load' 'towers_load_36' <Predicate = (!icmp_ln328)> <Delay = 1.20> <CoreInst = "RAM">   --->   Core 82 'RAM' <Latency = 1> <II = 1> <Delay = 1.20> <Storage> <Opcode : 'load' 'store'> <Ports = 2> <Width = 12> <Depth = 1800> <RAM>
ST_47 : Operation 560 [1/1] (0.74ns)   --->   "%add_ln352_3 = add i13 %zext_ln187_69, i13 %zext_ln187_70" [calorimeter.cpp:352]   --->   Operation 560 'add' 'add_ln352_3' <Predicate = (!icmp_ln328)> <Delay = 0.74> <CoreInst = "Adder">   --->   Core 1 'Adder' <Latency = 0> <II = 1> <Delay = 0.75> <FuncUnit> <Opcode : 'add' 'sub'> <InPorts = 2> <OutPorts = 1>

State 48 <SV = 47> <Delay = 1.20>
ST_48 : Operation 561 [1/1] (0.00ns)   --->   "%zext_ln187_121 = zext i11 %add_ln187_111" [./calorimeter.h:187->calorimeter.cpp:349]   --->   Operation 561 'zext' 'zext_ln187_121' <Predicate = (!icmp_ln328)> <Delay = 0.00>
ST_48 : Operation 562 [1/1] (0.00ns)   --->   "%towers_addr_82 = getelementptr i12 %towers, i64 0, i64 %zext_ln187_121" [./calorimeter.h:187->calorimeter.cpp:349]   --->   Operation 562 'getelementptr' 'towers_addr_82' <Predicate = (!icmp_ln328)> <Delay = 0.00>
ST_48 : Operation 563 [1/2] (1.20ns)   --->   "%towers_load_36 = load i11 %towers_addr_75" [./calorimeter.h:187->calorimeter.cpp:349]   --->   Operation 563 'load' 'towers_load_36' <Predicate = (!icmp_ln328)> <Delay = 1.20> <CoreInst = "RAM">   --->   Core 82 'RAM' <Latency = 1> <II = 1> <Delay = 1.20> <Storage> <Opcode : 'load' 'store'> <Ports = 2> <Width = 12> <Depth = 1800> <RAM>
ST_48 : Operation 564 [2/2] (1.20ns)   --->   "%towers_load_37 = load i11 %towers_addr_82" [./calorimeter.h:187->calorimeter.cpp:349]   --->   Operation 564 'load' 'towers_load_37' <Predicate = (!icmp_ln328)> <Delay = 1.20> <CoreInst = "RAM">   --->   Core 82 'RAM' <Latency = 1> <II = 1> <Delay = 1.20> <Storage> <Opcode : 'load' 'store'> <Ports = 2> <Width = 12> <Depth = 1800> <RAM>

State 49 <SV = 48> <Delay = 1.20>
ST_49 : Operation 565 [1/1] (0.00ns)   --->   "%zext_ln187_136 = zext i11 %add_ln187_125" [./calorimeter.h:187->calorimeter.cpp:349]   --->   Operation 565 'zext' 'zext_ln187_136' <Predicate = (!icmp_ln328)> <Delay = 0.00>
ST_49 : Operation 566 [1/1] (0.00ns)   --->   "%towers_addr_96 = getelementptr i12 %towers, i64 0, i64 %zext_ln187_136" [./calorimeter.h:187->calorimeter.cpp:349]   --->   Operation 566 'getelementptr' 'towers_addr_96' <Predicate = (!icmp_ln328)> <Delay = 0.00>
ST_49 : Operation 567 [1/2] (1.20ns)   --->   "%towers_load_37 = load i11 %towers_addr_82" [./calorimeter.h:187->calorimeter.cpp:349]   --->   Operation 567 'load' 'towers_load_37' <Predicate = (!icmp_ln328)> <Delay = 1.20> <CoreInst = "RAM">   --->   Core 82 'RAM' <Latency = 1> <II = 1> <Delay = 1.20> <Storage> <Opcode : 'load' 'store'> <Ports = 2> <Width = 12> <Depth = 1800> <RAM>
ST_49 : Operation 568 [2/2] (1.20ns)   --->   "%towers_load_38 = load i11 %towers_addr_96" [./calorimeter.h:187->calorimeter.cpp:349]   --->   Operation 568 'load' 'towers_load_38' <Predicate = (!icmp_ln328)> <Delay = 1.20> <CoreInst = "RAM">   --->   Core 82 'RAM' <Latency = 1> <II = 1> <Delay = 1.20> <Storage> <Opcode : 'load' 'store'> <Ports = 2> <Width = 12> <Depth = 1800> <RAM>

State 50 <SV = 49> <Delay = 7.27>
ST_50 : Operation 569 [1/1] (0.00ns)   --->   "%specloopname_ln0 = specloopname void @_ssdm_op_SpecLoopName, void @VITIS_LOOP_328_1_VITIS_LOOP_329_2_str"   --->   Operation 569 'specloopname' 'specloopname_ln0' <Predicate = true> <Delay = 0.00>
ST_50 : Operation 570 [1/1] (0.00ns)   --->   "%speclooptripcount_ln0 = speclooptripcount void @_ssdm_op_SpecLoopTripCount, i64 1440, i64 1440, i64 1440"   --->   Operation 570 'speclooptripcount' 'speclooptripcount_ln0' <Predicate = true> <Delay = 0.00>
ST_50 : Operation 571 [1/1] (0.00ns)   --->   "%specpipeline_ln330 = specpipeline void @_ssdm_op_SpecPipeline, i32 1, i32 0, i32 0, i32 0, void @empty_14" [calorimeter.cpp:330]   --->   Operation 571 'specpipeline' 'specpipeline_ln330' <Predicate = true> <Delay = 0.00>
ST_50 : Operation 572 [1/1] (0.00ns)   --->   "%zext_ln187_71 = zext i12 %towers_load_36" [./calorimeter.h:187->calorimeter.cpp:349]   --->   Operation 572 'zext' 'zext_ln187_71' <Predicate = true> <Delay = 0.00>
ST_50 : Operation 573 [1/1] (0.00ns)   --->   "%zext_ln187_72 = zext i12 %towers_load_37" [./calorimeter.h:187->calorimeter.cpp:349]   --->   Operation 573 'zext' 'zext_ln187_72' <Predicate = true> <Delay = 0.00>
ST_50 : Operation 574 [1/2] (1.20ns)   --->   "%towers_load_38 = load i11 %towers_addr_96" [./calorimeter.h:187->calorimeter.cpp:349]   --->   Operation 574 'load' 'towers_load_38' <Predicate = true> <Delay = 1.20> <CoreInst = "RAM">   --->   Core 82 'RAM' <Latency = 1> <II = 1> <Delay = 1.20> <Storage> <Opcode : 'load' 'store'> <Ports = 2> <Width = 12> <Depth = 1800> <RAM>
ST_50 : Operation 575 [1/1] (0.00ns)   --->   "%zext_ln187_73 = zext i12 %towers_load_38" [./calorimeter.h:187->calorimeter.cpp:348]   --->   Operation 575 'zext' 'zext_ln187_73' <Predicate = true> <Delay = 0.00>
ST_50 : Operation 576 [1/1] (0.00ns)   --->   "%zext_ln352 = zext i13 %add_ln352_1" [calorimeter.cpp:352]   --->   Operation 576 'zext' 'zext_ln352' <Predicate = true> <Delay = 0.00>
ST_50 : Operation 577 [1/1] (0.00ns) (grouped into TernaryAdder)   --->   "%add_ln352_2 = add i18 %zext_ln352, i18 %add_ln352" [calorimeter.cpp:352]   --->   Operation 577 'add' 'add_ln352_2' <Predicate = true> <Delay = 0.00> <CoreInst = "TAddSub">   --->   Core 10 'TAddSub' <Latency = 0> <II = 1> <Delay = 0.33> <IPBlock> <Opcode : '' 'add' 'sub'> <InPorts = 3> <OutPorts = 1> <Sync> <CReg>
ST_50 : Operation 578 [1/1] (0.00ns)   --->   "%zext_ln352_1 = zext i13 %add_ln352_3" [calorimeter.cpp:352]   --->   Operation 578 'zext' 'zext_ln352_1' <Predicate = true> <Delay = 0.00>
ST_50 : Operation 579 [1/1] (0.74ns)   --->   "%add_ln352_4 = add i13 %zext_ln187_72, i13 %zext_ln187_73" [calorimeter.cpp:352]   --->   Operation 579 'add' 'add_ln352_4' <Predicate = true> <Delay = 0.74> <CoreInst = "Adder">   --->   Core 1 'Adder' <Latency = 0> <II = 1> <Delay = 0.75> <FuncUnit> <Opcode : 'add' 'sub'> <InPorts = 2> <OutPorts = 1>
ST_50 : Operation 580 [1/1] (0.00ns)   --->   "%zext_ln352_2 = zext i13 %add_ln352_4" [calorimeter.cpp:352]   --->   Operation 580 'zext' 'zext_ln352_2' <Predicate = true> <Delay = 0.00>
ST_50 : Operation 581 [1/1] (0.75ns)   --->   "%add_ln352_5 = add i14 %zext_ln352_2, i14 %zext_ln187_71" [calorimeter.cpp:352]   --->   Operation 581 'add' 'add_ln352_5' <Predicate = true> <Delay = 0.75> <CoreInst = "Adder">   --->   Core 1 'Adder' <Latency = 0> <II = 1> <Delay = 0.76> <FuncUnit> <Opcode : 'add' 'sub'> <InPorts = 2> <OutPorts = 1>
ST_50 : Operation 582 [1/1] (0.00ns)   --->   "%zext_ln352_3 = zext i14 %add_ln352_5" [calorimeter.cpp:352]   --->   Operation 582 'zext' 'zext_ln352_3' <Predicate = true> <Delay = 0.00>
ST_50 : Operation 583 [1/1] (0.76ns)   --->   "%add_ln352_6 = add i15 %zext_ln352_3, i15 %zext_ln352_1" [calorimeter.cpp:352]   --->   Operation 583 'add' 'add_ln352_6' <Predicate = true> <Delay = 0.76> <CoreInst = "Adder">   --->   Core 1 'Adder' <Latency = 0> <II = 1> <Delay = 0.77> <FuncUnit> <Opcode : 'add' 'sub'> <InPorts = 2> <OutPorts = 1>
ST_50 : Operation 584 [1/1] (0.00ns)   --->   "%zext_ln352_4 = zext i15 %add_ln352_6" [calorimeter.cpp:352]   --->   Operation 584 'zext' 'zext_ln352_4' <Predicate = true> <Delay = 0.00>
ST_50 : Operation 585 [1/1] (0.68ns) (root node of TernaryAdder)   --->   "%ring7_et = add i18 %zext_ln352_4, i18 %add_ln352_2" [calorimeter.cpp:352]   --->   Operation 585 'add' 'ring7_et' <Predicate = true> <Delay = 0.68> <CoreInst = "TAddSub">   --->   Core 10 'TAddSub' <Latency = 0> <II = 1> <Delay = 0.33> <IPBlock> <Opcode : '' 'add' 'sub'> <InPorts = 3> <OutPorts = 1> <Sync> <CReg>
ST_50 : Operation 586 [1/1] (0.00ns)   --->   "%p_shl15 = bitconcatenate i19 @_ssdm_op_BitConcatenate.i19.i16.i3, i16 %iso5_et, i3 0" [./calorimeter.h:247->calorimeter.cpp:355]   --->   Operation 586 'bitconcatenate' 'p_shl15' <Predicate = true> <Delay = 0.00>
ST_50 : Operation 587 [1/1] (0.00ns)   --->   "%tmp_21 = bitconcatenate i17 @_ssdm_op_BitConcatenate.i17.i16.i1, i16 %iso5_et, i1 0" [./calorimeter.h:247->calorimeter.cpp:355]   --->   Operation 587 'bitconcatenate' 'tmp_21' <Predicate = true> <Delay = 0.00>
ST_50 : Operation 588 [1/1] (0.00ns)   --->   "%zext_ln247 = zext i17 %tmp_21" [./calorimeter.h:247->calorimeter.cpp:355]   --->   Operation 588 'zext' 'zext_ln247' <Predicate = true> <Delay = 0.00>
ST_50 : Operation 589 [1/1] (0.80ns)   --->   "%iso_lhs = sub i19 %p_shl15, i19 %zext_ln247" [./calorimeter.h:247->calorimeter.cpp:355]   --->   Operation 589 'sub' 'iso_lhs' <Predicate = true> <Delay = 0.80> <CoreInst = "Adder">   --->   Core 1 'Adder' <Latency = 0> <II = 1> <Delay = 0.80> <FuncUnit> <Opcode : 'add' 'sub'> <InPorts = 2> <OutPorts = 1>
ST_50 : Operation 590 [1/1] (0.00ns)   --->   "%zext_ln248 = zext i16 %core3_et_6" [./calorimeter.h:248->calorimeter.cpp:355]   --->   Operation 590 'zext' 'zext_ln248' <Predicate = true> <Delay = 0.00>
ST_50 : Operation 591 [1/1] (0.00ns)   --->   "%zext_ln248_1 = zext i16 %core3_et_6" [./calorimeter.h:248->calorimeter.cpp:355]   --->   Operation 591 'zext' 'zext_ln248_1' <Predicate = true> <Delay = 0.00>
ST_50 : Operation 592 [1/1] (0.00ns)   --->   "%p_shl = bitconcatenate i21 @_ssdm_op_BitConcatenate.i21.i18.i3, i18 %ring7_et, i3 0" [./calorimeter.h:257->calorimeter.cpp:355]   --->   Operation 592 'bitconcatenate' 'p_shl' <Predicate = true> <Delay = 0.00>
ST_50 : Operation 593 [1/1] (0.00ns)   --->   "%tmp_22 = bitconcatenate i19 @_ssdm_op_BitConcatenate.i19.i18.i1, i18 %ring7_et, i1 0" [./calorimeter.h:257->calorimeter.cpp:355]   --->   Operation 593 'bitconcatenate' 'tmp_22' <Predicate = true> <Delay = 0.00>
ST_50 : Operation 594 [1/1] (0.00ns)   --->   "%zext_ln257 = zext i19 %tmp_22" [./calorimeter.h:257->calorimeter.cpp:355]   --->   Operation 594 'zext' 'zext_ln257' <Predicate = true> <Delay = 0.00>
ST_50 : Operation 595 [1/1] (0.81ns)   --->   "%ring_lhs = sub i21 %p_shl, i21 %zext_ln257" [./calorimeter.h:257->calorimeter.cpp:355]   --->   Operation 595 'sub' 'ring_lhs' <Predicate = true> <Delay = 0.81> <CoreInst = "Adder">   --->   Core 1 'Adder' <Latency = 0> <II = 1> <Delay = 0.81> <FuncUnit> <Opcode : 'add' 'sub'> <InPorts = 2> <OutPorts = 1>
ST_50 : Operation 596 [1/1] (0.80ns)   --->   "%icmp_ln250 = icmp_ult  i19 %iso_lhs, i19 %zext_ln248_1" [./calorimeter.h:250->calorimeter.cpp:355]   --->   Operation 596 'icmp' 'icmp_ln250' <Predicate = true> <Delay = 0.80> <CoreInst = "Cmp">   --->   Core 9 'Cmp' <Latency = 0> <II = 1> <Delay = 0.80> <FuncUnit> <Opcode : 'seteq' 'setne' 'setle' 'setge' 'setlt' 'setgt'> <InPorts = 2> <OutPorts = 1>
ST_50 : Operation 597 [1/1] (0.00ns) (grouped into LUT with out node or_ln260_4)   --->   "%xor_ln250 = xor i1 %icmp_ln250, i1 1" [./calorimeter.h:250->calorimeter.cpp:355]   --->   Operation 597 'xor' 'xor_ln250' <Predicate = true> <Delay = 0.00> <CoreInst = "LogicGate">   --->   Core 74 'LogicGate' <Latency = 0> <II = 1> <Delay = 0.12> <FuncUnit> <Opcode : 'and' 'or' 'xor'> <InPorts = 2> <OutPorts = 1>
ST_50 : Operation 598 [1/1] (0.81ns)   --->   "%icmp_ln260 = icmp_ult  i21 %ring_lhs, i21 %zext_ln248" [./calorimeter.h:260->calorimeter.cpp:355]   --->   Operation 598 'icmp' 'icmp_ln260' <Predicate = true> <Delay = 0.81> <CoreInst = "Cmp">   --->   Core 9 'Cmp' <Latency = 0> <II = 1> <Delay = 0.81> <FuncUnit> <Opcode : 'seteq' 'setne' 'setle' 'setge' 'setlt' 'setgt'> <InPorts = 2> <OutPorts = 1>
ST_50 : Operation 599 [1/1] (0.00ns) (grouped into LUT with out node or_ln260_4)   --->   "%xor_ln260 = xor i1 %icmp_ln260, i1 1" [./calorimeter.h:260->calorimeter.cpp:355]   --->   Operation 599 'xor' 'xor_ln260' <Predicate = true> <Delay = 0.00> <CoreInst = "LogicGate">   --->   Core 74 'LogicGate' <Latency = 0> <II = 1> <Delay = 0.12> <FuncUnit> <Opcode : 'and' 'or' 'xor'> <InPorts = 2> <OutPorts = 1>
ST_50 : Operation 600 [1/1] (0.00ns) (grouped into LUT with out node or_ln260_4)   --->   "%or_ln260 = or i1 %xor_ln250, i1 %icmp_ln344" [./calorimeter.h:260->calorimeter.cpp:355]   --->   Operation 600 'or' 'or_ln260' <Predicate = true> <Delay = 0.00> <CoreInst = "LogicGate">   --->   Core 74 'LogicGate' <Latency = 0> <II = 1> <Delay = 0.12> <FuncUnit> <Opcode : 'and' 'or' 'xor'> <InPorts = 2> <OutPorts = 1>
ST_50 : Operation 601 [1/1] (0.00ns) (grouped into LUT with out node or_ln260_4)   --->   "%or_ln260_1 = or i1 %or_ln260, i1 %icmp_ln354" [./calorimeter.h:260->calorimeter.cpp:355]   --->   Operation 601 'or' 'or_ln260_1' <Predicate = true> <Delay = 0.00> <CoreInst = "LogicGate">   --->   Core 74 'LogicGate' <Latency = 0> <II = 1> <Delay = 0.12> <FuncUnit> <Opcode : 'and' 'or' 'xor'> <InPorts = 2> <OutPorts = 1>
ST_50 : Operation 602 [1/1] (0.00ns) (grouped into LUT with out node or_ln260_4)   --->   "%or_ln260_2 = or i1 %icmp_ln218_52, i1 %xor_ln260" [./calorimeter.h:260->calorimeter.cpp:355]   --->   Operation 602 'or' 'or_ln260_2' <Predicate = true> <Delay = 0.00> <CoreInst = "LogicGate">   --->   Core 74 'LogicGate' <Latency = 0> <II = 1> <Delay = 0.12> <FuncUnit> <Opcode : 'and' 'or' 'xor'> <InPorts = 2> <OutPorts = 1>
ST_50 : Operation 603 [1/1] (0.00ns) (grouped into LUT with out node or_ln260_4)   --->   "%or_ln260_3 = or i1 %or_ln260_2, i1 %xor_ln218" [./calorimeter.h:260->calorimeter.cpp:355]   --->   Operation 603 'or' 'or_ln260_3' <Predicate = true> <Delay = 0.00> <CoreInst = "LogicGate">   --->   Core 74 'LogicGate' <Latency = 0> <II = 1> <Delay = 0.12> <FuncUnit> <Opcode : 'and' 'or' 'xor'> <InPorts = 2> <OutPorts = 1>
ST_50 : Operation 604 [1/1] (0.12ns) (out node of the LUT)   --->   "%or_ln260_4 = or i1 %or_ln260_3, i1 %or_ln260_1" [./calorimeter.h:260->calorimeter.cpp:355]   --->   Operation 604 'or' 'or_ln260_4' <Predicate = true> <Delay = 0.12> <CoreInst = "LogicGate">   --->   Core 74 'LogicGate' <Latency = 0> <II = 1> <Delay = 0.12> <FuncUnit> <Opcode : 'and' 'or' 'xor'> <InPorts = 2> <OutPorts = 1>
ST_50 : Operation 605 [1/1] (0.24ns)   --->   "%candidate_et = select i1 %or_ln260_4, i16 0, i16 %core3_et_6" [./calorimeter.h:260->calorimeter.cpp:355]   --->   Operation 605 'select' 'candidate_et' <Predicate = true> <Delay = 0.24> <CoreInst = "Sel">   --->   Core 73 'Sel' <Latency = 0> <II = 1> <Delay = 0.24> <FuncUnit> <Opcode : 'select'> <InPorts = 3> <OutPorts = 1>
ST_50 : Operation 606 [1/1] (0.12ns)   --->   "%candidate_valid = xor i1 %or_ln260_4, i1 1" [./calorimeter.h:260->calorimeter.cpp:355]   --->   Operation 606 'xor' 'candidate_valid' <Predicate = true> <Delay = 0.12> <CoreInst = "LogicGate">   --->   Core 74 'LogicGate' <Latency = 0> <II = 1> <Delay = 0.12> <FuncUnit> <Opcode : 'and' 'or' 'xor'> <InPorts = 2> <OutPorts = 1>
ST_50 : Operation 607 [1/1] (0.00ns)   --->   "%zext_ln332 = zext i16 %candidate_et" [calorimeter.cpp:332]   --->   Operation 607 'zext' 'zext_ln332' <Predicate = true> <Delay = 0.00>
ST_50 : Operation 608 [1/1] (0.24ns)   --->   "%empty_106 = select i1 %or_ln260_4, i16 0, i16 %iso5_et" [./calorimeter.h:260->calorimeter.cpp:355]   --->   Operation 608 'select' 'empty_106' <Predicate = true> <Delay = 0.24> <CoreInst = "Sel">   --->   Core 73 'Sel' <Latency = 0> <II = 1> <Delay = 0.24> <FuncUnit> <Opcode : 'select'> <InPorts = 3> <OutPorts = 1>
ST_50 : Operation 609 [1/1] (0.00ns)   --->   "%or_ln363_s = bitconcatenate i61 @_ssdm_op_BitConcatenate.i61.i1.i8.i6.i1.i5.i4.i16.i20, i1 %candidate_valid, i8 83, i6 %select_ln328, i1 0, i5 %select_ln328_2, i4 0, i16 %empty_106, i20 %zext_ln332" [calorimeter.cpp:363]   --->   Operation 609 'bitconcatenate' 'or_ln363_s' <Predicate = true> <Delay = 0.00>
ST_50 : Operation 610 [1/1] (1.13ns)   --->   "%write_ln363 = write void @_ssdm_op_Write.ap_fifo.volatile.i61P0A, i61 %em_cluster_stream, i61 %or_ln363_s" [calorimeter.cpp:363]   --->   Operation 610 'write' 'write_ln363' <Predicate = true> <Delay = 1.13> <CoreInst = "FIFO">   --->   Core 77 'FIFO' <Latency = 0> <II = 1> <Delay = 1.13> <Storage> <Opcode : 'read' 'write' 'nbread' 'nbwrite'> <Ports = 0> <Width = 61> <Depth = 64> <FIFO>
ST_50 : Operation 611 [1/1] (0.00ns)   --->   "%br_ln329 = br void %for.body4" [calorimeter.cpp:329]   --->   Operation 611 'br' 'br_ln329' <Predicate = true> <Delay = 0.00>


============================================================
+ Verbose Summary: Binding
============================================================
STG Binding: 
---------------- STG Properties BEGIN ----------------
- Is combinational: 0
- Is one-state seq: 0
- Is datapath-only: 0
- Is pipelined: 0
- Is top level: 0
Port [ Return ] is wired: 1; IO mode=ap_ctrl_hs:ce=0
Port [ towers]:  wired=1; compound=1; hidden=0; nouse=0; global=0; static=0; extern=0; dir=0; type=1; pingpong=0; private_global=0; MemPort=[13]; IO mode=bram:ce=0
Port [ seed_threshold]:  wired=1; compound=0; hidden=0; nouse=0; global=0; static=0; extern=0; dir=0; type=0; pingpong=0; private_global=0; IO mode=ap_none:ce=0
Port [ cluster_threshold]:  wired=1; compound=0; hidden=0; nouse=0; global=0; static=0; extern=0; dir=0; type=0; pingpong=0; private_global=0; IO mode=ap_none:ce=0
Port [ em_cluster_stream]:  wired=1; compound=1; hidden=0; nouse=0; global=0; static=0; extern=0; dir=1; type=3; pingpong=0; private_global=0; IO mode=ap_fifo:ce=0
---------------- STG Properties END ------------------

---------------- Datapath Model BEGIN ----------------

<LifeTime>
<method=bitvector/>
phi_idx_13             (alloca           ) [ 011110000000000000000000000000000000000000000000000]
eta                    (alloca           ) [ 010000000000000000000000000000000000000000000000000]
indvar_flatten         (alloca           ) [ 010000000000000000000000000000000000000000000000000]
specshared_ln0         (specshared       ) [ 000000000000000000000000000000000000000000000000000]
specbindport_ln0       (specbindport     ) [ 000000000000000000000000000000000000000000000000000]
specinterface_ln0      (specinterface    ) [ 000000000000000000000000000000000000000000000000000]
specinterface_ln0      (specinterface    ) [ 000000000000000000000000000000000000000000000000000]
cluster_threshold_read (read             ) [ 001111111110000000000000000000000000000000000000000]
seed_threshold_read    (read             ) [ 001000000000000000000000000000000000000000000000000]
store_ln0              (store            ) [ 000000000000000000000000000000000000000000000000000]
store_ln328            (store            ) [ 000000000000000000000000000000000000000000000000000]
store_ln184            (store            ) [ 000000000000000000000000000000000000000000000000000]
br_ln328               (br               ) [ 000000000000000000000000000000000000000000000000000]
indvar_flatten_load    (load             ) [ 000000000000000000000000000000000000000000000000000]
icmp_ln328             (icmp             ) [ 011111111111111111111111111111111111111111111111110]
add_ln328_1            (add              ) [ 000000000000000000000000000000000000000000000000000]
br_ln328               (br               ) [ 000000000000000000000000000000000000000000000000000]
phi_idx_13_load        (load             ) [ 000000000000000000000000000000000000000000000000000]
eta_load               (load             ) [ 000000000000000000000000000000000000000000000000000]
icmp_ln329             (icmp             ) [ 000000000000000000000000000000000000000000000000000]
select_ln328           (select           ) [ 011111111111111111111111111111111111111111111111111]
add_ln328              (add              ) [ 000000000000000000000000000000000000000000000000000]
add_ln328_2            (add              ) [ 000000000000000000000000000000000000000000000000000]
select_ln328_1         (select           ) [ 001111110000000000000000000000000000000000000000000]
select_ln328_2         (select           ) [ 011111111111111111111111111111111111111111111111111]
p_shl8                 (bitconcatenate   ) [ 000000000000000000000000000000000000000000000000000]
tmp                    (bitconcatenate   ) [ 000000000000000000000000000000000000000000000000000]
zext_ln342             (zext             ) [ 000000000000000000000000000000000000000000000000000]
sub_ln342              (sub              ) [ 001111111111111111111111111111111111111000000000000]
zext_ln342_1           (zext             ) [ 001111111111111111111111111111111111111111110000000]
add_ln342              (add              ) [ 000000000000000000000000000000000000000000000000000]
zext_ln342_2           (zext             ) [ 000000000000000000000000000000000000000000000000000]
towers_addr            (getelementptr    ) [ 001000000000000000000000000000000000000000000000000]
store_ln328            (store            ) [ 000000000000000000000000000000000000000000000000000]
store_ln328            (store            ) [ 000000000000000000000000000000000000000000000000000]
empty                  (add              ) [ 000000000000000000000000000000000000000000000000000]
p_shl9                 (bitconcatenate   ) [ 000000000000000000000000000000000000000000000000000]
tmp_12                 (bitconcatenate   ) [ 000000000000000000000000000000000000000000000000000]
zext_ln216             (zext             ) [ 000000000000000000000000000000000000000000000000000]
sub_ln216              (sub              ) [ 000111111111111111111111111111111111100000000000000]
zext_ln329             (zext             ) [ 000111111111111111111111111111111000000000000000000]
seed_et                (load             ) [ 000111111110000000000000000000000000000000000000000]
icmp_ln344             (icmp             ) [ 010111111111111111111111111111111111111111111111111]
add_ln213              (add              ) [ 000000000000000000000000000000000000000000000000000]
tmp_18                 (bitselect        ) [ 000000000000000000000000000000000000000000000000000]
add_ln161              (add              ) [ 000000000000000000000000000000000000000000000000000]
phi_idx                (select           ) [ 000000000000000000000000000000000000000000000000000]
zext_ln216_60          (zext             ) [ 000111111111111111111111111111111111111111110000000]
add_ln216_49           (add              ) [ 000000000000000000000000000000000000000000000000000]
zext_ln216_61          (zext             ) [ 000000000000000000000000000000000000000000000000000]
towers_addr_52         (getelementptr    ) [ 000100000000000000000000000000000000000000000000000]
add_ln216              (add              ) [ 000000000000000000000000000000000000000000000000000]
zext_ln216_58          (zext             ) [ 000000000000000000000000000000000000000000000000000]
towers_addr_49         (getelementptr    ) [ 000010000000000000000000000000000000000000000000000]
neighbor               (load             ) [ 000011111110000000000000000000000000000000000000000]
neighbor_48            (load             ) [ 000001100000000000000000000000000000000000000000000]
phi                    (add              ) [ 000000000000000000000000000000000000000000000000000]
icmp_ln162             (icmp             ) [ 000000000000000000000000000000000000000000000000000]
add_ln163              (add              ) [ 000000000000000000000000000000000000000000000000000]
zext_ln162             (zext             ) [ 000000000000000000000000000000000000000000000000000]
phi_idx_14             (select           ) [ 000000000000000000000000000000000000000000000000000]
sext_ln216             (sext             ) [ 000001111111111111111111111111111111111111110000000]
add_ln216_50           (add              ) [ 000000000000000000000000000000000000000000000000000]
zext_ln216_62          (zext             ) [ 000000000000000000000000000000000000000000000000000]
towers_addr_54         (getelementptr    ) [ 000001000000000000000000000000000000000000000000000]
store_ln184            (store            ) [ 000000000000000000000000000000000000000000000000000]
neighbor_49            (load             ) [ 000000100000000000000000000000000000000000000000000]
add_ln216_53           (add              ) [ 000000000000000000000000000000000000000000000000000]
zext_ln216_65          (zext             ) [ 000000000000000000000000000000000000000000000000000]
towers_addr_55         (getelementptr    ) [ 000000100000000000000000000000000000000000000000000]
icmp_ln220             (icmp             ) [ 000000011100000000000000000000000000000000000000000]
icmp_ln218             (icmp             ) [ 000000011100000000000000000000000000000000000000000]
add_ln216_51           (add              ) [ 000000000000000000000000000000000000000000000000000]
zext_ln216_63          (zext             ) [ 000000000000000000000000000000000000000000000000000]
towers_addr_56         (getelementptr    ) [ 000000010000000000000000000000000000000000000000000]
neighbor_50            (load             ) [ 000000000000000000000000000000000000000000000000000]
icmp_ln218_50          (icmp             ) [ 000000011100000000000000000000000000000000000000000]
icmp_ln218_51          (icmp             ) [ 000000011100000000000000000000000000000000000000000]
zext_ln347             (zext             ) [ 000000000000000000000000000000000000000000000000000]
zext_ln183             (zext             ) [ 000000000000000000000000000000000000000000000000000]
zext_ln347_1           (zext             ) [ 000000000000000000000000000000000000000000000000000]
zext_ln347_2           (zext             ) [ 000000000000000000000000000000000000000000000000000]
core3_et               (add              ) [ 000000000000000000000000000000000000000000000000000]
zext_ln187_16          (zext             ) [ 000000000000000000000000000000000000000000000000000]
add_ln187_56           (add              ) [ 000000000000000000000000000000000000000000000000000]
zext_ln187_52          (zext             ) [ 000000000000000000000000000000000000000000000000000]
core3_et_4             (add              ) [ 000000011110000000000000000000000000000000000000000]
p_shl10                (bitconcatenate   ) [ 000000000000000000000000000000000000000000000000000]
tmp_13                 (bitconcatenate   ) [ 000000000000000000000000000000000000000000000000000]
zext_ln216_57          (zext             ) [ 000000000000000000000000000000000000000000000000000]
sub_ln216_6            (sub              ) [ 000000001111111111111111111111111111111110000000000]
add_ln216_54           (add              ) [ 000000000000000000000000000000000000000000000000000]
zext_ln216_66          (zext             ) [ 000000000000000000000000000000000000000000000000000]
towers_addr_57         (getelementptr    ) [ 000000001000000000000000000000000000000000000000000]
neighbor_51            (load             ) [ 000000001110000000000000000000000000000000000000000]
add_ln216_48           (add              ) [ 000000000000000000000000000000000000000000000000000]
zext_ln216_59          (zext             ) [ 000000000000000000000000000000000000000000000000000]
towers_addr_50         (getelementptr    ) [ 000000000100000000000000000000000000000000000000000]
neighbor_52            (load             ) [ 000000000110000000000000000000000000000000000000000]
is_max                 (icmp             ) [ 000000000000000000000000000000000000000000000000000]
xor_ln218_36           (xor              ) [ 000000000000000000000000000000000000000000000000000]
add_ln216_52           (add              ) [ 000000000000000000000000000000000000000000000000000]
zext_ln216_64          (zext             ) [ 000000000000000000000000000000000000000000000000000]
towers_addr_59         (getelementptr    ) [ 000000000010000000000000000000000000000000000000000]
icmp_ln218_47          (icmp             ) [ 000000000000000000000000000000000000000000000000000]
xor_ln218_37           (xor              ) [ 000000000000000000000000000000000000000000000000000]
icmp_ln218_48          (icmp             ) [ 000000000000000000000000000000000000000000000000000]
xor_ln218_38           (xor              ) [ 000000000000000000000000000000000000000000000000000]
neighbor_53            (load             ) [ 000000000010000000000000000000000000000000000000000]
icmp_ln218_49          (icmp             ) [ 000000000000000000000000000000000000000000000000000]
xor_ln218_39           (xor              ) [ 000000000000000000000000000000000000000000000000000]
and_ln218              (and              ) [ 000000000000000000000000000000000000000000000000000]
and_ln218_58           (and              ) [ 000000000000000000000000000000000000000000000000000]
and_ln218_59           (and              ) [ 000000000000000000000000000000000000000000000000000]
and_ln218_60           (and              ) [ 000000000000000000000000000000000000000000000000000]
and_ln218_61           (and              ) [ 000000000000000000000000000000000000000000000000000]
and_ln218_62           (and              ) [ 000000000000000000000000000000000000000000000000000]
and_ln218_26           (and              ) [ 000000000000000000000000000000000000000000000000000]
xor_ln218              (xor              ) [ 010000000011111111111111111111111111111111111111111]
empty_102              (add              ) [ 000000000000000000000000000000000000000000000000000]
p_shl11                (bitconcatenate   ) [ 000000000000000000000000000000000000000000000000000]
tmp_14                 (bitconcatenate   ) [ 000000000000000000000000000000000000000000000000000]
zext_ln187_97          (zext             ) [ 000000000000000000000000000000000000000000000000000]
sub_ln187              (sub              ) [ 000000000001111111111111111111111110000000000000000]
neighbor_54            (load             ) [ 000000000000000000000000000000000000000000000000000]
icmp_ln218_52          (icmp             ) [ 010000000001111111111111111111111111111111111111111]
zext_ln187             (zext             ) [ 000000000000000000000000000000000000000000000000000]
zext_ln347_3           (zext             ) [ 000000000000000000000000000000000000000000000000000]
zext_ln187_50          (zext             ) [ 000000000000000000000000000000000000000000000000000]
zext_ln187_51          (zext             ) [ 000000000000000000000000000000000000000000000000000]
zext_ln187_17          (zext             ) [ 000000000000000000000000000000000000000000000000000]
zext_ln187_53          (zext             ) [ 000000000000000000000000000000000000000000000000000]
add_ln187_58           (add              ) [ 000000000000000000000000000000000000000000000000000]
add_ln187_59           (add              ) [ 000000000000000000000000000000000000000000000000000]
zext_ln187_54          (zext             ) [ 000000000000000000000000000000000000000000000000000]
add_ln187_60           (add              ) [ 000000000000000000000000000000000000000000000000000]
zext_ln187_55          (zext             ) [ 000000000000000000000000000000000000000000000000000]
core3_et_5             (add              ) [ 000000000000000000000000000000000000000000000000000]
zext_ln187_19          (zext             ) [ 000000000000000000000000000000000000000000000000000]
core3_et_6             (add              ) [ 010000000001111111111111111111111111111111111111111]
zext_ln347_4           (zext             ) [ 000000000000000000000000000000000000000000000000000]
add_ln184_1            (add              ) [ 000000000000000000000000000000000000000000000000000]
tmp_19                 (bitselect        ) [ 000000000000000000000000000000000000000000000000000]
add_ln161_3            (add              ) [ 000000000000000000000000000000000000000000000000000]
phi_idx_15             (select           ) [ 000000000000000000000000000000000000000000000000000]
zext_ln187_113         (zext             ) [ 000000000001111111111111111111111111111111110000000]
add_ln187_104          (add              ) [ 000000000000000000000000000000000000000000000000000]
zext_ln187_114         (zext             ) [ 000000000000000000000000000000000000000000000000000]
towers_addr_61         (getelementptr    ) [ 000000000001000000000000000000000000000000000000000]
icmp_ln354             (icmp             ) [ 010000000001111111111111111111111111111111111111111]
add_ln187_71           (add              ) [ 000000000000000000000000000000000000000000000000000]
zext_ln187_109         (zext             ) [ 000000000000000000000000000000000000000000000000000]
towers_addr_62         (getelementptr    ) [ 000000000000100000000000000000000000000000000000000]
sum5_et                (load             ) [ 000000000000111100000000000000000000000000000000000]
add_ln187              (add              ) [ 000000000000000000000000000000000000000000000000000]
zext_ln187_101         (zext             ) [ 000000000000000000000000000000000000000000000000000]
towers_addr_51         (getelementptr    ) [ 000000000000010000000000000000000000000000000000000]
sum7_et_12             (load             ) [ 000000000000011100000000000000000000000000000000000]
add_ln187_62           (add              ) [ 000000000000000000000000000000000000000000000000000]
zext_ln187_105         (zext             ) [ 000000000000000000000000000000000000000000000000000]
towers_addr_63         (getelementptr    ) [ 000000000000001000000000000000000000000000000000000]
towers_load_2          (load             ) [ 000000000000001100000000000000000000000000000000000]
towers_load_3          (load             ) [ 000000000000000100000000000000000000000000000000000]
add_ln184              (add              ) [ 000000000000000000000000000000000000000000000000000]
icmp_ln162_3           (icmp             ) [ 000000000000000000000000000000000000000000000000000]
add_ln163_3            (add              ) [ 000000000000000000000000000000000000000000000000000]
zext_ln162_3           (zext             ) [ 000000000000000000000000000000000000000000000000000]
phi_idx_16             (select           ) [ 000000000000000000000000000000000000000000000000000]
sext_ln187             (sext             ) [ 000000000000000111111111111111111111111111110000000]
add_ln187_105          (add              ) [ 000000000000000000000000000000000000000000000000000]
zext_ln187_115         (zext             ) [ 000000000000000000000000000000000000000000000000000]
towers_addr_65         (getelementptr    ) [ 000000000000000100000000000000000000000000000000000]
zext_ln187_21          (zext             ) [ 000000000000000011111111111111111111000000000000000]
zext_ln348             (zext             ) [ 000000000000000000000000000000000000000000000000000]
zext_ln348_1           (zext             ) [ 000000000000000000000000000000000000000000000000000]
zext_ln348_2           (zext             ) [ 000000000000000000000000000000000000000000000000000]
towers_load_4          (load             ) [ 000000000000000011100000000000000000000000000000000]
zext_ln348_3           (zext             ) [ 000000000000000000000000000000000000000000000000000]
add_ln187_112          (add              ) [ 000000000000000000000000000000000000000000000000000]
zext_ln187_122         (zext             ) [ 000000000000000000000000000000000000000000000000000]
towers_addr_66         (getelementptr    ) [ 000000000000000010000000000000000000000000000000000]
sum5_et_1              (add              ) [ 000000000000000000000000000000000000000000000000000]
zext_ln187_23          (zext             ) [ 000000000000000000000000000000000000000000000000000]
add_ln187_63           (add              ) [ 000000000000000000000000000000000000000000000000000]
zext_ln187_74          (zext             ) [ 000000000000000000000000000000000000000000000000000]
sum5_et_2              (add              ) [ 000000000000000011100000000000000000000000000000000]
sum7_et_13             (add              ) [ 000000000000000000000000000000000000000000000000000]
zext_ln187_26          (zext             ) [ 000000000000000000000000000000000000000000000000000]
add_ln187_70           (add              ) [ 000000000000000000000000000000000000000000000000000]
zext_ln187_77          (zext             ) [ 000000000000000000000000000000000000000000000000000]
sum7_et_14             (add              ) [ 000000000000000011110000000000000000000000000000000]
add_ln187_106          (add              ) [ 000000000000000000000000000000000000000000000000000]
zext_ln187_116         (zext             ) [ 000000000000000000000000000000000000000000000000000]
towers_addr_67         (getelementptr    ) [ 000000000000000001000000000000000000000000000000000]
towers_load_5          (load             ) [ 000000000000000001110000000000000000000000000000000]
add_ln187_113          (add              ) [ 000000000000000000000000000000000000000000000000000]
zext_ln187_123         (zext             ) [ 000000000000000000000000000000000000000000000000000]
towers_addr_68         (getelementptr    ) [ 000000000000000000100000000000000000000000000000000]
towers_load_6          (load             ) [ 000000000000000000110000000000000000000000000000000]
add_ln187_107          (add              ) [ 000000000000000000000000000000000000000000000000000]
zext_ln187_117         (zext             ) [ 000000000000000000000000000000000000000000000000000]
towers_addr_69         (getelementptr    ) [ 000000000000000000010000000000000000000000000000000]
zext_ln348_4           (zext             ) [ 000000000000000000000000000000000000000000000000000]
zext_ln348_6           (zext             ) [ 000000000000000000000000000000000000000000000000000]
zext_ln183_3           (zext             ) [ 000000000000000000000000000000000000000000000000000]
towers_load_7          (load             ) [ 000000000000000000000000000000000000000000000000000]
zext_ln348_7           (zext             ) [ 000000000000000000010000000000000000000000000000000]
zext_ln187_24          (zext             ) [ 000000000000000000000000000000000000000000000000000]
add_ln187_65           (add              ) [ 000000000000000000000000000000000000000000000000000]
add_ln187_66           (add              ) [ 000000000000000000000000000000000000000000000000000]
zext_ln187_75          (zext             ) [ 000000000000000000000000000000000000000000000000000]
add_ln187_67           (add              ) [ 000000000000000000000000000000000000000000000000000]
zext_ln187_76          (zext             ) [ 000000000000000000000000000000000000000000000000000]
sum5_et_3              (add              ) [ 000000000000000000011111111000000000000000000000000]
add_ln187_114          (add              ) [ 000000000000000000000000000000000000000000000000000]
zext_ln187_124         (zext             ) [ 000000000000000000000000000000000000000000000000000]
towers_addr_70         (getelementptr    ) [ 000000000000000000001000000000000000000000000000000]
zext_ln348_5           (zext             ) [ 000000000000000000000000000000000000000000000000000]
zext_ln183_2           (zext             ) [ 000000000000000000000000000000000000000000000000000]
towers_load            (load             ) [ 000000000000000000000000000000000000000000000000000]
zext_ln348_8           (zext             ) [ 000000000000000000001111111000000000000000000000000]
zext_ln187_27          (zext             ) [ 000000000000000000000000000000000000000000000000000]
add_ln187_72           (add              ) [ 000000000000000000000000000000000000000000000000000]
add_ln187_73           (add              ) [ 000000000000000000000000000000000000000000000000000]
zext_ln187_78          (zext             ) [ 000000000000000000000000000000000000000000000000000]
add_ln187_74           (add              ) [ 000000000000000000000000000000000000000000000000000]
zext_ln187_79          (zext             ) [ 000000000000000000000000000000000000000000000000000]
sum7_et_15             (add              ) [ 000000000000000000001111111000000000000000000000000]
add_ln187_108          (add              ) [ 000000000000000000000000000000000000000000000000000]
zext_ln187_118         (zext             ) [ 000000000000000000000000000000000000000000000000000]
towers_addr_71         (getelementptr    ) [ 000000000000000000000100000000000000000000000000000]
towers_load_8          (load             ) [ 000000000000000000000111111000000000000000000000000]
empty_103              (add              ) [ 000000000000000000000000000000000000000000000000000]
p_shl12                (bitconcatenate   ) [ 000000000000000000000000000000000000000000000000000]
tmp_15                 (bitconcatenate   ) [ 000000000000000000000000000000000000000000000000000]
zext_ln187_98          (zext             ) [ 000000000000000000000000000000000000000000000000000]
sub_ln187_1            (sub              ) [ 000000000000000000000011111111111111111111100000000]
add_ln187_115          (add              ) [ 000000000000000000000000000000000000000000000000000]
zext_ln187_125         (zext             ) [ 000000000000000000000000000000000000000000000000000]
towers_addr_72         (getelementptr    ) [ 000000000000000000000010000000000000000000000000000]
towers_load_9          (load             ) [ 000000000000000000000011111000000000000000000000000]
add_ln187_75           (add              ) [ 000000000000000000000000000000000000000000000000000]
zext_ln187_110         (zext             ) [ 000000000000000000000000000000000000000000000000000]
towers_addr_73         (getelementptr    ) [ 000000000000000000000001000000000000000000000000000]
towers_load_10         (load             ) [ 000000000000000000000001111000000000000000000000000]
add_ln187_55           (add              ) [ 000000000000000000000000000000000000000000000000000]
zext_ln187_102         (zext             ) [ 000000000000000000000000000000000000000000000000000]
towers_addr_53         (getelementptr    ) [ 000000000000000000000000100000000000000000000000000]
towers_load_11         (load             ) [ 000000000000000000000000111000000000000000000000000]
add_ln187_64           (add              ) [ 000000000000000000000000000000000000000000000000000]
zext_ln187_106         (zext             ) [ 000000000000000000000000000000000000000000000000000]
towers_addr_64         (getelementptr    ) [ 000000000000000000000000010000000000000000000000000]
towers_load_12         (load             ) [ 000000000000000000000000011000000000000000000000000]
add_ln187_109          (add              ) [ 000000000000000000000000000000000000000000000000000]
zext_ln187_119         (zext             ) [ 000000000000000000000000000000000000000000000000000]
towers_addr_76         (getelementptr    ) [ 000000000000000000000000001000000000000000000000000]
towers_load_13         (load             ) [ 000000000000000000000000001100000000000000000000000]
empty_104              (add              ) [ 000000000000000000000000000000000000000000000000000]
p_shl13                (bitconcatenate   ) [ 000000000000000000000000000000000000000000000000000]
tmp_16                 (bitconcatenate   ) [ 000000000000000000000000000000000000000000000000000]
zext_ln187_99          (zext             ) [ 000000000000000000000000000000000000000000000000000]
sub_ln187_2            (sub              ) [ 000000000000000000000000000111111000000000000000000]
zext_ln348_9           (zext             ) [ 000000000000000000000000000000000000000000000000000]
zext_ln348_10          (zext             ) [ 000000000000000000000000000000000000000000000000000]
zext_ln187_56          (zext             ) [ 000000000000000000000000000000000000000000000000000]
zext_ln187_57          (zext             ) [ 000000000000000000000000000000000000000000000000000]
zext_ln187_58          (zext             ) [ 000000000000000000000000000000000000000000000000000]
zext_ln187_59          (zext             ) [ 000000000000000000000000000000000000000000000000000]
zext_ln348_11          (zext             ) [ 000000000000000000000000000000000000000000000000000]
zext_ln187_60          (zext             ) [ 000000000000000000000000000000000000000000000000000]
zext_ln187_62          (zext             ) [ 000000000000000000000000000000000000000000000000000]
towers_load_14         (load             ) [ 000000000000000000000000000000000000000000000000000]
zext_ln171             (zext             ) [ 000000000000000000000000000100000000000000000000000]
add_ln184_3            (add              ) [ 000000000000000000000000000000000000000000000000000]
tmp_20                 (bitselect        ) [ 000000000000000000000000000000000000000000000000000]
add_ln161_4            (add              ) [ 000000000000000000000000000000000000000000000000000]
phi_idx_17             (select           ) [ 000000000000000000000000000000000000000000000000000]
zext_ln187_128         (zext             ) [ 000000000000000000000000000111111111111111110000000]
add_ln187_118          (add              ) [ 000000000000000000000000000000000000000000000000000]
zext_ln187_129         (zext             ) [ 000000000000000000000000000000000000000000000000000]
towers_addr_77         (getelementptr    ) [ 000000000000000000000000000100000000000000000000000]
zext_ln187_25          (zext             ) [ 000000000000000000000000000000000000000000000000000]
add_ln351              (add              ) [ 000000000000000000000000000000000000000000000000000]
add_ln351_1            (add              ) [ 000000000000000000000000000000000000000000000000000]
zext_ln351             (zext             ) [ 000000000000000000000000000000000000000000000000000]
add_ln351_2            (add              ) [ 000000000000000000000000000000000000000000000000000]
add_ln351_3            (add              ) [ 000000000000000000000000000000000000000000000000000]
zext_ln351_1           (zext             ) [ 000000000000000000000000000000000000000000000000000]
add_ln351_4            (add              ) [ 000000000000000000000000000000000000000000000000000]
zext_ln351_2           (zext             ) [ 000000000000000000000000000000000000000000000000000]
add_ln351_5            (add              ) [ 000000000000000000000000000000000000000000000000000]
zext_ln351_3           (zext             ) [ 000000000000000000000000000000000000000000000000000]
add_ln351_6            (add              ) [ 000000000000000000000000000000000000000000000000000]
zext_ln351_4           (zext             ) [ 000000000000000000000000000000000000000000000000000]
iso5_et                (add              ) [ 010000000000000000000000000111111111111111111111111]
zext_ln187_28          (zext             ) [ 000000000000000000000000000000000000000000000000000]
add_ln187_76           (add              ) [ 000000000000000000000000000100000000000000000000000]
add_ln187_77           (add              ) [ 000000000000000000000000000100000000000000000000000]
add_ln187_79           (add              ) [ 000000000000000000000000000100000000000000000000000]
add_ln187_116          (add              ) [ 000000000000000000000000000000000000000000000000000]
zext_ln187_126         (zext             ) [ 000000000000000000000000000000000000000000000000000]
towers_addr_78         (getelementptr    ) [ 000000000000000000000000000010000000000000000000000]
zext_ln187_61          (zext             ) [ 000000000000000000000000000000000000000000000000000]
sum7_et                (load             ) [ 000000000000000000000000000000000000000000000000000]
zext_ln349             (zext             ) [ 000000000000000000000000000000000000000000000000000]
zext_ln187_80          (zext             ) [ 000000000000000000000000000000000000000000000000000]
add_ln187_78           (add              ) [ 000000000000000000000000000000000000000000000000000]
zext_ln187_81          (zext             ) [ 000000000000000000000000000000000000000000000000000]
add_ln187_80           (add              ) [ 000000000000000000000000000000000000000000000000000]
zext_ln187_82          (zext             ) [ 000000000000000000000000000000000000000000000000000]
add_ln187_81           (add              ) [ 000000000000000000000000000000000000000000000000000]
zext_ln187_83          (zext             ) [ 000000000000000000000000000000000000000000000000000]
add_ln187_82           (add              ) [ 000000000000000000000000000000000000000000000000000]
zext_ln187_84          (zext             ) [ 000000000000000000000000000000000000000000000000000]
sum7_et_16             (add              ) [ 000000000000000000000000000011100000000000000000000]
add_ln187_83           (add              ) [ 000000000000000000000000000000000000000000000000000]
zext_ln187_111         (zext             ) [ 000000000000000000000000000000000000000000000000000]
towers_addr_79         (getelementptr    ) [ 000000000000000000000000000001000000000000000000000]
towers_load_16         (load             ) [ 000000000000000000000000000001100000000000000000000]
add_ln187_57           (add              ) [ 000000000000000000000000000000000000000000000000000]
zext_ln187_103         (zext             ) [ 000000000000000000000000000000000000000000000000000]
towers_addr_58         (getelementptr    ) [ 000000000000000000000000000000100000000000000000000]
towers_load_17         (load             ) [ 000000000000000000000000000000100000000000000000000]
add_ln187_68           (add              ) [ 000000000000000000000000000000000000000000000000000]
zext_ln187_107         (zext             ) [ 000000000000000000000000000000000000000000000000000]
towers_addr_74         (getelementptr    ) [ 000000000000000000000000000000010000000000000000000]
zext_ln349_1           (zext             ) [ 000000000000000000000000000000000000000000000000000]
zext_ln184             (zext             ) [ 000000000000000000000000000000000000000000000000000]
towers_load_18         (load             ) [ 000000000000000000000000000000000000000000000000000]
zext_ln349_2           (zext             ) [ 000000000000000000000000000000000000000000000000000]
zext_ln187_29          (zext             ) [ 000000000000000000000000000000000000000000000000000]
add_ln187_84           (add              ) [ 000000000000000000000000000000000000000000000000000]
add_ln187_85           (add              ) [ 000000000000000000000000000000000000000000000000000]
zext_ln187_85          (zext             ) [ 000000000000000000000000000000000000000000000000000]
add_ln187_86           (add              ) [ 000000000000000000000000000000011111111111100000000]
add_ln187_110          (add              ) [ 000000000000000000000000000000000000000000000000000]
zext_ln187_120         (zext             ) [ 000000000000000000000000000000000000000000000000000]
towers_addr_81         (getelementptr    ) [ 000000000000000000000000000000001000000000000000000]
towers_load_19         (load             ) [ 000000000000000000000000000000001000000000000000000]
zext_ln184_3           (zext             ) [ 000000000000000000000000000000000000000000000000000]
towers_load_20         (load             ) [ 000000000000000000000000000000000000000000000000000]
zext_ln184_4           (zext             ) [ 000000000000000000000000000000000000000000000000000]
add_ln184_2            (add              ) [ 000000000000000000000000000000000000000000000000000]
icmp_ln162_4           (icmp             ) [ 000000000000000000000000000000000000000000000000000]
add_ln163_4            (add              ) [ 000000000000000000000000000000000000000000000000000]
zext_ln162_4           (zext             ) [ 000000000000000000000000000000000000000000000000000]
phi_idx_18             (select           ) [ 000000000000000000000000000000000000000000000000000]
sext_ln187_1           (sext             ) [ 000000000000000000000000000000000111111111110000000]
add_ln187_119          (add              ) [ 000000000000000000000000000000000000000000000000000]
zext_ln187_130         (zext             ) [ 000000000000000000000000000000000000000000000000000]
towers_addr_83         (getelementptr    ) [ 000000000000000000000000000000000100000000000000000]
add_ln187_87           (add              ) [ 000000000000000000000000000000000110000000000000000]
towers_load_21         (load             ) [ 000000000000000000000000000000000010000000000000000]
add_ln187_126          (add              ) [ 000000000000000000000000000000000000000000000000000]
zext_ln187_137         (zext             ) [ 000000000000000000000000000000000000000000000000000]
towers_addr_84         (getelementptr    ) [ 000000000000000000000000000000000010000000000000000]
add_ln187_120          (add              ) [ 000000000000000000000000000000000000000000000000000]
zext_ln187_131         (zext             ) [ 000000000000000000000000000000000000000000000000000]
towers_addr_86         (getelementptr    ) [ 000000000000000000000000000000000001000000000000000]
zext_ln160             (zext             ) [ 000000000000000000000000000000000000000000000000000]
towers_load_22         (load             ) [ 000000000000000000000000000000000000000000000000000]
zext_ln349_3           (zext             ) [ 000000000000000000000000000000000000000000000000000]
zext_ln187_86          (zext             ) [ 000000000000000000000000000000000000000000000000000]
add_ln187_88           (add              ) [ 000000000000000000000000000000000000000000000000000]
zext_ln187_87          (zext             ) [ 000000000000000000000000000000000000000000000000000]
add_ln187_89           (add              ) [ 000000000000000000000000000000000001111111100000000]
add_ln187_127          (add              ) [ 000000000000000000000000000000000000000000000000000]
zext_ln187_138         (zext             ) [ 000000000000000000000000000000000000000000000000000]
towers_addr_87         (getelementptr    ) [ 000000000000000000000000000000000000100000000000000]
towers_load_23         (load             ) [ 000000000000000000000000000000000000000000000000000]
zext_ln349_4           (zext             ) [ 000000000000000000000000000000000000000000000000000]
add_ln187_91           (add              ) [ 000000000000000000000000000000000000110000000000000]
add_ln187_121          (add              ) [ 000000000000000000000000000000000000000000000000000]
zext_ln187_132         (zext             ) [ 000000000000000000000000000000000000000000000000000]
towers_addr_88         (getelementptr    ) [ 000000000000000000000000000000000000010000000000000]
towers_load_24         (load             ) [ 000000000000000000000000000000000000010000000000000]
add_ln187_128          (add              ) [ 000000000000000000000000000000000000000000000000000]
zext_ln187_139         (zext             ) [ 000000000000000000000000000000000000000000000000000]
towers_addr_89         (getelementptr    ) [ 000000000000000000000000000000000000001000000000000]
zext_ln349_5           (zext             ) [ 000000000000000000000000000000000000000000000000000]
towers_load_25         (load             ) [ 000000000000000000000000000000000000000000000000000]
zext_ln183_4           (zext             ) [ 000000000000000000000000000000000000000000000000000]
zext_ln187_89          (zext             ) [ 000000000000000000000000000000000000000000000000000]
add_ln187_92           (add              ) [ 000000000000000000000000000000000000000000000000000]
zext_ln187_90          (zext             ) [ 000000000000000000000000000000000000000000000000000]
add_ln187_93           (add              ) [ 000000000000000000000000000000000000001111100000000]
add_ln187_122          (add              ) [ 000000000000000000000000000000000000000000000000000]
zext_ln187_133         (zext             ) [ 000000000000000000000000000000000000000000000000000]
towers_addr_90         (getelementptr    ) [ 000000000000000000000000000000000000000100000000000]
towers_load_26         (load             ) [ 000000000000000000000000000000000000000100000000000]
add_ln187_129          (add              ) [ 000000000000000000000000000000000000000000000000000]
zext_ln187_140         (zext             ) [ 000000000000000000000000000000000000000000000000000]
towers_addr_91         (getelementptr    ) [ 000000000000000000000000000000000000000010000000000]
zext_ln349_6           (zext             ) [ 000000000000000000000000000000000000000000000000000]
towers_load_27         (load             ) [ 000000000000000000000000000000000000000000000000000]
zext_ln187_63          (zext             ) [ 000000000000000000000000000000000000000000000000000]
add_ln187_94           (add              ) [ 000000000000000000000000000000000000000011100000000]
add_ln187_123          (add              ) [ 000000000000000000000000000000000000000000000000000]
zext_ln187_134         (zext             ) [ 000000000000000000000000000000000000000000000000000]
towers_addr_92         (getelementptr    ) [ 000000000000000000000000000000000000000001000000000]
towers_load_28         (load             ) [ 000000000000000000000000000000000000000001100000000]
add_ln187_130          (add              ) [ 000000000000000000000000000000000000000000000000000]
zext_ln187_141         (zext             ) [ 000000000000000000000000000000000000000000000000000]
towers_addr_93         (getelementptr    ) [ 000000000000000000000000000000000000000000100000000]
towers_load_29         (load             ) [ 000000000000000000000000000000000000000000100000000]
add_ln187_124          (add              ) [ 000000000000000000000000000000000000000000000000000]
zext_ln187_135         (zext             ) [ 000000000000000000000000000000000000000000000000000]
towers_addr_94         (getelementptr    ) [ 000000000000000000000000000000000000000000010000000]
zext_ln187_64          (zext             ) [ 000000000000000000000000000000000000000000000000000]
zext_ln187_65          (zext             ) [ 000000000000000000000000000000000000000000000000000]
towers_load_30         (load             ) [ 000000000000000000000000000000000000000000000000000]
zext_ln187_66          (zext             ) [ 000000000000000000000000000000000000000000000000000]
zext_ln187_88          (zext             ) [ 000000000000000000000000000000000000000000000000000]
add_ln187_90           (add              ) [ 000000000000000000000000000000000000000000000000000]
zext_ln187_91          (zext             ) [ 000000000000000000000000000000000000000000000000000]
zext_ln187_92          (zext             ) [ 000000000000000000000000000000000000000000000000000]
add_ln187_95           (add              ) [ 000000000000000000000000000000000000000000000000000]
zext_ln187_93          (zext             ) [ 000000000000000000000000000000000000000000000000000]
add_ln187_96           (add              ) [ 000000000000000000000000000000000000000000000000000]
zext_ln187_94          (zext             ) [ 000000000000000000000000000000000000000000000000000]
add_ln187_97           (add              ) [ 000000000000000000000000000000000000000000000000000]
zext_ln187_95          (zext             ) [ 000000000000000000000000000000000000000000000000000]
add_ln187_98           (add              ) [ 000000000000000000000000000000000000000000000000000]
zext_ln187_96          (zext             ) [ 000000000000000000000000000000000000000000000000000]
sum7_et_17             (add              ) [ 000000000000000000000000000000000000000000010000000]
empty_105              (add              ) [ 000000000000000000000000000000000000000000000000000]
p_shl14                (bitconcatenate   ) [ 000000000000000000000000000000000000000000000000000]
tmp_17                 (bitconcatenate   ) [ 000000000000000000000000000000000000000000000000000]
zext_ln187_100         (zext             ) [ 000000000000000000000000000000000000000000000000000]
sub_ln187_3            (sub              ) [ 000000000000000000000000000000000000000000000000000]
add_ln187_61           (add              ) [ 000000000000000000000000000000000000000000001110000]
add_ln187_69           (add              ) [ 000000000000000000000000000000000000000000001111000]
add_ln187_99           (add              ) [ 000000000000000000000000000000000000000000001100000]
add_ln187_111          (add              ) [ 000000000000000000000000000000000000000000001111100]
add_ln187_117          (add              ) [ 000000000000000000000000000000000000000000001000000]
add_ln187_125          (add              ) [ 000000000000000000000000000000000000000000001111110]
add_ln187_131          (add              ) [ 000000000000000000000000000000000000000000000000000]
zext_ln187_142         (zext             ) [ 000000000000000000000000000000000000000000000000000]
towers_addr_95         (getelementptr    ) [ 000000000000000000000000000000000000000000001000000]
towers_load_31         (load             ) [ 000000000000000000000000000000000000000000000000000]
zext_ln349_7           (zext             ) [ 000000000000000000000000000000000000000000000000000]
zext_ln187_30          (zext             ) [ 000000000000000000000000000000000000000000000000000]
add_ln352              (add              ) [ 010000000000000000000000000000000000000000001111111]
zext_ln187_127         (zext             ) [ 000000000000000000000000000000000000000000000000000]
towers_addr_85         (getelementptr    ) [ 000000000000000000000000000000000000000000000100000]
towers_load_32         (load             ) [ 000000000000000000000000000000000000000000000100000]
zext_ln187_112         (zext             ) [ 000000000000000000000000000000000000000000000000000]
towers_addr_80         (getelementptr    ) [ 000000000000000000000000000000000000000000000010000]
zext_ln187_67          (zext             ) [ 000000000000000000000000000000000000000000000000000]
towers_load_33         (load             ) [ 000000000000000000000000000000000000000000000000000]
zext_ln187_68          (zext             ) [ 000000000000000000000000000000000000000000000000000]
add_ln352_1            (add              ) [ 010000000000000000000000000000000000000000000011111]
zext_ln187_104         (zext             ) [ 000000000000000000000000000000000000000000000000000]
towers_addr_60         (getelementptr    ) [ 000000000000000000000000000000000000000000000001000]
towers_load_34         (load             ) [ 000000000000000000000000000000000000000000000001000]
zext_ln187_108         (zext             ) [ 000000000000000000000000000000000000000000000000000]
towers_addr_75         (getelementptr    ) [ 000000000000000000000000000000000000000000000000100]
zext_ln187_69          (zext             ) [ 000000000000000000000000000000000000000000000000000]
towers_load_35         (load             ) [ 000000000000000000000000000000000000000000000000000]
zext_ln187_70          (zext             ) [ 000000000000000000000000000000000000000000000000000]
add_ln352_3            (add              ) [ 010000000000000000000000000000000000000000000000111]
zext_ln187_121         (zext             ) [ 000000000000000000000000000000000000000000000000000]
towers_addr_82         (getelementptr    ) [ 000000000000000000000000000000000000000000000000010]
towers_load_36         (load             ) [ 010000000000000000000000000000000000000000000000011]
zext_ln187_136         (zext             ) [ 000000000000000000000000000000000000000000000000000]
towers_addr_96         (getelementptr    ) [ 010000000000000000000000000000000000000000000000001]
towers_load_37         (load             ) [ 010000000000000000000000000000000000000000000000001]
specloopname_ln0       (specloopname     ) [ 000000000000000000000000000000000000000000000000000]
speclooptripcount_ln0  (speclooptripcount) [ 000000000000000000000000000000000000000000000000000]
specpipeline_ln330     (specpipeline     ) [ 000000000000000000000000000000000000000000000000000]
zext_ln187_71          (zext             ) [ 000000000000000000000000000000000000000000000000000]
zext_ln187_72          (zext             ) [ 000000000000000000000000000000000000000000000000000]
towers_load_38         (load             ) [ 000000000000000000000000000000000000000000000000000]
zext_ln187_73          (zext             ) [ 000000000000000000000000000000000000000000000000000]
zext_ln352             (zext             ) [ 000000000000000000000000000000000000000000000000000]
add_ln352_2            (add              ) [ 000000000000000000000000000000000000000000000000000]
zext_ln352_1           (zext             ) [ 000000000000000000000000000000000000000000000000000]
add_ln352_4            (add              ) [ 000000000000000000000000000000000000000000000000000]
zext_ln352_2           (zext             ) [ 000000000000000000000000000000000000000000000000000]
add_ln352_5            (add              ) [ 000000000000000000000000000000000000000000000000000]
zext_ln352_3           (zext             ) [ 000000000000000000000000000000000000000000000000000]
add_ln352_6            (add              ) [ 000000000000000000000000000000000000000000000000000]
zext_ln352_4           (zext             ) [ 000000000000000000000000000000000000000000000000000]
ring7_et               (add              ) [ 000000000000000000000000000000000000000000000000000]
p_shl15                (bitconcatenate   ) [ 000000000000000000000000000000000000000000000000000]
tmp_21                 (bitconcatenate   ) [ 000000000000000000000000000000000000000000000000000]
zext_ln247             (zext             ) [ 000000000000000000000000000000000000000000000000000]
iso_lhs                (sub              ) [ 000000000000000000000000000000000000000000000000000]
zext_ln248             (zext             ) [ 000000000000000000000000000000000000000000000000000]
zext_ln248_1           (zext             ) [ 000000000000000000000000000000000000000000000000000]
p_shl                  (bitconcatenate   ) [ 000000000000000000000000000000000000000000000000000]
tmp_22                 (bitconcatenate   ) [ 000000000000000000000000000000000000000000000000000]
zext_ln257             (zext             ) [ 000000000000000000000000000000000000000000000000000]
ring_lhs               (sub              ) [ 000000000000000000000000000000000000000000000000000]
icmp_ln250             (icmp             ) [ 000000000000000000000000000000000000000000000000000]
xor_ln250              (xor              ) [ 000000000000000000000000000000000000000000000000000]
icmp_ln260             (icmp             ) [ 000000000000000000000000000000000000000000000000000]
xor_ln260              (xor              ) [ 000000000000000000000000000000000000000000000000000]
or_ln260               (or               ) [ 000000000000000000000000000000000000000000000000000]
or_ln260_1             (or               ) [ 000000000000000000000000000000000000000000000000000]
or_ln260_2             (or               ) [ 000000000000000000000000000000000000000000000000000]
or_ln260_3             (or               ) [ 000000000000000000000000000000000000000000000000000]
or_ln260_4             (or               ) [ 000000000000000000000000000000000000000000000000000]
candidate_et           (select           ) [ 000000000000000000000000000000000000000000000000000]
candidate_valid        (xor              ) [ 000000000000000000000000000000000000000000000000000]
zext_ln332             (zext             ) [ 000000000000000000000000000000000000000000000000000]
empty_106              (select           ) [ 000000000000000000000000000000000000000000000000000]
or_ln363_s             (bitconcatenate   ) [ 000000000000000000000000000000000000000000000000000]
write_ln363            (write            ) [ 000000000000000000000000000000000000000000000000000]
br_ln329               (br               ) [ 000000000000000000000000000000000000000000000000000]
ret_ln366              (ret              ) [ 000000000000000000000000000000000000000000000000000]
</LifeTime>

<model>

<comp_list>
<comp id="0" class="1000" name="towers">
<pin_list>
<pin id="1" dir="1" index="0" bw="1" slack="0"/>
</pin_list>
<bind>
<StgValue><ssdm name="towers"/><MemPortTyVec>1 3 </MemPortTyVec>
</StgValue>
</bind>
</comp>

<comp id="2" class="1000" name="seed_threshold">
<pin_list>
<pin id="3" dir="1" index="0" bw="1" slack="0"/>
</pin_list>
<bind>
<StgValue><ssdm name="seed_threshold"/></StgValue>
</bind>
</comp>

<comp id="4" class="1000" name="cluster_threshold">
<pin_list>
<pin id="5" dir="1" index="0" bw="1" slack="0"/>
</pin_list>
<bind>
<StgValue><ssdm name="cluster_threshold"/></StgValue>
</bind>
</comp>

<comp id="6" class="1000" name="em_cluster_stream">
<pin_list>
<pin id="7" dir="1" index="0" bw="1" slack="0"/>
</pin_list>
<bind>
<StgValue><ssdm name="em_cluster_stream"/></StgValue>
</bind>
</comp>

<comp id="8" class="1001" name="const_8">
<pin_list>
<pin id="9" dir="1" index="0" bw="1" slack="0"/>
</pin_list>
<bind>
<StgValue><ssdm name=""/></StgValue>
</bind>
</comp>

<comp id="10" class="1001" name="const_10">
<pin_list>
<pin id="11" dir="1" index="0" bw="1" slack="2147483647"/>
</pin_list>
<bind>
<StgValue><ssdm name="_ssdm_op_SpecShared"/></StgValue>
</bind>
</comp>

<comp id="12" class="1001" name="const_12">
<pin_list>
<pin id="13" dir="1" index="0" bw="1" slack="2147483647"/>
</pin_list>
<bind>
<StgValue><ssdm name="p_str"/></StgValue>
</bind>
</comp>

<comp id="14" class="1001" name="const_14">
<pin_list>
<pin id="15" dir="1" index="0" bw="1" slack="2147483647"/>
</pin_list>
<bind>
<StgValue><ssdm name="_ssdm_op_SpecBindPort"/></StgValue>
</bind>
</comp>

<comp id="16" class="1001" name="const_16">
<pin_list>
<pin id="17" dir="1" index="0" bw="1" slack="2147483647"/>
</pin_list>
<bind>
<StgValue><ssdm name=""/></StgValue>
</bind>
</comp>

<comp id="18" class="1001" name="const_18">
<pin_list>
<pin id="19" dir="1" index="0" bw="1" slack="2147483647"/>
</pin_list>
<bind>
<StgValue><ssdm name="_ssdm_op_SpecInterface"/></StgValue>
</bind>
</comp>

<comp id="20" class="1001" name="const_20">
<pin_list>
<pin id="21" dir="1" index="0" bw="1" slack="2147483647"/>
</pin_list>
<bind>
<StgValue><ssdm name="empty_8"/></StgValue>
</bind>
</comp>

<comp id="22" class="1001" name="const_22">
<pin_list>
<pin id="23" dir="1" index="0" bw="1" slack="2147483647"/>
</pin_list>
<bind>
<StgValue><ssdm name="empty_14"/></StgValue>
</bind>
</comp>

<comp id="24" class="1001" name="const_24">
<pin_list>
<pin id="25" dir="1" index="0" bw="1" slack="2147483647"/>
</pin_list>
<bind>
<StgValue><ssdm name=""/></StgValue>
</bind>
</comp>

<comp id="26" class="1001" name="const_26">
<pin_list>
<pin id="27" dir="1" index="0" bw="1" slack="2147483647"/>
</pin_list>
<bind>
<StgValue><ssdm name="empty_13"/></StgValue>
</bind>
</comp>

<comp id="28" class="1001" name="const_28">
<pin_list>
<pin id="29" dir="1" index="0" bw="1" slack="0"/>
</pin_list>
<bind>
<StgValue><ssdm name="_ssdm_op_Read.ap_auto.i20"/></StgValue>
</bind>
</comp>

<comp id="30" class="1001" name="const_30">
<pin_list>
<pin id="31" dir="1" index="0" bw="1" slack="0"/>
</pin_list>
<bind>
<StgValue><ssdm name="_ssdm_op_Read.ap_auto.i12"/></StgValue>
</bind>
</comp>

<comp id="32" class="1001" name="const_32">
<pin_list>
<pin id="33" dir="1" index="0" bw="1" slack="0"/>
</pin_list>
<bind>
<StgValue><ssdm name=""/></StgValue>
</bind>
</comp>

<comp id="34" class="1001" name="const_34">
<pin_list>
<pin id="35" dir="1" index="0" bw="1" slack="0"/>
</pin_list>
<bind>
<StgValue><ssdm name=""/></StgValue>
</bind>
</comp>

<comp id="36" class="1001" name="const_36">
<pin_list>
<pin id="37" dir="1" index="0" bw="1" slack="0"/>
</pin_list>
<bind>
<StgValue><ssdm name=""/></StgValue>
</bind>
</comp>

<comp id="38" class="1001" name="const_38">
<pin_list>
<pin id="39" dir="1" index="0" bw="1" slack="0"/>
</pin_list>
<bind>
<StgValue><ssdm name=""/></StgValue>
</bind>
</comp>

<comp id="40" class="1001" name="const_40">
<pin_list>
<pin id="41" dir="1" index="0" bw="1" slack="0"/>
</pin_list>
<bind>
<StgValue><ssdm name=""/></StgValue>
</bind>
</comp>

<comp id="42" class="1001" name="const_42">
<pin_list>
<pin id="43" dir="1" index="0" bw="1" slack="0"/>
</pin_list>
<bind>
<StgValue><ssdm name=""/></StgValue>
</bind>
</comp>

<comp id="44" class="1001" name="const_44">
<pin_list>
<pin id="45" dir="1" index="0" bw="1" slack="0"/>
</pin_list>
<bind>
<StgValue><ssdm name=""/></StgValue>
</bind>
</comp>

<comp id="46" class="1001" name="const_46">
<pin_list>
<pin id="47" dir="1" index="0" bw="1" slack="0"/>
</pin_list>
<bind>
<StgValue><ssdm name=""/></StgValue>
</bind>
</comp>

<comp id="48" class="1001" name="const_48">
<pin_list>
<pin id="49" dir="1" index="0" bw="1" slack="0"/>
</pin_list>
<bind>
<StgValue><ssdm name="_ssdm_op_BitConcatenate.i11.i5.i6"/></StgValue>
</bind>
</comp>

<comp id="50" class="1001" name="const_50">
<pin_list>
<pin id="51" dir="1" index="0" bw="1" slack="0"/>
</pin_list>
<bind>
<StgValue><ssdm name="_ssdm_op_BitConcatenate.i7.i5.i2"/></StgValue>
</bind>
</comp>

<comp id="52" class="1001" name="const_52">
<pin_list>
<pin id="53" dir="1" index="0" bw="1" slack="0"/>
</pin_list>
<bind>
<StgValue><ssdm name=""/></StgValue>
</bind>
</comp>

<comp id="54" class="1001" name="const_54">
<pin_list>
<pin id="55" dir="1" index="0" bw="1" slack="0"/>
</pin_list>
<bind>
<StgValue><ssdm name=""/></StgValue>
</bind>
</comp>

<comp id="56" class="1001" name="const_56">
<pin_list>
<pin id="57" dir="1" index="0" bw="1" slack="0"/>
</pin_list>
<bind>
<StgValue><ssdm name=""/></StgValue>
</bind>
</comp>

<comp id="58" class="1001" name="const_58">
<pin_list>
<pin id="59" dir="1" index="0" bw="1" slack="0"/>
</pin_list>
<bind>
<StgValue><ssdm name=""/></StgValue>
</bind>
</comp>

<comp id="60" class="1001" name="const_60">
<pin_list>
<pin id="61" dir="1" index="0" bw="1" slack="0"/>
</pin_list>
<bind>
<StgValue><ssdm name="_ssdm_op_BitSelect.i1.i7.i32"/></StgValue>
</bind>
</comp>

<comp id="62" class="1001" name="const_62">
<pin_list>
<pin id="63" dir="1" index="0" bw="1" slack="0"/>
</pin_list>
<bind>
<StgValue><ssdm name=""/></StgValue>
</bind>
</comp>

<comp id="64" class="1001" name="const_64">
<pin_list>
<pin id="65" dir="1" index="0" bw="1" slack="0"/>
</pin_list>
<bind>
<StgValue><ssdm name=""/></StgValue>
</bind>
</comp>

<comp id="66" class="1001" name="const_66">
<pin_list>
<pin id="67" dir="1" index="0" bw="1" slack="0"/>
</pin_list>
<bind>
<StgValue><ssdm name=""/></StgValue>
</bind>
</comp>

<comp id="68" class="1001" name="const_68">
<pin_list>
<pin id="69" dir="1" index="0" bw="1" slack="0"/>
</pin_list>
<bind>
<StgValue><ssdm name=""/></StgValue>
</bind>
</comp>

<comp id="70" class="1001" name="const_70">
<pin_list>
<pin id="71" dir="1" index="0" bw="1" slack="0"/>
</pin_list>
<bind>
<StgValue><ssdm name=""/></StgValue>
</bind>
</comp>

<comp id="72" class="1001" name="const_72">
<pin_list>
<pin id="73" dir="1" index="0" bw="1" slack="0"/>
</pin_list>
<bind>
<StgValue><ssdm name=""/></StgValue>
</bind>
</comp>

<comp id="74" class="1001" name="const_74">
<pin_list>
<pin id="75" dir="1" index="0" bw="1" slack="0"/>
</pin_list>
<bind>
<StgValue><ssdm name=""/></StgValue>
</bind>
</comp>

<comp id="76" class="1001" name="const_76">
<pin_list>
<pin id="77" dir="1" index="0" bw="1" slack="0"/>
</pin_list>
<bind>
<StgValue><ssdm name=""/></StgValue>
</bind>
</comp>

<comp id="78" class="1001" name="const_78">
<pin_list>
<pin id="79" dir="1" index="0" bw="1" slack="0"/>
</pin_list>
<bind>
<StgValue><ssdm name=""/></StgValue>
</bind>
</comp>

<comp id="80" class="1001" name="const_80">
<pin_list>
<pin id="81" dir="1" index="0" bw="1" slack="0"/>
</pin_list>
<bind>
<StgValue><ssdm name=""/></StgValue>
</bind>
</comp>

<comp id="82" class="1001" name="const_82">
<pin_list>
<pin id="83" dir="1" index="0" bw="1" slack="0"/>
</pin_list>
<bind>
<StgValue><ssdm name=""/></StgValue>
</bind>
</comp>

<comp id="84" class="1001" name="const_84">
<pin_list>
<pin id="85" dir="1" index="0" bw="1" slack="0"/>
</pin_list>
<bind>
<StgValue><ssdm name=""/></StgValue>
</bind>
</comp>

<comp id="86" class="1001" name="const_86">
<pin_list>
<pin id="87" dir="1" index="0" bw="1" slack="0"/>
</pin_list>
<bind>
<StgValue><ssdm name=""/></StgValue>
</bind>
</comp>

<comp id="88" class="1001" name="const_88">
<pin_list>
<pin id="89" dir="1" index="0" bw="1" slack="0"/>
</pin_list>
<bind>
<StgValue><ssdm name=""/></StgValue>
</bind>
</comp>

<comp id="90" class="1001" name="const_90">
<pin_list>
<pin id="91" dir="1" index="0" bw="1" slack="0"/>
</pin_list>
<bind>
<StgValue><ssdm name=""/></StgValue>
</bind>
</comp>

<comp id="92" class="1001" name="const_92">
<pin_list>
<pin id="93" dir="1" index="0" bw="1" slack="0"/>
</pin_list>
<bind>
<StgValue><ssdm name=""/></StgValue>
</bind>
</comp>

<comp id="94" class="1001" name="const_94">
<pin_list>
<pin id="95" dir="1" index="0" bw="1" slack="2147483647"/>
</pin_list>
<bind>
<StgValue><ssdm name="_ssdm_op_SpecLoopName"/></StgValue>
</bind>
</comp>

<comp id="96" class="1001" name="const_96">
<pin_list>
<pin id="97" dir="1" index="0" bw="1" slack="2147483647"/>
</pin_list>
<bind>
<StgValue><ssdm name="VITIS_LOOP_328_1_VITIS_LOOP_329_2_str"/></StgValue>
</bind>
</comp>

<comp id="98" class="1001" name="const_98">
<pin_list>
<pin id="99" dir="1" index="0" bw="1" slack="2147483647"/>
</pin_list>
<bind>
<StgValue><ssdm name="_ssdm_op_SpecLoopTripCount"/></StgValue>
</bind>
</comp>

<comp id="100" class="1001" name="const_100">
<pin_list>
<pin id="101" dir="1" index="0" bw="1" slack="2147483647"/>
</pin_list>
<bind>
<StgValue><ssdm name=""/></StgValue>
</bind>
</comp>

<comp id="102" class="1001" name="const_102">
<pin_list>
<pin id="103" dir="1" index="0" bw="1" slack="2147483647"/>
</pin_list>
<bind>
<StgValue><ssdm name="_ssdm_op_SpecPipeline"/></StgValue>
</bind>
</comp>

<comp id="104" class="1001" name="const_104">
<pin_list>
<pin id="105" dir="1" index="0" bw="1" slack="0"/>
</pin_list>
<bind>
<StgValue><ssdm name="_ssdm_op_BitConcatenate.i19.i16.i3"/></StgValue>
</bind>
</comp>

<comp id="106" class="1001" name="const_106">
<pin_list>
<pin id="107" dir="1" index="0" bw="1" slack="0"/>
</pin_list>
<bind>
<StgValue><ssdm name=""/></StgValue>
</bind>
</comp>

<comp id="108" class="1001" name="const_108">
<pin_list>
<pin id="109" dir="1" index="0" bw="1" slack="0"/>
</pin_list>
<bind>
<StgValue><ssdm name="_ssdm_op_BitConcatenate.i17.i16.i1"/></StgValue>
</bind>
</comp>

<comp id="110" class="1001" name="const_110">
<pin_list>
<pin id="111" dir="1" index="0" bw="1" slack="0"/>
</pin_list>
<bind>
<StgValue><ssdm name=""/></StgValue>
</bind>
</comp>

<comp id="112" class="1001" name="const_112">
<pin_list>
<pin id="113" dir="1" index="0" bw="1" slack="0"/>
</pin_list>
<bind>
<StgValue><ssdm name="_ssdm_op_BitConcatenate.i21.i18.i3"/></StgValue>
</bind>
</comp>

<comp id="114" class="1001" name="const_114">
<pin_list>
<pin id="115" dir="1" index="0" bw="1" slack="0"/>
</pin_list>
<bind>
<StgValue><ssdm name="_ssdm_op_BitConcatenate.i19.i18.i1"/></StgValue>
</bind>
</comp>

<comp id="116" class="1001" name="const_116">
<pin_list>
<pin id="117" dir="1" index="0" bw="1" slack="0"/>
</pin_list>
<bind>
<StgValue><ssdm name=""/></StgValue>
</bind>
</comp>

<comp id="118" class="1001" name="const_118">
<pin_list>
<pin id="119" dir="1" index="0" bw="1" slack="0"/>
</pin_list>
<bind>
<StgValue><ssdm name="_ssdm_op_BitConcatenate.i61.i1.i8.i6.i1.i5.i4.i16.i20"/></StgValue>
</bind>
</comp>

<comp id="120" class="1001" name="const_120">
<pin_list>
<pin id="121" dir="1" index="0" bw="1" slack="0"/>
</pin_list>
<bind>
<StgValue><ssdm name=""/></StgValue>
</bind>
</comp>

<comp id="122" class="1001" name="const_122">
<pin_list>
<pin id="123" dir="1" index="0" bw="1" slack="0"/>
</pin_list>
<bind>
<StgValue><ssdm name=""/></StgValue>
</bind>
</comp>

<comp id="124" class="1001" name="const_124">
<pin_list>
<pin id="125" dir="1" index="0" bw="1" slack="0"/>
</pin_list>
<bind>
<StgValue><ssdm name="_ssdm_op_Write.ap_fifo.volatile.i61P0A"/></StgValue>
</bind>
</comp>

<comp id="126" class="1004" name="phi_idx_13_fu_126">
<pin_list>
<pin id="127" dir="0" index="0" bw="1" slack="0"/>
<pin id="128" dir="1" index="1" bw="6" slack="0"/>
</pin_list>
<bind>
<opcode="alloca(26) " fcode="alloca"/>
<opset="phi_idx_13/1 "/>
</bind>
</comp>

<comp id="130" class="1004" name="eta_fu_130">
<pin_list>
<pin id="131" dir="0" index="0" bw="1" slack="0"/>
<pin id="132" dir="1" index="1" bw="5" slack="0"/>
</pin_list>
<bind>
<opcode="alloca(26) " fcode="alloca"/>
<opset="eta/1 "/>
</bind>
</comp>

<comp id="134" class="1004" name="indvar_flatten_fu_134">
<pin_list>
<pin id="135" dir="0" index="0" bw="1" slack="0"/>
<pin id="136" dir="1" index="1" bw="11" slack="0"/>
</pin_list>
<bind>
<opcode="alloca(26) " fcode="alloca"/>
<opset="indvar_flatten/1 "/>
</bind>
</comp>

<comp id="138" class="1004" name="cluster_threshold_read_read_fu_138">
<pin_list>
<pin id="139" dir="0" index="0" bw="20" slack="0"/>
<pin id="140" dir="0" index="1" bw="20" slack="0"/>
<pin id="141" dir="1" index="2" bw="20" slack="9"/>
</pin_list>
<bind>
<opcode="read(1150) " fcode="read"/>
<opset="cluster_threshold_read/1 "/>
</bind>
</comp>

<comp id="144" class="1004" name="seed_threshold_read_read_fu_144">
<pin_list>
<pin id="145" dir="0" index="0" bw="12" slack="0"/>
<pin id="146" dir="0" index="1" bw="12" slack="0"/>
<pin id="147" dir="1" index="2" bw="12" slack="1"/>
</pin_list>
<bind>
<opcode="read(1150) " fcode="read"/>
<opset="seed_threshold_read/1 "/>
</bind>
</comp>

<comp id="150" class="1004" name="write_ln363_write_fu_150">
<pin_list>
<pin id="151" dir="0" index="0" bw="0" slack="0"/>
<pin id="152" dir="0" index="1" bw="61" slack="0"/>
<pin id="153" dir="0" index="2" bw="61" slack="0"/>
<pin id="154" dir="1" index="3" bw="0" slack="2147483647"/>
</pin_list>
<bind>
<opcode="write(1151) " fcode="write"/>
<opset="write_ln363/50 "/>
</bind>
</comp>

<comp id="157" class="1004" name="towers_addr_gep_fu_157">
<pin_list>
<pin id="158" dir="0" index="0" bw="12" slack="0"/>
<pin id="159" dir="0" index="1" bw="1" slack="0"/>
<pin id="160" dir="0" index="2" bw="11" slack="0"/>
<pin id="161" dir="1" index="3" bw="11" slack="0"/>
</pin_list>
<bind>
<opcode="getelementptr(29) " fcode="getelementptr"/>
<opset="towers_addr/1 "/>
</bind>
</comp>

<comp id="164" class="1004" name="grp_access_fu_164">
<pin_list>
<pin id="165" dir="0" index="0" bw="11" slack="0"/>
<pin id="166" dir="0" index="1" bw="12" slack="2147483647"/>
<pin id="167" dir="0" index="2" bw="0" slack="2147483647"/>
<pin id="168" dir="1" index="3" bw="12" slack="0"/>
</pin_list>
<bind>
<opcode="load(27) " fcode="load"/>
<opset="seed_et/1 neighbor/2 neighbor_48/3 neighbor_49/4 neighbor_50/5 neighbor_51/6 neighbor_52/7 neighbor_53/8 neighbor_54/9 sum5_et/10 sum7_et_12/11 towers_load_2/12 towers_load_3/13 towers_load_4/14 towers_load_5/15 towers_load_6/16 towers_load_7/17 towers_load/18 towers_load_8/19 towers_load_9/20 towers_load_10/21 towers_load_11/22 towers_load_12/23 towers_load_13/24 towers_load_14/25 sum7_et/26 towers_load_16/27 towers_load_17/28 towers_load_18/29 towers_load_19/30 towers_load_20/31 towers_load_21/32 towers_load_22/33 towers_load_23/34 towers_load_24/35 towers_load_25/36 towers_load_26/37 towers_load_27/38 towers_load_28/39 towers_load_29/40 towers_load_30/41 towers_load_31/42 towers_load_32/43 towers_load_33/44 towers_load_34/45 towers_load_35/46 towers_load_36/47 towers_load_37/48 towers_load_38/49 "/>
</bind>
</comp>

<comp id="170" class="1004" name="towers_addr_52_gep_fu_170">
<pin_list>
<pin id="171" dir="0" index="0" bw="12" slack="0"/>
<pin id="172" dir="0" index="1" bw="1" slack="0"/>
<pin id="173" dir="0" index="2" bw="11" slack="0"/>
<pin id="174" dir="1" index="3" bw="11" slack="0"/>
</pin_list>
<bind>
<opcode="getelementptr(29) " fcode="getelementptr"/>
<opset="towers_addr_52/2 "/>
</bind>
</comp>

<comp id="178" class="1004" name="towers_addr_49_gep_fu_178">
<pin_list>
<pin id="179" dir="0" index="0" bw="12" slack="0"/>
<pin id="180" dir="0" index="1" bw="1" slack="0"/>
<pin id="181" dir="0" index="2" bw="11" slack="0"/>
<pin id="182" dir="1" index="3" bw="11" slack="0"/>
</pin_list>
<bind>
<opcode="getelementptr(29) " fcode="getelementptr"/>
<opset="towers_addr_49/3 "/>
</bind>
</comp>

<comp id="186" class="1004" name="towers_addr_54_gep_fu_186">
<pin_list>
<pin id="187" dir="0" index="0" bw="12" slack="0"/>
<pin id="188" dir="0" index="1" bw="1" slack="0"/>
<pin id="189" dir="0" index="2" bw="11" slack="0"/>
<pin id="190" dir="1" index="3" bw="11" slack="0"/>
</pin_list>
<bind>
<opcode="getelementptr(29) " fcode="getelementptr"/>
<opset="towers_addr_54/4 "/>
</bind>
</comp>

<comp id="194" class="1004" name="towers_addr_55_gep_fu_194">
<pin_list>
<pin id="195" dir="0" index="0" bw="12" slack="0"/>
<pin id="196" dir="0" index="1" bw="1" slack="0"/>
<pin id="197" dir="0" index="2" bw="11" slack="0"/>
<pin id="198" dir="1" index="3" bw="11" slack="0"/>
</pin_list>
<bind>
<opcode="getelementptr(29) " fcode="getelementptr"/>
<opset="towers_addr_55/5 "/>
</bind>
</comp>

<comp id="202" class="1004" name="towers_addr_56_gep_fu_202">
<pin_list>
<pin id="203" dir="0" index="0" bw="12" slack="0"/>
<pin id="204" dir="0" index="1" bw="1" slack="0"/>
<pin id="205" dir="0" index="2" bw="11" slack="0"/>
<pin id="206" dir="1" index="3" bw="11" slack="0"/>
</pin_list>
<bind>
<opcode="getelementptr(29) " fcode="getelementptr"/>
<opset="towers_addr_56/6 "/>
</bind>
</comp>

<comp id="210" class="1004" name="towers_addr_57_gep_fu_210">
<pin_list>
<pin id="211" dir="0" index="0" bw="12" slack="0"/>
<pin id="212" dir="0" index="1" bw="1" slack="0"/>
<pin id="213" dir="0" index="2" bw="11" slack="0"/>
<pin id="214" dir="1" index="3" bw="11" slack="0"/>
</pin_list>
<bind>
<opcode="getelementptr(29) " fcode="getelementptr"/>
<opset="towers_addr_57/7 "/>
</bind>
</comp>

<comp id="218" class="1004" name="towers_addr_50_gep_fu_218">
<pin_list>
<pin id="219" dir="0" index="0" bw="12" slack="0"/>
<pin id="220" dir="0" index="1" bw="1" slack="0"/>
<pin id="221" dir="0" index="2" bw="11" slack="0"/>
<pin id="222" dir="1" index="3" bw="11" slack="0"/>
</pin_list>
<bind>
<opcode="getelementptr(29) " fcode="getelementptr"/>
<opset="towers_addr_50/8 "/>
</bind>
</comp>

<comp id="226" class="1004" name="towers_addr_59_gep_fu_226">
<pin_list>
<pin id="227" dir="0" index="0" bw="12" slack="0"/>
<pin id="228" dir="0" index="1" bw="1" slack="0"/>
<pin id="229" dir="0" index="2" bw="11" slack="0"/>
<pin id="230" dir="1" index="3" bw="11" slack="0"/>
</pin_list>
<bind>
<opcode="getelementptr(29) " fcode="getelementptr"/>
<opset="towers_addr_59/9 "/>
</bind>
</comp>

<comp id="234" class="1004" name="towers_addr_61_gep_fu_234">
<pin_list>
<pin id="235" dir="0" index="0" bw="12" slack="0"/>
<pin id="236" dir="0" index="1" bw="1" slack="0"/>
<pin id="237" dir="0" index="2" bw="11" slack="0"/>
<pin id="238" dir="1" index="3" bw="11" slack="0"/>
</pin_list>
<bind>
<opcode="getelementptr(29) " fcode="getelementptr"/>
<opset="towers_addr_61/10 "/>
</bind>
</comp>

<comp id="242" class="1004" name="towers_addr_62_gep_fu_242">
<pin_list>
<pin id="243" dir="0" index="0" bw="12" slack="0"/>
<pin id="244" dir="0" index="1" bw="1" slack="0"/>
<pin id="245" dir="0" index="2" bw="11" slack="0"/>
<pin id="246" dir="1" index="3" bw="11" slack="0"/>
</pin_list>
<bind>
<opcode="getelementptr(29) " fcode="getelementptr"/>
<opset="towers_addr_62/11 "/>
</bind>
</comp>

<comp id="250" class="1004" name="towers_addr_51_gep_fu_250">
<pin_list>
<pin id="251" dir="0" index="0" bw="12" slack="0"/>
<pin id="252" dir="0" index="1" bw="1" slack="0"/>
<pin id="253" dir="0" index="2" bw="11" slack="0"/>
<pin id="254" dir="1" index="3" bw="11" slack="0"/>
</pin_list>
<bind>
<opcode="getelementptr(29) " fcode="getelementptr"/>
<opset="towers_addr_51/12 "/>
</bind>
</comp>

<comp id="258" class="1004" name="towers_addr_63_gep_fu_258">
<pin_list>
<pin id="259" dir="0" index="0" bw="12" slack="0"/>
<pin id="260" dir="0" index="1" bw="1" slack="0"/>
<pin id="261" dir="0" index="2" bw="11" slack="0"/>
<pin id="262" dir="1" index="3" bw="11" slack="0"/>
</pin_list>
<bind>
<opcode="getelementptr(29) " fcode="getelementptr"/>
<opset="towers_addr_63/13 "/>
</bind>
</comp>

<comp id="266" class="1004" name="towers_addr_65_gep_fu_266">
<pin_list>
<pin id="267" dir="0" index="0" bw="12" slack="0"/>
<pin id="268" dir="0" index="1" bw="1" slack="0"/>
<pin id="269" dir="0" index="2" bw="11" slack="0"/>
<pin id="270" dir="1" index="3" bw="11" slack="0"/>
</pin_list>
<bind>
<opcode="getelementptr(29) " fcode="getelementptr"/>
<opset="towers_addr_65/14 "/>
</bind>
</comp>

<comp id="274" class="1004" name="towers_addr_66_gep_fu_274">
<pin_list>
<pin id="275" dir="0" index="0" bw="12" slack="0"/>
<pin id="276" dir="0" index="1" bw="1" slack="0"/>
<pin id="277" dir="0" index="2" bw="11" slack="0"/>
<pin id="278" dir="1" index="3" bw="11" slack="0"/>
</pin_list>
<bind>
<opcode="getelementptr(29) " fcode="getelementptr"/>
<opset="towers_addr_66/15 "/>
</bind>
</comp>

<comp id="282" class="1004" name="towers_addr_67_gep_fu_282">
<pin_list>
<pin id="283" dir="0" index="0" bw="12" slack="0"/>
<pin id="284" dir="0" index="1" bw="1" slack="0"/>
<pin id="285" dir="0" index="2" bw="11" slack="0"/>
<pin id="286" dir="1" index="3" bw="11" slack="0"/>
</pin_list>
<bind>
<opcode="getelementptr(29) " fcode="getelementptr"/>
<opset="towers_addr_67/16 "/>
</bind>
</comp>

<comp id="290" class="1004" name="towers_addr_68_gep_fu_290">
<pin_list>
<pin id="291" dir="0" index="0" bw="12" slack="0"/>
<pin id="292" dir="0" index="1" bw="1" slack="0"/>
<pin id="293" dir="0" index="2" bw="11" slack="0"/>
<pin id="294" dir="1" index="3" bw="11" slack="0"/>
</pin_list>
<bind>
<opcode="getelementptr(29) " fcode="getelementptr"/>
<opset="towers_addr_68/17 "/>
</bind>
</comp>

<comp id="298" class="1004" name="towers_addr_69_gep_fu_298">
<pin_list>
<pin id="299" dir="0" index="0" bw="12" slack="0"/>
<pin id="300" dir="0" index="1" bw="1" slack="0"/>
<pin id="301" dir="0" index="2" bw="11" slack="0"/>
<pin id="302" dir="1" index="3" bw="11" slack="0"/>
</pin_list>
<bind>
<opcode="getelementptr(29) " fcode="getelementptr"/>
<opset="towers_addr_69/18 "/>
</bind>
</comp>

<comp id="306" class="1004" name="towers_addr_70_gep_fu_306">
<pin_list>
<pin id="307" dir="0" index="0" bw="12" slack="0"/>
<pin id="308" dir="0" index="1" bw="1" slack="0"/>
<pin id="309" dir="0" index="2" bw="11" slack="0"/>
<pin id="310" dir="1" index="3" bw="11" slack="0"/>
</pin_list>
<bind>
<opcode="getelementptr(29) " fcode="getelementptr"/>
<opset="towers_addr_70/19 "/>
</bind>
</comp>

<comp id="314" class="1004" name="towers_addr_71_gep_fu_314">
<pin_list>
<pin id="315" dir="0" index="0" bw="12" slack="0"/>
<pin id="316" dir="0" index="1" bw="1" slack="0"/>
<pin id="317" dir="0" index="2" bw="11" slack="0"/>
<pin id="318" dir="1" index="3" bw="11" slack="0"/>
</pin_list>
<bind>
<opcode="getelementptr(29) " fcode="getelementptr"/>
<opset="towers_addr_71/20 "/>
</bind>
</comp>

<comp id="322" class="1004" name="towers_addr_72_gep_fu_322">
<pin_list>
<pin id="323" dir="0" index="0" bw="12" slack="0"/>
<pin id="324" dir="0" index="1" bw="1" slack="0"/>
<pin id="325" dir="0" index="2" bw="11" slack="0"/>
<pin id="326" dir="1" index="3" bw="11" slack="0"/>
</pin_list>
<bind>
<opcode="getelementptr(29) " fcode="getelementptr"/>
<opset="towers_addr_72/21 "/>
</bind>
</comp>

<comp id="330" class="1004" name="towers_addr_73_gep_fu_330">
<pin_list>
<pin id="331" dir="0" index="0" bw="12" slack="0"/>
<pin id="332" dir="0" index="1" bw="1" slack="0"/>
<pin id="333" dir="0" index="2" bw="11" slack="0"/>
<pin id="334" dir="1" index="3" bw="11" slack="0"/>
</pin_list>
<bind>
<opcode="getelementptr(29) " fcode="getelementptr"/>
<opset="towers_addr_73/22 "/>
</bind>
</comp>

<comp id="338" class="1004" name="towers_addr_53_gep_fu_338">
<pin_list>
<pin id="339" dir="0" index="0" bw="12" slack="0"/>
<pin id="340" dir="0" index="1" bw="1" slack="0"/>
<pin id="341" dir="0" index="2" bw="11" slack="0"/>
<pin id="342" dir="1" index="3" bw="11" slack="0"/>
</pin_list>
<bind>
<opcode="getelementptr(29) " fcode="getelementptr"/>
<opset="towers_addr_53/23 "/>
</bind>
</comp>

<comp id="346" class="1004" name="towers_addr_64_gep_fu_346">
<pin_list>
<pin id="347" dir="0" index="0" bw="12" slack="0"/>
<pin id="348" dir="0" index="1" bw="1" slack="0"/>
<pin id="349" dir="0" index="2" bw="11" slack="0"/>
<pin id="350" dir="1" index="3" bw="11" slack="0"/>
</pin_list>
<bind>
<opcode="getelementptr(29) " fcode="getelementptr"/>
<opset="towers_addr_64/24 "/>
</bind>
</comp>

<comp id="354" class="1004" name="towers_addr_76_gep_fu_354">
<pin_list>
<pin id="355" dir="0" index="0" bw="12" slack="0"/>
<pin id="356" dir="0" index="1" bw="1" slack="0"/>
<pin id="357" dir="0" index="2" bw="11" slack="0"/>
<pin id="358" dir="1" index="3" bw="11" slack="0"/>
</pin_list>
<bind>
<opcode="getelementptr(29) " fcode="getelementptr"/>
<opset="towers_addr_76/25 "/>
</bind>
</comp>

<comp id="362" class="1004" name="towers_addr_77_gep_fu_362">
<pin_list>
<pin id="363" dir="0" index="0" bw="12" slack="0"/>
<pin id="364" dir="0" index="1" bw="1" slack="0"/>
<pin id="365" dir="0" index="2" bw="11" slack="0"/>
<pin id="366" dir="1" index="3" bw="11" slack="0"/>
</pin_list>
<bind>
<opcode="getelementptr(29) " fcode="getelementptr"/>
<opset="towers_addr_77/26 "/>
</bind>
</comp>

<comp id="370" class="1004" name="towers_addr_78_gep_fu_370">
<pin_list>
<pin id="371" dir="0" index="0" bw="12" slack="0"/>
<pin id="372" dir="0" index="1" bw="1" slack="0"/>
<pin id="373" dir="0" index="2" bw="11" slack="0"/>
<pin id="374" dir="1" index="3" bw="11" slack="0"/>
</pin_list>
<bind>
<opcode="getelementptr(29) " fcode="getelementptr"/>
<opset="towers_addr_78/27 "/>
</bind>
</comp>

<comp id="378" class="1004" name="towers_addr_79_gep_fu_378">
<pin_list>
<pin id="379" dir="0" index="0" bw="12" slack="0"/>
<pin id="380" dir="0" index="1" bw="1" slack="0"/>
<pin id="381" dir="0" index="2" bw="11" slack="0"/>
<pin id="382" dir="1" index="3" bw="11" slack="0"/>
</pin_list>
<bind>
<opcode="getelementptr(29) " fcode="getelementptr"/>
<opset="towers_addr_79/28 "/>
</bind>
</comp>

<comp id="386" class="1004" name="towers_addr_58_gep_fu_386">
<pin_list>
<pin id="387" dir="0" index="0" bw="12" slack="0"/>
<pin id="388" dir="0" index="1" bw="1" slack="0"/>
<pin id="389" dir="0" index="2" bw="11" slack="0"/>
<pin id="390" dir="1" index="3" bw="11" slack="0"/>
</pin_list>
<bind>
<opcode="getelementptr(29) " fcode="getelementptr"/>
<opset="towers_addr_58/29 "/>
</bind>
</comp>

<comp id="394" class="1004" name="towers_addr_74_gep_fu_394">
<pin_list>
<pin id="395" dir="0" index="0" bw="12" slack="0"/>
<pin id="396" dir="0" index="1" bw="1" slack="0"/>
<pin id="397" dir="0" index="2" bw="11" slack="0"/>
<pin id="398" dir="1" index="3" bw="11" slack="0"/>
</pin_list>
<bind>
<opcode="getelementptr(29) " fcode="getelementptr"/>
<opset="towers_addr_74/30 "/>
</bind>
</comp>

<comp id="402" class="1004" name="towers_addr_81_gep_fu_402">
<pin_list>
<pin id="403" dir="0" index="0" bw="12" slack="0"/>
<pin id="404" dir="0" index="1" bw="1" slack="0"/>
<pin id="405" dir="0" index="2" bw="11" slack="0"/>
<pin id="406" dir="1" index="3" bw="11" slack="0"/>
</pin_list>
<bind>
<opcode="getelementptr(29) " fcode="getelementptr"/>
<opset="towers_addr_81/31 "/>
</bind>
</comp>

<comp id="410" class="1004" name="towers_addr_83_gep_fu_410">
<pin_list>
<pin id="411" dir="0" index="0" bw="12" slack="0"/>
<pin id="412" dir="0" index="1" bw="1" slack="0"/>
<pin id="413" dir="0" index="2" bw="11" slack="0"/>
<pin id="414" dir="1" index="3" bw="11" slack="0"/>
</pin_list>
<bind>
<opcode="getelementptr(29) " fcode="getelementptr"/>
<opset="towers_addr_83/32 "/>
</bind>
</comp>

<comp id="418" class="1004" name="towers_addr_84_gep_fu_418">
<pin_list>
<pin id="419" dir="0" index="0" bw="12" slack="0"/>
<pin id="420" dir="0" index="1" bw="1" slack="0"/>
<pin id="421" dir="0" index="2" bw="11" slack="0"/>
<pin id="422" dir="1" index="3" bw="11" slack="0"/>
</pin_list>
<bind>
<opcode="getelementptr(29) " fcode="getelementptr"/>
<opset="towers_addr_84/33 "/>
</bind>
</comp>

<comp id="426" class="1004" name="towers_addr_86_gep_fu_426">
<pin_list>
<pin id="427" dir="0" index="0" bw="12" slack="0"/>
<pin id="428" dir="0" index="1" bw="1" slack="0"/>
<pin id="429" dir="0" index="2" bw="11" slack="0"/>
<pin id="430" dir="1" index="3" bw="11" slack="0"/>
</pin_list>
<bind>
<opcode="getelementptr(29) " fcode="getelementptr"/>
<opset="towers_addr_86/34 "/>
</bind>
</comp>

<comp id="434" class="1004" name="towers_addr_87_gep_fu_434">
<pin_list>
<pin id="435" dir="0" index="0" bw="12" slack="0"/>
<pin id="436" dir="0" index="1" bw="1" slack="0"/>
<pin id="437" dir="0" index="2" bw="11" slack="0"/>
<pin id="438" dir="1" index="3" bw="11" slack="0"/>
</pin_list>
<bind>
<opcode="getelementptr(29) " fcode="getelementptr"/>
<opset="towers_addr_87/35 "/>
</bind>
</comp>

<comp id="442" class="1004" name="towers_addr_88_gep_fu_442">
<pin_list>
<pin id="443" dir="0" index="0" bw="12" slack="0"/>
<pin id="444" dir="0" index="1" bw="1" slack="0"/>
<pin id="445" dir="0" index="2" bw="11" slack="0"/>
<pin id="446" dir="1" index="3" bw="11" slack="0"/>
</pin_list>
<bind>
<opcode="getelementptr(29) " fcode="getelementptr"/>
<opset="towers_addr_88/36 "/>
</bind>
</comp>

<comp id="450" class="1004" name="towers_addr_89_gep_fu_450">
<pin_list>
<pin id="451" dir="0" index="0" bw="12" slack="0"/>
<pin id="452" dir="0" index="1" bw="1" slack="0"/>
<pin id="453" dir="0" index="2" bw="11" slack="0"/>
<pin id="454" dir="1" index="3" bw="11" slack="0"/>
</pin_list>
<bind>
<opcode="getelementptr(29) " fcode="getelementptr"/>
<opset="towers_addr_89/37 "/>
</bind>
</comp>

<comp id="458" class="1004" name="towers_addr_90_gep_fu_458">
<pin_list>
<pin id="459" dir="0" index="0" bw="12" slack="0"/>
<pin id="460" dir="0" index="1" bw="1" slack="0"/>
<pin id="461" dir="0" index="2" bw="11" slack="0"/>
<pin id="462" dir="1" index="3" bw="11" slack="0"/>
</pin_list>
<bind>
<opcode="getelementptr(29) " fcode="getelementptr"/>
<opset="towers_addr_90/38 "/>
</bind>
</comp>

<comp id="466" class="1004" name="towers_addr_91_gep_fu_466">
<pin_list>
<pin id="467" dir="0" index="0" bw="12" slack="0"/>
<pin id="468" dir="0" index="1" bw="1" slack="0"/>
<pin id="469" dir="0" index="2" bw="11" slack="0"/>
<pin id="470" dir="1" index="3" bw="11" slack="0"/>
</pin_list>
<bind>
<opcode="getelementptr(29) " fcode="getelementptr"/>
<opset="towers_addr_91/39 "/>
</bind>
</comp>

<comp id="474" class="1004" name="towers_addr_92_gep_fu_474">
<pin_list>
<pin id="475" dir="0" index="0" bw="12" slack="0"/>
<pin id="476" dir="0" index="1" bw="1" slack="0"/>
<pin id="477" dir="0" index="2" bw="11" slack="0"/>
<pin id="478" dir="1" index="3" bw="11" slack="0"/>
</pin_list>
<bind>
<opcode="getelementptr(29) " fcode="getelementptr"/>
<opset="towers_addr_92/40 "/>
</bind>
</comp>

<comp id="482" class="1004" name="towers_addr_93_gep_fu_482">
<pin_list>
<pin id="483" dir="0" index="0" bw="12" slack="0"/>
<pin id="484" dir="0" index="1" bw="1" slack="0"/>
<pin id="485" dir="0" index="2" bw="11" slack="0"/>
<pin id="486" dir="1" index="3" bw="11" slack="0"/>
</pin_list>
<bind>
<opcode="getelementptr(29) " fcode="getelementptr"/>
<opset="towers_addr_93/41 "/>
</bind>
</comp>

<comp id="490" class="1004" name="towers_addr_94_gep_fu_490">
<pin_list>
<pin id="491" dir="0" index="0" bw="12" slack="0"/>
<pin id="492" dir="0" index="1" bw="1" slack="0"/>
<pin id="493" dir="0" index="2" bw="11" slack="0"/>
<pin id="494" dir="1" index="3" bw="11" slack="0"/>
</pin_list>
<bind>
<opcode="getelementptr(29) " fcode="getelementptr"/>
<opset="towers_addr_94/42 "/>
</bind>
</comp>

<comp id="498" class="1004" name="towers_addr_95_gep_fu_498">
<pin_list>
<pin id="499" dir="0" index="0" bw="12" slack="0"/>
<pin id="500" dir="0" index="1" bw="1" slack="0"/>
<pin id="501" dir="0" index="2" bw="11" slack="0"/>
<pin id="502" dir="1" index="3" bw="11" slack="0"/>
</pin_list>
<bind>
<opcode="getelementptr(29) " fcode="getelementptr"/>
<opset="towers_addr_95/43 "/>
</bind>
</comp>

<comp id="506" class="1004" name="towers_addr_85_gep_fu_506">
<pin_list>
<pin id="507" dir="0" index="0" bw="12" slack="0"/>
<pin id="508" dir="0" index="1" bw="1" slack="0"/>
<pin id="509" dir="0" index="2" bw="11" slack="0"/>
<pin id="510" dir="1" index="3" bw="11" slack="0"/>
</pin_list>
<bind>
<opcode="getelementptr(29) " fcode="getelementptr"/>
<opset="towers_addr_85/44 "/>
</bind>
</comp>

<comp id="514" class="1004" name="towers_addr_80_gep_fu_514">
<pin_list>
<pin id="515" dir="0" index="0" bw="12" slack="0"/>
<pin id="516" dir="0" index="1" bw="1" slack="0"/>
<pin id="517" dir="0" index="2" bw="11" slack="0"/>
<pin id="518" dir="1" index="3" bw="11" slack="0"/>
</pin_list>
<bind>
<opcode="getelementptr(29) " fcode="getelementptr"/>
<opset="towers_addr_80/45 "/>
</bind>
</comp>

<comp id="522" class="1004" name="towers_addr_60_gep_fu_522">
<pin_list>
<pin id="523" dir="0" index="0" bw="12" slack="0"/>
<pin id="524" dir="0" index="1" bw="1" slack="0"/>
<pin id="525" dir="0" index="2" bw="11" slack="0"/>
<pin id="526" dir="1" index="3" bw="11" slack="0"/>
</pin_list>
<bind>
<opcode="getelementptr(29) " fcode="getelementptr"/>
<opset="towers_addr_60/46 "/>
</bind>
</comp>

<comp id="530" class="1004" name="towers_addr_75_gep_fu_530">
<pin_list>
<pin id="531" dir="0" index="0" bw="12" slack="0"/>
<pin id="532" dir="0" index="1" bw="1" slack="0"/>
<pin id="533" dir="0" index="2" bw="11" slack="0"/>
<pin id="534" dir="1" index="3" bw="11" slack="0"/>
</pin_list>
<bind>
<opcode="getelementptr(29) " fcode="getelementptr"/>
<opset="towers_addr_75/47 "/>
</bind>
</comp>

<comp id="538" class="1004" name="towers_addr_82_gep_fu_538">
<pin_list>
<pin id="539" dir="0" index="0" bw="12" slack="0"/>
<pin id="540" dir="0" index="1" bw="1" slack="0"/>
<pin id="541" dir="0" index="2" bw="11" slack="0"/>
<pin id="542" dir="1" index="3" bw="11" slack="0"/>
</pin_list>
<bind>
<opcode="getelementptr(29) " fcode="getelementptr"/>
<opset="towers_addr_82/48 "/>
</bind>
</comp>

<comp id="546" class="1004" name="towers_addr_96_gep_fu_546">
<pin_list>
<pin id="547" dir="0" index="0" bw="12" slack="0"/>
<pin id="548" dir="0" index="1" bw="1" slack="0"/>
<pin id="549" dir="0" index="2" bw="11" slack="0"/>
<pin id="550" dir="1" index="3" bw="11" slack="0"/>
</pin_list>
<bind>
<opcode="getelementptr(29) " fcode="getelementptr"/>
<opset="towers_addr_96/49 "/>
</bind>
</comp>

<comp id="554" class="1005" name="reg_554">
<pin_list>
<pin id="555" dir="0" index="0" bw="12" slack="1"/>
<pin id="556" dir="1" index="1" bw="12" slack="1"/>
</pin_list>
<bind>
<opset="seed_et sum5_et towers_load_4 towers_load_8 towers_load_16 towers_load_19 towers_load_21 towers_load_24 towers_load_26 towers_load_28 towers_load_32 towers_load_34 towers_load_36 "/>
</bind>
</comp>

<comp id="558" class="1005" name="reg_558">
<pin_list>
<pin id="559" dir="0" index="0" bw="12" slack="1"/>
<pin id="560" dir="1" index="1" bw="12" slack="1"/>
</pin_list>
<bind>
<opset="neighbor sum7_et_12 towers_load_5 towers_load_9 towers_load_17 towers_load_29 towers_load_37 "/>
</bind>
</comp>

<comp id="562" class="1005" name="reg_562">
<pin_list>
<pin id="563" dir="0" index="0" bw="12" slack="1"/>
<pin id="564" dir="1" index="1" bw="12" slack="1"/>
</pin_list>
<bind>
<opset="neighbor_48 neighbor_51 towers_load_2 towers_load_6 towers_load_10 "/>
</bind>
</comp>

<comp id="566" class="1005" name="reg_566">
<pin_list>
<pin id="567" dir="0" index="0" bw="12" slack="1"/>
<pin id="568" dir="1" index="1" bw="12" slack="1"/>
</pin_list>
<bind>
<opset="neighbor_49 neighbor_52 towers_load_3 towers_load_11 "/>
</bind>
</comp>

<comp id="570" class="1005" name="reg_570">
<pin_list>
<pin id="571" dir="0" index="0" bw="12" slack="1"/>
<pin id="572" dir="1" index="1" bw="12" slack="1"/>
</pin_list>
<bind>
<opset="neighbor_53 towers_load_12 "/>
</bind>
</comp>

<comp id="574" class="1004" name="grp_fu_574">
<pin_list>
<pin id="575" dir="0" index="0" bw="12" slack="4"/>
<pin id="576" dir="0" index="1" bw="12" slack="2"/>
<pin id="577" dir="1" index="2" bw="1" slack="0"/>
</pin_list>
<bind>
<opcode="icmp(45) " fcode="icmp"/>
<opset="icmp_ln218/6 icmp_ln218_47/9 "/>
</bind>
</comp>

<comp id="580" class="1004" name="store_ln0_store_fu_580">
<pin_list>
<pin id="581" dir="0" index="0" bw="1" slack="0"/>
<pin id="582" dir="0" index="1" bw="11" slack="0"/>
<pin id="583" dir="1" index="2" bw="0" slack="2147483647"/>
</pin_list>
<bind>
<opcode="store(28) " fcode="store"/>
<opset="store_ln0/1 "/>
</bind>
</comp>

<comp id="585" class="1004" name="store_ln328_store_fu_585">
<pin_list>
<pin id="586" dir="0" index="0" bw="3" slack="0"/>
<pin id="587" dir="0" index="1" bw="5" slack="0"/>
<pin id="588" dir="1" index="2" bw="0" slack="2147483647"/>
</pin_list>
<bind>
<opcode="store(28) " fcode="store"/>
<opset="store_ln328/1 "/>
</bind>
</comp>

<comp id="590" class="1004" name="store_ln184_store_fu_590">
<pin_list>
<pin id="591" dir="0" index="0" bw="1" slack="0"/>
<pin id="592" dir="0" index="1" bw="6" slack="0"/>
<pin id="593" dir="1" index="2" bw="0" slack="2147483647"/>
</pin_list>
<bind>
<opcode="store(28) " fcode="store"/>
<opset="store_ln184/1 "/>
</bind>
</comp>

<comp id="595" class="1004" name="indvar_flatten_load_load_fu_595">
<pin_list>
<pin id="596" dir="0" index="0" bw="11" slack="0"/>
<pin id="597" dir="1" index="1" bw="11" slack="0"/>
</pin_list>
<bind>
<opcode="load(27) " fcode="load"/>
<opset="indvar_flatten_load/1 "/>
</bind>
</comp>

<comp id="598" class="1004" name="icmp_ln328_fu_598">
<pin_list>
<pin id="599" dir="0" index="0" bw="11" slack="0"/>
<pin id="600" dir="0" index="1" bw="11" slack="0"/>
<pin id="601" dir="1" index="2" bw="1" slack="1"/>
</pin_list>
<bind>
<opcode="icmp(45) " fcode="icmp"/>
<opset="icmp_ln328/1 "/>
</bind>
</comp>

<comp id="604" class="1004" name="add_ln328_1_fu_604">
<pin_list>
<pin id="605" dir="0" index="0" bw="11" slack="0"/>
<pin id="606" dir="0" index="1" bw="1" slack="0"/>
<pin id="607" dir="1" index="2" bw="11" slack="0"/>
</pin_list>
<bind>
<opcode="add(8) " fcode="add"/>
<opset="add_ln328_1/1 "/>
</bind>
</comp>

<comp id="610" class="1004" name="phi_idx_13_load_load_fu_610">
<pin_list>
<pin id="611" dir="0" index="0" bw="6" slack="0"/>
<pin id="612" dir="1" index="1" bw="6" slack="0"/>
</pin_list>
<bind>
<opcode="load(27) " fcode="load"/>
<opset="phi_idx_13_load/1 "/>
</bind>
</comp>

<comp id="613" class="1004" name="eta_load_load_fu_613">
<pin_list>
<pin id="614" dir="0" index="0" bw="5" slack="0"/>
<pin id="615" dir="1" index="1" bw="5" slack="0"/>
</pin_list>
<bind>
<opcode="load(27) " fcode="load"/>
<opset="eta_load/1 "/>
</bind>
</comp>

<comp id="616" class="1004" name="icmp_ln329_fu_616">
<pin_list>
<pin id="617" dir="0" index="0" bw="6" slack="0"/>
<pin id="618" dir="0" index="1" bw="6" slack="0"/>
<pin id="619" dir="1" index="2" bw="1" slack="0"/>
</pin_list>
<bind>
<opcode="icmp(45) " fcode="icmp"/>
<opset="icmp_ln329/1 "/>
</bind>
</comp>

<comp id="622" class="1004" name="select_ln328_fu_622">
<pin_list>
<pin id="623" dir="0" index="0" bw="1" slack="0"/>
<pin id="624" dir="0" index="1" bw="6" slack="0"/>
<pin id="625" dir="0" index="2" bw="6" slack="0"/>
<pin id="626" dir="1" index="3" bw="6" slack="0"/>
</pin_list>
<bind>
<opcode="select(49) " fcode="select"/>
<opset="select_ln328/1 "/>
</bind>
</comp>

<comp id="630" class="1004" name="add_ln328_fu_630">
<pin_list>
<pin id="631" dir="0" index="0" bw="5" slack="0"/>
<pin id="632" dir="0" index="1" bw="3" slack="0"/>
<pin id="633" dir="1" index="2" bw="5" slack="0"/>
</pin_list>
<bind>
<opcode="add(8) " fcode="add"/>
<opset="add_ln328/1 "/>
</bind>
</comp>

<comp id="636" class="1004" name="add_ln328_2_fu_636">
<pin_list>
<pin id="637" dir="0" index="0" bw="5" slack="0"/>
<pin id="638" dir="0" index="1" bw="1" slack="0"/>
<pin id="639" dir="1" index="2" bw="5" slack="0"/>
</pin_list>
<bind>
<opcode="add(8) " fcode="add"/>
<opset="add_ln328_2/1 "/>
</bind>
</comp>

<comp id="642" class="1004" name="select_ln328_1_fu_642">
<pin_list>
<pin id="643" dir="0" index="0" bw="1" slack="0"/>
<pin id="644" dir="0" index="1" bw="5" slack="0"/>
<pin id="645" dir="0" index="2" bw="5" slack="0"/>
<pin id="646" dir="1" index="3" bw="5" slack="6"/>
</pin_list>
<bind>
<opcode="select(49) " fcode="select"/>
<opset="select_ln328_1/1 "/>
</bind>
</comp>

<comp id="650" class="1004" name="select_ln328_2_fu_650">
<pin_list>
<pin id="651" dir="0" index="0" bw="1" slack="0"/>
<pin id="652" dir="0" index="1" bw="5" slack="0"/>
<pin id="653" dir="0" index="2" bw="5" slack="0"/>
<pin id="654" dir="1" index="3" bw="5" slack="0"/>
</pin_list>
<bind>
<opcode="select(49) " fcode="select"/>
<opset="select_ln328_2/1 "/>
</bind>
</comp>

<comp id="658" class="1004" name="p_shl8_fu_658">
<pin_list>
<pin id="659" dir="0" index="0" bw="11" slack="0"/>
<pin id="660" dir="0" index="1" bw="5" slack="0"/>
<pin id="661" dir="0" index="2" bw="1" slack="0"/>
<pin id="662" dir="1" index="3" bw="11" slack="0"/>
</pin_list>
<bind>
<opcode="bitconcatenate(1004) " fcode="bitconcatenate"/>
<opset="p_shl8/1 "/>
</bind>
</comp>

<comp id="666" class="1004" name="tmp_fu_666">
<pin_list>
<pin id="667" dir="0" index="0" bw="7" slack="0"/>
<pin id="668" dir="0" index="1" bw="5" slack="0"/>
<pin id="669" dir="0" index="2" bw="1" slack="0"/>
<pin id="670" dir="1" index="3" bw="7" slack="0"/>
</pin_list>
<bind>
<opcode="bitconcatenate(1004) " fcode="bitconcatenate"/>
<opset="tmp/1 "/>
</bind>
</comp>

<comp id="674" class="1004" name="zext_ln342_fu_674">
<pin_list>
<pin id="675" dir="0" index="0" bw="7" slack="0"/>
<pin id="676" dir="1" index="1" bw="11" slack="0"/>
</pin_list>
<bind>
<opcode="zext(34) " fcode="zext"/>
<opset="zext_ln342/1 "/>
</bind>
</comp>

<comp id="678" class="1004" name="sub_ln342_fu_678">
<pin_list>
<pin id="679" dir="0" index="0" bw="11" slack="0"/>
<pin id="680" dir="0" index="1" bw="7" slack="0"/>
<pin id="681" dir="1" index="2" bw="11" slack="0"/>
</pin_list>
<bind>
<opcode="sub(10) " fcode="sub"/>
<opset="sub_ln342/1 "/>
</bind>
</comp>

<comp id="684" class="1004" name="zext_ln342_1_fu_684">
<pin_list>
<pin id="685" dir="0" index="0" bw="6" slack="0"/>
<pin id="686" dir="1" index="1" bw="11" slack="0"/>
</pin_list>
<bind>
<opcode="zext(34) " fcode="zext"/>
<opset="zext_ln342_1/1 "/>
</bind>
</comp>

<comp id="688" class="1004" name="add_ln342_fu_688">
<pin_list>
<pin id="689" dir="0" index="0" bw="11" slack="0"/>
<pin id="690" dir="0" index="1" bw="6" slack="0"/>
<pin id="691" dir="1" index="2" bw="11" slack="0"/>
</pin_list>
<bind>
<opcode="add(8) " fcode="add"/>
<opset="add_ln342/1 "/>
</bind>
</comp>

<comp id="694" class="1004" name="zext_ln342_2_fu_694">
<pin_list>
<pin id="695" dir="0" index="0" bw="11" slack="0"/>
<pin id="696" dir="1" index="1" bw="64" slack="0"/>
</pin_list>
<bind>
<opcode="zext(34) " fcode="zext"/>
<opset="zext_ln342_2/1 "/>
</bind>
</comp>

<comp id="699" class="1004" name="store_ln328_store_fu_699">
<pin_list>
<pin id="700" dir="0" index="0" bw="11" slack="0"/>
<pin id="701" dir="0" index="1" bw="11" slack="0"/>
<pin id="702" dir="1" index="2" bw="0" slack="2147483647"/>
</pin_list>
<bind>
<opcode="store(28) " fcode="store"/>
<opset="store_ln328/1 "/>
</bind>
</comp>

<comp id="704" class="1004" name="store_ln328_store_fu_704">
<pin_list>
<pin id="705" dir="0" index="0" bw="5" slack="0"/>
<pin id="706" dir="0" index="1" bw="5" slack="0"/>
<pin id="707" dir="1" index="2" bw="0" slack="2147483647"/>
</pin_list>
<bind>
<opcode="store(28) " fcode="store"/>
<opset="store_ln328/1 "/>
</bind>
</comp>

<comp id="709" class="1004" name="empty_fu_709">
<pin_list>
<pin id="710" dir="0" index="0" bw="5" slack="1"/>
<pin id="711" dir="0" index="1" bw="1" slack="0"/>
<pin id="712" dir="1" index="2" bw="5" slack="0"/>
</pin_list>
<bind>
<opcode="add(8) " fcode="add"/>
<opset="empty/2 "/>
</bind>
</comp>

<comp id="714" class="1004" name="p_shl9_fu_714">
<pin_list>
<pin id="715" dir="0" index="0" bw="11" slack="0"/>
<pin id="716" dir="0" index="1" bw="5" slack="0"/>
<pin id="717" dir="0" index="2" bw="1" slack="0"/>
<pin id="718" dir="1" index="3" bw="11" slack="0"/>
</pin_list>
<bind>
<opcode="bitconcatenate(1004) " fcode="bitconcatenate"/>
<opset="p_shl9/2 "/>
</bind>
</comp>

<comp id="722" class="1004" name="tmp_12_fu_722">
<pin_list>
<pin id="723" dir="0" index="0" bw="7" slack="0"/>
<pin id="724" dir="0" index="1" bw="5" slack="0"/>
<pin id="725" dir="0" index="2" bw="1" slack="0"/>
<pin id="726" dir="1" index="3" bw="7" slack="0"/>
</pin_list>
<bind>
<opcode="bitconcatenate(1004) " fcode="bitconcatenate"/>
<opset="tmp_12/2 "/>
</bind>
</comp>

<comp id="730" class="1004" name="zext_ln216_fu_730">
<pin_list>
<pin id="731" dir="0" index="0" bw="7" slack="0"/>
<pin id="732" dir="1" index="1" bw="11" slack="0"/>
</pin_list>
<bind>
<opcode="zext(34) " fcode="zext"/>
<opset="zext_ln216/2 "/>
</bind>
</comp>

<comp id="734" class="1004" name="sub_ln216_fu_734">
<pin_list>
<pin id="735" dir="0" index="0" bw="11" slack="0"/>
<pin id="736" dir="0" index="1" bw="7" slack="0"/>
<pin id="737" dir="1" index="2" bw="11" slack="0"/>
</pin_list>
<bind>
<opcode="sub(10) " fcode="sub"/>
<opset="sub_ln216/2 "/>
</bind>
</comp>

<comp id="740" class="1004" name="zext_ln329_fu_740">
<pin_list>
<pin id="741" dir="0" index="0" bw="6" slack="1"/>
<pin id="742" dir="1" index="1" bw="7" slack="0"/>
</pin_list>
<bind>
<opcode="zext(34) " fcode="zext"/>
<opset="zext_ln329/2 "/>
</bind>
</comp>

<comp id="743" class="1004" name="icmp_ln344_fu_743">
<pin_list>
<pin id="744" dir="0" index="0" bw="12" slack="0"/>
<pin id="745" dir="0" index="1" bw="12" slack="1"/>
<pin id="746" dir="1" index="2" bw="1" slack="48"/>
</pin_list>
<bind>
<opcode="icmp(45) " fcode="icmp"/>
<opset="icmp_ln344/2 "/>
</bind>
</comp>

<comp id="748" class="1004" name="add_ln213_fu_748">
<pin_list>
<pin id="749" dir="0" index="0" bw="6" slack="0"/>
<pin id="750" dir="0" index="1" bw="1" slack="0"/>
<pin id="751" dir="1" index="2" bw="7" slack="0"/>
</pin_list>
<bind>
<opcode="add(8) " fcode="add"/>
<opset="add_ln213/2 "/>
</bind>
</comp>

<comp id="754" class="1004" name="tmp_18_fu_754">
<pin_list>
<pin id="755" dir="0" index="0" bw="1" slack="0"/>
<pin id="756" dir="0" index="1" bw="7" slack="0"/>
<pin id="757" dir="0" index="2" bw="4" slack="0"/>
<pin id="758" dir="1" index="3" bw="1" slack="0"/>
</pin_list>
<bind>
<opcode="bitselect(1000) " fcode="bitselect"/>
<opset="tmp_18/2 "/>
</bind>
</comp>

<comp id="762" class="1004" name="add_ln161_fu_762">
<pin_list>
<pin id="763" dir="0" index="0" bw="6" slack="0"/>
<pin id="764" dir="0" index="1" bw="7" slack="0"/>
<pin id="765" dir="1" index="2" bw="7" slack="0"/>
</pin_list>
<bind>
<opcode="add(8) " fcode="add"/>
<opset="add_ln161/2 "/>
</bind>
</comp>

<comp id="768" class="1004" name="phi_idx_fu_768">
<pin_list>
<pin id="769" dir="0" index="0" bw="1" slack="0"/>
<pin id="770" dir="0" index="1" bw="7" slack="0"/>
<pin id="771" dir="0" index="2" bw="7" slack="0"/>
<pin id="772" dir="1" index="3" bw="7" slack="0"/>
</pin_list>
<bind>
<opcode="select(49) " fcode="select"/>
<opset="phi_idx/2 "/>
</bind>
</comp>

<comp id="776" class="1004" name="zext_ln216_60_fu_776">
<pin_list>
<pin id="777" dir="0" index="0" bw="7" slack="0"/>
<pin id="778" dir="1" index="1" bw="11" slack="0"/>
</pin_list>
<bind>
<opcode="zext(34) " fcode="zext"/>
<opset="zext_ln216_60/2 "/>
</bind>
</comp>

<comp id="780" class="1004" name="add_ln216_49_fu_780">
<pin_list>
<pin id="781" dir="0" index="0" bw="11" slack="0"/>
<pin id="782" dir="0" index="1" bw="7" slack="0"/>
<pin id="783" dir="1" index="2" bw="11" slack="0"/>
</pin_list>
<bind>
<opcode="add(8) " fcode="add"/>
<opset="add_ln216_49/2 "/>
</bind>
</comp>

<comp id="786" class="1004" name="zext_ln216_61_fu_786">
<pin_list>
<pin id="787" dir="0" index="0" bw="11" slack="0"/>
<pin id="788" dir="1" index="1" bw="64" slack="0"/>
</pin_list>
<bind>
<opcode="zext(34) " fcode="zext"/>
<opset="zext_ln216_61/2 "/>
</bind>
</comp>

<comp id="791" class="1004" name="add_ln216_fu_791">
<pin_list>
<pin id="792" dir="0" index="0" bw="11" slack="1"/>
<pin id="793" dir="0" index="1" bw="6" slack="2"/>
<pin id="794" dir="1" index="2" bw="11" slack="0"/>
</pin_list>
<bind>
<opcode="add(8) " fcode="add"/>
<opset="add_ln216/3 "/>
</bind>
</comp>

<comp id="795" class="1004" name="zext_ln216_58_fu_795">
<pin_list>
<pin id="796" dir="0" index="0" bw="11" slack="0"/>
<pin id="797" dir="1" index="1" bw="64" slack="0"/>
</pin_list>
<bind>
<opcode="zext(34) " fcode="zext"/>
<opset="zext_ln216_58/3 "/>
</bind>
</comp>

<comp id="800" class="1004" name="phi_fu_800">
<pin_list>
<pin id="801" dir="0" index="0" bw="6" slack="3"/>
<pin id="802" dir="0" index="1" bw="1" slack="0"/>
<pin id="803" dir="1" index="2" bw="6" slack="0"/>
</pin_list>
<bind>
<opcode="add(8) " fcode="add"/>
<opset="phi/4 "/>
</bind>
</comp>

<comp id="805" class="1004" name="icmp_ln162_fu_805">
<pin_list>
<pin id="806" dir="0" index="0" bw="6" slack="0"/>
<pin id="807" dir="0" index="1" bw="6" slack="0"/>
<pin id="808" dir="1" index="2" bw="1" slack="0"/>
</pin_list>
<bind>
<opcode="icmp(45) " fcode="icmp"/>
<opset="icmp_ln162/4 "/>
</bind>
</comp>

<comp id="811" class="1004" name="add_ln163_fu_811">
<pin_list>
<pin id="812" dir="0" index="0" bw="6" slack="2"/>
<pin id="813" dir="0" index="1" bw="7" slack="0"/>
<pin id="814" dir="1" index="2" bw="7" slack="0"/>
</pin_list>
<bind>
<opcode="add(8) " fcode="add"/>
<opset="add_ln163/4 "/>
</bind>
</comp>

<comp id="816" class="1004" name="zext_ln162_fu_816">
<pin_list>
<pin id="817" dir="0" index="0" bw="6" slack="0"/>
<pin id="818" dir="1" index="1" bw="7" slack="0"/>
</pin_list>
<bind>
<opcode="zext(34) " fcode="zext"/>
<opset="zext_ln162/4 "/>
</bind>
</comp>

<comp id="820" class="1004" name="phi_idx_14_fu_820">
<pin_list>
<pin id="821" dir="0" index="0" bw="1" slack="0"/>
<pin id="822" dir="0" index="1" bw="7" slack="0"/>
<pin id="823" dir="0" index="2" bw="7" slack="0"/>
<pin id="824" dir="1" index="3" bw="7" slack="0"/>
</pin_list>
<bind>
<opcode="select(49) " fcode="select"/>
<opset="phi_idx_14/4 "/>
</bind>
</comp>

<comp id="828" class="1004" name="sext_ln216_fu_828">
<pin_list>
<pin id="829" dir="0" index="0" bw="7" slack="0"/>
<pin id="830" dir="1" index="1" bw="11" slack="0"/>
</pin_list>
<bind>
<opcode="sext(35) " fcode="sext"/>
<opset="sext_ln216/4 "/>
</bind>
</comp>

<comp id="832" class="1004" name="add_ln216_50_fu_832">
<pin_list>
<pin id="833" dir="0" index="0" bw="11" slack="2"/>
<pin id="834" dir="0" index="1" bw="7" slack="0"/>
<pin id="835" dir="1" index="2" bw="11" slack="0"/>
</pin_list>
<bind>
<opcode="add(8) " fcode="add"/>
<opset="add_ln216_50/4 "/>
</bind>
</comp>

<comp id="837" class="1004" name="zext_ln216_62_fu_837">
<pin_list>
<pin id="838" dir="0" index="0" bw="11" slack="0"/>
<pin id="839" dir="1" index="1" bw="64" slack="0"/>
</pin_list>
<bind>
<opcode="zext(34) " fcode="zext"/>
<opset="zext_ln216_62/4 "/>
</bind>
</comp>

<comp id="842" class="1004" name="store_ln184_store_fu_842">
<pin_list>
<pin id="843" dir="0" index="0" bw="6" slack="0"/>
<pin id="844" dir="0" index="1" bw="6" slack="3"/>
<pin id="845" dir="1" index="2" bw="0" slack="2147483647"/>
</pin_list>
<bind>
<opcode="store(28) " fcode="store"/>
<opset="store_ln184/4 "/>
</bind>
</comp>

<comp id="847" class="1004" name="add_ln216_53_fu_847">
<pin_list>
<pin id="848" dir="0" index="0" bw="11" slack="4"/>
<pin id="849" dir="0" index="1" bw="7" slack="3"/>
<pin id="850" dir="1" index="2" bw="11" slack="0"/>
</pin_list>
<bind>
<opcode="add(8) " fcode="add"/>
<opset="add_ln216_53/5 "/>
</bind>
</comp>

<comp id="851" class="1004" name="zext_ln216_65_fu_851">
<pin_list>
<pin id="852" dir="0" index="0" bw="11" slack="0"/>
<pin id="853" dir="1" index="1" bw="64" slack="0"/>
</pin_list>
<bind>
<opcode="zext(34) " fcode="zext"/>
<opset="zext_ln216_65/5 "/>
</bind>
</comp>

<comp id="856" class="1004" name="icmp_ln220_fu_856">
<pin_list>
<pin id="857" dir="0" index="0" bw="12" slack="2"/>
<pin id="858" dir="0" index="1" bw="12" slack="4"/>
<pin id="859" dir="1" index="2" bw="1" slack="3"/>
</pin_list>
<bind>
<opcode="icmp(45) " fcode="icmp"/>
<opset="icmp_ln220/6 "/>
</bind>
</comp>

<comp id="862" class="1004" name="add_ln216_51_fu_862">
<pin_list>
<pin id="863" dir="0" index="0" bw="11" slack="5"/>
<pin id="864" dir="0" index="1" bw="7" slack="2"/>
<pin id="865" dir="1" index="2" bw="11" slack="0"/>
</pin_list>
<bind>
<opcode="add(8) " fcode="add"/>
<opset="add_ln216_51/6 "/>
</bind>
</comp>

<comp id="866" class="1004" name="zext_ln216_63_fu_866">
<pin_list>
<pin id="867" dir="0" index="0" bw="11" slack="0"/>
<pin id="868" dir="1" index="1" bw="64" slack="0"/>
</pin_list>
<bind>
<opcode="zext(34) " fcode="zext"/>
<opset="zext_ln216_63/6 "/>
</bind>
</comp>

<comp id="871" class="1004" name="icmp_ln218_50_fu_871">
<pin_list>
<pin id="872" dir="0" index="0" bw="12" slack="1"/>
<pin id="873" dir="0" index="1" bw="12" slack="4"/>
<pin id="874" dir="1" index="2" bw="1" slack="3"/>
</pin_list>
<bind>
<opcode="icmp(45) " fcode="icmp"/>
<opset="icmp_ln218_50/6 "/>
</bind>
</comp>

<comp id="877" class="1004" name="icmp_ln218_51_fu_877">
<pin_list>
<pin id="878" dir="0" index="0" bw="12" slack="0"/>
<pin id="879" dir="0" index="1" bw="12" slack="4"/>
<pin id="880" dir="1" index="2" bw="1" slack="3"/>
</pin_list>
<bind>
<opcode="icmp(45) " fcode="icmp"/>
<opset="icmp_ln218_51/6 "/>
</bind>
</comp>

<comp id="883" class="1004" name="zext_ln347_fu_883">
<pin_list>
<pin id="884" dir="0" index="0" bw="12" slack="2"/>
<pin id="885" dir="1" index="1" bw="13" slack="0"/>
</pin_list>
<bind>
<opcode="zext(34) " fcode="zext"/>
<opset="zext_ln347/6 "/>
</bind>
</comp>

<comp id="887" class="1004" name="zext_ln183_fu_887">
<pin_list>
<pin id="888" dir="0" index="0" bw="12" slack="1"/>
<pin id="889" dir="1" index="1" bw="13" slack="0"/>
</pin_list>
<bind>
<opcode="zext(34) " fcode="zext"/>
<opset="zext_ln183/6 "/>
</bind>
</comp>

<comp id="891" class="1004" name="zext_ln347_1_fu_891">
<pin_list>
<pin id="892" dir="0" index="0" bw="12" slack="0"/>
<pin id="893" dir="1" index="1" bw="13" slack="0"/>
</pin_list>
<bind>
<opcode="zext(34) " fcode="zext"/>
<opset="zext_ln347_1/6 "/>
</bind>
</comp>

<comp id="895" class="1004" name="zext_ln347_2_fu_895">
<pin_list>
<pin id="896" dir="0" index="0" bw="12" slack="4"/>
<pin id="897" dir="1" index="1" bw="13" slack="0"/>
</pin_list>
<bind>
<opcode="zext(34) " fcode="zext"/>
<opset="zext_ln347_2/6 "/>
</bind>
</comp>

<comp id="899" class="1004" name="core3_et_fu_899">
<pin_list>
<pin id="900" dir="0" index="0" bw="12" slack="0"/>
<pin id="901" dir="0" index="1" bw="12" slack="0"/>
<pin id="902" dir="1" index="2" bw="13" slack="0"/>
</pin_list>
<bind>
<opcode="add(8) " fcode="add"/>
<opset="core3_et/6 "/>
</bind>
</comp>

<comp id="905" class="1004" name="zext_ln187_16_fu_905">
<pin_list>
<pin id="906" dir="0" index="0" bw="13" slack="0"/>
<pin id="907" dir="1" index="1" bw="14" slack="0"/>
</pin_list>
<bind>
<opcode="zext(34) " fcode="zext"/>
<opset="zext_ln187_16/6 "/>
</bind>
</comp>

<comp id="909" class="1004" name="add_ln187_56_fu_909">
<pin_list>
<pin id="910" dir="0" index="0" bw="12" slack="0"/>
<pin id="911" dir="0" index="1" bw="12" slack="0"/>
<pin id="912" dir="1" index="2" bw="13" slack="0"/>
</pin_list>
<bind>
<opcode="add(8) " fcode="add"/>
<opset="add_ln187_56/6 "/>
</bind>
</comp>

<comp id="915" class="1004" name="zext_ln187_52_fu_915">
<pin_list>
<pin id="916" dir="0" index="0" bw="13" slack="0"/>
<pin id="917" dir="1" index="1" bw="14" slack="0"/>
</pin_list>
<bind>
<opcode="zext(34) " fcode="zext"/>
<opset="zext_ln187_52/6 "/>
</bind>
</comp>

<comp id="919" class="1004" name="core3_et_4_fu_919">
<pin_list>
<pin id="920" dir="0" index="0" bw="13" slack="0"/>
<pin id="921" dir="0" index="1" bw="13" slack="0"/>
<pin id="922" dir="1" index="2" bw="14" slack="4"/>
</pin_list>
<bind>
<opcode="add(8) " fcode="add"/>
<opset="core3_et_4/6 "/>
</bind>
</comp>

<comp id="925" class="1004" name="p_shl10_fu_925">
<pin_list>
<pin id="926" dir="0" index="0" bw="11" slack="0"/>
<pin id="927" dir="0" index="1" bw="5" slack="6"/>
<pin id="928" dir="0" index="2" bw="1" slack="0"/>
<pin id="929" dir="1" index="3" bw="11" slack="0"/>
</pin_list>
<bind>
<opcode="bitconcatenate(1004) " fcode="bitconcatenate"/>
<opset="p_shl10/7 "/>
</bind>
</comp>

<comp id="932" class="1004" name="tmp_13_fu_932">
<pin_list>
<pin id="933" dir="0" index="0" bw="7" slack="0"/>
<pin id="934" dir="0" index="1" bw="5" slack="6"/>
<pin id="935" dir="0" index="2" bw="1" slack="0"/>
<pin id="936" dir="1" index="3" bw="7" slack="0"/>
</pin_list>
<bind>
<opcode="bitconcatenate(1004) " fcode="bitconcatenate"/>
<opset="tmp_13/7 "/>
</bind>
</comp>

<comp id="939" class="1004" name="zext_ln216_57_fu_939">
<pin_list>
<pin id="940" dir="0" index="0" bw="7" slack="0"/>
<pin id="941" dir="1" index="1" bw="11" slack="0"/>
</pin_list>
<bind>
<opcode="zext(34) " fcode="zext"/>
<opset="zext_ln216_57/7 "/>
</bind>
</comp>

<comp id="943" class="1004" name="sub_ln216_6_fu_943">
<pin_list>
<pin id="944" dir="0" index="0" bw="11" slack="0"/>
<pin id="945" dir="0" index="1" bw="7" slack="0"/>
<pin id="946" dir="1" index="2" bw="11" slack="0"/>
</pin_list>
<bind>
<opcode="sub(10) " fcode="sub"/>
<opset="sub_ln216_6/7 "/>
</bind>
</comp>

<comp id="949" class="1004" name="add_ln216_54_fu_949">
<pin_list>
<pin id="950" dir="0" index="0" bw="11" slack="0"/>
<pin id="951" dir="0" index="1" bw="7" slack="5"/>
<pin id="952" dir="1" index="2" bw="11" slack="0"/>
</pin_list>
<bind>
<opcode="add(8) " fcode="add"/>
<opset="add_ln216_54/7 "/>
</bind>
</comp>

<comp id="954" class="1004" name="zext_ln216_66_fu_954">
<pin_list>
<pin id="955" dir="0" index="0" bw="11" slack="0"/>
<pin id="956" dir="1" index="1" bw="64" slack="0"/>
</pin_list>
<bind>
<opcode="zext(34) " fcode="zext"/>
<opset="zext_ln216_66/7 "/>
</bind>
</comp>

<comp id="959" class="1004" name="add_ln216_48_fu_959">
<pin_list>
<pin id="960" dir="0" index="0" bw="11" slack="1"/>
<pin id="961" dir="0" index="1" bw="6" slack="7"/>
<pin id="962" dir="1" index="2" bw="11" slack="0"/>
</pin_list>
<bind>
<opcode="add(8) " fcode="add"/>
<opset="add_ln216_48/8 "/>
</bind>
</comp>

<comp id="963" class="1004" name="zext_ln216_59_fu_963">
<pin_list>
<pin id="964" dir="0" index="0" bw="11" slack="0"/>
<pin id="965" dir="1" index="1" bw="64" slack="0"/>
</pin_list>
<bind>
<opcode="zext(34) " fcode="zext"/>
<opset="zext_ln216_59/8 "/>
</bind>
</comp>

<comp id="968" class="1004" name="is_max_fu_968">
<pin_list>
<pin id="969" dir="0" index="0" bw="12" slack="6"/>
<pin id="970" dir="0" index="1" bw="12" slack="7"/>
<pin id="971" dir="1" index="2" bw="1" slack="0"/>
</pin_list>
<bind>
<opcode="icmp(45) " fcode="icmp"/>
<opset="is_max/9 "/>
</bind>
</comp>

<comp id="974" class="1004" name="xor_ln218_36_fu_974">
<pin_list>
<pin id="975" dir="0" index="0" bw="1" slack="3"/>
<pin id="976" dir="0" index="1" bw="1" slack="0"/>
<pin id="977" dir="1" index="2" bw="1" slack="0"/>
</pin_list>
<bind>
<opcode="xor(25) " fcode="xor"/>
<opset="xor_ln218_36/9 "/>
</bind>
</comp>

<comp id="979" class="1004" name="add_ln216_52_fu_979">
<pin_list>
<pin id="980" dir="0" index="0" bw="11" slack="2"/>
<pin id="981" dir="0" index="1" bw="7" slack="5"/>
<pin id="982" dir="1" index="2" bw="11" slack="0"/>
</pin_list>
<bind>
<opcode="add(8) " fcode="add"/>
<opset="add_ln216_52/9 "/>
</bind>
</comp>

<comp id="983" class="1004" name="zext_ln216_64_fu_983">
<pin_list>
<pin id="984" dir="0" index="0" bw="11" slack="0"/>
<pin id="985" dir="1" index="1" bw="64" slack="0"/>
</pin_list>
<bind>
<opcode="zext(34) " fcode="zext"/>
<opset="zext_ln216_64/9 "/>
</bind>
</comp>

<comp id="988" class="1004" name="xor_ln218_37_fu_988">
<pin_list>
<pin id="989" dir="0" index="0" bw="1" slack="0"/>
<pin id="990" dir="0" index="1" bw="1" slack="0"/>
<pin id="991" dir="1" index="2" bw="1" slack="0"/>
</pin_list>
<bind>
<opcode="xor(25) " fcode="xor"/>
<opset="xor_ln218_37/9 "/>
</bind>
</comp>

<comp id="994" class="1004" name="icmp_ln218_48_fu_994">
<pin_list>
<pin id="995" dir="0" index="0" bw="12" slack="7"/>
<pin id="996" dir="0" index="1" bw="12" slack="1"/>
<pin id="997" dir="1" index="2" bw="1" slack="0"/>
</pin_list>
<bind>
<opcode="icmp(45) " fcode="icmp"/>
<opset="icmp_ln218_48/9 "/>
</bind>
</comp>

<comp id="1000" class="1004" name="xor_ln218_38_fu_1000">
<pin_list>
<pin id="1001" dir="0" index="0" bw="1" slack="0"/>
<pin id="1002" dir="0" index="1" bw="1" slack="0"/>
<pin id="1003" dir="1" index="2" bw="1" slack="0"/>
</pin_list>
<bind>
<opcode="xor(25) " fcode="xor"/>
<opset="xor_ln218_38/9 "/>
</bind>
</comp>

<comp id="1006" class="1004" name="icmp_ln218_49_fu_1006">
<pin_list>
<pin id="1007" dir="0" index="0" bw="12" slack="7"/>
<pin id="1008" dir="0" index="1" bw="12" slack="0"/>
<pin id="1009" dir="1" index="2" bw="1" slack="0"/>
</pin_list>
<bind>
<opcode="icmp(45) " fcode="icmp"/>
<opset="icmp_ln218_49/9 "/>
</bind>
</comp>

<comp id="1012" class="1004" name="xor_ln218_39_fu_1012">
<pin_list>
<pin id="1013" dir="0" index="0" bw="1" slack="0"/>
<pin id="1014" dir="0" index="1" bw="1" slack="0"/>
<pin id="1015" dir="1" index="2" bw="1" slack="0"/>
</pin_list>
<bind>
<opcode="xor(25) " fcode="xor"/>
<opset="xor_ln218_39/9 "/>
</bind>
</comp>

<comp id="1018" class="1004" name="and_ln218_fu_1018">
<pin_list>
<pin id="1019" dir="0" index="0" bw="1" slack="0"/>
<pin id="1020" dir="0" index="1" bw="1" slack="3"/>
<pin id="1021" dir="1" index="2" bw="1" slack="0"/>
</pin_list>
<bind>
<opcode="and(23) " fcode="and"/>
<opset="and_ln218/9 "/>
</bind>
</comp>

<comp id="1023" class="1004" name="and_ln218_58_fu_1023">
<pin_list>
<pin id="1024" dir="0" index="0" bw="1" slack="3"/>
<pin id="1025" dir="0" index="1" bw="1" slack="0"/>
<pin id="1026" dir="1" index="2" bw="1" slack="0"/>
</pin_list>
<bind>
<opcode="and(23) " fcode="and"/>
<opset="and_ln218_58/9 "/>
</bind>
</comp>

<comp id="1028" class="1004" name="and_ln218_59_fu_1028">
<pin_list>
<pin id="1029" dir="0" index="0" bw="1" slack="0"/>
<pin id="1030" dir="0" index="1" bw="1" slack="0"/>
<pin id="1031" dir="1" index="2" bw="1" slack="0"/>
</pin_list>
<bind>
<opcode="and(23) " fcode="and"/>
<opset="and_ln218_59/9 "/>
</bind>
</comp>

<comp id="1034" class="1004" name="and_ln218_60_fu_1034">
<pin_list>
<pin id="1035" dir="0" index="0" bw="1" slack="0"/>
<pin id="1036" dir="0" index="1" bw="1" slack="0"/>
<pin id="1037" dir="1" index="2" bw="1" slack="0"/>
</pin_list>
<bind>
<opcode="and(23) " fcode="and"/>
<opset="and_ln218_60/9 "/>
</bind>
</comp>

<comp id="1040" class="1004" name="and_ln218_61_fu_1040">
<pin_list>
<pin id="1041" dir="0" index="0" bw="1" slack="0"/>
<pin id="1042" dir="0" index="1" bw="1" slack="0"/>
<pin id="1043" dir="1" index="2" bw="1" slack="0"/>
</pin_list>
<bind>
<opcode="and(23) " fcode="and"/>
<opset="and_ln218_61/9 "/>
</bind>
</comp>

<comp id="1046" class="1004" name="and_ln218_62_fu_1046">
<pin_list>
<pin id="1047" dir="0" index="0" bw="1" slack="0"/>
<pin id="1048" dir="0" index="1" bw="1" slack="3"/>
<pin id="1049" dir="1" index="2" bw="1" slack="0"/>
</pin_list>
<bind>
<opcode="and(23) " fcode="and"/>
<opset="and_ln218_62/9 "/>
</bind>
</comp>

<comp id="1051" class="1004" name="and_ln218_26_fu_1051">
<pin_list>
<pin id="1052" dir="0" index="0" bw="1" slack="0"/>
<pin id="1053" dir="0" index="1" bw="1" slack="0"/>
<pin id="1054" dir="1" index="2" bw="1" slack="0"/>
</pin_list>
<bind>
<opcode="and(23) " fcode="and"/>
<opset="and_ln218_26/9 "/>
</bind>
</comp>

<comp id="1057" class="1004" name="xor_ln218_fu_1057">
<pin_list>
<pin id="1058" dir="0" index="0" bw="1" slack="0"/>
<pin id="1059" dir="0" index="1" bw="1" slack="0"/>
<pin id="1060" dir="1" index="2" bw="1" slack="41"/>
</pin_list>
<bind>
<opcode="xor(25) " fcode="xor"/>
<opset="xor_ln218/9 "/>
</bind>
</comp>

<comp id="1063" class="1004" name="empty_102_fu_1063">
<pin_list>
<pin id="1064" dir="0" index="0" bw="5" slack="9"/>
<pin id="1065" dir="0" index="1" bw="2" slack="0"/>
<pin id="1066" dir="1" index="2" bw="5" slack="0"/>
</pin_list>
<bind>
<opcode="add(8) " fcode="add"/>
<opset="empty_102/10 "/>
</bind>
</comp>

<comp id="1068" class="1004" name="p_shl11_fu_1068">
<pin_list>
<pin id="1069" dir="0" index="0" bw="11" slack="0"/>
<pin id="1070" dir="0" index="1" bw="5" slack="0"/>
<pin id="1071" dir="0" index="2" bw="1" slack="0"/>
<pin id="1072" dir="1" index="3" bw="11" slack="0"/>
</pin_list>
<bind>
<opcode="bitconcatenate(1004) " fcode="bitconcatenate"/>
<opset="p_shl11/10 "/>
</bind>
</comp>

<comp id="1076" class="1004" name="tmp_14_fu_1076">
<pin_list>
<pin id="1077" dir="0" index="0" bw="7" slack="0"/>
<pin id="1078" dir="0" index="1" bw="5" slack="0"/>
<pin id="1079" dir="0" index="2" bw="1" slack="0"/>
<pin id="1080" dir="1" index="3" bw="7" slack="0"/>
</pin_list>
<bind>
<opcode="bitconcatenate(1004) " fcode="bitconcatenate"/>
<opset="tmp_14/10 "/>
</bind>
</comp>

<comp id="1084" class="1004" name="zext_ln187_97_fu_1084">
<pin_list>
<pin id="1085" dir="0" index="0" bw="7" slack="0"/>
<pin id="1086" dir="1" index="1" bw="11" slack="0"/>
</pin_list>
<bind>
<opcode="zext(34) " fcode="zext"/>
<opset="zext_ln187_97/10 "/>
</bind>
</comp>

<comp id="1088" class="1004" name="sub_ln187_fu_1088">
<pin_list>
<pin id="1089" dir="0" index="0" bw="11" slack="0"/>
<pin id="1090" dir="0" index="1" bw="7" slack="0"/>
<pin id="1091" dir="1" index="2" bw="11" slack="0"/>
</pin_list>
<bind>
<opcode="sub(10) " fcode="sub"/>
<opset="sub_ln187/10 "/>
</bind>
</comp>

<comp id="1094" class="1004" name="icmp_ln218_52_fu_1094">
<pin_list>
<pin id="1095" dir="0" index="0" bw="12" slack="0"/>
<pin id="1096" dir="0" index="1" bw="12" slack="8"/>
<pin id="1097" dir="1" index="2" bw="1" slack="40"/>
</pin_list>
<bind>
<opcode="icmp(45) " fcode="icmp"/>
<opset="icmp_ln218_52/10 "/>
</bind>
</comp>

<comp id="1100" class="1004" name="zext_ln187_fu_1100">
<pin_list>
<pin id="1101" dir="0" index="0" bw="12" slack="7"/>
<pin id="1102" dir="1" index="1" bw="16" slack="0"/>
</pin_list>
<bind>
<opcode="zext(34) " fcode="zext"/>
<opset="zext_ln187/10 "/>
</bind>
</comp>

<comp id="1104" class="1004" name="zext_ln347_3_fu_1104">
<pin_list>
<pin id="1105" dir="0" index="0" bw="12" slack="3"/>
<pin id="1106" dir="1" index="1" bw="15" slack="0"/>
</pin_list>
<bind>
<opcode="zext(34) " fcode="zext"/>
<opset="zext_ln347_3/10 "/>
</bind>
</comp>

<comp id="1108" class="1004" name="zext_ln187_50_fu_1108">
<pin_list>
<pin id="1109" dir="0" index="0" bw="12" slack="2"/>
<pin id="1110" dir="1" index="1" bw="14" slack="0"/>
</pin_list>
<bind>
<opcode="zext(34) " fcode="zext"/>
<opset="zext_ln187_50/10 "/>
</bind>
</comp>

<comp id="1112" class="1004" name="zext_ln187_51_fu_1112">
<pin_list>
<pin id="1113" dir="0" index="0" bw="12" slack="1"/>
<pin id="1114" dir="1" index="1" bw="13" slack="0"/>
</pin_list>
<bind>
<opcode="zext(34) " fcode="zext"/>
<opset="zext_ln187_51/10 "/>
</bind>
</comp>

<comp id="1116" class="1004" name="zext_ln187_17_fu_1116">
<pin_list>
<pin id="1117" dir="0" index="0" bw="14" slack="4"/>
<pin id="1118" dir="1" index="1" bw="15" slack="0"/>
</pin_list>
<bind>
<opcode="zext(34) " fcode="zext"/>
<opset="zext_ln187_17/10 "/>
</bind>
</comp>

<comp id="1119" class="1004" name="zext_ln187_53_fu_1119">
<pin_list>
<pin id="1120" dir="0" index="0" bw="12" slack="0"/>
<pin id="1121" dir="1" index="1" bw="13" slack="0"/>
</pin_list>
<bind>
<opcode="zext(34) " fcode="zext"/>
<opset="zext_ln187_53/10 "/>
</bind>
</comp>

<comp id="1123" class="1004" name="add_ln187_58_fu_1123">
<pin_list>
<pin id="1124" dir="0" index="0" bw="14" slack="0"/>
<pin id="1125" dir="0" index="1" bw="12" slack="0"/>
<pin id="1126" dir="1" index="2" bw="15" slack="0"/>
</pin_list>
<bind>
<opcode="add(8) " fcode="add"/>
<opset="add_ln187_58/10 "/>
</bind>
</comp>

<comp id="1129" class="1004" name="add_ln187_59_fu_1129">
<pin_list>
<pin id="1130" dir="0" index="0" bw="12" slack="0"/>
<pin id="1131" dir="0" index="1" bw="12" slack="0"/>
<pin id="1132" dir="1" index="2" bw="13" slack="0"/>
</pin_list>
<bind>
<opcode="add(8) " fcode="add"/>
<opset="add_ln187_59/10 "/>
</bind>
</comp>

<comp id="1135" class="1004" name="zext_ln187_54_fu_1135">
<pin_list>
<pin id="1136" dir="0" index="0" bw="13" slack="0"/>
<pin id="1137" dir="1" index="1" bw="14" slack="0"/>
</pin_list>
<bind>
<opcode="zext(34) " fcode="zext"/>
<opset="zext_ln187_54/10 "/>
</bind>
</comp>

<comp id="1139" class="1004" name="add_ln187_60_fu_1139">
<pin_list>
<pin id="1140" dir="0" index="0" bw="13" slack="0"/>
<pin id="1141" dir="0" index="1" bw="12" slack="0"/>
<pin id="1142" dir="1" index="2" bw="14" slack="0"/>
</pin_list>
<bind>
<opcode="add(8) " fcode="add"/>
<opset="add_ln187_60/10 "/>
</bind>
</comp>

<comp id="1145" class="1004" name="zext_ln187_55_fu_1145">
<pin_list>
<pin id="1146" dir="0" index="0" bw="14" slack="0"/>
<pin id="1147" dir="1" index="1" bw="15" slack="0"/>
</pin_list>
<bind>
<opcode="zext(34) " fcode="zext"/>
<opset="zext_ln187_55/10 "/>
</bind>
</comp>

<comp id="1149" class="1004" name="core3_et_5_fu_1149">
<pin_list>
<pin id="1150" dir="0" index="0" bw="14" slack="0"/>
<pin id="1151" dir="0" index="1" bw="15" slack="0"/>
<pin id="1152" dir="1" index="2" bw="15" slack="0"/>
</pin_list>
<bind>
<opcode="add(8) " fcode="add"/>
<opset="core3_et_5/10 "/>
</bind>
</comp>

<comp id="1155" class="1004" name="zext_ln187_19_fu_1155">
<pin_list>
<pin id="1156" dir="0" index="0" bw="15" slack="0"/>
<pin id="1157" dir="1" index="1" bw="16" slack="0"/>
</pin_list>
<bind>
<opcode="zext(34) " fcode="zext"/>
<opset="zext_ln187_19/10 "/>
</bind>
</comp>

<comp id="1159" class="1004" name="core3_et_6_fu_1159">
<pin_list>
<pin id="1160" dir="0" index="0" bw="15" slack="0"/>
<pin id="1161" dir="0" index="1" bw="12" slack="0"/>
<pin id="1162" dir="1" index="2" bw="16" slack="0"/>
</pin_list>
<bind>
<opcode="add(8) " fcode="add"/>
<opset="core3_et_6/10 "/>
</bind>
</comp>

<comp id="1165" class="1004" name="zext_ln347_4_fu_1165">
<pin_list>
<pin id="1166" dir="0" index="0" bw="16" slack="0"/>
<pin id="1167" dir="1" index="1" bw="20" slack="0"/>
</pin_list>
<bind>
<opcode="zext(34) " fcode="zext"/>
<opset="zext_ln347_4/10 "/>
</bind>
</comp>

<comp id="1169" class="1004" name="add_ln184_1_fu_1169">
<pin_list>
<pin id="1170" dir="0" index="0" bw="6" slack="8"/>
<pin id="1171" dir="0" index="1" bw="2" slack="0"/>
<pin id="1172" dir="1" index="2" bw="7" slack="0"/>
</pin_list>
<bind>
<opcode="add(8) " fcode="add"/>
<opset="add_ln184_1/10 "/>
</bind>
</comp>

<comp id="1174" class="1004" name="tmp_19_fu_1174">
<pin_list>
<pin id="1175" dir="0" index="0" bw="1" slack="0"/>
<pin id="1176" dir="0" index="1" bw="7" slack="0"/>
<pin id="1177" dir="0" index="2" bw="4" slack="0"/>
<pin id="1178" dir="1" index="3" bw="1" slack="0"/>
</pin_list>
<bind>
<opcode="bitselect(1000) " fcode="bitselect"/>
<opset="tmp_19/10 "/>
</bind>
</comp>

<comp id="1182" class="1004" name="add_ln161_3_fu_1182">
<pin_list>
<pin id="1183" dir="0" index="0" bw="6" slack="8"/>
<pin id="1184" dir="0" index="1" bw="7" slack="0"/>
<pin id="1185" dir="1" index="2" bw="7" slack="0"/>
</pin_list>
<bind>
<opcode="add(8) " fcode="add"/>
<opset="add_ln161_3/10 "/>
</bind>
</comp>

<comp id="1187" class="1004" name="phi_idx_15_fu_1187">
<pin_list>
<pin id="1188" dir="0" index="0" bw="1" slack="0"/>
<pin id="1189" dir="0" index="1" bw="7" slack="0"/>
<pin id="1190" dir="0" index="2" bw="7" slack="0"/>
<pin id="1191" dir="1" index="3" bw="7" slack="0"/>
</pin_list>
<bind>
<opcode="select(49) " fcode="select"/>
<opset="phi_idx_15/10 "/>
</bind>
</comp>

<comp id="1195" class="1004" name="zext_ln187_113_fu_1195">
<pin_list>
<pin id="1196" dir="0" index="0" bw="7" slack="0"/>
<pin id="1197" dir="1" index="1" bw="11" slack="0"/>
</pin_list>
<bind>
<opcode="zext(34) " fcode="zext"/>
<opset="zext_ln187_113/10 "/>
</bind>
</comp>

<comp id="1199" class="1004" name="add_ln187_104_fu_1199">
<pin_list>
<pin id="1200" dir="0" index="0" bw="11" slack="0"/>
<pin id="1201" dir="0" index="1" bw="7" slack="0"/>
<pin id="1202" dir="1" index="2" bw="11" slack="0"/>
</pin_list>
<bind>
<opcode="add(8) " fcode="add"/>
<opset="add_ln187_104/10 "/>
</bind>
</comp>

<comp id="1205" class="1004" name="zext_ln187_114_fu_1205">
<pin_list>
<pin id="1206" dir="0" index="0" bw="11" slack="0"/>
<pin id="1207" dir="1" index="1" bw="64" slack="0"/>
</pin_list>
<bind>
<opcode="zext(34) " fcode="zext"/>
<opset="zext_ln187_114/10 "/>
</bind>
</comp>

<comp id="1210" class="1004" name="icmp_ln354_fu_1210">
<pin_list>
<pin id="1211" dir="0" index="0" bw="20" slack="0"/>
<pin id="1212" dir="0" index="1" bw="20" slack="9"/>
<pin id="1213" dir="1" index="2" bw="1" slack="40"/>
</pin_list>
<bind>
<opcode="icmp(45) " fcode="icmp"/>
<opset="icmp_ln354/10 "/>
</bind>
</comp>

<comp id="1215" class="1004" name="add_ln187_71_fu_1215">
<pin_list>
<pin id="1216" dir="0" index="0" bw="11" slack="1"/>
<pin id="1217" dir="0" index="1" bw="7" slack="9"/>
<pin id="1218" dir="1" index="2" bw="11" slack="0"/>
</pin_list>
<bind>
<opcode="add(8) " fcode="add"/>
<opset="add_ln187_71/11 "/>
</bind>
</comp>

<comp id="1219" class="1004" name="zext_ln187_109_fu_1219">
<pin_list>
<pin id="1220" dir="0" index="0" bw="11" slack="0"/>
<pin id="1221" dir="1" index="1" bw="64" slack="0"/>
</pin_list>
<bind>
<opcode="zext(34) " fcode="zext"/>
<opset="zext_ln187_109/11 "/>
</bind>
</comp>

<comp id="1224" class="1004" name="add_ln187_fu_1224">
<pin_list>
<pin id="1225" dir="0" index="0" bw="11" slack="2"/>
<pin id="1226" dir="0" index="1" bw="6" slack="11"/>
<pin id="1227" dir="1" index="2" bw="11" slack="0"/>
</pin_list>
<bind>
<opcode="add(8) " fcode="add"/>
<opset="add_ln187/12 "/>
</bind>
</comp>

<comp id="1228" class="1004" name="zext_ln187_101_fu_1228">
<pin_list>
<pin id="1229" dir="0" index="0" bw="11" slack="0"/>
<pin id="1230" dir="1" index="1" bw="64" slack="0"/>
</pin_list>
<bind>
<opcode="zext(34) " fcode="zext"/>
<opset="zext_ln187_101/12 "/>
</bind>
</comp>

<comp id="1233" class="1004" name="add_ln187_62_fu_1233">
<pin_list>
<pin id="1234" dir="0" index="0" bw="11" slack="3"/>
<pin id="1235" dir="0" index="1" bw="7" slack="9"/>
<pin id="1236" dir="1" index="2" bw="11" slack="0"/>
</pin_list>
<bind>
<opcode="add(8) " fcode="add"/>
<opset="add_ln187_62/13 "/>
</bind>
</comp>

<comp id="1237" class="1004" name="zext_ln187_105_fu_1237">
<pin_list>
<pin id="1238" dir="0" index="0" bw="11" slack="0"/>
<pin id="1239" dir="1" index="1" bw="64" slack="0"/>
</pin_list>
<bind>
<opcode="zext(34) " fcode="zext"/>
<opset="zext_ln187_105/13 "/>
</bind>
</comp>

<comp id="1242" class="1004" name="add_ln184_fu_1242">
<pin_list>
<pin id="1243" dir="0" index="0" bw="6" slack="13"/>
<pin id="1244" dir="0" index="1" bw="3" slack="0"/>
<pin id="1245" dir="1" index="2" bw="6" slack="0"/>
</pin_list>
<bind>
<opcode="add(8) " fcode="add"/>
<opset="add_ln184/14 "/>
</bind>
</comp>

<comp id="1247" class="1004" name="icmp_ln162_3_fu_1247">
<pin_list>
<pin id="1248" dir="0" index="0" bw="6" slack="0"/>
<pin id="1249" dir="0" index="1" bw="6" slack="0"/>
<pin id="1250" dir="1" index="2" bw="1" slack="0"/>
</pin_list>
<bind>
<opcode="icmp(45) " fcode="icmp"/>
<opset="icmp_ln162_3/14 "/>
</bind>
</comp>

<comp id="1253" class="1004" name="add_ln163_3_fu_1253">
<pin_list>
<pin id="1254" dir="0" index="0" bw="6" slack="12"/>
<pin id="1255" dir="0" index="1" bw="7" slack="0"/>
<pin id="1256" dir="1" index="2" bw="7" slack="0"/>
</pin_list>
<bind>
<opcode="add(8) " fcode="add"/>
<opset="add_ln163_3/14 "/>
</bind>
</comp>

<comp id="1258" class="1004" name="zext_ln162_3_fu_1258">
<pin_list>
<pin id="1259" dir="0" index="0" bw="6" slack="0"/>
<pin id="1260" dir="1" index="1" bw="7" slack="0"/>
</pin_list>
<bind>
<opcode="zext(34) " fcode="zext"/>
<opset="zext_ln162_3/14 "/>
</bind>
</comp>

<comp id="1262" class="1004" name="phi_idx_16_fu_1262">
<pin_list>
<pin id="1263" dir="0" index="0" bw="1" slack="0"/>
<pin id="1264" dir="0" index="1" bw="7" slack="0"/>
<pin id="1265" dir="0" index="2" bw="7" slack="0"/>
<pin id="1266" dir="1" index="3" bw="7" slack="0"/>
</pin_list>
<bind>
<opcode="select(49) " fcode="select"/>
<opset="phi_idx_16/14 "/>
</bind>
</comp>

<comp id="1270" class="1004" name="sext_ln187_fu_1270">
<pin_list>
<pin id="1271" dir="0" index="0" bw="7" slack="0"/>
<pin id="1272" dir="1" index="1" bw="11" slack="0"/>
</pin_list>
<bind>
<opcode="sext(35) " fcode="sext"/>
<opset="sext_ln187/14 "/>
</bind>
</comp>

<comp id="1274" class="1004" name="add_ln187_105_fu_1274">
<pin_list>
<pin id="1275" dir="0" index="0" bw="11" slack="4"/>
<pin id="1276" dir="0" index="1" bw="7" slack="0"/>
<pin id="1277" dir="1" index="2" bw="11" slack="0"/>
</pin_list>
<bind>
<opcode="add(8) " fcode="add"/>
<opset="add_ln187_105/14 "/>
</bind>
</comp>

<comp id="1279" class="1004" name="zext_ln187_115_fu_1279">
<pin_list>
<pin id="1280" dir="0" index="0" bw="11" slack="0"/>
<pin id="1281" dir="1" index="1" bw="64" slack="0"/>
</pin_list>
<bind>
<opcode="zext(34) " fcode="zext"/>
<opset="zext_ln187_115/14 "/>
</bind>
</comp>

<comp id="1284" class="1004" name="zext_ln187_21_fu_1284">
<pin_list>
<pin id="1285" dir="0" index="0" bw="12" slack="4"/>
<pin id="1286" dir="1" index="1" bw="13" slack="0"/>
</pin_list>
<bind>
<opcode="zext(34) " fcode="zext"/>
<opset="zext_ln187_21/15 "/>
</bind>
</comp>

<comp id="1288" class="1004" name="zext_ln348_fu_1288">
<pin_list>
<pin id="1289" dir="0" index="0" bw="12" slack="3"/>
<pin id="1290" dir="1" index="1" bw="13" slack="0"/>
</pin_list>
<bind>
<opcode="zext(34) " fcode="zext"/>
<opset="zext_ln348/15 "/>
</bind>
</comp>

<comp id="1292" class="1004" name="zext_ln348_1_fu_1292">
<pin_list>
<pin id="1293" dir="0" index="0" bw="12" slack="2"/>
<pin id="1294" dir="1" index="1" bw="13" slack="0"/>
</pin_list>
<bind>
<opcode="zext(34) " fcode="zext"/>
<opset="zext_ln348_1/15 "/>
</bind>
</comp>

<comp id="1296" class="1004" name="zext_ln348_2_fu_1296">
<pin_list>
<pin id="1297" dir="0" index="0" bw="12" slack="1"/>
<pin id="1298" dir="1" index="1" bw="13" slack="0"/>
</pin_list>
<bind>
<opcode="zext(34) " fcode="zext"/>
<opset="zext_ln348_2/15 "/>
</bind>
</comp>

<comp id="1300" class="1004" name="zext_ln348_3_fu_1300">
<pin_list>
<pin id="1301" dir="0" index="0" bw="12" slack="0"/>
<pin id="1302" dir="1" index="1" bw="13" slack="0"/>
</pin_list>
<bind>
<opcode="zext(34) " fcode="zext"/>
<opset="zext_ln348_3/15 "/>
</bind>
</comp>

<comp id="1304" class="1004" name="add_ln187_112_fu_1304">
<pin_list>
<pin id="1305" dir="0" index="0" bw="11" slack="13"/>
<pin id="1306" dir="0" index="1" bw="7" slack="5"/>
<pin id="1307" dir="1" index="2" bw="11" slack="0"/>
</pin_list>
<bind>
<opcode="add(8) " fcode="add"/>
<opset="add_ln187_112/15 "/>
</bind>
</comp>

<comp id="1308" class="1004" name="zext_ln187_122_fu_1308">
<pin_list>
<pin id="1309" dir="0" index="0" bw="11" slack="0"/>
<pin id="1310" dir="1" index="1" bw="64" slack="0"/>
</pin_list>
<bind>
<opcode="zext(34) " fcode="zext"/>
<opset="zext_ln187_122/15 "/>
</bind>
</comp>

<comp id="1313" class="1004" name="sum5_et_1_fu_1313">
<pin_list>
<pin id="1314" dir="0" index="0" bw="12" slack="0"/>
<pin id="1315" dir="0" index="1" bw="12" slack="0"/>
<pin id="1316" dir="1" index="2" bw="13" slack="0"/>
</pin_list>
<bind>
<opcode="add(8) " fcode="add"/>
<opset="sum5_et_1/15 "/>
</bind>
</comp>

<comp id="1319" class="1004" name="zext_ln187_23_fu_1319">
<pin_list>
<pin id="1320" dir="0" index="0" bw="13" slack="0"/>
<pin id="1321" dir="1" index="1" bw="14" slack="0"/>
</pin_list>
<bind>
<opcode="zext(34) " fcode="zext"/>
<opset="zext_ln187_23/15 "/>
</bind>
</comp>

<comp id="1323" class="1004" name="add_ln187_63_fu_1323">
<pin_list>
<pin id="1324" dir="0" index="0" bw="12" slack="0"/>
<pin id="1325" dir="0" index="1" bw="12" slack="0"/>
<pin id="1326" dir="1" index="2" bw="13" slack="0"/>
</pin_list>
<bind>
<opcode="add(8) " fcode="add"/>
<opset="add_ln187_63/15 "/>
</bind>
</comp>

<comp id="1329" class="1004" name="zext_ln187_74_fu_1329">
<pin_list>
<pin id="1330" dir="0" index="0" bw="13" slack="0"/>
<pin id="1331" dir="1" index="1" bw="14" slack="0"/>
</pin_list>
<bind>
<opcode="zext(34) " fcode="zext"/>
<opset="zext_ln187_74/15 "/>
</bind>
</comp>

<comp id="1333" class="1004" name="sum5_et_2_fu_1333">
<pin_list>
<pin id="1334" dir="0" index="0" bw="13" slack="0"/>
<pin id="1335" dir="0" index="1" bw="13" slack="0"/>
<pin id="1336" dir="1" index="2" bw="14" slack="3"/>
</pin_list>
<bind>
<opcode="add(8) " fcode="add"/>
<opset="sum5_et_2/15 "/>
</bind>
</comp>

<comp id="1339" class="1004" name="sum7_et_13_fu_1339">
<pin_list>
<pin id="1340" dir="0" index="0" bw="12" slack="0"/>
<pin id="1341" dir="0" index="1" bw="12" slack="0"/>
<pin id="1342" dir="1" index="2" bw="13" slack="0"/>
</pin_list>
<bind>
<opcode="add(8) " fcode="add"/>
<opset="sum7_et_13/15 "/>
</bind>
</comp>

<comp id="1345" class="1004" name="zext_ln187_26_fu_1345">
<pin_list>
<pin id="1346" dir="0" index="0" bw="13" slack="0"/>
<pin id="1347" dir="1" index="1" bw="14" slack="0"/>
</pin_list>
<bind>
<opcode="zext(34) " fcode="zext"/>
<opset="zext_ln187_26/15 "/>
</bind>
</comp>

<comp id="1349" class="1004" name="add_ln187_70_fu_1349">
<pin_list>
<pin id="1350" dir="0" index="0" bw="12" slack="0"/>
<pin id="1351" dir="0" index="1" bw="12" slack="0"/>
<pin id="1352" dir="1" index="2" bw="13" slack="0"/>
</pin_list>
<bind>
<opcode="add(8) " fcode="add"/>
<opset="add_ln187_70/15 "/>
</bind>
</comp>

<comp id="1355" class="1004" name="zext_ln187_77_fu_1355">
<pin_list>
<pin id="1356" dir="0" index="0" bw="13" slack="0"/>
<pin id="1357" dir="1" index="1" bw="14" slack="0"/>
</pin_list>
<bind>
<opcode="zext(34) " fcode="zext"/>
<opset="zext_ln187_77/15 "/>
</bind>
</comp>

<comp id="1359" class="1004" name="sum7_et_14_fu_1359">
<pin_list>
<pin id="1360" dir="0" index="0" bw="13" slack="0"/>
<pin id="1361" dir="0" index="1" bw="13" slack="0"/>
<pin id="1362" dir="1" index="2" bw="14" slack="4"/>
</pin_list>
<bind>
<opcode="add(8) " fcode="add"/>
<opset="sum7_et_14/15 "/>
</bind>
</comp>

<comp id="1365" class="1004" name="add_ln187_106_fu_1365">
<pin_list>
<pin id="1366" dir="0" index="0" bw="11" slack="14"/>
<pin id="1367" dir="0" index="1" bw="7" slack="2"/>
<pin id="1368" dir="1" index="2" bw="11" slack="0"/>
</pin_list>
<bind>
<opcode="add(8) " fcode="add"/>
<opset="add_ln187_106/16 "/>
</bind>
</comp>

<comp id="1369" class="1004" name="zext_ln187_116_fu_1369">
<pin_list>
<pin id="1370" dir="0" index="0" bw="11" slack="0"/>
<pin id="1371" dir="1" index="1" bw="64" slack="0"/>
</pin_list>
<bind>
<opcode="zext(34) " fcode="zext"/>
<opset="zext_ln187_116/16 "/>
</bind>
</comp>

<comp id="1374" class="1004" name="add_ln187_113_fu_1374">
<pin_list>
<pin id="1375" dir="0" index="0" bw="11" slack="16"/>
<pin id="1376" dir="0" index="1" bw="7" slack="7"/>
<pin id="1377" dir="1" index="2" bw="11" slack="0"/>
</pin_list>
<bind>
<opcode="add(8) " fcode="add"/>
<opset="add_ln187_113/17 "/>
</bind>
</comp>

<comp id="1378" class="1004" name="zext_ln187_123_fu_1378">
<pin_list>
<pin id="1379" dir="0" index="0" bw="11" slack="0"/>
<pin id="1380" dir="1" index="1" bw="64" slack="0"/>
</pin_list>
<bind>
<opcode="zext(34) " fcode="zext"/>
<opset="zext_ln187_123/17 "/>
</bind>
</comp>

<comp id="1383" class="1004" name="add_ln187_107_fu_1383">
<pin_list>
<pin id="1384" dir="0" index="0" bw="11" slack="17"/>
<pin id="1385" dir="0" index="1" bw="7" slack="4"/>
<pin id="1386" dir="1" index="2" bw="11" slack="0"/>
</pin_list>
<bind>
<opcode="add(8) " fcode="add"/>
<opset="add_ln187_107/18 "/>
</bind>
</comp>

<comp id="1387" class="1004" name="zext_ln187_117_fu_1387">
<pin_list>
<pin id="1388" dir="0" index="0" bw="11" slack="0"/>
<pin id="1389" dir="1" index="1" bw="64" slack="0"/>
</pin_list>
<bind>
<opcode="zext(34) " fcode="zext"/>
<opset="zext_ln187_117/18 "/>
</bind>
</comp>

<comp id="1392" class="1004" name="zext_ln348_4_fu_1392">
<pin_list>
<pin id="1393" dir="0" index="0" bw="12" slack="3"/>
<pin id="1394" dir="1" index="1" bw="15" slack="0"/>
</pin_list>
<bind>
<opcode="zext(34) " fcode="zext"/>
<opset="zext_ln348_4/18 "/>
</bind>
</comp>

<comp id="1396" class="1004" name="zext_ln348_6_fu_1396">
<pin_list>
<pin id="1397" dir="0" index="0" bw="12" slack="2"/>
<pin id="1398" dir="1" index="1" bw="14" slack="0"/>
</pin_list>
<bind>
<opcode="zext(34) " fcode="zext"/>
<opset="zext_ln348_6/18 "/>
</bind>
</comp>

<comp id="1400" class="1004" name="zext_ln183_3_fu_1400">
<pin_list>
<pin id="1401" dir="0" index="0" bw="12" slack="1"/>
<pin id="1402" dir="1" index="1" bw="13" slack="0"/>
</pin_list>
<bind>
<opcode="zext(34) " fcode="zext"/>
<opset="zext_ln183_3/18 "/>
</bind>
</comp>

<comp id="1404" class="1004" name="zext_ln348_7_fu_1404">
<pin_list>
<pin id="1405" dir="0" index="0" bw="12" slack="0"/>
<pin id="1406" dir="1" index="1" bw="13" slack="0"/>
</pin_list>
<bind>
<opcode="zext(34) " fcode="zext"/>
<opset="zext_ln348_7/18 "/>
</bind>
</comp>

<comp id="1408" class="1004" name="zext_ln187_24_fu_1408">
<pin_list>
<pin id="1409" dir="0" index="0" bw="14" slack="3"/>
<pin id="1410" dir="1" index="1" bw="15" slack="0"/>
</pin_list>
<bind>
<opcode="zext(34) " fcode="zext"/>
<opset="zext_ln187_24/18 "/>
</bind>
</comp>

<comp id="1411" class="1004" name="add_ln187_65_fu_1411">
<pin_list>
<pin id="1412" dir="0" index="0" bw="14" slack="0"/>
<pin id="1413" dir="0" index="1" bw="12" slack="0"/>
<pin id="1414" dir="1" index="2" bw="15" slack="0"/>
</pin_list>
<bind>
<opcode="add(8) " fcode="add"/>
<opset="add_ln187_65/18 "/>
</bind>
</comp>

<comp id="1417" class="1004" name="add_ln187_66_fu_1417">
<pin_list>
<pin id="1418" dir="0" index="0" bw="12" slack="0"/>
<pin id="1419" dir="0" index="1" bw="12" slack="0"/>
<pin id="1420" dir="1" index="2" bw="13" slack="0"/>
</pin_list>
<bind>
<opcode="add(8) " fcode="add"/>
<opset="add_ln187_66/18 "/>
</bind>
</comp>

<comp id="1423" class="1004" name="zext_ln187_75_fu_1423">
<pin_list>
<pin id="1424" dir="0" index="0" bw="13" slack="0"/>
<pin id="1425" dir="1" index="1" bw="14" slack="0"/>
</pin_list>
<bind>
<opcode="zext(34) " fcode="zext"/>
<opset="zext_ln187_75/18 "/>
</bind>
</comp>

<comp id="1427" class="1004" name="add_ln187_67_fu_1427">
<pin_list>
<pin id="1428" dir="0" index="0" bw="13" slack="0"/>
<pin id="1429" dir="0" index="1" bw="12" slack="0"/>
<pin id="1430" dir="1" index="2" bw="14" slack="0"/>
</pin_list>
<bind>
<opcode="add(8) " fcode="add"/>
<opset="add_ln187_67/18 "/>
</bind>
</comp>

<comp id="1433" class="1004" name="zext_ln187_76_fu_1433">
<pin_list>
<pin id="1434" dir="0" index="0" bw="14" slack="0"/>
<pin id="1435" dir="1" index="1" bw="15" slack="0"/>
</pin_list>
<bind>
<opcode="zext(34) " fcode="zext"/>
<opset="zext_ln187_76/18 "/>
</bind>
</comp>

<comp id="1437" class="1004" name="sum5_et_3_fu_1437">
<pin_list>
<pin id="1438" dir="0" index="0" bw="14" slack="0"/>
<pin id="1439" dir="0" index="1" bw="15" slack="0"/>
<pin id="1440" dir="1" index="2" bw="15" slack="8"/>
</pin_list>
<bind>
<opcode="add(8) " fcode="add"/>
<opset="sum5_et_3/18 "/>
</bind>
</comp>

<comp id="1443" class="1004" name="add_ln187_114_fu_1443">
<pin_list>
<pin id="1444" dir="0" index="0" bw="11" slack="12"/>
<pin id="1445" dir="0" index="1" bw="7" slack="9"/>
<pin id="1446" dir="1" index="2" bw="11" slack="0"/>
</pin_list>
<bind>
<opcode="add(8) " fcode="add"/>
<opset="add_ln187_114/19 "/>
</bind>
</comp>

<comp id="1447" class="1004" name="zext_ln187_124_fu_1447">
<pin_list>
<pin id="1448" dir="0" index="0" bw="11" slack="0"/>
<pin id="1449" dir="1" index="1" bw="64" slack="0"/>
</pin_list>
<bind>
<opcode="zext(34) " fcode="zext"/>
<opset="zext_ln187_124/19 "/>
</bind>
</comp>

<comp id="1452" class="1004" name="zext_ln348_5_fu_1452">
<pin_list>
<pin id="1453" dir="0" index="0" bw="12" slack="3"/>
<pin id="1454" dir="1" index="1" bw="15" slack="0"/>
</pin_list>
<bind>
<opcode="zext(34) " fcode="zext"/>
<opset="zext_ln348_5/19 "/>
</bind>
</comp>

<comp id="1456" class="1004" name="zext_ln183_2_fu_1456">
<pin_list>
<pin id="1457" dir="0" index="0" bw="12" slack="2"/>
<pin id="1458" dir="1" index="1" bw="14" slack="0"/>
</pin_list>
<bind>
<opcode="zext(34) " fcode="zext"/>
<opset="zext_ln183_2/19 "/>
</bind>
</comp>

<comp id="1460" class="1004" name="zext_ln348_8_fu_1460">
<pin_list>
<pin id="1461" dir="0" index="0" bw="12" slack="0"/>
<pin id="1462" dir="1" index="1" bw="13" slack="0"/>
</pin_list>
<bind>
<opcode="zext(34) " fcode="zext"/>
<opset="zext_ln348_8/19 "/>
</bind>
</comp>

<comp id="1464" class="1004" name="zext_ln187_27_fu_1464">
<pin_list>
<pin id="1465" dir="0" index="0" bw="14" slack="4"/>
<pin id="1466" dir="1" index="1" bw="15" slack="0"/>
</pin_list>
<bind>
<opcode="zext(34) " fcode="zext"/>
<opset="zext_ln187_27/19 "/>
</bind>
</comp>

<comp id="1467" class="1004" name="add_ln187_72_fu_1467">
<pin_list>
<pin id="1468" dir="0" index="0" bw="14" slack="0"/>
<pin id="1469" dir="0" index="1" bw="12" slack="0"/>
<pin id="1470" dir="1" index="2" bw="15" slack="0"/>
</pin_list>
<bind>
<opcode="add(8) " fcode="add"/>
<opset="add_ln187_72/19 "/>
</bind>
</comp>

<comp id="1473" class="1004" name="add_ln187_73_fu_1473">
<pin_list>
<pin id="1474" dir="0" index="0" bw="12" slack="1"/>
<pin id="1475" dir="0" index="1" bw="12" slack="0"/>
<pin id="1476" dir="1" index="2" bw="13" slack="0"/>
</pin_list>
<bind>
<opcode="add(8) " fcode="add"/>
<opset="add_ln187_73/19 "/>
</bind>
</comp>

<comp id="1478" class="1004" name="zext_ln187_78_fu_1478">
<pin_list>
<pin id="1479" dir="0" index="0" bw="13" slack="0"/>
<pin id="1480" dir="1" index="1" bw="14" slack="0"/>
</pin_list>
<bind>
<opcode="zext(34) " fcode="zext"/>
<opset="zext_ln187_78/19 "/>
</bind>
</comp>

<comp id="1482" class="1004" name="add_ln187_74_fu_1482">
<pin_list>
<pin id="1483" dir="0" index="0" bw="13" slack="0"/>
<pin id="1484" dir="0" index="1" bw="12" slack="0"/>
<pin id="1485" dir="1" index="2" bw="14" slack="0"/>
</pin_list>
<bind>
<opcode="add(8) " fcode="add"/>
<opset="add_ln187_74/19 "/>
</bind>
</comp>

<comp id="1488" class="1004" name="zext_ln187_79_fu_1488">
<pin_list>
<pin id="1489" dir="0" index="0" bw="14" slack="0"/>
<pin id="1490" dir="1" index="1" bw="15" slack="0"/>
</pin_list>
<bind>
<opcode="zext(34) " fcode="zext"/>
<opset="zext_ln187_79/19 "/>
</bind>
</comp>

<comp id="1492" class="1004" name="sum7_et_15_fu_1492">
<pin_list>
<pin id="1493" dir="0" index="0" bw="14" slack="0"/>
<pin id="1494" dir="0" index="1" bw="15" slack="0"/>
<pin id="1495" dir="1" index="2" bw="15" slack="7"/>
</pin_list>
<bind>
<opcode="add(8) " fcode="add"/>
<opset="sum7_et_15/19 "/>
</bind>
</comp>

<comp id="1498" class="1004" name="add_ln187_108_fu_1498">
<pin_list>
<pin id="1499" dir="0" index="0" bw="11" slack="13"/>
<pin id="1500" dir="0" index="1" bw="7" slack="6"/>
<pin id="1501" dir="1" index="2" bw="11" slack="0"/>
</pin_list>
<bind>
<opcode="add(8) " fcode="add"/>
<opset="add_ln187_108/20 "/>
</bind>
</comp>

<comp id="1502" class="1004" name="zext_ln187_118_fu_1502">
<pin_list>
<pin id="1503" dir="0" index="0" bw="11" slack="0"/>
<pin id="1504" dir="1" index="1" bw="64" slack="0"/>
</pin_list>
<bind>
<opcode="zext(34) " fcode="zext"/>
<opset="zext_ln187_118/20 "/>
</bind>
</comp>

<comp id="1507" class="1004" name="empty_103_fu_1507">
<pin_list>
<pin id="1508" dir="0" index="0" bw="5" slack="20"/>
<pin id="1509" dir="0" index="1" bw="3" slack="0"/>
<pin id="1510" dir="1" index="2" bw="5" slack="0"/>
</pin_list>
<bind>
<opcode="add(8) " fcode="add"/>
<opset="empty_103/21 "/>
</bind>
</comp>

<comp id="1512" class="1004" name="p_shl12_fu_1512">
<pin_list>
<pin id="1513" dir="0" index="0" bw="11" slack="0"/>
<pin id="1514" dir="0" index="1" bw="5" slack="0"/>
<pin id="1515" dir="0" index="2" bw="1" slack="0"/>
<pin id="1516" dir="1" index="3" bw="11" slack="0"/>
</pin_list>
<bind>
<opcode="bitconcatenate(1004) " fcode="bitconcatenate"/>
<opset="p_shl12/21 "/>
</bind>
</comp>

<comp id="1520" class="1004" name="tmp_15_fu_1520">
<pin_list>
<pin id="1521" dir="0" index="0" bw="7" slack="0"/>
<pin id="1522" dir="0" index="1" bw="5" slack="0"/>
<pin id="1523" dir="0" index="2" bw="1" slack="0"/>
<pin id="1524" dir="1" index="3" bw="7" slack="0"/>
</pin_list>
<bind>
<opcode="bitconcatenate(1004) " fcode="bitconcatenate"/>
<opset="tmp_15/21 "/>
</bind>
</comp>

<comp id="1528" class="1004" name="zext_ln187_98_fu_1528">
<pin_list>
<pin id="1529" dir="0" index="0" bw="7" slack="0"/>
<pin id="1530" dir="1" index="1" bw="11" slack="0"/>
</pin_list>
<bind>
<opcode="zext(34) " fcode="zext"/>
<opset="zext_ln187_98/21 "/>
</bind>
</comp>

<comp id="1532" class="1004" name="sub_ln187_1_fu_1532">
<pin_list>
<pin id="1533" dir="0" index="0" bw="11" slack="0"/>
<pin id="1534" dir="0" index="1" bw="7" slack="0"/>
<pin id="1535" dir="1" index="2" bw="11" slack="0"/>
</pin_list>
<bind>
<opcode="sub(10) " fcode="sub"/>
<opset="sub_ln187_1/21 "/>
</bind>
</comp>

<comp id="1538" class="1004" name="add_ln187_115_fu_1538">
<pin_list>
<pin id="1539" dir="0" index="0" bw="11" slack="0"/>
<pin id="1540" dir="0" index="1" bw="7" slack="11"/>
<pin id="1541" dir="1" index="2" bw="11" slack="0"/>
</pin_list>
<bind>
<opcode="add(8) " fcode="add"/>
<opset="add_ln187_115/21 "/>
</bind>
</comp>

<comp id="1543" class="1004" name="zext_ln187_125_fu_1543">
<pin_list>
<pin id="1544" dir="0" index="0" bw="11" slack="0"/>
<pin id="1545" dir="1" index="1" bw="64" slack="0"/>
</pin_list>
<bind>
<opcode="zext(34) " fcode="zext"/>
<opset="zext_ln187_125/21 "/>
</bind>
</comp>

<comp id="1548" class="1004" name="add_ln187_75_fu_1548">
<pin_list>
<pin id="1549" dir="0" index="0" bw="11" slack="1"/>
<pin id="1550" dir="0" index="1" bw="7" slack="20"/>
<pin id="1551" dir="1" index="2" bw="11" slack="0"/>
</pin_list>
<bind>
<opcode="add(8) " fcode="add"/>
<opset="add_ln187_75/22 "/>
</bind>
</comp>

<comp id="1552" class="1004" name="zext_ln187_110_fu_1552">
<pin_list>
<pin id="1553" dir="0" index="0" bw="11" slack="0"/>
<pin id="1554" dir="1" index="1" bw="64" slack="0"/>
</pin_list>
<bind>
<opcode="zext(34) " fcode="zext"/>
<opset="zext_ln187_110/22 "/>
</bind>
</comp>

<comp id="1557" class="1004" name="add_ln187_55_fu_1557">
<pin_list>
<pin id="1558" dir="0" index="0" bw="11" slack="2"/>
<pin id="1559" dir="0" index="1" bw="6" slack="22"/>
<pin id="1560" dir="1" index="2" bw="11" slack="0"/>
</pin_list>
<bind>
<opcode="add(8) " fcode="add"/>
<opset="add_ln187_55/23 "/>
</bind>
</comp>

<comp id="1561" class="1004" name="zext_ln187_102_fu_1561">
<pin_list>
<pin id="1562" dir="0" index="0" bw="11" slack="0"/>
<pin id="1563" dir="1" index="1" bw="64" slack="0"/>
</pin_list>
<bind>
<opcode="zext(34) " fcode="zext"/>
<opset="zext_ln187_102/23 "/>
</bind>
</comp>

<comp id="1566" class="1004" name="add_ln187_64_fu_1566">
<pin_list>
<pin id="1567" dir="0" index="0" bw="11" slack="3"/>
<pin id="1568" dir="0" index="1" bw="7" slack="20"/>
<pin id="1569" dir="1" index="2" bw="11" slack="0"/>
</pin_list>
<bind>
<opcode="add(8) " fcode="add"/>
<opset="add_ln187_64/24 "/>
</bind>
</comp>

<comp id="1570" class="1004" name="zext_ln187_106_fu_1570">
<pin_list>
<pin id="1571" dir="0" index="0" bw="11" slack="0"/>
<pin id="1572" dir="1" index="1" bw="64" slack="0"/>
</pin_list>
<bind>
<opcode="zext(34) " fcode="zext"/>
<opset="zext_ln187_106/24 "/>
</bind>
</comp>

<comp id="1575" class="1004" name="add_ln187_109_fu_1575">
<pin_list>
<pin id="1576" dir="0" index="0" bw="11" slack="4"/>
<pin id="1577" dir="0" index="1" bw="7" slack="11"/>
<pin id="1578" dir="1" index="2" bw="11" slack="0"/>
</pin_list>
<bind>
<opcode="add(8) " fcode="add"/>
<opset="add_ln187_109/25 "/>
</bind>
</comp>

<comp id="1579" class="1004" name="zext_ln187_119_fu_1579">
<pin_list>
<pin id="1580" dir="0" index="0" bw="11" slack="0"/>
<pin id="1581" dir="1" index="1" bw="64" slack="0"/>
</pin_list>
<bind>
<opcode="zext(34) " fcode="zext"/>
<opset="zext_ln187_119/25 "/>
</bind>
</comp>

<comp id="1584" class="1004" name="empty_104_fu_1584">
<pin_list>
<pin id="1585" dir="0" index="0" bw="5" slack="25"/>
<pin id="1586" dir="0" index="1" bw="3" slack="0"/>
<pin id="1587" dir="1" index="2" bw="5" slack="0"/>
</pin_list>
<bind>
<opcode="add(8) " fcode="add"/>
<opset="empty_104/26 "/>
</bind>
</comp>

<comp id="1589" class="1004" name="p_shl13_fu_1589">
<pin_list>
<pin id="1590" dir="0" index="0" bw="11" slack="0"/>
<pin id="1591" dir="0" index="1" bw="5" slack="0"/>
<pin id="1592" dir="0" index="2" bw="1" slack="0"/>
<pin id="1593" dir="1" index="3" bw="11" slack="0"/>
</pin_list>
<bind>
<opcode="bitconcatenate(1004) " fcode="bitconcatenate"/>
<opset="p_shl13/26 "/>
</bind>
</comp>

<comp id="1597" class="1004" name="tmp_16_fu_1597">
<pin_list>
<pin id="1598" dir="0" index="0" bw="7" slack="0"/>
<pin id="1599" dir="0" index="1" bw="5" slack="0"/>
<pin id="1600" dir="0" index="2" bw="1" slack="0"/>
<pin id="1601" dir="1" index="3" bw="7" slack="0"/>
</pin_list>
<bind>
<opcode="bitconcatenate(1004) " fcode="bitconcatenate"/>
<opset="tmp_16/26 "/>
</bind>
</comp>

<comp id="1605" class="1004" name="zext_ln187_99_fu_1605">
<pin_list>
<pin id="1606" dir="0" index="0" bw="7" slack="0"/>
<pin id="1607" dir="1" index="1" bw="11" slack="0"/>
</pin_list>
<bind>
<opcode="zext(34) " fcode="zext"/>
<opset="zext_ln187_99/26 "/>
</bind>
</comp>

<comp id="1609" class="1004" name="sub_ln187_2_fu_1609">
<pin_list>
<pin id="1610" dir="0" index="0" bw="11" slack="0"/>
<pin id="1611" dir="0" index="1" bw="7" slack="0"/>
<pin id="1612" dir="1" index="2" bw="11" slack="0"/>
</pin_list>
<bind>
<opcode="sub(10) " fcode="sub"/>
<opset="sub_ln187_2/26 "/>
</bind>
</comp>

<comp id="1615" class="1004" name="zext_ln348_9_fu_1615">
<pin_list>
<pin id="1616" dir="0" index="0" bw="12" slack="6"/>
<pin id="1617" dir="1" index="1" bw="16" slack="0"/>
</pin_list>
<bind>
<opcode="zext(34) " fcode="zext"/>
<opset="zext_ln348_9/26 "/>
</bind>
</comp>

<comp id="1619" class="1004" name="zext_ln348_10_fu_1619">
<pin_list>
<pin id="1620" dir="0" index="0" bw="12" slack="6"/>
<pin id="1621" dir="1" index="1" bw="13" slack="0"/>
</pin_list>
<bind>
<opcode="zext(34) " fcode="zext"/>
<opset="zext_ln348_10/26 "/>
</bind>
</comp>

<comp id="1623" class="1004" name="zext_ln187_56_fu_1623">
<pin_list>
<pin id="1624" dir="0" index="0" bw="12" slack="5"/>
<pin id="1625" dir="1" index="1" bw="13" slack="0"/>
</pin_list>
<bind>
<opcode="zext(34) " fcode="zext"/>
<opset="zext_ln187_56/26 "/>
</bind>
</comp>

<comp id="1627" class="1004" name="zext_ln187_57_fu_1627">
<pin_list>
<pin id="1628" dir="0" index="0" bw="12" slack="5"/>
<pin id="1629" dir="1" index="1" bw="14" slack="0"/>
</pin_list>
<bind>
<opcode="zext(34) " fcode="zext"/>
<opset="zext_ln187_57/26 "/>
</bind>
</comp>

<comp id="1631" class="1004" name="zext_ln187_58_fu_1631">
<pin_list>
<pin id="1632" dir="0" index="0" bw="12" slack="4"/>
<pin id="1633" dir="1" index="1" bw="13" slack="0"/>
</pin_list>
<bind>
<opcode="zext(34) " fcode="zext"/>
<opset="zext_ln187_58/26 "/>
</bind>
</comp>

<comp id="1635" class="1004" name="zext_ln187_59_fu_1635">
<pin_list>
<pin id="1636" dir="0" index="0" bw="12" slack="3"/>
<pin id="1637" dir="1" index="1" bw="13" slack="0"/>
</pin_list>
<bind>
<opcode="zext(34) " fcode="zext"/>
<opset="zext_ln187_59/26 "/>
</bind>
</comp>

<comp id="1639" class="1004" name="zext_ln348_11_fu_1639">
<pin_list>
<pin id="1640" dir="0" index="0" bw="12" slack="2"/>
<pin id="1641" dir="1" index="1" bw="16" slack="0"/>
</pin_list>
<bind>
<opcode="zext(34) " fcode="zext"/>
<opset="zext_ln348_11/26 "/>
</bind>
</comp>

<comp id="1643" class="1004" name="zext_ln187_60_fu_1643">
<pin_list>
<pin id="1644" dir="0" index="0" bw="12" slack="2"/>
<pin id="1645" dir="1" index="1" bw="13" slack="0"/>
</pin_list>
<bind>
<opcode="zext(34) " fcode="zext"/>
<opset="zext_ln187_60/26 "/>
</bind>
</comp>

<comp id="1647" class="1004" name="zext_ln187_62_fu_1647">
<pin_list>
<pin id="1648" dir="0" index="0" bw="12" slack="1"/>
<pin id="1649" dir="1" index="1" bw="13" slack="0"/>
</pin_list>
<bind>
<opcode="zext(34) " fcode="zext"/>
<opset="zext_ln187_62/26 "/>
</bind>
</comp>

<comp id="1650" class="1004" name="zext_ln171_fu_1650">
<pin_list>
<pin id="1651" dir="0" index="0" bw="12" slack="0"/>
<pin id="1652" dir="1" index="1" bw="13" slack="0"/>
</pin_list>
<bind>
<opcode="zext(34) " fcode="zext"/>
<opset="zext_ln171/26 "/>
</bind>
</comp>

<comp id="1654" class="1004" name="add_ln184_3_fu_1654">
<pin_list>
<pin id="1655" dir="0" index="0" bw="6" slack="24"/>
<pin id="1656" dir="0" index="1" bw="3" slack="0"/>
<pin id="1657" dir="1" index="2" bw="7" slack="0"/>
</pin_list>
<bind>
<opcode="add(8) " fcode="add"/>
<opset="add_ln184_3/26 "/>
</bind>
</comp>

<comp id="1659" class="1004" name="tmp_20_fu_1659">
<pin_list>
<pin id="1660" dir="0" index="0" bw="1" slack="0"/>
<pin id="1661" dir="0" index="1" bw="7" slack="0"/>
<pin id="1662" dir="0" index="2" bw="4" slack="0"/>
<pin id="1663" dir="1" index="3" bw="1" slack="0"/>
</pin_list>
<bind>
<opcode="bitselect(1000) " fcode="bitselect"/>
<opset="tmp_20/26 "/>
</bind>
</comp>

<comp id="1667" class="1004" name="add_ln161_4_fu_1667">
<pin_list>
<pin id="1668" dir="0" index="0" bw="6" slack="24"/>
<pin id="1669" dir="0" index="1" bw="7" slack="0"/>
<pin id="1670" dir="1" index="2" bw="7" slack="0"/>
</pin_list>
<bind>
<opcode="add(8) " fcode="add"/>
<opset="add_ln161_4/26 "/>
</bind>
</comp>

<comp id="1672" class="1004" name="phi_idx_17_fu_1672">
<pin_list>
<pin id="1673" dir="0" index="0" bw="1" slack="0"/>
<pin id="1674" dir="0" index="1" bw="7" slack="0"/>
<pin id="1675" dir="0" index="2" bw="7" slack="0"/>
<pin id="1676" dir="1" index="3" bw="7" slack="0"/>
</pin_list>
<bind>
<opcode="select(49) " fcode="select"/>
<opset="phi_idx_17/26 "/>
</bind>
</comp>

<comp id="1680" class="1004" name="zext_ln187_128_fu_1680">
<pin_list>
<pin id="1681" dir="0" index="0" bw="7" slack="0"/>
<pin id="1682" dir="1" index="1" bw="11" slack="0"/>
</pin_list>
<bind>
<opcode="zext(34) " fcode="zext"/>
<opset="zext_ln187_128/26 "/>
</bind>
</comp>

<comp id="1684" class="1004" name="add_ln187_118_fu_1684">
<pin_list>
<pin id="1685" dir="0" index="0" bw="11" slack="0"/>
<pin id="1686" dir="0" index="1" bw="7" slack="0"/>
<pin id="1687" dir="1" index="2" bw="11" slack="0"/>
</pin_list>
<bind>
<opcode="add(8) " fcode="add"/>
<opset="add_ln187_118/26 "/>
</bind>
</comp>

<comp id="1690" class="1004" name="zext_ln187_129_fu_1690">
<pin_list>
<pin id="1691" dir="0" index="0" bw="11" slack="0"/>
<pin id="1692" dir="1" index="1" bw="64" slack="0"/>
</pin_list>
<bind>
<opcode="zext(34) " fcode="zext"/>
<opset="zext_ln187_129/26 "/>
</bind>
</comp>

<comp id="1695" class="1004" name="zext_ln187_25_fu_1695">
<pin_list>
<pin id="1696" dir="0" index="0" bw="15" slack="8"/>
<pin id="1697" dir="1" index="1" bw="16" slack="0"/>
</pin_list>
<bind>
<opcode="zext(34) " fcode="zext"/>
<opset="zext_ln187_25/26 "/>
</bind>
</comp>

<comp id="1698" class="1004" name="add_ln351_fu_1698">
<pin_list>
<pin id="1699" dir="0" index="0" bw="15" slack="0"/>
<pin id="1700" dir="0" index="1" bw="12" slack="0"/>
<pin id="1701" dir="1" index="2" bw="16" slack="0"/>
</pin_list>
<bind>
<opcode="add(8) " fcode="add"/>
<opset="add_ln351/26 "/>
</bind>
</comp>

<comp id="1704" class="1004" name="add_ln351_1_fu_1704">
<pin_list>
<pin id="1705" dir="0" index="0" bw="12" slack="0"/>
<pin id="1706" dir="0" index="1" bw="12" slack="0"/>
<pin id="1707" dir="1" index="2" bw="13" slack="0"/>
</pin_list>
<bind>
<opcode="add(8) " fcode="add"/>
<opset="add_ln351_1/26 "/>
</bind>
</comp>

<comp id="1710" class="1004" name="zext_ln351_fu_1710">
<pin_list>
<pin id="1711" dir="0" index="0" bw="13" slack="0"/>
<pin id="1712" dir="1" index="1" bw="16" slack="0"/>
</pin_list>
<bind>
<opcode="zext(34) " fcode="zext"/>
<opset="zext_ln351/26 "/>
</bind>
</comp>

<comp id="1714" class="1004" name="add_ln351_2_fu_1714">
<pin_list>
<pin id="1715" dir="0" index="0" bw="13" slack="0"/>
<pin id="1716" dir="0" index="1" bw="16" slack="0"/>
<pin id="1717" dir="1" index="2" bw="16" slack="0"/>
</pin_list>
<bind>
<opcode="add(8) " fcode="add"/>
<opset="add_ln351_2/26 "/>
</bind>
</comp>

<comp id="1720" class="1004" name="add_ln351_3_fu_1720">
<pin_list>
<pin id="1721" dir="0" index="0" bw="12" slack="0"/>
<pin id="1722" dir="0" index="1" bw="12" slack="7"/>
<pin id="1723" dir="1" index="2" bw="13" slack="0"/>
</pin_list>
<bind>
<opcode="add(8) " fcode="add"/>
<opset="add_ln351_3/26 "/>
</bind>
</comp>

<comp id="1725" class="1004" name="zext_ln351_1_fu_1725">
<pin_list>
<pin id="1726" dir="0" index="0" bw="13" slack="0"/>
<pin id="1727" dir="1" index="1" bw="15" slack="0"/>
</pin_list>
<bind>
<opcode="zext(34) " fcode="zext"/>
<opset="zext_ln351_1/26 "/>
</bind>
</comp>

<comp id="1729" class="1004" name="add_ln351_4_fu_1729">
<pin_list>
<pin id="1730" dir="0" index="0" bw="12" slack="0"/>
<pin id="1731" dir="0" index="1" bw="12" slack="0"/>
<pin id="1732" dir="1" index="2" bw="13" slack="0"/>
</pin_list>
<bind>
<opcode="add(8) " fcode="add"/>
<opset="add_ln351_4/26 "/>
</bind>
</comp>

<comp id="1735" class="1004" name="zext_ln351_2_fu_1735">
<pin_list>
<pin id="1736" dir="0" index="0" bw="13" slack="0"/>
<pin id="1737" dir="1" index="1" bw="14" slack="0"/>
</pin_list>
<bind>
<opcode="zext(34) " fcode="zext"/>
<opset="zext_ln351_2/26 "/>
</bind>
</comp>

<comp id="1739" class="1004" name="add_ln351_5_fu_1739">
<pin_list>
<pin id="1740" dir="0" index="0" bw="13" slack="0"/>
<pin id="1741" dir="0" index="1" bw="12" slack="0"/>
<pin id="1742" dir="1" index="2" bw="14" slack="0"/>
</pin_list>
<bind>
<opcode="add(8) " fcode="add"/>
<opset="add_ln351_5/26 "/>
</bind>
</comp>

<comp id="1745" class="1004" name="zext_ln351_3_fu_1745">
<pin_list>
<pin id="1746" dir="0" index="0" bw="14" slack="0"/>
<pin id="1747" dir="1" index="1" bw="15" slack="0"/>
</pin_list>
<bind>
<opcode="zext(34) " fcode="zext"/>
<opset="zext_ln351_3/26 "/>
</bind>
</comp>

<comp id="1749" class="1004" name="add_ln351_6_fu_1749">
<pin_list>
<pin id="1750" dir="0" index="0" bw="14" slack="0"/>
<pin id="1751" dir="0" index="1" bw="13" slack="0"/>
<pin id="1752" dir="1" index="2" bw="15" slack="0"/>
</pin_list>
<bind>
<opcode="add(8) " fcode="add"/>
<opset="add_ln351_6/26 "/>
</bind>
</comp>

<comp id="1755" class="1004" name="zext_ln351_4_fu_1755">
<pin_list>
<pin id="1756" dir="0" index="0" bw="15" slack="0"/>
<pin id="1757" dir="1" index="1" bw="16" slack="0"/>
</pin_list>
<bind>
<opcode="zext(34) " fcode="zext"/>
<opset="zext_ln351_4/26 "/>
</bind>
</comp>

<comp id="1759" class="1004" name="iso5_et_fu_1759">
<pin_list>
<pin id="1760" dir="0" index="0" bw="15" slack="0"/>
<pin id="1761" dir="0" index="1" bw="16" slack="0"/>
<pin id="1762" dir="1" index="2" bw="16" slack="24"/>
</pin_list>
<bind>
<opcode="add(8) " fcode="add"/>
<opset="iso5_et/26 "/>
</bind>
</comp>

<comp id="1765" class="1004" name="zext_ln187_28_fu_1765">
<pin_list>
<pin id="1766" dir="0" index="0" bw="15" slack="7"/>
<pin id="1767" dir="1" index="1" bw="16" slack="0"/>
</pin_list>
<bind>
<opcode="zext(34) " fcode="zext"/>
<opset="zext_ln187_28/26 "/>
</bind>
</comp>

<comp id="1768" class="1004" name="add_ln187_76_fu_1768">
<pin_list>
<pin id="1769" dir="0" index="0" bw="15" slack="0"/>
<pin id="1770" dir="0" index="1" bw="12" slack="0"/>
<pin id="1771" dir="1" index="2" bw="16" slack="1"/>
</pin_list>
<bind>
<opcode="add(8) " fcode="add"/>
<opset="add_ln187_76/26 "/>
</bind>
</comp>

<comp id="1774" class="1004" name="add_ln187_77_fu_1774">
<pin_list>
<pin id="1775" dir="0" index="0" bw="12" slack="0"/>
<pin id="1776" dir="0" index="1" bw="12" slack="0"/>
<pin id="1777" dir="1" index="2" bw="13" slack="1"/>
</pin_list>
<bind>
<opcode="add(8) " fcode="add"/>
<opset="add_ln187_77/26 "/>
</bind>
</comp>

<comp id="1780" class="1004" name="add_ln187_79_fu_1780">
<pin_list>
<pin id="1781" dir="0" index="0" bw="12" slack="0"/>
<pin id="1782" dir="0" index="1" bw="12" slack="0"/>
<pin id="1783" dir="1" index="2" bw="13" slack="1"/>
</pin_list>
<bind>
<opcode="add(8) " fcode="add"/>
<opset="add_ln187_79/26 "/>
</bind>
</comp>

<comp id="1786" class="1004" name="add_ln187_116_fu_1786">
<pin_list>
<pin id="1787" dir="0" index="0" bw="11" slack="1"/>
<pin id="1788" dir="0" index="1" bw="7" slack="17"/>
<pin id="1789" dir="1" index="2" bw="11" slack="0"/>
</pin_list>
<bind>
<opcode="add(8) " fcode="add"/>
<opset="add_ln187_116/27 "/>
</bind>
</comp>

<comp id="1790" class="1004" name="zext_ln187_126_fu_1790">
<pin_list>
<pin id="1791" dir="0" index="0" bw="11" slack="0"/>
<pin id="1792" dir="1" index="1" bw="64" slack="0"/>
</pin_list>
<bind>
<opcode="zext(34) " fcode="zext"/>
<opset="zext_ln187_126/27 "/>
</bind>
</comp>

<comp id="1795" class="1004" name="zext_ln187_61_fu_1795">
<pin_list>
<pin id="1796" dir="0" index="0" bw="12" slack="2"/>
<pin id="1797" dir="1" index="1" bw="14" slack="0"/>
</pin_list>
<bind>
<opcode="zext(34) " fcode="zext"/>
<opset="zext_ln187_61/27 "/>
</bind>
</comp>

<comp id="1798" class="1004" name="zext_ln349_fu_1798">
<pin_list>
<pin id="1799" dir="0" index="0" bw="12" slack="0"/>
<pin id="1800" dir="1" index="1" bw="13" slack="0"/>
</pin_list>
<bind>
<opcode="zext(34) " fcode="zext"/>
<opset="zext_ln349/27 "/>
</bind>
</comp>

<comp id="1802" class="1004" name="zext_ln187_80_fu_1802">
<pin_list>
<pin id="1803" dir="0" index="0" bw="13" slack="1"/>
<pin id="1804" dir="1" index="1" bw="16" slack="0"/>
</pin_list>
<bind>
<opcode="zext(34) " fcode="zext"/>
<opset="zext_ln187_80/27 "/>
</bind>
</comp>

<comp id="1805" class="1004" name="add_ln187_78_fu_1805">
<pin_list>
<pin id="1806" dir="0" index="0" bw="13" slack="0"/>
<pin id="1807" dir="0" index="1" bw="16" slack="1"/>
<pin id="1808" dir="1" index="2" bw="16" slack="0"/>
</pin_list>
<bind>
<opcode="add(8) " fcode="add"/>
<opset="add_ln187_78/27 "/>
</bind>
</comp>

<comp id="1810" class="1004" name="zext_ln187_81_fu_1810">
<pin_list>
<pin id="1811" dir="0" index="0" bw="13" slack="1"/>
<pin id="1812" dir="1" index="1" bw="15" slack="0"/>
</pin_list>
<bind>
<opcode="zext(34) " fcode="zext"/>
<opset="zext_ln187_81/27 "/>
</bind>
</comp>

<comp id="1813" class="1004" name="add_ln187_80_fu_1813">
<pin_list>
<pin id="1814" dir="0" index="0" bw="12" slack="1"/>
<pin id="1815" dir="0" index="1" bw="12" slack="0"/>
<pin id="1816" dir="1" index="2" bw="13" slack="0"/>
</pin_list>
<bind>
<opcode="add(8) " fcode="add"/>
<opset="add_ln187_80/27 "/>
</bind>
</comp>

<comp id="1818" class="1004" name="zext_ln187_82_fu_1818">
<pin_list>
<pin id="1819" dir="0" index="0" bw="13" slack="0"/>
<pin id="1820" dir="1" index="1" bw="14" slack="0"/>
</pin_list>
<bind>
<opcode="zext(34) " fcode="zext"/>
<opset="zext_ln187_82/27 "/>
</bind>
</comp>

<comp id="1822" class="1004" name="add_ln187_81_fu_1822">
<pin_list>
<pin id="1823" dir="0" index="0" bw="13" slack="0"/>
<pin id="1824" dir="0" index="1" bw="12" slack="0"/>
<pin id="1825" dir="1" index="2" bw="14" slack="0"/>
</pin_list>
<bind>
<opcode="add(8) " fcode="add"/>
<opset="add_ln187_81/27 "/>
</bind>
</comp>

<comp id="1828" class="1004" name="zext_ln187_83_fu_1828">
<pin_list>
<pin id="1829" dir="0" index="0" bw="14" slack="0"/>
<pin id="1830" dir="1" index="1" bw="15" slack="0"/>
</pin_list>
<bind>
<opcode="zext(34) " fcode="zext"/>
<opset="zext_ln187_83/27 "/>
</bind>
</comp>

<comp id="1832" class="1004" name="add_ln187_82_fu_1832">
<pin_list>
<pin id="1833" dir="0" index="0" bw="14" slack="0"/>
<pin id="1834" dir="0" index="1" bw="13" slack="0"/>
<pin id="1835" dir="1" index="2" bw="15" slack="0"/>
</pin_list>
<bind>
<opcode="add(8) " fcode="add"/>
<opset="add_ln187_82/27 "/>
</bind>
</comp>

<comp id="1838" class="1004" name="zext_ln187_84_fu_1838">
<pin_list>
<pin id="1839" dir="0" index="0" bw="15" slack="0"/>
<pin id="1840" dir="1" index="1" bw="16" slack="0"/>
</pin_list>
<bind>
<opcode="zext(34) " fcode="zext"/>
<opset="zext_ln187_84/27 "/>
</bind>
</comp>

<comp id="1842" class="1004" name="sum7_et_16_fu_1842">
<pin_list>
<pin id="1843" dir="0" index="0" bw="15" slack="0"/>
<pin id="1844" dir="0" index="1" bw="16" slack="0"/>
<pin id="1845" dir="1" index="2" bw="16" slack="3"/>
</pin_list>
<bind>
<opcode="add(8) " fcode="add"/>
<opset="sum7_et_16/27 "/>
</bind>
</comp>

<comp id="1848" class="1004" name="add_ln187_83_fu_1848">
<pin_list>
<pin id="1849" dir="0" index="0" bw="11" slack="2"/>
<pin id="1850" dir="0" index="1" bw="7" slack="26"/>
<pin id="1851" dir="1" index="2" bw="11" slack="0"/>
</pin_list>
<bind>
<opcode="add(8) " fcode="add"/>
<opset="add_ln187_83/28 "/>
</bind>
</comp>

<comp id="1852" class="1004" name="zext_ln187_111_fu_1852">
<pin_list>
<pin id="1853" dir="0" index="0" bw="11" slack="0"/>
<pin id="1854" dir="1" index="1" bw="64" slack="0"/>
</pin_list>
<bind>
<opcode="zext(34) " fcode="zext"/>
<opset="zext_ln187_111/28 "/>
</bind>
</comp>

<comp id="1857" class="1004" name="add_ln187_57_fu_1857">
<pin_list>
<pin id="1858" dir="0" index="0" bw="11" slack="3"/>
<pin id="1859" dir="0" index="1" bw="6" slack="28"/>
<pin id="1860" dir="1" index="2" bw="11" slack="0"/>
</pin_list>
<bind>
<opcode="add(8) " fcode="add"/>
<opset="add_ln187_57/29 "/>
</bind>
</comp>

<comp id="1861" class="1004" name="zext_ln187_103_fu_1861">
<pin_list>
<pin id="1862" dir="0" index="0" bw="11" slack="0"/>
<pin id="1863" dir="1" index="1" bw="64" slack="0"/>
</pin_list>
<bind>
<opcode="zext(34) " fcode="zext"/>
<opset="zext_ln187_103/29 "/>
</bind>
</comp>

<comp id="1866" class="1004" name="add_ln187_68_fu_1866">
<pin_list>
<pin id="1867" dir="0" index="0" bw="11" slack="4"/>
<pin id="1868" dir="0" index="1" bw="7" slack="26"/>
<pin id="1869" dir="1" index="2" bw="11" slack="0"/>
</pin_list>
<bind>
<opcode="add(8) " fcode="add"/>
<opset="add_ln187_68/30 "/>
</bind>
</comp>

<comp id="1870" class="1004" name="zext_ln187_107_fu_1870">
<pin_list>
<pin id="1871" dir="0" index="0" bw="11" slack="0"/>
<pin id="1872" dir="1" index="1" bw="64" slack="0"/>
</pin_list>
<bind>
<opcode="zext(34) " fcode="zext"/>
<opset="zext_ln187_107/30 "/>
</bind>
</comp>

<comp id="1875" class="1004" name="zext_ln349_1_fu_1875">
<pin_list>
<pin id="1876" dir="0" index="0" bw="12" slack="2"/>
<pin id="1877" dir="1" index="1" bw="17" slack="0"/>
</pin_list>
<bind>
<opcode="zext(34) " fcode="zext"/>
<opset="zext_ln349_1/30 "/>
</bind>
</comp>

<comp id="1879" class="1004" name="zext_ln184_fu_1879">
<pin_list>
<pin id="1880" dir="0" index="0" bw="12" slack="1"/>
<pin id="1881" dir="1" index="1" bw="13" slack="0"/>
</pin_list>
<bind>
<opcode="zext(34) " fcode="zext"/>
<opset="zext_ln184/30 "/>
</bind>
</comp>

<comp id="1883" class="1004" name="zext_ln349_2_fu_1883">
<pin_list>
<pin id="1884" dir="0" index="0" bw="12" slack="0"/>
<pin id="1885" dir="1" index="1" bw="13" slack="0"/>
</pin_list>
<bind>
<opcode="zext(34) " fcode="zext"/>
<opset="zext_ln349_2/30 "/>
</bind>
</comp>

<comp id="1887" class="1004" name="zext_ln187_29_fu_1887">
<pin_list>
<pin id="1888" dir="0" index="0" bw="16" slack="3"/>
<pin id="1889" dir="1" index="1" bw="17" slack="0"/>
</pin_list>
<bind>
<opcode="zext(34) " fcode="zext"/>
<opset="zext_ln187_29/30 "/>
</bind>
</comp>

<comp id="1890" class="1004" name="add_ln187_84_fu_1890">
<pin_list>
<pin id="1891" dir="0" index="0" bw="16" slack="0"/>
<pin id="1892" dir="0" index="1" bw="12" slack="0"/>
<pin id="1893" dir="1" index="2" bw="17" slack="0"/>
</pin_list>
<bind>
<opcode="add(8) " fcode="add"/>
<opset="add_ln187_84/30 "/>
</bind>
</comp>

<comp id="1896" class="1004" name="add_ln187_85_fu_1896">
<pin_list>
<pin id="1897" dir="0" index="0" bw="12" slack="0"/>
<pin id="1898" dir="0" index="1" bw="12" slack="0"/>
<pin id="1899" dir="1" index="2" bw="13" slack="0"/>
</pin_list>
<bind>
<opcode="add(8) " fcode="add"/>
<opset="add_ln187_85/30 "/>
</bind>
</comp>

<comp id="1902" class="1004" name="zext_ln187_85_fu_1902">
<pin_list>
<pin id="1903" dir="0" index="0" bw="13" slack="0"/>
<pin id="1904" dir="1" index="1" bw="17" slack="0"/>
</pin_list>
<bind>
<opcode="zext(34) " fcode="zext"/>
<opset="zext_ln187_85/30 "/>
</bind>
</comp>

<comp id="1906" class="1004" name="add_ln187_86_fu_1906">
<pin_list>
<pin id="1907" dir="0" index="0" bw="13" slack="0"/>
<pin id="1908" dir="0" index="1" bw="17" slack="0"/>
<pin id="1909" dir="1" index="2" bw="17" slack="12"/>
</pin_list>
<bind>
<opcode="add(8) " fcode="add"/>
<opset="add_ln187_86/30 "/>
</bind>
</comp>

<comp id="1912" class="1004" name="add_ln187_110_fu_1912">
<pin_list>
<pin id="1913" dir="0" index="0" bw="11" slack="5"/>
<pin id="1914" dir="0" index="1" bw="7" slack="17"/>
<pin id="1915" dir="1" index="2" bw="11" slack="0"/>
</pin_list>
<bind>
<opcode="add(8) " fcode="add"/>
<opset="add_ln187_110/31 "/>
</bind>
</comp>

<comp id="1916" class="1004" name="zext_ln187_120_fu_1916">
<pin_list>
<pin id="1917" dir="0" index="0" bw="11" slack="0"/>
<pin id="1918" dir="1" index="1" bw="64" slack="0"/>
</pin_list>
<bind>
<opcode="zext(34) " fcode="zext"/>
<opset="zext_ln187_120/31 "/>
</bind>
</comp>

<comp id="1921" class="1004" name="zext_ln184_3_fu_1921">
<pin_list>
<pin id="1922" dir="0" index="0" bw="12" slack="1"/>
<pin id="1923" dir="1" index="1" bw="13" slack="0"/>
</pin_list>
<bind>
<opcode="zext(34) " fcode="zext"/>
<opset="zext_ln184_3/32 "/>
</bind>
</comp>

<comp id="1925" class="1004" name="zext_ln184_4_fu_1925">
<pin_list>
<pin id="1926" dir="0" index="0" bw="12" slack="0"/>
<pin id="1927" dir="1" index="1" bw="13" slack="0"/>
</pin_list>
<bind>
<opcode="zext(34) " fcode="zext"/>
<opset="zext_ln184_4/32 "/>
</bind>
</comp>

<comp id="1929" class="1004" name="add_ln184_2_fu_1929">
<pin_list>
<pin id="1930" dir="0" index="0" bw="6" slack="31"/>
<pin id="1931" dir="0" index="1" bw="3" slack="0"/>
<pin id="1932" dir="1" index="2" bw="6" slack="0"/>
</pin_list>
<bind>
<opcode="add(8) " fcode="add"/>
<opset="add_ln184_2/32 "/>
</bind>
</comp>

<comp id="1934" class="1004" name="icmp_ln162_4_fu_1934">
<pin_list>
<pin id="1935" dir="0" index="0" bw="6" slack="0"/>
<pin id="1936" dir="0" index="1" bw="6" slack="0"/>
<pin id="1937" dir="1" index="2" bw="1" slack="0"/>
</pin_list>
<bind>
<opcode="icmp(45) " fcode="icmp"/>
<opset="icmp_ln162_4/32 "/>
</bind>
</comp>

<comp id="1940" class="1004" name="add_ln163_4_fu_1940">
<pin_list>
<pin id="1941" dir="0" index="0" bw="6" slack="30"/>
<pin id="1942" dir="0" index="1" bw="7" slack="0"/>
<pin id="1943" dir="1" index="2" bw="7" slack="0"/>
</pin_list>
<bind>
<opcode="add(8) " fcode="add"/>
<opset="add_ln163_4/32 "/>
</bind>
</comp>

<comp id="1945" class="1004" name="zext_ln162_4_fu_1945">
<pin_list>
<pin id="1946" dir="0" index="0" bw="6" slack="0"/>
<pin id="1947" dir="1" index="1" bw="7" slack="0"/>
</pin_list>
<bind>
<opcode="zext(34) " fcode="zext"/>
<opset="zext_ln162_4/32 "/>
</bind>
</comp>

<comp id="1949" class="1004" name="phi_idx_18_fu_1949">
<pin_list>
<pin id="1950" dir="0" index="0" bw="1" slack="0"/>
<pin id="1951" dir="0" index="1" bw="7" slack="0"/>
<pin id="1952" dir="0" index="2" bw="7" slack="0"/>
<pin id="1953" dir="1" index="3" bw="7" slack="0"/>
</pin_list>
<bind>
<opcode="select(49) " fcode="select"/>
<opset="phi_idx_18/32 "/>
</bind>
</comp>

<comp id="1957" class="1004" name="sext_ln187_1_fu_1957">
<pin_list>
<pin id="1958" dir="0" index="0" bw="7" slack="0"/>
<pin id="1959" dir="1" index="1" bw="11" slack="0"/>
</pin_list>
<bind>
<opcode="sext(35) " fcode="sext"/>
<opset="sext_ln187_1/32 "/>
</bind>
</comp>

<comp id="1961" class="1004" name="add_ln187_119_fu_1961">
<pin_list>
<pin id="1962" dir="0" index="0" bw="11" slack="6"/>
<pin id="1963" dir="0" index="1" bw="7" slack="0"/>
<pin id="1964" dir="1" index="2" bw="11" slack="0"/>
</pin_list>
<bind>
<opcode="add(8) " fcode="add"/>
<opset="add_ln187_119/32 "/>
</bind>
</comp>

<comp id="1966" class="1004" name="zext_ln187_130_fu_1966">
<pin_list>
<pin id="1967" dir="0" index="0" bw="11" slack="0"/>
<pin id="1968" dir="1" index="1" bw="64" slack="0"/>
</pin_list>
<bind>
<opcode="zext(34) " fcode="zext"/>
<opset="zext_ln187_130/32 "/>
</bind>
</comp>

<comp id="1971" class="1004" name="add_ln187_87_fu_1971">
<pin_list>
<pin id="1972" dir="0" index="0" bw="12" slack="0"/>
<pin id="1973" dir="0" index="1" bw="12" slack="0"/>
<pin id="1974" dir="1" index="2" bw="13" slack="2"/>
</pin_list>
<bind>
<opcode="add(8) " fcode="add"/>
<opset="add_ln187_87/32 "/>
</bind>
</comp>

<comp id="1977" class="1004" name="add_ln187_126_fu_1977">
<pin_list>
<pin id="1978" dir="0" index="0" bw="11" slack="23"/>
<pin id="1979" dir="0" index="1" bw="7" slack="7"/>
<pin id="1980" dir="1" index="2" bw="11" slack="0"/>
</pin_list>
<bind>
<opcode="add(8) " fcode="add"/>
<opset="add_ln187_126/33 "/>
</bind>
</comp>

<comp id="1981" class="1004" name="zext_ln187_137_fu_1981">
<pin_list>
<pin id="1982" dir="0" index="0" bw="11" slack="0"/>
<pin id="1983" dir="1" index="1" bw="64" slack="0"/>
</pin_list>
<bind>
<opcode="zext(34) " fcode="zext"/>
<opset="zext_ln187_137/33 "/>
</bind>
</comp>

<comp id="1986" class="1004" name="add_ln187_120_fu_1986">
<pin_list>
<pin id="1987" dir="0" index="0" bw="11" slack="24"/>
<pin id="1988" dir="0" index="1" bw="7" slack="2"/>
<pin id="1989" dir="1" index="2" bw="11" slack="0"/>
</pin_list>
<bind>
<opcode="add(8) " fcode="add"/>
<opset="add_ln187_120/34 "/>
</bind>
</comp>

<comp id="1990" class="1004" name="zext_ln187_131_fu_1990">
<pin_list>
<pin id="1991" dir="0" index="0" bw="11" slack="0"/>
<pin id="1992" dir="1" index="1" bw="64" slack="0"/>
</pin_list>
<bind>
<opcode="zext(34) " fcode="zext"/>
<opset="zext_ln187_131/34 "/>
</bind>
</comp>

<comp id="1995" class="1004" name="zext_ln160_fu_1995">
<pin_list>
<pin id="1996" dir="0" index="0" bw="12" slack="1"/>
<pin id="1997" dir="1" index="1" bw="13" slack="0"/>
</pin_list>
<bind>
<opcode="zext(34) " fcode="zext"/>
<opset="zext_ln160/34 "/>
</bind>
</comp>

<comp id="1999" class="1004" name="zext_ln349_3_fu_1999">
<pin_list>
<pin id="2000" dir="0" index="0" bw="12" slack="0"/>
<pin id="2001" dir="1" index="1" bw="13" slack="0"/>
</pin_list>
<bind>
<opcode="zext(34) " fcode="zext"/>
<opset="zext_ln349_3/34 "/>
</bind>
</comp>

<comp id="2003" class="1004" name="zext_ln187_86_fu_2003">
<pin_list>
<pin id="2004" dir="0" index="0" bw="13" slack="2"/>
<pin id="2005" dir="1" index="1" bw="14" slack="0"/>
</pin_list>
<bind>
<opcode="zext(34) " fcode="zext"/>
<opset="zext_ln187_86/34 "/>
</bind>
</comp>

<comp id="2006" class="1004" name="add_ln187_88_fu_2006">
<pin_list>
<pin id="2007" dir="0" index="0" bw="12" slack="0"/>
<pin id="2008" dir="0" index="1" bw="12" slack="0"/>
<pin id="2009" dir="1" index="2" bw="13" slack="0"/>
</pin_list>
<bind>
<opcode="add(8) " fcode="add"/>
<opset="add_ln187_88/34 "/>
</bind>
</comp>

<comp id="2012" class="1004" name="zext_ln187_87_fu_2012">
<pin_list>
<pin id="2013" dir="0" index="0" bw="13" slack="0"/>
<pin id="2014" dir="1" index="1" bw="14" slack="0"/>
</pin_list>
<bind>
<opcode="zext(34) " fcode="zext"/>
<opset="zext_ln187_87/34 "/>
</bind>
</comp>

<comp id="2016" class="1004" name="add_ln187_89_fu_2016">
<pin_list>
<pin id="2017" dir="0" index="0" bw="13" slack="0"/>
<pin id="2018" dir="0" index="1" bw="13" slack="0"/>
<pin id="2019" dir="1" index="2" bw="14" slack="8"/>
</pin_list>
<bind>
<opcode="add(8) " fcode="add"/>
<opset="add_ln187_89/34 "/>
</bind>
</comp>

<comp id="2022" class="1004" name="add_ln187_127_fu_2022">
<pin_list>
<pin id="2023" dir="0" index="0" bw="11" slack="33"/>
<pin id="2024" dir="0" index="1" bw="7" slack="9"/>
<pin id="2025" dir="1" index="2" bw="11" slack="0"/>
</pin_list>
<bind>
<opcode="add(8) " fcode="add"/>
<opset="add_ln187_127/35 "/>
</bind>
</comp>

<comp id="2026" class="1004" name="zext_ln187_138_fu_2026">
<pin_list>
<pin id="2027" dir="0" index="0" bw="11" slack="0"/>
<pin id="2028" dir="1" index="1" bw="64" slack="0"/>
</pin_list>
<bind>
<opcode="zext(34) " fcode="zext"/>
<opset="zext_ln187_138/35 "/>
</bind>
</comp>

<comp id="2031" class="1004" name="zext_ln349_4_fu_2031">
<pin_list>
<pin id="2032" dir="0" index="0" bw="12" slack="0"/>
<pin id="2033" dir="1" index="1" bw="13" slack="0"/>
</pin_list>
<bind>
<opcode="zext(34) " fcode="zext"/>
<opset="zext_ln349_4/35 "/>
</bind>
</comp>

<comp id="2035" class="1004" name="add_ln187_91_fu_2035">
<pin_list>
<pin id="2036" dir="0" index="0" bw="12" slack="20"/>
<pin id="2037" dir="0" index="1" bw="12" slack="0"/>
<pin id="2038" dir="1" index="2" bw="13" slack="2"/>
</pin_list>
<bind>
<opcode="add(8) " fcode="add"/>
<opset="add_ln187_91/35 "/>
</bind>
</comp>

<comp id="2040" class="1004" name="add_ln187_121_fu_2040">
<pin_list>
<pin id="2041" dir="0" index="0" bw="11" slack="34"/>
<pin id="2042" dir="0" index="1" bw="7" slack="4"/>
<pin id="2043" dir="1" index="2" bw="11" slack="0"/>
</pin_list>
<bind>
<opcode="add(8) " fcode="add"/>
<opset="add_ln187_121/36 "/>
</bind>
</comp>

<comp id="2044" class="1004" name="zext_ln187_132_fu_2044">
<pin_list>
<pin id="2045" dir="0" index="0" bw="11" slack="0"/>
<pin id="2046" dir="1" index="1" bw="64" slack="0"/>
</pin_list>
<bind>
<opcode="zext(34) " fcode="zext"/>
<opset="zext_ln187_132/36 "/>
</bind>
</comp>

<comp id="2049" class="1004" name="add_ln187_128_fu_2049">
<pin_list>
<pin id="2050" dir="0" index="0" bw="11" slack="36"/>
<pin id="2051" dir="0" index="1" bw="7" slack="11"/>
<pin id="2052" dir="1" index="2" bw="11" slack="0"/>
</pin_list>
<bind>
<opcode="add(8) " fcode="add"/>
<opset="add_ln187_128/37 "/>
</bind>
</comp>

<comp id="2053" class="1004" name="zext_ln187_139_fu_2053">
<pin_list>
<pin id="2054" dir="0" index="0" bw="11" slack="0"/>
<pin id="2055" dir="1" index="1" bw="64" slack="0"/>
</pin_list>
<bind>
<opcode="zext(34) " fcode="zext"/>
<opset="zext_ln187_139/37 "/>
</bind>
</comp>

<comp id="2058" class="1004" name="zext_ln349_5_fu_2058">
<pin_list>
<pin id="2059" dir="0" index="0" bw="12" slack="1"/>
<pin id="2060" dir="1" index="1" bw="13" slack="0"/>
</pin_list>
<bind>
<opcode="zext(34) " fcode="zext"/>
<opset="zext_ln349_5/37 "/>
</bind>
</comp>

<comp id="2062" class="1004" name="zext_ln183_4_fu_2062">
<pin_list>
<pin id="2063" dir="0" index="0" bw="12" slack="0"/>
<pin id="2064" dir="1" index="1" bw="13" slack="0"/>
</pin_list>
<bind>
<opcode="zext(34) " fcode="zext"/>
<opset="zext_ln183_4/37 "/>
</bind>
</comp>

<comp id="2066" class="1004" name="zext_ln187_89_fu_2066">
<pin_list>
<pin id="2067" dir="0" index="0" bw="13" slack="2"/>
<pin id="2068" dir="1" index="1" bw="14" slack="0"/>
</pin_list>
<bind>
<opcode="zext(34) " fcode="zext"/>
<opset="zext_ln187_89/37 "/>
</bind>
</comp>

<comp id="2069" class="1004" name="add_ln187_92_fu_2069">
<pin_list>
<pin id="2070" dir="0" index="0" bw="12" slack="0"/>
<pin id="2071" dir="0" index="1" bw="12" slack="0"/>
<pin id="2072" dir="1" index="2" bw="13" slack="0"/>
</pin_list>
<bind>
<opcode="add(8) " fcode="add"/>
<opset="add_ln187_92/37 "/>
</bind>
</comp>

<comp id="2075" class="1004" name="zext_ln187_90_fu_2075">
<pin_list>
<pin id="2076" dir="0" index="0" bw="13" slack="0"/>
<pin id="2077" dir="1" index="1" bw="14" slack="0"/>
</pin_list>
<bind>
<opcode="zext(34) " fcode="zext"/>
<opset="zext_ln187_90/37 "/>
</bind>
</comp>

<comp id="2079" class="1004" name="add_ln187_93_fu_2079">
<pin_list>
<pin id="2080" dir="0" index="0" bw="13" slack="0"/>
<pin id="2081" dir="0" index="1" bw="13" slack="0"/>
<pin id="2082" dir="1" index="2" bw="14" slack="5"/>
</pin_list>
<bind>
<opcode="add(8) " fcode="add"/>
<opset="add_ln187_93/37 "/>
</bind>
</comp>

<comp id="2085" class="1004" name="add_ln187_122_fu_2085">
<pin_list>
<pin id="2086" dir="0" index="0" bw="11" slack="37"/>
<pin id="2087" dir="0" index="1" bw="7" slack="6"/>
<pin id="2088" dir="1" index="2" bw="11" slack="0"/>
</pin_list>
<bind>
<opcode="add(8) " fcode="add"/>
<opset="add_ln187_122/38 "/>
</bind>
</comp>

<comp id="2089" class="1004" name="zext_ln187_133_fu_2089">
<pin_list>
<pin id="2090" dir="0" index="0" bw="11" slack="0"/>
<pin id="2091" dir="1" index="1" bw="64" slack="0"/>
</pin_list>
<bind>
<opcode="zext(34) " fcode="zext"/>
<opset="zext_ln187_133/38 "/>
</bind>
</comp>

<comp id="2094" class="1004" name="add_ln187_129_fu_2094">
<pin_list>
<pin id="2095" dir="0" index="0" bw="11" slack="32"/>
<pin id="2096" dir="0" index="1" bw="7" slack="13"/>
<pin id="2097" dir="1" index="2" bw="11" slack="0"/>
</pin_list>
<bind>
<opcode="add(8) " fcode="add"/>
<opset="add_ln187_129/39 "/>
</bind>
</comp>

<comp id="2098" class="1004" name="zext_ln187_140_fu_2098">
<pin_list>
<pin id="2099" dir="0" index="0" bw="11" slack="0"/>
<pin id="2100" dir="1" index="1" bw="64" slack="0"/>
</pin_list>
<bind>
<opcode="zext(34) " fcode="zext"/>
<opset="zext_ln187_140/39 "/>
</bind>
</comp>

<comp id="2103" class="1004" name="zext_ln349_6_fu_2103">
<pin_list>
<pin id="2104" dir="0" index="0" bw="12" slack="1"/>
<pin id="2105" dir="1" index="1" bw="13" slack="0"/>
</pin_list>
<bind>
<opcode="zext(34) " fcode="zext"/>
<opset="zext_ln349_6/39 "/>
</bind>
</comp>

<comp id="2107" class="1004" name="zext_ln187_63_fu_2107">
<pin_list>
<pin id="2108" dir="0" index="0" bw="12" slack="0"/>
<pin id="2109" dir="1" index="1" bw="13" slack="0"/>
</pin_list>
<bind>
<opcode="zext(34) " fcode="zext"/>
<opset="zext_ln187_63/39 "/>
</bind>
</comp>

<comp id="2111" class="1004" name="add_ln187_94_fu_2111">
<pin_list>
<pin id="2112" dir="0" index="0" bw="12" slack="0"/>
<pin id="2113" dir="0" index="1" bw="12" slack="0"/>
<pin id="2114" dir="1" index="2" bw="13" slack="3"/>
</pin_list>
<bind>
<opcode="add(8) " fcode="add"/>
<opset="add_ln187_94/39 "/>
</bind>
</comp>

<comp id="2117" class="1004" name="add_ln187_123_fu_2117">
<pin_list>
<pin id="2118" dir="0" index="0" bw="11" slack="33"/>
<pin id="2119" dir="0" index="1" bw="7" slack="8"/>
<pin id="2120" dir="1" index="2" bw="11" slack="0"/>
</pin_list>
<bind>
<opcode="add(8) " fcode="add"/>
<opset="add_ln187_123/40 "/>
</bind>
</comp>

<comp id="2121" class="1004" name="zext_ln187_134_fu_2121">
<pin_list>
<pin id="2122" dir="0" index="0" bw="11" slack="0"/>
<pin id="2123" dir="1" index="1" bw="64" slack="0"/>
</pin_list>
<bind>
<opcode="zext(34) " fcode="zext"/>
<opset="zext_ln187_134/40 "/>
</bind>
</comp>

<comp id="2126" class="1004" name="add_ln187_130_fu_2126">
<pin_list>
<pin id="2127" dir="0" index="0" bw="11" slack="20"/>
<pin id="2128" dir="0" index="1" bw="7" slack="15"/>
<pin id="2129" dir="1" index="2" bw="11" slack="0"/>
</pin_list>
<bind>
<opcode="add(8) " fcode="add"/>
<opset="add_ln187_130/41 "/>
</bind>
</comp>

<comp id="2130" class="1004" name="zext_ln187_141_fu_2130">
<pin_list>
<pin id="2131" dir="0" index="0" bw="11" slack="0"/>
<pin id="2132" dir="1" index="1" bw="64" slack="0"/>
</pin_list>
<bind>
<opcode="zext(34) " fcode="zext"/>
<opset="zext_ln187_141/41 "/>
</bind>
</comp>

<comp id="2135" class="1004" name="add_ln187_124_fu_2135">
<pin_list>
<pin id="2136" dir="0" index="0" bw="11" slack="21"/>
<pin id="2137" dir="0" index="1" bw="7" slack="10"/>
<pin id="2138" dir="1" index="2" bw="11" slack="0"/>
</pin_list>
<bind>
<opcode="add(8) " fcode="add"/>
<opset="add_ln187_124/42 "/>
</bind>
</comp>

<comp id="2139" class="1004" name="zext_ln187_135_fu_2139">
<pin_list>
<pin id="2140" dir="0" index="0" bw="11" slack="0"/>
<pin id="2141" dir="1" index="1" bw="64" slack="0"/>
</pin_list>
<bind>
<opcode="zext(34) " fcode="zext"/>
<opset="zext_ln187_135/42 "/>
</bind>
</comp>

<comp id="2144" class="1004" name="zext_ln187_64_fu_2144">
<pin_list>
<pin id="2145" dir="0" index="0" bw="12" slack="2"/>
<pin id="2146" dir="1" index="1" bw="14" slack="0"/>
</pin_list>
<bind>
<opcode="zext(34) " fcode="zext"/>
<opset="zext_ln187_64/42 "/>
</bind>
</comp>

<comp id="2148" class="1004" name="zext_ln187_65_fu_2148">
<pin_list>
<pin id="2149" dir="0" index="0" bw="12" slack="1"/>
<pin id="2150" dir="1" index="1" bw="13" slack="0"/>
</pin_list>
<bind>
<opcode="zext(34) " fcode="zext"/>
<opset="zext_ln187_65/42 "/>
</bind>
</comp>

<comp id="2152" class="1004" name="zext_ln187_66_fu_2152">
<pin_list>
<pin id="2153" dir="0" index="0" bw="12" slack="0"/>
<pin id="2154" dir="1" index="1" bw="13" slack="0"/>
</pin_list>
<bind>
<opcode="zext(34) " fcode="zext"/>
<opset="zext_ln187_66/42 "/>
</bind>
</comp>

<comp id="2156" class="1004" name="zext_ln187_88_fu_2156">
<pin_list>
<pin id="2157" dir="0" index="0" bw="14" slack="8"/>
<pin id="2158" dir="1" index="1" bw="17" slack="0"/>
</pin_list>
<bind>
<opcode="zext(34) " fcode="zext"/>
<opset="zext_ln187_88/42 "/>
</bind>
</comp>

<comp id="2159" class="1004" name="add_ln187_90_fu_2159">
<pin_list>
<pin id="2160" dir="0" index="0" bw="14" slack="0"/>
<pin id="2161" dir="0" index="1" bw="17" slack="12"/>
<pin id="2162" dir="1" index="2" bw="17" slack="0"/>
</pin_list>
<bind>
<opcode="add(8) " fcode="add"/>
<opset="add_ln187_90/42 "/>
</bind>
</comp>

<comp id="2164" class="1004" name="zext_ln187_91_fu_2164">
<pin_list>
<pin id="2165" dir="0" index="0" bw="14" slack="5"/>
<pin id="2166" dir="1" index="1" bw="16" slack="0"/>
</pin_list>
<bind>
<opcode="zext(34) " fcode="zext"/>
<opset="zext_ln187_91/42 "/>
</bind>
</comp>

<comp id="2167" class="1004" name="zext_ln187_92_fu_2167">
<pin_list>
<pin id="2168" dir="0" index="0" bw="13" slack="3"/>
<pin id="2169" dir="1" index="1" bw="15" slack="0"/>
</pin_list>
<bind>
<opcode="zext(34) " fcode="zext"/>
<opset="zext_ln187_92/42 "/>
</bind>
</comp>

<comp id="2170" class="1004" name="add_ln187_95_fu_2170">
<pin_list>
<pin id="2171" dir="0" index="0" bw="12" slack="0"/>
<pin id="2172" dir="0" index="1" bw="12" slack="0"/>
<pin id="2173" dir="1" index="2" bw="13" slack="0"/>
</pin_list>
<bind>
<opcode="add(8) " fcode="add"/>
<opset="add_ln187_95/42 "/>
</bind>
</comp>

<comp id="2176" class="1004" name="zext_ln187_93_fu_2176">
<pin_list>
<pin id="2177" dir="0" index="0" bw="13" slack="0"/>
<pin id="2178" dir="1" index="1" bw="14" slack="0"/>
</pin_list>
<bind>
<opcode="zext(34) " fcode="zext"/>
<opset="zext_ln187_93/42 "/>
</bind>
</comp>

<comp id="2180" class="1004" name="add_ln187_96_fu_2180">
<pin_list>
<pin id="2181" dir="0" index="0" bw="13" slack="0"/>
<pin id="2182" dir="0" index="1" bw="12" slack="0"/>
<pin id="2183" dir="1" index="2" bw="14" slack="0"/>
</pin_list>
<bind>
<opcode="add(8) " fcode="add"/>
<opset="add_ln187_96/42 "/>
</bind>
</comp>

<comp id="2186" class="1004" name="zext_ln187_94_fu_2186">
<pin_list>
<pin id="2187" dir="0" index="0" bw="14" slack="0"/>
<pin id="2188" dir="1" index="1" bw="15" slack="0"/>
</pin_list>
<bind>
<opcode="zext(34) " fcode="zext"/>
<opset="zext_ln187_94/42 "/>
</bind>
</comp>

<comp id="2190" class="1004" name="add_ln187_97_fu_2190">
<pin_list>
<pin id="2191" dir="0" index="0" bw="14" slack="0"/>
<pin id="2192" dir="0" index="1" bw="13" slack="0"/>
<pin id="2193" dir="1" index="2" bw="15" slack="0"/>
</pin_list>
<bind>
<opcode="add(8) " fcode="add"/>
<opset="add_ln187_97/42 "/>
</bind>
</comp>

<comp id="2196" class="1004" name="zext_ln187_95_fu_2196">
<pin_list>
<pin id="2197" dir="0" index="0" bw="15" slack="0"/>
<pin id="2198" dir="1" index="1" bw="16" slack="0"/>
</pin_list>
<bind>
<opcode="zext(34) " fcode="zext"/>
<opset="zext_ln187_95/42 "/>
</bind>
</comp>

<comp id="2200" class="1004" name="add_ln187_98_fu_2200">
<pin_list>
<pin id="2201" dir="0" index="0" bw="15" slack="0"/>
<pin id="2202" dir="0" index="1" bw="14" slack="0"/>
<pin id="2203" dir="1" index="2" bw="16" slack="0"/>
</pin_list>
<bind>
<opcode="add(8) " fcode="add"/>
<opset="add_ln187_98/42 "/>
</bind>
</comp>

<comp id="2206" class="1004" name="zext_ln187_96_fu_2206">
<pin_list>
<pin id="2207" dir="0" index="0" bw="16" slack="0"/>
<pin id="2208" dir="1" index="1" bw="17" slack="0"/>
</pin_list>
<bind>
<opcode="zext(34) " fcode="zext"/>
<opset="zext_ln187_96/42 "/>
</bind>
</comp>

<comp id="2210" class="1004" name="sum7_et_17_fu_2210">
<pin_list>
<pin id="2211" dir="0" index="0" bw="16" slack="0"/>
<pin id="2212" dir="0" index="1" bw="17" slack="0"/>
<pin id="2213" dir="1" index="2" bw="17" slack="1"/>
</pin_list>
<bind>
<opcode="add(8) " fcode="add"/>
<opset="sum7_et_17/42 "/>
</bind>
</comp>

<comp id="2216" class="1004" name="empty_105_fu_2216">
<pin_list>
<pin id="2217" dir="0" index="0" bw="5" slack="42"/>
<pin id="2218" dir="0" index="1" bw="3" slack="0"/>
<pin id="2219" dir="1" index="2" bw="5" slack="0"/>
</pin_list>
<bind>
<opcode="add(8) " fcode="add"/>
<opset="empty_105/43 "/>
</bind>
</comp>

<comp id="2221" class="1004" name="p_shl14_fu_2221">
<pin_list>
<pin id="2222" dir="0" index="0" bw="11" slack="0"/>
<pin id="2223" dir="0" index="1" bw="5" slack="0"/>
<pin id="2224" dir="0" index="2" bw="1" slack="0"/>
<pin id="2225" dir="1" index="3" bw="11" slack="0"/>
</pin_list>
<bind>
<opcode="bitconcatenate(1004) " fcode="bitconcatenate"/>
<opset="p_shl14/43 "/>
</bind>
</comp>

<comp id="2229" class="1004" name="tmp_17_fu_2229">
<pin_list>
<pin id="2230" dir="0" index="0" bw="7" slack="0"/>
<pin id="2231" dir="0" index="1" bw="5" slack="0"/>
<pin id="2232" dir="0" index="2" bw="1" slack="0"/>
<pin id="2233" dir="1" index="3" bw="7" slack="0"/>
</pin_list>
<bind>
<opcode="bitconcatenate(1004) " fcode="bitconcatenate"/>
<opset="tmp_17/43 "/>
</bind>
</comp>

<comp id="2237" class="1004" name="zext_ln187_100_fu_2237">
<pin_list>
<pin id="2238" dir="0" index="0" bw="7" slack="0"/>
<pin id="2239" dir="1" index="1" bw="11" slack="0"/>
</pin_list>
<bind>
<opcode="zext(34) " fcode="zext"/>
<opset="zext_ln187_100/43 "/>
</bind>
</comp>

<comp id="2241" class="1004" name="sub_ln187_3_fu_2241">
<pin_list>
<pin id="2242" dir="0" index="0" bw="11" slack="0"/>
<pin id="2243" dir="0" index="1" bw="7" slack="0"/>
<pin id="2244" dir="1" index="2" bw="11" slack="0"/>
</pin_list>
<bind>
<opcode="sub(10) " fcode="sub"/>
<opset="sub_ln187_3/43 "/>
</bind>
</comp>

<comp id="2247" class="1004" name="add_ln187_61_fu_2247">
<pin_list>
<pin id="2248" dir="0" index="0" bw="11" slack="0"/>
<pin id="2249" dir="0" index="1" bw="6" slack="42"/>
<pin id="2250" dir="1" index="2" bw="11" slack="3"/>
</pin_list>
<bind>
<opcode="add(8) " fcode="add"/>
<opset="add_ln187_61/43 "/>
</bind>
</comp>

<comp id="2252" class="1004" name="add_ln187_69_fu_2252">
<pin_list>
<pin id="2253" dir="0" index="0" bw="11" slack="0"/>
<pin id="2254" dir="0" index="1" bw="7" slack="39"/>
<pin id="2255" dir="1" index="2" bw="11" slack="4"/>
</pin_list>
<bind>
<opcode="add(8) " fcode="add"/>
<opset="add_ln187_69/43 "/>
</bind>
</comp>

<comp id="2257" class="1004" name="add_ln187_99_fu_2257">
<pin_list>
<pin id="2258" dir="0" index="0" bw="11" slack="0"/>
<pin id="2259" dir="0" index="1" bw="7" slack="41"/>
<pin id="2260" dir="1" index="2" bw="11" slack="2"/>
</pin_list>
<bind>
<opcode="add(8) " fcode="add"/>
<opset="add_ln187_99/43 "/>
</bind>
</comp>

<comp id="2262" class="1004" name="add_ln187_111_fu_2262">
<pin_list>
<pin id="2263" dir="0" index="0" bw="11" slack="0"/>
<pin id="2264" dir="0" index="1" bw="7" slack="29"/>
<pin id="2265" dir="1" index="2" bw="11" slack="5"/>
</pin_list>
<bind>
<opcode="add(8) " fcode="add"/>
<opset="add_ln187_111/43 "/>
</bind>
</comp>

<comp id="2267" class="1004" name="add_ln187_117_fu_2267">
<pin_list>
<pin id="2268" dir="0" index="0" bw="11" slack="0"/>
<pin id="2269" dir="0" index="1" bw="7" slack="33"/>
<pin id="2270" dir="1" index="2" bw="11" slack="1"/>
</pin_list>
<bind>
<opcode="add(8) " fcode="add"/>
<opset="add_ln187_117/43 "/>
</bind>
</comp>

<comp id="2272" class="1004" name="add_ln187_125_fu_2272">
<pin_list>
<pin id="2273" dir="0" index="0" bw="11" slack="0"/>
<pin id="2274" dir="0" index="1" bw="7" slack="11"/>
<pin id="2275" dir="1" index="2" bw="11" slack="6"/>
</pin_list>
<bind>
<opcode="add(8) " fcode="add"/>
<opset="add_ln187_125/43 "/>
</bind>
</comp>

<comp id="2277" class="1004" name="add_ln187_131_fu_2277">
<pin_list>
<pin id="2278" dir="0" index="0" bw="11" slack="0"/>
<pin id="2279" dir="0" index="1" bw="7" slack="17"/>
<pin id="2280" dir="1" index="2" bw="11" slack="0"/>
</pin_list>
<bind>
<opcode="add(8) " fcode="add"/>
<opset="add_ln187_131/43 "/>
</bind>
</comp>

<comp id="2282" class="1004" name="zext_ln187_142_fu_2282">
<pin_list>
<pin id="2283" dir="0" index="0" bw="11" slack="0"/>
<pin id="2284" dir="1" index="1" bw="64" slack="0"/>
</pin_list>
<bind>
<opcode="zext(34) " fcode="zext"/>
<opset="zext_ln187_142/43 "/>
</bind>
</comp>

<comp id="2287" class="1004" name="zext_ln349_7_fu_2287">
<pin_list>
<pin id="2288" dir="0" index="0" bw="12" slack="0"/>
<pin id="2289" dir="1" index="1" bw="18" slack="0"/>
</pin_list>
<bind>
<opcode="zext(34) " fcode="zext"/>
<opset="zext_ln349_7/43 "/>
</bind>
</comp>

<comp id="2291" class="1004" name="zext_ln187_30_fu_2291">
<pin_list>
<pin id="2292" dir="0" index="0" bw="17" slack="1"/>
<pin id="2293" dir="1" index="1" bw="18" slack="0"/>
</pin_list>
<bind>
<opcode="zext(34) " fcode="zext"/>
<opset="zext_ln187_30/43 "/>
</bind>
</comp>

<comp id="2294" class="1004" name="add_ln352_fu_2294">
<pin_list>
<pin id="2295" dir="0" index="0" bw="17" slack="0"/>
<pin id="2296" dir="0" index="1" bw="12" slack="0"/>
<pin id="2297" dir="1" index="2" bw="18" slack="7"/>
</pin_list>
<bind>
<opcode="add(8) " fcode="add"/>
<opset="add_ln352/43 "/>
</bind>
</comp>

<comp id="2300" class="1004" name="zext_ln187_127_fu_2300">
<pin_list>
<pin id="2301" dir="0" index="0" bw="11" slack="1"/>
<pin id="2302" dir="1" index="1" bw="64" slack="0"/>
</pin_list>
<bind>
<opcode="zext(34) " fcode="zext"/>
<opset="zext_ln187_127/44 "/>
</bind>
</comp>

<comp id="2304" class="1004" name="zext_ln187_112_fu_2304">
<pin_list>
<pin id="2305" dir="0" index="0" bw="11" slack="2"/>
<pin id="2306" dir="1" index="1" bw="64" slack="0"/>
</pin_list>
<bind>
<opcode="zext(34) " fcode="zext"/>
<opset="zext_ln187_112/45 "/>
</bind>
</comp>

<comp id="2308" class="1004" name="zext_ln187_67_fu_2308">
<pin_list>
<pin id="2309" dir="0" index="0" bw="12" slack="1"/>
<pin id="2310" dir="1" index="1" bw="13" slack="0"/>
</pin_list>
<bind>
<opcode="zext(34) " fcode="zext"/>
<opset="zext_ln187_67/45 "/>
</bind>
</comp>

<comp id="2312" class="1004" name="zext_ln187_68_fu_2312">
<pin_list>
<pin id="2313" dir="0" index="0" bw="12" slack="0"/>
<pin id="2314" dir="1" index="1" bw="13" slack="0"/>
</pin_list>
<bind>
<opcode="zext(34) " fcode="zext"/>
<opset="zext_ln187_68/45 "/>
</bind>
</comp>

<comp id="2316" class="1004" name="add_ln352_1_fu_2316">
<pin_list>
<pin id="2317" dir="0" index="0" bw="12" slack="0"/>
<pin id="2318" dir="0" index="1" bw="12" slack="0"/>
<pin id="2319" dir="1" index="2" bw="13" slack="5"/>
</pin_list>
<bind>
<opcode="add(8) " fcode="add"/>
<opset="add_ln352_1/45 "/>
</bind>
</comp>

<comp id="2322" class="1004" name="zext_ln187_104_fu_2322">
<pin_list>
<pin id="2323" dir="0" index="0" bw="11" slack="3"/>
<pin id="2324" dir="1" index="1" bw="64" slack="0"/>
</pin_list>
<bind>
<opcode="zext(34) " fcode="zext"/>
<opset="zext_ln187_104/46 "/>
</bind>
</comp>

<comp id="2326" class="1004" name="zext_ln187_108_fu_2326">
<pin_list>
<pin id="2327" dir="0" index="0" bw="11" slack="4"/>
<pin id="2328" dir="1" index="1" bw="64" slack="0"/>
</pin_list>
<bind>
<opcode="zext(34) " fcode="zext"/>
<opset="zext_ln187_108/47 "/>
</bind>
</comp>

<comp id="2330" class="1004" name="zext_ln187_69_fu_2330">
<pin_list>
<pin id="2331" dir="0" index="0" bw="12" slack="1"/>
<pin id="2332" dir="1" index="1" bw="13" slack="0"/>
</pin_list>
<bind>
<opcode="zext(34) " fcode="zext"/>
<opset="zext_ln187_69/47 "/>
</bind>
</comp>

<comp id="2334" class="1004" name="zext_ln187_70_fu_2334">
<pin_list>
<pin id="2335" dir="0" index="0" bw="12" slack="0"/>
<pin id="2336" dir="1" index="1" bw="13" slack="0"/>
</pin_list>
<bind>
<opcode="zext(34) " fcode="zext"/>
<opset="zext_ln187_70/47 "/>
</bind>
</comp>

<comp id="2338" class="1004" name="add_ln352_3_fu_2338">
<pin_list>
<pin id="2339" dir="0" index="0" bw="12" slack="0"/>
<pin id="2340" dir="0" index="1" bw="12" slack="0"/>
<pin id="2341" dir="1" index="2" bw="13" slack="3"/>
</pin_list>
<bind>
<opcode="add(8) " fcode="add"/>
<opset="add_ln352_3/47 "/>
</bind>
</comp>

<comp id="2344" class="1004" name="zext_ln187_121_fu_2344">
<pin_list>
<pin id="2345" dir="0" index="0" bw="11" slack="5"/>
<pin id="2346" dir="1" index="1" bw="64" slack="0"/>
</pin_list>
<bind>
<opcode="zext(34) " fcode="zext"/>
<opset="zext_ln187_121/48 "/>
</bind>
</comp>

<comp id="2348" class="1004" name="zext_ln187_136_fu_2348">
<pin_list>
<pin id="2349" dir="0" index="0" bw="11" slack="6"/>
<pin id="2350" dir="1" index="1" bw="64" slack="0"/>
</pin_list>
<bind>
<opcode="zext(34) " fcode="zext"/>
<opset="zext_ln187_136/49 "/>
</bind>
</comp>

<comp id="2352" class="1004" name="zext_ln187_71_fu_2352">
<pin_list>
<pin id="2353" dir="0" index="0" bw="12" slack="2"/>
<pin id="2354" dir="1" index="1" bw="14" slack="0"/>
</pin_list>
<bind>
<opcode="zext(34) " fcode="zext"/>
<opset="zext_ln187_71/50 "/>
</bind>
</comp>

<comp id="2356" class="1004" name="zext_ln187_72_fu_2356">
<pin_list>
<pin id="2357" dir="0" index="0" bw="12" slack="1"/>
<pin id="2358" dir="1" index="1" bw="13" slack="0"/>
</pin_list>
<bind>
<opcode="zext(34) " fcode="zext"/>
<opset="zext_ln187_72/50 "/>
</bind>
</comp>

<comp id="2360" class="1004" name="zext_ln187_73_fu_2360">
<pin_list>
<pin id="2361" dir="0" index="0" bw="12" slack="0"/>
<pin id="2362" dir="1" index="1" bw="13" slack="0"/>
</pin_list>
<bind>
<opcode="zext(34) " fcode="zext"/>
<opset="zext_ln187_73/50 "/>
</bind>
</comp>

<comp id="2364" class="1004" name="zext_ln352_fu_2364">
<pin_list>
<pin id="2365" dir="0" index="0" bw="13" slack="5"/>
<pin id="2366" dir="1" index="1" bw="18" slack="0"/>
</pin_list>
<bind>
<opcode="zext(34) " fcode="zext"/>
<opset="zext_ln352/50 "/>
</bind>
</comp>

<comp id="2367" class="1004" name="add_ln352_2_fu_2367">
<pin_list>
<pin id="2368" dir="0" index="0" bw="13" slack="0"/>
<pin id="2369" dir="0" index="1" bw="18" slack="7"/>
<pin id="2370" dir="1" index="2" bw="18" slack="0"/>
</pin_list>
<bind>
<opcode="add(8) " fcode="add"/>
<opset="add_ln352_2/50 "/>
</bind>
</comp>

<comp id="2372" class="1004" name="zext_ln352_1_fu_2372">
<pin_list>
<pin id="2373" dir="0" index="0" bw="13" slack="3"/>
<pin id="2374" dir="1" index="1" bw="15" slack="0"/>
</pin_list>
<bind>
<opcode="zext(34) " fcode="zext"/>
<opset="zext_ln352_1/50 "/>
</bind>
</comp>

<comp id="2375" class="1004" name="add_ln352_4_fu_2375">
<pin_list>
<pin id="2376" dir="0" index="0" bw="12" slack="0"/>
<pin id="2377" dir="0" index="1" bw="12" slack="0"/>
<pin id="2378" dir="1" index="2" bw="13" slack="0"/>
</pin_list>
<bind>
<opcode="add(8) " fcode="add"/>
<opset="add_ln352_4/50 "/>
</bind>
</comp>

<comp id="2381" class="1004" name="zext_ln352_2_fu_2381">
<pin_list>
<pin id="2382" dir="0" index="0" bw="13" slack="0"/>
<pin id="2383" dir="1" index="1" bw="14" slack="0"/>
</pin_list>
<bind>
<opcode="zext(34) " fcode="zext"/>
<opset="zext_ln352_2/50 "/>
</bind>
</comp>

<comp id="2385" class="1004" name="add_ln352_5_fu_2385">
<pin_list>
<pin id="2386" dir="0" index="0" bw="13" slack="0"/>
<pin id="2387" dir="0" index="1" bw="12" slack="0"/>
<pin id="2388" dir="1" index="2" bw="14" slack="0"/>
</pin_list>
<bind>
<opcode="add(8) " fcode="add"/>
<opset="add_ln352_5/50 "/>
</bind>
</comp>

<comp id="2391" class="1004" name="zext_ln352_3_fu_2391">
<pin_list>
<pin id="2392" dir="0" index="0" bw="14" slack="0"/>
<pin id="2393" dir="1" index="1" bw="15" slack="0"/>
</pin_list>
<bind>
<opcode="zext(34) " fcode="zext"/>
<opset="zext_ln352_3/50 "/>
</bind>
</comp>

<comp id="2395" class="1004" name="add_ln352_6_fu_2395">
<pin_list>
<pin id="2396" dir="0" index="0" bw="14" slack="0"/>
<pin id="2397" dir="0" index="1" bw="13" slack="0"/>
<pin id="2398" dir="1" index="2" bw="15" slack="0"/>
</pin_list>
<bind>
<opcode="add(8) " fcode="add"/>
<opset="add_ln352_6/50 "/>
</bind>
</comp>

<comp id="2401" class="1004" name="zext_ln352_4_fu_2401">
<pin_list>
<pin id="2402" dir="0" index="0" bw="15" slack="0"/>
<pin id="2403" dir="1" index="1" bw="18" slack="0"/>
</pin_list>
<bind>
<opcode="zext(34) " fcode="zext"/>
<opset="zext_ln352_4/50 "/>
</bind>
</comp>

<comp id="2405" class="1004" name="ring7_et_fu_2405">
<pin_list>
<pin id="2406" dir="0" index="0" bw="15" slack="0"/>
<pin id="2407" dir="0" index="1" bw="18" slack="0"/>
<pin id="2408" dir="1" index="2" bw="18" slack="0"/>
</pin_list>
<bind>
<opcode="add(8) " fcode="add"/>
<opset="ring7_et/50 "/>
</bind>
</comp>

<comp id="2411" class="1004" name="p_shl15_fu_2411">
<pin_list>
<pin id="2412" dir="0" index="0" bw="19" slack="0"/>
<pin id="2413" dir="0" index="1" bw="16" slack="24"/>
<pin id="2414" dir="0" index="2" bw="1" slack="0"/>
<pin id="2415" dir="1" index="3" bw="19" slack="0"/>
</pin_list>
<bind>
<opcode="bitconcatenate(1004) " fcode="bitconcatenate"/>
<opset="p_shl15/50 "/>
</bind>
</comp>

<comp id="2418" class="1004" name="tmp_21_fu_2418">
<pin_list>
<pin id="2419" dir="0" index="0" bw="17" slack="0"/>
<pin id="2420" dir="0" index="1" bw="16" slack="24"/>
<pin id="2421" dir="0" index="2" bw="1" slack="0"/>
<pin id="2422" dir="1" index="3" bw="17" slack="0"/>
</pin_list>
<bind>
<opcode="bitconcatenate(1004) " fcode="bitconcatenate"/>
<opset="tmp_21/50 "/>
</bind>
</comp>

<comp id="2425" class="1004" name="zext_ln247_fu_2425">
<pin_list>
<pin id="2426" dir="0" index="0" bw="17" slack="0"/>
<pin id="2427" dir="1" index="1" bw="19" slack="0"/>
</pin_list>
<bind>
<opcode="zext(34) " fcode="zext"/>
<opset="zext_ln247/50 "/>
</bind>
</comp>

<comp id="2429" class="1004" name="iso_lhs_fu_2429">
<pin_list>
<pin id="2430" dir="0" index="0" bw="19" slack="0"/>
<pin id="2431" dir="0" index="1" bw="17" slack="0"/>
<pin id="2432" dir="1" index="2" bw="19" slack="0"/>
</pin_list>
<bind>
<opcode="sub(10) " fcode="sub"/>
<opset="iso_lhs/50 "/>
</bind>
</comp>

<comp id="2435" class="1004" name="zext_ln248_fu_2435">
<pin_list>
<pin id="2436" dir="0" index="0" bw="16" slack="40"/>
<pin id="2437" dir="1" index="1" bw="21" slack="0"/>
</pin_list>
<bind>
<opcode="zext(34) " fcode="zext"/>
<opset="zext_ln248/50 "/>
</bind>
</comp>

<comp id="2438" class="1004" name="zext_ln248_1_fu_2438">
<pin_list>
<pin id="2439" dir="0" index="0" bw="16" slack="40"/>
<pin id="2440" dir="1" index="1" bw="19" slack="0"/>
</pin_list>
<bind>
<opcode="zext(34) " fcode="zext"/>
<opset="zext_ln248_1/50 "/>
</bind>
</comp>

<comp id="2441" class="1004" name="p_shl_fu_2441">
<pin_list>
<pin id="2442" dir="0" index="0" bw="21" slack="0"/>
<pin id="2443" dir="0" index="1" bw="18" slack="0"/>
<pin id="2444" dir="0" index="2" bw="1" slack="0"/>
<pin id="2445" dir="1" index="3" bw="21" slack="0"/>
</pin_list>
<bind>
<opcode="bitconcatenate(1004) " fcode="bitconcatenate"/>
<opset="p_shl/50 "/>
</bind>
</comp>

<comp id="2449" class="1004" name="tmp_22_fu_2449">
<pin_list>
<pin id="2450" dir="0" index="0" bw="19" slack="0"/>
<pin id="2451" dir="0" index="1" bw="18" slack="0"/>
<pin id="2452" dir="0" index="2" bw="1" slack="0"/>
<pin id="2453" dir="1" index="3" bw="19" slack="0"/>
</pin_list>
<bind>
<opcode="bitconcatenate(1004) " fcode="bitconcatenate"/>
<opset="tmp_22/50 "/>
</bind>
</comp>

<comp id="2457" class="1004" name="zext_ln257_fu_2457">
<pin_list>
<pin id="2458" dir="0" index="0" bw="19" slack="0"/>
<pin id="2459" dir="1" index="1" bw="21" slack="0"/>
</pin_list>
<bind>
<opcode="zext(34) " fcode="zext"/>
<opset="zext_ln257/50 "/>
</bind>
</comp>

<comp id="2461" class="1004" name="ring_lhs_fu_2461">
<pin_list>
<pin id="2462" dir="0" index="0" bw="21" slack="0"/>
<pin id="2463" dir="0" index="1" bw="19" slack="0"/>
<pin id="2464" dir="1" index="2" bw="21" slack="0"/>
</pin_list>
<bind>
<opcode="sub(10) " fcode="sub"/>
<opset="ring_lhs/50 "/>
</bind>
</comp>

<comp id="2467" class="1004" name="icmp_ln250_fu_2467">
<pin_list>
<pin id="2468" dir="0" index="0" bw="19" slack="0"/>
<pin id="2469" dir="0" index="1" bw="19" slack="0"/>
<pin id="2470" dir="1" index="2" bw="1" slack="0"/>
</pin_list>
<bind>
<opcode="icmp(45) " fcode="icmp"/>
<opset="icmp_ln250/50 "/>
</bind>
</comp>

<comp id="2473" class="1004" name="xor_ln250_fu_2473">
<pin_list>
<pin id="2474" dir="0" index="0" bw="1" slack="0"/>
<pin id="2475" dir="0" index="1" bw="1" slack="0"/>
<pin id="2476" dir="1" index="2" bw="1" slack="0"/>
</pin_list>
<bind>
<opcode="xor(25) " fcode="xor"/>
<opset="xor_ln250/50 "/>
</bind>
</comp>

<comp id="2479" class="1004" name="icmp_ln260_fu_2479">
<pin_list>
<pin id="2480" dir="0" index="0" bw="21" slack="0"/>
<pin id="2481" dir="0" index="1" bw="21" slack="0"/>
<pin id="2482" dir="1" index="2" bw="1" slack="0"/>
</pin_list>
<bind>
<opcode="icmp(45) " fcode="icmp"/>
<opset="icmp_ln260/50 "/>
</bind>
</comp>

<comp id="2485" class="1004" name="xor_ln260_fu_2485">
<pin_list>
<pin id="2486" dir="0" index="0" bw="1" slack="0"/>
<pin id="2487" dir="0" index="1" bw="1" slack="0"/>
<pin id="2488" dir="1" index="2" bw="1" slack="0"/>
</pin_list>
<bind>
<opcode="xor(25) " fcode="xor"/>
<opset="xor_ln260/50 "/>
</bind>
</comp>

<comp id="2491" class="1004" name="or_ln260_fu_2491">
<pin_list>
<pin id="2492" dir="0" index="0" bw="1" slack="0"/>
<pin id="2493" dir="0" index="1" bw="1" slack="48"/>
<pin id="2494" dir="1" index="2" bw="1" slack="0"/>
</pin_list>
<bind>
<opcode="or(24) " fcode="or"/>
<opset="or_ln260/50 "/>
</bind>
</comp>

<comp id="2496" class="1004" name="or_ln260_1_fu_2496">
<pin_list>
<pin id="2497" dir="0" index="0" bw="1" slack="0"/>
<pin id="2498" dir="0" index="1" bw="1" slack="40"/>
<pin id="2499" dir="1" index="2" bw="1" slack="0"/>
</pin_list>
<bind>
<opcode="or(24) " fcode="or"/>
<opset="or_ln260_1/50 "/>
</bind>
</comp>

<comp id="2501" class="1004" name="or_ln260_2_fu_2501">
<pin_list>
<pin id="2502" dir="0" index="0" bw="1" slack="40"/>
<pin id="2503" dir="0" index="1" bw="1" slack="0"/>
<pin id="2504" dir="1" index="2" bw="1" slack="0"/>
</pin_list>
<bind>
<opcode="or(24) " fcode="or"/>
<opset="or_ln260_2/50 "/>
</bind>
</comp>

<comp id="2506" class="1004" name="or_ln260_3_fu_2506">
<pin_list>
<pin id="2507" dir="0" index="0" bw="1" slack="0"/>
<pin id="2508" dir="0" index="1" bw="1" slack="41"/>
<pin id="2509" dir="1" index="2" bw="1" slack="0"/>
</pin_list>
<bind>
<opcode="or(24) " fcode="or"/>
<opset="or_ln260_3/50 "/>
</bind>
</comp>

<comp id="2511" class="1004" name="or_ln260_4_fu_2511">
<pin_list>
<pin id="2512" dir="0" index="0" bw="1" slack="0"/>
<pin id="2513" dir="0" index="1" bw="1" slack="0"/>
<pin id="2514" dir="1" index="2" bw="1" slack="0"/>
</pin_list>
<bind>
<opcode="or(24) " fcode="or"/>
<opset="or_ln260_4/50 "/>
</bind>
</comp>

<comp id="2517" class="1004" name="candidate_et_fu_2517">
<pin_list>
<pin id="2518" dir="0" index="0" bw="1" slack="0"/>
<pin id="2519" dir="0" index="1" bw="16" slack="0"/>
<pin id="2520" dir="0" index="2" bw="16" slack="40"/>
<pin id="2521" dir="1" index="3" bw="16" slack="0"/>
</pin_list>
<bind>
<opcode="select(49) " fcode="select"/>
<opset="candidate_et/50 "/>
</bind>
</comp>

<comp id="2524" class="1004" name="candidate_valid_fu_2524">
<pin_list>
<pin id="2525" dir="0" index="0" bw="1" slack="0"/>
<pin id="2526" dir="0" index="1" bw="1" slack="0"/>
<pin id="2527" dir="1" index="2" bw="1" slack="0"/>
</pin_list>
<bind>
<opcode="xor(25) " fcode="xor"/>
<opset="candidate_valid/50 "/>
</bind>
</comp>

<comp id="2530" class="1004" name="zext_ln332_fu_2530">
<pin_list>
<pin id="2531" dir="0" index="0" bw="16" slack="0"/>
<pin id="2532" dir="1" index="1" bw="20" slack="0"/>
</pin_list>
<bind>
<opcode="zext(34) " fcode="zext"/>
<opset="zext_ln332/50 "/>
</bind>
</comp>

<comp id="2534" class="1004" name="empty_106_fu_2534">
<pin_list>
<pin id="2535" dir="0" index="0" bw="1" slack="0"/>
<pin id="2536" dir="0" index="1" bw="16" slack="0"/>
<pin id="2537" dir="0" index="2" bw="16" slack="24"/>
<pin id="2538" dir="1" index="3" bw="16" slack="0"/>
</pin_list>
<bind>
<opcode="select(49) " fcode="select"/>
<opset="empty_106/50 "/>
</bind>
</comp>

<comp id="2541" class="1004" name="or_ln363_s_fu_2541">
<pin_list>
<pin id="2542" dir="0" index="0" bw="61" slack="0"/>
<pin id="2543" dir="0" index="1" bw="1" slack="0"/>
<pin id="2544" dir="0" index="2" bw="8" slack="0"/>
<pin id="2545" dir="0" index="3" bw="6" slack="49"/>
<pin id="2546" dir="0" index="4" bw="1" slack="0"/>
<pin id="2547" dir="0" index="5" bw="5" slack="49"/>
<pin id="2548" dir="0" index="6" bw="1" slack="0"/>
<pin id="2549" dir="0" index="7" bw="16" slack="0"/>
<pin id="2550" dir="0" index="8" bw="16" slack="0"/>
<pin id="2551" dir="1" index="9" bw="61" slack="0"/>
</pin_list>
<bind>
<opcode="bitconcatenate(1004) " fcode="bitconcatenate"/>
<opset="or_ln363_s/50 "/>
</bind>
</comp>

<comp id="2560" class="1005" name="phi_idx_13_reg_2560">
<pin_list>
<pin id="2561" dir="0" index="0" bw="6" slack="0"/>
<pin id="2562" dir="1" index="1" bw="6" slack="0"/>
</pin_list>
<bind>
<opset="phi_idx_13 "/>
</bind>
</comp>

<comp id="2567" class="1005" name="eta_reg_2567">
<pin_list>
<pin id="2568" dir="0" index="0" bw="5" slack="0"/>
<pin id="2569" dir="1" index="1" bw="5" slack="0"/>
</pin_list>
<bind>
<opset="eta "/>
</bind>
</comp>

<comp id="2574" class="1005" name="indvar_flatten_reg_2574">
<pin_list>
<pin id="2575" dir="0" index="0" bw="11" slack="0"/>
<pin id="2576" dir="1" index="1" bw="11" slack="0"/>
</pin_list>
<bind>
<opset="indvar_flatten "/>
</bind>
</comp>

<comp id="2581" class="1005" name="cluster_threshold_read_reg_2581">
<pin_list>
<pin id="2582" dir="0" index="0" bw="20" slack="9"/>
<pin id="2583" dir="1" index="1" bw="20" slack="9"/>
</pin_list>
<bind>
<opset="cluster_threshold_read "/>
</bind>
</comp>

<comp id="2586" class="1005" name="seed_threshold_read_reg_2586">
<pin_list>
<pin id="2587" dir="0" index="0" bw="12" slack="1"/>
<pin id="2588" dir="1" index="1" bw="12" slack="1"/>
</pin_list>
<bind>
<opset="seed_threshold_read "/>
</bind>
</comp>

<comp id="2591" class="1005" name="icmp_ln328_reg_2591">
<pin_list>
<pin id="2592" dir="0" index="0" bw="1" slack="1"/>
<pin id="2593" dir="1" index="1" bw="1" slack="2147483647"/>
</pin_list>
<bind>
<opset="icmp_ln328 "/>
</bind>
</comp>

<comp id="2595" class="1005" name="select_ln328_reg_2595">
<pin_list>
<pin id="2596" dir="0" index="0" bw="6" slack="1"/>
<pin id="2597" dir="1" index="1" bw="6" slack="1"/>
</pin_list>
<bind>
<opset="select_ln328 "/>
</bind>
</comp>

<comp id="2604" class="1005" name="select_ln328_1_reg_2604">
<pin_list>
<pin id="2605" dir="0" index="0" bw="5" slack="6"/>
<pin id="2606" dir="1" index="1" bw="5" slack="6"/>
</pin_list>
<bind>
<opset="select_ln328_1 "/>
</bind>
</comp>

<comp id="2610" class="1005" name="select_ln328_2_reg_2610">
<pin_list>
<pin id="2611" dir="0" index="0" bw="5" slack="1"/>
<pin id="2612" dir="1" index="1" bw="5" slack="1"/>
</pin_list>
<bind>
<opset="select_ln328_2 "/>
</bind>
</comp>

<comp id="2620" class="1005" name="sub_ln342_reg_2620">
<pin_list>
<pin id="2621" dir="0" index="0" bw="11" slack="4"/>
<pin id="2622" dir="1" index="1" bw="11" slack="4"/>
</pin_list>
<bind>
<opset="sub_ln342 "/>
</bind>
</comp>

<comp id="2630" class="1005" name="zext_ln342_1_reg_2630">
<pin_list>
<pin id="2631" dir="0" index="0" bw="11" slack="2"/>
<pin id="2632" dir="1" index="1" bw="11" slack="2"/>
</pin_list>
<bind>
<opset="zext_ln342_1 "/>
</bind>
</comp>

<comp id="2640" class="1005" name="towers_addr_reg_2640">
<pin_list>
<pin id="2641" dir="0" index="0" bw="11" slack="1"/>
<pin id="2642" dir="1" index="1" bw="11" slack="1"/>
</pin_list>
<bind>
<opset="towers_addr "/>
</bind>
</comp>

<comp id="2645" class="1005" name="sub_ln216_reg_2645">
<pin_list>
<pin id="2646" dir="0" index="0" bw="11" slack="1"/>
<pin id="2647" dir="1" index="1" bw="11" slack="1"/>
</pin_list>
<bind>
<opset="sub_ln216 "/>
</bind>
</comp>

<comp id="2655" class="1005" name="zext_ln329_reg_2655">
<pin_list>
<pin id="2656" dir="0" index="0" bw="7" slack="2"/>
<pin id="2657" dir="1" index="1" bw="7" slack="2"/>
</pin_list>
<bind>
<opset="zext_ln329 "/>
</bind>
</comp>

<comp id="2666" class="1005" name="icmp_ln344_reg_2666">
<pin_list>
<pin id="2667" dir="0" index="0" bw="1" slack="48"/>
<pin id="2668" dir="1" index="1" bw="1" slack="48"/>
</pin_list>
<bind>
<opset="icmp_ln344 "/>
</bind>
</comp>

<comp id="2671" class="1005" name="zext_ln216_60_reg_2671">
<pin_list>
<pin id="2672" dir="0" index="0" bw="11" slack="3"/>
<pin id="2673" dir="1" index="1" bw="11" slack="3"/>
</pin_list>
<bind>
<opset="zext_ln216_60 "/>
</bind>
</comp>

<comp id="2681" class="1005" name="towers_addr_52_reg_2681">
<pin_list>
<pin id="2682" dir="0" index="0" bw="11" slack="1"/>
<pin id="2683" dir="1" index="1" bw="11" slack="1"/>
</pin_list>
<bind>
<opset="towers_addr_52 "/>
</bind>
</comp>

<comp id="2686" class="1005" name="towers_addr_49_reg_2686">
<pin_list>
<pin id="2687" dir="0" index="0" bw="11" slack="1"/>
<pin id="2688" dir="1" index="1" bw="11" slack="1"/>
</pin_list>
<bind>
<opset="towers_addr_49 "/>
</bind>
</comp>

<comp id="2691" class="1005" name="sext_ln216_reg_2691">
<pin_list>
<pin id="2692" dir="0" index="0" bw="11" slack="2"/>
<pin id="2693" dir="1" index="1" bw="11" slack="2"/>
</pin_list>
<bind>
<opset="sext_ln216 "/>
</bind>
</comp>

<comp id="2701" class="1005" name="towers_addr_54_reg_2701">
<pin_list>
<pin id="2702" dir="0" index="0" bw="11" slack="1"/>
<pin id="2703" dir="1" index="1" bw="11" slack="1"/>
</pin_list>
<bind>
<opset="towers_addr_54 "/>
</bind>
</comp>

<comp id="2706" class="1005" name="towers_addr_55_reg_2706">
<pin_list>
<pin id="2707" dir="0" index="0" bw="11" slack="1"/>
<pin id="2708" dir="1" index="1" bw="11" slack="1"/>
</pin_list>
<bind>
<opset="towers_addr_55 "/>
</bind>
</comp>

<comp id="2711" class="1005" name="icmp_ln220_reg_2711">
<pin_list>
<pin id="2712" dir="0" index="0" bw="1" slack="3"/>
<pin id="2713" dir="1" index="1" bw="1" slack="3"/>
</pin_list>
<bind>
<opset="icmp_ln220 "/>
</bind>
</comp>

<comp id="2716" class="1005" name="icmp_ln218_reg_2716">
<pin_list>
<pin id="2717" dir="0" index="0" bw="1" slack="3"/>
<pin id="2718" dir="1" index="1" bw="1" slack="3"/>
</pin_list>
<bind>
<opset="icmp_ln218 "/>
</bind>
</comp>

<comp id="2721" class="1005" name="towers_addr_56_reg_2721">
<pin_list>
<pin id="2722" dir="0" index="0" bw="11" slack="1"/>
<pin id="2723" dir="1" index="1" bw="11" slack="1"/>
</pin_list>
<bind>
<opset="towers_addr_56 "/>
</bind>
</comp>

<comp id="2726" class="1005" name="icmp_ln218_50_reg_2726">
<pin_list>
<pin id="2727" dir="0" index="0" bw="1" slack="3"/>
<pin id="2728" dir="1" index="1" bw="1" slack="3"/>
</pin_list>
<bind>
<opset="icmp_ln218_50 "/>
</bind>
</comp>

<comp id="2731" class="1005" name="icmp_ln218_51_reg_2731">
<pin_list>
<pin id="2732" dir="0" index="0" bw="1" slack="3"/>
<pin id="2733" dir="1" index="1" bw="1" slack="3"/>
</pin_list>
<bind>
<opset="icmp_ln218_51 "/>
</bind>
</comp>

<comp id="2736" class="1005" name="core3_et_4_reg_2736">
<pin_list>
<pin id="2737" dir="0" index="0" bw="14" slack="4"/>
<pin id="2738" dir="1" index="1" bw="14" slack="4"/>
</pin_list>
<bind>
<opset="core3_et_4 "/>
</bind>
</comp>

<comp id="2741" class="1005" name="sub_ln216_6_reg_2741">
<pin_list>
<pin id="2742" dir="0" index="0" bw="11" slack="1"/>
<pin id="2743" dir="1" index="1" bw="11" slack="1"/>
</pin_list>
<bind>
<opset="sub_ln216_6 "/>
</bind>
</comp>

<comp id="2751" class="1005" name="towers_addr_57_reg_2751">
<pin_list>
<pin id="2752" dir="0" index="0" bw="11" slack="1"/>
<pin id="2753" dir="1" index="1" bw="11" slack="1"/>
</pin_list>
<bind>
<opset="towers_addr_57 "/>
</bind>
</comp>

<comp id="2756" class="1005" name="towers_addr_50_reg_2756">
<pin_list>
<pin id="2757" dir="0" index="0" bw="11" slack="1"/>
<pin id="2758" dir="1" index="1" bw="11" slack="1"/>
</pin_list>
<bind>
<opset="towers_addr_50 "/>
</bind>
</comp>

<comp id="2761" class="1005" name="towers_addr_59_reg_2761">
<pin_list>
<pin id="2762" dir="0" index="0" bw="11" slack="1"/>
<pin id="2763" dir="1" index="1" bw="11" slack="1"/>
</pin_list>
<bind>
<opset="towers_addr_59 "/>
</bind>
</comp>

<comp id="2766" class="1005" name="xor_ln218_reg_2766">
<pin_list>
<pin id="2767" dir="0" index="0" bw="1" slack="41"/>
<pin id="2768" dir="1" index="1" bw="1" slack="41"/>
</pin_list>
<bind>
<opset="xor_ln218 "/>
</bind>
</comp>

<comp id="2771" class="1005" name="sub_ln187_reg_2771">
<pin_list>
<pin id="2772" dir="0" index="0" bw="11" slack="1"/>
<pin id="2773" dir="1" index="1" bw="11" slack="1"/>
</pin_list>
<bind>
<opset="sub_ln187 "/>
</bind>
</comp>

<comp id="2781" class="1005" name="icmp_ln218_52_reg_2781">
<pin_list>
<pin id="2782" dir="0" index="0" bw="1" slack="40"/>
<pin id="2783" dir="1" index="1" bw="1" slack="40"/>
</pin_list>
<bind>
<opset="icmp_ln218_52 "/>
</bind>
</comp>

<comp id="2786" class="1005" name="core3_et_6_reg_2786">
<pin_list>
<pin id="2787" dir="0" index="0" bw="16" slack="40"/>
<pin id="2788" dir="1" index="1" bw="16" slack="40"/>
</pin_list>
<bind>
<opset="core3_et_6 "/>
</bind>
</comp>

<comp id="2793" class="1005" name="zext_ln187_113_reg_2793">
<pin_list>
<pin id="2794" dir="0" index="0" bw="11" slack="5"/>
<pin id="2795" dir="1" index="1" bw="11" slack="5"/>
</pin_list>
<bind>
<opset="zext_ln187_113 "/>
</bind>
</comp>

<comp id="2803" class="1005" name="towers_addr_61_reg_2803">
<pin_list>
<pin id="2804" dir="0" index="0" bw="11" slack="1"/>
<pin id="2805" dir="1" index="1" bw="11" slack="1"/>
</pin_list>
<bind>
<opset="towers_addr_61 "/>
</bind>
</comp>

<comp id="2808" class="1005" name="icmp_ln354_reg_2808">
<pin_list>
<pin id="2809" dir="0" index="0" bw="1" slack="40"/>
<pin id="2810" dir="1" index="1" bw="1" slack="40"/>
</pin_list>
<bind>
<opset="icmp_ln354 "/>
</bind>
</comp>

<comp id="2813" class="1005" name="towers_addr_62_reg_2813">
<pin_list>
<pin id="2814" dir="0" index="0" bw="11" slack="1"/>
<pin id="2815" dir="1" index="1" bw="11" slack="1"/>
</pin_list>
<bind>
<opset="towers_addr_62 "/>
</bind>
</comp>

<comp id="2818" class="1005" name="towers_addr_51_reg_2818">
<pin_list>
<pin id="2819" dir="0" index="0" bw="11" slack="1"/>
<pin id="2820" dir="1" index="1" bw="11" slack="1"/>
</pin_list>
<bind>
<opset="towers_addr_51 "/>
</bind>
</comp>

<comp id="2823" class="1005" name="towers_addr_63_reg_2823">
<pin_list>
<pin id="2824" dir="0" index="0" bw="11" slack="1"/>
<pin id="2825" dir="1" index="1" bw="11" slack="1"/>
</pin_list>
<bind>
<opset="towers_addr_63 "/>
</bind>
</comp>

<comp id="2828" class="1005" name="sext_ln187_reg_2828">
<pin_list>
<pin id="2829" dir="0" index="0" bw="11" slack="2"/>
<pin id="2830" dir="1" index="1" bw="11" slack="2"/>
</pin_list>
<bind>
<opset="sext_ln187 "/>
</bind>
</comp>

<comp id="2838" class="1005" name="towers_addr_65_reg_2838">
<pin_list>
<pin id="2839" dir="0" index="0" bw="11" slack="1"/>
<pin id="2840" dir="1" index="1" bw="11" slack="1"/>
</pin_list>
<bind>
<opset="towers_addr_65 "/>
</bind>
</comp>

<comp id="2843" class="1005" name="zext_ln187_21_reg_2843">
<pin_list>
<pin id="2844" dir="0" index="0" bw="13" slack="20"/>
<pin id="2845" dir="1" index="1" bw="13" slack="20"/>
</pin_list>
<bind>
<opset="zext_ln187_21 "/>
</bind>
</comp>

<comp id="2848" class="1005" name="towers_addr_66_reg_2848">
<pin_list>
<pin id="2849" dir="0" index="0" bw="11" slack="1"/>
<pin id="2850" dir="1" index="1" bw="11" slack="1"/>
</pin_list>
<bind>
<opset="towers_addr_66 "/>
</bind>
</comp>

<comp id="2853" class="1005" name="sum5_et_2_reg_2853">
<pin_list>
<pin id="2854" dir="0" index="0" bw="14" slack="3"/>
<pin id="2855" dir="1" index="1" bw="14" slack="3"/>
</pin_list>
<bind>
<opset="sum5_et_2 "/>
</bind>
</comp>

<comp id="2858" class="1005" name="sum7_et_14_reg_2858">
<pin_list>
<pin id="2859" dir="0" index="0" bw="14" slack="4"/>
<pin id="2860" dir="1" index="1" bw="14" slack="4"/>
</pin_list>
<bind>
<opset="sum7_et_14 "/>
</bind>
</comp>

<comp id="2863" class="1005" name="towers_addr_67_reg_2863">
<pin_list>
<pin id="2864" dir="0" index="0" bw="11" slack="1"/>
<pin id="2865" dir="1" index="1" bw="11" slack="1"/>
</pin_list>
<bind>
<opset="towers_addr_67 "/>
</bind>
</comp>

<comp id="2868" class="1005" name="towers_addr_68_reg_2868">
<pin_list>
<pin id="2869" dir="0" index="0" bw="11" slack="1"/>
<pin id="2870" dir="1" index="1" bw="11" slack="1"/>
</pin_list>
<bind>
<opset="towers_addr_68 "/>
</bind>
</comp>

<comp id="2873" class="1005" name="towers_addr_69_reg_2873">
<pin_list>
<pin id="2874" dir="0" index="0" bw="11" slack="1"/>
<pin id="2875" dir="1" index="1" bw="11" slack="1"/>
</pin_list>
<bind>
<opset="towers_addr_69 "/>
</bind>
</comp>

<comp id="2878" class="1005" name="zext_ln348_7_reg_2878">
<pin_list>
<pin id="2879" dir="0" index="0" bw="13" slack="1"/>
<pin id="2880" dir="1" index="1" bw="13" slack="1"/>
</pin_list>
<bind>
<opset="zext_ln348_7 "/>
</bind>
</comp>

<comp id="2883" class="1005" name="sum5_et_3_reg_2883">
<pin_list>
<pin id="2884" dir="0" index="0" bw="15" slack="8"/>
<pin id="2885" dir="1" index="1" bw="15" slack="8"/>
</pin_list>
<bind>
<opset="sum5_et_3 "/>
</bind>
</comp>

<comp id="2888" class="1005" name="towers_addr_70_reg_2888">
<pin_list>
<pin id="2889" dir="0" index="0" bw="11" slack="1"/>
<pin id="2890" dir="1" index="1" bw="11" slack="1"/>
</pin_list>
<bind>
<opset="towers_addr_70 "/>
</bind>
</comp>

<comp id="2893" class="1005" name="zext_ln348_8_reg_2893">
<pin_list>
<pin id="2894" dir="0" index="0" bw="13" slack="7"/>
<pin id="2895" dir="1" index="1" bw="13" slack="7"/>
</pin_list>
<bind>
<opset="zext_ln348_8 "/>
</bind>
</comp>

<comp id="2898" class="1005" name="sum7_et_15_reg_2898">
<pin_list>
<pin id="2899" dir="0" index="0" bw="15" slack="7"/>
<pin id="2900" dir="1" index="1" bw="15" slack="7"/>
</pin_list>
<bind>
<opset="sum7_et_15 "/>
</bind>
</comp>

<comp id="2903" class="1005" name="towers_addr_71_reg_2903">
<pin_list>
<pin id="2904" dir="0" index="0" bw="11" slack="1"/>
<pin id="2905" dir="1" index="1" bw="11" slack="1"/>
</pin_list>
<bind>
<opset="towers_addr_71 "/>
</bind>
</comp>

<comp id="2908" class="1005" name="sub_ln187_1_reg_2908">
<pin_list>
<pin id="2909" dir="0" index="0" bw="11" slack="1"/>
<pin id="2910" dir="1" index="1" bw="11" slack="1"/>
</pin_list>
<bind>
<opset="sub_ln187_1 "/>
</bind>
</comp>

<comp id="2918" class="1005" name="towers_addr_72_reg_2918">
<pin_list>
<pin id="2919" dir="0" index="0" bw="11" slack="1"/>
<pin id="2920" dir="1" index="1" bw="11" slack="1"/>
</pin_list>
<bind>
<opset="towers_addr_72 "/>
</bind>
</comp>

<comp id="2923" class="1005" name="towers_addr_73_reg_2923">
<pin_list>
<pin id="2924" dir="0" index="0" bw="11" slack="1"/>
<pin id="2925" dir="1" index="1" bw="11" slack="1"/>
</pin_list>
<bind>
<opset="towers_addr_73 "/>
</bind>
</comp>

<comp id="2928" class="1005" name="towers_addr_53_reg_2928">
<pin_list>
<pin id="2929" dir="0" index="0" bw="11" slack="1"/>
<pin id="2930" dir="1" index="1" bw="11" slack="1"/>
</pin_list>
<bind>
<opset="towers_addr_53 "/>
</bind>
</comp>

<comp id="2933" class="1005" name="towers_addr_64_reg_2933">
<pin_list>
<pin id="2934" dir="0" index="0" bw="11" slack="1"/>
<pin id="2935" dir="1" index="1" bw="11" slack="1"/>
</pin_list>
<bind>
<opset="towers_addr_64 "/>
</bind>
</comp>

<comp id="2938" class="1005" name="towers_addr_76_reg_2938">
<pin_list>
<pin id="2939" dir="0" index="0" bw="11" slack="1"/>
<pin id="2940" dir="1" index="1" bw="11" slack="1"/>
</pin_list>
<bind>
<opset="towers_addr_76 "/>
</bind>
</comp>

<comp id="2943" class="1005" name="towers_load_13_reg_2943">
<pin_list>
<pin id="2944" dir="0" index="0" bw="12" slack="1"/>
<pin id="2945" dir="1" index="1" bw="12" slack="1"/>
</pin_list>
<bind>
<opset="towers_load_13 "/>
</bind>
</comp>

<comp id="2949" class="1005" name="sub_ln187_2_reg_2949">
<pin_list>
<pin id="2950" dir="0" index="0" bw="11" slack="1"/>
<pin id="2951" dir="1" index="1" bw="11" slack="1"/>
</pin_list>
<bind>
<opset="sub_ln187_2 "/>
</bind>
</comp>

<comp id="2959" class="1005" name="zext_ln171_reg_2959">
<pin_list>
<pin id="2960" dir="0" index="0" bw="13" slack="1"/>
<pin id="2961" dir="1" index="1" bw="13" slack="1"/>
</pin_list>
<bind>
<opset="zext_ln171 "/>
</bind>
</comp>

<comp id="2964" class="1005" name="zext_ln187_128_reg_2964">
<pin_list>
<pin id="2965" dir="0" index="0" bw="11" slack="7"/>
<pin id="2966" dir="1" index="1" bw="11" slack="7"/>
</pin_list>
<bind>
<opset="zext_ln187_128 "/>
</bind>
</comp>

<comp id="2974" class="1005" name="towers_addr_77_reg_2974">
<pin_list>
<pin id="2975" dir="0" index="0" bw="11" slack="1"/>
<pin id="2976" dir="1" index="1" bw="11" slack="1"/>
</pin_list>
<bind>
<opset="towers_addr_77 "/>
</bind>
</comp>

<comp id="2979" class="1005" name="iso5_et_reg_2979">
<pin_list>
<pin id="2980" dir="0" index="0" bw="16" slack="24"/>
<pin id="2981" dir="1" index="1" bw="16" slack="24"/>
</pin_list>
<bind>
<opset="iso5_et "/>
</bind>
</comp>

<comp id="2986" class="1005" name="add_ln187_76_reg_2986">
<pin_list>
<pin id="2987" dir="0" index="0" bw="16" slack="1"/>
<pin id="2988" dir="1" index="1" bw="16" slack="1"/>
</pin_list>
<bind>
<opset="add_ln187_76 "/>
</bind>
</comp>

<comp id="2991" class="1005" name="add_ln187_77_reg_2991">
<pin_list>
<pin id="2992" dir="0" index="0" bw="13" slack="1"/>
<pin id="2993" dir="1" index="1" bw="13" slack="1"/>
</pin_list>
<bind>
<opset="add_ln187_77 "/>
</bind>
</comp>

<comp id="2996" class="1005" name="add_ln187_79_reg_2996">
<pin_list>
<pin id="2997" dir="0" index="0" bw="13" slack="1"/>
<pin id="2998" dir="1" index="1" bw="13" slack="1"/>
</pin_list>
<bind>
<opset="add_ln187_79 "/>
</bind>
</comp>

<comp id="3001" class="1005" name="towers_addr_78_reg_3001">
<pin_list>
<pin id="3002" dir="0" index="0" bw="11" slack="1"/>
<pin id="3003" dir="1" index="1" bw="11" slack="1"/>
</pin_list>
<bind>
<opset="towers_addr_78 "/>
</bind>
</comp>

<comp id="3006" class="1005" name="sum7_et_16_reg_3006">
<pin_list>
<pin id="3007" dir="0" index="0" bw="16" slack="3"/>
<pin id="3008" dir="1" index="1" bw="16" slack="3"/>
</pin_list>
<bind>
<opset="sum7_et_16 "/>
</bind>
</comp>

<comp id="3011" class="1005" name="towers_addr_79_reg_3011">
<pin_list>
<pin id="3012" dir="0" index="0" bw="11" slack="1"/>
<pin id="3013" dir="1" index="1" bw="11" slack="1"/>
</pin_list>
<bind>
<opset="towers_addr_79 "/>
</bind>
</comp>

<comp id="3016" class="1005" name="towers_addr_58_reg_3016">
<pin_list>
<pin id="3017" dir="0" index="0" bw="11" slack="1"/>
<pin id="3018" dir="1" index="1" bw="11" slack="1"/>
</pin_list>
<bind>
<opset="towers_addr_58 "/>
</bind>
</comp>

<comp id="3021" class="1005" name="towers_addr_74_reg_3021">
<pin_list>
<pin id="3022" dir="0" index="0" bw="11" slack="1"/>
<pin id="3023" dir="1" index="1" bw="11" slack="1"/>
</pin_list>
<bind>
<opset="towers_addr_74 "/>
</bind>
</comp>

<comp id="3026" class="1005" name="add_ln187_86_reg_3026">
<pin_list>
<pin id="3027" dir="0" index="0" bw="17" slack="12"/>
<pin id="3028" dir="1" index="1" bw="17" slack="12"/>
</pin_list>
<bind>
<opset="add_ln187_86 "/>
</bind>
</comp>

<comp id="3031" class="1005" name="towers_addr_81_reg_3031">
<pin_list>
<pin id="3032" dir="0" index="0" bw="11" slack="1"/>
<pin id="3033" dir="1" index="1" bw="11" slack="1"/>
</pin_list>
<bind>
<opset="towers_addr_81 "/>
</bind>
</comp>

<comp id="3036" class="1005" name="sext_ln187_1_reg_3036">
<pin_list>
<pin id="3037" dir="0" index="0" bw="11" slack="2"/>
<pin id="3038" dir="1" index="1" bw="11" slack="2"/>
</pin_list>
<bind>
<opset="sext_ln187_1 "/>
</bind>
</comp>

<comp id="3046" class="1005" name="towers_addr_83_reg_3046">
<pin_list>
<pin id="3047" dir="0" index="0" bw="11" slack="1"/>
<pin id="3048" dir="1" index="1" bw="11" slack="1"/>
</pin_list>
<bind>
<opset="towers_addr_83 "/>
</bind>
</comp>

<comp id="3051" class="1005" name="add_ln187_87_reg_3051">
<pin_list>
<pin id="3052" dir="0" index="0" bw="13" slack="2"/>
<pin id="3053" dir="1" index="1" bw="13" slack="2"/>
</pin_list>
<bind>
<opset="add_ln187_87 "/>
</bind>
</comp>

<comp id="3056" class="1005" name="towers_addr_84_reg_3056">
<pin_list>
<pin id="3057" dir="0" index="0" bw="11" slack="1"/>
<pin id="3058" dir="1" index="1" bw="11" slack="1"/>
</pin_list>
<bind>
<opset="towers_addr_84 "/>
</bind>
</comp>

<comp id="3061" class="1005" name="towers_addr_86_reg_3061">
<pin_list>
<pin id="3062" dir="0" index="0" bw="11" slack="1"/>
<pin id="3063" dir="1" index="1" bw="11" slack="1"/>
</pin_list>
<bind>
<opset="towers_addr_86 "/>
</bind>
</comp>

<comp id="3066" class="1005" name="add_ln187_89_reg_3066">
<pin_list>
<pin id="3067" dir="0" index="0" bw="14" slack="8"/>
<pin id="3068" dir="1" index="1" bw="14" slack="8"/>
</pin_list>
<bind>
<opset="add_ln187_89 "/>
</bind>
</comp>

<comp id="3071" class="1005" name="towers_addr_87_reg_3071">
<pin_list>
<pin id="3072" dir="0" index="0" bw="11" slack="1"/>
<pin id="3073" dir="1" index="1" bw="11" slack="1"/>
</pin_list>
<bind>
<opset="towers_addr_87 "/>
</bind>
</comp>

<comp id="3076" class="1005" name="add_ln187_91_reg_3076">
<pin_list>
<pin id="3077" dir="0" index="0" bw="13" slack="2"/>
<pin id="3078" dir="1" index="1" bw="13" slack="2"/>
</pin_list>
<bind>
<opset="add_ln187_91 "/>
</bind>
</comp>

<comp id="3081" class="1005" name="towers_addr_88_reg_3081">
<pin_list>
<pin id="3082" dir="0" index="0" bw="11" slack="1"/>
<pin id="3083" dir="1" index="1" bw="11" slack="1"/>
</pin_list>
<bind>
<opset="towers_addr_88 "/>
</bind>
</comp>

<comp id="3086" class="1005" name="towers_addr_89_reg_3086">
<pin_list>
<pin id="3087" dir="0" index="0" bw="11" slack="1"/>
<pin id="3088" dir="1" index="1" bw="11" slack="1"/>
</pin_list>
<bind>
<opset="towers_addr_89 "/>
</bind>
</comp>

<comp id="3091" class="1005" name="add_ln187_93_reg_3091">
<pin_list>
<pin id="3092" dir="0" index="0" bw="14" slack="5"/>
<pin id="3093" dir="1" index="1" bw="14" slack="5"/>
</pin_list>
<bind>
<opset="add_ln187_93 "/>
</bind>
</comp>

<comp id="3096" class="1005" name="towers_addr_90_reg_3096">
<pin_list>
<pin id="3097" dir="0" index="0" bw="11" slack="1"/>
<pin id="3098" dir="1" index="1" bw="11" slack="1"/>
</pin_list>
<bind>
<opset="towers_addr_90 "/>
</bind>
</comp>

<comp id="3101" class="1005" name="towers_addr_91_reg_3101">
<pin_list>
<pin id="3102" dir="0" index="0" bw="11" slack="1"/>
<pin id="3103" dir="1" index="1" bw="11" slack="1"/>
</pin_list>
<bind>
<opset="towers_addr_91 "/>
</bind>
</comp>

<comp id="3106" class="1005" name="add_ln187_94_reg_3106">
<pin_list>
<pin id="3107" dir="0" index="0" bw="13" slack="3"/>
<pin id="3108" dir="1" index="1" bw="13" slack="3"/>
</pin_list>
<bind>
<opset="add_ln187_94 "/>
</bind>
</comp>

<comp id="3111" class="1005" name="towers_addr_92_reg_3111">
<pin_list>
<pin id="3112" dir="0" index="0" bw="11" slack="1"/>
<pin id="3113" dir="1" index="1" bw="11" slack="1"/>
</pin_list>
<bind>
<opset="towers_addr_92 "/>
</bind>
</comp>

<comp id="3116" class="1005" name="towers_addr_93_reg_3116">
<pin_list>
<pin id="3117" dir="0" index="0" bw="11" slack="1"/>
<pin id="3118" dir="1" index="1" bw="11" slack="1"/>
</pin_list>
<bind>
<opset="towers_addr_93 "/>
</bind>
</comp>

<comp id="3121" class="1005" name="towers_addr_94_reg_3121">
<pin_list>
<pin id="3122" dir="0" index="0" bw="11" slack="1"/>
<pin id="3123" dir="1" index="1" bw="11" slack="1"/>
</pin_list>
<bind>
<opset="towers_addr_94 "/>
</bind>
</comp>

<comp id="3126" class="1005" name="sum7_et_17_reg_3126">
<pin_list>
<pin id="3127" dir="0" index="0" bw="17" slack="1"/>
<pin id="3128" dir="1" index="1" bw="17" slack="1"/>
</pin_list>
<bind>
<opset="sum7_et_17 "/>
</bind>
</comp>

<comp id="3131" class="1005" name="add_ln187_61_reg_3131">
<pin_list>
<pin id="3132" dir="0" index="0" bw="11" slack="3"/>
<pin id="3133" dir="1" index="1" bw="11" slack="3"/>
</pin_list>
<bind>
<opset="add_ln187_61 "/>
</bind>
</comp>

<comp id="3136" class="1005" name="add_ln187_69_reg_3136">
<pin_list>
<pin id="3137" dir="0" index="0" bw="11" slack="4"/>
<pin id="3138" dir="1" index="1" bw="11" slack="4"/>
</pin_list>
<bind>
<opset="add_ln187_69 "/>
</bind>
</comp>

<comp id="3141" class="1005" name="add_ln187_99_reg_3141">
<pin_list>
<pin id="3142" dir="0" index="0" bw="11" slack="2"/>
<pin id="3143" dir="1" index="1" bw="11" slack="2"/>
</pin_list>
<bind>
<opset="add_ln187_99 "/>
</bind>
</comp>

<comp id="3146" class="1005" name="add_ln187_111_reg_3146">
<pin_list>
<pin id="3147" dir="0" index="0" bw="11" slack="5"/>
<pin id="3148" dir="1" index="1" bw="11" slack="5"/>
</pin_list>
<bind>
<opset="add_ln187_111 "/>
</bind>
</comp>

<comp id="3151" class="1005" name="add_ln187_117_reg_3151">
<pin_list>
<pin id="3152" dir="0" index="0" bw="11" slack="1"/>
<pin id="3153" dir="1" index="1" bw="11" slack="1"/>
</pin_list>
<bind>
<opset="add_ln187_117 "/>
</bind>
</comp>

<comp id="3156" class="1005" name="add_ln187_125_reg_3156">
<pin_list>
<pin id="3157" dir="0" index="0" bw="11" slack="6"/>
<pin id="3158" dir="1" index="1" bw="11" slack="6"/>
</pin_list>
<bind>
<opset="add_ln187_125 "/>
</bind>
</comp>

<comp id="3161" class="1005" name="towers_addr_95_reg_3161">
<pin_list>
<pin id="3162" dir="0" index="0" bw="11" slack="1"/>
<pin id="3163" dir="1" index="1" bw="11" slack="1"/>
</pin_list>
<bind>
<opset="towers_addr_95 "/>
</bind>
</comp>

<comp id="3166" class="1005" name="add_ln352_reg_3166">
<pin_list>
<pin id="3167" dir="0" index="0" bw="18" slack="7"/>
<pin id="3168" dir="1" index="1" bw="18" slack="7"/>
</pin_list>
<bind>
<opset="add_ln352 "/>
</bind>
</comp>

<comp id="3171" class="1005" name="towers_addr_85_reg_3171">
<pin_list>
<pin id="3172" dir="0" index="0" bw="11" slack="1"/>
<pin id="3173" dir="1" index="1" bw="11" slack="1"/>
</pin_list>
<bind>
<opset="towers_addr_85 "/>
</bind>
</comp>

<comp id="3176" class="1005" name="towers_addr_80_reg_3176">
<pin_list>
<pin id="3177" dir="0" index="0" bw="11" slack="1"/>
<pin id="3178" dir="1" index="1" bw="11" slack="1"/>
</pin_list>
<bind>
<opset="towers_addr_80 "/>
</bind>
</comp>

<comp id="3181" class="1005" name="add_ln352_1_reg_3181">
<pin_list>
<pin id="3182" dir="0" index="0" bw="13" slack="5"/>
<pin id="3183" dir="1" index="1" bw="13" slack="5"/>
</pin_list>
<bind>
<opset="add_ln352_1 "/>
</bind>
</comp>

<comp id="3186" class="1005" name="towers_addr_60_reg_3186">
<pin_list>
<pin id="3187" dir="0" index="0" bw="11" slack="1"/>
<pin id="3188" dir="1" index="1" bw="11" slack="1"/>
</pin_list>
<bind>
<opset="towers_addr_60 "/>
</bind>
</comp>

<comp id="3191" class="1005" name="towers_addr_75_reg_3191">
<pin_list>
<pin id="3192" dir="0" index="0" bw="11" slack="1"/>
<pin id="3193" dir="1" index="1" bw="11" slack="1"/>
</pin_list>
<bind>
<opset="towers_addr_75 "/>
</bind>
</comp>

<comp id="3196" class="1005" name="add_ln352_3_reg_3196">
<pin_list>
<pin id="3197" dir="0" index="0" bw="13" slack="3"/>
<pin id="3198" dir="1" index="1" bw="13" slack="3"/>
</pin_list>
<bind>
<opset="add_ln352_3 "/>
</bind>
</comp>

<comp id="3201" class="1005" name="towers_addr_82_reg_3201">
<pin_list>
<pin id="3202" dir="0" index="0" bw="11" slack="1"/>
<pin id="3203" dir="1" index="1" bw="11" slack="1"/>
</pin_list>
<bind>
<opset="towers_addr_82 "/>
</bind>
</comp>

<comp id="3206" class="1005" name="towers_addr_96_reg_3206">
<pin_list>
<pin id="3207" dir="0" index="0" bw="11" slack="1"/>
<pin id="3208" dir="1" index="1" bw="11" slack="1"/>
</pin_list>
<bind>
<opset="towers_addr_96 "/>
</bind>
</comp>

</comp_list>

<net_list>
<net id="129"><net_src comp="8" pin="0"/><net_sink comp="126" pin=0"/></net>

<net id="133"><net_src comp="8" pin="0"/><net_sink comp="130" pin=0"/></net>

<net id="137"><net_src comp="8" pin="0"/><net_sink comp="134" pin=0"/></net>

<net id="142"><net_src comp="28" pin="0"/><net_sink comp="138" pin=0"/></net>

<net id="143"><net_src comp="4" pin="0"/><net_sink comp="138" pin=1"/></net>

<net id="148"><net_src comp="30" pin="0"/><net_sink comp="144" pin=0"/></net>

<net id="149"><net_src comp="2" pin="0"/><net_sink comp="144" pin=1"/></net>

<net id="155"><net_src comp="124" pin="0"/><net_sink comp="150" pin=0"/></net>

<net id="156"><net_src comp="6" pin="0"/><net_sink comp="150" pin=1"/></net>

<net id="162"><net_src comp="0" pin="0"/><net_sink comp="157" pin=0"/></net>

<net id="163"><net_src comp="54" pin="0"/><net_sink comp="157" pin=1"/></net>

<net id="169"><net_src comp="157" pin="3"/><net_sink comp="164" pin=0"/></net>

<net id="175"><net_src comp="0" pin="0"/><net_sink comp="170" pin=0"/></net>

<net id="176"><net_src comp="54" pin="0"/><net_sink comp="170" pin=1"/></net>

<net id="177"><net_src comp="170" pin="3"/><net_sink comp="164" pin=0"/></net>

<net id="183"><net_src comp="0" pin="0"/><net_sink comp="178" pin=0"/></net>

<net id="184"><net_src comp="54" pin="0"/><net_sink comp="178" pin=1"/></net>

<net id="185"><net_src comp="178" pin="3"/><net_sink comp="164" pin=0"/></net>

<net id="191"><net_src comp="0" pin="0"/><net_sink comp="186" pin=0"/></net>

<net id="192"><net_src comp="54" pin="0"/><net_sink comp="186" pin=1"/></net>

<net id="193"><net_src comp="186" pin="3"/><net_sink comp="164" pin=0"/></net>

<net id="199"><net_src comp="0" pin="0"/><net_sink comp="194" pin=0"/></net>

<net id="200"><net_src comp="54" pin="0"/><net_sink comp="194" pin=1"/></net>

<net id="201"><net_src comp="194" pin="3"/><net_sink comp="164" pin=0"/></net>

<net id="207"><net_src comp="0" pin="0"/><net_sink comp="202" pin=0"/></net>

<net id="208"><net_src comp="54" pin="0"/><net_sink comp="202" pin=1"/></net>

<net id="209"><net_src comp="202" pin="3"/><net_sink comp="164" pin=0"/></net>

<net id="215"><net_src comp="0" pin="0"/><net_sink comp="210" pin=0"/></net>

<net id="216"><net_src comp="54" pin="0"/><net_sink comp="210" pin=1"/></net>

<net id="217"><net_src comp="210" pin="3"/><net_sink comp="164" pin=0"/></net>

<net id="223"><net_src comp="0" pin="0"/><net_sink comp="218" pin=0"/></net>

<net id="224"><net_src comp="54" pin="0"/><net_sink comp="218" pin=1"/></net>

<net id="225"><net_src comp="218" pin="3"/><net_sink comp="164" pin=0"/></net>

<net id="231"><net_src comp="0" pin="0"/><net_sink comp="226" pin=0"/></net>

<net id="232"><net_src comp="54" pin="0"/><net_sink comp="226" pin=1"/></net>

<net id="233"><net_src comp="226" pin="3"/><net_sink comp="164" pin=0"/></net>

<net id="239"><net_src comp="0" pin="0"/><net_sink comp="234" pin=0"/></net>

<net id="240"><net_src comp="54" pin="0"/><net_sink comp="234" pin=1"/></net>

<net id="241"><net_src comp="234" pin="3"/><net_sink comp="164" pin=0"/></net>

<net id="247"><net_src comp="0" pin="0"/><net_sink comp="242" pin=0"/></net>

<net id="248"><net_src comp="54" pin="0"/><net_sink comp="242" pin=1"/></net>

<net id="249"><net_src comp="242" pin="3"/><net_sink comp="164" pin=0"/></net>

<net id="255"><net_src comp="0" pin="0"/><net_sink comp="250" pin=0"/></net>

<net id="256"><net_src comp="54" pin="0"/><net_sink comp="250" pin=1"/></net>

<net id="257"><net_src comp="250" pin="3"/><net_sink comp="164" pin=0"/></net>

<net id="263"><net_src comp="0" pin="0"/><net_sink comp="258" pin=0"/></net>

<net id="264"><net_src comp="54" pin="0"/><net_sink comp="258" pin=1"/></net>

<net id="265"><net_src comp="258" pin="3"/><net_sink comp="164" pin=0"/></net>

<net id="271"><net_src comp="0" pin="0"/><net_sink comp="266" pin=0"/></net>

<net id="272"><net_src comp="54" pin="0"/><net_sink comp="266" pin=1"/></net>

<net id="273"><net_src comp="266" pin="3"/><net_sink comp="164" pin=0"/></net>

<net id="279"><net_src comp="0" pin="0"/><net_sink comp="274" pin=0"/></net>

<net id="280"><net_src comp="54" pin="0"/><net_sink comp="274" pin=1"/></net>

<net id="281"><net_src comp="274" pin="3"/><net_sink comp="164" pin=0"/></net>

<net id="287"><net_src comp="0" pin="0"/><net_sink comp="282" pin=0"/></net>

<net id="288"><net_src comp="54" pin="0"/><net_sink comp="282" pin=1"/></net>

<net id="289"><net_src comp="282" pin="3"/><net_sink comp="164" pin=0"/></net>

<net id="295"><net_src comp="0" pin="0"/><net_sink comp="290" pin=0"/></net>

<net id="296"><net_src comp="54" pin="0"/><net_sink comp="290" pin=1"/></net>

<net id="297"><net_src comp="290" pin="3"/><net_sink comp="164" pin=0"/></net>

<net id="303"><net_src comp="0" pin="0"/><net_sink comp="298" pin=0"/></net>

<net id="304"><net_src comp="54" pin="0"/><net_sink comp="298" pin=1"/></net>

<net id="305"><net_src comp="298" pin="3"/><net_sink comp="164" pin=0"/></net>

<net id="311"><net_src comp="0" pin="0"/><net_sink comp="306" pin=0"/></net>

<net id="312"><net_src comp="54" pin="0"/><net_sink comp="306" pin=1"/></net>

<net id="313"><net_src comp="306" pin="3"/><net_sink comp="164" pin=0"/></net>

<net id="319"><net_src comp="0" pin="0"/><net_sink comp="314" pin=0"/></net>

<net id="320"><net_src comp="54" pin="0"/><net_sink comp="314" pin=1"/></net>

<net id="321"><net_src comp="314" pin="3"/><net_sink comp="164" pin=0"/></net>

<net id="327"><net_src comp="0" pin="0"/><net_sink comp="322" pin=0"/></net>

<net id="328"><net_src comp="54" pin="0"/><net_sink comp="322" pin=1"/></net>

<net id="329"><net_src comp="322" pin="3"/><net_sink comp="164" pin=0"/></net>

<net id="335"><net_src comp="0" pin="0"/><net_sink comp="330" pin=0"/></net>

<net id="336"><net_src comp="54" pin="0"/><net_sink comp="330" pin=1"/></net>

<net id="337"><net_src comp="330" pin="3"/><net_sink comp="164" pin=0"/></net>

<net id="343"><net_src comp="0" pin="0"/><net_sink comp="338" pin=0"/></net>

<net id="344"><net_src comp="54" pin="0"/><net_sink comp="338" pin=1"/></net>

<net id="345"><net_src comp="338" pin="3"/><net_sink comp="164" pin=0"/></net>

<net id="351"><net_src comp="0" pin="0"/><net_sink comp="346" pin=0"/></net>

<net id="352"><net_src comp="54" pin="0"/><net_sink comp="346" pin=1"/></net>

<net id="353"><net_src comp="346" pin="3"/><net_sink comp="164" pin=0"/></net>

<net id="359"><net_src comp="0" pin="0"/><net_sink comp="354" pin=0"/></net>

<net id="360"><net_src comp="54" pin="0"/><net_sink comp="354" pin=1"/></net>

<net id="361"><net_src comp="354" pin="3"/><net_sink comp="164" pin=0"/></net>

<net id="367"><net_src comp="0" pin="0"/><net_sink comp="362" pin=0"/></net>

<net id="368"><net_src comp="54" pin="0"/><net_sink comp="362" pin=1"/></net>

<net id="369"><net_src comp="362" pin="3"/><net_sink comp="164" pin=0"/></net>

<net id="375"><net_src comp="0" pin="0"/><net_sink comp="370" pin=0"/></net>

<net id="376"><net_src comp="54" pin="0"/><net_sink comp="370" pin=1"/></net>

<net id="377"><net_src comp="370" pin="3"/><net_sink comp="164" pin=0"/></net>

<net id="383"><net_src comp="0" pin="0"/><net_sink comp="378" pin=0"/></net>

<net id="384"><net_src comp="54" pin="0"/><net_sink comp="378" pin=1"/></net>

<net id="385"><net_src comp="378" pin="3"/><net_sink comp="164" pin=0"/></net>

<net id="391"><net_src comp="0" pin="0"/><net_sink comp="386" pin=0"/></net>

<net id="392"><net_src comp="54" pin="0"/><net_sink comp="386" pin=1"/></net>

<net id="393"><net_src comp="386" pin="3"/><net_sink comp="164" pin=0"/></net>

<net id="399"><net_src comp="0" pin="0"/><net_sink comp="394" pin=0"/></net>

<net id="400"><net_src comp="54" pin="0"/><net_sink comp="394" pin=1"/></net>

<net id="401"><net_src comp="394" pin="3"/><net_sink comp="164" pin=0"/></net>

<net id="407"><net_src comp="0" pin="0"/><net_sink comp="402" pin=0"/></net>

<net id="408"><net_src comp="54" pin="0"/><net_sink comp="402" pin=1"/></net>

<net id="409"><net_src comp="402" pin="3"/><net_sink comp="164" pin=0"/></net>

<net id="415"><net_src comp="0" pin="0"/><net_sink comp="410" pin=0"/></net>

<net id="416"><net_src comp="54" pin="0"/><net_sink comp="410" pin=1"/></net>

<net id="417"><net_src comp="410" pin="3"/><net_sink comp="164" pin=0"/></net>

<net id="423"><net_src comp="0" pin="0"/><net_sink comp="418" pin=0"/></net>

<net id="424"><net_src comp="54" pin="0"/><net_sink comp="418" pin=1"/></net>

<net id="425"><net_src comp="418" pin="3"/><net_sink comp="164" pin=0"/></net>

<net id="431"><net_src comp="0" pin="0"/><net_sink comp="426" pin=0"/></net>

<net id="432"><net_src comp="54" pin="0"/><net_sink comp="426" pin=1"/></net>

<net id="433"><net_src comp="426" pin="3"/><net_sink comp="164" pin=0"/></net>

<net id="439"><net_src comp="0" pin="0"/><net_sink comp="434" pin=0"/></net>

<net id="440"><net_src comp="54" pin="0"/><net_sink comp="434" pin=1"/></net>

<net id="441"><net_src comp="434" pin="3"/><net_sink comp="164" pin=0"/></net>

<net id="447"><net_src comp="0" pin="0"/><net_sink comp="442" pin=0"/></net>

<net id="448"><net_src comp="54" pin="0"/><net_sink comp="442" pin=1"/></net>

<net id="449"><net_src comp="442" pin="3"/><net_sink comp="164" pin=0"/></net>

<net id="455"><net_src comp="0" pin="0"/><net_sink comp="450" pin=0"/></net>

<net id="456"><net_src comp="54" pin="0"/><net_sink comp="450" pin=1"/></net>

<net id="457"><net_src comp="450" pin="3"/><net_sink comp="164" pin=0"/></net>

<net id="463"><net_src comp="0" pin="0"/><net_sink comp="458" pin=0"/></net>

<net id="464"><net_src comp="54" pin="0"/><net_sink comp="458" pin=1"/></net>

<net id="465"><net_src comp="458" pin="3"/><net_sink comp="164" pin=0"/></net>

<net id="471"><net_src comp="0" pin="0"/><net_sink comp="466" pin=0"/></net>

<net id="472"><net_src comp="54" pin="0"/><net_sink comp="466" pin=1"/></net>

<net id="473"><net_src comp="466" pin="3"/><net_sink comp="164" pin=0"/></net>

<net id="479"><net_src comp="0" pin="0"/><net_sink comp="474" pin=0"/></net>

<net id="480"><net_src comp="54" pin="0"/><net_sink comp="474" pin=1"/></net>

<net id="481"><net_src comp="474" pin="3"/><net_sink comp="164" pin=0"/></net>

<net id="487"><net_src comp="0" pin="0"/><net_sink comp="482" pin=0"/></net>

<net id="488"><net_src comp="54" pin="0"/><net_sink comp="482" pin=1"/></net>

<net id="489"><net_src comp="482" pin="3"/><net_sink comp="164" pin=0"/></net>

<net id="495"><net_src comp="0" pin="0"/><net_sink comp="490" pin=0"/></net>

<net id="496"><net_src comp="54" pin="0"/><net_sink comp="490" pin=1"/></net>

<net id="497"><net_src comp="490" pin="3"/><net_sink comp="164" pin=0"/></net>

<net id="503"><net_src comp="0" pin="0"/><net_sink comp="498" pin=0"/></net>

<net id="504"><net_src comp="54" pin="0"/><net_sink comp="498" pin=1"/></net>

<net id="505"><net_src comp="498" pin="3"/><net_sink comp="164" pin=0"/></net>

<net id="511"><net_src comp="0" pin="0"/><net_sink comp="506" pin=0"/></net>

<net id="512"><net_src comp="54" pin="0"/><net_sink comp="506" pin=1"/></net>

<net id="513"><net_src comp="506" pin="3"/><net_sink comp="164" pin=0"/></net>

<net id="519"><net_src comp="0" pin="0"/><net_sink comp="514" pin=0"/></net>

<net id="520"><net_src comp="54" pin="0"/><net_sink comp="514" pin=1"/></net>

<net id="521"><net_src comp="514" pin="3"/><net_sink comp="164" pin=0"/></net>

<net id="527"><net_src comp="0" pin="0"/><net_sink comp="522" pin=0"/></net>

<net id="528"><net_src comp="54" pin="0"/><net_sink comp="522" pin=1"/></net>

<net id="529"><net_src comp="522" pin="3"/><net_sink comp="164" pin=0"/></net>

<net id="535"><net_src comp="0" pin="0"/><net_sink comp="530" pin=0"/></net>

<net id="536"><net_src comp="54" pin="0"/><net_sink comp="530" pin=1"/></net>

<net id="537"><net_src comp="530" pin="3"/><net_sink comp="164" pin=0"/></net>

<net id="543"><net_src comp="0" pin="0"/><net_sink comp="538" pin=0"/></net>

<net id="544"><net_src comp="54" pin="0"/><net_sink comp="538" pin=1"/></net>

<net id="545"><net_src comp="538" pin="3"/><net_sink comp="164" pin=0"/></net>

<net id="551"><net_src comp="0" pin="0"/><net_sink comp="546" pin=0"/></net>

<net id="552"><net_src comp="54" pin="0"/><net_sink comp="546" pin=1"/></net>

<net id="553"><net_src comp="546" pin="3"/><net_sink comp="164" pin=0"/></net>

<net id="557"><net_src comp="164" pin="3"/><net_sink comp="554" pin=0"/></net>

<net id="561"><net_src comp="164" pin="3"/><net_sink comp="558" pin=0"/></net>

<net id="565"><net_src comp="164" pin="3"/><net_sink comp="562" pin=0"/></net>

<net id="569"><net_src comp="164" pin="3"/><net_sink comp="566" pin=0"/></net>

<net id="573"><net_src comp="164" pin="3"/><net_sink comp="570" pin=0"/></net>

<net id="578"><net_src comp="554" pin="1"/><net_sink comp="574" pin=0"/></net>

<net id="579"><net_src comp="562" pin="1"/><net_sink comp="574" pin=1"/></net>

<net id="584"><net_src comp="32" pin="0"/><net_sink comp="580" pin=0"/></net>

<net id="589"><net_src comp="34" pin="0"/><net_sink comp="585" pin=0"/></net>

<net id="594"><net_src comp="36" pin="0"/><net_sink comp="590" pin=0"/></net>

<net id="602"><net_src comp="595" pin="1"/><net_sink comp="598" pin=0"/></net>

<net id="603"><net_src comp="38" pin="0"/><net_sink comp="598" pin=1"/></net>

<net id="608"><net_src comp="595" pin="1"/><net_sink comp="604" pin=0"/></net>

<net id="609"><net_src comp="40" pin="0"/><net_sink comp="604" pin=1"/></net>

<net id="620"><net_src comp="610" pin="1"/><net_sink comp="616" pin=0"/></net>

<net id="621"><net_src comp="42" pin="0"/><net_sink comp="616" pin=1"/></net>

<net id="627"><net_src comp="616" pin="2"/><net_sink comp="622" pin=0"/></net>

<net id="628"><net_src comp="36" pin="0"/><net_sink comp="622" pin=1"/></net>

<net id="629"><net_src comp="610" pin="1"/><net_sink comp="622" pin=2"/></net>

<net id="634"><net_src comp="613" pin="1"/><net_sink comp="630" pin=0"/></net>

<net id="635"><net_src comp="44" pin="0"/><net_sink comp="630" pin=1"/></net>

<net id="640"><net_src comp="613" pin="1"/><net_sink comp="636" pin=0"/></net>

<net id="641"><net_src comp="46" pin="0"/><net_sink comp="636" pin=1"/></net>

<net id="647"><net_src comp="616" pin="2"/><net_sink comp="642" pin=0"/></net>

<net id="648"><net_src comp="630" pin="2"/><net_sink comp="642" pin=1"/></net>

<net id="649"><net_src comp="636" pin="2"/><net_sink comp="642" pin=2"/></net>

<net id="655"><net_src comp="616" pin="2"/><net_sink comp="650" pin=0"/></net>

<net id="656"><net_src comp="636" pin="2"/><net_sink comp="650" pin=1"/></net>

<net id="657"><net_src comp="613" pin="1"/><net_sink comp="650" pin=2"/></net>

<net id="663"><net_src comp="48" pin="0"/><net_sink comp="658" pin=0"/></net>

<net id="664"><net_src comp="650" pin="3"/><net_sink comp="658" pin=1"/></net>

<net id="665"><net_src comp="36" pin="0"/><net_sink comp="658" pin=2"/></net>

<net id="671"><net_src comp="50" pin="0"/><net_sink comp="666" pin=0"/></net>

<net id="672"><net_src comp="650" pin="3"/><net_sink comp="666" pin=1"/></net>

<net id="673"><net_src comp="52" pin="0"/><net_sink comp="666" pin=2"/></net>

<net id="677"><net_src comp="666" pin="3"/><net_sink comp="674" pin=0"/></net>

<net id="682"><net_src comp="658" pin="3"/><net_sink comp="678" pin=0"/></net>

<net id="683"><net_src comp="674" pin="1"/><net_sink comp="678" pin=1"/></net>

<net id="687"><net_src comp="622" pin="3"/><net_sink comp="684" pin=0"/></net>

<net id="692"><net_src comp="678" pin="2"/><net_sink comp="688" pin=0"/></net>

<net id="693"><net_src comp="684" pin="1"/><net_sink comp="688" pin=1"/></net>

<net id="697"><net_src comp="688" pin="2"/><net_sink comp="694" pin=0"/></net>

<net id="698"><net_src comp="694" pin="1"/><net_sink comp="157" pin=2"/></net>

<net id="703"><net_src comp="604" pin="2"/><net_sink comp="699" pin=0"/></net>

<net id="708"><net_src comp="650" pin="3"/><net_sink comp="704" pin=0"/></net>

<net id="713"><net_src comp="56" pin="0"/><net_sink comp="709" pin=1"/></net>

<net id="719"><net_src comp="48" pin="0"/><net_sink comp="714" pin=0"/></net>

<net id="720"><net_src comp="709" pin="2"/><net_sink comp="714" pin=1"/></net>

<net id="721"><net_src comp="36" pin="0"/><net_sink comp="714" pin=2"/></net>

<net id="727"><net_src comp="50" pin="0"/><net_sink comp="722" pin=0"/></net>

<net id="728"><net_src comp="709" pin="2"/><net_sink comp="722" pin=1"/></net>

<net id="729"><net_src comp="52" pin="0"/><net_sink comp="722" pin=2"/></net>

<net id="733"><net_src comp="722" pin="3"/><net_sink comp="730" pin=0"/></net>

<net id="738"><net_src comp="714" pin="3"/><net_sink comp="734" pin=0"/></net>

<net id="739"><net_src comp="730" pin="1"/><net_sink comp="734" pin=1"/></net>

<net id="747"><net_src comp="164" pin="3"/><net_sink comp="743" pin=0"/></net>

<net id="752"><net_src comp="740" pin="1"/><net_sink comp="748" pin=0"/></net>

<net id="753"><net_src comp="58" pin="0"/><net_sink comp="748" pin=1"/></net>

<net id="759"><net_src comp="60" pin="0"/><net_sink comp="754" pin=0"/></net>

<net id="760"><net_src comp="748" pin="2"/><net_sink comp="754" pin=1"/></net>

<net id="761"><net_src comp="62" pin="0"/><net_sink comp="754" pin=2"/></net>

<net id="766"><net_src comp="740" pin="1"/><net_sink comp="762" pin=0"/></net>

<net id="767"><net_src comp="64" pin="0"/><net_sink comp="762" pin=1"/></net>

<net id="773"><net_src comp="754" pin="3"/><net_sink comp="768" pin=0"/></net>

<net id="774"><net_src comp="762" pin="2"/><net_sink comp="768" pin=1"/></net>

<net id="775"><net_src comp="748" pin="2"/><net_sink comp="768" pin=2"/></net>

<net id="779"><net_src comp="768" pin="3"/><net_sink comp="776" pin=0"/></net>

<net id="784"><net_src comp="734" pin="2"/><net_sink comp="780" pin=0"/></net>

<net id="785"><net_src comp="776" pin="1"/><net_sink comp="780" pin=1"/></net>

<net id="789"><net_src comp="780" pin="2"/><net_sink comp="786" pin=0"/></net>

<net id="790"><net_src comp="786" pin="1"/><net_sink comp="170" pin=2"/></net>

<net id="798"><net_src comp="791" pin="2"/><net_sink comp="795" pin=0"/></net>

<net id="799"><net_src comp="795" pin="1"/><net_sink comp="178" pin=2"/></net>

<net id="804"><net_src comp="66" pin="0"/><net_sink comp="800" pin=1"/></net>

<net id="809"><net_src comp="800" pin="2"/><net_sink comp="805" pin=0"/></net>

<net id="810"><net_src comp="68" pin="0"/><net_sink comp="805" pin=1"/></net>

<net id="815"><net_src comp="70" pin="0"/><net_sink comp="811" pin=1"/></net>

<net id="819"><net_src comp="800" pin="2"/><net_sink comp="816" pin=0"/></net>

<net id="825"><net_src comp="805" pin="2"/><net_sink comp="820" pin=0"/></net>

<net id="826"><net_src comp="811" pin="2"/><net_sink comp="820" pin=1"/></net>

<net id="827"><net_src comp="816" pin="1"/><net_sink comp="820" pin=2"/></net>

<net id="831"><net_src comp="820" pin="3"/><net_sink comp="828" pin=0"/></net>

<net id="836"><net_src comp="828" pin="1"/><net_sink comp="832" pin=1"/></net>

<net id="840"><net_src comp="832" pin="2"/><net_sink comp="837" pin=0"/></net>

<net id="841"><net_src comp="837" pin="1"/><net_sink comp="186" pin=2"/></net>

<net id="846"><net_src comp="800" pin="2"/><net_sink comp="842" pin=0"/></net>

<net id="854"><net_src comp="847" pin="2"/><net_sink comp="851" pin=0"/></net>

<net id="855"><net_src comp="851" pin="1"/><net_sink comp="194" pin=2"/></net>

<net id="860"><net_src comp="562" pin="1"/><net_sink comp="856" pin=0"/></net>

<net id="861"><net_src comp="554" pin="1"/><net_sink comp="856" pin=1"/></net>

<net id="869"><net_src comp="862" pin="2"/><net_sink comp="866" pin=0"/></net>

<net id="870"><net_src comp="866" pin="1"/><net_sink comp="202" pin=2"/></net>

<net id="875"><net_src comp="566" pin="1"/><net_sink comp="871" pin=0"/></net>

<net id="876"><net_src comp="554" pin="1"/><net_sink comp="871" pin=1"/></net>

<net id="881"><net_src comp="164" pin="3"/><net_sink comp="877" pin=0"/></net>

<net id="882"><net_src comp="554" pin="1"/><net_sink comp="877" pin=1"/></net>

<net id="886"><net_src comp="562" pin="1"/><net_sink comp="883" pin=0"/></net>

<net id="890"><net_src comp="566" pin="1"/><net_sink comp="887" pin=0"/></net>

<net id="894"><net_src comp="164" pin="3"/><net_sink comp="891" pin=0"/></net>

<net id="898"><net_src comp="554" pin="1"/><net_sink comp="895" pin=0"/></net>

<net id="903"><net_src comp="883" pin="1"/><net_sink comp="899" pin=0"/></net>

<net id="904"><net_src comp="895" pin="1"/><net_sink comp="899" pin=1"/></net>

<net id="908"><net_src comp="899" pin="2"/><net_sink comp="905" pin=0"/></net>

<net id="913"><net_src comp="887" pin="1"/><net_sink comp="909" pin=0"/></net>

<net id="914"><net_src comp="891" pin="1"/><net_sink comp="909" pin=1"/></net>

<net id="918"><net_src comp="909" pin="2"/><net_sink comp="915" pin=0"/></net>

<net id="923"><net_src comp="915" pin="1"/><net_sink comp="919" pin=0"/></net>

<net id="924"><net_src comp="905" pin="1"/><net_sink comp="919" pin=1"/></net>

<net id="930"><net_src comp="48" pin="0"/><net_sink comp="925" pin=0"/></net>

<net id="931"><net_src comp="36" pin="0"/><net_sink comp="925" pin=2"/></net>

<net id="937"><net_src comp="50" pin="0"/><net_sink comp="932" pin=0"/></net>

<net id="938"><net_src comp="52" pin="0"/><net_sink comp="932" pin=2"/></net>

<net id="942"><net_src comp="932" pin="3"/><net_sink comp="939" pin=0"/></net>

<net id="947"><net_src comp="925" pin="3"/><net_sink comp="943" pin=0"/></net>

<net id="948"><net_src comp="939" pin="1"/><net_sink comp="943" pin=1"/></net>

<net id="953"><net_src comp="943" pin="2"/><net_sink comp="949" pin=0"/></net>

<net id="957"><net_src comp="949" pin="2"/><net_sink comp="954" pin=0"/></net>

<net id="958"><net_src comp="954" pin="1"/><net_sink comp="210" pin=2"/></net>

<net id="966"><net_src comp="959" pin="2"/><net_sink comp="963" pin=0"/></net>

<net id="967"><net_src comp="963" pin="1"/><net_sink comp="218" pin=2"/></net>

<net id="972"><net_src comp="558" pin="1"/><net_sink comp="968" pin=0"/></net>

<net id="973"><net_src comp="554" pin="1"/><net_sink comp="968" pin=1"/></net>

<net id="978"><net_src comp="72" pin="0"/><net_sink comp="974" pin=1"/></net>

<net id="986"><net_src comp="979" pin="2"/><net_sink comp="983" pin=0"/></net>

<net id="987"><net_src comp="983" pin="1"/><net_sink comp="226" pin=2"/></net>

<net id="992"><net_src comp="574" pin="2"/><net_sink comp="988" pin=0"/></net>

<net id="993"><net_src comp="72" pin="0"/><net_sink comp="988" pin=1"/></net>

<net id="998"><net_src comp="554" pin="1"/><net_sink comp="994" pin=0"/></net>

<net id="999"><net_src comp="566" pin="1"/><net_sink comp="994" pin=1"/></net>

<net id="1004"><net_src comp="994" pin="2"/><net_sink comp="1000" pin=0"/></net>

<net id="1005"><net_src comp="72" pin="0"/><net_sink comp="1000" pin=1"/></net>

<net id="1010"><net_src comp="554" pin="1"/><net_sink comp="1006" pin=0"/></net>

<net id="1011"><net_src comp="164" pin="3"/><net_sink comp="1006" pin=1"/></net>

<net id="1016"><net_src comp="1006" pin="2"/><net_sink comp="1012" pin=0"/></net>

<net id="1017"><net_src comp="72" pin="0"/><net_sink comp="1012" pin=1"/></net>

<net id="1022"><net_src comp="968" pin="2"/><net_sink comp="1018" pin=0"/></net>

<net id="1027"><net_src comp="974" pin="2"/><net_sink comp="1023" pin=1"/></net>

<net id="1032"><net_src comp="1023" pin="2"/><net_sink comp="1028" pin=0"/></net>

<net id="1033"><net_src comp="1018" pin="2"/><net_sink comp="1028" pin=1"/></net>

<net id="1038"><net_src comp="1000" pin="2"/><net_sink comp="1034" pin=0"/></net>

<net id="1039"><net_src comp="1012" pin="2"/><net_sink comp="1034" pin=1"/></net>

<net id="1044"><net_src comp="1034" pin="2"/><net_sink comp="1040" pin=0"/></net>

<net id="1045"><net_src comp="988" pin="2"/><net_sink comp="1040" pin=1"/></net>

<net id="1050"><net_src comp="1040" pin="2"/><net_sink comp="1046" pin=0"/></net>

<net id="1055"><net_src comp="1046" pin="2"/><net_sink comp="1051" pin=0"/></net>

<net id="1056"><net_src comp="1028" pin="2"/><net_sink comp="1051" pin=1"/></net>

<net id="1061"><net_src comp="1051" pin="2"/><net_sink comp="1057" pin=0"/></net>

<net id="1062"><net_src comp="72" pin="0"/><net_sink comp="1057" pin=1"/></net>

<net id="1067"><net_src comp="74" pin="0"/><net_sink comp="1063" pin=1"/></net>

<net id="1073"><net_src comp="48" pin="0"/><net_sink comp="1068" pin=0"/></net>

<net id="1074"><net_src comp="1063" pin="2"/><net_sink comp="1068" pin=1"/></net>

<net id="1075"><net_src comp="36" pin="0"/><net_sink comp="1068" pin=2"/></net>

<net id="1081"><net_src comp="50" pin="0"/><net_sink comp="1076" pin=0"/></net>

<net id="1082"><net_src comp="1063" pin="2"/><net_sink comp="1076" pin=1"/></net>

<net id="1083"><net_src comp="52" pin="0"/><net_sink comp="1076" pin=2"/></net>

<net id="1087"><net_src comp="1076" pin="3"/><net_sink comp="1084" pin=0"/></net>

<net id="1092"><net_src comp="1068" pin="3"/><net_sink comp="1088" pin=0"/></net>

<net id="1093"><net_src comp="1084" pin="1"/><net_sink comp="1088" pin=1"/></net>

<net id="1098"><net_src comp="164" pin="3"/><net_sink comp="1094" pin=0"/></net>

<net id="1099"><net_src comp="554" pin="1"/><net_sink comp="1094" pin=1"/></net>

<net id="1103"><net_src comp="558" pin="1"/><net_sink comp="1100" pin=0"/></net>

<net id="1107"><net_src comp="562" pin="1"/><net_sink comp="1104" pin=0"/></net>

<net id="1111"><net_src comp="566" pin="1"/><net_sink comp="1108" pin=0"/></net>

<net id="1115"><net_src comp="570" pin="1"/><net_sink comp="1112" pin=0"/></net>

<net id="1122"><net_src comp="164" pin="3"/><net_sink comp="1119" pin=0"/></net>

<net id="1127"><net_src comp="1116" pin="1"/><net_sink comp="1123" pin=0"/></net>

<net id="1128"><net_src comp="1104" pin="1"/><net_sink comp="1123" pin=1"/></net>

<net id="1133"><net_src comp="1112" pin="1"/><net_sink comp="1129" pin=0"/></net>

<net id="1134"><net_src comp="1119" pin="1"/><net_sink comp="1129" pin=1"/></net>

<net id="1138"><net_src comp="1129" pin="2"/><net_sink comp="1135" pin=0"/></net>

<net id="1143"><net_src comp="1135" pin="1"/><net_sink comp="1139" pin=0"/></net>

<net id="1144"><net_src comp="1108" pin="1"/><net_sink comp="1139" pin=1"/></net>

<net id="1148"><net_src comp="1139" pin="2"/><net_sink comp="1145" pin=0"/></net>

<net id="1153"><net_src comp="1145" pin="1"/><net_sink comp="1149" pin=0"/></net>

<net id="1154"><net_src comp="1123" pin="2"/><net_sink comp="1149" pin=1"/></net>

<net id="1158"><net_src comp="1149" pin="2"/><net_sink comp="1155" pin=0"/></net>

<net id="1163"><net_src comp="1155" pin="1"/><net_sink comp="1159" pin=0"/></net>

<net id="1164"><net_src comp="1100" pin="1"/><net_sink comp="1159" pin=1"/></net>

<net id="1168"><net_src comp="1159" pin="2"/><net_sink comp="1165" pin=0"/></net>

<net id="1173"><net_src comp="76" pin="0"/><net_sink comp="1169" pin=1"/></net>

<net id="1179"><net_src comp="60" pin="0"/><net_sink comp="1174" pin=0"/></net>

<net id="1180"><net_src comp="1169" pin="2"/><net_sink comp="1174" pin=1"/></net>

<net id="1181"><net_src comp="62" pin="0"/><net_sink comp="1174" pin=2"/></net>

<net id="1186"><net_src comp="78" pin="0"/><net_sink comp="1182" pin=1"/></net>

<net id="1192"><net_src comp="1174" pin="3"/><net_sink comp="1187" pin=0"/></net>

<net id="1193"><net_src comp="1182" pin="2"/><net_sink comp="1187" pin=1"/></net>

<net id="1194"><net_src comp="1169" pin="2"/><net_sink comp="1187" pin=2"/></net>

<net id="1198"><net_src comp="1187" pin="3"/><net_sink comp="1195" pin=0"/></net>

<net id="1203"><net_src comp="1088" pin="2"/><net_sink comp="1199" pin=0"/></net>

<net id="1204"><net_src comp="1195" pin="1"/><net_sink comp="1199" pin=1"/></net>

<net id="1208"><net_src comp="1199" pin="2"/><net_sink comp="1205" pin=0"/></net>

<net id="1209"><net_src comp="1205" pin="1"/><net_sink comp="234" pin=2"/></net>

<net id="1214"><net_src comp="1165" pin="1"/><net_sink comp="1210" pin=0"/></net>

<net id="1222"><net_src comp="1215" pin="2"/><net_sink comp="1219" pin=0"/></net>

<net id="1223"><net_src comp="1219" pin="1"/><net_sink comp="242" pin=2"/></net>

<net id="1231"><net_src comp="1224" pin="2"/><net_sink comp="1228" pin=0"/></net>

<net id="1232"><net_src comp="1228" pin="1"/><net_sink comp="250" pin=2"/></net>

<net id="1240"><net_src comp="1233" pin="2"/><net_sink comp="1237" pin=0"/></net>

<net id="1241"><net_src comp="1237" pin="1"/><net_sink comp="258" pin=2"/></net>

<net id="1246"><net_src comp="80" pin="0"/><net_sink comp="1242" pin=1"/></net>

<net id="1251"><net_src comp="1242" pin="2"/><net_sink comp="1247" pin=0"/></net>

<net id="1252"><net_src comp="68" pin="0"/><net_sink comp="1247" pin=1"/></net>

<net id="1257"><net_src comp="82" pin="0"/><net_sink comp="1253" pin=1"/></net>

<net id="1261"><net_src comp="1242" pin="2"/><net_sink comp="1258" pin=0"/></net>

<net id="1267"><net_src comp="1247" pin="2"/><net_sink comp="1262" pin=0"/></net>

<net id="1268"><net_src comp="1253" pin="2"/><net_sink comp="1262" pin=1"/></net>

<net id="1269"><net_src comp="1258" pin="1"/><net_sink comp="1262" pin=2"/></net>

<net id="1273"><net_src comp="1262" pin="3"/><net_sink comp="1270" pin=0"/></net>

<net id="1278"><net_src comp="1270" pin="1"/><net_sink comp="1274" pin=1"/></net>

<net id="1282"><net_src comp="1274" pin="2"/><net_sink comp="1279" pin=0"/></net>

<net id="1283"><net_src comp="1279" pin="1"/><net_sink comp="266" pin=2"/></net>

<net id="1287"><net_src comp="554" pin="1"/><net_sink comp="1284" pin=0"/></net>

<net id="1291"><net_src comp="558" pin="1"/><net_sink comp="1288" pin=0"/></net>

<net id="1295"><net_src comp="562" pin="1"/><net_sink comp="1292" pin=0"/></net>

<net id="1299"><net_src comp="566" pin="1"/><net_sink comp="1296" pin=0"/></net>

<net id="1303"><net_src comp="164" pin="3"/><net_sink comp="1300" pin=0"/></net>

<net id="1311"><net_src comp="1304" pin="2"/><net_sink comp="1308" pin=0"/></net>

<net id="1312"><net_src comp="1308" pin="1"/><net_sink comp="274" pin=2"/></net>

<net id="1317"><net_src comp="1288" pin="1"/><net_sink comp="1313" pin=0"/></net>

<net id="1318"><net_src comp="1284" pin="1"/><net_sink comp="1313" pin=1"/></net>

<net id="1322"><net_src comp="1313" pin="2"/><net_sink comp="1319" pin=0"/></net>

<net id="1327"><net_src comp="1292" pin="1"/><net_sink comp="1323" pin=0"/></net>

<net id="1328"><net_src comp="1296" pin="1"/><net_sink comp="1323" pin=1"/></net>

<net id="1332"><net_src comp="1323" pin="2"/><net_sink comp="1329" pin=0"/></net>

<net id="1337"><net_src comp="1329" pin="1"/><net_sink comp="1333" pin=0"/></net>

<net id="1338"><net_src comp="1319" pin="1"/><net_sink comp="1333" pin=1"/></net>

<net id="1343"><net_src comp="1292" pin="1"/><net_sink comp="1339" pin=0"/></net>

<net id="1344"><net_src comp="1288" pin="1"/><net_sink comp="1339" pin=1"/></net>

<net id="1348"><net_src comp="1339" pin="2"/><net_sink comp="1345" pin=0"/></net>

<net id="1353"><net_src comp="1296" pin="1"/><net_sink comp="1349" pin=0"/></net>

<net id="1354"><net_src comp="1300" pin="1"/><net_sink comp="1349" pin=1"/></net>

<net id="1358"><net_src comp="1349" pin="2"/><net_sink comp="1355" pin=0"/></net>

<net id="1363"><net_src comp="1355" pin="1"/><net_sink comp="1359" pin=0"/></net>

<net id="1364"><net_src comp="1345" pin="1"/><net_sink comp="1359" pin=1"/></net>

<net id="1372"><net_src comp="1365" pin="2"/><net_sink comp="1369" pin=0"/></net>

<net id="1373"><net_src comp="1369" pin="1"/><net_sink comp="282" pin=2"/></net>

<net id="1381"><net_src comp="1374" pin="2"/><net_sink comp="1378" pin=0"/></net>

<net id="1382"><net_src comp="1378" pin="1"/><net_sink comp="290" pin=2"/></net>

<net id="1390"><net_src comp="1383" pin="2"/><net_sink comp="1387" pin=0"/></net>

<net id="1391"><net_src comp="1387" pin="1"/><net_sink comp="298" pin=2"/></net>

<net id="1395"><net_src comp="554" pin="1"/><net_sink comp="1392" pin=0"/></net>

<net id="1399"><net_src comp="558" pin="1"/><net_sink comp="1396" pin=0"/></net>

<net id="1403"><net_src comp="562" pin="1"/><net_sink comp="1400" pin=0"/></net>

<net id="1407"><net_src comp="164" pin="3"/><net_sink comp="1404" pin=0"/></net>

<net id="1415"><net_src comp="1408" pin="1"/><net_sink comp="1411" pin=0"/></net>

<net id="1416"><net_src comp="1392" pin="1"/><net_sink comp="1411" pin=1"/></net>

<net id="1421"><net_src comp="1400" pin="1"/><net_sink comp="1417" pin=0"/></net>

<net id="1422"><net_src comp="1404" pin="1"/><net_sink comp="1417" pin=1"/></net>

<net id="1426"><net_src comp="1417" pin="2"/><net_sink comp="1423" pin=0"/></net>

<net id="1431"><net_src comp="1423" pin="1"/><net_sink comp="1427" pin=0"/></net>

<net id="1432"><net_src comp="1396" pin="1"/><net_sink comp="1427" pin=1"/></net>

<net id="1436"><net_src comp="1427" pin="2"/><net_sink comp="1433" pin=0"/></net>

<net id="1441"><net_src comp="1433" pin="1"/><net_sink comp="1437" pin=0"/></net>

<net id="1442"><net_src comp="1411" pin="2"/><net_sink comp="1437" pin=1"/></net>

<net id="1450"><net_src comp="1443" pin="2"/><net_sink comp="1447" pin=0"/></net>

<net id="1451"><net_src comp="1447" pin="1"/><net_sink comp="306" pin=2"/></net>

<net id="1455"><net_src comp="558" pin="1"/><net_sink comp="1452" pin=0"/></net>

<net id="1459"><net_src comp="562" pin="1"/><net_sink comp="1456" pin=0"/></net>

<net id="1463"><net_src comp="164" pin="3"/><net_sink comp="1460" pin=0"/></net>

<net id="1471"><net_src comp="1464" pin="1"/><net_sink comp="1467" pin=0"/></net>

<net id="1472"><net_src comp="1452" pin="1"/><net_sink comp="1467" pin=1"/></net>

<net id="1477"><net_src comp="1460" pin="1"/><net_sink comp="1473" pin=1"/></net>

<net id="1481"><net_src comp="1473" pin="2"/><net_sink comp="1478" pin=0"/></net>

<net id="1486"><net_src comp="1478" pin="1"/><net_sink comp="1482" pin=0"/></net>

<net id="1487"><net_src comp="1456" pin="1"/><net_sink comp="1482" pin=1"/></net>

<net id="1491"><net_src comp="1482" pin="2"/><net_sink comp="1488" pin=0"/></net>

<net id="1496"><net_src comp="1488" pin="1"/><net_sink comp="1492" pin=0"/></net>

<net id="1497"><net_src comp="1467" pin="2"/><net_sink comp="1492" pin=1"/></net>

<net id="1505"><net_src comp="1498" pin="2"/><net_sink comp="1502" pin=0"/></net>

<net id="1506"><net_src comp="1502" pin="1"/><net_sink comp="314" pin=2"/></net>

<net id="1511"><net_src comp="44" pin="0"/><net_sink comp="1507" pin=1"/></net>

<net id="1517"><net_src comp="48" pin="0"/><net_sink comp="1512" pin=0"/></net>

<net id="1518"><net_src comp="1507" pin="2"/><net_sink comp="1512" pin=1"/></net>

<net id="1519"><net_src comp="36" pin="0"/><net_sink comp="1512" pin=2"/></net>

<net id="1525"><net_src comp="50" pin="0"/><net_sink comp="1520" pin=0"/></net>

<net id="1526"><net_src comp="1507" pin="2"/><net_sink comp="1520" pin=1"/></net>

<net id="1527"><net_src comp="52" pin="0"/><net_sink comp="1520" pin=2"/></net>

<net id="1531"><net_src comp="1520" pin="3"/><net_sink comp="1528" pin=0"/></net>

<net id="1536"><net_src comp="1512" pin="3"/><net_sink comp="1532" pin=0"/></net>

<net id="1537"><net_src comp="1528" pin="1"/><net_sink comp="1532" pin=1"/></net>

<net id="1542"><net_src comp="1532" pin="2"/><net_sink comp="1538" pin=0"/></net>

<net id="1546"><net_src comp="1538" pin="2"/><net_sink comp="1543" pin=0"/></net>

<net id="1547"><net_src comp="1543" pin="1"/><net_sink comp="322" pin=2"/></net>

<net id="1555"><net_src comp="1548" pin="2"/><net_sink comp="1552" pin=0"/></net>

<net id="1556"><net_src comp="1552" pin="1"/><net_sink comp="330" pin=2"/></net>

<net id="1564"><net_src comp="1557" pin="2"/><net_sink comp="1561" pin=0"/></net>

<net id="1565"><net_src comp="1561" pin="1"/><net_sink comp="338" pin=2"/></net>

<net id="1573"><net_src comp="1566" pin="2"/><net_sink comp="1570" pin=0"/></net>

<net id="1574"><net_src comp="1570" pin="1"/><net_sink comp="346" pin=2"/></net>

<net id="1582"><net_src comp="1575" pin="2"/><net_sink comp="1579" pin=0"/></net>

<net id="1583"><net_src comp="1579" pin="1"/><net_sink comp="354" pin=2"/></net>

<net id="1588"><net_src comp="84" pin="0"/><net_sink comp="1584" pin=1"/></net>

<net id="1594"><net_src comp="48" pin="0"/><net_sink comp="1589" pin=0"/></net>

<net id="1595"><net_src comp="1584" pin="2"/><net_sink comp="1589" pin=1"/></net>

<net id="1596"><net_src comp="36" pin="0"/><net_sink comp="1589" pin=2"/></net>

<net id="1602"><net_src comp="50" pin="0"/><net_sink comp="1597" pin=0"/></net>

<net id="1603"><net_src comp="1584" pin="2"/><net_sink comp="1597" pin=1"/></net>

<net id="1604"><net_src comp="52" pin="0"/><net_sink comp="1597" pin=2"/></net>

<net id="1608"><net_src comp="1597" pin="3"/><net_sink comp="1605" pin=0"/></net>

<net id="1613"><net_src comp="1589" pin="3"/><net_sink comp="1609" pin=0"/></net>

<net id="1614"><net_src comp="1605" pin="1"/><net_sink comp="1609" pin=1"/></net>

<net id="1618"><net_src comp="554" pin="1"/><net_sink comp="1615" pin=0"/></net>

<net id="1622"><net_src comp="554" pin="1"/><net_sink comp="1619" pin=0"/></net>

<net id="1626"><net_src comp="558" pin="1"/><net_sink comp="1623" pin=0"/></net>

<net id="1630"><net_src comp="558" pin="1"/><net_sink comp="1627" pin=0"/></net>

<net id="1634"><net_src comp="562" pin="1"/><net_sink comp="1631" pin=0"/></net>

<net id="1638"><net_src comp="566" pin="1"/><net_sink comp="1635" pin=0"/></net>

<net id="1642"><net_src comp="570" pin="1"/><net_sink comp="1639" pin=0"/></net>

<net id="1646"><net_src comp="570" pin="1"/><net_sink comp="1643" pin=0"/></net>

<net id="1653"><net_src comp="164" pin="3"/><net_sink comp="1650" pin=0"/></net>

<net id="1658"><net_src comp="86" pin="0"/><net_sink comp="1654" pin=1"/></net>

<net id="1664"><net_src comp="60" pin="0"/><net_sink comp="1659" pin=0"/></net>

<net id="1665"><net_src comp="1654" pin="2"/><net_sink comp="1659" pin=1"/></net>

<net id="1666"><net_src comp="62" pin="0"/><net_sink comp="1659" pin=2"/></net>

<net id="1671"><net_src comp="88" pin="0"/><net_sink comp="1667" pin=1"/></net>

<net id="1677"><net_src comp="1659" pin="3"/><net_sink comp="1672" pin=0"/></net>

<net id="1678"><net_src comp="1667" pin="2"/><net_sink comp="1672" pin=1"/></net>

<net id="1679"><net_src comp="1654" pin="2"/><net_sink comp="1672" pin=2"/></net>

<net id="1683"><net_src comp="1672" pin="3"/><net_sink comp="1680" pin=0"/></net>

<net id="1688"><net_src comp="1609" pin="2"/><net_sink comp="1684" pin=0"/></net>

<net id="1689"><net_src comp="1680" pin="1"/><net_sink comp="1684" pin=1"/></net>

<net id="1693"><net_src comp="1684" pin="2"/><net_sink comp="1690" pin=0"/></net>

<net id="1694"><net_src comp="1690" pin="1"/><net_sink comp="362" pin=2"/></net>

<net id="1702"><net_src comp="1695" pin="1"/><net_sink comp="1698" pin=0"/></net>

<net id="1703"><net_src comp="1639" pin="1"/><net_sink comp="1698" pin=1"/></net>

<net id="1708"><net_src comp="1647" pin="1"/><net_sink comp="1704" pin=0"/></net>

<net id="1709"><net_src comp="1635" pin="1"/><net_sink comp="1704" pin=1"/></net>

<net id="1713"><net_src comp="1704" pin="2"/><net_sink comp="1710" pin=0"/></net>

<net id="1718"><net_src comp="1710" pin="1"/><net_sink comp="1714" pin=0"/></net>

<net id="1719"><net_src comp="1698" pin="2"/><net_sink comp="1714" pin=1"/></net>

<net id="1724"><net_src comp="1631" pin="1"/><net_sink comp="1720" pin=0"/></net>

<net id="1728"><net_src comp="1720" pin="2"/><net_sink comp="1725" pin=0"/></net>

<net id="1733"><net_src comp="1619" pin="1"/><net_sink comp="1729" pin=0"/></net>

<net id="1734"><net_src comp="1650" pin="1"/><net_sink comp="1729" pin=1"/></net>

<net id="1738"><net_src comp="1729" pin="2"/><net_sink comp="1735" pin=0"/></net>

<net id="1743"><net_src comp="1735" pin="1"/><net_sink comp="1739" pin=0"/></net>

<net id="1744"><net_src comp="1627" pin="1"/><net_sink comp="1739" pin=1"/></net>

<net id="1748"><net_src comp="1739" pin="2"/><net_sink comp="1745" pin=0"/></net>

<net id="1753"><net_src comp="1745" pin="1"/><net_sink comp="1749" pin=0"/></net>

<net id="1754"><net_src comp="1725" pin="1"/><net_sink comp="1749" pin=1"/></net>

<net id="1758"><net_src comp="1749" pin="2"/><net_sink comp="1755" pin=0"/></net>

<net id="1763"><net_src comp="1755" pin="1"/><net_sink comp="1759" pin=0"/></net>

<net id="1764"><net_src comp="1714" pin="2"/><net_sink comp="1759" pin=1"/></net>

<net id="1772"><net_src comp="1765" pin="1"/><net_sink comp="1768" pin=0"/></net>

<net id="1773"><net_src comp="1615" pin="1"/><net_sink comp="1768" pin=1"/></net>

<net id="1778"><net_src comp="1623" pin="1"/><net_sink comp="1774" pin=0"/></net>

<net id="1779"><net_src comp="1631" pin="1"/><net_sink comp="1774" pin=1"/></net>

<net id="1784"><net_src comp="1635" pin="1"/><net_sink comp="1780" pin=0"/></net>

<net id="1785"><net_src comp="1643" pin="1"/><net_sink comp="1780" pin=1"/></net>

<net id="1793"><net_src comp="1786" pin="2"/><net_sink comp="1790" pin=0"/></net>

<net id="1794"><net_src comp="1790" pin="1"/><net_sink comp="370" pin=2"/></net>

<net id="1801"><net_src comp="164" pin="3"/><net_sink comp="1798" pin=0"/></net>

<net id="1809"><net_src comp="1802" pin="1"/><net_sink comp="1805" pin=0"/></net>

<net id="1817"><net_src comp="1798" pin="1"/><net_sink comp="1813" pin=1"/></net>

<net id="1821"><net_src comp="1813" pin="2"/><net_sink comp="1818" pin=0"/></net>

<net id="1826"><net_src comp="1818" pin="1"/><net_sink comp="1822" pin=0"/></net>

<net id="1827"><net_src comp="1795" pin="1"/><net_sink comp="1822" pin=1"/></net>

<net id="1831"><net_src comp="1822" pin="2"/><net_sink comp="1828" pin=0"/></net>

<net id="1836"><net_src comp="1828" pin="1"/><net_sink comp="1832" pin=0"/></net>

<net id="1837"><net_src comp="1810" pin="1"/><net_sink comp="1832" pin=1"/></net>

<net id="1841"><net_src comp="1832" pin="2"/><net_sink comp="1838" pin=0"/></net>

<net id="1846"><net_src comp="1838" pin="1"/><net_sink comp="1842" pin=0"/></net>

<net id="1847"><net_src comp="1805" pin="2"/><net_sink comp="1842" pin=1"/></net>

<net id="1855"><net_src comp="1848" pin="2"/><net_sink comp="1852" pin=0"/></net>

<net id="1856"><net_src comp="1852" pin="1"/><net_sink comp="378" pin=2"/></net>

<net id="1864"><net_src comp="1857" pin="2"/><net_sink comp="1861" pin=0"/></net>

<net id="1865"><net_src comp="1861" pin="1"/><net_sink comp="386" pin=2"/></net>

<net id="1873"><net_src comp="1866" pin="2"/><net_sink comp="1870" pin=0"/></net>

<net id="1874"><net_src comp="1870" pin="1"/><net_sink comp="394" pin=2"/></net>

<net id="1878"><net_src comp="554" pin="1"/><net_sink comp="1875" pin=0"/></net>

<net id="1882"><net_src comp="558" pin="1"/><net_sink comp="1879" pin=0"/></net>

<net id="1886"><net_src comp="164" pin="3"/><net_sink comp="1883" pin=0"/></net>

<net id="1894"><net_src comp="1887" pin="1"/><net_sink comp="1890" pin=0"/></net>

<net id="1895"><net_src comp="1875" pin="1"/><net_sink comp="1890" pin=1"/></net>

<net id="1900"><net_src comp="1879" pin="1"/><net_sink comp="1896" pin=0"/></net>

<net id="1901"><net_src comp="1883" pin="1"/><net_sink comp="1896" pin=1"/></net>

<net id="1905"><net_src comp="1896" pin="2"/><net_sink comp="1902" pin=0"/></net>

<net id="1910"><net_src comp="1902" pin="1"/><net_sink comp="1906" pin=0"/></net>

<net id="1911"><net_src comp="1890" pin="2"/><net_sink comp="1906" pin=1"/></net>

<net id="1919"><net_src comp="1912" pin="2"/><net_sink comp="1916" pin=0"/></net>

<net id="1920"><net_src comp="1916" pin="1"/><net_sink comp="402" pin=2"/></net>

<net id="1924"><net_src comp="554" pin="1"/><net_sink comp="1921" pin=0"/></net>

<net id="1928"><net_src comp="164" pin="3"/><net_sink comp="1925" pin=0"/></net>

<net id="1933"><net_src comp="90" pin="0"/><net_sink comp="1929" pin=1"/></net>

<net id="1938"><net_src comp="1929" pin="2"/><net_sink comp="1934" pin=0"/></net>

<net id="1939"><net_src comp="68" pin="0"/><net_sink comp="1934" pin=1"/></net>

<net id="1944"><net_src comp="92" pin="0"/><net_sink comp="1940" pin=1"/></net>

<net id="1948"><net_src comp="1929" pin="2"/><net_sink comp="1945" pin=0"/></net>

<net id="1954"><net_src comp="1934" pin="2"/><net_sink comp="1949" pin=0"/></net>

<net id="1955"><net_src comp="1940" pin="2"/><net_sink comp="1949" pin=1"/></net>

<net id="1956"><net_src comp="1945" pin="1"/><net_sink comp="1949" pin=2"/></net>

<net id="1960"><net_src comp="1949" pin="3"/><net_sink comp="1957" pin=0"/></net>

<net id="1965"><net_src comp="1957" pin="1"/><net_sink comp="1961" pin=1"/></net>

<net id="1969"><net_src comp="1961" pin="2"/><net_sink comp="1966" pin=0"/></net>

<net id="1970"><net_src comp="1966" pin="1"/><net_sink comp="410" pin=2"/></net>

<net id="1975"><net_src comp="1921" pin="1"/><net_sink comp="1971" pin=0"/></net>

<net id="1976"><net_src comp="1925" pin="1"/><net_sink comp="1971" pin=1"/></net>

<net id="1984"><net_src comp="1977" pin="2"/><net_sink comp="1981" pin=0"/></net>

<net id="1985"><net_src comp="1981" pin="1"/><net_sink comp="418" pin=2"/></net>

<net id="1993"><net_src comp="1986" pin="2"/><net_sink comp="1990" pin=0"/></net>

<net id="1994"><net_src comp="1990" pin="1"/><net_sink comp="426" pin=2"/></net>

<net id="1998"><net_src comp="554" pin="1"/><net_sink comp="1995" pin=0"/></net>

<net id="2002"><net_src comp="164" pin="3"/><net_sink comp="1999" pin=0"/></net>

<net id="2010"><net_src comp="1995" pin="1"/><net_sink comp="2006" pin=0"/></net>

<net id="2011"><net_src comp="1999" pin="1"/><net_sink comp="2006" pin=1"/></net>

<net id="2015"><net_src comp="2006" pin="2"/><net_sink comp="2012" pin=0"/></net>

<net id="2020"><net_src comp="2012" pin="1"/><net_sink comp="2016" pin=0"/></net>

<net id="2021"><net_src comp="2003" pin="1"/><net_sink comp="2016" pin=1"/></net>

<net id="2029"><net_src comp="2022" pin="2"/><net_sink comp="2026" pin=0"/></net>

<net id="2030"><net_src comp="2026" pin="1"/><net_sink comp="434" pin=2"/></net>

<net id="2034"><net_src comp="164" pin="3"/><net_sink comp="2031" pin=0"/></net>

<net id="2039"><net_src comp="2031" pin="1"/><net_sink comp="2035" pin=1"/></net>

<net id="2047"><net_src comp="2040" pin="2"/><net_sink comp="2044" pin=0"/></net>

<net id="2048"><net_src comp="2044" pin="1"/><net_sink comp="442" pin=2"/></net>

<net id="2056"><net_src comp="2049" pin="2"/><net_sink comp="2053" pin=0"/></net>

<net id="2057"><net_src comp="2053" pin="1"/><net_sink comp="450" pin=2"/></net>

<net id="2061"><net_src comp="554" pin="1"/><net_sink comp="2058" pin=0"/></net>

<net id="2065"><net_src comp="164" pin="3"/><net_sink comp="2062" pin=0"/></net>

<net id="2073"><net_src comp="2058" pin="1"/><net_sink comp="2069" pin=0"/></net>

<net id="2074"><net_src comp="2062" pin="1"/><net_sink comp="2069" pin=1"/></net>

<net id="2078"><net_src comp="2069" pin="2"/><net_sink comp="2075" pin=0"/></net>

<net id="2083"><net_src comp="2075" pin="1"/><net_sink comp="2079" pin=0"/></net>

<net id="2084"><net_src comp="2066" pin="1"/><net_sink comp="2079" pin=1"/></net>

<net id="2092"><net_src comp="2085" pin="2"/><net_sink comp="2089" pin=0"/></net>

<net id="2093"><net_src comp="2089" pin="1"/><net_sink comp="458" pin=2"/></net>

<net id="2101"><net_src comp="2094" pin="2"/><net_sink comp="2098" pin=0"/></net>

<net id="2102"><net_src comp="2098" pin="1"/><net_sink comp="466" pin=2"/></net>

<net id="2106"><net_src comp="554" pin="1"/><net_sink comp="2103" pin=0"/></net>

<net id="2110"><net_src comp="164" pin="3"/><net_sink comp="2107" pin=0"/></net>

<net id="2115"><net_src comp="2103" pin="1"/><net_sink comp="2111" pin=0"/></net>

<net id="2116"><net_src comp="2107" pin="1"/><net_sink comp="2111" pin=1"/></net>

<net id="2124"><net_src comp="2117" pin="2"/><net_sink comp="2121" pin=0"/></net>

<net id="2125"><net_src comp="2121" pin="1"/><net_sink comp="474" pin=2"/></net>

<net id="2133"><net_src comp="2126" pin="2"/><net_sink comp="2130" pin=0"/></net>

<net id="2134"><net_src comp="2130" pin="1"/><net_sink comp="482" pin=2"/></net>

<net id="2142"><net_src comp="2135" pin="2"/><net_sink comp="2139" pin=0"/></net>

<net id="2143"><net_src comp="2139" pin="1"/><net_sink comp="490" pin=2"/></net>

<net id="2147"><net_src comp="554" pin="1"/><net_sink comp="2144" pin=0"/></net>

<net id="2151"><net_src comp="558" pin="1"/><net_sink comp="2148" pin=0"/></net>

<net id="2155"><net_src comp="164" pin="3"/><net_sink comp="2152" pin=0"/></net>

<net id="2163"><net_src comp="2156" pin="1"/><net_sink comp="2159" pin=0"/></net>

<net id="2174"><net_src comp="2148" pin="1"/><net_sink comp="2170" pin=0"/></net>

<net id="2175"><net_src comp="2152" pin="1"/><net_sink comp="2170" pin=1"/></net>

<net id="2179"><net_src comp="2170" pin="2"/><net_sink comp="2176" pin=0"/></net>

<net id="2184"><net_src comp="2176" pin="1"/><net_sink comp="2180" pin=0"/></net>

<net id="2185"><net_src comp="2144" pin="1"/><net_sink comp="2180" pin=1"/></net>

<net id="2189"><net_src comp="2180" pin="2"/><net_sink comp="2186" pin=0"/></net>

<net id="2194"><net_src comp="2186" pin="1"/><net_sink comp="2190" pin=0"/></net>

<net id="2195"><net_src comp="2167" pin="1"/><net_sink comp="2190" pin=1"/></net>

<net id="2199"><net_src comp="2190" pin="2"/><net_sink comp="2196" pin=0"/></net>

<net id="2204"><net_src comp="2196" pin="1"/><net_sink comp="2200" pin=0"/></net>

<net id="2205"><net_src comp="2164" pin="1"/><net_sink comp="2200" pin=1"/></net>

<net id="2209"><net_src comp="2200" pin="2"/><net_sink comp="2206" pin=0"/></net>

<net id="2214"><net_src comp="2206" pin="1"/><net_sink comp="2210" pin=0"/></net>

<net id="2215"><net_src comp="2159" pin="2"/><net_sink comp="2210" pin=1"/></net>

<net id="2220"><net_src comp="34" pin="0"/><net_sink comp="2216" pin=1"/></net>

<net id="2226"><net_src comp="48" pin="0"/><net_sink comp="2221" pin=0"/></net>

<net id="2227"><net_src comp="2216" pin="2"/><net_sink comp="2221" pin=1"/></net>

<net id="2228"><net_src comp="36" pin="0"/><net_sink comp="2221" pin=2"/></net>

<net id="2234"><net_src comp="50" pin="0"/><net_sink comp="2229" pin=0"/></net>

<net id="2235"><net_src comp="2216" pin="2"/><net_sink comp="2229" pin=1"/></net>

<net id="2236"><net_src comp="52" pin="0"/><net_sink comp="2229" pin=2"/></net>

<net id="2240"><net_src comp="2229" pin="3"/><net_sink comp="2237" pin=0"/></net>

<net id="2245"><net_src comp="2221" pin="3"/><net_sink comp="2241" pin=0"/></net>

<net id="2246"><net_src comp="2237" pin="1"/><net_sink comp="2241" pin=1"/></net>

<net id="2251"><net_src comp="2241" pin="2"/><net_sink comp="2247" pin=0"/></net>

<net id="2256"><net_src comp="2241" pin="2"/><net_sink comp="2252" pin=0"/></net>

<net id="2261"><net_src comp="2241" pin="2"/><net_sink comp="2257" pin=0"/></net>

<net id="2266"><net_src comp="2241" pin="2"/><net_sink comp="2262" pin=0"/></net>

<net id="2271"><net_src comp="2241" pin="2"/><net_sink comp="2267" pin=0"/></net>

<net id="2276"><net_src comp="2241" pin="2"/><net_sink comp="2272" pin=0"/></net>

<net id="2281"><net_src comp="2241" pin="2"/><net_sink comp="2277" pin=0"/></net>

<net id="2285"><net_src comp="2277" pin="2"/><net_sink comp="2282" pin=0"/></net>

<net id="2286"><net_src comp="2282" pin="1"/><net_sink comp="498" pin=2"/></net>

<net id="2290"><net_src comp="164" pin="3"/><net_sink comp="2287" pin=0"/></net>

<net id="2298"><net_src comp="2291" pin="1"/><net_sink comp="2294" pin=0"/></net>

<net id="2299"><net_src comp="2287" pin="1"/><net_sink comp="2294" pin=1"/></net>

<net id="2303"><net_src comp="2300" pin="1"/><net_sink comp="506" pin=2"/></net>

<net id="2307"><net_src comp="2304" pin="1"/><net_sink comp="514" pin=2"/></net>

<net id="2311"><net_src comp="554" pin="1"/><net_sink comp="2308" pin=0"/></net>

<net id="2315"><net_src comp="164" pin="3"/><net_sink comp="2312" pin=0"/></net>

<net id="2320"><net_src comp="2308" pin="1"/><net_sink comp="2316" pin=0"/></net>

<net id="2321"><net_src comp="2312" pin="1"/><net_sink comp="2316" pin=1"/></net>

<net id="2325"><net_src comp="2322" pin="1"/><net_sink comp="522" pin=2"/></net>

<net id="2329"><net_src comp="2326" pin="1"/><net_sink comp="530" pin=2"/></net>

<net id="2333"><net_src comp="554" pin="1"/><net_sink comp="2330" pin=0"/></net>

<net id="2337"><net_src comp="164" pin="3"/><net_sink comp="2334" pin=0"/></net>

<net id="2342"><net_src comp="2330" pin="1"/><net_sink comp="2338" pin=0"/></net>

<net id="2343"><net_src comp="2334" pin="1"/><net_sink comp="2338" pin=1"/></net>

<net id="2347"><net_src comp="2344" pin="1"/><net_sink comp="538" pin=2"/></net>

<net id="2351"><net_src comp="2348" pin="1"/><net_sink comp="546" pin=2"/></net>

<net id="2355"><net_src comp="554" pin="1"/><net_sink comp="2352" pin=0"/></net>

<net id="2359"><net_src comp="558" pin="1"/><net_sink comp="2356" pin=0"/></net>

<net id="2363"><net_src comp="164" pin="3"/><net_sink comp="2360" pin=0"/></net>

<net id="2371"><net_src comp="2364" pin="1"/><net_sink comp="2367" pin=0"/></net>

<net id="2379"><net_src comp="2356" pin="1"/><net_sink comp="2375" pin=0"/></net>

<net id="2380"><net_src comp="2360" pin="1"/><net_sink comp="2375" pin=1"/></net>

<net id="2384"><net_src comp="2375" pin="2"/><net_sink comp="2381" pin=0"/></net>

<net id="2389"><net_src comp="2381" pin="1"/><net_sink comp="2385" pin=0"/></net>

<net id="2390"><net_src comp="2352" pin="1"/><net_sink comp="2385" pin=1"/></net>

<net id="2394"><net_src comp="2385" pin="2"/><net_sink comp="2391" pin=0"/></net>

<net id="2399"><net_src comp="2391" pin="1"/><net_sink comp="2395" pin=0"/></net>

<net id="2400"><net_src comp="2372" pin="1"/><net_sink comp="2395" pin=1"/></net>

<net id="2404"><net_src comp="2395" pin="2"/><net_sink comp="2401" pin=0"/></net>

<net id="2409"><net_src comp="2401" pin="1"/><net_sink comp="2405" pin=0"/></net>

<net id="2410"><net_src comp="2367" pin="2"/><net_sink comp="2405" pin=1"/></net>

<net id="2416"><net_src comp="104" pin="0"/><net_sink comp="2411" pin=0"/></net>

<net id="2417"><net_src comp="106" pin="0"/><net_sink comp="2411" pin=2"/></net>

<net id="2423"><net_src comp="108" pin="0"/><net_sink comp="2418" pin=0"/></net>

<net id="2424"><net_src comp="110" pin="0"/><net_sink comp="2418" pin=2"/></net>

<net id="2428"><net_src comp="2418" pin="3"/><net_sink comp="2425" pin=0"/></net>

<net id="2433"><net_src comp="2411" pin="3"/><net_sink comp="2429" pin=0"/></net>

<net id="2434"><net_src comp="2425" pin="1"/><net_sink comp="2429" pin=1"/></net>

<net id="2446"><net_src comp="112" pin="0"/><net_sink comp="2441" pin=0"/></net>

<net id="2447"><net_src comp="2405" pin="2"/><net_sink comp="2441" pin=1"/></net>

<net id="2448"><net_src comp="106" pin="0"/><net_sink comp="2441" pin=2"/></net>

<net id="2454"><net_src comp="114" pin="0"/><net_sink comp="2449" pin=0"/></net>

<net id="2455"><net_src comp="2405" pin="2"/><net_sink comp="2449" pin=1"/></net>

<net id="2456"><net_src comp="110" pin="0"/><net_sink comp="2449" pin=2"/></net>

<net id="2460"><net_src comp="2449" pin="3"/><net_sink comp="2457" pin=0"/></net>

<net id="2465"><net_src comp="2441" pin="3"/><net_sink comp="2461" pin=0"/></net>

<net id="2466"><net_src comp="2457" pin="1"/><net_sink comp="2461" pin=1"/></net>

<net id="2471"><net_src comp="2429" pin="2"/><net_sink comp="2467" pin=0"/></net>

<net id="2472"><net_src comp="2438" pin="1"/><net_sink comp="2467" pin=1"/></net>

<net id="2477"><net_src comp="2467" pin="2"/><net_sink comp="2473" pin=0"/></net>

<net id="2478"><net_src comp="72" pin="0"/><net_sink comp="2473" pin=1"/></net>

<net id="2483"><net_src comp="2461" pin="2"/><net_sink comp="2479" pin=0"/></net>

<net id="2484"><net_src comp="2435" pin="1"/><net_sink comp="2479" pin=1"/></net>

<net id="2489"><net_src comp="2479" pin="2"/><net_sink comp="2485" pin=0"/></net>

<net id="2490"><net_src comp="72" pin="0"/><net_sink comp="2485" pin=1"/></net>

<net id="2495"><net_src comp="2473" pin="2"/><net_sink comp="2491" pin=0"/></net>

<net id="2500"><net_src comp="2491" pin="2"/><net_sink comp="2496" pin=0"/></net>

<net id="2505"><net_src comp="2485" pin="2"/><net_sink comp="2501" pin=1"/></net>

<net id="2510"><net_src comp="2501" pin="2"/><net_sink comp="2506" pin=0"/></net>

<net id="2515"><net_src comp="2506" pin="2"/><net_sink comp="2511" pin=0"/></net>

<net id="2516"><net_src comp="2496" pin="2"/><net_sink comp="2511" pin=1"/></net>

<net id="2522"><net_src comp="2511" pin="2"/><net_sink comp="2517" pin=0"/></net>

<net id="2523"><net_src comp="116" pin="0"/><net_sink comp="2517" pin=1"/></net>

<net id="2528"><net_src comp="2511" pin="2"/><net_sink comp="2524" pin=0"/></net>

<net id="2529"><net_src comp="72" pin="0"/><net_sink comp="2524" pin=1"/></net>

<net id="2533"><net_src comp="2517" pin="3"/><net_sink comp="2530" pin=0"/></net>

<net id="2539"><net_src comp="2511" pin="2"/><net_sink comp="2534" pin=0"/></net>

<net id="2540"><net_src comp="116" pin="0"/><net_sink comp="2534" pin=1"/></net>

<net id="2552"><net_src comp="118" pin="0"/><net_sink comp="2541" pin=0"/></net>

<net id="2553"><net_src comp="2524" pin="2"/><net_sink comp="2541" pin=1"/></net>

<net id="2554"><net_src comp="120" pin="0"/><net_sink comp="2541" pin=2"/></net>

<net id="2555"><net_src comp="110" pin="0"/><net_sink comp="2541" pin=4"/></net>

<net id="2556"><net_src comp="122" pin="0"/><net_sink comp="2541" pin=6"/></net>

<net id="2557"><net_src comp="2534" pin="3"/><net_sink comp="2541" pin=7"/></net>

<net id="2558"><net_src comp="2530" pin="1"/><net_sink comp="2541" pin=8"/></net>

<net id="2559"><net_src comp="2541" pin="9"/><net_sink comp="150" pin=2"/></net>

<net id="2563"><net_src comp="126" pin="1"/><net_sink comp="2560" pin=0"/></net>

<net id="2564"><net_src comp="2560" pin="1"/><net_sink comp="590" pin=1"/></net>

<net id="2565"><net_src comp="2560" pin="1"/><net_sink comp="610" pin=0"/></net>

<net id="2566"><net_src comp="2560" pin="1"/><net_sink comp="842" pin=1"/></net>

<net id="2570"><net_src comp="130" pin="1"/><net_sink comp="2567" pin=0"/></net>

<net id="2571"><net_src comp="2567" pin="1"/><net_sink comp="585" pin=1"/></net>

<net id="2572"><net_src comp="2567" pin="1"/><net_sink comp="613" pin=0"/></net>

<net id="2573"><net_src comp="2567" pin="1"/><net_sink comp="704" pin=1"/></net>

<net id="2577"><net_src comp="134" pin="1"/><net_sink comp="2574" pin=0"/></net>

<net id="2578"><net_src comp="2574" pin="1"/><net_sink comp="580" pin=1"/></net>

<net id="2579"><net_src comp="2574" pin="1"/><net_sink comp="595" pin=0"/></net>

<net id="2580"><net_src comp="2574" pin="1"/><net_sink comp="699" pin=1"/></net>

<net id="2584"><net_src comp="138" pin="2"/><net_sink comp="2581" pin=0"/></net>

<net id="2585"><net_src comp="2581" pin="1"/><net_sink comp="1210" pin=1"/></net>

<net id="2589"><net_src comp="144" pin="2"/><net_sink comp="2586" pin=0"/></net>

<net id="2590"><net_src comp="2586" pin="1"/><net_sink comp="743" pin=1"/></net>

<net id="2594"><net_src comp="598" pin="2"/><net_sink comp="2591" pin=0"/></net>

<net id="2598"><net_src comp="622" pin="3"/><net_sink comp="2595" pin=0"/></net>

<net id="2599"><net_src comp="2595" pin="1"/><net_sink comp="740" pin=0"/></net>

<net id="2600"><net_src comp="2595" pin="1"/><net_sink comp="800" pin=0"/></net>

<net id="2601"><net_src comp="2595" pin="1"/><net_sink comp="1242" pin=0"/></net>

<net id="2602"><net_src comp="2595" pin="1"/><net_sink comp="1929" pin=0"/></net>

<net id="2603"><net_src comp="2595" pin="1"/><net_sink comp="2541" pin=3"/></net>

<net id="2607"><net_src comp="642" pin="3"/><net_sink comp="2604" pin=0"/></net>

<net id="2608"><net_src comp="2604" pin="1"/><net_sink comp="925" pin=1"/></net>

<net id="2609"><net_src comp="2604" pin="1"/><net_sink comp="932" pin=1"/></net>

<net id="2613"><net_src comp="650" pin="3"/><net_sink comp="2610" pin=0"/></net>

<net id="2614"><net_src comp="2610" pin="1"/><net_sink comp="709" pin=0"/></net>

<net id="2615"><net_src comp="2610" pin="1"/><net_sink comp="1063" pin=0"/></net>

<net id="2616"><net_src comp="2610" pin="1"/><net_sink comp="1507" pin=0"/></net>

<net id="2617"><net_src comp="2610" pin="1"/><net_sink comp="1584" pin=0"/></net>

<net id="2618"><net_src comp="2610" pin="1"/><net_sink comp="2216" pin=0"/></net>

<net id="2619"><net_src comp="2610" pin="1"/><net_sink comp="2541" pin=5"/></net>

<net id="2623"><net_src comp="678" pin="2"/><net_sink comp="2620" pin=0"/></net>

<net id="2624"><net_src comp="2620" pin="1"/><net_sink comp="847" pin=0"/></net>

<net id="2625"><net_src comp="2620" pin="1"/><net_sink comp="862" pin=0"/></net>

<net id="2626"><net_src comp="2620" pin="1"/><net_sink comp="1374" pin=0"/></net>

<net id="2627"><net_src comp="2620" pin="1"/><net_sink comp="1383" pin=0"/></net>

<net id="2628"><net_src comp="2620" pin="1"/><net_sink comp="2049" pin=0"/></net>

<net id="2629"><net_src comp="2620" pin="1"/><net_sink comp="2085" pin=0"/></net>

<net id="2633"><net_src comp="684" pin="1"/><net_sink comp="2630" pin=0"/></net>

<net id="2634"><net_src comp="2630" pin="1"/><net_sink comp="791" pin=1"/></net>

<net id="2635"><net_src comp="2630" pin="1"/><net_sink comp="959" pin=1"/></net>

<net id="2636"><net_src comp="2630" pin="1"/><net_sink comp="1224" pin=1"/></net>

<net id="2637"><net_src comp="2630" pin="1"/><net_sink comp="1557" pin=1"/></net>

<net id="2638"><net_src comp="2630" pin="1"/><net_sink comp="1857" pin=1"/></net>

<net id="2639"><net_src comp="2630" pin="1"/><net_sink comp="2247" pin=1"/></net>

<net id="2643"><net_src comp="157" pin="3"/><net_sink comp="2640" pin=0"/></net>

<net id="2644"><net_src comp="2640" pin="1"/><net_sink comp="164" pin=0"/></net>

<net id="2648"><net_src comp="734" pin="2"/><net_sink comp="2645" pin=0"/></net>

<net id="2649"><net_src comp="2645" pin="1"/><net_sink comp="791" pin=0"/></net>

<net id="2650"><net_src comp="2645" pin="1"/><net_sink comp="832" pin=0"/></net>

<net id="2651"><net_src comp="2645" pin="1"/><net_sink comp="1304" pin=0"/></net>

<net id="2652"><net_src comp="2645" pin="1"/><net_sink comp="1365" pin=0"/></net>

<net id="2653"><net_src comp="2645" pin="1"/><net_sink comp="2022" pin=0"/></net>

<net id="2654"><net_src comp="2645" pin="1"/><net_sink comp="2040" pin=0"/></net>

<net id="2658"><net_src comp="740" pin="1"/><net_sink comp="2655" pin=0"/></net>

<net id="2659"><net_src comp="2655" pin="1"/><net_sink comp="811" pin=0"/></net>

<net id="2660"><net_src comp="2655" pin="1"/><net_sink comp="1169" pin=0"/></net>

<net id="2661"><net_src comp="2655" pin="1"/><net_sink comp="1182" pin=0"/></net>

<net id="2662"><net_src comp="2655" pin="1"/><net_sink comp="1253" pin=0"/></net>

<net id="2663"><net_src comp="2655" pin="1"/><net_sink comp="1654" pin=0"/></net>

<net id="2664"><net_src comp="2655" pin="1"/><net_sink comp="1667" pin=0"/></net>

<net id="2665"><net_src comp="2655" pin="1"/><net_sink comp="1940" pin=0"/></net>

<net id="2669"><net_src comp="743" pin="2"/><net_sink comp="2666" pin=0"/></net>

<net id="2670"><net_src comp="2666" pin="1"/><net_sink comp="2491" pin=1"/></net>

<net id="2674"><net_src comp="776" pin="1"/><net_sink comp="2671" pin=0"/></net>

<net id="2675"><net_src comp="2671" pin="1"/><net_sink comp="847" pin=1"/></net>

<net id="2676"><net_src comp="2671" pin="1"/><net_sink comp="949" pin=1"/></net>

<net id="2677"><net_src comp="2671" pin="1"/><net_sink comp="1215" pin=1"/></net>

<net id="2678"><net_src comp="2671" pin="1"/><net_sink comp="1548" pin=1"/></net>

<net id="2679"><net_src comp="2671" pin="1"/><net_sink comp="1848" pin=1"/></net>

<net id="2680"><net_src comp="2671" pin="1"/><net_sink comp="2257" pin=1"/></net>

<net id="2684"><net_src comp="170" pin="3"/><net_sink comp="2681" pin=0"/></net>

<net id="2685"><net_src comp="2681" pin="1"/><net_sink comp="164" pin=0"/></net>

<net id="2689"><net_src comp="178" pin="3"/><net_sink comp="2686" pin=0"/></net>

<net id="2690"><net_src comp="2686" pin="1"/><net_sink comp="164" pin=0"/></net>

<net id="2694"><net_src comp="828" pin="1"/><net_sink comp="2691" pin=0"/></net>

<net id="2695"><net_src comp="2691" pin="1"/><net_sink comp="862" pin=1"/></net>

<net id="2696"><net_src comp="2691" pin="1"/><net_sink comp="979" pin=1"/></net>

<net id="2697"><net_src comp="2691" pin="1"/><net_sink comp="1233" pin=1"/></net>

<net id="2698"><net_src comp="2691" pin="1"/><net_sink comp="1566" pin=1"/></net>

<net id="2699"><net_src comp="2691" pin="1"/><net_sink comp="1866" pin=1"/></net>

<net id="2700"><net_src comp="2691" pin="1"/><net_sink comp="2252" pin=1"/></net>

<net id="2704"><net_src comp="186" pin="3"/><net_sink comp="2701" pin=0"/></net>

<net id="2705"><net_src comp="2701" pin="1"/><net_sink comp="164" pin=0"/></net>

<net id="2709"><net_src comp="194" pin="3"/><net_sink comp="2706" pin=0"/></net>

<net id="2710"><net_src comp="2706" pin="1"/><net_sink comp="164" pin=0"/></net>

<net id="2714"><net_src comp="856" pin="2"/><net_sink comp="2711" pin=0"/></net>

<net id="2715"><net_src comp="2711" pin="1"/><net_sink comp="1018" pin=1"/></net>

<net id="2719"><net_src comp="574" pin="2"/><net_sink comp="2716" pin=0"/></net>

<net id="2720"><net_src comp="2716" pin="1"/><net_sink comp="974" pin=0"/></net>

<net id="2724"><net_src comp="202" pin="3"/><net_sink comp="2721" pin=0"/></net>

<net id="2725"><net_src comp="2721" pin="1"/><net_sink comp="164" pin=0"/></net>

<net id="2729"><net_src comp="871" pin="2"/><net_sink comp="2726" pin=0"/></net>

<net id="2730"><net_src comp="2726" pin="1"/><net_sink comp="1023" pin=0"/></net>

<net id="2734"><net_src comp="877" pin="2"/><net_sink comp="2731" pin=0"/></net>

<net id="2735"><net_src comp="2731" pin="1"/><net_sink comp="1046" pin=1"/></net>

<net id="2739"><net_src comp="919" pin="2"/><net_sink comp="2736" pin=0"/></net>

<net id="2740"><net_src comp="2736" pin="1"/><net_sink comp="1116" pin=0"/></net>

<net id="2744"><net_src comp="943" pin="2"/><net_sink comp="2741" pin=0"/></net>

<net id="2745"><net_src comp="2741" pin="1"/><net_sink comp="959" pin=0"/></net>

<net id="2746"><net_src comp="2741" pin="1"/><net_sink comp="979" pin=0"/></net>

<net id="2747"><net_src comp="2741" pin="1"/><net_sink comp="1443" pin=0"/></net>

<net id="2748"><net_src comp="2741" pin="1"/><net_sink comp="1498" pin=0"/></net>

<net id="2749"><net_src comp="2741" pin="1"/><net_sink comp="2094" pin=0"/></net>

<net id="2750"><net_src comp="2741" pin="1"/><net_sink comp="2117" pin=0"/></net>

<net id="2754"><net_src comp="210" pin="3"/><net_sink comp="2751" pin=0"/></net>

<net id="2755"><net_src comp="2751" pin="1"/><net_sink comp="164" pin=0"/></net>

<net id="2759"><net_src comp="218" pin="3"/><net_sink comp="2756" pin=0"/></net>

<net id="2760"><net_src comp="2756" pin="1"/><net_sink comp="164" pin=0"/></net>

<net id="2764"><net_src comp="226" pin="3"/><net_sink comp="2761" pin=0"/></net>

<net id="2765"><net_src comp="2761" pin="1"/><net_sink comp="164" pin=0"/></net>

<net id="2769"><net_src comp="1057" pin="2"/><net_sink comp="2766" pin=0"/></net>

<net id="2770"><net_src comp="2766" pin="1"/><net_sink comp="2506" pin=1"/></net>

<net id="2774"><net_src comp="1088" pin="2"/><net_sink comp="2771" pin=0"/></net>

<net id="2775"><net_src comp="2771" pin="1"/><net_sink comp="1215" pin=0"/></net>

<net id="2776"><net_src comp="2771" pin="1"/><net_sink comp="1224" pin=0"/></net>

<net id="2777"><net_src comp="2771" pin="1"/><net_sink comp="1233" pin=0"/></net>

<net id="2778"><net_src comp="2771" pin="1"/><net_sink comp="1274" pin=0"/></net>

<net id="2779"><net_src comp="2771" pin="1"/><net_sink comp="1977" pin=0"/></net>

<net id="2780"><net_src comp="2771" pin="1"/><net_sink comp="1986" pin=0"/></net>

<net id="2784"><net_src comp="1094" pin="2"/><net_sink comp="2781" pin=0"/></net>

<net id="2785"><net_src comp="2781" pin="1"/><net_sink comp="2501" pin=0"/></net>

<net id="2789"><net_src comp="1159" pin="2"/><net_sink comp="2786" pin=0"/></net>

<net id="2790"><net_src comp="2786" pin="1"/><net_sink comp="2435" pin=0"/></net>

<net id="2791"><net_src comp="2786" pin="1"/><net_sink comp="2438" pin=0"/></net>

<net id="2792"><net_src comp="2786" pin="1"/><net_sink comp="2517" pin=2"/></net>

<net id="2796"><net_src comp="1195" pin="1"/><net_sink comp="2793" pin=0"/></net>

<net id="2797"><net_src comp="2793" pin="1"/><net_sink comp="1304" pin=1"/></net>

<net id="2798"><net_src comp="2793" pin="1"/><net_sink comp="1374" pin=1"/></net>

<net id="2799"><net_src comp="2793" pin="1"/><net_sink comp="1443" pin=1"/></net>

<net id="2800"><net_src comp="2793" pin="1"/><net_sink comp="1538" pin=1"/></net>

<net id="2801"><net_src comp="2793" pin="1"/><net_sink comp="1786" pin=1"/></net>

<net id="2802"><net_src comp="2793" pin="1"/><net_sink comp="2267" pin=1"/></net>

<net id="2806"><net_src comp="234" pin="3"/><net_sink comp="2803" pin=0"/></net>

<net id="2807"><net_src comp="2803" pin="1"/><net_sink comp="164" pin=0"/></net>

<net id="2811"><net_src comp="1210" pin="2"/><net_sink comp="2808" pin=0"/></net>

<net id="2812"><net_src comp="2808" pin="1"/><net_sink comp="2496" pin=1"/></net>

<net id="2816"><net_src comp="242" pin="3"/><net_sink comp="2813" pin=0"/></net>

<net id="2817"><net_src comp="2813" pin="1"/><net_sink comp="164" pin=0"/></net>

<net id="2821"><net_src comp="250" pin="3"/><net_sink comp="2818" pin=0"/></net>

<net id="2822"><net_src comp="2818" pin="1"/><net_sink comp="164" pin=0"/></net>

<net id="2826"><net_src comp="258" pin="3"/><net_sink comp="2823" pin=0"/></net>

<net id="2827"><net_src comp="2823" pin="1"/><net_sink comp="164" pin=0"/></net>

<net id="2831"><net_src comp="1270" pin="1"/><net_sink comp="2828" pin=0"/></net>

<net id="2832"><net_src comp="2828" pin="1"/><net_sink comp="1365" pin=1"/></net>

<net id="2833"><net_src comp="2828" pin="1"/><net_sink comp="1383" pin=1"/></net>

<net id="2834"><net_src comp="2828" pin="1"/><net_sink comp="1498" pin=1"/></net>

<net id="2835"><net_src comp="2828" pin="1"/><net_sink comp="1575" pin=1"/></net>

<net id="2836"><net_src comp="2828" pin="1"/><net_sink comp="1912" pin=1"/></net>

<net id="2837"><net_src comp="2828" pin="1"/><net_sink comp="2262" pin=1"/></net>

<net id="2841"><net_src comp="266" pin="3"/><net_sink comp="2838" pin=0"/></net>

<net id="2842"><net_src comp="2838" pin="1"/><net_sink comp="164" pin=0"/></net>

<net id="2846"><net_src comp="1284" pin="1"/><net_sink comp="2843" pin=0"/></net>

<net id="2847"><net_src comp="2843" pin="1"/><net_sink comp="2035" pin=0"/></net>

<net id="2851"><net_src comp="274" pin="3"/><net_sink comp="2848" pin=0"/></net>

<net id="2852"><net_src comp="2848" pin="1"/><net_sink comp="164" pin=0"/></net>

<net id="2856"><net_src comp="1333" pin="2"/><net_sink comp="2853" pin=0"/></net>

<net id="2857"><net_src comp="2853" pin="1"/><net_sink comp="1408" pin=0"/></net>

<net id="2861"><net_src comp="1359" pin="2"/><net_sink comp="2858" pin=0"/></net>

<net id="2862"><net_src comp="2858" pin="1"/><net_sink comp="1464" pin=0"/></net>

<net id="2866"><net_src comp="282" pin="3"/><net_sink comp="2863" pin=0"/></net>

<net id="2867"><net_src comp="2863" pin="1"/><net_sink comp="164" pin=0"/></net>

<net id="2871"><net_src comp="290" pin="3"/><net_sink comp="2868" pin=0"/></net>

<net id="2872"><net_src comp="2868" pin="1"/><net_sink comp="164" pin=0"/></net>

<net id="2876"><net_src comp="298" pin="3"/><net_sink comp="2873" pin=0"/></net>

<net id="2877"><net_src comp="2873" pin="1"/><net_sink comp="164" pin=0"/></net>

<net id="2881"><net_src comp="1404" pin="1"/><net_sink comp="2878" pin=0"/></net>

<net id="2882"><net_src comp="2878" pin="1"/><net_sink comp="1473" pin=0"/></net>

<net id="2886"><net_src comp="1437" pin="2"/><net_sink comp="2883" pin=0"/></net>

<net id="2887"><net_src comp="2883" pin="1"/><net_sink comp="1695" pin=0"/></net>

<net id="2891"><net_src comp="306" pin="3"/><net_sink comp="2888" pin=0"/></net>

<net id="2892"><net_src comp="2888" pin="1"/><net_sink comp="164" pin=0"/></net>

<net id="2896"><net_src comp="1460" pin="1"/><net_sink comp="2893" pin=0"/></net>

<net id="2897"><net_src comp="2893" pin="1"/><net_sink comp="1720" pin=1"/></net>

<net id="2901"><net_src comp="1492" pin="2"/><net_sink comp="2898" pin=0"/></net>

<net id="2902"><net_src comp="2898" pin="1"/><net_sink comp="1765" pin=0"/></net>

<net id="2906"><net_src comp="314" pin="3"/><net_sink comp="2903" pin=0"/></net>

<net id="2907"><net_src comp="2903" pin="1"/><net_sink comp="164" pin=0"/></net>

<net id="2911"><net_src comp="1532" pin="2"/><net_sink comp="2908" pin=0"/></net>

<net id="2912"><net_src comp="2908" pin="1"/><net_sink comp="1548" pin=0"/></net>

<net id="2913"><net_src comp="2908" pin="1"/><net_sink comp="1557" pin=0"/></net>

<net id="2914"><net_src comp="2908" pin="1"/><net_sink comp="1566" pin=0"/></net>

<net id="2915"><net_src comp="2908" pin="1"/><net_sink comp="1575" pin=0"/></net>

<net id="2916"><net_src comp="2908" pin="1"/><net_sink comp="2126" pin=0"/></net>

<net id="2917"><net_src comp="2908" pin="1"/><net_sink comp="2135" pin=0"/></net>

<net id="2921"><net_src comp="322" pin="3"/><net_sink comp="2918" pin=0"/></net>

<net id="2922"><net_src comp="2918" pin="1"/><net_sink comp="164" pin=0"/></net>

<net id="2926"><net_src comp="330" pin="3"/><net_sink comp="2923" pin=0"/></net>

<net id="2927"><net_src comp="2923" pin="1"/><net_sink comp="164" pin=0"/></net>

<net id="2931"><net_src comp="338" pin="3"/><net_sink comp="2928" pin=0"/></net>

<net id="2932"><net_src comp="2928" pin="1"/><net_sink comp="164" pin=0"/></net>

<net id="2936"><net_src comp="346" pin="3"/><net_sink comp="2933" pin=0"/></net>

<net id="2937"><net_src comp="2933" pin="1"/><net_sink comp="164" pin=0"/></net>

<net id="2941"><net_src comp="354" pin="3"/><net_sink comp="2938" pin=0"/></net>

<net id="2942"><net_src comp="2938" pin="1"/><net_sink comp="164" pin=0"/></net>

<net id="2946"><net_src comp="164" pin="3"/><net_sink comp="2943" pin=0"/></net>

<net id="2947"><net_src comp="2943" pin="1"/><net_sink comp="1647" pin=0"/></net>

<net id="2948"><net_src comp="2943" pin="1"/><net_sink comp="1795" pin=0"/></net>

<net id="2952"><net_src comp="1609" pin="2"/><net_sink comp="2949" pin=0"/></net>

<net id="2953"><net_src comp="2949" pin="1"/><net_sink comp="1786" pin=0"/></net>

<net id="2954"><net_src comp="2949" pin="1"/><net_sink comp="1848" pin=0"/></net>

<net id="2955"><net_src comp="2949" pin="1"/><net_sink comp="1857" pin=0"/></net>

<net id="2956"><net_src comp="2949" pin="1"/><net_sink comp="1866" pin=0"/></net>

<net id="2957"><net_src comp="2949" pin="1"/><net_sink comp="1912" pin=0"/></net>

<net id="2958"><net_src comp="2949" pin="1"/><net_sink comp="1961" pin=0"/></net>

<net id="2962"><net_src comp="1650" pin="1"/><net_sink comp="2959" pin=0"/></net>

<net id="2963"><net_src comp="2959" pin="1"/><net_sink comp="1813" pin=0"/></net>

<net id="2967"><net_src comp="1680" pin="1"/><net_sink comp="2964" pin=0"/></net>

<net id="2968"><net_src comp="2964" pin="1"/><net_sink comp="1977" pin=1"/></net>

<net id="2969"><net_src comp="2964" pin="1"/><net_sink comp="2022" pin=1"/></net>

<net id="2970"><net_src comp="2964" pin="1"/><net_sink comp="2049" pin=1"/></net>

<net id="2971"><net_src comp="2964" pin="1"/><net_sink comp="2094" pin=1"/></net>

<net id="2972"><net_src comp="2964" pin="1"/><net_sink comp="2126" pin=1"/></net>

<net id="2973"><net_src comp="2964" pin="1"/><net_sink comp="2277" pin=1"/></net>

<net id="2977"><net_src comp="362" pin="3"/><net_sink comp="2974" pin=0"/></net>

<net id="2978"><net_src comp="2974" pin="1"/><net_sink comp="164" pin=0"/></net>

<net id="2982"><net_src comp="1759" pin="2"/><net_sink comp="2979" pin=0"/></net>

<net id="2983"><net_src comp="2979" pin="1"/><net_sink comp="2411" pin=1"/></net>

<net id="2984"><net_src comp="2979" pin="1"/><net_sink comp="2418" pin=1"/></net>

<net id="2985"><net_src comp="2979" pin="1"/><net_sink comp="2534" pin=2"/></net>

<net id="2989"><net_src comp="1768" pin="2"/><net_sink comp="2986" pin=0"/></net>

<net id="2990"><net_src comp="2986" pin="1"/><net_sink comp="1805" pin=1"/></net>

<net id="2994"><net_src comp="1774" pin="2"/><net_sink comp="2991" pin=0"/></net>

<net id="2995"><net_src comp="2991" pin="1"/><net_sink comp="1802" pin=0"/></net>

<net id="2999"><net_src comp="1780" pin="2"/><net_sink comp="2996" pin=0"/></net>

<net id="3000"><net_src comp="2996" pin="1"/><net_sink comp="1810" pin=0"/></net>

<net id="3004"><net_src comp="370" pin="3"/><net_sink comp="3001" pin=0"/></net>

<net id="3005"><net_src comp="3001" pin="1"/><net_sink comp="164" pin=0"/></net>

<net id="3009"><net_src comp="1842" pin="2"/><net_sink comp="3006" pin=0"/></net>

<net id="3010"><net_src comp="3006" pin="1"/><net_sink comp="1887" pin=0"/></net>

<net id="3014"><net_src comp="378" pin="3"/><net_sink comp="3011" pin=0"/></net>

<net id="3015"><net_src comp="3011" pin="1"/><net_sink comp="164" pin=0"/></net>

<net id="3019"><net_src comp="386" pin="3"/><net_sink comp="3016" pin=0"/></net>

<net id="3020"><net_src comp="3016" pin="1"/><net_sink comp="164" pin=0"/></net>

<net id="3024"><net_src comp="394" pin="3"/><net_sink comp="3021" pin=0"/></net>

<net id="3025"><net_src comp="3021" pin="1"/><net_sink comp="164" pin=0"/></net>

<net id="3029"><net_src comp="1906" pin="2"/><net_sink comp="3026" pin=0"/></net>

<net id="3030"><net_src comp="3026" pin="1"/><net_sink comp="2159" pin=1"/></net>

<net id="3034"><net_src comp="402" pin="3"/><net_sink comp="3031" pin=0"/></net>

<net id="3035"><net_src comp="3031" pin="1"/><net_sink comp="164" pin=0"/></net>

<net id="3039"><net_src comp="1957" pin="1"/><net_sink comp="3036" pin=0"/></net>

<net id="3040"><net_src comp="3036" pin="1"/><net_sink comp="1986" pin=1"/></net>

<net id="3041"><net_src comp="3036" pin="1"/><net_sink comp="2040" pin=1"/></net>

<net id="3042"><net_src comp="3036" pin="1"/><net_sink comp="2085" pin=1"/></net>

<net id="3043"><net_src comp="3036" pin="1"/><net_sink comp="2117" pin=1"/></net>

<net id="3044"><net_src comp="3036" pin="1"/><net_sink comp="2135" pin=1"/></net>

<net id="3045"><net_src comp="3036" pin="1"/><net_sink comp="2272" pin=1"/></net>

<net id="3049"><net_src comp="410" pin="3"/><net_sink comp="3046" pin=0"/></net>

<net id="3050"><net_src comp="3046" pin="1"/><net_sink comp="164" pin=0"/></net>

<net id="3054"><net_src comp="1971" pin="2"/><net_sink comp="3051" pin=0"/></net>

<net id="3055"><net_src comp="3051" pin="1"/><net_sink comp="2003" pin=0"/></net>

<net id="3059"><net_src comp="418" pin="3"/><net_sink comp="3056" pin=0"/></net>

<net id="3060"><net_src comp="3056" pin="1"/><net_sink comp="164" pin=0"/></net>

<net id="3064"><net_src comp="426" pin="3"/><net_sink comp="3061" pin=0"/></net>

<net id="3065"><net_src comp="3061" pin="1"/><net_sink comp="164" pin=0"/></net>

<net id="3069"><net_src comp="2016" pin="2"/><net_sink comp="3066" pin=0"/></net>

<net id="3070"><net_src comp="3066" pin="1"/><net_sink comp="2156" pin=0"/></net>

<net id="3074"><net_src comp="434" pin="3"/><net_sink comp="3071" pin=0"/></net>

<net id="3075"><net_src comp="3071" pin="1"/><net_sink comp="164" pin=0"/></net>

<net id="3079"><net_src comp="2035" pin="2"/><net_sink comp="3076" pin=0"/></net>

<net id="3080"><net_src comp="3076" pin="1"/><net_sink comp="2066" pin=0"/></net>

<net id="3084"><net_src comp="442" pin="3"/><net_sink comp="3081" pin=0"/></net>

<net id="3085"><net_src comp="3081" pin="1"/><net_sink comp="164" pin=0"/></net>

<net id="3089"><net_src comp="450" pin="3"/><net_sink comp="3086" pin=0"/></net>

<net id="3090"><net_src comp="3086" pin="1"/><net_sink comp="164" pin=0"/></net>

<net id="3094"><net_src comp="2079" pin="2"/><net_sink comp="3091" pin=0"/></net>

<net id="3095"><net_src comp="3091" pin="1"/><net_sink comp="2164" pin=0"/></net>

<net id="3099"><net_src comp="458" pin="3"/><net_sink comp="3096" pin=0"/></net>

<net id="3100"><net_src comp="3096" pin="1"/><net_sink comp="164" pin=0"/></net>

<net id="3104"><net_src comp="466" pin="3"/><net_sink comp="3101" pin=0"/></net>

<net id="3105"><net_src comp="3101" pin="1"/><net_sink comp="164" pin=0"/></net>

<net id="3109"><net_src comp="2111" pin="2"/><net_sink comp="3106" pin=0"/></net>

<net id="3110"><net_src comp="3106" pin="1"/><net_sink comp="2167" pin=0"/></net>

<net id="3114"><net_src comp="474" pin="3"/><net_sink comp="3111" pin=0"/></net>

<net id="3115"><net_src comp="3111" pin="1"/><net_sink comp="164" pin=0"/></net>

<net id="3119"><net_src comp="482" pin="3"/><net_sink comp="3116" pin=0"/></net>

<net id="3120"><net_src comp="3116" pin="1"/><net_sink comp="164" pin=0"/></net>

<net id="3124"><net_src comp="490" pin="3"/><net_sink comp="3121" pin=0"/></net>

<net id="3125"><net_src comp="3121" pin="1"/><net_sink comp="164" pin=0"/></net>

<net id="3129"><net_src comp="2210" pin="2"/><net_sink comp="3126" pin=0"/></net>

<net id="3130"><net_src comp="3126" pin="1"/><net_sink comp="2291" pin=0"/></net>

<net id="3134"><net_src comp="2247" pin="2"/><net_sink comp="3131" pin=0"/></net>

<net id="3135"><net_src comp="3131" pin="1"/><net_sink comp="2322" pin=0"/></net>

<net id="3139"><net_src comp="2252" pin="2"/><net_sink comp="3136" pin=0"/></net>

<net id="3140"><net_src comp="3136" pin="1"/><net_sink comp="2326" pin=0"/></net>

<net id="3144"><net_src comp="2257" pin="2"/><net_sink comp="3141" pin=0"/></net>

<net id="3145"><net_src comp="3141" pin="1"/><net_sink comp="2304" pin=0"/></net>

<net id="3149"><net_src comp="2262" pin="2"/><net_sink comp="3146" pin=0"/></net>

<net id="3150"><net_src comp="3146" pin="1"/><net_sink comp="2344" pin=0"/></net>

<net id="3154"><net_src comp="2267" pin="2"/><net_sink comp="3151" pin=0"/></net>

<net id="3155"><net_src comp="3151" pin="1"/><net_sink comp="2300" pin=0"/></net>

<net id="3159"><net_src comp="2272" pin="2"/><net_sink comp="3156" pin=0"/></net>

<net id="3160"><net_src comp="3156" pin="1"/><net_sink comp="2348" pin=0"/></net>

<net id="3164"><net_src comp="498" pin="3"/><net_sink comp="3161" pin=0"/></net>

<net id="3165"><net_src comp="3161" pin="1"/><net_sink comp="164" pin=0"/></net>

<net id="3169"><net_src comp="2294" pin="2"/><net_sink comp="3166" pin=0"/></net>

<net id="3170"><net_src comp="3166" pin="1"/><net_sink comp="2367" pin=1"/></net>

<net id="3174"><net_src comp="506" pin="3"/><net_sink comp="3171" pin=0"/></net>

<net id="3175"><net_src comp="3171" pin="1"/><net_sink comp="164" pin=0"/></net>

<net id="3179"><net_src comp="514" pin="3"/><net_sink comp="3176" pin=0"/></net>

<net id="3180"><net_src comp="3176" pin="1"/><net_sink comp="164" pin=0"/></net>

<net id="3184"><net_src comp="2316" pin="2"/><net_sink comp="3181" pin=0"/></net>

<net id="3185"><net_src comp="3181" pin="1"/><net_sink comp="2364" pin=0"/></net>

<net id="3189"><net_src comp="522" pin="3"/><net_sink comp="3186" pin=0"/></net>

<net id="3190"><net_src comp="3186" pin="1"/><net_sink comp="164" pin=0"/></net>

<net id="3194"><net_src comp="530" pin="3"/><net_sink comp="3191" pin=0"/></net>

<net id="3195"><net_src comp="3191" pin="1"/><net_sink comp="164" pin=0"/></net>

<net id="3199"><net_src comp="2338" pin="2"/><net_sink comp="3196" pin=0"/></net>

<net id="3200"><net_src comp="3196" pin="1"/><net_sink comp="2372" pin=0"/></net>

<net id="3204"><net_src comp="538" pin="3"/><net_sink comp="3201" pin=0"/></net>

<net id="3205"><net_src comp="3201" pin="1"/><net_sink comp="164" pin=0"/></net>

<net id="3209"><net_src comp="546" pin="3"/><net_sink comp="3206" pin=0"/></net>

<net id="3210"><net_src comp="3206" pin="1"/><net_sink comp="164" pin=0"/></net>

</net_list>

</model> 
---------------- Datapath Model END ------------------

* FSMD analyzer results:
  - Output states:
	Port: towers | {}
	Port: em_cluster_stream | {50 }
 - Input state : 
	Port: produce_em_cluster_stream : towers | {1 2 3 4 5 6 7 8 9 10 11 12 13 14 15 16 17 18 19 20 21 22 23 24 25 26 27 28 29 30 31 32 33 34 35 36 37 38 39 40 41 42 43 44 45 46 47 48 49 50 }
	Port: produce_em_cluster_stream : seed_threshold | {1 }
	Port: produce_em_cluster_stream : cluster_threshold | {1 }
  - Chain level:
	State 1
		store_ln0 : 1
		store_ln328 : 1
		store_ln184 : 1
		indvar_flatten_load : 1
		icmp_ln328 : 2
		add_ln328_1 : 2
		br_ln328 : 3
		phi_idx_13_load : 1
		eta_load : 1
		icmp_ln329 : 2
		select_ln328 : 3
		add_ln328 : 2
		add_ln328_2 : 2
		select_ln328_1 : 3
		select_ln328_2 : 3
		p_shl8 : 4
		tmp : 4
		zext_ln342 : 5
		sub_ln342 : 6
		zext_ln342_1 : 4
		add_ln342 : 7
		zext_ln342_2 : 8
		towers_addr : 9
		seed_et : 10
		store_ln328 : 3
		store_ln328 : 4
	State 2
		p_shl9 : 1
		tmp_12 : 1
		zext_ln216 : 2
		sub_ln216 : 3
		icmp_ln344 : 1
		add_ln213 : 1
		tmp_18 : 2
		add_ln161 : 1
		phi_idx : 3
		zext_ln216_60 : 4
		add_ln216_49 : 5
		zext_ln216_61 : 6
		towers_addr_52 : 7
		neighbor : 8
	State 3
		zext_ln216_58 : 1
		towers_addr_49 : 2
		neighbor_48 : 3
	State 4
		icmp_ln162 : 1
		zext_ln162 : 1
		phi_idx_14 : 2
		sext_ln216 : 3
		add_ln216_50 : 4
		zext_ln216_62 : 5
		towers_addr_54 : 6
		neighbor_49 : 7
		store_ln184 : 1
	State 5
		zext_ln216_65 : 1
		towers_addr_55 : 2
		neighbor_50 : 3
	State 6
		zext_ln216_63 : 1
		towers_addr_56 : 2
		neighbor_51 : 3
		icmp_ln218_51 : 1
		zext_ln347_1 : 1
		core3_et : 1
		zext_ln187_16 : 2
		add_ln187_56 : 2
		zext_ln187_52 : 3
		core3_et_4 : 4
	State 7
		zext_ln216_57 : 1
		sub_ln216_6 : 2
		add_ln216_54 : 3
		zext_ln216_66 : 4
		towers_addr_57 : 5
		neighbor_52 : 6
	State 8
		zext_ln216_59 : 1
		towers_addr_50 : 2
		neighbor_53 : 3
	State 9
		zext_ln216_64 : 1
		towers_addr_59 : 2
		xor_ln218_37 : 1
		xor_ln218_38 : 1
		icmp_ln218_49 : 1
		xor_ln218_39 : 2
		and_ln218 : 1
		and_ln218_60 : 2
		and_ln218_61 : 2
		and_ln218_62 : 2
		and_ln218_26 : 2
		neighbor_54 : 3
		xor_ln218 : 2
	State 10
		p_shl11 : 1
		tmp_14 : 1
		zext_ln187_97 : 2
		sub_ln187 : 3
		icmp_ln218_52 : 1
		zext_ln187_53 : 1
		add_ln187_58 : 1
		add_ln187_59 : 2
		zext_ln187_54 : 3
		add_ln187_60 : 4
		zext_ln187_55 : 5
		core3_et_5 : 6
		zext_ln187_19 : 7
		core3_et_6 : 8
		zext_ln347_4 : 9
		tmp_19 : 1
		phi_idx_15 : 2
		zext_ln187_113 : 3
		add_ln187_104 : 4
		zext_ln187_114 : 5
		towers_addr_61 : 6
		sum5_et : 7
		icmp_ln354 : 10
	State 11
		zext_ln187_109 : 1
		towers_addr_62 : 2
		sum7_et_12 : 3
	State 12
		zext_ln187_101 : 1
		towers_addr_51 : 2
		towers_load_2 : 3
	State 13
		zext_ln187_105 : 1
		towers_addr_63 : 2
		towers_load_3 : 3
	State 14
		icmp_ln162_3 : 1
		zext_ln162_3 : 1
		phi_idx_16 : 2
		sext_ln187 : 3
		add_ln187_105 : 4
		zext_ln187_115 : 5
		towers_addr_65 : 6
		towers_load_4 : 7
	State 15
		zext_ln348_3 : 1
		zext_ln187_122 : 1
		towers_addr_66 : 2
		towers_load_5 : 3
		sum5_et_1 : 1
		zext_ln187_23 : 2
		add_ln187_63 : 1
		zext_ln187_74 : 2
		sum5_et_2 : 3
		sum7_et_13 : 1
		zext_ln187_26 : 2
		add_ln187_70 : 2
		zext_ln187_77 : 3
		sum7_et_14 : 4
	State 16
		zext_ln187_116 : 1
		towers_addr_67 : 2
		towers_load_6 : 3
	State 17
		zext_ln187_123 : 1
		towers_addr_68 : 2
		towers_load_7 : 3
	State 18
		zext_ln187_117 : 1
		towers_addr_69 : 2
		zext_ln348_7 : 1
		towers_load : 3
		add_ln187_65 : 1
		add_ln187_66 : 2
		zext_ln187_75 : 3
		add_ln187_67 : 4
		zext_ln187_76 : 5
		sum5_et_3 : 6
	State 19
		zext_ln187_124 : 1
		towers_addr_70 : 2
		zext_ln348_8 : 1
		towers_load_8 : 3
		add_ln187_72 : 1
		add_ln187_73 : 2
		zext_ln187_78 : 3
		add_ln187_74 : 4
		zext_ln187_79 : 5
		sum7_et_15 : 6
	State 20
		zext_ln187_118 : 1
		towers_addr_71 : 2
		towers_load_9 : 3
	State 21
		p_shl12 : 1
		tmp_15 : 1
		zext_ln187_98 : 2
		sub_ln187_1 : 3
		add_ln187_115 : 4
		zext_ln187_125 : 5
		towers_addr_72 : 6
		towers_load_10 : 7
	State 22
		zext_ln187_110 : 1
		towers_addr_73 : 2
		towers_load_11 : 3
	State 23
		zext_ln187_102 : 1
		towers_addr_53 : 2
		towers_load_12 : 3
	State 24
		zext_ln187_106 : 1
		towers_addr_64 : 2
		towers_load_13 : 3
	State 25
		zext_ln187_119 : 1
		towers_addr_76 : 2
		towers_load_14 : 3
	State 26
		p_shl13 : 1
		tmp_16 : 1
		zext_ln187_99 : 2
		sub_ln187_2 : 3
		zext_ln171 : 1
		tmp_20 : 1
		phi_idx_17 : 2
		zext_ln187_128 : 3
		add_ln187_118 : 4
		zext_ln187_129 : 5
		towers_addr_77 : 6
		sum7_et : 7
		add_ln351 : 1
		add_ln351_1 : 1
		zext_ln351 : 2
		add_ln351_2 : 3
		add_ln351_3 : 1
		zext_ln351_1 : 2
		add_ln351_4 : 2
		zext_ln351_2 : 3
		add_ln351_5 : 4
		zext_ln351_3 : 5
		add_ln351_6 : 6
		zext_ln351_4 : 7
		iso5_et : 8
		add_ln187_76 : 1
		add_ln187_77 : 1
		add_ln187_79 : 1
	State 27
		zext_ln187_126 : 1
		towers_addr_78 : 2
		zext_ln349 : 1
		towers_load_16 : 3
		add_ln187_78 : 1
		add_ln187_80 : 2
		zext_ln187_82 : 3
		add_ln187_81 : 4
		zext_ln187_83 : 5
		add_ln187_82 : 6
		zext_ln187_84 : 7
		sum7_et_16 : 8
	State 28
		zext_ln187_111 : 1
		towers_addr_79 : 2
		towers_load_17 : 3
	State 29
		zext_ln187_103 : 1
		towers_addr_58 : 2
		towers_load_18 : 3
	State 30
		zext_ln187_107 : 1
		towers_addr_74 : 2
		zext_ln349_2 : 1
		towers_load_19 : 3
		add_ln187_84 : 1
		add_ln187_85 : 2
		zext_ln187_85 : 3
		add_ln187_86 : 4
	State 31
		zext_ln187_120 : 1
		towers_addr_81 : 2
		towers_load_20 : 3
	State 32
		zext_ln184_4 : 1
		icmp_ln162_4 : 1
		zext_ln162_4 : 1
		phi_idx_18 : 2
		sext_ln187_1 : 3
		add_ln187_119 : 4
		zext_ln187_130 : 5
		towers_addr_83 : 6
		towers_load_21 : 7
		add_ln187_87 : 2
	State 33
		zext_ln187_137 : 1
		towers_addr_84 : 2
		towers_load_22 : 3
	State 34
		zext_ln187_131 : 1
		towers_addr_86 : 2
		zext_ln349_3 : 1
		towers_load_23 : 3
		add_ln187_88 : 2
		zext_ln187_87 : 3
		add_ln187_89 : 4
	State 35
		zext_ln187_138 : 1
		towers_addr_87 : 2
		zext_ln349_4 : 1
		towers_load_24 : 3
		add_ln187_91 : 2
	State 36
		zext_ln187_132 : 1
		towers_addr_88 : 2
		towers_load_25 : 3
	State 37
		zext_ln187_139 : 1
		towers_addr_89 : 2
		zext_ln183_4 : 1
		towers_load_26 : 3
		add_ln187_92 : 2
		zext_ln187_90 : 3
		add_ln187_93 : 4
	State 38
		zext_ln187_133 : 1
		towers_addr_90 : 2
		towers_load_27 : 3
	State 39
		zext_ln187_140 : 1
		towers_addr_91 : 2
		zext_ln187_63 : 1
		towers_load_28 : 3
		add_ln187_94 : 2
	State 40
		zext_ln187_134 : 1
		towers_addr_92 : 2
		towers_load_29 : 3
	State 41
		zext_ln187_141 : 1
		towers_addr_93 : 2
		towers_load_30 : 3
	State 42
		zext_ln187_135 : 1
		towers_addr_94 : 2
		zext_ln187_66 : 1
		towers_load_31 : 3
		add_ln187_90 : 1
		add_ln187_95 : 2
		zext_ln187_93 : 3
		add_ln187_96 : 4
		zext_ln187_94 : 5
		add_ln187_97 : 6
		zext_ln187_95 : 7
		add_ln187_98 : 8
		zext_ln187_96 : 9
		sum7_et_17 : 10
	State 43
		p_shl14 : 1
		tmp_17 : 1
		zext_ln187_100 : 2
		sub_ln187_3 : 3
		add_ln187_61 : 4
		add_ln187_69 : 4
		add_ln187_99 : 4
		add_ln187_111 : 4
		add_ln187_117 : 4
		add_ln187_125 : 4
		add_ln187_131 : 4
		zext_ln187_142 : 5
		towers_addr_95 : 6
		zext_ln349_7 : 1
		towers_load_32 : 7
		add_ln352 : 2
	State 44
		towers_addr_85 : 1
		towers_load_33 : 2
	State 45
		towers_addr_80 : 1
		zext_ln187_68 : 1
		towers_load_34 : 2
		add_ln352_1 : 2
	State 46
		towers_addr_60 : 1
		towers_load_35 : 2
	State 47
		towers_addr_75 : 1
		zext_ln187_70 : 1
		towers_load_36 : 2
		add_ln352_3 : 2
	State 48
		towers_addr_82 : 1
		towers_load_37 : 2
	State 49
		towers_addr_96 : 1
		towers_load_38 : 2
	State 50
		zext_ln187_73 : 1
		add_ln352_2 : 1
		add_ln352_4 : 2
		zext_ln352_2 : 3
		add_ln352_5 : 4
		zext_ln352_3 : 5
		add_ln352_6 : 6
		zext_ln352_4 : 7
		ring7_et : 8
		zext_ln247 : 1
		iso_lhs : 2
		p_shl : 9
		tmp_22 : 9
		zext_ln257 : 10
		ring_lhs : 11
		icmp_ln250 : 3
		xor_ln250 : 4
		icmp_ln260 : 12
		xor_ln260 : 13
		or_ln260 : 4
		or_ln260_1 : 4
		or_ln260_2 : 13
		or_ln260_3 : 13
		or_ln260_4 : 13
		candidate_et : 13
		candidate_valid : 13
		zext_ln332 : 14
		empty_106 : 13
		or_ln363_s : 15
		write_ln363 : 16


============================================================
+ Verbose Summary: Datapath Resource usage 
============================================================

* Functional unit list:
|----------|------------------------------------|---------|---------|
| Operation|           Functional Unit          |    FF   |   LUT   |
|----------|------------------------------------|---------|---------|
|          |         add_ln328_1_fu_604         |    0    |    18   |
|          |          add_ln328_fu_630          |    0    |    12   |
|          |         add_ln328_2_fu_636         |    0    |    12   |
|          |          add_ln342_fu_688          |    0    |    18   |
|          |            empty_fu_709            |    0    |    12   |
|          |          add_ln213_fu_748          |    0    |    13   |
|          |          add_ln161_fu_762          |    0    |    14   |
|          |         add_ln216_49_fu_780        |    0    |    18   |
|          |          add_ln216_fu_791          |    0    |    18   |
|          |             phi_fu_800             |    0    |    13   |
|          |          add_ln163_fu_811          |    0    |    14   |
|          |         add_ln216_50_fu_832        |    0    |    18   |
|          |         add_ln216_53_fu_847        |    0    |    18   |
|          |         add_ln216_51_fu_862        |    0    |    18   |
|          |           core3_et_fu_899          |    0    |    19   |
|          |         add_ln187_56_fu_909        |    0    |    19   |
|          |          core3_et_4_fu_919         |    0    |    20   |
|          |         add_ln216_54_fu_949        |    0    |    18   |
|          |         add_ln216_48_fu_959        |    0    |    18   |
|          |         add_ln216_52_fu_979        |    0    |    18   |
|          |          empty_102_fu_1063         |    0    |    12   |
|          |        add_ln187_58_fu_1123        |    0    |    16   |
|          |        add_ln187_59_fu_1129        |    0    |    19   |
|          |        add_ln187_60_fu_1139        |    0    |    20   |
|          |         core3_et_5_fu_1149         |    0    |    16   |
|          |         core3_et_6_fu_1159         |    0    |    22   |
|          |         add_ln184_1_fu_1169        |    0    |    13   |
|          |         add_ln161_3_fu_1182        |    0    |    14   |
|          |        add_ln187_104_fu_1199       |    0    |    18   |
|          |        add_ln187_71_fu_1215        |    0    |    18   |
|          |          add_ln187_fu_1224         |    0    |    18   |
|          |        add_ln187_62_fu_1233        |    0    |    18   |
|          |          add_ln184_fu_1242         |    0    |    13   |
|          |         add_ln163_3_fu_1253        |    0    |    14   |
|          |        add_ln187_105_fu_1274       |    0    |    18   |
|          |        add_ln187_112_fu_1304       |    0    |    18   |
|          |          sum5_et_1_fu_1313         |    0    |    19   |
|          |        add_ln187_63_fu_1323        |    0    |    19   |
|          |          sum5_et_2_fu_1333         |    0    |    20   |
|          |         sum7_et_13_fu_1339         |    0    |    19   |
|          |        add_ln187_70_fu_1349        |    0    |    19   |
|          |         sum7_et_14_fu_1359         |    0    |    20   |
|          |        add_ln187_106_fu_1365       |    0    |    18   |
|          |        add_ln187_113_fu_1374       |    0    |    18   |
|          |        add_ln187_107_fu_1383       |    0    |    18   |
|          |        add_ln187_65_fu_1411        |    0    |    16   |
|          |        add_ln187_66_fu_1417        |    0    |    19   |
|          |        add_ln187_67_fu_1427        |    0    |    20   |
|          |          sum5_et_3_fu_1437         |    0    |    16   |
|          |        add_ln187_114_fu_1443       |    0    |    18   |
|          |        add_ln187_72_fu_1467        |    0    |    16   |
|          |        add_ln187_73_fu_1473        |    0    |    19   |
|          |        add_ln187_74_fu_1482        |    0    |    20   |
|          |         sum7_et_15_fu_1492         |    0    |    16   |
|          |        add_ln187_108_fu_1498       |    0    |    18   |
|          |          empty_103_fu_1507         |    0    |    12   |
|          |        add_ln187_115_fu_1538       |    0    |    18   |
|          |        add_ln187_75_fu_1548        |    0    |    18   |
|          |        add_ln187_55_fu_1557        |    0    |    18   |
|          |        add_ln187_64_fu_1566        |    0    |    18   |
|          |        add_ln187_109_fu_1575       |    0    |    18   |
|          |          empty_104_fu_1584         |    0    |    12   |
|          |         add_ln184_3_fu_1654        |    0    |    13   |
|          |         add_ln161_4_fu_1667        |    0    |    14   |
|          |        add_ln187_118_fu_1684       |    0    |    18   |
|    add   |          add_ln351_fu_1698         |    0    |    22   |
|          |         add_ln351_1_fu_1704        |    0    |    19   |
|          |         add_ln351_2_fu_1714        |    0    |    16   |
|          |         add_ln351_3_fu_1720        |    0    |    19   |
|          |         add_ln351_4_fu_1729        |    0    |    19   |
|          |         add_ln351_5_fu_1739        |    0    |    20   |
|          |         add_ln351_6_fu_1749        |    0    |    21   |
|          |           iso5_et_fu_1759          |    0    |    16   |
|          |        add_ln187_76_fu_1768        |    0    |    22   |
|          |        add_ln187_77_fu_1774        |    0    |    19   |
|          |        add_ln187_79_fu_1780        |    0    |    19   |
|          |        add_ln187_116_fu_1786       |    0    |    18   |
|          |        add_ln187_78_fu_1805        |    0    |    16   |
|          |        add_ln187_80_fu_1813        |    0    |    19   |
|          |        add_ln187_81_fu_1822        |    0    |    20   |
|          |        add_ln187_82_fu_1832        |    0    |    21   |
|          |         sum7_et_16_fu_1842         |    0    |    16   |
|          |        add_ln187_83_fu_1848        |    0    |    18   |
|          |        add_ln187_57_fu_1857        |    0    |    18   |
|          |        add_ln187_68_fu_1866        |    0    |    18   |
|          |        add_ln187_84_fu_1890        |    0    |    16   |
|          |        add_ln187_85_fu_1896        |    0    |    19   |
|          |        add_ln187_86_fu_1906        |    0    |    17   |
|          |        add_ln187_110_fu_1912       |    0    |    18   |
|          |         add_ln184_2_fu_1929        |    0    |    13   |
|          |         add_ln163_4_fu_1940        |    0    |    14   |
|          |        add_ln187_119_fu_1961       |    0    |    18   |
|          |        add_ln187_87_fu_1971        |    0    |    19   |
|          |        add_ln187_126_fu_1977       |    0    |    18   |
|          |        add_ln187_120_fu_1986       |    0    |    18   |
|          |        add_ln187_88_fu_2006        |    0    |    19   |
|          |        add_ln187_89_fu_2016        |    0    |    20   |
|          |        add_ln187_127_fu_2022       |    0    |    18   |
|          |        add_ln187_91_fu_2035        |    0    |    19   |
|          |        add_ln187_121_fu_2040       |    0    |    18   |
|          |        add_ln187_128_fu_2049       |    0    |    18   |
|          |        add_ln187_92_fu_2069        |    0    |    19   |
|          |        add_ln187_93_fu_2079        |    0    |    20   |
|          |        add_ln187_122_fu_2085       |    0    |    18   |
|          |        add_ln187_129_fu_2094       |    0    |    18   |
|          |        add_ln187_94_fu_2111        |    0    |    19   |
|          |        add_ln187_123_fu_2117       |    0    |    18   |
|          |        add_ln187_130_fu_2126       |    0    |    18   |
|          |        add_ln187_124_fu_2135       |    0    |    18   |
|          |        add_ln187_90_fu_2159        |    0    |    17   |
|          |        add_ln187_95_fu_2170        |    0    |    19   |
|          |        add_ln187_96_fu_2180        |    0    |    20   |
|          |        add_ln187_97_fu_2190        |    0    |    21   |
|          |        add_ln187_98_fu_2200        |    0    |    22   |
|          |         sum7_et_17_fu_2210         |    0    |    17   |
|          |          empty_105_fu_2216         |    0    |    12   |
|          |        add_ln187_61_fu_2247        |    0    |    18   |
|          |        add_ln187_69_fu_2252        |    0    |    18   |
|          |        add_ln187_99_fu_2257        |    0    |    18   |
|          |        add_ln187_111_fu_2262       |    0    |    18   |
|          |        add_ln187_117_fu_2267       |    0    |    18   |
|          |        add_ln187_125_fu_2272       |    0    |    18   |
|          |        add_ln187_131_fu_2277       |    0    |    18   |
|          |          add_ln352_fu_2294         |    0    |    24   |
|          |         add_ln352_1_fu_2316        |    0    |    19   |
|          |         add_ln352_3_fu_2338        |    0    |    19   |
|          |         add_ln352_2_fu_2367        |    0    |    18   |
|          |         add_ln352_4_fu_2375        |    0    |    19   |
|          |         add_ln352_5_fu_2385        |    0    |    20   |
|          |         add_ln352_6_fu_2395        |    0    |    21   |
|          |          ring7_et_fu_2405          |    0    |    18   |
|----------|------------------------------------|---------|---------|
|          |             grp_fu_574             |    0    |    19   |
|          |          icmp_ln328_fu_598         |    0    |    18   |
|          |          icmp_ln329_fu_616         |    0    |    13   |
|          |          icmp_ln344_fu_743         |    0    |    19   |
|          |          icmp_ln162_fu_805         |    0    |    13   |
|          |          icmp_ln220_fu_856         |    0    |    19   |
|          |        icmp_ln218_50_fu_871        |    0    |    19   |
|          |        icmp_ln218_51_fu_877        |    0    |    19   |
|   icmp   |            is_max_fu_968           |    0    |    19   |
|          |        icmp_ln218_48_fu_994        |    0    |    19   |
|          |        icmp_ln218_49_fu_1006       |    0    |    19   |
|          |        icmp_ln218_52_fu_1094       |    0    |    19   |
|          |         icmp_ln354_fu_1210         |    0    |    27   |
|          |        icmp_ln162_3_fu_1247        |    0    |    13   |
|          |        icmp_ln162_4_fu_1934        |    0    |    13   |
|          |         icmp_ln250_fu_2467         |    0    |    26   |
|          |         icmp_ln260_fu_2479         |    0    |    28   |
|----------|------------------------------------|---------|---------|
|          |          sub_ln342_fu_678          |    0    |    18   |
|          |          sub_ln216_fu_734          |    0    |    18   |
|          |         sub_ln216_6_fu_943         |    0    |    18   |
|          |          sub_ln187_fu_1088         |    0    |    18   |
|    sub   |         sub_ln187_1_fu_1532        |    0    |    18   |
|          |         sub_ln187_2_fu_1609        |    0    |    18   |
|          |         sub_ln187_3_fu_2241        |    0    |    18   |
|          |           iso_lhs_fu_2429          |    0    |    26   |
|          |          ring_lhs_fu_2461          |    0    |    28   |
|----------|------------------------------------|---------|---------|
|          |         select_ln328_fu_622        |    0    |    6    |
|          |        select_ln328_1_fu_642       |    0    |    5    |
|          |        select_ln328_2_fu_650       |    0    |    5    |
|          |           phi_idx_fu_768           |    0    |    7    |
|          |          phi_idx_14_fu_820         |    0    |    7    |
|  select  |         phi_idx_15_fu_1187         |    0    |    7    |
|          |         phi_idx_16_fu_1262         |    0    |    7    |
|          |         phi_idx_17_fu_1672         |    0    |    7    |
|          |         phi_idx_18_fu_1949         |    0    |    7    |
|          |        candidate_et_fu_2517        |    0    |    16   |
|          |          empty_106_fu_2534         |    0    |    16   |
|----------|------------------------------------|---------|---------|
|          |         xor_ln218_36_fu_974        |    0    |    2    |
|          |         xor_ln218_37_fu_988        |    0    |    2    |
|          |        xor_ln218_38_fu_1000        |    0    |    2    |
|    xor   |        xor_ln218_39_fu_1012        |    0    |    2    |
|          |          xor_ln218_fu_1057         |    0    |    2    |
|          |          xor_ln250_fu_2473         |    0    |    2    |
|          |          xor_ln260_fu_2485         |    0    |    2    |
|          |       candidate_valid_fu_2524      |    0    |    2    |
|----------|------------------------------------|---------|---------|
|          |          and_ln218_fu_1018         |    0    |    2    |
|          |        and_ln218_58_fu_1023        |    0    |    2    |
|          |        and_ln218_59_fu_1028        |    0    |    2    |
|    and   |        and_ln218_60_fu_1034        |    0    |    2    |
|          |        and_ln218_61_fu_1040        |    0    |    2    |
|          |        and_ln218_62_fu_1046        |    0    |    2    |
|          |        and_ln218_26_fu_1051        |    0    |    2    |
|----------|------------------------------------|---------|---------|
|          |          or_ln260_fu_2491          |    0    |    2    |
|          |         or_ln260_1_fu_2496         |    0    |    2    |
|    or    |         or_ln260_2_fu_2501         |    0    |    2    |
|          |         or_ln260_3_fu_2506         |    0    |    2    |
|          |         or_ln260_4_fu_2511         |    0    |    2    |
|----------|------------------------------------|---------|---------|
|   read   | cluster_threshold_read_read_fu_138 |    0    |    0    |
|          |   seed_threshold_read_read_fu_144  |    0    |    0    |
|----------|------------------------------------|---------|---------|
|   write  |      write_ln363_write_fu_150      |    0    |    0    |
|----------|------------------------------------|---------|---------|
|          |            p_shl8_fu_658           |    0    |    0    |
|          |             tmp_fu_666             |    0    |    0    |
|          |            p_shl9_fu_714           |    0    |    0    |
|          |            tmp_12_fu_722           |    0    |    0    |
|          |           p_shl10_fu_925           |    0    |    0    |
|          |            tmp_13_fu_932           |    0    |    0    |
|          |           p_shl11_fu_1068          |    0    |    0    |
|          |           tmp_14_fu_1076           |    0    |    0    |
|          |           p_shl12_fu_1512          |    0    |    0    |
|bitconcatenate|           tmp_15_fu_1520           |    0    |    0    |
|          |           p_shl13_fu_1589          |    0    |    0    |
|          |           tmp_16_fu_1597           |    0    |    0    |
|          |           p_shl14_fu_2221          |    0    |    0    |
|          |           tmp_17_fu_2229           |    0    |    0    |
|          |           p_shl15_fu_2411          |    0    |    0    |
|          |           tmp_21_fu_2418           |    0    |    0    |
|          |            p_shl_fu_2441           |    0    |    0    |
|          |           tmp_22_fu_2449           |    0    |    0    |
|          |         or_ln363_s_fu_2541         |    0    |    0    |
|----------|------------------------------------|---------|---------|
|          |          zext_ln342_fu_674         |    0    |    0    |
|          |         zext_ln342_1_fu_684        |    0    |    0    |
|          |         zext_ln342_2_fu_694        |    0    |    0    |
|          |          zext_ln216_fu_730         |    0    |    0    |
|          |          zext_ln329_fu_740         |    0    |    0    |
|          |        zext_ln216_60_fu_776        |    0    |    0    |
|          |        zext_ln216_61_fu_786        |    0    |    0    |
|          |        zext_ln216_58_fu_795        |    0    |    0    |
|          |          zext_ln162_fu_816         |    0    |    0    |
|          |        zext_ln216_62_fu_837        |    0    |    0    |
|          |        zext_ln216_65_fu_851        |    0    |    0    |
|          |        zext_ln216_63_fu_866        |    0    |    0    |
|          |          zext_ln347_fu_883         |    0    |    0    |
|          |          zext_ln183_fu_887         |    0    |    0    |
|          |         zext_ln347_1_fu_891        |    0    |    0    |
|          |         zext_ln347_2_fu_895        |    0    |    0    |
|          |        zext_ln187_16_fu_905        |    0    |    0    |
|          |        zext_ln187_52_fu_915        |    0    |    0    |
|          |        zext_ln216_57_fu_939        |    0    |    0    |
|          |        zext_ln216_66_fu_954        |    0    |    0    |
|          |        zext_ln216_59_fu_963        |    0    |    0    |
|          |        zext_ln216_64_fu_983        |    0    |    0    |
|          |        zext_ln187_97_fu_1084       |    0    |    0    |
|          |         zext_ln187_fu_1100         |    0    |    0    |
|          |        zext_ln347_3_fu_1104        |    0    |    0    |
|          |        zext_ln187_50_fu_1108       |    0    |    0    |
|          |        zext_ln187_51_fu_1112       |    0    |    0    |
|          |        zext_ln187_17_fu_1116       |    0    |    0    |
|          |        zext_ln187_53_fu_1119       |    0    |    0    |
|          |        zext_ln187_54_fu_1135       |    0    |    0    |
|          |        zext_ln187_55_fu_1145       |    0    |    0    |
|          |        zext_ln187_19_fu_1155       |    0    |    0    |
|          |        zext_ln347_4_fu_1165        |    0    |    0    |
|          |       zext_ln187_113_fu_1195       |    0    |    0    |
|          |       zext_ln187_114_fu_1205       |    0    |    0    |
|          |       zext_ln187_109_fu_1219       |    0    |    0    |
|          |       zext_ln187_101_fu_1228       |    0    |    0    |
|          |       zext_ln187_105_fu_1237       |    0    |    0    |
|          |        zext_ln162_3_fu_1258        |    0    |    0    |
|          |       zext_ln187_115_fu_1279       |    0    |    0    |
|          |        zext_ln187_21_fu_1284       |    0    |    0    |
|          |         zext_ln348_fu_1288         |    0    |    0    |
|          |        zext_ln348_1_fu_1292        |    0    |    0    |
|          |        zext_ln348_2_fu_1296        |    0    |    0    |
|          |        zext_ln348_3_fu_1300        |    0    |    0    |
|          |       zext_ln187_122_fu_1308       |    0    |    0    |
|          |        zext_ln187_23_fu_1319       |    0    |    0    |
|          |        zext_ln187_74_fu_1329       |    0    |    0    |
|          |        zext_ln187_26_fu_1345       |    0    |    0    |
|          |        zext_ln187_77_fu_1355       |    0    |    0    |
|          |       zext_ln187_116_fu_1369       |    0    |    0    |
|          |       zext_ln187_123_fu_1378       |    0    |    0    |
|          |       zext_ln187_117_fu_1387       |    0    |    0    |
|          |        zext_ln348_4_fu_1392        |    0    |    0    |
|          |        zext_ln348_6_fu_1396        |    0    |    0    |
|          |        zext_ln183_3_fu_1400        |    0    |    0    |
|          |        zext_ln348_7_fu_1404        |    0    |    0    |
|          |        zext_ln187_24_fu_1408       |    0    |    0    |
|          |        zext_ln187_75_fu_1423       |    0    |    0    |
|          |        zext_ln187_76_fu_1433       |    0    |    0    |
|          |       zext_ln187_124_fu_1447       |    0    |    0    |
|          |        zext_ln348_5_fu_1452        |    0    |    0    |
|          |        zext_ln183_2_fu_1456        |    0    |    0    |
|          |        zext_ln348_8_fu_1460        |    0    |    0    |
|          |        zext_ln187_27_fu_1464       |    0    |    0    |
|          |        zext_ln187_78_fu_1478       |    0    |    0    |
|          |        zext_ln187_79_fu_1488       |    0    |    0    |
|          |       zext_ln187_118_fu_1502       |    0    |    0    |
|          |        zext_ln187_98_fu_1528       |    0    |    0    |
|          |       zext_ln187_125_fu_1543       |    0    |    0    |
|          |       zext_ln187_110_fu_1552       |    0    |    0    |
|          |       zext_ln187_102_fu_1561       |    0    |    0    |
|          |       zext_ln187_106_fu_1570       |    0    |    0    |
|          |       zext_ln187_119_fu_1579       |    0    |    0    |
|          |        zext_ln187_99_fu_1605       |    0    |    0    |
|          |        zext_ln348_9_fu_1615        |    0    |    0    |
|          |        zext_ln348_10_fu_1619       |    0    |    0    |
|          |        zext_ln187_56_fu_1623       |    0    |    0    |
|          |        zext_ln187_57_fu_1627       |    0    |    0    |
|          |        zext_ln187_58_fu_1631       |    0    |    0    |
|          |        zext_ln187_59_fu_1635       |    0    |    0    |
|          |        zext_ln348_11_fu_1639       |    0    |    0    |
|          |        zext_ln187_60_fu_1643       |    0    |    0    |
|          |        zext_ln187_62_fu_1647       |    0    |    0    |
|          |         zext_ln171_fu_1650         |    0    |    0    |
|          |       zext_ln187_128_fu_1680       |    0    |    0    |
|   zext   |       zext_ln187_129_fu_1690       |    0    |    0    |
|          |        zext_ln187_25_fu_1695       |    0    |    0    |
|          |         zext_ln351_fu_1710         |    0    |    0    |
|          |        zext_ln351_1_fu_1725        |    0    |    0    |
|          |        zext_ln351_2_fu_1735        |    0    |    0    |
|          |        zext_ln351_3_fu_1745        |    0    |    0    |
|          |        zext_ln351_4_fu_1755        |    0    |    0    |
|          |        zext_ln187_28_fu_1765       |    0    |    0    |
|          |       zext_ln187_126_fu_1790       |    0    |    0    |
|          |        zext_ln187_61_fu_1795       |    0    |    0    |
|          |         zext_ln349_fu_1798         |    0    |    0    |
|          |        zext_ln187_80_fu_1802       |    0    |    0    |
|          |        zext_ln187_81_fu_1810       |    0    |    0    |
|          |        zext_ln187_82_fu_1818       |    0    |    0    |
|          |        zext_ln187_83_fu_1828       |    0    |    0    |
|          |        zext_ln187_84_fu_1838       |    0    |    0    |
|          |       zext_ln187_111_fu_1852       |    0    |    0    |
|          |       zext_ln187_103_fu_1861       |    0    |    0    |
|          |       zext_ln187_107_fu_1870       |    0    |    0    |
|          |        zext_ln349_1_fu_1875        |    0    |    0    |
|          |         zext_ln184_fu_1879         |    0    |    0    |
|          |        zext_ln349_2_fu_1883        |    0    |    0    |
|          |        zext_ln187_29_fu_1887       |    0    |    0    |
|          |        zext_ln187_85_fu_1902       |    0    |    0    |
|          |       zext_ln187_120_fu_1916       |    0    |    0    |
|          |        zext_ln184_3_fu_1921        |    0    |    0    |
|          |        zext_ln184_4_fu_1925        |    0    |    0    |
|          |        zext_ln162_4_fu_1945        |    0    |    0    |
|          |       zext_ln187_130_fu_1966       |    0    |    0    |
|          |       zext_ln187_137_fu_1981       |    0    |    0    |
|          |       zext_ln187_131_fu_1990       |    0    |    0    |
|          |         zext_ln160_fu_1995         |    0    |    0    |
|          |        zext_ln349_3_fu_1999        |    0    |    0    |
|          |        zext_ln187_86_fu_2003       |    0    |    0    |
|          |        zext_ln187_87_fu_2012       |    0    |    0    |
|          |       zext_ln187_138_fu_2026       |    0    |    0    |
|          |        zext_ln349_4_fu_2031        |    0    |    0    |
|          |       zext_ln187_132_fu_2044       |    0    |    0    |
|          |       zext_ln187_139_fu_2053       |    0    |    0    |
|          |        zext_ln349_5_fu_2058        |    0    |    0    |
|          |        zext_ln183_4_fu_2062        |    0    |    0    |
|          |        zext_ln187_89_fu_2066       |    0    |    0    |
|          |        zext_ln187_90_fu_2075       |    0    |    0    |
|          |       zext_ln187_133_fu_2089       |    0    |    0    |
|          |       zext_ln187_140_fu_2098       |    0    |    0    |
|          |        zext_ln349_6_fu_2103        |    0    |    0    |
|          |        zext_ln187_63_fu_2107       |    0    |    0    |
|          |       zext_ln187_134_fu_2121       |    0    |    0    |
|          |       zext_ln187_141_fu_2130       |    0    |    0    |
|          |       zext_ln187_135_fu_2139       |    0    |    0    |
|          |        zext_ln187_64_fu_2144       |    0    |    0    |
|          |        zext_ln187_65_fu_2148       |    0    |    0    |
|          |        zext_ln187_66_fu_2152       |    0    |    0    |
|          |        zext_ln187_88_fu_2156       |    0    |    0    |
|          |        zext_ln187_91_fu_2164       |    0    |    0    |
|          |        zext_ln187_92_fu_2167       |    0    |    0    |
|          |        zext_ln187_93_fu_2176       |    0    |    0    |
|          |        zext_ln187_94_fu_2186       |    0    |    0    |
|          |        zext_ln187_95_fu_2196       |    0    |    0    |
|          |        zext_ln187_96_fu_2206       |    0    |    0    |
|          |       zext_ln187_100_fu_2237       |    0    |    0    |
|          |       zext_ln187_142_fu_2282       |    0    |    0    |
|          |        zext_ln349_7_fu_2287        |    0    |    0    |
|          |        zext_ln187_30_fu_2291       |    0    |    0    |
|          |       zext_ln187_127_fu_2300       |    0    |    0    |
|          |       zext_ln187_112_fu_2304       |    0    |    0    |
|          |        zext_ln187_67_fu_2308       |    0    |    0    |
|          |        zext_ln187_68_fu_2312       |    0    |    0    |
|          |       zext_ln187_104_fu_2322       |    0    |    0    |
|          |       zext_ln187_108_fu_2326       |    0    |    0    |
|          |        zext_ln187_69_fu_2330       |    0    |    0    |
|          |        zext_ln187_70_fu_2334       |    0    |    0    |
|          |       zext_ln187_121_fu_2344       |    0    |    0    |
|          |       zext_ln187_136_fu_2348       |    0    |    0    |
|          |        zext_ln187_71_fu_2352       |    0    |    0    |
|          |        zext_ln187_72_fu_2356       |    0    |    0    |
|          |        zext_ln187_73_fu_2360       |    0    |    0    |
|          |         zext_ln352_fu_2364         |    0    |    0    |
|          |        zext_ln352_1_fu_2372        |    0    |    0    |
|          |        zext_ln352_2_fu_2381        |    0    |    0    |
|          |        zext_ln352_3_fu_2391        |    0    |    0    |
|          |        zext_ln352_4_fu_2401        |    0    |    0    |
|          |         zext_ln247_fu_2425         |    0    |    0    |
|          |         zext_ln248_fu_2435         |    0    |    0    |
|          |        zext_ln248_1_fu_2438        |    0    |    0    |
|          |         zext_ln257_fu_2457         |    0    |    0    |
|          |         zext_ln332_fu_2530         |    0    |    0    |
|----------|------------------------------------|---------|---------|
|          |            tmp_18_fu_754           |    0    |    0    |
| bitselect|           tmp_19_fu_1174           |    0    |    0    |
|          |           tmp_20_fu_1659           |    0    |    0    |
|----------|------------------------------------|---------|---------|
|          |          sext_ln216_fu_828         |    0    |    0    |
|   sext   |         sext_ln187_fu_1270         |    0    |    0    |
|          |        sext_ln187_1_fu_1957        |    0    |    0    |
|----------|------------------------------------|---------|---------|
|   Total  |                                    |    0    |   2952  |
|----------|------------------------------------|---------|---------|

Memories:
N/A

* Register list:
+-------------------------------+--------+
|                               |   FF   |
+-------------------------------+--------+
|     add_ln187_111_reg_3146    |   11   |
|     add_ln187_117_reg_3151    |   11   |
|     add_ln187_125_reg_3156    |   11   |
|     add_ln187_61_reg_3131     |   11   |
|     add_ln187_69_reg_3136     |   11   |
|     add_ln187_76_reg_2986     |   16   |
|     add_ln187_77_reg_2991     |   13   |
|     add_ln187_79_reg_2996     |   13   |
|     add_ln187_86_reg_3026     |   17   |
|     add_ln187_87_reg_3051     |   13   |
|     add_ln187_89_reg_3066     |   14   |
|     add_ln187_91_reg_3076     |   13   |
|     add_ln187_93_reg_3091     |   14   |
|     add_ln187_94_reg_3106     |   13   |
|     add_ln187_99_reg_3141     |   11   |
|      add_ln352_1_reg_3181     |   13   |
|      add_ln352_3_reg_3196     |   13   |
|       add_ln352_reg_3166      |   18   |
|cluster_threshold_read_reg_2581|   20   |
|      core3_et_4_reg_2736      |   14   |
|      core3_et_6_reg_2786      |   16   |
|          eta_reg_2567         |    5   |
|     icmp_ln218_50_reg_2726    |    1   |
|     icmp_ln218_51_reg_2731    |    1   |
|     icmp_ln218_52_reg_2781    |    1   |
|      icmp_ln218_reg_2716      |    1   |
|      icmp_ln220_reg_2711      |    1   |
|      icmp_ln328_reg_2591      |    1   |
|      icmp_ln344_reg_2666      |    1   |
|      icmp_ln354_reg_2808      |    1   |
|    indvar_flatten_reg_2574    |   11   |
|        iso5_et_reg_2979       |   16   |
|      phi_idx_13_reg_2560      |    6   |
|            reg_554            |   12   |
|            reg_558            |   12   |
|            reg_562            |   12   |
|            reg_566            |   12   |
|            reg_570            |   12   |
|  seed_threshold_read_reg_2586 |   12   |
|    select_ln328_1_reg_2604    |    5   |
|    select_ln328_2_reg_2610    |    5   |
|     select_ln328_reg_2595     |    6   |
|     sext_ln187_1_reg_3036     |   11   |
|      sext_ln187_reg_2828      |   11   |
|      sext_ln216_reg_2691      |   11   |
|      sub_ln187_1_reg_2908     |   11   |
|      sub_ln187_2_reg_2949     |   11   |
|       sub_ln187_reg_2771      |   11   |
|      sub_ln216_6_reg_2741     |   11   |
|       sub_ln216_reg_2645      |   11   |
|       sub_ln342_reg_2620      |   11   |
|       sum5_et_2_reg_2853      |   14   |
|       sum5_et_3_reg_2883      |   15   |
|      sum7_et_14_reg_2858      |   14   |
|      sum7_et_15_reg_2898      |   15   |
|      sum7_et_16_reg_3006      |   16   |
|      sum7_et_17_reg_3126      |   17   |
|    towers_addr_49_reg_2686    |   11   |
|    towers_addr_50_reg_2756    |   11   |
|    towers_addr_51_reg_2818    |   11   |
|    towers_addr_52_reg_2681    |   11   |
|    towers_addr_53_reg_2928    |   11   |
|    towers_addr_54_reg_2701    |   11   |
|    towers_addr_55_reg_2706    |   11   |
|    towers_addr_56_reg_2721    |   11   |
|    towers_addr_57_reg_2751    |   11   |
|    towers_addr_58_reg_3016    |   11   |
|    towers_addr_59_reg_2761    |   11   |
|    towers_addr_60_reg_3186    |   11   |
|    towers_addr_61_reg_2803    |   11   |
|    towers_addr_62_reg_2813    |   11   |
|    towers_addr_63_reg_2823    |   11   |
|    towers_addr_64_reg_2933    |   11   |
|    towers_addr_65_reg_2838    |   11   |
|    towers_addr_66_reg_2848    |   11   |
|    towers_addr_67_reg_2863    |   11   |
|    towers_addr_68_reg_2868    |   11   |
|    towers_addr_69_reg_2873    |   11   |
|    towers_addr_70_reg_2888    |   11   |
|    towers_addr_71_reg_2903    |   11   |
|    towers_addr_72_reg_2918    |   11   |
|    towers_addr_73_reg_2923    |   11   |
|    towers_addr_74_reg_3021    |   11   |
|    towers_addr_75_reg_3191    |   11   |
|    towers_addr_76_reg_2938    |   11   |
|    towers_addr_77_reg_2974    |   11   |
|    towers_addr_78_reg_3001    |   11   |
|    towers_addr_79_reg_3011    |   11   |
|    towers_addr_80_reg_3176    |   11   |
|    towers_addr_81_reg_3031    |   11   |
|    towers_addr_82_reg_3201    |   11   |
|    towers_addr_83_reg_3046    |   11   |
|    towers_addr_84_reg_3056    |   11   |
|    towers_addr_85_reg_3171    |   11   |
|    towers_addr_86_reg_3061    |   11   |
|    towers_addr_87_reg_3071    |   11   |
|    towers_addr_88_reg_3081    |   11   |
|    towers_addr_89_reg_3086    |   11   |
|    towers_addr_90_reg_3096    |   11   |
|    towers_addr_91_reg_3101    |   11   |
|    towers_addr_92_reg_3111    |   11   |
|    towers_addr_93_reg_3116    |   11   |
|    towers_addr_94_reg_3121    |   11   |
|    towers_addr_95_reg_3161    |   11   |
|    towers_addr_96_reg_3206    |   11   |
|      towers_addr_reg_2640     |   11   |
|    towers_load_13_reg_2943    |   12   |
|       xor_ln218_reg_2766      |    1   |
|      zext_ln171_reg_2959      |   13   |
|    zext_ln187_113_reg_2793    |   11   |
|    zext_ln187_128_reg_2964    |   11   |
|     zext_ln187_21_reg_2843    |   13   |
|     zext_ln216_60_reg_2671    |   11   |
|      zext_ln329_reg_2655      |    7   |
|     zext_ln342_1_reg_2630     |   11   |
|     zext_ln348_7_reg_2878     |   13   |
|     zext_ln348_8_reg_2893     |   13   |
+-------------------------------+--------+
|             Total             |  1265  |
+-------------------------------+--------+

* Multiplexer (MUX) list: 
|-------------------|------|------|------|--------||---------||---------||---------|
|        Comp       |  Pin | Size |  BW  | S x BW ||  Delay  ||    FF   ||   LUT   |
|-------------------|------|------|------|--------||---------||---------||---------|
| grp_access_fu_164 |  p0  |  98  |  11  |  1078  ||    0    ||   490   |
|-------------------|------|------|------|--------||---------||---------||---------|
|       Total       |      |      |      |  1078  || 0.974143||    0    ||   490   |
|-------------------|------|------|------|--------||---------||---------||---------|



* Summary:
+-----------+--------+--------+--------+
|           |  Delay |   FF   |   LUT  |
+-----------+--------+--------+--------+
|  Function |    -   |    0   |  2952  |
|   Memory  |    -   |    -   |    -   |
|Multiplexer|    0   |    0   |   490  |
|  Register |    -   |  1265  |    -   |
+-----------+--------+--------+--------+
|   Total   |    0   |  1265  |  3442  |
+-----------+--------+--------+--------+
