

================================================================
== Vitis HLS Report for 'find_clusters_3_5_s'
================================================================
* Date:           Tue May 12 15:59:05 2026

* Version:        2024.1 (Build 5069499 on May 21 2024)
* Project:        calorimeter
* Solution:       solution1 (Vivado IP Flow Target)
* Product family: virtexuplus
* Target device:  xcvu13p-fsga2577-2-e


================================================================
== Performance Estimates
================================================================
+ Timing: 
    * Summary: 
    +--------+----------+----------+------------+
    |  Clock |  Target  | Estimated| Uncertainty|
    +--------+----------+----------+------------+
    |ap_clk  |  25.00 ns|  9.750 ns|     6.75 ns|
    +--------+----------+----------+------------+

+ Latency: 
    * Summary: 
    +---------+---------+----------+----------+-------+-------+-----------------------------------------------+
    |  Latency (cycles) |  Latency (absolute) |    Interval   |                    Pipeline                   |
    |   min   |   max   |    min   |    max   |  min  |  max  |                      Type                     |
    +---------+---------+----------+----------+-------+-------+-----------------------------------------------+
    |    18939|    18939|  0.473 ms|  0.473 ms|  18938|  18938|  loop auto-rewind stp(delay=0 clock cycles(s))|
    +---------+---------+----------+----------+-------+-------+-----------------------------------------------+

    + Detail: 
        * Instance: 
        N/A

        * Loop: 
        +-------------------------------------+---------+---------+----------+-----------+-----------+------+----------+
        |                                     |  Latency (cycles) | Iteration|  Initiation Interval  | Trip |          |
        |              Loop Name              |   min   |   max   |  Latency |  achieved |   target  | Count| Pipelined|
        +-------------------------------------+---------+---------+----------+-----------+-----------+------+----------+
        |- VITIS_LOOP_218_1_VITIS_LOOP_219_2  |    18937|    18937|        22|         13|          1|  1456|       yes|
        +-------------------------------------+---------+---------+----------+-----------+-----------+------+----------+

============================================================
+ Verbose Summary: Synthesis Manager
============================================================
InlineROM: 1
ExposeGlobal: 0
============================================================
+ Verbose Summary: CDFG Model
============================================================
IsTopModel: 0
ResetActiveHigh: 1
IsCombinational: 0
IsDatapathOnly: 0
HasWiredReturn: 1
HasMFsm: 2
HasVarLatency: 1
IsPipeline: 0
IsRtlPipelined: 0
IsInstanceOverlapped: 0
IsDontTouch: 0
HasImplIP: 0
IsGatedGlobalClock: 0

+ Individual pipeline summary: 
  * Pipeline-0: initiation interval (II) = 13, depth = 22


============================================================
+ Verbose Summary: Schedule
============================================================
* Number of FSM states : 22
* Pipeline : 1
  Pipeline-0 : II = 13, D = 22, States = { 1 2 3 4 5 6 7 8 9 10 11 12 13 14 15 16 17 18 19 20 21 22 }
* Dataflow Pipeline: 0

* FSM state transitions: 
1 --> 2 
2 --> 3 
3 --> 4 
4 --> 5 
5 --> 6 
6 --> 7 
7 --> 8 
8 --> 9 
9 --> 10 
10 --> 11 
11 --> 12 
12 --> 13 
13 --> 14 
14 --> 15 
15 --> 16 
16 --> 17 
17 --> 18 
18 --> 19 
19 --> 20 
20 --> 21 
21 --> 22 
22 --> 

* FSM state operations: 

State 1 <SV = 0> <Delay = 4.04>
ST_1 : Operation 25 [1/1] (0.00ns)   --->   "%phi_idx_1 = alloca i32 1" [./calorimeter.h:173->./calorimeter.h:226]   --->   Operation 25 'alloca' 'phi_idx_1' <Predicate = true> <Delay = 0.00>
ST_1 : Operation 26 [1/1] (0.00ns)   --->   "%eta = alloca i32 1" [./calorimeter.h:142->./calorimeter.h:231]   --->   Operation 26 'alloca' 'eta' <Predicate = true> <Delay = 0.00>
ST_1 : Operation 27 [1/1] (0.00ns)   --->   "%indvar_flatten = alloca i32 1"   --->   Operation 27 'alloca' 'indvar_flatten' <Predicate = true> <Delay = 0.00>
ST_1 : Operation 28 [1/1] (0.00ns)   --->   "%empty = alloca i32 1"   --->   Operation 28 'alloca' 'empty' <Predicate = true> <Delay = 0.00>
ST_1 : Operation 29 [1/1] (0.00ns)   --->   "%inc5 = alloca i32 1"   --->   Operation 29 'alloca' 'inc5' <Predicate = true> <Delay = 0.00>
ST_1 : Operation 30 [1/1] (0.00ns)   --->   "%cluster_threshold_read = read i20 @_ssdm_op_Read.ap_auto.i20, i20 %cluster_threshold"   --->   Operation 30 'read' 'cluster_threshold_read' <Predicate = true> <Delay = 0.00>
ST_1 : Operation 31 [1/1] (0.00ns)   --->   "%seed_threshold_read = read i12 @_ssdm_op_Read.ap_auto.i12, i12 %seed_threshold"   --->   Operation 31 'read' 'seed_threshold_read' <Predicate = true> <Delay = 0.00>
ST_1 : Operation 32 [1/1] (0.00ns)   --->   "%specinterface_ln0 = specinterface void @_ssdm_op_SpecInterface, i12 %grid, void @empty, i32 0, i32 0, void @empty_0, i32 4294967295, i32 0, void @empty_0, void @empty_0, void @empty_0, i32 0, i32 0, i32 0, i32 0, void @empty_0, void @empty_0, i32 4294967295, i32 0, i32 0"   --->   Operation 32 'specinterface' 'specinterface_ln0' <Predicate = true> <Delay = 0.00>
ST_1 : Operation 33 [1/1] (0.38ns)   --->   "%store_ln0 = store i32 0, i32 %inc5"   --->   Operation 33 'store' 'store_ln0' <Predicate = true> <Delay = 0.38>
ST_1 : Operation 34 [1/1] (0.38ns)   --->   "%store_ln0 = store i32 0, i32 %empty"   --->   Operation 34 'store' 'store_ln0' <Predicate = true> <Delay = 0.38>
ST_1 : Operation 35 [1/1] (0.38ns)   --->   "%store_ln0 = store i11 0, i11 %indvar_flatten"   --->   Operation 35 'store' 'store_ln0' <Predicate = true> <Delay = 0.38>
ST_1 : Operation 36 [1/1] (0.38ns)   --->   "%store_ln142 = store i5 2, i5 %eta" [./calorimeter.h:142->./calorimeter.h:231]   --->   Operation 36 'store' 'store_ln142' <Predicate = true> <Delay = 0.38>
ST_1 : Operation 37 [1/1] (0.38ns)   --->   "%store_ln173 = store i6 2, i6 %phi_idx_1" [./calorimeter.h:173->./calorimeter.h:226]   --->   Operation 37 'store' 'store_ln173' <Predicate = true> <Delay = 0.38>
ST_1 : Operation 38 [1/1] (0.00ns)   --->   "%br_ln218 = br void %for.body4" [./calorimeter.h:218]   --->   Operation 38 'br' 'br_ln218' <Predicate = true> <Delay = 0.00>
ST_1 : Operation 39 [1/1] (0.00ns)   --->   "%indvar_flatten_load = load i11 %indvar_flatten" [./calorimeter.h:218]   --->   Operation 39 'load' 'indvar_flatten_load' <Predicate = true> <Delay = 0.00>
ST_1 : Operation 40 [1/1] (0.73ns)   --->   "%icmp_ln218 = icmp_eq  i11 %indvar_flatten_load, i11 1456" [./calorimeter.h:218]   --->   Operation 40 'icmp' 'icmp_ln218' <Predicate = true> <Delay = 0.73> <CoreInst = "Cmp">   --->   Core 9 'Cmp' <Latency = 0> <II = 1> <Delay = 0.73> <FuncUnit> <Opcode : 'seteq' 'setne' 'setle' 'setge' 'setlt' 'setgt'> <InPorts = 2> <OutPorts = 1>
ST_1 : Operation 41 [1/1] (0.73ns)   --->   "%add_ln218 = add i11 %indvar_flatten_load, i11 1" [./calorimeter.h:218]   --->   Operation 41 'add' 'add_ln218' <Predicate = true> <Delay = 0.73> <CoreInst = "Adder">   --->   Core 1 'Adder' <Latency = 0> <II = 1> <Delay = 0.73> <FuncUnit> <Opcode : 'add' 'sub'> <InPorts = 2> <OutPorts = 1>
ST_1 : Operation 42 [1/1] (0.00ns)   --->   "%br_ln218 = br i1 %icmp_ln218, void %for.inc39, void %for.end42" [./calorimeter.h:218]   --->   Operation 42 'br' 'br_ln218' <Predicate = true> <Delay = 0.00>
ST_1 : Operation 43 [1/1] (0.00ns)   --->   "%phi_idx_1_load = load i6 %phi_idx_1" [./calorimeter.h:219]   --->   Operation 43 'load' 'phi_idx_1_load' <Predicate = (!icmp_ln218)> <Delay = 0.00>
ST_1 : Operation 44 [1/1] (0.00ns)   --->   "%eta_load = load i5 %eta" [./calorimeter.h:218]   --->   Operation 44 'load' 'eta_load' <Predicate = (!icmp_ln218)> <Delay = 0.00>
ST_1 : Operation 45 [1/1] (0.70ns)   --->   "%eta_2 = add i5 %eta_load, i5 1" [./calorimeter.h:218]   --->   Operation 45 'add' 'eta_2' <Predicate = (!icmp_ln218)> <Delay = 0.70> <CoreInst = "Adder">   --->   Core 1 'Adder' <Latency = 0> <II = 1> <Delay = 0.70> <FuncUnit> <Opcode : 'add' 'sub'> <InPorts = 2> <OutPorts = 1>
ST_1 : Operation 46 [1/1] (0.70ns)   --->   "%icmp_ln219 = icmp_eq  i6 %phi_idx_1_load, i6 58" [./calorimeter.h:219]   --->   Operation 46 'icmp' 'icmp_ln219' <Predicate = (!icmp_ln218)> <Delay = 0.70> <CoreInst = "Cmp">   --->   Core 9 'Cmp' <Latency = 0> <II = 1> <Delay = 0.70> <FuncUnit> <Opcode : 'seteq' 'setne' 'setle' 'setge' 'setlt' 'setgt'> <InPorts = 2> <OutPorts = 1>
ST_1 : Operation 47 [1/1] (0.29ns)   --->   "%select_ln218 = select i1 %icmp_ln219, i6 2, i6 %phi_idx_1_load" [./calorimeter.h:218]   --->   Operation 47 'select' 'select_ln218' <Predicate = (!icmp_ln218)> <Delay = 0.29> <CoreInst = "Sel">   --->   Core 73 'Sel' <Latency = 0> <II = 1> <Delay = 0.29> <FuncUnit> <Opcode : 'select'> <InPorts = 3> <OutPorts = 1>
ST_1 : Operation 48 [1/1] (0.27ns)   --->   "%select_ln218_1 = select i1 %icmp_ln219, i5 %eta_2, i5 %eta_load" [./calorimeter.h:218]   --->   Operation 48 'select' 'select_ln218_1' <Predicate = (!icmp_ln218)> <Delay = 0.27> <CoreInst = "Sel">   --->   Core 73 'Sel' <Latency = 0> <II = 1> <Delay = 0.27> <FuncUnit> <Opcode : 'select'> <InPorts = 3> <OutPorts = 1>
ST_1 : Operation 49 [1/1] (0.00ns)   --->   "%p_shl1 = bitconcatenate i11 @_ssdm_op_BitConcatenate.i11.i5.i6, i5 %select_ln218_1, i6 0" [./calorimeter.h:220]   --->   Operation 49 'bitconcatenate' 'p_shl1' <Predicate = (!icmp_ln218)> <Delay = 0.00>
ST_1 : Operation 50 [1/1] (0.00ns)   --->   "%tmp = bitconcatenate i7 @_ssdm_op_BitConcatenate.i7.i5.i2, i5 %select_ln218_1, i2 0" [./calorimeter.h:220]   --->   Operation 50 'bitconcatenate' 'tmp' <Predicate = (!icmp_ln218)> <Delay = 0.00>
ST_1 : Operation 51 [1/1] (0.00ns)   --->   "%zext_ln220 = zext i7 %tmp" [./calorimeter.h:220]   --->   Operation 51 'zext' 'zext_ln220' <Predicate = (!icmp_ln218)> <Delay = 0.00>
ST_1 : Operation 52 [1/1] (0.73ns)   --->   "%sub_ln220 = sub i11 %p_shl1, i11 %zext_ln220" [./calorimeter.h:220]   --->   Operation 52 'sub' 'sub_ln220' <Predicate = (!icmp_ln218)> <Delay = 0.73> <CoreInst = "Adder">   --->   Core 1 'Adder' <Latency = 0> <II = 1> <Delay = 0.73> <FuncUnit> <Opcode : 'add' 'sub'> <InPorts = 2> <OutPorts = 1>
ST_1 : Operation 53 [1/1] (0.00ns)   --->   "%zext_ln220_1 = zext i6 %select_ln218" [./calorimeter.h:220]   --->   Operation 53 'zext' 'zext_ln220_1' <Predicate = (!icmp_ln218)> <Delay = 0.00>
ST_1 : Operation 54 [1/1] (0.73ns)   --->   "%add_ln220 = add i11 %sub_ln220, i11 %zext_ln220_1" [./calorimeter.h:220]   --->   Operation 54 'add' 'add_ln220' <Predicate = (!icmp_ln218)> <Delay = 0.73> <CoreInst = "Adder">   --->   Core 1 'Adder' <Latency = 0> <II = 1> <Delay = 0.73> <FuncUnit> <Opcode : 'add' 'sub'> <InPorts = 2> <OutPorts = 1>
ST_1 : Operation 55 [1/1] (0.00ns)   --->   "%zext_ln220_2 = zext i11 %add_ln220" [./calorimeter.h:220]   --->   Operation 55 'zext' 'zext_ln220_2' <Predicate = (!icmp_ln218)> <Delay = 0.00>
ST_1 : Operation 56 [1/1] (0.00ns)   --->   "%grid_addr = getelementptr i12 %grid, i64 0, i64 %zext_ln220_2" [./calorimeter.h:220]   --->   Operation 56 'getelementptr' 'grid_addr' <Predicate = (!icmp_ln218)> <Delay = 0.00>
ST_1 : Operation 57 [2/2] (1.20ns)   --->   "%center_et = load i11 %grid_addr" [./calorimeter.h:220]   --->   Operation 57 'load' 'center_et' <Predicate = (!icmp_ln218)> <Delay = 1.20> <CoreInst = "RAM">   --->   Core 82 'RAM' <Latency = 1> <II = 1> <Delay = 1.20> <Storage> <Opcode : 'load' 'store'> <Ports = 2> <Width = 12> <Depth = 1800> <RAM>
ST_1 : Operation 58 [1/1] (0.70ns)   --->   "%phi = add i6 %select_ln218, i6 1" [./calorimeter.h:219]   --->   Operation 58 'add' 'phi' <Predicate = (!icmp_ln218)> <Delay = 0.70> <CoreInst = "Adder">   --->   Core 1 'Adder' <Latency = 0> <II = 1> <Delay = 0.70> <FuncUnit> <Opcode : 'add' 'sub'> <InPorts = 2> <OutPorts = 1>
ST_1 : Operation 59 [1/1] (0.38ns)   --->   "%store_ln218 = store i11 %add_ln218, i11 %indvar_flatten" [./calorimeter.h:218]   --->   Operation 59 'store' 'store_ln218' <Predicate = (!icmp_ln218)> <Delay = 0.38>
ST_1 : Operation 60 [1/1] (0.38ns)   --->   "%store_ln142 = store i5 %select_ln218_1, i5 %eta" [./calorimeter.h:142->./calorimeter.h:231]   --->   Operation 60 'store' 'store_ln142' <Predicate = (!icmp_ln218)> <Delay = 0.38>
ST_1 : Operation 61 [1/1] (0.38ns)   --->   "%store_ln173 = store i6 %phi, i6 %phi_idx_1" [./calorimeter.h:173->./calorimeter.h:226]   --->   Operation 61 'store' 'store_ln173' <Predicate = (!icmp_ln218)> <Delay = 0.38>
ST_1 : Operation 62 [1/1] (0.00ns)   --->   "%br_ln219 = br void %for.body4" [./calorimeter.h:219]   --->   Operation 62 'br' 'br_ln219' <Predicate = (!icmp_ln218)> <Delay = 0.00>

State 2 <SV = 1> <Delay = 3.38>
ST_2 : Operation 63 [1/1] (0.70ns)   --->   "%empty_11 = add i5 %select_ln218_1, i5 31" [./calorimeter.h:218]   --->   Operation 63 'add' 'empty_11' <Predicate = (!icmp_ln218)> <Delay = 0.70> <CoreInst = "Adder">   --->   Core 1 'Adder' <Latency = 0> <II = 1> <Delay = 0.70> <FuncUnit> <Opcode : 'add' 'sub'> <InPorts = 2> <OutPorts = 1>
ST_2 : Operation 64 [1/1] (0.00ns)   --->   "%p_shl2 = bitconcatenate i11 @_ssdm_op_BitConcatenate.i11.i5.i6, i5 %empty_11, i6 0" [./calorimeter.h:175->./calorimeter.h:226]   --->   Operation 64 'bitconcatenate' 'p_shl2' <Predicate = (!icmp_ln218)> <Delay = 0.00>
ST_2 : Operation 65 [1/1] (0.00ns)   --->   "%tmp_1 = bitconcatenate i7 @_ssdm_op_BitConcatenate.i7.i5.i2, i5 %empty_11, i2 0" [./calorimeter.h:175->./calorimeter.h:226]   --->   Operation 65 'bitconcatenate' 'tmp_1' <Predicate = (!icmp_ln218)> <Delay = 0.00>
ST_2 : Operation 66 [1/1] (0.00ns)   --->   "%zext_ln175 = zext i7 %tmp_1" [./calorimeter.h:175->./calorimeter.h:226]   --->   Operation 66 'zext' 'zext_ln175' <Predicate = (!icmp_ln218)> <Delay = 0.00>
ST_2 : Operation 67 [1/1] (0.73ns)   --->   "%sub_ln175 = sub i11 %p_shl2, i11 %zext_ln175" [./calorimeter.h:175->./calorimeter.h:226]   --->   Operation 67 'sub' 'sub_ln175' <Predicate = (!icmp_ln218)> <Delay = 0.73> <CoreInst = "Adder">   --->   Core 1 'Adder' <Latency = 0> <II = 1> <Delay = 0.73> <FuncUnit> <Opcode : 'add' 'sub'> <InPorts = 2> <OutPorts = 1>
ST_2 : Operation 68 [1/2] (1.20ns)   --->   "%center_et = load i11 %grid_addr" [./calorimeter.h:220]   --->   Operation 68 'load' 'center_et' <Predicate = (!icmp_ln218)> <Delay = 1.20> <CoreInst = "RAM">   --->   Core 82 'RAM' <Latency = 1> <II = 1> <Delay = 1.20> <Storage> <Opcode : 'load' 'store'> <Ports = 2> <Width = 12> <Depth = 1800> <RAM>
ST_2 : Operation 69 [1/1] (0.74ns)   --->   "%icmp_ln222 = icmp_ult  i12 %center_et, i12 %seed_threshold_read" [./calorimeter.h:222]   --->   Operation 69 'icmp' 'icmp_ln222' <Predicate = (!icmp_ln218)> <Delay = 0.74> <CoreInst = "Cmp">   --->   Core 9 'Cmp' <Latency = 0> <II = 1> <Delay = 0.74> <FuncUnit> <Opcode : 'seteq' 'setne' 'setle' 'setge' 'setlt' 'setgt'> <InPorts = 2> <OutPorts = 1>
ST_2 : Operation 70 [1/1] (0.00ns)   --->   "%br_ln222 = br i1 %icmp_ln222, void %if.end, void %cleanup36" [./calorimeter.h:222]   --->   Operation 70 'br' 'br_ln222' <Predicate = (!icmp_ln218)> <Delay = 0.00>
ST_2 : Operation 71 [1/1] (0.70ns)   --->   "%phi_idx = add i6 %select_ln218, i6 63" [./calorimeter.h:173->./calorimeter.h:226]   --->   Operation 71 'add' 'phi_idx' <Predicate = (!icmp_ln218 & !icmp_ln222)> <Delay = 0.70> <CoreInst = "Adder">   --->   Core 1 'Adder' <Latency = 0> <II = 1> <Delay = 0.70> <FuncUnit> <Opcode : 'add' 'sub'> <InPorts = 2> <OutPorts = 1>
ST_2 : Operation 72 [1/1] (0.00ns)   --->   "%zext_ln175_1 = zext i6 %phi_idx" [./calorimeter.h:175->./calorimeter.h:226]   --->   Operation 72 'zext' 'zext_ln175_1' <Predicate = (!icmp_ln218 & !icmp_ln222)> <Delay = 0.00>
ST_2 : Operation 73 [1/1] (0.73ns)   --->   "%add_ln175 = add i11 %sub_ln175, i11 %zext_ln175_1" [./calorimeter.h:175->./calorimeter.h:226]   --->   Operation 73 'add' 'add_ln175' <Predicate = (!icmp_ln218 & !icmp_ln222)> <Delay = 0.73> <CoreInst = "Adder">   --->   Core 1 'Adder' <Latency = 0> <II = 1> <Delay = 0.73> <FuncUnit> <Opcode : 'add' 'sub'> <InPorts = 2> <OutPorts = 1>
ST_2 : Operation 74 [1/1] (0.00ns)   --->   "%zext_ln175_2 = zext i11 %add_ln175" [./calorimeter.h:175->./calorimeter.h:226]   --->   Operation 74 'zext' 'zext_ln175_2' <Predicate = (!icmp_ln218 & !icmp_ln222)> <Delay = 0.00>
ST_2 : Operation 75 [1/1] (0.00ns)   --->   "%grid_addr_1 = getelementptr i12 %grid, i64 0, i64 %zext_ln175_2" [./calorimeter.h:175->./calorimeter.h:226]   --->   Operation 75 'getelementptr' 'grid_addr_1' <Predicate = (!icmp_ln218 & !icmp_ln222)> <Delay = 0.00>
ST_2 : Operation 76 [2/2] (1.20ns)   --->   "%neighbor = load i11 %grid_addr_1" [./calorimeter.h:175->./calorimeter.h:226]   --->   Operation 76 'load' 'neighbor' <Predicate = (!icmp_ln218 & !icmp_ln222)> <Delay = 1.20> <CoreInst = "RAM">   --->   Core 82 'RAM' <Latency = 1> <II = 1> <Delay = 1.20> <Storage> <Opcode : 'load' 'store'> <Ports = 2> <Width = 12> <Depth = 1800> <RAM>

State 3 <SV = 2> <Delay = 1.94>
ST_3 : Operation 77 [1/2] (1.20ns)   --->   "%neighbor = load i11 %grid_addr_1" [./calorimeter.h:175->./calorimeter.h:226]   --->   Operation 77 'load' 'neighbor' <Predicate = (!icmp_ln218 & !icmp_ln222)> <Delay = 1.20> <CoreInst = "RAM">   --->   Core 82 'RAM' <Latency = 1> <II = 1> <Delay = 1.20> <Storage> <Opcode : 'load' 'store'> <Ports = 2> <Width = 12> <Depth = 1800> <RAM>
ST_3 : Operation 78 [1/1] (0.74ns)   --->   "%icmp_ln177 = icmp_ult  i12 %neighbor, i12 %center_et" [./calorimeter.h:177->./calorimeter.h:226]   --->   Operation 78 'icmp' 'icmp_ln177' <Predicate = (!icmp_ln218 & !icmp_ln222)> <Delay = 0.74> <CoreInst = "Cmp">   --->   Core 9 'Cmp' <Latency = 0> <II = 1> <Delay = 0.74> <FuncUnit> <Opcode : 'seteq' 'setne' 'setle' 'setge' 'setlt' 'setgt'> <InPorts = 2> <OutPorts = 1>
ST_3 : Operation 79 [1/1] (0.00ns)   --->   "%br_ln177 = br i1 %icmp_ln177, void %.loopexit, void %_Z8wrap_phii.exit.i.116" [./calorimeter.h:177->./calorimeter.h:226]   --->   Operation 79 'br' 'br_ln177' <Predicate = (!icmp_ln218 & !icmp_ln222)> <Delay = 0.00>
ST_3 : Operation 80 [1/1] (0.73ns)   --->   "%add_ln175_4 = add i11 %sub_ln175, i11 %zext_ln220_1" [./calorimeter.h:175->./calorimeter.h:226]   --->   Operation 80 'add' 'add_ln175_4' <Predicate = (!icmp_ln218 & !icmp_ln222 & icmp_ln177)> <Delay = 0.73> <CoreInst = "Adder">   --->   Core 1 'Adder' <Latency = 0> <II = 1> <Delay = 0.73> <FuncUnit> <Opcode : 'add' 'sub'> <InPorts = 2> <OutPorts = 1>
ST_3 : Operation 81 [1/1] (0.00ns)   --->   "%zext_ln175_6 = zext i11 %add_ln175_4" [./calorimeter.h:175->./calorimeter.h:226]   --->   Operation 81 'zext' 'zext_ln175_6' <Predicate = (!icmp_ln218 & !icmp_ln222 & icmp_ln177)> <Delay = 0.00>
ST_3 : Operation 82 [1/1] (0.00ns)   --->   "%grid_addr_2 = getelementptr i12 %grid, i64 0, i64 %zext_ln175_6" [./calorimeter.h:175->./calorimeter.h:226]   --->   Operation 82 'getelementptr' 'grid_addr_2' <Predicate = (!icmp_ln218 & !icmp_ln222 & icmp_ln177)> <Delay = 0.00>
ST_3 : Operation 83 [2/2] (1.20ns)   --->   "%neighbor_1 = load i11 %grid_addr_2" [./calorimeter.h:175->./calorimeter.h:226]   --->   Operation 83 'load' 'neighbor_1' <Predicate = (!icmp_ln218 & !icmp_ln222 & icmp_ln177)> <Delay = 1.20> <CoreInst = "RAM">   --->   Core 82 'RAM' <Latency = 1> <II = 1> <Delay = 1.20> <Storage> <Opcode : 'load' 'store'> <Ports = 2> <Width = 12> <Depth = 1800> <RAM>

State 4 <SV = 3> <Delay = 2.64>
ST_4 : Operation 84 [1/2] (1.20ns)   --->   "%neighbor_1 = load i11 %grid_addr_2" [./calorimeter.h:175->./calorimeter.h:226]   --->   Operation 84 'load' 'neighbor_1' <Predicate = (!icmp_ln218 & !icmp_ln222 & icmp_ln177)> <Delay = 1.20> <CoreInst = "RAM">   --->   Core 82 'RAM' <Latency = 1> <II = 1> <Delay = 1.20> <Storage> <Opcode : 'load' 'store'> <Ports = 2> <Width = 12> <Depth = 1800> <RAM>
ST_4 : Operation 85 [1/1] (0.74ns)   --->   "%icmp_ln177_1 = icmp_ult  i12 %neighbor_1, i12 %center_et" [./calorimeter.h:177->./calorimeter.h:226]   --->   Operation 85 'icmp' 'icmp_ln177_1' <Predicate = (!icmp_ln218 & !icmp_ln222 & icmp_ln177)> <Delay = 0.74> <CoreInst = "Cmp">   --->   Core 9 'Cmp' <Latency = 0> <II = 1> <Delay = 0.74> <FuncUnit> <Opcode : 'seteq' 'setne' 'setle' 'setge' 'setlt' 'setgt'> <InPorts = 2> <OutPorts = 1>
ST_4 : Operation 86 [1/1] (0.00ns)   --->   "%br_ln177 = br i1 %icmp_ln177_1, void %.loopexit, void %if.end.i.225" [./calorimeter.h:177->./calorimeter.h:226]   --->   Operation 86 'br' 'br_ln177' <Predicate = (!icmp_ln218 & !icmp_ln222 & icmp_ln177)> <Delay = 0.00>
ST_4 : Operation 87 [1/1] (0.70ns)   --->   "%phi_idx_2 = add i6 %select_ln218, i6 1" [./calorimeter.h:173->./calorimeter.h:226]   --->   Operation 87 'add' 'phi_idx_2' <Predicate = (!icmp_ln218 & !icmp_ln222 & icmp_ln177 & icmp_ln177_1)> <Delay = 0.70> <CoreInst = "Adder">   --->   Core 1 'Adder' <Latency = 0> <II = 1> <Delay = 0.70> <FuncUnit> <Opcode : 'add' 'sub'> <InPorts = 2> <OutPorts = 1>
ST_4 : Operation 88 [1/1] (0.00ns)   --->   "%zext_ln151_65 = zext i6 %phi_idx_2" [./calorimeter.h:151->./calorimeter.h:197->./calorimeter.h:239]   --->   Operation 88 'zext' 'zext_ln151_65' <Predicate = (!icmp_ln218 & !icmp_ln222 & icmp_ln177 & icmp_ln177_1)> <Delay = 0.00>
ST_4 : Operation 89 [1/1] (0.73ns)   --->   "%add_ln175_7 = add i11 %sub_ln175, i11 %zext_ln151_65" [./calorimeter.h:175->./calorimeter.h:226]   --->   Operation 89 'add' 'add_ln175_7' <Predicate = (!icmp_ln218 & !icmp_ln222 & icmp_ln177 & icmp_ln177_1)> <Delay = 0.73> <CoreInst = "Adder">   --->   Core 1 'Adder' <Latency = 0> <II = 1> <Delay = 0.73> <FuncUnit> <Opcode : 'add' 'sub'> <InPorts = 2> <OutPorts = 1>
ST_4 : Operation 90 [1/1] (0.00ns)   --->   "%zext_ln175_9 = zext i11 %add_ln175_7" [./calorimeter.h:175->./calorimeter.h:226]   --->   Operation 90 'zext' 'zext_ln175_9' <Predicate = (!icmp_ln218 & !icmp_ln222 & icmp_ln177 & icmp_ln177_1)> <Delay = 0.00>
ST_4 : Operation 91 [1/1] (0.00ns)   --->   "%grid_addr_3 = getelementptr i12 %grid, i64 0, i64 %zext_ln175_9" [./calorimeter.h:175->./calorimeter.h:226]   --->   Operation 91 'getelementptr' 'grid_addr_3' <Predicate = (!icmp_ln218 & !icmp_ln222 & icmp_ln177 & icmp_ln177_1)> <Delay = 0.00>
ST_4 : Operation 92 [2/2] (1.20ns)   --->   "%neighbor_2 = load i11 %grid_addr_3" [./calorimeter.h:175->./calorimeter.h:226]   --->   Operation 92 'load' 'neighbor_2' <Predicate = (!icmp_ln218 & !icmp_ln222 & icmp_ln177 & icmp_ln177_1)> <Delay = 1.20> <CoreInst = "RAM">   --->   Core 82 'RAM' <Latency = 1> <II = 1> <Delay = 1.20> <Storage> <Opcode : 'load' 'store'> <Ports = 2> <Width = 12> <Depth = 1800> <RAM>

State 5 <SV = 4> <Delay = 1.94>
ST_5 : Operation 93 [1/1] (0.73ns)   --->   "%add_ln175_1 = add i11 %sub_ln220, i11 %zext_ln175_1" [./calorimeter.h:175->./calorimeter.h:226]   --->   Operation 93 'add' 'add_ln175_1' <Predicate = (!icmp_ln218 & !icmp_ln222)> <Delay = 0.73> <CoreInst = "Adder">   --->   Core 1 'Adder' <Latency = 0> <II = 1> <Delay = 0.73> <FuncUnit> <Opcode : 'add' 'sub'> <InPorts = 2> <OutPorts = 1>
ST_5 : Operation 94 [1/1] (0.00ns)   --->   "%zext_ln175_3 = zext i11 %add_ln175_1" [./calorimeter.h:175->./calorimeter.h:226]   --->   Operation 94 'zext' 'zext_ln175_3' <Predicate = (!icmp_ln218 & !icmp_ln222)> <Delay = 0.00>
ST_5 : Operation 95 [1/1] (0.00ns)   --->   "%grid_addr_4 = getelementptr i12 %grid, i64 0, i64 %zext_ln175_3" [./calorimeter.h:175->./calorimeter.h:226]   --->   Operation 95 'getelementptr' 'grid_addr_4' <Predicate = (!icmp_ln218 & !icmp_ln222)> <Delay = 0.00>
ST_5 : Operation 96 [1/2] (1.20ns)   --->   "%neighbor_2 = load i11 %grid_addr_3" [./calorimeter.h:175->./calorimeter.h:226]   --->   Operation 96 'load' 'neighbor_2' <Predicate = (!icmp_ln218 & !icmp_ln222 & icmp_ln177 & icmp_ln177_1)> <Delay = 1.20> <CoreInst = "RAM">   --->   Core 82 'RAM' <Latency = 1> <II = 1> <Delay = 1.20> <Storage> <Opcode : 'load' 'store'> <Ports = 2> <Width = 12> <Depth = 1800> <RAM>
ST_5 : Operation 97 [1/1] (0.74ns)   --->   "%icmp_ln177_2 = icmp_ult  i12 %neighbor_2, i12 %center_et" [./calorimeter.h:177->./calorimeter.h:226]   --->   Operation 97 'icmp' 'icmp_ln177_2' <Predicate = (!icmp_ln218 & !icmp_ln222 & icmp_ln177 & icmp_ln177_1)> <Delay = 0.74> <CoreInst = "Cmp">   --->   Core 9 'Cmp' <Latency = 0> <II = 1> <Delay = 0.74> <FuncUnit> <Opcode : 'seteq' 'setne' 'setle' 'setge' 'setlt' 'setgt'> <InPorts = 2> <OutPorts = 1>
ST_5 : Operation 98 [1/1] (0.00ns)   --->   "%br_ln177 = br i1 %icmp_ln177_2, void %.loopexit, void %_Z8wrap_phii.exit.i.1" [./calorimeter.h:177->./calorimeter.h:226]   --->   Operation 98 'br' 'br_ln177' <Predicate = (!icmp_ln218 & !icmp_ln222 & icmp_ln177 & icmp_ln177_1)> <Delay = 0.00>
ST_5 : Operation 99 [1/1] (0.00ns)   --->   "%br_ln226 = br void" [./calorimeter.h:226]   --->   Operation 99 'br' 'br_ln226' <Predicate = (!icmp_ln218 & !icmp_ln222 & !icmp_ln177_2) | (!icmp_ln218 & !icmp_ln222 & !icmp_ln177_1) | (!icmp_ln218 & !icmp_ln222 & !icmp_ln177)> <Delay = 0.00>
ST_5 : Operation 100 [2/2] (1.20ns)   --->   "%neighbor_3 = load i11 %grid_addr_4" [./calorimeter.h:175->./calorimeter.h:226]   --->   Operation 100 'load' 'neighbor_3' <Predicate = (!icmp_ln218 & !icmp_ln222 & icmp_ln177 & icmp_ln177_1 & icmp_ln177_2)> <Delay = 1.20> <CoreInst = "RAM">   --->   Core 82 'RAM' <Latency = 1> <II = 1> <Delay = 1.20> <Storage> <Opcode : 'load' 'store'> <Ports = 2> <Width = 12> <Depth = 1800> <RAM>

State 6 <SV = 5> <Delay = 1.94>
ST_6 : Operation 101 [1/1] (0.73ns)   --->   "%add_ln175_6 = add i11 %sub_ln220, i11 %zext_ln151_65" [./calorimeter.h:175->./calorimeter.h:226]   --->   Operation 101 'add' 'add_ln175_6' <Predicate = (!icmp_ln218 & !icmp_ln222 & icmp_ln177 & icmp_ln177_1)> <Delay = 0.73> <CoreInst = "Adder">   --->   Core 1 'Adder' <Latency = 0> <II = 1> <Delay = 0.73> <FuncUnit> <Opcode : 'add' 'sub'> <InPorts = 2> <OutPorts = 1>
ST_6 : Operation 102 [1/1] (0.00ns)   --->   "%zext_ln175_8 = zext i11 %add_ln175_6" [./calorimeter.h:175->./calorimeter.h:226]   --->   Operation 102 'zext' 'zext_ln175_8' <Predicate = (!icmp_ln218 & !icmp_ln222 & icmp_ln177 & icmp_ln177_1)> <Delay = 0.00>
ST_6 : Operation 103 [1/1] (0.00ns)   --->   "%grid_addr_5 = getelementptr i12 %grid, i64 0, i64 %zext_ln175_8" [./calorimeter.h:175->./calorimeter.h:226]   --->   Operation 103 'getelementptr' 'grid_addr_5' <Predicate = (!icmp_ln218 & !icmp_ln222 & icmp_ln177 & icmp_ln177_1)> <Delay = 0.00>
ST_6 : Operation 104 [1/2] (1.20ns)   --->   "%neighbor_3 = load i11 %grid_addr_4" [./calorimeter.h:175->./calorimeter.h:226]   --->   Operation 104 'load' 'neighbor_3' <Predicate = (!icmp_ln218 & !icmp_ln222 & icmp_ln177 & icmp_ln177_1 & icmp_ln177_2)> <Delay = 1.20> <CoreInst = "RAM">   --->   Core 82 'RAM' <Latency = 1> <II = 1> <Delay = 1.20> <Storage> <Opcode : 'load' 'store'> <Ports = 2> <Width = 12> <Depth = 1800> <RAM>
ST_6 : Operation 105 [1/1] (0.74ns)   --->   "%icmp_ln177_3 = icmp_ult  i12 %neighbor_3, i12 %center_et" [./calorimeter.h:177->./calorimeter.h:226]   --->   Operation 105 'icmp' 'icmp_ln177_3' <Predicate = (!icmp_ln218 & !icmp_ln222 & icmp_ln177 & icmp_ln177_1 & icmp_ln177_2)> <Delay = 0.74> <CoreInst = "Cmp">   --->   Core 9 'Cmp' <Latency = 0> <II = 1> <Delay = 0.74> <FuncUnit> <Opcode : 'seteq' 'setne' 'setle' 'setge' 'setlt' 'setgt'> <InPorts = 2> <OutPorts = 1>
ST_6 : Operation 106 [1/1] (0.00ns)   --->   "%br_ln177 = br i1 %icmp_ln177_3, void %.loopexit1, void %_Z8wrap_phii.exit.i.1.2" [./calorimeter.h:177->./calorimeter.h:226]   --->   Operation 106 'br' 'br_ln177' <Predicate = (!icmp_ln218 & !icmp_ln222 & icmp_ln177 & icmp_ln177_1 & icmp_ln177_2)> <Delay = 0.00>
ST_6 : Operation 107 [2/2] (1.20ns)   --->   "%neighbor_4 = load i11 %grid_addr_5" [./calorimeter.h:175->./calorimeter.h:226]   --->   Operation 107 'load' 'neighbor_4' <Predicate = (!icmp_ln218 & !icmp_ln222 & icmp_ln177 & icmp_ln177_1 & icmp_ln177_2 & icmp_ln177_3)> <Delay = 1.20> <CoreInst = "RAM">   --->   Core 82 'RAM' <Latency = 1> <II = 1> <Delay = 1.20> <Storage> <Opcode : 'load' 'store'> <Ports = 2> <Width = 12> <Depth = 1800> <RAM>

State 7 <SV = 6> <Delay = 3.38>
ST_7 : Operation 108 [1/1] (0.70ns)   --->   "%empty_12 = add i5 %select_ln218_1, i5 1" [./calorimeter.h:218]   --->   Operation 108 'add' 'empty_12' <Predicate = (!icmp_ln218)> <Delay = 0.70> <CoreInst = "Adder">   --->   Core 1 'Adder' <Latency = 0> <II = 1> <Delay = 0.70> <FuncUnit> <Opcode : 'add' 'sub'> <InPorts = 2> <OutPorts = 1>
ST_7 : Operation 109 [1/1] (0.00ns)   --->   "%p_shl3 = bitconcatenate i11 @_ssdm_op_BitConcatenate.i11.i5.i6, i5 %empty_12, i6 0" [./calorimeter.h:151->./calorimeter.h:197->./calorimeter.h:239]   --->   Operation 109 'bitconcatenate' 'p_shl3' <Predicate = (!icmp_ln218)> <Delay = 0.00>
ST_7 : Operation 110 [1/1] (0.00ns)   --->   "%tmp_2 = bitconcatenate i7 @_ssdm_op_BitConcatenate.i7.i5.i2, i5 %empty_12, i2 0" [./calorimeter.h:151->./calorimeter.h:197->./calorimeter.h:239]   --->   Operation 110 'bitconcatenate' 'tmp_2' <Predicate = (!icmp_ln218)> <Delay = 0.00>
ST_7 : Operation 111 [1/1] (0.00ns)   --->   "%zext_ln151 = zext i7 %tmp_2" [./calorimeter.h:151->./calorimeter.h:197->./calorimeter.h:239]   --->   Operation 111 'zext' 'zext_ln151' <Predicate = (!icmp_ln218)> <Delay = 0.00>
ST_7 : Operation 112 [1/1] (0.73ns)   --->   "%sub_ln151_8 = sub i11 %p_shl3, i11 %zext_ln151" [./calorimeter.h:151->./calorimeter.h:197->./calorimeter.h:239]   --->   Operation 112 'sub' 'sub_ln151_8' <Predicate = (!icmp_ln218)> <Delay = 0.73> <CoreInst = "Adder">   --->   Core 1 'Adder' <Latency = 0> <II = 1> <Delay = 0.73> <FuncUnit> <Opcode : 'add' 'sub'> <InPorts = 2> <OutPorts = 1>
ST_7 : Operation 113 [1/1] (0.73ns)   --->   "%add_ln175_2 = add i11 %sub_ln151_8, i11 %zext_ln175_1" [./calorimeter.h:175->./calorimeter.h:226]   --->   Operation 113 'add' 'add_ln175_2' <Predicate = (!icmp_ln218 & !icmp_ln222)> <Delay = 0.73> <CoreInst = "Adder">   --->   Core 1 'Adder' <Latency = 0> <II = 1> <Delay = 0.73> <FuncUnit> <Opcode : 'add' 'sub'> <InPorts = 2> <OutPorts = 1>
ST_7 : Operation 114 [1/1] (0.00ns)   --->   "%zext_ln175_4 = zext i11 %add_ln175_2" [./calorimeter.h:175->./calorimeter.h:226]   --->   Operation 114 'zext' 'zext_ln175_4' <Predicate = (!icmp_ln218 & !icmp_ln222)> <Delay = 0.00>
ST_7 : Operation 115 [1/1] (0.00ns)   --->   "%grid_addr_6 = getelementptr i12 %grid, i64 0, i64 %zext_ln175_4" [./calorimeter.h:175->./calorimeter.h:226]   --->   Operation 115 'getelementptr' 'grid_addr_6' <Predicate = (!icmp_ln218 & !icmp_ln222)> <Delay = 0.00>
ST_7 : Operation 116 [1/2] (1.20ns)   --->   "%neighbor_4 = load i11 %grid_addr_5" [./calorimeter.h:175->./calorimeter.h:226]   --->   Operation 116 'load' 'neighbor_4' <Predicate = (!icmp_ln218 & !icmp_ln222 & icmp_ln177 & icmp_ln177_1 & icmp_ln177_2 & icmp_ln177_3)> <Delay = 1.20> <CoreInst = "RAM">   --->   Core 82 'RAM' <Latency = 1> <II = 1> <Delay = 1.20> <Storage> <Opcode : 'load' 'store'> <Ports = 2> <Width = 12> <Depth = 1800> <RAM>
ST_7 : Operation 117 [1/1] (0.74ns)   --->   "%icmp_ln177_4 = icmp_ugt  i12 %neighbor_4, i12 %center_et" [./calorimeter.h:177->./calorimeter.h:226]   --->   Operation 117 'icmp' 'icmp_ln177_4' <Predicate = (!icmp_ln218 & !icmp_ln222 & icmp_ln177 & icmp_ln177_1 & icmp_ln177_2 & icmp_ln177_3)> <Delay = 0.74> <CoreInst = "Cmp">   --->   Core 9 'Cmp' <Latency = 0> <II = 1> <Delay = 0.74> <FuncUnit> <Opcode : 'seteq' 'setne' 'setle' 'setge' 'setlt' 'setgt'> <InPorts = 2> <OutPorts = 1>
ST_7 : Operation 118 [1/1] (0.00ns)   --->   "%br_ln177 = br i1 %icmp_ln177_4, void %if.else.i.1.2, void %.loopexit1" [./calorimeter.h:177->./calorimeter.h:226]   --->   Operation 118 'br' 'br_ln177' <Predicate = (!icmp_ln218 & !icmp_ln222 & icmp_ln177 & icmp_ln177_1 & icmp_ln177_2 & icmp_ln177_3)> <Delay = 0.00>
ST_7 : Operation 119 [2/2] (1.20ns)   --->   "%neighbor_5 = load i11 %grid_addr_6" [./calorimeter.h:175->./calorimeter.h:226]   --->   Operation 119 'load' 'neighbor_5' <Predicate = (!icmp_ln218 & !icmp_ln222 & icmp_ln177 & icmp_ln177_1 & icmp_ln177_2 & icmp_ln177_3 & !icmp_ln177_4)> <Delay = 1.20> <CoreInst = "RAM">   --->   Core 82 'RAM' <Latency = 1> <II = 1> <Delay = 1.20> <Storage> <Opcode : 'load' 'store'> <Ports = 2> <Width = 12> <Depth = 1800> <RAM>
ST_7 : Operation 120 [1/1] (0.00ns)   --->   "%br_ln226 = br void" [./calorimeter.h:226]   --->   Operation 120 'br' 'br_ln226' <Predicate = (!icmp_ln218 & !icmp_ln222 & icmp_ln177 & icmp_ln177_1 & icmp_ln177_2 & icmp_ln177_4) | (!icmp_ln218 & !icmp_ln222 & icmp_ln177 & icmp_ln177_1 & icmp_ln177_2 & !icmp_ln177_3)> <Delay = 0.00>

State 8 <SV = 7> <Delay = 1.94>
ST_8 : Operation 121 [1/1] (0.73ns)   --->   "%add_ln175_3 = add i11 %sub_ln151_8, i11 %zext_ln220_1" [./calorimeter.h:175->./calorimeter.h:226]   --->   Operation 121 'add' 'add_ln175_3' <Predicate = (!icmp_ln218 & !icmp_ln222 & icmp_ln177)> <Delay = 0.73> <CoreInst = "Adder">   --->   Core 1 'Adder' <Latency = 0> <II = 1> <Delay = 0.73> <FuncUnit> <Opcode : 'add' 'sub'> <InPorts = 2> <OutPorts = 1>
ST_8 : Operation 122 [1/1] (0.00ns)   --->   "%zext_ln175_5 = zext i11 %add_ln175_3" [./calorimeter.h:175->./calorimeter.h:226]   --->   Operation 122 'zext' 'zext_ln175_5' <Predicate = (!icmp_ln218 & !icmp_ln222 & icmp_ln177)> <Delay = 0.00>
ST_8 : Operation 123 [1/1] (0.00ns)   --->   "%grid_addr_7 = getelementptr i12 %grid, i64 0, i64 %zext_ln175_5" [./calorimeter.h:175->./calorimeter.h:226]   --->   Operation 123 'getelementptr' 'grid_addr_7' <Predicate = (!icmp_ln218 & !icmp_ln222 & icmp_ln177)> <Delay = 0.00>
ST_8 : Operation 124 [1/2] (1.20ns)   --->   "%neighbor_5 = load i11 %grid_addr_6" [./calorimeter.h:175->./calorimeter.h:226]   --->   Operation 124 'load' 'neighbor_5' <Predicate = (!icmp_ln218 & !icmp_ln222 & icmp_ln177 & icmp_ln177_1 & icmp_ln177_2 & icmp_ln177_3 & !icmp_ln177_4)> <Delay = 1.20> <CoreInst = "RAM">   --->   Core 82 'RAM' <Latency = 1> <II = 1> <Delay = 1.20> <Storage> <Opcode : 'load' 'store'> <Ports = 2> <Width = 12> <Depth = 1800> <RAM>
ST_8 : Operation 125 [1/1] (0.74ns)   --->   "%icmp_ln177_5 = icmp_ugt  i12 %neighbor_5, i12 %center_et" [./calorimeter.h:177->./calorimeter.h:226]   --->   Operation 125 'icmp' 'icmp_ln177_5' <Predicate = (!icmp_ln218 & !icmp_ln222 & icmp_ln177 & icmp_ln177_1 & icmp_ln177_2 & icmp_ln177_3 & !icmp_ln177_4)> <Delay = 0.74> <CoreInst = "Cmp">   --->   Core 9 'Cmp' <Latency = 0> <II = 1> <Delay = 0.74> <FuncUnit> <Opcode : 'seteq' 'setne' 'setle' 'setge' 'setlt' 'setgt'> <InPorts = 2> <OutPorts = 1>
ST_8 : Operation 126 [1/1] (0.00ns)   --->   "%br_ln177 = br i1 %icmp_ln177_5, void %_Z8wrap_phii.exit.i.2.1, void %.loopexit2" [./calorimeter.h:177->./calorimeter.h:226]   --->   Operation 126 'br' 'br_ln177' <Predicate = (!icmp_ln218 & !icmp_ln222 & icmp_ln177 & icmp_ln177_1 & icmp_ln177_2 & icmp_ln177_3 & !icmp_ln177_4)> <Delay = 0.00>
ST_8 : Operation 127 [2/2] (1.20ns)   --->   "%neighbor_6 = load i11 %grid_addr_7" [./calorimeter.h:175->./calorimeter.h:226]   --->   Operation 127 'load' 'neighbor_6' <Predicate = (!icmp_ln218 & !icmp_ln222 & icmp_ln177 & icmp_ln177_1 & icmp_ln177_2 & icmp_ln177_3 & !icmp_ln177_4 & !icmp_ln177_5)> <Delay = 1.20> <CoreInst = "RAM">   --->   Core 82 'RAM' <Latency = 1> <II = 1> <Delay = 1.20> <Storage> <Opcode : 'load' 'store'> <Ports = 2> <Width = 12> <Depth = 1800> <RAM>

State 9 <SV = 8> <Delay = 1.94>
ST_9 : Operation 128 [1/1] (0.73ns)   --->   "%add_ln175_5 = add i11 %sub_ln151_8, i11 %zext_ln151_65" [./calorimeter.h:175->./calorimeter.h:226]   --->   Operation 128 'add' 'add_ln175_5' <Predicate = (!icmp_ln218 & !icmp_ln222 & icmp_ln177 & icmp_ln177_1)> <Delay = 0.73> <CoreInst = "Adder">   --->   Core 1 'Adder' <Latency = 0> <II = 1> <Delay = 0.73> <FuncUnit> <Opcode : 'add' 'sub'> <InPorts = 2> <OutPorts = 1>
ST_9 : Operation 129 [1/1] (0.00ns)   --->   "%zext_ln175_7 = zext i11 %add_ln175_5" [./calorimeter.h:175->./calorimeter.h:226]   --->   Operation 129 'zext' 'zext_ln175_7' <Predicate = (!icmp_ln218 & !icmp_ln222 & icmp_ln177 & icmp_ln177_1)> <Delay = 0.00>
ST_9 : Operation 130 [1/1] (0.00ns)   --->   "%grid_addr_8 = getelementptr i12 %grid, i64 0, i64 %zext_ln175_7" [./calorimeter.h:175->./calorimeter.h:226]   --->   Operation 130 'getelementptr' 'grid_addr_8' <Predicate = (!icmp_ln218 & !icmp_ln222 & icmp_ln177 & icmp_ln177_1)> <Delay = 0.00>
ST_9 : Operation 131 [1/2] (1.20ns)   --->   "%neighbor_6 = load i11 %grid_addr_7" [./calorimeter.h:175->./calorimeter.h:226]   --->   Operation 131 'load' 'neighbor_6' <Predicate = (!icmp_ln218 & !icmp_ln222 & icmp_ln177 & icmp_ln177_1 & icmp_ln177_2 & icmp_ln177_3 & !icmp_ln177_4 & !icmp_ln177_5)> <Delay = 1.20> <CoreInst = "RAM">   --->   Core 82 'RAM' <Latency = 1> <II = 1> <Delay = 1.20> <Storage> <Opcode : 'load' 'store'> <Ports = 2> <Width = 12> <Depth = 1800> <RAM>
ST_9 : Operation 132 [1/1] (0.74ns)   --->   "%icmp_ln177_6 = icmp_ugt  i12 %neighbor_6, i12 %center_et" [./calorimeter.h:177->./calorimeter.h:226]   --->   Operation 132 'icmp' 'icmp_ln177_6' <Predicate = (!icmp_ln218 & !icmp_ln222 & icmp_ln177 & icmp_ln177_1 & icmp_ln177_2 & icmp_ln177_3 & !icmp_ln177_4 & !icmp_ln177_5)> <Delay = 0.74> <CoreInst = "Cmp">   --->   Core 9 'Cmp' <Latency = 0> <II = 1> <Delay = 0.74> <FuncUnit> <Opcode : 'seteq' 'setne' 'setle' 'setge' 'setlt' 'setgt'> <InPorts = 2> <OutPorts = 1>
ST_9 : Operation 133 [1/1] (0.00ns)   --->   "%br_ln177 = br i1 %icmp_ln177_6, void %_Z8wrap_phii.exit.i.2.2, void %.loopexit2" [./calorimeter.h:177->./calorimeter.h:226]   --->   Operation 133 'br' 'br_ln177' <Predicate = (!icmp_ln218 & !icmp_ln222 & icmp_ln177 & icmp_ln177_1 & icmp_ln177_2 & icmp_ln177_3 & !icmp_ln177_4 & !icmp_ln177_5)> <Delay = 0.00>
ST_9 : Operation 134 [2/2] (1.20ns)   --->   "%neighbor_7 = load i11 %grid_addr_8" [./calorimeter.h:175->./calorimeter.h:226]   --->   Operation 134 'load' 'neighbor_7' <Predicate = (!icmp_ln218 & !icmp_ln222 & icmp_ln177 & icmp_ln177_1 & icmp_ln177_2 & icmp_ln177_3 & !icmp_ln177_4 & !icmp_ln177_5 & !icmp_ln177_6)> <Delay = 1.20> <CoreInst = "RAM">   --->   Core 82 'RAM' <Latency = 1> <II = 1> <Delay = 1.20> <Storage> <Opcode : 'load' 'store'> <Ports = 2> <Width = 12> <Depth = 1800> <RAM>

State 10 <SV = 9> <Delay = 6.25>
ST_10 : Operation 135 [1/1] (0.00ns)   --->   "%p_load = load i32 %empty" [./calorimeter.h:250]   --->   Operation 135 'load' 'p_load' <Predicate = true> <Delay = 0.00>
ST_10 : Operation 136 [1/1] (0.70ns)   --->   "%empty_13 = add i5 %select_ln218_1, i5 30" [./calorimeter.h:218]   --->   Operation 136 'add' 'empty_13' <Predicate = (!icmp_ln218)> <Delay = 0.70> <CoreInst = "Adder">   --->   Core 1 'Adder' <Latency = 0> <II = 1> <Delay = 0.70> <FuncUnit> <Opcode : 'add' 'sub'> <InPorts = 2> <OutPorts = 1>
ST_10 : Operation 137 [1/1] (0.00ns)   --->   "%p_shl4 = bitconcatenate i11 @_ssdm_op_BitConcatenate.i11.i5.i6, i5 %empty_13, i6 0" [./calorimeter.h:151->./calorimeter.h:197->./calorimeter.h:239]   --->   Operation 137 'bitconcatenate' 'p_shl4' <Predicate = (!icmp_ln218)> <Delay = 0.00>
ST_10 : Operation 138 [1/1] (0.00ns)   --->   "%tmp_3 = bitconcatenate i7 @_ssdm_op_BitConcatenate.i7.i5.i2, i5 %empty_13, i2 0" [./calorimeter.h:151->./calorimeter.h:197->./calorimeter.h:239]   --->   Operation 138 'bitconcatenate' 'tmp_3' <Predicate = (!icmp_ln218)> <Delay = 0.00>
ST_10 : Operation 139 [1/1] (0.00ns)   --->   "%zext_ln151_15 = zext i7 %tmp_3" [./calorimeter.h:151->./calorimeter.h:197->./calorimeter.h:239]   --->   Operation 139 'zext' 'zext_ln151_15' <Predicate = (!icmp_ln218)> <Delay = 0.00>
ST_10 : Operation 140 [1/1] (0.73ns)   --->   "%sub_ln151_9 = sub i11 %p_shl4, i11 %zext_ln151_15" [./calorimeter.h:151->./calorimeter.h:197->./calorimeter.h:239]   --->   Operation 140 'sub' 'sub_ln151_9' <Predicate = (!icmp_ln218)> <Delay = 0.73> <CoreInst = "Adder">   --->   Core 1 'Adder' <Latency = 0> <II = 1> <Delay = 0.73> <FuncUnit> <Opcode : 'add' 'sub'> <InPorts = 2> <OutPorts = 1>
ST_10 : Operation 141 [1/1] (0.73ns)   --->   "%add_ln151_21 = add i11 %sub_ln151_9, i11 %zext_ln175_1" [./calorimeter.h:151->./calorimeter.h:197->./calorimeter.h:239]   --->   Operation 141 'add' 'add_ln151_21' <Predicate = (!icmp_ln218 & !icmp_ln222)> <Delay = 0.73> <CoreInst = "Adder">   --->   Core 1 'Adder' <Latency = 0> <II = 1> <Delay = 0.73> <FuncUnit> <Opcode : 'add' 'sub'> <InPorts = 2> <OutPorts = 1>
ST_10 : Operation 142 [1/1] (0.00ns)   --->   "%zext_ln151_61 = zext i11 %add_ln151_21" [./calorimeter.h:151->./calorimeter.h:197->./calorimeter.h:239]   --->   Operation 142 'zext' 'zext_ln151_61' <Predicate = (!icmp_ln218 & !icmp_ln222)> <Delay = 0.00>
ST_10 : Operation 143 [1/1] (0.00ns)   --->   "%grid_addr_9 = getelementptr i12 %grid, i64 0, i64 %zext_ln151_61" [./calorimeter.h:151->./calorimeter.h:197->./calorimeter.h:239]   --->   Operation 143 'getelementptr' 'grid_addr_9' <Predicate = (!icmp_ln218 & !icmp_ln222)> <Delay = 0.00>
ST_10 : Operation 144 [1/2] (1.20ns)   --->   "%neighbor_7 = load i11 %grid_addr_8" [./calorimeter.h:175->./calorimeter.h:226]   --->   Operation 144 'load' 'neighbor_7' <Predicate = (!icmp_ln218 & !icmp_ln222 & icmp_ln177 & icmp_ln177_1 & icmp_ln177_2 & icmp_ln177_3 & !icmp_ln177_4 & !icmp_ln177_5 & !icmp_ln177_6)> <Delay = 1.20> <CoreInst = "RAM">   --->   Core 82 'RAM' <Latency = 1> <II = 1> <Delay = 1.20> <Storage> <Opcode : 'load' 'store'> <Ports = 2> <Width = 12> <Depth = 1800> <RAM>
ST_10 : Operation 145 [1/1] (0.74ns)   --->   "%icmp_ln177_7 = icmp_ugt  i12 %neighbor_7, i12 %center_et" [./calorimeter.h:177->./calorimeter.h:226]   --->   Operation 145 'icmp' 'icmp_ln177_7' <Predicate = (!icmp_ln218 & !icmp_ln222 & icmp_ln177 & icmp_ln177_1 & icmp_ln177_2 & icmp_ln177_3 & !icmp_ln177_4 & !icmp_ln177_5 & !icmp_ln177_6)> <Delay = 0.74> <CoreInst = "Cmp">   --->   Core 9 'Cmp' <Latency = 0> <II = 1> <Delay = 0.74> <FuncUnit> <Opcode : 'seteq' 'setne' 'setle' 'setge' 'setlt' 'setgt'> <InPorts = 2> <OutPorts = 1>
ST_10 : Operation 146 [1/1] (0.00ns)   --->   "%br_ln177 = br i1 %icmp_ln177_7, void %if.else.i.2.2, void %.loopexit2" [./calorimeter.h:177->./calorimeter.h:226]   --->   Operation 146 'br' 'br_ln177' <Predicate = (!icmp_ln218 & !icmp_ln222 & icmp_ln177 & icmp_ln177_1 & icmp_ln177_2 & icmp_ln177_3 & !icmp_ln177_4 & !icmp_ln177_5 & !icmp_ln177_6)> <Delay = 0.00>
ST_10 : Operation 147 [1/1] (0.00ns)   --->   "%zext_ln130_2 = zext i12 %neighbor" [./calorimeter.h:130->./calorimeter.h:147->./calorimeter.h:231]   --->   Operation 147 'zext' 'zext_ln130_2' <Predicate = (!icmp_ln218 & !icmp_ln222 & icmp_ln177 & icmp_ln177_1 & icmp_ln177_2 & icmp_ln177_3 & !icmp_ln177_4 & !icmp_ln177_5 & !icmp_ln177_6 & !icmp_ln177_7)> <Delay = 0.00>
ST_10 : Operation 148 [1/1] (0.00ns)   --->   "%zext_ln130_4 = zext i12 %neighbor_1" [./calorimeter.h:130->./calorimeter.h:147->./calorimeter.h:231]   --->   Operation 148 'zext' 'zext_ln130_4' <Predicate = (!icmp_ln218 & !icmp_ln222 & icmp_ln177 & icmp_ln177_1 & icmp_ln177_2 & icmp_ln177_3 & !icmp_ln177_4 & !icmp_ln177_5 & !icmp_ln177_6 & !icmp_ln177_7)> <Delay = 0.00>
ST_10 : Operation 149 [1/1] (0.00ns)   --->   "%zext_ln151_2 = zext i12 %neighbor_2" [./calorimeter.h:151->./calorimeter.h:231]   --->   Operation 149 'zext' 'zext_ln151_2' <Predicate = (!icmp_ln218 & !icmp_ln222 & icmp_ln177 & icmp_ln177_1 & icmp_ln177_2 & icmp_ln177_3 & !icmp_ln177_4 & !icmp_ln177_5 & !icmp_ln177_6 & !icmp_ln177_7)> <Delay = 0.00>
ST_10 : Operation 150 [1/1] (0.00ns)   --->   "%zext_ln151_5 = zext i12 %neighbor_3" [./calorimeter.h:151->./calorimeter.h:231]   --->   Operation 150 'zext' 'zext_ln151_5' <Predicate = (!icmp_ln218 & !icmp_ln222 & icmp_ln177 & icmp_ln177_1 & icmp_ln177_2 & icmp_ln177_3 & !icmp_ln177_4 & !icmp_ln177_5 & !icmp_ln177_6 & !icmp_ln177_7)> <Delay = 0.00>
ST_10 : Operation 151 [1/1] (0.00ns)   --->   "%zext_ln151_8 = zext i12 %center_et" [./calorimeter.h:151->./calorimeter.h:231]   --->   Operation 151 'zext' 'zext_ln151_8' <Predicate = (!icmp_ln218 & !icmp_ln222 & icmp_ln177 & icmp_ln177_1 & icmp_ln177_2 & icmp_ln177_3 & !icmp_ln177_4 & !icmp_ln177_5 & !icmp_ln177_6 & !icmp_ln177_7)> <Delay = 0.00>
ST_10 : Operation 152 [1/1] (0.00ns)   --->   "%zext_ln151_10 = zext i12 %neighbor_4" [./calorimeter.h:151->./calorimeter.h:231]   --->   Operation 152 'zext' 'zext_ln151_10' <Predicate = (!icmp_ln218 & !icmp_ln222 & icmp_ln177 & icmp_ln177_1 & icmp_ln177_2 & icmp_ln177_3 & !icmp_ln177_4 & !icmp_ln177_5 & !icmp_ln177_6 & !icmp_ln177_7)> <Delay = 0.00>
ST_10 : Operation 153 [1/1] (0.00ns)   --->   "%zext_ln151_12 = zext i12 %neighbor_5" [./calorimeter.h:151->./calorimeter.h:231]   --->   Operation 153 'zext' 'zext_ln151_12' <Predicate = (!icmp_ln218 & !icmp_ln222 & icmp_ln177 & icmp_ln177_1 & icmp_ln177_2 & icmp_ln177_3 & !icmp_ln177_4 & !icmp_ln177_5 & !icmp_ln177_6 & !icmp_ln177_7)> <Delay = 0.00>
ST_10 : Operation 154 [1/1] (0.00ns)   --->   "%zext_ln151_14 = zext i12 %neighbor_6" [./calorimeter.h:151->./calorimeter.h:231]   --->   Operation 154 'zext' 'zext_ln151_14' <Predicate = (!icmp_ln218 & !icmp_ln222 & icmp_ln177 & icmp_ln177_1 & icmp_ln177_2 & icmp_ln177_3 & !icmp_ln177_4 & !icmp_ln177_5 & !icmp_ln177_6 & !icmp_ln177_7)> <Delay = 0.00>
ST_10 : Operation 155 [1/1] (0.00ns)   --->   "%zext_ln151_18 = zext i12 %neighbor_7" [./calorimeter.h:151->./calorimeter.h:231]   --->   Operation 155 'zext' 'zext_ln151_18' <Predicate = (!icmp_ln218 & !icmp_ln222 & icmp_ln177 & icmp_ln177_1 & icmp_ln177_2 & icmp_ln177_3 & !icmp_ln177_4 & !icmp_ln177_5 & !icmp_ln177_6 & !icmp_ln177_7)> <Delay = 0.00>
ST_10 : Operation 156 [1/1] (0.74ns)   --->   "%add_ln151 = add i13 %zext_ln151_12, i13 %zext_ln151_14" [./calorimeter.h:151->./calorimeter.h:231]   --->   Operation 156 'add' 'add_ln151' <Predicate = (!icmp_ln218 & !icmp_ln222 & icmp_ln177 & icmp_ln177_1 & icmp_ln177_2 & icmp_ln177_3 & !icmp_ln177_4 & !icmp_ln177_5 & !icmp_ln177_6 & !icmp_ln177_7)> <Delay = 0.74> <CoreInst = "Adder">   --->   Core 1 'Adder' <Latency = 0> <II = 1> <Delay = 0.74> <FuncUnit> <Opcode : 'add' 'sub'> <InPorts = 2> <OutPorts = 1>
ST_10 : Operation 157 [1/1] (0.00ns)   --->   "%zext_ln151_19 = zext i13 %add_ln151" [./calorimeter.h:151->./calorimeter.h:231]   --->   Operation 157 'zext' 'zext_ln151_19' <Predicate = (!icmp_ln218 & !icmp_ln222 & icmp_ln177 & icmp_ln177_1 & icmp_ln177_2 & icmp_ln177_3 & !icmp_ln177_4 & !icmp_ln177_5 & !icmp_ln177_6 & !icmp_ln177_7)> <Delay = 0.00>
ST_10 : Operation 158 [1/1] (0.74ns)   --->   "%add_ln151_1 = add i13 %zext_ln151_10, i13 %zext_ln151_8" [./calorimeter.h:151->./calorimeter.h:231]   --->   Operation 158 'add' 'add_ln151_1' <Predicate = (!icmp_ln218 & !icmp_ln222 & icmp_ln177 & icmp_ln177_1 & icmp_ln177_2 & icmp_ln177_3 & !icmp_ln177_4 & !icmp_ln177_5 & !icmp_ln177_6 & !icmp_ln177_7)> <Delay = 0.74> <CoreInst = "Adder">   --->   Core 1 'Adder' <Latency = 0> <II = 1> <Delay = 0.74> <FuncUnit> <Opcode : 'add' 'sub'> <InPorts = 2> <OutPorts = 1>
ST_10 : Operation 159 [1/1] (0.00ns)   --->   "%zext_ln151_20 = zext i13 %add_ln151_1" [./calorimeter.h:151->./calorimeter.h:231]   --->   Operation 159 'zext' 'zext_ln151_20' <Predicate = (!icmp_ln218 & !icmp_ln222 & icmp_ln177 & icmp_ln177_1 & icmp_ln177_2 & icmp_ln177_3 & !icmp_ln177_4 & !icmp_ln177_5 & !icmp_ln177_6 & !icmp_ln177_7)> <Delay = 0.00>
ST_10 : Operation 160 [1/1] (0.75ns)   --->   "%add_ln151_2 = add i14 %zext_ln151_20, i14 %zext_ln151_19" [./calorimeter.h:151->./calorimeter.h:231]   --->   Operation 160 'add' 'add_ln151_2' <Predicate = (!icmp_ln218 & !icmp_ln222 & icmp_ln177 & icmp_ln177_1 & icmp_ln177_2 & icmp_ln177_3 & !icmp_ln177_4 & !icmp_ln177_5 & !icmp_ln177_6 & !icmp_ln177_7)> <Delay = 0.75> <CoreInst = "Adder">   --->   Core 1 'Adder' <Latency = 0> <II = 1> <Delay = 0.75> <FuncUnit> <Opcode : 'add' 'sub'> <InPorts = 2> <OutPorts = 1>
ST_10 : Operation 161 [1/1] (0.00ns)   --->   "%zext_ln151_21 = zext i14 %add_ln151_2" [./calorimeter.h:151->./calorimeter.h:231]   --->   Operation 161 'zext' 'zext_ln151_21' <Predicate = (!icmp_ln218 & !icmp_ln222 & icmp_ln177 & icmp_ln177_1 & icmp_ln177_2 & icmp_ln177_3 & !icmp_ln177_4 & !icmp_ln177_5 & !icmp_ln177_6 & !icmp_ln177_7)> <Delay = 0.00>
ST_10 : Operation 162 [1/1] (0.74ns)   --->   "%add_ln151_3 = add i13 %zext_ln130_2, i13 %zext_ln130_4" [./calorimeter.h:151->./calorimeter.h:231]   --->   Operation 162 'add' 'add_ln151_3' <Predicate = (!icmp_ln218 & !icmp_ln222 & icmp_ln177 & icmp_ln177_1 & icmp_ln177_2 & icmp_ln177_3 & !icmp_ln177_4 & !icmp_ln177_5 & !icmp_ln177_6 & !icmp_ln177_7)> <Delay = 0.74> <CoreInst = "Adder">   --->   Core 1 'Adder' <Latency = 0> <II = 1> <Delay = 0.74> <FuncUnit> <Opcode : 'add' 'sub'> <InPorts = 2> <OutPorts = 1>
ST_10 : Operation 163 [1/1] (0.00ns)   --->   "%zext_ln151_22 = zext i13 %add_ln151_3" [./calorimeter.h:151->./calorimeter.h:231]   --->   Operation 163 'zext' 'zext_ln151_22' <Predicate = (!icmp_ln218 & !icmp_ln222 & icmp_ln177 & icmp_ln177_1 & icmp_ln177_2 & icmp_ln177_3 & !icmp_ln177_4 & !icmp_ln177_5 & !icmp_ln177_6 & !icmp_ln177_7)> <Delay = 0.00>
ST_10 : Operation 164 [1/1] (0.74ns)   --->   "%add_ln151_4 = add i13 %zext_ln151_2, i13 %zext_ln151_18" [./calorimeter.h:151->./calorimeter.h:231]   --->   Operation 164 'add' 'add_ln151_4' <Predicate = (!icmp_ln218 & !icmp_ln222 & icmp_ln177 & icmp_ln177_1 & icmp_ln177_2 & icmp_ln177_3 & !icmp_ln177_4 & !icmp_ln177_5 & !icmp_ln177_6 & !icmp_ln177_7)> <Delay = 0.74> <CoreInst = "Adder">   --->   Core 1 'Adder' <Latency = 0> <II = 1> <Delay = 0.74> <FuncUnit> <Opcode : 'add' 'sub'> <InPorts = 2> <OutPorts = 1>
ST_10 : Operation 165 [1/1] (0.00ns)   --->   "%zext_ln151_23 = zext i13 %add_ln151_4" [./calorimeter.h:151->./calorimeter.h:231]   --->   Operation 165 'zext' 'zext_ln151_23' <Predicate = (!icmp_ln218 & !icmp_ln222 & icmp_ln177 & icmp_ln177_1 & icmp_ln177_2 & icmp_ln177_3 & !icmp_ln177_4 & !icmp_ln177_5 & !icmp_ln177_6 & !icmp_ln177_7)> <Delay = 0.00>
ST_10 : Operation 166 [1/1] (0.75ns)   --->   "%add_ln151_5 = add i14 %zext_ln151_23, i14 %zext_ln151_5" [./calorimeter.h:151->./calorimeter.h:231]   --->   Operation 166 'add' 'add_ln151_5' <Predicate = (!icmp_ln218 & !icmp_ln222 & icmp_ln177 & icmp_ln177_1 & icmp_ln177_2 & icmp_ln177_3 & !icmp_ln177_4 & !icmp_ln177_5 & !icmp_ln177_6 & !icmp_ln177_7)> <Delay = 0.75> <CoreInst = "Adder">   --->   Core 1 'Adder' <Latency = 0> <II = 1> <Delay = 0.75> <FuncUnit> <Opcode : 'add' 'sub'> <InPorts = 2> <OutPorts = 1>
ST_10 : Operation 167 [1/1] (0.00ns)   --->   "%zext_ln151_24 = zext i14 %add_ln151_5" [./calorimeter.h:151->./calorimeter.h:231]   --->   Operation 167 'zext' 'zext_ln151_24' <Predicate = (!icmp_ln218 & !icmp_ln222 & icmp_ln177 & icmp_ln177_1 & icmp_ln177_2 & icmp_ln177_3 & !icmp_ln177_4 & !icmp_ln177_5 & !icmp_ln177_6 & !icmp_ln177_7)> <Delay = 0.00>
ST_10 : Operation 168 [1/1] (0.76ns)   --->   "%add_ln151_6 = add i15 %zext_ln151_24, i15 %zext_ln151_22" [./calorimeter.h:151->./calorimeter.h:231]   --->   Operation 168 'add' 'add_ln151_6' <Predicate = (!icmp_ln218 & !icmp_ln222 & icmp_ln177 & icmp_ln177_1 & icmp_ln177_2 & icmp_ln177_3 & !icmp_ln177_4 & !icmp_ln177_5 & !icmp_ln177_6 & !icmp_ln177_7)> <Delay = 0.76> <CoreInst = "Adder">   --->   Core 1 'Adder' <Latency = 0> <II = 1> <Delay = 0.76> <FuncUnit> <Opcode : 'add' 'sub'> <InPorts = 2> <OutPorts = 1>
ST_10 : Operation 169 [1/1] (0.00ns)   --->   "%zext_ln151_25 = zext i15 %add_ln151_6" [./calorimeter.h:151->./calorimeter.h:231]   --->   Operation 169 'zext' 'zext_ln151_25' <Predicate = (!icmp_ln218 & !icmp_ln222 & icmp_ln177 & icmp_ln177_1 & icmp_ln177_2 & icmp_ln177_3 & !icmp_ln177_4 & !icmp_ln177_5 & !icmp_ln177_6 & !icmp_ln177_7)> <Delay = 0.00>
ST_10 : Operation 170 [1/1] (0.77ns)   --->   "%add_ln151_7 = add i16 %zext_ln151_25, i16 %zext_ln151_21" [./calorimeter.h:151->./calorimeter.h:231]   --->   Operation 170 'add' 'add_ln151_7' <Predicate = (!icmp_ln218 & !icmp_ln222 & icmp_ln177 & icmp_ln177_1 & icmp_ln177_2 & icmp_ln177_3 & !icmp_ln177_4 & !icmp_ln177_5 & !icmp_ln177_6 & !icmp_ln177_7)> <Delay = 0.77> <CoreInst = "Adder">   --->   Core 1 'Adder' <Latency = 0> <II = 1> <Delay = 0.77> <FuncUnit> <Opcode : 'add' 'sub'> <InPorts = 2> <OutPorts = 1>
ST_10 : Operation 171 [1/1] (0.00ns)   --->   "%zext_ln143 = zext i16 %add_ln151_7" [./calorimeter.h:143->./calorimeter.h:231]   --->   Operation 171 'zext' 'zext_ln143' <Predicate = (!icmp_ln218 & !icmp_ln222 & icmp_ln177 & icmp_ln177_1 & icmp_ln177_2 & icmp_ln177_3 & !icmp_ln177_4 & !icmp_ln177_5 & !icmp_ln177_6 & !icmp_ln177_7)> <Delay = 0.00>
ST_10 : Operation 172 [1/1] (0.80ns)   --->   "%icmp_ln233 = icmp_ult  i20 %zext_ln143, i20 %cluster_threshold_read" [./calorimeter.h:233]   --->   Operation 172 'icmp' 'icmp_ln233' <Predicate = (!icmp_ln218 & !icmp_ln222 & icmp_ln177 & icmp_ln177_1 & icmp_ln177_2 & icmp_ln177_3 & !icmp_ln177_4 & !icmp_ln177_5 & !icmp_ln177_6 & !icmp_ln177_7)> <Delay = 0.80> <CoreInst = "Cmp">   --->   Core 9 'Cmp' <Latency = 0> <II = 1> <Delay = 0.80> <FuncUnit> <Opcode : 'seteq' 'setne' 'setle' 'setge' 'setlt' 'setgt'> <InPorts = 2> <OutPorts = 1>
ST_10 : Operation 173 [1/1] (0.00ns)   --->   "%br_ln233 = br i1 %icmp_ln233, void %VITIS_LOOP_146_2.i.i, void %cleanup36" [./calorimeter.h:233]   --->   Operation 173 'br' 'br_ln233' <Predicate = (!icmp_ln218 & !icmp_ln222 & icmp_ln177 & icmp_ln177_1 & icmp_ln177_2 & icmp_ln177_3 & !icmp_ln177_4 & !icmp_ln177_5 & !icmp_ln177_6 & !icmp_ln177_7)> <Delay = 0.00>
ST_10 : Operation 174 [1/1] (0.70ns)   --->   "%phi_idx_3 = add i6 %select_ln218, i6 62" [./calorimeter.h:147->./calorimeter.h:197->./calorimeter.h:239]   --->   Operation 174 'add' 'phi_idx_3' <Predicate = (!icmp_ln218 & !icmp_ln222 & icmp_ln177 & icmp_ln177_1 & icmp_ln177_2 & icmp_ln177_3 & !icmp_ln177_4 & !icmp_ln177_5 & !icmp_ln177_6 & !icmp_ln177_7 & !icmp_ln233)> <Delay = 0.70> <CoreInst = "Adder">   --->   Core 1 'Adder' <Latency = 0> <II = 1> <Delay = 0.70> <FuncUnit> <Opcode : 'add' 'sub'> <InPorts = 2> <OutPorts = 1>
ST_10 : Operation 175 [1/1] (0.00ns)   --->   "%zext_ln151_68 = zext i6 %phi_idx_3" [./calorimeter.h:151->./calorimeter.h:197->./calorimeter.h:239]   --->   Operation 175 'zext' 'zext_ln151_68' <Predicate = (!icmp_ln218 & !icmp_ln222 & icmp_ln177 & icmp_ln177_1 & icmp_ln177_2 & icmp_ln177_3 & !icmp_ln177_4 & !icmp_ln177_5 & !icmp_ln177_6 & !icmp_ln177_7 & !icmp_ln233)> <Delay = 0.00>
ST_10 : Operation 176 [1/1] (0.73ns)   --->   "%add_ln151_37 = add i11 %sub_ln151_9, i11 %zext_ln151_68" [./calorimeter.h:151->./calorimeter.h:197->./calorimeter.h:239]   --->   Operation 176 'add' 'add_ln151_37' <Predicate = (!icmp_ln218 & !icmp_ln222 & icmp_ln177 & icmp_ln177_1 & icmp_ln177_2 & icmp_ln177_3 & !icmp_ln177_4 & !icmp_ln177_5 & !icmp_ln177_6 & !icmp_ln177_7 & !icmp_ln233)> <Delay = 0.73> <CoreInst = "Adder">   --->   Core 1 'Adder' <Latency = 0> <II = 1> <Delay = 0.73> <FuncUnit> <Opcode : 'add' 'sub'> <InPorts = 2> <OutPorts = 1>
ST_10 : Operation 177 [1/1] (0.00ns)   --->   "%zext_ln151_69 = zext i11 %add_ln151_37" [./calorimeter.h:151->./calorimeter.h:197->./calorimeter.h:239]   --->   Operation 177 'zext' 'zext_ln151_69' <Predicate = (!icmp_ln218 & !icmp_ln222 & icmp_ln177 & icmp_ln177_1 & icmp_ln177_2 & icmp_ln177_3 & !icmp_ln177_4 & !icmp_ln177_5 & !icmp_ln177_6 & !icmp_ln177_7 & !icmp_ln233)> <Delay = 0.00>
ST_10 : Operation 178 [1/1] (0.00ns)   --->   "%grid_addr_10 = getelementptr i12 %grid, i64 0, i64 %zext_ln151_69" [./calorimeter.h:151->./calorimeter.h:197->./calorimeter.h:239]   --->   Operation 178 'getelementptr' 'grid_addr_10' <Predicate = (!icmp_ln218 & !icmp_ln222 & icmp_ln177 & icmp_ln177_1 & icmp_ln177_2 & icmp_ln177_3 & !icmp_ln177_4 & !icmp_ln177_5 & !icmp_ln177_6 & !icmp_ln177_7 & !icmp_ln233)> <Delay = 0.00>
ST_10 : Operation 179 [2/2] (1.20ns)   --->   "%sum = load i11 %grid_addr_10" [./calorimeter.h:151->./calorimeter.h:197->./calorimeter.h:239]   --->   Operation 179 'load' 'sum' <Predicate = (!icmp_ln218 & !icmp_ln222 & icmp_ln177 & icmp_ln177_1 & icmp_ln177_2 & icmp_ln177_3 & !icmp_ln177_4 & !icmp_ln177_5 & !icmp_ln177_6 & !icmp_ln177_7 & !icmp_ln233)> <Delay = 1.20> <CoreInst = "RAM">   --->   Core 82 'RAM' <Latency = 1> <II = 1> <Delay = 1.20> <Storage> <Opcode : 'load' 'store'> <Ports = 2> <Width = 12> <Depth = 1800> <RAM>
ST_10 : Operation 180 [2/2] (1.20ns)   --->   "%grid_load_1 = load i11 %grid_addr_9" [./calorimeter.h:151->./calorimeter.h:197->./calorimeter.h:239]   --->   Operation 180 'load' 'grid_load_1' <Predicate = (!icmp_ln218 & !icmp_ln222 & icmp_ln177 & icmp_ln177_1 & icmp_ln177_2 & icmp_ln177_3 & !icmp_ln177_4 & !icmp_ln177_5 & !icmp_ln177_6 & !icmp_ln177_7 & !icmp_ln233)> <Delay = 1.20> <CoreInst = "RAM">   --->   Core 82 'RAM' <Latency = 1> <II = 1> <Delay = 1.20> <Storage> <Opcode : 'load' 'store'> <Ports = 2> <Width = 12> <Depth = 1800> <RAM>
ST_10 : Operation 181 [1/1] (0.74ns)   --->   "%add_ln151_13 = add i13 %zext_ln130_4, i13 %zext_ln151_2" [./calorimeter.h:151->./calorimeter.h:197->./calorimeter.h:239]   --->   Operation 181 'add' 'add_ln151_13' <Predicate = (!icmp_ln218 & !icmp_ln222 & icmp_ln177 & icmp_ln177_1 & icmp_ln177_2 & icmp_ln177_3 & !icmp_ln177_4 & !icmp_ln177_5 & !icmp_ln177_6 & !icmp_ln177_7 & !icmp_ln233)> <Delay = 0.74> <CoreInst = "Adder">   --->   Core 1 'Adder' <Latency = 0> <II = 1> <Delay = 0.74> <FuncUnit> <Opcode : 'add' 'sub'> <InPorts = 2> <OutPorts = 1>
ST_10 : Operation 182 [1/1] (0.88ns)   --->   "%icmp_ln242 = icmp_slt  i32 %p_load, i32 1800" [./calorimeter.h:242]   --->   Operation 182 'icmp' 'icmp_ln242' <Predicate = (!icmp_ln218 & !icmp_ln222 & icmp_ln177 & icmp_ln177_1 & icmp_ln177_2 & icmp_ln177_3 & !icmp_ln177_4 & !icmp_ln177_5 & !icmp_ln177_6 & !icmp_ln177_7 & !icmp_ln233)> <Delay = 0.88> <CoreInst = "Cmp">   --->   Core 9 'Cmp' <Latency = 0> <II = 1> <Delay = 0.88> <FuncUnit> <Opcode : 'seteq' 'setne' 'setle' 'setge' 'setlt' 'setgt'> <InPorts = 2> <OutPorts = 1>
ST_10 : Operation 183 [1/1] (0.00ns)   --->   "%br_ln242 = br i1 %icmp_ln242, void %cleanup36, void %if.then14" [./calorimeter.h:242]   --->   Operation 183 'br' 'br_ln242' <Predicate = (!icmp_ln218 & !icmp_ln222 & icmp_ln177 & icmp_ln177_1 & icmp_ln177_2 & icmp_ln177_3 & !icmp_ln177_4 & !icmp_ln177_5 & !icmp_ln177_6 & !icmp_ln177_7 & !icmp_ln233)> <Delay = 0.00>
ST_10 : Operation 184 [1/1] (0.00ns)   --->   "%zext_ln243 = zext i32 %p_load" [./calorimeter.h:243]   --->   Operation 184 'zext' 'zext_ln243' <Predicate = (!icmp_ln218 & !icmp_ln222 & icmp_ln177 & icmp_ln177_1 & icmp_ln177_2 & icmp_ln177_3 & !icmp_ln177_4 & !icmp_ln177_5 & !icmp_ln177_6 & !icmp_ln177_7 & !icmp_ln233 & icmp_ln242)> <Delay = 0.00>
ST_10 : Operation 185 [1/1] (0.00ns)   --->   "%clusters_et_addr = getelementptr i16 %clusters_et, i64 0, i64 %zext_ln243" [./calorimeter.h:243]   --->   Operation 185 'getelementptr' 'clusters_et_addr' <Predicate = (!icmp_ln218 & !icmp_ln222 & icmp_ln177 & icmp_ln177_1 & icmp_ln177_2 & icmp_ln177_3 & !icmp_ln177_4 & !icmp_ln177_5 & !icmp_ln177_6 & !icmp_ln177_7 & !icmp_ln233 & icmp_ln242)> <Delay = 0.00>
ST_10 : Operation 186 [1/1] (1.20ns)   --->   "%store_ln243 = store i16 %add_ln151_7, i11 %clusters_et_addr" [./calorimeter.h:243]   --->   Operation 186 'store' 'store_ln243' <Predicate = (!icmp_ln218 & !icmp_ln222 & icmp_ln177 & icmp_ln177_1 & icmp_ln177_2 & icmp_ln177_3 & !icmp_ln177_4 & !icmp_ln177_5 & !icmp_ln177_6 & !icmp_ln177_7 & !icmp_ln233 & icmp_ln242)> <Delay = 1.20> <CoreInst = "RAM">   --->   Core 82 'RAM' <Latency = 1> <II = 1> <Delay = 1.20> <Storage> <Opcode : 'load' 'store'> <Ports = 2> <Width = 16> <Depth = 1800> <RAM>
ST_10 : Operation 187 [1/1] (0.00ns)   --->   "%clusters_eta_addr = getelementptr i5 %clusters_eta, i64 0, i64 %zext_ln243" [./calorimeter.h:245]   --->   Operation 187 'getelementptr' 'clusters_eta_addr' <Predicate = (!icmp_ln218 & !icmp_ln222 & icmp_ln177 & icmp_ln177_1 & icmp_ln177_2 & icmp_ln177_3 & !icmp_ln177_4 & !icmp_ln177_5 & !icmp_ln177_6 & !icmp_ln177_7 & !icmp_ln233 & icmp_ln242)> <Delay = 0.00>
ST_10 : Operation 188 [1/1] (1.17ns)   --->   "%store_ln245 = store i5 %select_ln218_1, i11 %clusters_eta_addr" [./calorimeter.h:245]   --->   Operation 188 'store' 'store_ln245' <Predicate = (!icmp_ln218 & !icmp_ln222 & icmp_ln177 & icmp_ln177_1 & icmp_ln177_2 & icmp_ln177_3 & !icmp_ln177_4 & !icmp_ln177_5 & !icmp_ln177_6 & !icmp_ln177_7 & !icmp_ln233 & icmp_ln242)> <Delay = 1.17> <CoreInst = "RAM">   --->   Core 82 'RAM' <Latency = 1> <II = 1> <Delay = 1.17> <Storage> <Opcode : 'load' 'store'> <Ports = 2> <Width = 5> <Depth = 1800> <RAM>
ST_10 : Operation 189 [1/1] (0.00ns)   --->   "%clusters_phi_addr = getelementptr i6 %clusters_phi, i64 0, i64 %zext_ln243" [./calorimeter.h:246]   --->   Operation 189 'getelementptr' 'clusters_phi_addr' <Predicate = (!icmp_ln218 & !icmp_ln222 & icmp_ln177 & icmp_ln177_1 & icmp_ln177_2 & icmp_ln177_3 & !icmp_ln177_4 & !icmp_ln177_5 & !icmp_ln177_6 & !icmp_ln177_7 & !icmp_ln233 & icmp_ln242)> <Delay = 0.00>
ST_10 : Operation 190 [1/1] (1.17ns)   --->   "%store_ln246 = store i6 %select_ln218, i11 %clusters_phi_addr" [./calorimeter.h:246]   --->   Operation 190 'store' 'store_ln246' <Predicate = (!icmp_ln218 & !icmp_ln222 & icmp_ln177 & icmp_ln177_1 & icmp_ln177_2 & icmp_ln177_3 & !icmp_ln177_4 & !icmp_ln177_5 & !icmp_ln177_6 & !icmp_ln177_7 & !icmp_ln233 & icmp_ln242)> <Delay = 1.17> <CoreInst = "RAM">   --->   Core 82 'RAM' <Latency = 1> <II = 1> <Delay = 1.17> <Storage> <Opcode : 'load' 'store'> <Ports = 2> <Width = 6> <Depth = 1800> <RAM>
ST_10 : Operation 191 [1/1] (0.00ns)   --->   "%clusters_window_size_addr = getelementptr i1 %clusters_window_size, i64 0, i64 %zext_ln243" [./calorimeter.h:247]   --->   Operation 191 'getelementptr' 'clusters_window_size_addr' <Predicate = (!icmp_ln218 & !icmp_ln222 & icmp_ln177 & icmp_ln177_1 & icmp_ln177_2 & icmp_ln177_3 & !icmp_ln177_4 & !icmp_ln177_5 & !icmp_ln177_6 & !icmp_ln177_7 & !icmp_ln233 & icmp_ln242)> <Delay = 0.00>
ST_10 : Operation 192 [1/1] (1.17ns)   --->   "%store_ln247 = store i1 1, i11 %clusters_window_size_addr" [./calorimeter.h:247]   --->   Operation 192 'store' 'store_ln247' <Predicate = (!icmp_ln218 & !icmp_ln222 & icmp_ln177 & icmp_ln177_1 & icmp_ln177_2 & icmp_ln177_3 & !icmp_ln177_4 & !icmp_ln177_5 & !icmp_ln177_6 & !icmp_ln177_7 & !icmp_ln233 & icmp_ln242)> <Delay = 1.17> <CoreInst = "RAM">   --->   Core 82 'RAM' <Latency = 1> <II = 1> <Delay = 1.17> <Storage> <Opcode : 'load' 'store'> <Ports = 2> <Width = 1> <Depth = 1800> <RAM>
ST_10 : Operation 193 [1/1] (0.00ns)   --->   "%clusters_iso_outer_size_addr = getelementptr i3 %clusters_iso_outer_size, i64 0, i64 %zext_ln243" [./calorimeter.h:248]   --->   Operation 193 'getelementptr' 'clusters_iso_outer_size_addr' <Predicate = (!icmp_ln218 & !icmp_ln222 & icmp_ln177 & icmp_ln177_1 & icmp_ln177_2 & icmp_ln177_3 & !icmp_ln177_4 & !icmp_ln177_5 & !icmp_ln177_6 & !icmp_ln177_7 & !icmp_ln233 & icmp_ln242)> <Delay = 0.00>
ST_10 : Operation 194 [1/1] (1.17ns)   --->   "%store_ln248 = store i3 5, i11 %clusters_iso_outer_size_addr" [./calorimeter.h:248]   --->   Operation 194 'store' 'store_ln248' <Predicate = (!icmp_ln218 & !icmp_ln222 & icmp_ln177 & icmp_ln177_1 & icmp_ln177_2 & icmp_ln177_3 & !icmp_ln177_4 & !icmp_ln177_5 & !icmp_ln177_6 & !icmp_ln177_7 & !icmp_ln233 & icmp_ln242)> <Delay = 1.17> <CoreInst = "RAM">   --->   Core 82 'RAM' <Latency = 1> <II = 1> <Delay = 1.17> <Storage> <Opcode : 'load' 'store'> <Ports = 2> <Width = 3> <Depth = 1800> <RAM>
ST_10 : Operation 195 [1/1] (0.00ns)   --->   "%clusters_valid_addr = getelementptr i1 %clusters_valid, i64 0, i64 %zext_ln243" [./calorimeter.h:249]   --->   Operation 195 'getelementptr' 'clusters_valid_addr' <Predicate = (!icmp_ln218 & !icmp_ln222 & icmp_ln177 & icmp_ln177_1 & icmp_ln177_2 & icmp_ln177_3 & !icmp_ln177_4 & !icmp_ln177_5 & !icmp_ln177_6 & !icmp_ln177_7 & !icmp_ln233 & icmp_ln242)> <Delay = 0.00>
ST_10 : Operation 196 [1/1] (1.17ns)   --->   "%store_ln249 = store i1 1, i11 %clusters_valid_addr" [./calorimeter.h:249]   --->   Operation 196 'store' 'store_ln249' <Predicate = (!icmp_ln218 & !icmp_ln222 & icmp_ln177 & icmp_ln177_1 & icmp_ln177_2 & icmp_ln177_3 & !icmp_ln177_4 & !icmp_ln177_5 & !icmp_ln177_6 & !icmp_ln177_7 & !icmp_ln233 & icmp_ln242)> <Delay = 1.17> <CoreInst = "RAM">   --->   Core 82 'RAM' <Latency = 1> <II = 1> <Delay = 1.17> <Storage> <Opcode : 'load' 'store'> <Ports = 2> <Width = 1> <Depth = 1800> <RAM>
ST_10 : Operation 197 [1/1] (0.88ns)   --->   "%add_ln250 = add i32 %p_load, i32 1" [./calorimeter.h:250]   --->   Operation 197 'add' 'add_ln250' <Predicate = (!icmp_ln218 & !icmp_ln222 & icmp_ln177 & icmp_ln177_1 & icmp_ln177_2 & icmp_ln177_3 & !icmp_ln177_4 & !icmp_ln177_5 & !icmp_ln177_6 & !icmp_ln177_7 & !icmp_ln233 & icmp_ln242)> <Delay = 0.88> <CoreInst = "Adder">   --->   Core 1 'Adder' <Latency = 0> <II = 1> <Delay = 0.88> <FuncUnit> <Opcode : 'add' 'sub'> <InPorts = 2> <OutPorts = 1>
ST_10 : Operation 198 [1/1] (0.38ns)   --->   "%store_ln250 = store i32 %add_ln250, i32 %inc5" [./calorimeter.h:250]   --->   Operation 198 'store' 'store_ln250' <Predicate = (!icmp_ln218 & !icmp_ln222 & icmp_ln177 & icmp_ln177_1 & icmp_ln177_2 & icmp_ln177_3 & !icmp_ln177_4 & !icmp_ln177_5 & !icmp_ln177_6 & !icmp_ln177_7 & !icmp_ln233 & icmp_ln242)> <Delay = 0.38>
ST_10 : Operation 199 [1/1] (0.38ns)   --->   "%store_ln250 = store i32 %add_ln250, i32 %empty" [./calorimeter.h:250]   --->   Operation 199 'store' 'store_ln250' <Predicate = (!icmp_ln218 & !icmp_ln222 & icmp_ln177 & icmp_ln177_1 & icmp_ln177_2 & icmp_ln177_3 & !icmp_ln177_4 & !icmp_ln177_5 & !icmp_ln177_6 & !icmp_ln177_7 & !icmp_ln233 & icmp_ln242)> <Delay = 0.38>
ST_10 : Operation 200 [1/1] (0.00ns)   --->   "%br_ln226 = br void" [./calorimeter.h:226]   --->   Operation 200 'br' 'br_ln226' <Predicate = (!icmp_ln218 & !icmp_ln222 & icmp_ln177 & icmp_ln177_1 & icmp_ln177_2 & icmp_ln177_3 & !icmp_ln177_4 & icmp_ln177_7) | (!icmp_ln218 & !icmp_ln222 & icmp_ln177 & icmp_ln177_1 & icmp_ln177_2 & icmp_ln177_3 & !icmp_ln177_4 & icmp_ln177_6) | (!icmp_ln218 & !icmp_ln222 & icmp_ln177 & icmp_ln177_1 & icmp_ln177_2 & icmp_ln177_3 & !icmp_ln177_4 & icmp_ln177_5)> <Delay = 0.00>
ST_10 : Operation 201 [1/1] (0.00ns)   --->   "%br_ln226 = br void %cleanup36" [./calorimeter.h:226]   --->   Operation 201 'br' 'br_ln226' <Predicate = (!icmp_ln218 & !icmp_ln222 & icmp_ln177_7) | (!icmp_ln218 & !icmp_ln222 & icmp_ln177_6) | (!icmp_ln218 & !icmp_ln222 & icmp_ln177_5) | (!icmp_ln218 & !icmp_ln222 & icmp_ln177_4) | (!icmp_ln218 & !icmp_ln222 & !icmp_ln177_3) | (!icmp_ln218 & !icmp_ln222 & !icmp_ln177_2) | (!icmp_ln218 & !icmp_ln222 & !icmp_ln177_1) | (!icmp_ln218 & !icmp_ln222 & !icmp_ln177)> <Delay = 0.00>
ST_10 : Operation 370 [1/1] (0.00ns)   --->   "%inc5_load = load i32 %inc5" [./calorimeter.h:254]   --->   Operation 370 'load' 'inc5_load' <Predicate = (icmp_ln218)> <Delay = 0.00>
ST_10 : Operation 371 [1/1] (0.38ns)   --->   "%ret_ln254 = ret i32 %inc5_load" [./calorimeter.h:254]   --->   Operation 371 'ret' 'ret_ln254' <Predicate = (icmp_ln218)> <Delay = 0.38>

State 11 <SV = 10> <Delay = 1.93>
ST_11 : Operation 202 [1/1] (0.73ns)   --->   "%add_ln151_33 = add i11 %sub_ln151_9, i11 %zext_ln220_1" [./calorimeter.h:151->./calorimeter.h:197->./calorimeter.h:239]   --->   Operation 202 'add' 'add_ln151_33' <Predicate = (!icmp_ln218 & !icmp_ln222 & icmp_ln177)> <Delay = 0.73> <CoreInst = "Adder">   --->   Core 1 'Adder' <Latency = 0> <II = 1> <Delay = 0.73> <FuncUnit> <Opcode : 'add' 'sub'> <InPorts = 2> <OutPorts = 1>
ST_11 : Operation 203 [1/1] (0.00ns)   --->   "%zext_ln151_63 = zext i11 %add_ln151_33" [./calorimeter.h:151->./calorimeter.h:197->./calorimeter.h:239]   --->   Operation 203 'zext' 'zext_ln151_63' <Predicate = (!icmp_ln218 & !icmp_ln222 & icmp_ln177)> <Delay = 0.00>
ST_11 : Operation 204 [1/1] (0.00ns)   --->   "%grid_addr_12 = getelementptr i12 %grid, i64 0, i64 %zext_ln151_63" [./calorimeter.h:151->./calorimeter.h:197->./calorimeter.h:239]   --->   Operation 204 'getelementptr' 'grid_addr_12' <Predicate = (!icmp_ln218 & !icmp_ln222 & icmp_ln177)> <Delay = 0.00>
ST_11 : Operation 205 [1/1] (0.73ns)   --->   "%add_ln151_35 = add i11 %sub_ln151_9, i11 %zext_ln151_65" [./calorimeter.h:151->./calorimeter.h:197->./calorimeter.h:239]   --->   Operation 205 'add' 'add_ln151_35' <Predicate = (!icmp_ln218 & !icmp_ln222 & icmp_ln177 & icmp_ln177_1)> <Delay = 0.73> <CoreInst = "Adder">   --->   Core 1 'Adder' <Latency = 0> <II = 1> <Delay = 0.73> <FuncUnit> <Opcode : 'add' 'sub'> <InPorts = 2> <OutPorts = 1>
ST_11 : Operation 206 [1/1] (0.00ns)   --->   "%zext_ln151_66 = zext i11 %add_ln151_35" [./calorimeter.h:151->./calorimeter.h:197->./calorimeter.h:239]   --->   Operation 206 'zext' 'zext_ln151_66' <Predicate = (!icmp_ln218 & !icmp_ln222 & icmp_ln177 & icmp_ln177_1)> <Delay = 0.00>
ST_11 : Operation 207 [1/1] (0.00ns)   --->   "%grid_addr_13 = getelementptr i12 %grid, i64 0, i64 %zext_ln151_66" [./calorimeter.h:151->./calorimeter.h:197->./calorimeter.h:239]   --->   Operation 207 'getelementptr' 'grid_addr_13' <Predicate = (!icmp_ln218 & !icmp_ln222 & icmp_ln177 & icmp_ln177_1)> <Delay = 0.00>
ST_11 : Operation 208 [1/2] (1.20ns)   --->   "%sum = load i11 %grid_addr_10" [./calorimeter.h:151->./calorimeter.h:197->./calorimeter.h:239]   --->   Operation 208 'load' 'sum' <Predicate = (!icmp_ln218 & !icmp_ln222 & icmp_ln177 & icmp_ln177_1 & icmp_ln177_2 & icmp_ln177_3 & !icmp_ln177_4 & !icmp_ln177_5 & !icmp_ln177_6 & !icmp_ln177_7 & !icmp_ln233)> <Delay = 1.20> <CoreInst = "RAM">   --->   Core 82 'RAM' <Latency = 1> <II = 1> <Delay = 1.20> <Storage> <Opcode : 'load' 'store'> <Ports = 2> <Width = 12> <Depth = 1800> <RAM>
ST_11 : Operation 209 [1/2] (1.20ns)   --->   "%grid_load_1 = load i11 %grid_addr_9" [./calorimeter.h:151->./calorimeter.h:197->./calorimeter.h:239]   --->   Operation 209 'load' 'grid_load_1' <Predicate = (!icmp_ln218 & !icmp_ln222 & icmp_ln177 & icmp_ln177_1 & icmp_ln177_2 & icmp_ln177_3 & !icmp_ln177_4 & !icmp_ln177_5 & !icmp_ln177_6 & !icmp_ln177_7 & !icmp_ln233)> <Delay = 1.20> <CoreInst = "RAM">   --->   Core 82 'RAM' <Latency = 1> <II = 1> <Delay = 1.20> <Storage> <Opcode : 'load' 'store'> <Ports = 2> <Width = 12> <Depth = 1800> <RAM>
ST_11 : Operation 210 [2/2] (1.20ns)   --->   "%grid_load_2 = load i11 %grid_addr_12" [./calorimeter.h:151->./calorimeter.h:197->./calorimeter.h:239]   --->   Operation 210 'load' 'grid_load_2' <Predicate = (!icmp_ln218 & !icmp_ln222 & icmp_ln177 & icmp_ln177_1 & icmp_ln177_2 & icmp_ln177_3 & !icmp_ln177_4 & !icmp_ln177_5 & !icmp_ln177_6 & !icmp_ln177_7 & !icmp_ln233)> <Delay = 1.20> <CoreInst = "RAM">   --->   Core 82 'RAM' <Latency = 1> <II = 1> <Delay = 1.20> <Storage> <Opcode : 'load' 'store'> <Ports = 2> <Width = 12> <Depth = 1800> <RAM>
ST_11 : Operation 211 [2/2] (1.20ns)   --->   "%grid_load_3 = load i11 %grid_addr_13" [./calorimeter.h:151->./calorimeter.h:197->./calorimeter.h:239]   --->   Operation 211 'load' 'grid_load_3' <Predicate = (!icmp_ln218 & !icmp_ln222 & icmp_ln177 & icmp_ln177_1 & icmp_ln177_2 & icmp_ln177_3 & !icmp_ln177_4 & !icmp_ln177_5 & !icmp_ln177_6 & !icmp_ln177_7 & !icmp_ln233)> <Delay = 1.20> <CoreInst = "RAM">   --->   Core 82 'RAM' <Latency = 1> <II = 1> <Delay = 1.20> <Storage> <Opcode : 'load' 'store'> <Ports = 2> <Width = 12> <Depth = 1800> <RAM>

State 12 <SV = 11> <Delay = 2.70>
ST_12 : Operation 212 [1/1] (0.73ns)   --->   "%add_ln151_38 = add i11 %sub_ln175, i11 %zext_ln151_68" [./calorimeter.h:151->./calorimeter.h:197->./calorimeter.h:239]   --->   Operation 212 'add' 'add_ln151_38' <Predicate = (!icmp_ln218 & !icmp_ln222 & icmp_ln177 & icmp_ln177_1 & icmp_ln177_2 & icmp_ln177_3 & !icmp_ln177_4 & !icmp_ln177_5 & !icmp_ln177_6 & !icmp_ln177_7 & !icmp_ln233)> <Delay = 0.73> <CoreInst = "Adder">   --->   Core 1 'Adder' <Latency = 0> <II = 1> <Delay = 0.73> <FuncUnit> <Opcode : 'add' 'sub'> <InPorts = 2> <OutPorts = 1>
ST_12 : Operation 213 [1/1] (0.00ns)   --->   "%zext_ln151_70 = zext i11 %add_ln151_38" [./calorimeter.h:151->./calorimeter.h:197->./calorimeter.h:239]   --->   Operation 213 'zext' 'zext_ln151_70' <Predicate = (!icmp_ln218 & !icmp_ln222 & icmp_ln177 & icmp_ln177_1 & icmp_ln177_2 & icmp_ln177_3 & !icmp_ln177_4 & !icmp_ln177_5 & !icmp_ln177_6 & !icmp_ln177_7 & !icmp_ln233)> <Delay = 0.00>
ST_12 : Operation 214 [1/1] (0.00ns)   --->   "%grid_addr_15 = getelementptr i12 %grid, i64 0, i64 %zext_ln151_70" [./calorimeter.h:151->./calorimeter.h:197->./calorimeter.h:239]   --->   Operation 214 'getelementptr' 'grid_addr_15' <Predicate = (!icmp_ln218 & !icmp_ln222 & icmp_ln177 & icmp_ln177_1 & icmp_ln177_2 & icmp_ln177_3 & !icmp_ln177_4 & !icmp_ln177_5 & !icmp_ln177_6 & !icmp_ln177_7 & !icmp_ln233)> <Delay = 0.00>
ST_12 : Operation 215 [1/1] (0.00ns)   --->   "%zext_ln130_5 = zext i12 %sum" [./calorimeter.h:130->./calorimeter.h:147->./calorimeter.h:197->./calorimeter.h:239]   --->   Operation 215 'zext' 'zext_ln130_5' <Predicate = (!icmp_ln218 & !icmp_ln222 & icmp_ln177 & icmp_ln177_1 & icmp_ln177_2 & icmp_ln177_3 & !icmp_ln177_4 & !icmp_ln177_5 & !icmp_ln177_6 & !icmp_ln177_7 & !icmp_ln233)> <Delay = 0.00>
ST_12 : Operation 216 [1/1] (0.00ns)   --->   "%zext_ln130_6 = zext i12 %grid_load_1" [./calorimeter.h:130->./calorimeter.h:147->./calorimeter.h:197->./calorimeter.h:239]   --->   Operation 216 'zext' 'zext_ln130_6' <Predicate = (!icmp_ln218 & !icmp_ln222 & icmp_ln177 & icmp_ln177_1 & icmp_ln177_2 & icmp_ln177_3 & !icmp_ln177_4 & !icmp_ln177_5 & !icmp_ln177_6 & !icmp_ln177_7 & !icmp_ln233)> <Delay = 0.00>
ST_12 : Operation 217 [1/2] (1.20ns)   --->   "%grid_load_2 = load i11 %grid_addr_12" [./calorimeter.h:151->./calorimeter.h:197->./calorimeter.h:239]   --->   Operation 217 'load' 'grid_load_2' <Predicate = (!icmp_ln218 & !icmp_ln222 & icmp_ln177 & icmp_ln177_1 & icmp_ln177_2 & icmp_ln177_3 & !icmp_ln177_4 & !icmp_ln177_5 & !icmp_ln177_6 & !icmp_ln177_7 & !icmp_ln233)> <Delay = 1.20> <CoreInst = "RAM">   --->   Core 82 'RAM' <Latency = 1> <II = 1> <Delay = 1.20> <Storage> <Opcode : 'load' 'store'> <Ports = 2> <Width = 12> <Depth = 1800> <RAM>
ST_12 : Operation 218 [1/1] (0.00ns)   --->   "%zext_ln130_7 = zext i12 %grid_load_2" [./calorimeter.h:130->./calorimeter.h:147->./calorimeter.h:197->./calorimeter.h:239]   --->   Operation 218 'zext' 'zext_ln130_7' <Predicate = (!icmp_ln218 & !icmp_ln222 & icmp_ln177 & icmp_ln177_1 & icmp_ln177_2 & icmp_ln177_3 & !icmp_ln177_4 & !icmp_ln177_5 & !icmp_ln177_6 & !icmp_ln177_7 & !icmp_ln233)> <Delay = 0.00>
ST_12 : Operation 219 [1/2] (1.20ns)   --->   "%grid_load_3 = load i11 %grid_addr_13" [./calorimeter.h:151->./calorimeter.h:197->./calorimeter.h:239]   --->   Operation 219 'load' 'grid_load_3' <Predicate = (!icmp_ln218 & !icmp_ln222 & icmp_ln177 & icmp_ln177_1 & icmp_ln177_2 & icmp_ln177_3 & !icmp_ln177_4 & !icmp_ln177_5 & !icmp_ln177_6 & !icmp_ln177_7 & !icmp_ln233)> <Delay = 1.20> <CoreInst = "RAM">   --->   Core 82 'RAM' <Latency = 1> <II = 1> <Delay = 1.20> <Storage> <Opcode : 'load' 'store'> <Ports = 2> <Width = 12> <Depth = 1800> <RAM>
ST_12 : Operation 220 [1/1] (0.70ns)   --->   "%phi_idx_4 = add i6 %select_ln218, i6 2" [./calorimeter.h:147->./calorimeter.h:197->./calorimeter.h:239]   --->   Operation 220 'add' 'phi_idx_4' <Predicate = (!icmp_ln218 & !icmp_ln222 & icmp_ln177 & icmp_ln177_1 & icmp_ln177_2 & icmp_ln177_3 & !icmp_ln177_4 & !icmp_ln177_5 & !icmp_ln177_6 & !icmp_ln177_7 & !icmp_ln233)> <Delay = 0.70> <CoreInst = "Adder">   --->   Core 1 'Adder' <Latency = 0> <II = 1> <Delay = 0.70> <FuncUnit> <Opcode : 'add' 'sub'> <InPorts = 2> <OutPorts = 1>
ST_12 : Operation 221 [1/1] (0.00ns)   --->   "%zext_ln151_74 = zext i6 %phi_idx_4" [./calorimeter.h:151->./calorimeter.h:197->./calorimeter.h:239]   --->   Operation 221 'zext' 'zext_ln151_74' <Predicate = (!icmp_ln218 & !icmp_ln222 & icmp_ln177 & icmp_ln177_1 & icmp_ln177_2 & icmp_ln177_3 & !icmp_ln177_4 & !icmp_ln177_5 & !icmp_ln177_6 & !icmp_ln177_7 & !icmp_ln233)> <Delay = 0.00>
ST_12 : Operation 222 [1/1] (0.73ns)   --->   "%add_ln151_42 = add i11 %sub_ln151_9, i11 %zext_ln151_74" [./calorimeter.h:151->./calorimeter.h:197->./calorimeter.h:239]   --->   Operation 222 'add' 'add_ln151_42' <Predicate = (!icmp_ln218 & !icmp_ln222 & icmp_ln177 & icmp_ln177_1 & icmp_ln177_2 & icmp_ln177_3 & !icmp_ln177_4 & !icmp_ln177_5 & !icmp_ln177_6 & !icmp_ln177_7 & !icmp_ln233)> <Delay = 0.73> <CoreInst = "Adder">   --->   Core 1 'Adder' <Latency = 0> <II = 1> <Delay = 0.73> <FuncUnit> <Opcode : 'add' 'sub'> <InPorts = 2> <OutPorts = 1>
ST_12 : Operation 223 [1/1] (0.00ns)   --->   "%zext_ln151_75 = zext i11 %add_ln151_42" [./calorimeter.h:151->./calorimeter.h:197->./calorimeter.h:239]   --->   Operation 223 'zext' 'zext_ln151_75' <Predicate = (!icmp_ln218 & !icmp_ln222 & icmp_ln177 & icmp_ln177_1 & icmp_ln177_2 & icmp_ln177_3 & !icmp_ln177_4 & !icmp_ln177_5 & !icmp_ln177_6 & !icmp_ln177_7 & !icmp_ln233)> <Delay = 0.00>
ST_12 : Operation 224 [1/1] (0.00ns)   --->   "%grid_addr_14 = getelementptr i12 %grid, i64 0, i64 %zext_ln151_75" [./calorimeter.h:151->./calorimeter.h:197->./calorimeter.h:239]   --->   Operation 224 'getelementptr' 'grid_addr_14' <Predicate = (!icmp_ln218 & !icmp_ln222 & icmp_ln177 & icmp_ln177_1 & icmp_ln177_2 & icmp_ln177_3 & !icmp_ln177_4 & !icmp_ln177_5 & !icmp_ln177_6 & !icmp_ln177_7 & !icmp_ln233)> <Delay = 0.00>
ST_12 : Operation 225 [2/2] (1.20ns)   --->   "%grid_load_4 = load i11 %grid_addr_14" [./calorimeter.h:151->./calorimeter.h:197->./calorimeter.h:239]   --->   Operation 225 'load' 'grid_load_4' <Predicate = (!icmp_ln218 & !icmp_ln222 & icmp_ln177 & icmp_ln177_1 & icmp_ln177_2 & icmp_ln177_3 & !icmp_ln177_4 & !icmp_ln177_5 & !icmp_ln177_6 & !icmp_ln177_7 & !icmp_ln233)> <Delay = 1.20> <CoreInst = "RAM">   --->   Core 82 'RAM' <Latency = 1> <II = 1> <Delay = 1.20> <Storage> <Opcode : 'load' 'store'> <Ports = 2> <Width = 12> <Depth = 1800> <RAM>
ST_12 : Operation 226 [2/2] (1.20ns)   --->   "%grid_load_5 = load i11 %grid_addr_15" [./calorimeter.h:151->./calorimeter.h:197->./calorimeter.h:239]   --->   Operation 226 'load' 'grid_load_5' <Predicate = (!icmp_ln218 & !icmp_ln222 & icmp_ln177 & icmp_ln177_1 & icmp_ln177_2 & icmp_ln177_3 & !icmp_ln177_4 & !icmp_ln177_5 & !icmp_ln177_6 & !icmp_ln177_7 & !icmp_ln233)> <Delay = 1.20> <CoreInst = "RAM">   --->   Core 82 'RAM' <Latency = 1> <II = 1> <Delay = 1.20> <Storage> <Opcode : 'load' 'store'> <Ports = 2> <Width = 12> <Depth = 1800> <RAM>
ST_12 : Operation 227 [1/1] (0.74ns)   --->   "%add_ln151_8 = add i13 %zext_ln130_5, i13 %zext_ln130_7" [./calorimeter.h:151->./calorimeter.h:197->./calorimeter.h:239]   --->   Operation 227 'add' 'add_ln151_8' <Predicate = (!icmp_ln218 & !icmp_ln222 & icmp_ln177 & icmp_ln177_1 & icmp_ln177_2 & icmp_ln177_3 & !icmp_ln177_4 & !icmp_ln177_5 & !icmp_ln177_6 & !icmp_ln177_7 & !icmp_ln233)> <Delay = 0.74> <CoreInst = "Adder">   --->   Core 1 'Adder' <Latency = 0> <II = 1> <Delay = 0.74> <FuncUnit> <Opcode : 'add' 'sub'> <InPorts = 2> <OutPorts = 1>
ST_12 : Operation 228 [1/1] (0.00ns)   --->   "%zext_ln151_37 = zext i13 %add_ln151_8" [./calorimeter.h:151->./calorimeter.h:197->./calorimeter.h:239]   --->   Operation 228 'zext' 'zext_ln151_37' <Predicate = (!icmp_ln218 & !icmp_ln222 & icmp_ln177 & icmp_ln177_1 & icmp_ln177_2 & icmp_ln177_3 & !icmp_ln177_4 & !icmp_ln177_5 & !icmp_ln177_6 & !icmp_ln177_7 & !icmp_ln233)> <Delay = 0.00>
ST_12 : Operation 229 [1/1] (0.75ns)   --->   "%add_ln151_9 = add i14 %zext_ln151_37, i14 %zext_ln130_6" [./calorimeter.h:151->./calorimeter.h:197->./calorimeter.h:239]   --->   Operation 229 'add' 'add_ln151_9' <Predicate = (!icmp_ln218 & !icmp_ln222 & icmp_ln177 & icmp_ln177_1 & icmp_ln177_2 & icmp_ln177_3 & !icmp_ln177_4 & !icmp_ln177_5 & !icmp_ln177_6 & !icmp_ln177_7 & !icmp_ln233)> <Delay = 0.75> <CoreInst = "Adder">   --->   Core 1 'Adder' <Latency = 0> <II = 1> <Delay = 0.75> <FuncUnit> <Opcode : 'add' 'sub'> <InPorts = 2> <OutPorts = 1>

State 13 <SV = 12> <Delay = 3.46>
ST_13 : Operation 230 [1/1] (0.73ns)   --->   "%add_ln151_39 = add i11 %sub_ln220, i11 %zext_ln151_68" [./calorimeter.h:151->./calorimeter.h:197->./calorimeter.h:239]   --->   Operation 230 'add' 'add_ln151_39' <Predicate = (!icmp_ln218 & !icmp_ln222 & icmp_ln177 & icmp_ln177_1 & icmp_ln177_2 & icmp_ln177_3 & !icmp_ln177_4 & !icmp_ln177_5 & !icmp_ln177_6 & !icmp_ln177_7 & !icmp_ln233)> <Delay = 0.73> <CoreInst = "Adder">   --->   Core 1 'Adder' <Latency = 0> <II = 1> <Delay = 0.73> <FuncUnit> <Opcode : 'add' 'sub'> <InPorts = 2> <OutPorts = 1>
ST_13 : Operation 231 [1/1] (0.00ns)   --->   "%zext_ln151_71 = zext i11 %add_ln151_39" [./calorimeter.h:151->./calorimeter.h:197->./calorimeter.h:239]   --->   Operation 231 'zext' 'zext_ln151_71' <Predicate = (!icmp_ln218 & !icmp_ln222 & icmp_ln177 & icmp_ln177_1 & icmp_ln177_2 & icmp_ln177_3 & !icmp_ln177_4 & !icmp_ln177_5 & !icmp_ln177_6 & !icmp_ln177_7 & !icmp_ln233)> <Delay = 0.00>
ST_13 : Operation 232 [1/1] (0.00ns)   --->   "%grid_addr_17 = getelementptr i12 %grid, i64 0, i64 %zext_ln151_71" [./calorimeter.h:151->./calorimeter.h:197->./calorimeter.h:239]   --->   Operation 232 'getelementptr' 'grid_addr_17' <Predicate = (!icmp_ln218 & !icmp_ln222 & icmp_ln177 & icmp_ln177_1 & icmp_ln177_2 & icmp_ln177_3 & !icmp_ln177_4 & !icmp_ln177_5 & !icmp_ln177_6 & !icmp_ln177_7 & !icmp_ln233)> <Delay = 0.00>
ST_13 : Operation 233 [1/1] (0.00ns)   --->   "%zext_ln147 = zext i12 %grid_load_3" [./calorimeter.h:147->./calorimeter.h:197->./calorimeter.h:239]   --->   Operation 233 'zext' 'zext_ln147' <Predicate = (!icmp_ln218 & !icmp_ln222 & icmp_ln177 & icmp_ln177_1 & icmp_ln177_2 & icmp_ln177_3 & !icmp_ln177_4 & !icmp_ln177_5 & !icmp_ln177_6 & !icmp_ln177_7 & !icmp_ln233)> <Delay = 0.00>
ST_13 : Operation 234 [1/1] (0.73ns)   --->   "%add_ln151_43 = add i11 %sub_ln175, i11 %zext_ln151_74" [./calorimeter.h:151->./calorimeter.h:197->./calorimeter.h:239]   --->   Operation 234 'add' 'add_ln151_43' <Predicate = (!icmp_ln218 & !icmp_ln222 & icmp_ln177 & icmp_ln177_1 & icmp_ln177_2 & icmp_ln177_3 & !icmp_ln177_4 & !icmp_ln177_5 & !icmp_ln177_6 & !icmp_ln177_7 & !icmp_ln233)> <Delay = 0.73> <CoreInst = "Adder">   --->   Core 1 'Adder' <Latency = 0> <II = 1> <Delay = 0.73> <FuncUnit> <Opcode : 'add' 'sub'> <InPorts = 2> <OutPorts = 1>
ST_13 : Operation 235 [1/1] (0.00ns)   --->   "%zext_ln151_76 = zext i11 %add_ln151_43" [./calorimeter.h:151->./calorimeter.h:197->./calorimeter.h:239]   --->   Operation 235 'zext' 'zext_ln151_76' <Predicate = (!icmp_ln218 & !icmp_ln222 & icmp_ln177 & icmp_ln177_1 & icmp_ln177_2 & icmp_ln177_3 & !icmp_ln177_4 & !icmp_ln177_5 & !icmp_ln177_6 & !icmp_ln177_7 & !icmp_ln233)> <Delay = 0.00>
ST_13 : Operation 236 [1/1] (0.00ns)   --->   "%grid_addr_16 = getelementptr i12 %grid, i64 0, i64 %zext_ln151_76" [./calorimeter.h:151->./calorimeter.h:197->./calorimeter.h:239]   --->   Operation 236 'getelementptr' 'grid_addr_16' <Predicate = (!icmp_ln218 & !icmp_ln222 & icmp_ln177 & icmp_ln177_1 & icmp_ln177_2 & icmp_ln177_3 & !icmp_ln177_4 & !icmp_ln177_5 & !icmp_ln177_6 & !icmp_ln177_7 & !icmp_ln233)> <Delay = 0.00>
ST_13 : Operation 237 [1/2] (1.20ns)   --->   "%grid_load_4 = load i11 %grid_addr_14" [./calorimeter.h:151->./calorimeter.h:197->./calorimeter.h:239]   --->   Operation 237 'load' 'grid_load_4' <Predicate = (!icmp_ln218 & !icmp_ln222 & icmp_ln177 & icmp_ln177_1 & icmp_ln177_2 & icmp_ln177_3 & !icmp_ln177_4 & !icmp_ln177_5 & !icmp_ln177_6 & !icmp_ln177_7 & !icmp_ln233)> <Delay = 1.20> <CoreInst = "RAM">   --->   Core 82 'RAM' <Latency = 1> <II = 1> <Delay = 1.20> <Storage> <Opcode : 'load' 'store'> <Ports = 2> <Width = 12> <Depth = 1800> <RAM>
ST_13 : Operation 238 [1/1] (0.00ns)   --->   "%zext_ln151_26 = zext i12 %grid_load_4" [./calorimeter.h:151->./calorimeter.h:197->./calorimeter.h:239]   --->   Operation 238 'zext' 'zext_ln151_26' <Predicate = (!icmp_ln218 & !icmp_ln222 & icmp_ln177 & icmp_ln177_1 & icmp_ln177_2 & icmp_ln177_3 & !icmp_ln177_4 & !icmp_ln177_5 & !icmp_ln177_6 & !icmp_ln177_7 & !icmp_ln233)> <Delay = 0.00>
ST_13 : Operation 239 [1/2] (1.20ns)   --->   "%grid_load_5 = load i11 %grid_addr_15" [./calorimeter.h:151->./calorimeter.h:197->./calorimeter.h:239]   --->   Operation 239 'load' 'grid_load_5' <Predicate = (!icmp_ln218 & !icmp_ln222 & icmp_ln177 & icmp_ln177_1 & icmp_ln177_2 & icmp_ln177_3 & !icmp_ln177_4 & !icmp_ln177_5 & !icmp_ln177_6 & !icmp_ln177_7 & !icmp_ln233)> <Delay = 1.20> <CoreInst = "RAM">   --->   Core 82 'RAM' <Latency = 1> <II = 1> <Delay = 1.20> <Storage> <Opcode : 'load' 'store'> <Ports = 2> <Width = 12> <Depth = 1800> <RAM>
ST_13 : Operation 240 [1/1] (0.00ns)   --->   "%zext_ln151_27 = zext i12 %grid_load_5" [./calorimeter.h:151->./calorimeter.h:197->./calorimeter.h:239]   --->   Operation 240 'zext' 'zext_ln151_27' <Predicate = (!icmp_ln218 & !icmp_ln222 & icmp_ln177 & icmp_ln177_1 & icmp_ln177_2 & icmp_ln177_3 & !icmp_ln177_4 & !icmp_ln177_5 & !icmp_ln177_6 & !icmp_ln177_7 & !icmp_ln233)> <Delay = 0.00>
ST_13 : Operation 241 [2/2] (1.20ns)   --->   "%grid_load_6 = load i11 %grid_addr_16" [./calorimeter.h:151->./calorimeter.h:197->./calorimeter.h:239]   --->   Operation 241 'load' 'grid_load_6' <Predicate = (!icmp_ln218 & !icmp_ln222 & icmp_ln177 & icmp_ln177_1 & icmp_ln177_2 & icmp_ln177_3 & !icmp_ln177_4 & !icmp_ln177_5 & !icmp_ln177_6 & !icmp_ln177_7 & !icmp_ln233)> <Delay = 1.20> <CoreInst = "RAM">   --->   Core 82 'RAM' <Latency = 1> <II = 1> <Delay = 1.20> <Storage> <Opcode : 'load' 'store'> <Ports = 2> <Width = 12> <Depth = 1800> <RAM>
ST_13 : Operation 242 [2/2] (1.20ns)   --->   "%grid_load_7 = load i11 %grid_addr_17" [./calorimeter.h:151->./calorimeter.h:197->./calorimeter.h:239]   --->   Operation 242 'load' 'grid_load_7' <Predicate = (!icmp_ln218 & !icmp_ln222 & icmp_ln177 & icmp_ln177_1 & icmp_ln177_2 & icmp_ln177_3 & !icmp_ln177_4 & !icmp_ln177_5 & !icmp_ln177_6 & !icmp_ln177_7 & !icmp_ln233)> <Delay = 1.20> <CoreInst = "RAM">   --->   Core 82 'RAM' <Latency = 1> <II = 1> <Delay = 1.20> <Storage> <Opcode : 'load' 'store'> <Ports = 2> <Width = 12> <Depth = 1800> <RAM>
ST_13 : Operation 243 [1/1] (0.00ns)   --->   "%zext_ln151_38 = zext i14 %add_ln151_9" [./calorimeter.h:151->./calorimeter.h:197->./calorimeter.h:239]   --->   Operation 243 'zext' 'zext_ln151_38' <Predicate = (!icmp_ln218 & !icmp_ln222 & icmp_ln177 & icmp_ln177_1 & icmp_ln177_2 & icmp_ln177_3 & !icmp_ln177_4 & !icmp_ln177_5 & !icmp_ln177_6 & !icmp_ln177_7 & !icmp_ln233)> <Delay = 0.00>
ST_13 : Operation 244 [1/1] (0.74ns)   --->   "%add_ln151_10 = add i13 %zext_ln151_26, i13 %zext_ln151_27" [./calorimeter.h:151->./calorimeter.h:197->./calorimeter.h:239]   --->   Operation 244 'add' 'add_ln151_10' <Predicate = (!icmp_ln218 & !icmp_ln222 & icmp_ln177 & icmp_ln177_1 & icmp_ln177_2 & icmp_ln177_3 & !icmp_ln177_4 & !icmp_ln177_5 & !icmp_ln177_6 & !icmp_ln177_7 & !icmp_ln233)> <Delay = 0.74> <CoreInst = "Adder">   --->   Core 1 'Adder' <Latency = 0> <II = 1> <Delay = 0.74> <FuncUnit> <Opcode : 'add' 'sub'> <InPorts = 2> <OutPorts = 1>
ST_13 : Operation 245 [1/1] (0.00ns)   --->   "%zext_ln151_39 = zext i13 %add_ln151_10" [./calorimeter.h:151->./calorimeter.h:197->./calorimeter.h:239]   --->   Operation 245 'zext' 'zext_ln151_39' <Predicate = (!icmp_ln218 & !icmp_ln222 & icmp_ln177 & icmp_ln177_1 & icmp_ln177_2 & icmp_ln177_3 & !icmp_ln177_4 & !icmp_ln177_5 & !icmp_ln177_6 & !icmp_ln177_7 & !icmp_ln233)> <Delay = 0.00>
ST_13 : Operation 246 [1/1] (0.75ns)   --->   "%add_ln151_11 = add i14 %zext_ln151_39, i14 %zext_ln147" [./calorimeter.h:151->./calorimeter.h:197->./calorimeter.h:239]   --->   Operation 246 'add' 'add_ln151_11' <Predicate = (!icmp_ln218 & !icmp_ln222 & icmp_ln177 & icmp_ln177_1 & icmp_ln177_2 & icmp_ln177_3 & !icmp_ln177_4 & !icmp_ln177_5 & !icmp_ln177_6 & !icmp_ln177_7 & !icmp_ln233)> <Delay = 0.75> <CoreInst = "Adder">   --->   Core 1 'Adder' <Latency = 0> <II = 1> <Delay = 0.75> <FuncUnit> <Opcode : 'add' 'sub'> <InPorts = 2> <OutPorts = 1>
ST_13 : Operation 247 [1/1] (0.00ns)   --->   "%zext_ln151_40 = zext i14 %add_ln151_11" [./calorimeter.h:151->./calorimeter.h:197->./calorimeter.h:239]   --->   Operation 247 'zext' 'zext_ln151_40' <Predicate = (!icmp_ln218 & !icmp_ln222 & icmp_ln177 & icmp_ln177_1 & icmp_ln177_2 & icmp_ln177_3 & !icmp_ln177_4 & !icmp_ln177_5 & !icmp_ln177_6 & !icmp_ln177_7 & !icmp_ln233)> <Delay = 0.00>
ST_13 : Operation 248 [1/1] (0.76ns)   --->   "%add_ln151_12 = add i15 %zext_ln151_40, i15 %zext_ln151_38" [./calorimeter.h:151->./calorimeter.h:197->./calorimeter.h:239]   --->   Operation 248 'add' 'add_ln151_12' <Predicate = (!icmp_ln218 & !icmp_ln222 & icmp_ln177 & icmp_ln177_1 & icmp_ln177_2 & icmp_ln177_3 & !icmp_ln177_4 & !icmp_ln177_5 & !icmp_ln177_6 & !icmp_ln177_7 & !icmp_ln233)> <Delay = 0.76> <CoreInst = "Adder">   --->   Core 1 'Adder' <Latency = 0> <II = 1> <Delay = 0.76> <FuncUnit> <Opcode : 'add' 'sub'> <InPorts = 2> <OutPorts = 1>

State 14 <SV = 13> <Delay = 4.24>
ST_14 : Operation 249 [1/1] (0.00ns)   --->   "%zext_ln130_1 = zext i12 %neighbor" [./calorimeter.h:130->./calorimeter.h:147->./calorimeter.h:231]   --->   Operation 249 'zext' 'zext_ln130_1' <Predicate = (!icmp_ln222 & icmp_ln177 & icmp_ln177_1 & icmp_ln177_2 & icmp_ln177_3 & !icmp_ln177_4 & !icmp_ln177_5 & !icmp_ln177_6 & !icmp_ln177_7)> <Delay = 0.00>
ST_14 : Operation 250 [1/1] (0.00ns)   --->   "%zext_ln151_4 = zext i12 %neighbor_3" [./calorimeter.h:151->./calorimeter.h:231]   --->   Operation 250 'zext' 'zext_ln151_4' <Predicate = (!icmp_ln222 & icmp_ln177 & icmp_ln177_1 & icmp_ln177_2 & icmp_ln177_3 & !icmp_ln177_4 & !icmp_ln177_5 & !icmp_ln177_6 & !icmp_ln177_7)> <Delay = 0.00>
ST_14 : Operation 251 [1/1] (0.73ns)   --->   "%add_ln151_44 = add i11 %sub_ln220, i11 %zext_ln151_74" [./calorimeter.h:151->./calorimeter.h:197->./calorimeter.h:239]   --->   Operation 251 'add' 'add_ln151_44' <Predicate = (!icmp_ln222 & icmp_ln177 & icmp_ln177_1 & icmp_ln177_2 & icmp_ln177_3 & !icmp_ln177_4 & !icmp_ln177_5 & !icmp_ln177_6 & !icmp_ln177_7 & !icmp_ln233)> <Delay = 0.73> <CoreInst = "Adder">   --->   Core 1 'Adder' <Latency = 0> <II = 1> <Delay = 0.73> <FuncUnit> <Opcode : 'add' 'sub'> <InPorts = 2> <OutPorts = 1>
ST_14 : Operation 252 [1/1] (0.00ns)   --->   "%zext_ln151_77 = zext i11 %add_ln151_44" [./calorimeter.h:151->./calorimeter.h:197->./calorimeter.h:239]   --->   Operation 252 'zext' 'zext_ln151_77' <Predicate = (!icmp_ln222 & icmp_ln177 & icmp_ln177_1 & icmp_ln177_2 & icmp_ln177_3 & !icmp_ln177_4 & !icmp_ln177_5 & !icmp_ln177_6 & !icmp_ln177_7 & !icmp_ln233)> <Delay = 0.00>
ST_14 : Operation 253 [1/1] (0.00ns)   --->   "%grid_addr_18 = getelementptr i12 %grid, i64 0, i64 %zext_ln151_77" [./calorimeter.h:151->./calorimeter.h:197->./calorimeter.h:239]   --->   Operation 253 'getelementptr' 'grid_addr_18' <Predicate = (!icmp_ln222 & icmp_ln177 & icmp_ln177_1 & icmp_ln177_2 & icmp_ln177_3 & !icmp_ln177_4 & !icmp_ln177_5 & !icmp_ln177_6 & !icmp_ln177_7 & !icmp_ln233)> <Delay = 0.00>
ST_14 : Operation 254 [1/2] (1.20ns)   --->   "%grid_load_6 = load i11 %grid_addr_16" [./calorimeter.h:151->./calorimeter.h:197->./calorimeter.h:239]   --->   Operation 254 'load' 'grid_load_6' <Predicate = (!icmp_ln222 & icmp_ln177 & icmp_ln177_1 & icmp_ln177_2 & icmp_ln177_3 & !icmp_ln177_4 & !icmp_ln177_5 & !icmp_ln177_6 & !icmp_ln177_7 & !icmp_ln233)> <Delay = 1.20> <CoreInst = "RAM">   --->   Core 82 'RAM' <Latency = 1> <II = 1> <Delay = 1.20> <Storage> <Opcode : 'load' 'store'> <Ports = 2> <Width = 12> <Depth = 1800> <RAM>
ST_14 : Operation 255 [1/1] (0.00ns)   --->   "%zext_ln151_28 = zext i12 %grid_load_6" [./calorimeter.h:151->./calorimeter.h:197->./calorimeter.h:239]   --->   Operation 255 'zext' 'zext_ln151_28' <Predicate = (!icmp_ln222 & icmp_ln177 & icmp_ln177_1 & icmp_ln177_2 & icmp_ln177_3 & !icmp_ln177_4 & !icmp_ln177_5 & !icmp_ln177_6 & !icmp_ln177_7 & !icmp_ln233)> <Delay = 0.00>
ST_14 : Operation 256 [1/2] (1.20ns)   --->   "%grid_load_7 = load i11 %grid_addr_17" [./calorimeter.h:151->./calorimeter.h:197->./calorimeter.h:239]   --->   Operation 256 'load' 'grid_load_7' <Predicate = (!icmp_ln222 & icmp_ln177 & icmp_ln177_1 & icmp_ln177_2 & icmp_ln177_3 & !icmp_ln177_4 & !icmp_ln177_5 & !icmp_ln177_6 & !icmp_ln177_7 & !icmp_ln233)> <Delay = 1.20> <CoreInst = "RAM">   --->   Core 82 'RAM' <Latency = 1> <II = 1> <Delay = 1.20> <Storage> <Opcode : 'load' 'store'> <Ports = 2> <Width = 12> <Depth = 1800> <RAM>
ST_14 : Operation 257 [1/1] (0.00ns)   --->   "%zext_ln151_29 = zext i12 %grid_load_7" [./calorimeter.h:151->./calorimeter.h:197->./calorimeter.h:239]   --->   Operation 257 'zext' 'zext_ln151_29' <Predicate = (!icmp_ln222 & icmp_ln177 & icmp_ln177_1 & icmp_ln177_2 & icmp_ln177_3 & !icmp_ln177_4 & !icmp_ln177_5 & !icmp_ln177_6 & !icmp_ln177_7 & !icmp_ln233)> <Delay = 0.00>
ST_14 : Operation 258 [2/2] (1.20ns)   --->   "%grid_load_8 = load i11 %grid_addr_18" [./calorimeter.h:151->./calorimeter.h:197->./calorimeter.h:239]   --->   Operation 258 'load' 'grid_load_8' <Predicate = (!icmp_ln222 & icmp_ln177 & icmp_ln177_1 & icmp_ln177_2 & icmp_ln177_3 & !icmp_ln177_4 & !icmp_ln177_5 & !icmp_ln177_6 & !icmp_ln177_7 & !icmp_ln233)> <Delay = 1.20> <CoreInst = "RAM">   --->   Core 82 'RAM' <Latency = 1> <II = 1> <Delay = 1.20> <Storage> <Opcode : 'load' 'store'> <Ports = 2> <Width = 12> <Depth = 1800> <RAM>
ST_14 : Operation 259 [1/1] (0.00ns)   --->   "%zext_ln151_41 = zext i15 %add_ln151_12" [./calorimeter.h:151->./calorimeter.h:197->./calorimeter.h:239]   --->   Operation 259 'zext' 'zext_ln151_41' <Predicate = (!icmp_ln222 & icmp_ln177 & icmp_ln177_1 & icmp_ln177_2 & icmp_ln177_3 & !icmp_ln177_4 & !icmp_ln177_5 & !icmp_ln177_6 & !icmp_ln177_7 & !icmp_ln233)> <Delay = 0.00>
ST_14 : Operation 260 [1/1] (0.00ns)   --->   "%zext_ln151_42 = zext i13 %add_ln151_13" [./calorimeter.h:151->./calorimeter.h:197->./calorimeter.h:239]   --->   Operation 260 'zext' 'zext_ln151_42' <Predicate = (!icmp_ln222 & icmp_ln177 & icmp_ln177_1 & icmp_ln177_2 & icmp_ln177_3 & !icmp_ln177_4 & !icmp_ln177_5 & !icmp_ln177_6 & !icmp_ln177_7 & !icmp_ln233)> <Delay = 0.00>
ST_14 : Operation 261 [1/1] (0.75ns)   --->   "%add_ln151_14 = add i14 %zext_ln151_42, i14 %zext_ln130_1" [./calorimeter.h:151->./calorimeter.h:197->./calorimeter.h:239]   --->   Operation 261 'add' 'add_ln151_14' <Predicate = (!icmp_ln222 & icmp_ln177 & icmp_ln177_1 & icmp_ln177_2 & icmp_ln177_3 & !icmp_ln177_4 & !icmp_ln177_5 & !icmp_ln177_6 & !icmp_ln177_7 & !icmp_ln233)> <Delay = 0.75> <CoreInst = "Adder">   --->   Core 1 'Adder' <Latency = 0> <II = 1> <Delay = 0.75> <FuncUnit> <Opcode : 'add' 'sub'> <InPorts = 2> <OutPorts = 1>
ST_14 : Operation 262 [1/1] (0.00ns)   --->   "%zext_ln151_43 = zext i14 %add_ln151_14" [./calorimeter.h:151->./calorimeter.h:197->./calorimeter.h:239]   --->   Operation 262 'zext' 'zext_ln151_43' <Predicate = (!icmp_ln222 & icmp_ln177 & icmp_ln177_1 & icmp_ln177_2 & icmp_ln177_3 & !icmp_ln177_4 & !icmp_ln177_5 & !icmp_ln177_6 & !icmp_ln177_7 & !icmp_ln233)> <Delay = 0.00>
ST_14 : Operation 263 [1/1] (0.74ns)   --->   "%add_ln151_15 = add i13 %zext_ln151_29, i13 %zext_ln151_4" [./calorimeter.h:151->./calorimeter.h:197->./calorimeter.h:239]   --->   Operation 263 'add' 'add_ln151_15' <Predicate = (!icmp_ln222 & icmp_ln177 & icmp_ln177_1 & icmp_ln177_2 & icmp_ln177_3 & !icmp_ln177_4 & !icmp_ln177_5 & !icmp_ln177_6 & !icmp_ln177_7 & !icmp_ln233)> <Delay = 0.74> <CoreInst = "Adder">   --->   Core 1 'Adder' <Latency = 0> <II = 1> <Delay = 0.74> <FuncUnit> <Opcode : 'add' 'sub'> <InPorts = 2> <OutPorts = 1>
ST_14 : Operation 264 [1/1] (0.00ns)   --->   "%zext_ln151_44 = zext i13 %add_ln151_15" [./calorimeter.h:151->./calorimeter.h:197->./calorimeter.h:239]   --->   Operation 264 'zext' 'zext_ln151_44' <Predicate = (!icmp_ln222 & icmp_ln177 & icmp_ln177_1 & icmp_ln177_2 & icmp_ln177_3 & !icmp_ln177_4 & !icmp_ln177_5 & !icmp_ln177_6 & !icmp_ln177_7 & !icmp_ln233)> <Delay = 0.00>
ST_14 : Operation 265 [1/1] (0.75ns)   --->   "%add_ln151_16 = add i14 %zext_ln151_44, i14 %zext_ln151_28" [./calorimeter.h:151->./calorimeter.h:197->./calorimeter.h:239]   --->   Operation 265 'add' 'add_ln151_16' <Predicate = (!icmp_ln222 & icmp_ln177 & icmp_ln177_1 & icmp_ln177_2 & icmp_ln177_3 & !icmp_ln177_4 & !icmp_ln177_5 & !icmp_ln177_6 & !icmp_ln177_7 & !icmp_ln233)> <Delay = 0.75> <CoreInst = "Adder">   --->   Core 1 'Adder' <Latency = 0> <II = 1> <Delay = 0.75> <FuncUnit> <Opcode : 'add' 'sub'> <InPorts = 2> <OutPorts = 1>
ST_14 : Operation 266 [1/1] (0.00ns)   --->   "%zext_ln151_45 = zext i14 %add_ln151_16" [./calorimeter.h:151->./calorimeter.h:197->./calorimeter.h:239]   --->   Operation 266 'zext' 'zext_ln151_45' <Predicate = (!icmp_ln222 & icmp_ln177 & icmp_ln177_1 & icmp_ln177_2 & icmp_ln177_3 & !icmp_ln177_4 & !icmp_ln177_5 & !icmp_ln177_6 & !icmp_ln177_7 & !icmp_ln233)> <Delay = 0.00>
ST_14 : Operation 267 [1/1] (0.76ns)   --->   "%add_ln151_17 = add i15 %zext_ln151_45, i15 %zext_ln151_43" [./calorimeter.h:151->./calorimeter.h:197->./calorimeter.h:239]   --->   Operation 267 'add' 'add_ln151_17' <Predicate = (!icmp_ln222 & icmp_ln177 & icmp_ln177_1 & icmp_ln177_2 & icmp_ln177_3 & !icmp_ln177_4 & !icmp_ln177_5 & !icmp_ln177_6 & !icmp_ln177_7 & !icmp_ln233)> <Delay = 0.76> <CoreInst = "Adder">   --->   Core 1 'Adder' <Latency = 0> <II = 1> <Delay = 0.76> <FuncUnit> <Opcode : 'add' 'sub'> <InPorts = 2> <OutPorts = 1>
ST_14 : Operation 268 [1/1] (0.00ns)   --->   "%zext_ln151_46 = zext i15 %add_ln151_17" [./calorimeter.h:151->./calorimeter.h:197->./calorimeter.h:239]   --->   Operation 268 'zext' 'zext_ln151_46' <Predicate = (!icmp_ln222 & icmp_ln177 & icmp_ln177_1 & icmp_ln177_2 & icmp_ln177_3 & !icmp_ln177_4 & !icmp_ln177_5 & !icmp_ln177_6 & !icmp_ln177_7 & !icmp_ln233)> <Delay = 0.00>
ST_14 : Operation 269 [1/1] (0.77ns)   --->   "%add_ln151_18 = add i16 %zext_ln151_46, i16 %zext_ln151_41" [./calorimeter.h:151->./calorimeter.h:197->./calorimeter.h:239]   --->   Operation 269 'add' 'add_ln151_18' <Predicate = (!icmp_ln222 & icmp_ln177 & icmp_ln177_1 & icmp_ln177_2 & icmp_ln177_3 & !icmp_ln177_4 & !icmp_ln177_5 & !icmp_ln177_6 & !icmp_ln177_7 & !icmp_ln233)> <Delay = 0.77> <CoreInst = "Adder">   --->   Core 1 'Adder' <Latency = 0> <II = 1> <Delay = 0.77> <FuncUnit> <Opcode : 'add' 'sub'> <InPorts = 2> <OutPorts = 1>

State 15 <SV = 14> <Delay = 2.17>
ST_15 : Operation 270 [1/1] (0.00ns)   --->   "%specloopname_ln0 = specloopname void @_ssdm_op_SpecLoopName, void @VITIS_LOOP_218_1_VITIS_LOOP_219_2_str"   --->   Operation 270 'specloopname' 'specloopname_ln0' <Predicate = true> <Delay = 0.00>
ST_15 : Operation 271 [1/1] (0.00ns)   --->   "%speclooptripcount_ln0 = speclooptripcount void @_ssdm_op_SpecLoopTripCount, i64 1456, i64 1456, i64 1456"   --->   Operation 271 'speclooptripcount' 'speclooptripcount_ln0' <Predicate = true> <Delay = 0.00>
ST_15 : Operation 272 [1/1] (0.70ns)   --->   "%empty_14 = add i5 %select_ln218_1, i5 2" [./calorimeter.h:218]   --->   Operation 272 'add' 'empty_14' <Predicate = true> <Delay = 0.70> <CoreInst = "Adder">   --->   Core 1 'Adder' <Latency = 0> <II = 1> <Delay = 0.70> <FuncUnit> <Opcode : 'add' 'sub'> <InPorts = 2> <OutPorts = 1>
ST_15 : Operation 273 [1/1] (0.00ns)   --->   "%p_shl = bitconcatenate i11 @_ssdm_op_BitConcatenate.i11.i5.i6, i5 %empty_14, i6 0" [./calorimeter.h:151->./calorimeter.h:197->./calorimeter.h:239]   --->   Operation 273 'bitconcatenate' 'p_shl' <Predicate = true> <Delay = 0.00>
ST_15 : Operation 274 [1/1] (0.00ns)   --->   "%tmp_4 = bitconcatenate i7 @_ssdm_op_BitConcatenate.i7.i5.i2, i5 %empty_14, i2 0" [./calorimeter.h:151->./calorimeter.h:197->./calorimeter.h:239]   --->   Operation 274 'bitconcatenate' 'tmp_4' <Predicate = true> <Delay = 0.00>
ST_15 : Operation 275 [1/1] (0.00ns)   --->   "%zext_ln151_60 = zext i7 %tmp_4" [./calorimeter.h:151->./calorimeter.h:197->./calorimeter.h:239]   --->   Operation 275 'zext' 'zext_ln151_60' <Predicate = true> <Delay = 0.00>
ST_15 : Operation 276 [1/1] (0.73ns)   --->   "%sub_ln151_10 = sub i11 %p_shl, i11 %zext_ln151_60" [./calorimeter.h:151->./calorimeter.h:197->./calorimeter.h:239]   --->   Operation 276 'sub' 'sub_ln151_10' <Predicate = true> <Delay = 0.73> <CoreInst = "Adder">   --->   Core 1 'Adder' <Latency = 0> <II = 1> <Delay = 0.73> <FuncUnit> <Opcode : 'add' 'sub'> <InPorts = 2> <OutPorts = 1>
ST_15 : Operation 277 [1/1] (0.00ns)   --->   "%specpipeline_ln219 = specpipeline void @_ssdm_op_SpecPipeline, i32 4294967295, i32 0, i32 0, i32 0, void @empty_0" [./calorimeter.h:219]   --->   Operation 277 'specpipeline' 'specpipeline_ln219' <Predicate = true> <Delay = 0.00>
ST_15 : Operation 278 [1/1] (0.73ns)   --->   "%add_ln151_32 = add i11 %sub_ln151_10, i11 %zext_ln175_1" [./calorimeter.h:151->./calorimeter.h:197->./calorimeter.h:239]   --->   Operation 278 'add' 'add_ln151_32' <Predicate = (!icmp_ln222)> <Delay = 0.73> <CoreInst = "Adder">   --->   Core 1 'Adder' <Latency = 0> <II = 1> <Delay = 0.73> <FuncUnit> <Opcode : 'add' 'sub'> <InPorts = 2> <OutPorts = 1>
ST_15 : Operation 279 [1/1] (0.00ns)   --->   "%zext_ln151_62 = zext i11 %add_ln151_32" [./calorimeter.h:151->./calorimeter.h:197->./calorimeter.h:239]   --->   Operation 279 'zext' 'zext_ln151_62' <Predicate = (!icmp_ln222)> <Delay = 0.00>
ST_15 : Operation 280 [1/1] (0.00ns)   --->   "%grid_addr_11 = getelementptr i12 %grid, i64 0, i64 %zext_ln151_62" [./calorimeter.h:151->./calorimeter.h:197->./calorimeter.h:239]   --->   Operation 280 'getelementptr' 'grid_addr_11' <Predicate = (!icmp_ln222)> <Delay = 0.00>
ST_15 : Operation 281 [1/1] (0.73ns)   --->   "%add_ln151_34 = add i11 %sub_ln151_10, i11 %zext_ln220_1" [./calorimeter.h:151->./calorimeter.h:197->./calorimeter.h:239]   --->   Operation 281 'add' 'add_ln151_34' <Predicate = (!icmp_ln222 & icmp_ln177)> <Delay = 0.73> <CoreInst = "Adder">   --->   Core 1 'Adder' <Latency = 0> <II = 1> <Delay = 0.73> <FuncUnit> <Opcode : 'add' 'sub'> <InPorts = 2> <OutPorts = 1>
ST_15 : Operation 282 [1/1] (0.00ns)   --->   "%zext_ln151_64 = zext i11 %add_ln151_34" [./calorimeter.h:151->./calorimeter.h:197->./calorimeter.h:239]   --->   Operation 282 'zext' 'zext_ln151_64' <Predicate = (!icmp_ln222 & icmp_ln177)> <Delay = 0.00>
ST_15 : Operation 283 [1/1] (0.00ns)   --->   "%grid_addr_22 = getelementptr i12 %grid, i64 0, i64 %zext_ln151_64" [./calorimeter.h:151->./calorimeter.h:197->./calorimeter.h:239]   --->   Operation 283 'getelementptr' 'grid_addr_22' <Predicate = (!icmp_ln222 & icmp_ln177)> <Delay = 0.00>
ST_15 : Operation 284 [1/1] (0.73ns)   --->   "%add_ln151_36 = add i11 %sub_ln151_10, i11 %zext_ln151_65" [./calorimeter.h:151->./calorimeter.h:197->./calorimeter.h:239]   --->   Operation 284 'add' 'add_ln151_36' <Predicate = (!icmp_ln222 & icmp_ln177 & icmp_ln177_1)> <Delay = 0.73> <CoreInst = "Adder">   --->   Core 1 'Adder' <Latency = 0> <II = 1> <Delay = 0.73> <FuncUnit> <Opcode : 'add' 'sub'> <InPorts = 2> <OutPorts = 1>
ST_15 : Operation 285 [1/1] (0.00ns)   --->   "%zext_ln151_67 = zext i11 %add_ln151_36" [./calorimeter.h:151->./calorimeter.h:197->./calorimeter.h:239]   --->   Operation 285 'zext' 'zext_ln151_67' <Predicate = (!icmp_ln222 & icmp_ln177 & icmp_ln177_1)> <Delay = 0.00>
ST_15 : Operation 286 [1/1] (0.00ns)   --->   "%grid_addr_23 = getelementptr i12 %grid, i64 0, i64 %zext_ln151_67" [./calorimeter.h:151->./calorimeter.h:197->./calorimeter.h:239]   --->   Operation 286 'getelementptr' 'grid_addr_23' <Predicate = (!icmp_ln222 & icmp_ln177 & icmp_ln177_1)> <Delay = 0.00>
ST_15 : Operation 287 [1/1] (0.73ns)   --->   "%add_ln151_40 = add i11 %sub_ln151_8, i11 %zext_ln151_68" [./calorimeter.h:151->./calorimeter.h:197->./calorimeter.h:239]   --->   Operation 287 'add' 'add_ln151_40' <Predicate = (!icmp_ln222 & icmp_ln177 & icmp_ln177_1 & icmp_ln177_2 & icmp_ln177_3 & !icmp_ln177_4 & !icmp_ln177_5 & !icmp_ln177_6 & !icmp_ln177_7 & !icmp_ln233)> <Delay = 0.73> <CoreInst = "Adder">   --->   Core 1 'Adder' <Latency = 0> <II = 1> <Delay = 0.73> <FuncUnit> <Opcode : 'add' 'sub'> <InPorts = 2> <OutPorts = 1>
ST_15 : Operation 288 [1/1] (0.00ns)   --->   "%zext_ln151_72 = zext i11 %add_ln151_40" [./calorimeter.h:151->./calorimeter.h:197->./calorimeter.h:239]   --->   Operation 288 'zext' 'zext_ln151_72' <Predicate = (!icmp_ln222 & icmp_ln177 & icmp_ln177_1 & icmp_ln177_2 & icmp_ln177_3 & !icmp_ln177_4 & !icmp_ln177_5 & !icmp_ln177_6 & !icmp_ln177_7 & !icmp_ln233)> <Delay = 0.00>
ST_15 : Operation 289 [1/1] (0.00ns)   --->   "%grid_addr_19 = getelementptr i12 %grid, i64 0, i64 %zext_ln151_72" [./calorimeter.h:151->./calorimeter.h:197->./calorimeter.h:239]   --->   Operation 289 'getelementptr' 'grid_addr_19' <Predicate = (!icmp_ln222 & icmp_ln177 & icmp_ln177_1 & icmp_ln177_2 & icmp_ln177_3 & !icmp_ln177_4 & !icmp_ln177_5 & !icmp_ln177_6 & !icmp_ln177_7 & !icmp_ln233)> <Delay = 0.00>
ST_15 : Operation 290 [1/1] (0.73ns)   --->   "%add_ln151_41 = add i11 %sub_ln151_10, i11 %zext_ln151_68" [./calorimeter.h:151->./calorimeter.h:197->./calorimeter.h:239]   --->   Operation 290 'add' 'add_ln151_41' <Predicate = (!icmp_ln222 & icmp_ln177 & icmp_ln177_1 & icmp_ln177_2 & icmp_ln177_3 & !icmp_ln177_4 & !icmp_ln177_5 & !icmp_ln177_6 & !icmp_ln177_7 & !icmp_ln233)> <Delay = 0.73> <CoreInst = "Adder">   --->   Core 1 'Adder' <Latency = 0> <II = 1> <Delay = 0.73> <FuncUnit> <Opcode : 'add' 'sub'> <InPorts = 2> <OutPorts = 1>
ST_15 : Operation 291 [1/1] (0.73ns)   --->   "%add_ln151_45 = add i11 %sub_ln151_8, i11 %zext_ln151_74" [./calorimeter.h:151->./calorimeter.h:197->./calorimeter.h:239]   --->   Operation 291 'add' 'add_ln151_45' <Predicate = (!icmp_ln222 & icmp_ln177 & icmp_ln177_1 & icmp_ln177_2 & icmp_ln177_3 & !icmp_ln177_4 & !icmp_ln177_5 & !icmp_ln177_6 & !icmp_ln177_7 & !icmp_ln233)> <Delay = 0.73> <CoreInst = "Adder">   --->   Core 1 'Adder' <Latency = 0> <II = 1> <Delay = 0.73> <FuncUnit> <Opcode : 'add' 'sub'> <InPorts = 2> <OutPorts = 1>
ST_15 : Operation 292 [1/1] (0.73ns)   --->   "%add_ln151_46 = add i11 %sub_ln151_10, i11 %zext_ln151_74" [./calorimeter.h:151->./calorimeter.h:197->./calorimeter.h:239]   --->   Operation 292 'add' 'add_ln151_46' <Predicate = (!icmp_ln222 & icmp_ln177 & icmp_ln177_1 & icmp_ln177_2 & icmp_ln177_3 & !icmp_ln177_4 & !icmp_ln177_5 & !icmp_ln177_6 & !icmp_ln177_7 & !icmp_ln233)> <Delay = 0.73> <CoreInst = "Adder">   --->   Core 1 'Adder' <Latency = 0> <II = 1> <Delay = 0.73> <FuncUnit> <Opcode : 'add' 'sub'> <InPorts = 2> <OutPorts = 1>
ST_15 : Operation 293 [1/2] (1.20ns)   --->   "%grid_load_8 = load i11 %grid_addr_18" [./calorimeter.h:151->./calorimeter.h:197->./calorimeter.h:239]   --->   Operation 293 'load' 'grid_load_8' <Predicate = (!icmp_ln222 & icmp_ln177 & icmp_ln177_1 & icmp_ln177_2 & icmp_ln177_3 & !icmp_ln177_4 & !icmp_ln177_5 & !icmp_ln177_6 & !icmp_ln177_7 & !icmp_ln233)> <Delay = 1.20> <CoreInst = "RAM">   --->   Core 82 'RAM' <Latency = 1> <II = 1> <Delay = 1.20> <Storage> <Opcode : 'load' 'store'> <Ports = 2> <Width = 12> <Depth = 1800> <RAM>
ST_15 : Operation 294 [1/1] (0.00ns)   --->   "%zext_ln151_30 = zext i12 %grid_load_8" [./calorimeter.h:151->./calorimeter.h:197->./calorimeter.h:239]   --->   Operation 294 'zext' 'zext_ln151_30' <Predicate = (!icmp_ln222 & icmp_ln177 & icmp_ln177_1 & icmp_ln177_2 & icmp_ln177_3 & !icmp_ln177_4 & !icmp_ln177_5 & !icmp_ln177_6 & !icmp_ln177_7 & !icmp_ln233)> <Delay = 0.00>
ST_15 : Operation 295 [2/2] (1.20ns)   --->   "%grid_load_9 = load i11 %grid_addr_19" [./calorimeter.h:151->./calorimeter.h:197->./calorimeter.h:239]   --->   Operation 295 'load' 'grid_load_9' <Predicate = (!icmp_ln222 & icmp_ln177 & icmp_ln177_1 & icmp_ln177_2 & icmp_ln177_3 & !icmp_ln177_4 & !icmp_ln177_5 & !icmp_ln177_6 & !icmp_ln177_7 & !icmp_ln233)> <Delay = 1.20> <CoreInst = "RAM">   --->   Core 82 'RAM' <Latency = 1> <II = 1> <Delay = 1.20> <Storage> <Opcode : 'load' 'store'> <Ports = 2> <Width = 12> <Depth = 1800> <RAM>
ST_15 : Operation 296 [1/1] (0.74ns)   --->   "%add_ln151_19 = add i13 %zext_ln151_10, i13 %zext_ln151_30" [./calorimeter.h:151->./calorimeter.h:197->./calorimeter.h:239]   --->   Operation 296 'add' 'add_ln151_19' <Predicate = (!icmp_ln222 & icmp_ln177 & icmp_ln177_1 & icmp_ln177_2 & icmp_ln177_3 & !icmp_ln177_4 & !icmp_ln177_5 & !icmp_ln177_6 & !icmp_ln177_7 & !icmp_ln233)> <Delay = 0.74> <CoreInst = "Adder">   --->   Core 1 'Adder' <Latency = 0> <II = 1> <Delay = 0.74> <FuncUnit> <Opcode : 'add' 'sub'> <InPorts = 2> <OutPorts = 1>

State 16 <SV = 15> <Delay = 2.72>
ST_16 : Operation 297 [1/1] (0.00ns)   --->   "%zext_ln151_7 = zext i12 %center_et" [./calorimeter.h:151->./calorimeter.h:231]   --->   Operation 297 'zext' 'zext_ln151_7' <Predicate = (!icmp_ln222 & icmp_ln177 & icmp_ln177_1 & icmp_ln177_2 & icmp_ln177_3 & !icmp_ln177_4 & !icmp_ln177_5 & !icmp_ln177_6 & !icmp_ln177_7)> <Delay = 0.00>
ST_16 : Operation 298 [1/1] (0.00ns)   --->   "%zext_ln151_78 = zext i11 %add_ln151_45" [./calorimeter.h:151->./calorimeter.h:197->./calorimeter.h:239]   --->   Operation 298 'zext' 'zext_ln151_78' <Predicate = (!icmp_ln222 & icmp_ln177 & icmp_ln177_1 & icmp_ln177_2 & icmp_ln177_3 & !icmp_ln177_4 & !icmp_ln177_5 & !icmp_ln177_6 & !icmp_ln177_7 & !icmp_ln233)> <Delay = 0.00>
ST_16 : Operation 299 [1/1] (0.00ns)   --->   "%grid_addr_20 = getelementptr i12 %grid, i64 0, i64 %zext_ln151_78" [./calorimeter.h:151->./calorimeter.h:197->./calorimeter.h:239]   --->   Operation 299 'getelementptr' 'grid_addr_20' <Predicate = (!icmp_ln222 & icmp_ln177 & icmp_ln177_1 & icmp_ln177_2 & icmp_ln177_3 & !icmp_ln177_4 & !icmp_ln177_5 & !icmp_ln177_6 & !icmp_ln177_7 & !icmp_ln233)> <Delay = 0.00>
ST_16 : Operation 300 [1/2] (1.20ns)   --->   "%grid_load_9 = load i11 %grid_addr_19" [./calorimeter.h:151->./calorimeter.h:197->./calorimeter.h:239]   --->   Operation 300 'load' 'grid_load_9' <Predicate = (!icmp_ln222 & icmp_ln177 & icmp_ln177_1 & icmp_ln177_2 & icmp_ln177_3 & !icmp_ln177_4 & !icmp_ln177_5 & !icmp_ln177_6 & !icmp_ln177_7 & !icmp_ln233)> <Delay = 1.20> <CoreInst = "RAM">   --->   Core 82 'RAM' <Latency = 1> <II = 1> <Delay = 1.20> <Storage> <Opcode : 'load' 'store'> <Ports = 2> <Width = 12> <Depth = 1800> <RAM>
ST_16 : Operation 301 [1/1] (0.00ns)   --->   "%zext_ln151_31 = zext i12 %grid_load_9" [./calorimeter.h:151->./calorimeter.h:197->./calorimeter.h:239]   --->   Operation 301 'zext' 'zext_ln151_31' <Predicate = (!icmp_ln222 & icmp_ln177 & icmp_ln177_1 & icmp_ln177_2 & icmp_ln177_3 & !icmp_ln177_4 & !icmp_ln177_5 & !icmp_ln177_6 & !icmp_ln177_7 & !icmp_ln233)> <Delay = 0.00>
ST_16 : Operation 302 [2/2] (1.20ns)   --->   "%grid_load_10 = load i11 %grid_addr_20" [./calorimeter.h:151->./calorimeter.h:197->./calorimeter.h:239]   --->   Operation 302 'load' 'grid_load_10' <Predicate = (!icmp_ln222 & icmp_ln177 & icmp_ln177_1 & icmp_ln177_2 & icmp_ln177_3 & !icmp_ln177_4 & !icmp_ln177_5 & !icmp_ln177_6 & !icmp_ln177_7 & !icmp_ln233)> <Delay = 1.20> <CoreInst = "RAM">   --->   Core 82 'RAM' <Latency = 1> <II = 1> <Delay = 1.20> <Storage> <Opcode : 'load' 'store'> <Ports = 2> <Width = 12> <Depth = 1800> <RAM>
ST_16 : Operation 303 [1/1] (0.00ns)   --->   "%zext_ln151_48 = zext i13 %add_ln151_19" [./calorimeter.h:151->./calorimeter.h:197->./calorimeter.h:239]   --->   Operation 303 'zext' 'zext_ln151_48' <Predicate = (!icmp_ln222 & icmp_ln177 & icmp_ln177_1 & icmp_ln177_2 & icmp_ln177_3 & !icmp_ln177_4 & !icmp_ln177_5 & !icmp_ln177_6 & !icmp_ln177_7 & !icmp_ln233)> <Delay = 0.00>
ST_16 : Operation 304 [1/1] (0.75ns)   --->   "%add_ln151_20 = add i14 %zext_ln151_48, i14 %zext_ln151_7" [./calorimeter.h:151->./calorimeter.h:197->./calorimeter.h:239]   --->   Operation 304 'add' 'add_ln151_20' <Predicate = (!icmp_ln222 & icmp_ln177 & icmp_ln177_1 & icmp_ln177_2 & icmp_ln177_3 & !icmp_ln177_4 & !icmp_ln177_5 & !icmp_ln177_6 & !icmp_ln177_7 & !icmp_ln233)> <Delay = 0.75> <CoreInst = "Adder">   --->   Core 1 'Adder' <Latency = 0> <II = 1> <Delay = 0.75> <FuncUnit> <Opcode : 'add' 'sub'> <InPorts = 2> <OutPorts = 1>
ST_16 : Operation 305 [1/1] (0.00ns)   --->   "%zext_ln151_49 = zext i14 %add_ln151_20" [./calorimeter.h:151->./calorimeter.h:197->./calorimeter.h:239]   --->   Operation 305 'zext' 'zext_ln151_49' <Predicate = (!icmp_ln222 & icmp_ln177 & icmp_ln177_1 & icmp_ln177_2 & icmp_ln177_3 & !icmp_ln177_4 & !icmp_ln177_5 & !icmp_ln177_6 & !icmp_ln177_7 & !icmp_ln233)> <Delay = 0.00>
ST_16 : Operation 306 [1/1] (0.75ns)   --->   "%add_ln151_22 = add i14 %zext_ln151_19, i14 %zext_ln151_31" [./calorimeter.h:151->./calorimeter.h:197->./calorimeter.h:239]   --->   Operation 306 'add' 'add_ln151_22' <Predicate = (!icmp_ln222 & icmp_ln177 & icmp_ln177_1 & icmp_ln177_2 & icmp_ln177_3 & !icmp_ln177_4 & !icmp_ln177_5 & !icmp_ln177_6 & !icmp_ln177_7 & !icmp_ln233)> <Delay = 0.75> <CoreInst = "Adder">   --->   Core 1 'Adder' <Latency = 0> <II = 1> <Delay = 0.75> <FuncUnit> <Opcode : 'add' 'sub'> <InPorts = 2> <OutPorts = 1>
ST_16 : Operation 307 [1/1] (0.00ns)   --->   "%zext_ln151_50 = zext i14 %add_ln151_22" [./calorimeter.h:151->./calorimeter.h:197->./calorimeter.h:239]   --->   Operation 307 'zext' 'zext_ln151_50' <Predicate = (!icmp_ln222 & icmp_ln177 & icmp_ln177_1 & icmp_ln177_2 & icmp_ln177_3 & !icmp_ln177_4 & !icmp_ln177_5 & !icmp_ln177_6 & !icmp_ln177_7 & !icmp_ln233)> <Delay = 0.00>
ST_16 : Operation 308 [1/1] (0.76ns)   --->   "%add_ln151_23 = add i15 %zext_ln151_50, i15 %zext_ln151_49" [./calorimeter.h:151->./calorimeter.h:197->./calorimeter.h:239]   --->   Operation 308 'add' 'add_ln151_23' <Predicate = (!icmp_ln222 & icmp_ln177 & icmp_ln177_1 & icmp_ln177_2 & icmp_ln177_3 & !icmp_ln177_4 & !icmp_ln177_5 & !icmp_ln177_6 & !icmp_ln177_7 & !icmp_ln233)> <Delay = 0.76> <CoreInst = "Adder">   --->   Core 1 'Adder' <Latency = 0> <II = 1> <Delay = 0.76> <FuncUnit> <Opcode : 'add' 'sub'> <InPorts = 2> <OutPorts = 1>

State 17 <SV = 16> <Delay = 1.20>
ST_17 : Operation 309 [1/1] (0.00ns)   --->   "%zext_ln151_73 = zext i11 %add_ln151_41" [./calorimeter.h:151->./calorimeter.h:197->./calorimeter.h:239]   --->   Operation 309 'zext' 'zext_ln151_73' <Predicate = (!icmp_ln222 & icmp_ln177 & icmp_ln177_1 & icmp_ln177_2 & icmp_ln177_3 & !icmp_ln177_4 & !icmp_ln177_5 & !icmp_ln177_6 & !icmp_ln177_7 & !icmp_ln233)> <Delay = 0.00>
ST_17 : Operation 310 [1/1] (0.00ns)   --->   "%grid_addr_21 = getelementptr i12 %grid, i64 0, i64 %zext_ln151_73" [./calorimeter.h:151->./calorimeter.h:197->./calorimeter.h:239]   --->   Operation 310 'getelementptr' 'grid_addr_21' <Predicate = (!icmp_ln222 & icmp_ln177 & icmp_ln177_1 & icmp_ln177_2 & icmp_ln177_3 & !icmp_ln177_4 & !icmp_ln177_5 & !icmp_ln177_6 & !icmp_ln177_7 & !icmp_ln233)> <Delay = 0.00>
ST_17 : Operation 311 [1/2] (1.20ns)   --->   "%grid_load_10 = load i11 %grid_addr_20" [./calorimeter.h:151->./calorimeter.h:197->./calorimeter.h:239]   --->   Operation 311 'load' 'grid_load_10' <Predicate = (!icmp_ln222 & icmp_ln177 & icmp_ln177_1 & icmp_ln177_2 & icmp_ln177_3 & !icmp_ln177_4 & !icmp_ln177_5 & !icmp_ln177_6 & !icmp_ln177_7 & !icmp_ln233)> <Delay = 1.20> <CoreInst = "RAM">   --->   Core 82 'RAM' <Latency = 1> <II = 1> <Delay = 1.20> <Storage> <Opcode : 'load' 'store'> <Ports = 2> <Width = 12> <Depth = 1800> <RAM>
ST_17 : Operation 312 [2/2] (1.20ns)   --->   "%grid_load_11 = load i11 %grid_addr_21" [./calorimeter.h:151->./calorimeter.h:197->./calorimeter.h:239]   --->   Operation 312 'load' 'grid_load_11' <Predicate = (!icmp_ln222 & icmp_ln177 & icmp_ln177_1 & icmp_ln177_2 & icmp_ln177_3 & !icmp_ln177_4 & !icmp_ln177_5 & !icmp_ln177_6 & !icmp_ln177_7 & !icmp_ln233)> <Delay = 1.20> <CoreInst = "RAM">   --->   Core 82 'RAM' <Latency = 1> <II = 1> <Delay = 1.20> <Storage> <Opcode : 'load' 'store'> <Ports = 2> <Width = 12> <Depth = 1800> <RAM>

State 18 <SV = 17> <Delay = 1.94>
ST_18 : Operation 313 [1/1] (0.00ns)   --->   "%zext_ln151_32 = zext i12 %grid_load_10" [./calorimeter.h:151->./calorimeter.h:197->./calorimeter.h:239]   --->   Operation 313 'zext' 'zext_ln151_32' <Predicate = (!icmp_ln222 & icmp_ln177 & icmp_ln177_1 & icmp_ln177_2 & icmp_ln177_3 & !icmp_ln177_4 & !icmp_ln177_5 & !icmp_ln177_6 & !icmp_ln177_7 & !icmp_ln233)> <Delay = 0.00>
ST_18 : Operation 314 [1/2] (1.20ns)   --->   "%grid_load_11 = load i11 %grid_addr_21" [./calorimeter.h:151->./calorimeter.h:197->./calorimeter.h:239]   --->   Operation 314 'load' 'grid_load_11' <Predicate = (!icmp_ln222 & icmp_ln177 & icmp_ln177_1 & icmp_ln177_2 & icmp_ln177_3 & !icmp_ln177_4 & !icmp_ln177_5 & !icmp_ln177_6 & !icmp_ln177_7 & !icmp_ln233)> <Delay = 1.20> <CoreInst = "RAM">   --->   Core 82 'RAM' <Latency = 1> <II = 1> <Delay = 1.20> <Storage> <Opcode : 'load' 'store'> <Ports = 2> <Width = 12> <Depth = 1800> <RAM>
ST_18 : Operation 315 [1/1] (0.00ns)   --->   "%zext_ln151_33 = zext i12 %grid_load_11" [./calorimeter.h:151->./calorimeter.h:197->./calorimeter.h:239]   --->   Operation 315 'zext' 'zext_ln151_33' <Predicate = (!icmp_ln222 & icmp_ln177 & icmp_ln177_1 & icmp_ln177_2 & icmp_ln177_3 & !icmp_ln177_4 & !icmp_ln177_5 & !icmp_ln177_6 & !icmp_ln177_7 & !icmp_ln233)> <Delay = 0.00>
ST_18 : Operation 316 [2/2] (1.20ns)   --->   "%grid_load_12 = load i11 %grid_addr_11" [./calorimeter.h:151->./calorimeter.h:197->./calorimeter.h:239]   --->   Operation 316 'load' 'grid_load_12' <Predicate = (!icmp_ln222 & icmp_ln177 & icmp_ln177_1 & icmp_ln177_2 & icmp_ln177_3 & !icmp_ln177_4 & !icmp_ln177_5 & !icmp_ln177_6 & !icmp_ln177_7 & !icmp_ln233)> <Delay = 1.20> <CoreInst = "RAM">   --->   Core 82 'RAM' <Latency = 1> <II = 1> <Delay = 1.20> <Storage> <Opcode : 'load' 'store'> <Ports = 2> <Width = 12> <Depth = 1800> <RAM>
ST_18 : Operation 317 [1/1] (0.74ns)   --->   "%add_ln151_24 = add i13 %zext_ln151_32, i13 %zext_ln151_33" [./calorimeter.h:151->./calorimeter.h:197->./calorimeter.h:239]   --->   Operation 317 'add' 'add_ln151_24' <Predicate = (!icmp_ln222 & icmp_ln177 & icmp_ln177_1 & icmp_ln177_2 & icmp_ln177_3 & !icmp_ln177_4 & !icmp_ln177_5 & !icmp_ln177_6 & !icmp_ln177_7 & !icmp_ln233)> <Delay = 0.74> <CoreInst = "Adder">   --->   Core 1 'Adder' <Latency = 0> <II = 1> <Delay = 0.74> <FuncUnit> <Opcode : 'add' 'sub'> <InPorts = 2> <OutPorts = 1>

State 19 <SV = 18> <Delay = 1.20>
ST_19 : Operation 318 [1/2] (1.20ns)   --->   "%grid_load_12 = load i11 %grid_addr_11" [./calorimeter.h:151->./calorimeter.h:197->./calorimeter.h:239]   --->   Operation 318 'load' 'grid_load_12' <Predicate = (!icmp_ln222 & icmp_ln177 & icmp_ln177_1 & icmp_ln177_2 & icmp_ln177_3 & !icmp_ln177_4 & !icmp_ln177_5 & !icmp_ln177_6 & !icmp_ln177_7 & !icmp_ln233)> <Delay = 1.20> <CoreInst = "RAM">   --->   Core 82 'RAM' <Latency = 1> <II = 1> <Delay = 1.20> <Storage> <Opcode : 'load' 'store'> <Ports = 2> <Width = 12> <Depth = 1800> <RAM>
ST_19 : Operation 319 [2/2] (1.20ns)   --->   "%grid_load_13 = load i11 %grid_addr_22" [./calorimeter.h:151->./calorimeter.h:197->./calorimeter.h:239]   --->   Operation 319 'load' 'grid_load_13' <Predicate = (!icmp_ln222 & icmp_ln177 & icmp_ln177_1 & icmp_ln177_2 & icmp_ln177_3 & !icmp_ln177_4 & !icmp_ln177_5 & !icmp_ln177_6 & !icmp_ln177_7 & !icmp_ln233)> <Delay = 1.20> <CoreInst = "RAM">   --->   Core 82 'RAM' <Latency = 1> <II = 1> <Delay = 1.20> <Storage> <Opcode : 'load' 'store'> <Ports = 2> <Width = 12> <Depth = 1800> <RAM>

State 20 <SV = 19> <Delay = 1.94>
ST_20 : Operation 320 [1/1] (0.00ns)   --->   "%zext_ln151_34 = zext i12 %grid_load_12" [./calorimeter.h:151->./calorimeter.h:197->./calorimeter.h:239]   --->   Operation 320 'zext' 'zext_ln151_34' <Predicate = (!icmp_ln222 & icmp_ln177 & icmp_ln177_1 & icmp_ln177_2 & icmp_ln177_3 & !icmp_ln177_4 & !icmp_ln177_5 & !icmp_ln177_6 & !icmp_ln177_7 & !icmp_ln233)> <Delay = 0.00>
ST_20 : Operation 321 [1/2] (1.20ns)   --->   "%grid_load_13 = load i11 %grid_addr_22" [./calorimeter.h:151->./calorimeter.h:197->./calorimeter.h:239]   --->   Operation 321 'load' 'grid_load_13' <Predicate = (!icmp_ln222 & icmp_ln177 & icmp_ln177_1 & icmp_ln177_2 & icmp_ln177_3 & !icmp_ln177_4 & !icmp_ln177_5 & !icmp_ln177_6 & !icmp_ln177_7 & !icmp_ln233)> <Delay = 1.20> <CoreInst = "RAM">   --->   Core 82 'RAM' <Latency = 1> <II = 1> <Delay = 1.20> <Storage> <Opcode : 'load' 'store'> <Ports = 2> <Width = 12> <Depth = 1800> <RAM>
ST_20 : Operation 322 [1/1] (0.00ns)   --->   "%zext_ln151_35 = zext i12 %grid_load_13" [./calorimeter.h:151->./calorimeter.h:197->./calorimeter.h:239]   --->   Operation 322 'zext' 'zext_ln151_35' <Predicate = (!icmp_ln222 & icmp_ln177 & icmp_ln177_1 & icmp_ln177_2 & icmp_ln177_3 & !icmp_ln177_4 & !icmp_ln177_5 & !icmp_ln177_6 & !icmp_ln177_7 & !icmp_ln233)> <Delay = 0.00>
ST_20 : Operation 323 [2/2] (1.20ns)   --->   "%grid_load_14 = load i11 %grid_addr_23" [./calorimeter.h:151->./calorimeter.h:197->./calorimeter.h:239]   --->   Operation 323 'load' 'grid_load_14' <Predicate = (!icmp_ln222 & icmp_ln177 & icmp_ln177_1 & icmp_ln177_2 & icmp_ln177_3 & !icmp_ln177_4 & !icmp_ln177_5 & !icmp_ln177_6 & !icmp_ln177_7 & !icmp_ln233)> <Delay = 1.20> <CoreInst = "RAM">   --->   Core 82 'RAM' <Latency = 1> <II = 1> <Delay = 1.20> <Storage> <Opcode : 'load' 'store'> <Ports = 2> <Width = 12> <Depth = 1800> <RAM>
ST_20 : Operation 324 [1/1] (0.74ns)   --->   "%add_ln151_26 = add i13 %zext_ln151_34, i13 %zext_ln151_35" [./calorimeter.h:151->./calorimeter.h:197->./calorimeter.h:239]   --->   Operation 324 'add' 'add_ln151_26' <Predicate = (!icmp_ln222 & icmp_ln177 & icmp_ln177_1 & icmp_ln177_2 & icmp_ln177_3 & !icmp_ln177_4 & !icmp_ln177_5 & !icmp_ln177_6 & !icmp_ln177_7 & !icmp_ln233)> <Delay = 0.74> <CoreInst = "Adder">   --->   Core 1 'Adder' <Latency = 0> <II = 1> <Delay = 0.74> <FuncUnit> <Opcode : 'add' 'sub'> <InPorts = 2> <OutPorts = 1>

State 21 <SV = 20> <Delay = 1.20>
ST_21 : Operation 325 [1/1] (0.00ns)   --->   "%zext_ln151_79 = zext i11 %add_ln151_46" [./calorimeter.h:151->./calorimeter.h:197->./calorimeter.h:239]   --->   Operation 325 'zext' 'zext_ln151_79' <Predicate = (!icmp_ln222 & icmp_ln177 & icmp_ln177_1 & icmp_ln177_2 & icmp_ln177_3 & !icmp_ln177_4 & !icmp_ln177_5 & !icmp_ln177_6 & !icmp_ln177_7 & !icmp_ln233)> <Delay = 0.00>
ST_21 : Operation 326 [1/1] (0.00ns)   --->   "%grid_addr_24 = getelementptr i12 %grid, i64 0, i64 %zext_ln151_79" [./calorimeter.h:151->./calorimeter.h:197->./calorimeter.h:239]   --->   Operation 326 'getelementptr' 'grid_addr_24' <Predicate = (!icmp_ln222 & icmp_ln177 & icmp_ln177_1 & icmp_ln177_2 & icmp_ln177_3 & !icmp_ln177_4 & !icmp_ln177_5 & !icmp_ln177_6 & !icmp_ln177_7 & !icmp_ln233)> <Delay = 0.00>
ST_21 : Operation 327 [1/2] (1.20ns)   --->   "%grid_load_14 = load i11 %grid_addr_23" [./calorimeter.h:151->./calorimeter.h:197->./calorimeter.h:239]   --->   Operation 327 'load' 'grid_load_14' <Predicate = (!icmp_ln222 & icmp_ln177 & icmp_ln177_1 & icmp_ln177_2 & icmp_ln177_3 & !icmp_ln177_4 & !icmp_ln177_5 & !icmp_ln177_6 & !icmp_ln177_7 & !icmp_ln233)> <Delay = 1.20> <CoreInst = "RAM">   --->   Core 82 'RAM' <Latency = 1> <II = 1> <Delay = 1.20> <Storage> <Opcode : 'load' 'store'> <Ports = 2> <Width = 12> <Depth = 1800> <RAM>
ST_21 : Operation 328 [2/2] (1.20ns)   --->   "%grid_load_15 = load i11 %grid_addr_24" [./calorimeter.h:151->./calorimeter.h:197->./calorimeter.h:239]   --->   Operation 328 'load' 'grid_load_15' <Predicate = (!icmp_ln222 & icmp_ln177 & icmp_ln177_1 & icmp_ln177_2 & icmp_ln177_3 & !icmp_ln177_4 & !icmp_ln177_5 & !icmp_ln177_6 & !icmp_ln177_7 & !icmp_ln233)> <Delay = 1.20> <CoreInst = "RAM">   --->   Core 82 'RAM' <Latency = 1> <II = 1> <Delay = 1.20> <Storage> <Opcode : 'load' 'store'> <Ports = 2> <Width = 12> <Depth = 1800> <RAM>

State 22 <SV = 21> <Delay = 9.74>
ST_22 : Operation 329 [1/1] (0.00ns)   --->   "%zext_ln130 = zext i12 %neighbor" [./calorimeter.h:130->./calorimeter.h:147->./calorimeter.h:231]   --->   Operation 329 'zext' 'zext_ln130' <Predicate = (!icmp_ln222 & icmp_ln177 & icmp_ln177_1 & icmp_ln177_2 & icmp_ln177_3 & !icmp_ln177_4 & !icmp_ln177_5 & !icmp_ln177_6 & !icmp_ln177_7)> <Delay = 0.00>
ST_22 : Operation 330 [1/1] (0.00ns)   --->   "%zext_ln130_3 = zext i12 %neighbor_1" [./calorimeter.h:130->./calorimeter.h:147->./calorimeter.h:231]   --->   Operation 330 'zext' 'zext_ln130_3' <Predicate = (!icmp_ln222 & icmp_ln177 & icmp_ln177_1 & icmp_ln177_2 & icmp_ln177_3 & !icmp_ln177_4 & !icmp_ln177_5 & !icmp_ln177_6 & !icmp_ln177_7)> <Delay = 0.00>
ST_22 : Operation 331 [1/1] (0.00ns)   --->   "%zext_ln151_1 = zext i12 %neighbor_2" [./calorimeter.h:151->./calorimeter.h:231]   --->   Operation 331 'zext' 'zext_ln151_1' <Predicate = (!icmp_ln222 & icmp_ln177 & icmp_ln177_1 & icmp_ln177_2 & icmp_ln177_3 & !icmp_ln177_4 & !icmp_ln177_5 & !icmp_ln177_6 & !icmp_ln177_7)> <Delay = 0.00>
ST_22 : Operation 332 [1/1] (0.00ns)   --->   "%zext_ln151_3 = zext i12 %neighbor_3" [./calorimeter.h:151->./calorimeter.h:231]   --->   Operation 332 'zext' 'zext_ln151_3' <Predicate = (!icmp_ln222 & icmp_ln177 & icmp_ln177_1 & icmp_ln177_2 & icmp_ln177_3 & !icmp_ln177_4 & !icmp_ln177_5 & !icmp_ln177_6 & !icmp_ln177_7)> <Delay = 0.00>
ST_22 : Operation 333 [1/1] (0.00ns)   --->   "%zext_ln151_6 = zext i12 %center_et" [./calorimeter.h:151->./calorimeter.h:231]   --->   Operation 333 'zext' 'zext_ln151_6' <Predicate = (!icmp_ln222 & icmp_ln177 & icmp_ln177_1 & icmp_ln177_2 & icmp_ln177_3 & !icmp_ln177_4 & !icmp_ln177_5 & !icmp_ln177_6 & !icmp_ln177_7)> <Delay = 0.00>
ST_22 : Operation 334 [1/1] (0.00ns)   --->   "%zext_ln151_9 = zext i12 %neighbor_4" [./calorimeter.h:151->./calorimeter.h:231]   --->   Operation 334 'zext' 'zext_ln151_9' <Predicate = (!icmp_ln222 & icmp_ln177 & icmp_ln177_1 & icmp_ln177_2 & icmp_ln177_3 & !icmp_ln177_4 & !icmp_ln177_5 & !icmp_ln177_6 & !icmp_ln177_7)> <Delay = 0.00>
ST_22 : Operation 335 [1/1] (0.00ns)   --->   "%zext_ln151_11 = zext i12 %neighbor_5" [./calorimeter.h:151->./calorimeter.h:231]   --->   Operation 335 'zext' 'zext_ln151_11' <Predicate = (!icmp_ln222 & icmp_ln177 & icmp_ln177_1 & icmp_ln177_2 & icmp_ln177_3 & !icmp_ln177_4 & !icmp_ln177_5 & !icmp_ln177_6 & !icmp_ln177_7)> <Delay = 0.00>
ST_22 : Operation 336 [1/1] (0.00ns)   --->   "%zext_ln151_13 = zext i12 %neighbor_6" [./calorimeter.h:151->./calorimeter.h:231]   --->   Operation 336 'zext' 'zext_ln151_13' <Predicate = (!icmp_ln222 & icmp_ln177 & icmp_ln177_1 & icmp_ln177_2 & icmp_ln177_3 & !icmp_ln177_4 & !icmp_ln177_5 & !icmp_ln177_6 & !icmp_ln177_7)> <Delay = 0.00>
ST_22 : Operation 337 [1/1] (0.00ns)   --->   "%zext_ln151_16 = zext i12 %neighbor_7" [./calorimeter.h:151->./calorimeter.h:231]   --->   Operation 337 'zext' 'zext_ln151_16' <Predicate = (!icmp_ln222 & icmp_ln177 & icmp_ln177_1 & icmp_ln177_2 & icmp_ln177_3 & !icmp_ln177_4 & !icmp_ln177_5 & !icmp_ln177_6 & !icmp_ln177_7)> <Delay = 0.00>
ST_22 : Operation 338 [1/1] (0.00ns)   --->   "%zext_ln151_17 = zext i12 %neighbor_7" [./calorimeter.h:151->./calorimeter.h:231]   --->   Operation 338 'zext' 'zext_ln151_17' <Predicate = (!icmp_ln222 & icmp_ln177 & icmp_ln177_1 & icmp_ln177_2 & icmp_ln177_3 & !icmp_ln177_4 & !icmp_ln177_5 & !icmp_ln177_6 & !icmp_ln177_7)> <Delay = 0.00>
ST_22 : Operation 339 [1/1] (0.00ns)   --->   "%zext_ln151_36 = zext i12 %grid_load_14" [./calorimeter.h:151->./calorimeter.h:197->./calorimeter.h:239]   --->   Operation 339 'zext' 'zext_ln151_36' <Predicate = (!icmp_ln222 & icmp_ln177 & icmp_ln177_1 & icmp_ln177_2 & icmp_ln177_3 & !icmp_ln177_4 & !icmp_ln177_5 & !icmp_ln177_6 & !icmp_ln177_7 & !icmp_ln233)> <Delay = 0.00>
ST_22 : Operation 340 [1/2] (1.20ns)   --->   "%grid_load_15 = load i11 %grid_addr_24" [./calorimeter.h:151->./calorimeter.h:197->./calorimeter.h:239]   --->   Operation 340 'load' 'grid_load_15' <Predicate = (!icmp_ln222 & icmp_ln177 & icmp_ln177_1 & icmp_ln177_2 & icmp_ln177_3 & !icmp_ln177_4 & !icmp_ln177_5 & !icmp_ln177_6 & !icmp_ln177_7 & !icmp_ln233)> <Delay = 1.20> <CoreInst = "RAM">   --->   Core 82 'RAM' <Latency = 1> <II = 1> <Delay = 1.20> <Storage> <Opcode : 'load' 'store'> <Ports = 2> <Width = 12> <Depth = 1800> <RAM>
ST_22 : Operation 341 [1/1] (0.00ns)   --->   "%zext_ln143_1 = zext i12 %grid_load_15" [./calorimeter.h:143->./calorimeter.h:197->./calorimeter.h:239]   --->   Operation 341 'zext' 'zext_ln143_1' <Predicate = (!icmp_ln222 & icmp_ln177 & icmp_ln177_1 & icmp_ln177_2 & icmp_ln177_3 & !icmp_ln177_4 & !icmp_ln177_5 & !icmp_ln177_6 & !icmp_ln177_7 & !icmp_ln233)> <Delay = 0.00>
ST_22 : Operation 342 [1/1] (0.00ns)   --->   "%zext_ln151_47 = zext i16 %add_ln151_18" [./calorimeter.h:151->./calorimeter.h:197->./calorimeter.h:239]   --->   Operation 342 'zext' 'zext_ln151_47' <Predicate = (!icmp_ln222 & icmp_ln177 & icmp_ln177_1 & icmp_ln177_2 & icmp_ln177_3 & !icmp_ln177_4 & !icmp_ln177_5 & !icmp_ln177_6 & !icmp_ln177_7 & !icmp_ln233)> <Delay = 0.00>
ST_22 : Operation 343 [1/1] (0.00ns)   --->   "%zext_ln151_51 = zext i15 %add_ln151_23" [./calorimeter.h:151->./calorimeter.h:197->./calorimeter.h:239]   --->   Operation 343 'zext' 'zext_ln151_51' <Predicate = (!icmp_ln222 & icmp_ln177 & icmp_ln177_1 & icmp_ln177_2 & icmp_ln177_3 & !icmp_ln177_4 & !icmp_ln177_5 & !icmp_ln177_6 & !icmp_ln177_7 & !icmp_ln233)> <Delay = 0.00>
ST_22 : Operation 344 [1/1] (0.00ns)   --->   "%zext_ln151_52 = zext i13 %add_ln151_24" [./calorimeter.h:151->./calorimeter.h:197->./calorimeter.h:239]   --->   Operation 344 'zext' 'zext_ln151_52' <Predicate = (!icmp_ln222 & icmp_ln177 & icmp_ln177_1 & icmp_ln177_2 & icmp_ln177_3 & !icmp_ln177_4 & !icmp_ln177_5 & !icmp_ln177_6 & !icmp_ln177_7 & !icmp_ln233)> <Delay = 0.00>
ST_22 : Operation 345 [1/1] (0.75ns)   --->   "%add_ln151_25 = add i14 %zext_ln151_52, i14 %zext_ln151_17" [./calorimeter.h:151->./calorimeter.h:197->./calorimeter.h:239]   --->   Operation 345 'add' 'add_ln151_25' <Predicate = (!icmp_ln222 & icmp_ln177 & icmp_ln177_1 & icmp_ln177_2 & icmp_ln177_3 & !icmp_ln177_4 & !icmp_ln177_5 & !icmp_ln177_6 & !icmp_ln177_7 & !icmp_ln233)> <Delay = 0.75> <CoreInst = "Adder">   --->   Core 1 'Adder' <Latency = 0> <II = 1> <Delay = 0.75> <FuncUnit> <Opcode : 'add' 'sub'> <InPorts = 2> <OutPorts = 1>
ST_22 : Operation 346 [1/1] (0.00ns)   --->   "%zext_ln151_53 = zext i14 %add_ln151_25" [./calorimeter.h:151->./calorimeter.h:197->./calorimeter.h:239]   --->   Operation 346 'zext' 'zext_ln151_53' <Predicate = (!icmp_ln222 & icmp_ln177 & icmp_ln177_1 & icmp_ln177_2 & icmp_ln177_3 & !icmp_ln177_4 & !icmp_ln177_5 & !icmp_ln177_6 & !icmp_ln177_7 & !icmp_ln233)> <Delay = 0.00>
ST_22 : Operation 347 [1/1] (0.00ns)   --->   "%zext_ln151_54 = zext i13 %add_ln151_26" [./calorimeter.h:151->./calorimeter.h:197->./calorimeter.h:239]   --->   Operation 347 'zext' 'zext_ln151_54' <Predicate = (!icmp_ln222 & icmp_ln177 & icmp_ln177_1 & icmp_ln177_2 & icmp_ln177_3 & !icmp_ln177_4 & !icmp_ln177_5 & !icmp_ln177_6 & !icmp_ln177_7 & !icmp_ln233)> <Delay = 0.00>
ST_22 : Operation 348 [1/1] (0.74ns)   --->   "%add_ln151_27 = add i13 %zext_ln151_36, i13 %zext_ln143_1" [./calorimeter.h:151->./calorimeter.h:197->./calorimeter.h:239]   --->   Operation 348 'add' 'add_ln151_27' <Predicate = (!icmp_ln222 & icmp_ln177 & icmp_ln177_1 & icmp_ln177_2 & icmp_ln177_3 & !icmp_ln177_4 & !icmp_ln177_5 & !icmp_ln177_6 & !icmp_ln177_7 & !icmp_ln233)> <Delay = 0.74> <CoreInst = "Adder">   --->   Core 1 'Adder' <Latency = 0> <II = 1> <Delay = 0.74> <FuncUnit> <Opcode : 'add' 'sub'> <InPorts = 2> <OutPorts = 1>
ST_22 : Operation 349 [1/1] (0.00ns)   --->   "%zext_ln151_55 = zext i13 %add_ln151_27" [./calorimeter.h:151->./calorimeter.h:197->./calorimeter.h:239]   --->   Operation 349 'zext' 'zext_ln151_55' <Predicate = (!icmp_ln222 & icmp_ln177 & icmp_ln177_1 & icmp_ln177_2 & icmp_ln177_3 & !icmp_ln177_4 & !icmp_ln177_5 & !icmp_ln177_6 & !icmp_ln177_7 & !icmp_ln233)> <Delay = 0.00>
ST_22 : Operation 350 [1/1] (0.75ns)   --->   "%add_ln151_28 = add i14 %zext_ln151_55, i14 %zext_ln151_54" [./calorimeter.h:151->./calorimeter.h:197->./calorimeter.h:239]   --->   Operation 350 'add' 'add_ln151_28' <Predicate = (!icmp_ln222 & icmp_ln177 & icmp_ln177_1 & icmp_ln177_2 & icmp_ln177_3 & !icmp_ln177_4 & !icmp_ln177_5 & !icmp_ln177_6 & !icmp_ln177_7 & !icmp_ln233)> <Delay = 0.75> <CoreInst = "Adder">   --->   Core 1 'Adder' <Latency = 0> <II = 1> <Delay = 0.75> <FuncUnit> <Opcode : 'add' 'sub'> <InPorts = 2> <OutPorts = 1>
ST_22 : Operation 351 [1/1] (0.00ns)   --->   "%zext_ln151_56 = zext i14 %add_ln151_28" [./calorimeter.h:151->./calorimeter.h:197->./calorimeter.h:239]   --->   Operation 351 'zext' 'zext_ln151_56' <Predicate = (!icmp_ln222 & icmp_ln177 & icmp_ln177_1 & icmp_ln177_2 & icmp_ln177_3 & !icmp_ln177_4 & !icmp_ln177_5 & !icmp_ln177_6 & !icmp_ln177_7 & !icmp_ln233)> <Delay = 0.00>
ST_22 : Operation 352 [1/1] (0.76ns)   --->   "%add_ln151_29 = add i15 %zext_ln151_56, i15 %zext_ln151_53" [./calorimeter.h:151->./calorimeter.h:197->./calorimeter.h:239]   --->   Operation 352 'add' 'add_ln151_29' <Predicate = (!icmp_ln222 & icmp_ln177 & icmp_ln177_1 & icmp_ln177_2 & icmp_ln177_3 & !icmp_ln177_4 & !icmp_ln177_5 & !icmp_ln177_6 & !icmp_ln177_7 & !icmp_ln233)> <Delay = 0.76> <CoreInst = "Adder">   --->   Core 1 'Adder' <Latency = 0> <II = 1> <Delay = 0.76> <FuncUnit> <Opcode : 'add' 'sub'> <InPorts = 2> <OutPorts = 1>
ST_22 : Operation 353 [1/1] (0.00ns)   --->   "%zext_ln151_57 = zext i15 %add_ln151_29" [./calorimeter.h:151->./calorimeter.h:197->./calorimeter.h:239]   --->   Operation 353 'zext' 'zext_ln151_57' <Predicate = (!icmp_ln222 & icmp_ln177 & icmp_ln177_1 & icmp_ln177_2 & icmp_ln177_3 & !icmp_ln177_4 & !icmp_ln177_5 & !icmp_ln177_6 & !icmp_ln177_7 & !icmp_ln233)> <Delay = 0.00>
ST_22 : Operation 354 [1/1] (0.77ns)   --->   "%add_ln151_30 = add i16 %zext_ln151_57, i16 %zext_ln151_51" [./calorimeter.h:151->./calorimeter.h:197->./calorimeter.h:239]   --->   Operation 354 'add' 'add_ln151_30' <Predicate = (!icmp_ln222 & icmp_ln177 & icmp_ln177_1 & icmp_ln177_2 & icmp_ln177_3 & !icmp_ln177_4 & !icmp_ln177_5 & !icmp_ln177_6 & !icmp_ln177_7 & !icmp_ln233)> <Delay = 0.77> <CoreInst = "Adder">   --->   Core 1 'Adder' <Latency = 0> <II = 1> <Delay = 0.77> <FuncUnit> <Opcode : 'add' 'sub'> <InPorts = 2> <OutPorts = 1>
ST_22 : Operation 355 [1/1] (0.00ns)   --->   "%zext_ln151_58 = zext i16 %add_ln151_30" [./calorimeter.h:151->./calorimeter.h:197->./calorimeter.h:239]   --->   Operation 355 'zext' 'zext_ln151_58' <Predicate = (!icmp_ln222 & icmp_ln177 & icmp_ln177_1 & icmp_ln177_2 & icmp_ln177_3 & !icmp_ln177_4 & !icmp_ln177_5 & !icmp_ln177_6 & !icmp_ln177_7 & !icmp_ln233)> <Delay = 0.00>
ST_22 : Operation 356 [1/1] (0.78ns)   --->   "%add_ln151_31 = add i17 %zext_ln151_58, i17 %zext_ln151_47" [./calorimeter.h:151->./calorimeter.h:197->./calorimeter.h:239]   --->   Operation 356 'add' 'add_ln151_31' <Predicate = (!icmp_ln222 & icmp_ln177 & icmp_ln177_1 & icmp_ln177_2 & icmp_ln177_3 & !icmp_ln177_4 & !icmp_ln177_5 & !icmp_ln177_6 & !icmp_ln177_7 & !icmp_ln233)> <Delay = 0.78> <CoreInst = "Adder">   --->   Core 1 'Adder' <Latency = 0> <II = 1> <Delay = 0.78> <FuncUnit> <Opcode : 'add' 'sub'> <InPorts = 2> <OutPorts = 1>
ST_22 : Operation 357 [1/1] (0.00ns)   --->   "%zext_ln151_59 = zext i17 %add_ln151_31" [./calorimeter.h:151->./calorimeter.h:197->./calorimeter.h:239]   --->   Operation 357 'zext' 'zext_ln151_59' <Predicate = (!icmp_ln222 & icmp_ln177 & icmp_ln177_1 & icmp_ln177_2 & icmp_ln177_3 & !icmp_ln177_4 & !icmp_ln177_5 & !icmp_ln177_6 & !icmp_ln177_7 & !icmp_ln233)> <Delay = 0.00>
ST_22 : Operation 358 [1/1] (0.79ns)   --->   "%sub_ln151 = sub i18 %zext_ln151_59, i18 %zext_ln130" [./calorimeter.h:151->./calorimeter.h:197->./calorimeter.h:239]   --->   Operation 358 'sub' 'sub_ln151' <Predicate = (!icmp_ln222 & icmp_ln177 & icmp_ln177_1 & icmp_ln177_2 & icmp_ln177_3 & !icmp_ln177_4 & !icmp_ln177_5 & !icmp_ln177_6 & !icmp_ln177_7 & !icmp_ln233)> <Delay = 0.79> <CoreInst = "Adder">   --->   Core 1 'Adder' <Latency = 0> <II = 1> <Delay = 0.79> <FuncUnit> <Opcode : 'add' 'sub'> <InPorts = 2> <OutPorts = 1>
ST_22 : Operation 359 [1/1] (0.00ns) (grouped into TernaryAdder)   --->   "%sub_ln151_1 = sub i18 %sub_ln151, i18 %zext_ln130_3" [./calorimeter.h:151->./calorimeter.h:197->./calorimeter.h:239]   --->   Operation 359 'sub' 'sub_ln151_1' <Predicate = (!icmp_ln222 & icmp_ln177 & icmp_ln177_1 & icmp_ln177_2 & icmp_ln177_3 & !icmp_ln177_4 & !icmp_ln177_5 & !icmp_ln177_6 & !icmp_ln177_7 & !icmp_ln233)> <Delay = 0.00> <CoreInst = "TAddSub">   --->   Core 10 'TAddSub' <Latency = 0> <II = 1> <Delay = 0.34> <IPBlock> <Opcode : '' 'add' 'sub'> <InPorts = 3> <OutPorts = 1> <Sync> <CReg>
ST_22 : Operation 360 [1/1] (0.68ns) (root node of TernaryAdder)   --->   "%sub_ln151_2 = sub i18 %sub_ln151_1, i18 %zext_ln151_1" [./calorimeter.h:151->./calorimeter.h:197->./calorimeter.h:239]   --->   Operation 360 'sub' 'sub_ln151_2' <Predicate = (!icmp_ln222 & icmp_ln177 & icmp_ln177_1 & icmp_ln177_2 & icmp_ln177_3 & !icmp_ln177_4 & !icmp_ln177_5 & !icmp_ln177_6 & !icmp_ln177_7 & !icmp_ln233)> <Delay = 0.68> <CoreInst = "TAddSub">   --->   Core 10 'TAddSub' <Latency = 0> <II = 1> <Delay = 0.34> <IPBlock> <Opcode : '' 'add' 'sub'> <InPorts = 3> <OutPorts = 1> <Sync> <CReg>
ST_22 : Operation 361 [1/1] (0.00ns) (grouped into TernaryAdder)   --->   "%sub_ln151_3 = sub i18 %sub_ln151_2, i18 %zext_ln151_3" [./calorimeter.h:151->./calorimeter.h:197->./calorimeter.h:239]   --->   Operation 361 'sub' 'sub_ln151_3' <Predicate = (!icmp_ln222 & icmp_ln177 & icmp_ln177_1 & icmp_ln177_2 & icmp_ln177_3 & !icmp_ln177_4 & !icmp_ln177_5 & !icmp_ln177_6 & !icmp_ln177_7 & !icmp_ln233)> <Delay = 0.00> <CoreInst = "TAddSub">   --->   Core 10 'TAddSub' <Latency = 0> <II = 1> <Delay = 0.34> <IPBlock> <Opcode : '' 'add' 'sub'> <InPorts = 3> <OutPorts = 1> <Sync> <CReg>
ST_22 : Operation 362 [1/1] (0.68ns) (root node of TernaryAdder)   --->   "%sub_ln151_4 = sub i18 %sub_ln151_3, i18 %zext_ln151_6" [./calorimeter.h:151->./calorimeter.h:197->./calorimeter.h:239]   --->   Operation 362 'sub' 'sub_ln151_4' <Predicate = (!icmp_ln222 & icmp_ln177 & icmp_ln177_1 & icmp_ln177_2 & icmp_ln177_3 & !icmp_ln177_4 & !icmp_ln177_5 & !icmp_ln177_6 & !icmp_ln177_7 & !icmp_ln233)> <Delay = 0.68> <CoreInst = "TAddSub">   --->   Core 10 'TAddSub' <Latency = 0> <II = 1> <Delay = 0.34> <IPBlock> <Opcode : '' 'add' 'sub'> <InPorts = 3> <OutPorts = 1> <Sync> <CReg>
ST_22 : Operation 363 [1/1] (0.00ns) (grouped into TernaryAdder)   --->   "%sub_ln151_5 = sub i18 %sub_ln151_4, i18 %zext_ln151_9" [./calorimeter.h:151->./calorimeter.h:197->./calorimeter.h:239]   --->   Operation 363 'sub' 'sub_ln151_5' <Predicate = (!icmp_ln222 & icmp_ln177 & icmp_ln177_1 & icmp_ln177_2 & icmp_ln177_3 & !icmp_ln177_4 & !icmp_ln177_5 & !icmp_ln177_6 & !icmp_ln177_7 & !icmp_ln233)> <Delay = 0.00> <CoreInst = "TAddSub">   --->   Core 10 'TAddSub' <Latency = 0> <II = 1> <Delay = 0.34> <IPBlock> <Opcode : '' 'add' 'sub'> <InPorts = 3> <OutPorts = 1> <Sync> <CReg>
ST_22 : Operation 364 [1/1] (0.68ns) (root node of TernaryAdder)   --->   "%sub_ln151_6 = sub i18 %sub_ln151_5, i18 %zext_ln151_11" [./calorimeter.h:151->./calorimeter.h:197->./calorimeter.h:239]   --->   Operation 364 'sub' 'sub_ln151_6' <Predicate = (!icmp_ln222 & icmp_ln177 & icmp_ln177_1 & icmp_ln177_2 & icmp_ln177_3 & !icmp_ln177_4 & !icmp_ln177_5 & !icmp_ln177_6 & !icmp_ln177_7 & !icmp_ln233)> <Delay = 0.68> <CoreInst = "TAddSub">   --->   Core 10 'TAddSub' <Latency = 0> <II = 1> <Delay = 0.34> <IPBlock> <Opcode : '' 'add' 'sub'> <InPorts = 3> <OutPorts = 1> <Sync> <CReg>
ST_22 : Operation 365 [1/1] (0.00ns) (grouped into TernaryAdder)   --->   "%sub_ln151_7 = sub i18 %sub_ln151_6, i18 %zext_ln151_13" [./calorimeter.h:151->./calorimeter.h:197->./calorimeter.h:239]   --->   Operation 365 'sub' 'sub_ln151_7' <Predicate = (!icmp_ln222 & icmp_ln177 & icmp_ln177_1 & icmp_ln177_2 & icmp_ln177_3 & !icmp_ln177_4 & !icmp_ln177_5 & !icmp_ln177_6 & !icmp_ln177_7 & !icmp_ln233)> <Delay = 0.00> <CoreInst = "TAddSub">   --->   Core 10 'TAddSub' <Latency = 0> <II = 1> <Delay = 0.34> <IPBlock> <Opcode : '' 'add' 'sub'> <InPorts = 3> <OutPorts = 1> <Sync> <CReg>
ST_22 : Operation 366 [1/1] (0.68ns) (root node of TernaryAdder)   --->   "%isolation_et = sub i18 %sub_ln151_7, i18 %zext_ln151_16" [./calorimeter.h:197->./calorimeter.h:239]   --->   Operation 366 'sub' 'isolation_et' <Predicate = (!icmp_ln222 & icmp_ln177 & icmp_ln177_1 & icmp_ln177_2 & icmp_ln177_3 & !icmp_ln177_4 & !icmp_ln177_5 & !icmp_ln177_6 & !icmp_ln177_7 & !icmp_ln233)> <Delay = 0.68> <CoreInst = "TAddSub">   --->   Core 10 'TAddSub' <Latency = 0> <II = 1> <Delay = 0.34> <IPBlock> <Opcode : '' 'add' 'sub'> <InPorts = 3> <OutPorts = 1> <Sync> <CReg>
ST_22 : Operation 367 [1/1] (0.00ns)   --->   "%clusters_isolation_et_addr = getelementptr i18 %clusters_isolation_et, i64 0, i64 %zext_ln243" [./calorimeter.h:244]   --->   Operation 367 'getelementptr' 'clusters_isolation_et_addr' <Predicate = (!icmp_ln222 & icmp_ln177 & icmp_ln177_1 & icmp_ln177_2 & icmp_ln177_3 & !icmp_ln177_4 & !icmp_ln177_5 & !icmp_ln177_6 & !icmp_ln177_7 & !icmp_ln233 & icmp_ln242)> <Delay = 0.00>
ST_22 : Operation 368 [1/1] (1.20ns)   --->   "%store_ln244 = store i18 %isolation_et, i11 %clusters_isolation_et_addr" [./calorimeter.h:244]   --->   Operation 368 'store' 'store_ln244' <Predicate = (!icmp_ln222 & icmp_ln177 & icmp_ln177_1 & icmp_ln177_2 & icmp_ln177_3 & !icmp_ln177_4 & !icmp_ln177_5 & !icmp_ln177_6 & !icmp_ln177_7 & !icmp_ln233 & icmp_ln242)> <Delay = 1.20> <CoreInst = "RAM">   --->   Core 82 'RAM' <Latency = 1> <II = 1> <Delay = 1.20> <Storage> <Opcode : 'load' 'store'> <Ports = 2> <Width = 18> <Depth = 1800> <RAM>
ST_22 : Operation 369 [1/1] (0.00ns)   --->   "%br_ln251 = br void %cleanup36" [./calorimeter.h:251]   --->   Operation 369 'br' 'br_ln251' <Predicate = (!icmp_ln222 & icmp_ln177 & icmp_ln177_1 & icmp_ln177_2 & icmp_ln177_3 & !icmp_ln177_4 & !icmp_ln177_5 & !icmp_ln177_6 & !icmp_ln177_7 & !icmp_ln233 & icmp_ln242)> <Delay = 0.00>


============================================================
+ Verbose Summary: Timing violations
============================================================
Target clock period: 25.000ns, clock uncertainty: 6.750ns.

 <State 1>: 4.045ns
The critical path consists of the following:
	'store' operation 0 bit ('store_ln142', ./calorimeter.h:142->./calorimeter.h:231) of constant 2 on local variable 'eta', ./calorimeter.h:142->./calorimeter.h:231 [22]  (0.387 ns)
	'load' operation 5 bit ('eta_load', ./calorimeter.h:218) on local variable 'eta', ./calorimeter.h:142->./calorimeter.h:231 [33]  (0.000 ns)
	'add' operation 5 bit ('eta', ./calorimeter.h:218) [34]  (0.707 ns)
	'select' operation 5 bit ('select_ln218_1', ./calorimeter.h:218) [39]  (0.278 ns)
	'sub' operation 11 bit ('sub_ln220', ./calorimeter.h:220) [43]  (0.735 ns)
	'add' operation 11 bit ('add_ln220', ./calorimeter.h:220) [65]  (0.735 ns)
	'getelementptr' operation 11 bit ('grid_addr', ./calorimeter.h:220) [67]  (0.000 ns)
	'load' operation 12 bit ('seed_et', ./calorimeter.h:220) on array 'grid' [69]  (1.203 ns)

 <State 2>: 3.380ns
The critical path consists of the following:
	'add' operation 5 bit ('empty_11', ./calorimeter.h:218) [44]  (0.707 ns)
	'sub' operation 11 bit ('sub_ln175', ./calorimeter.h:175->./calorimeter.h:226) [48]  (0.735 ns)
	'add' operation 11 bit ('add_ln175', ./calorimeter.h:175->./calorimeter.h:226) [75]  (0.735 ns)
	'getelementptr' operation 11 bit ('grid_addr_1', ./calorimeter.h:175->./calorimeter.h:226) [77]  (0.000 ns)
	'load' operation 12 bit ('neighbor', ./calorimeter.h:175->./calorimeter.h:226) on array 'grid' [90]  (1.203 ns)

 <State 3>: 1.948ns
The critical path consists of the following:
	'load' operation 12 bit ('neighbor', ./calorimeter.h:175->./calorimeter.h:226) on array 'grid' [90]  (1.203 ns)
	'icmp' operation 1 bit ('icmp_ln177', ./calorimeter.h:177->./calorimeter.h:226) [91]  (0.745 ns)

 <State 4>: 2.644ns
The critical path consists of the following:
	'add' operation 6 bit ('phi', ./calorimeter.h:173->./calorimeter.h:226) [110]  (0.706 ns)
	'add' operation 11 bit ('add_ln175_7', ./calorimeter.h:175->./calorimeter.h:226) [124]  (0.735 ns)
	'getelementptr' operation 11 bit ('grid_addr_3', ./calorimeter.h:175->./calorimeter.h:226) [126]  (0.000 ns)
	'load' operation 12 bit ('neighbor', ./calorimeter.h:175->./calorimeter.h:226) on array 'grid' [127]  (1.203 ns)

 <State 5>: 1.948ns
The critical path consists of the following:
	'load' operation 12 bit ('neighbor', ./calorimeter.h:175->./calorimeter.h:226) on array 'grid' [127]  (1.203 ns)
	'icmp' operation 1 bit ('icmp_ln177_2', ./calorimeter.h:177->./calorimeter.h:226) [128]  (0.745 ns)

 <State 6>: 1.948ns
The critical path consists of the following:
	'load' operation 12 bit ('neighbor', ./calorimeter.h:175->./calorimeter.h:226) on array 'grid' [133]  (1.203 ns)
	'icmp' operation 1 bit ('icmp_ln177_3', ./calorimeter.h:177->./calorimeter.h:226) [134]  (0.745 ns)

 <State 7>: 3.380ns
The critical path consists of the following:
	'add' operation 5 bit ('empty_12', ./calorimeter.h:218) [49]  (0.707 ns)
	'sub' operation 11 bit ('sub_ln151_8', ./calorimeter.h:151->./calorimeter.h:197->./calorimeter.h:239) [53]  (0.735 ns)
	'add' operation 11 bit ('add_ln175_2', ./calorimeter.h:175->./calorimeter.h:226) [87]  (0.735 ns)
	'getelementptr' operation 11 bit ('grid_addr_6', ./calorimeter.h:175->./calorimeter.h:226) [89]  (0.000 ns)
	'load' operation 12 bit ('neighbor', ./calorimeter.h:175->./calorimeter.h:226) on array 'grid' [141]  (1.203 ns)

 <State 8>: 1.948ns
The critical path consists of the following:
	'load' operation 12 bit ('neighbor', ./calorimeter.h:175->./calorimeter.h:226) on array 'grid' [141]  (1.203 ns)
	'icmp' operation 1 bit ('icmp_ln177_5', ./calorimeter.h:177->./calorimeter.h:226) [142]  (0.745 ns)

 <State 9>: 1.948ns
The critical path consists of the following:
	'load' operation 12 bit ('neighbor', ./calorimeter.h:175->./calorimeter.h:226) on array 'grid' [145]  (1.203 ns)
	'icmp' operation 1 bit ('icmp_ln177_6', ./calorimeter.h:177->./calorimeter.h:226) [146]  (0.745 ns)

 <State 10>: 6.255ns
The critical path consists of the following:
	'load' operation 12 bit ('neighbor', ./calorimeter.h:175->./calorimeter.h:226) on array 'grid' [149]  (1.203 ns)
	'add' operation 13 bit ('add_ln151_4', ./calorimeter.h:151->./calorimeter.h:231) [183]  (0.745 ns)
	'add' operation 14 bit ('add_ln151_5', ./calorimeter.h:151->./calorimeter.h:231) [185]  (0.755 ns)
	'add' operation 15 bit ('add_ln151_6', ./calorimeter.h:151->./calorimeter.h:231) [187]  (0.765 ns)
	'add' operation 16 bit ('add_ln151_7', ./calorimeter.h:151->./calorimeter.h:231) [189]  (0.775 ns)
	'icmp' operation 1 bit ('icmp_ln233', ./calorimeter.h:233) [191]  (0.809 ns)
	'store' operation 0 bit ('store_ln243', ./calorimeter.h:243) of variable 'add_ln151_7', ./calorimeter.h:151->./calorimeter.h:231 on array 'clusters_et' [320]  (1.203 ns)

 <State 11>: 1.938ns
The critical path consists of the following:
	'add' operation 11 bit ('add_ln151_33', ./calorimeter.h:151->./calorimeter.h:197->./calorimeter.h:239) [94]  (0.735 ns)
	'getelementptr' operation 11 bit ('grid_addr_12', ./calorimeter.h:151->./calorimeter.h:197->./calorimeter.h:239) [96]  (0.000 ns)
	'load' operation 12 bit ('grid_load_2', ./calorimeter.h:151->./calorimeter.h:197->./calorimeter.h:239) on array 'grid' [215]  (1.203 ns)

 <State 12>: 2.703ns
The critical path consists of the following:
	'load' operation 12 bit ('grid_load_2', ./calorimeter.h:151->./calorimeter.h:197->./calorimeter.h:239) on array 'grid' [215]  (1.203 ns)
	'add' operation 13 bit ('add_ln151_8', ./calorimeter.h:151->./calorimeter.h:197->./calorimeter.h:239) [260]  (0.745 ns)
	'add' operation 14 bit ('add_ln151_9', ./calorimeter.h:151->./calorimeter.h:197->./calorimeter.h:239) [262]  (0.755 ns)

 <State 13>: 3.468ns
The critical path consists of the following:
	'load' operation 12 bit ('grid_load_4', ./calorimeter.h:151->./calorimeter.h:197->./calorimeter.h:239) on array 'grid' [236]  (1.203 ns)
	'add' operation 13 bit ('add_ln151_10', ./calorimeter.h:151->./calorimeter.h:197->./calorimeter.h:239) [264]  (0.745 ns)
	'add' operation 14 bit ('add_ln151_11', ./calorimeter.h:151->./calorimeter.h:197->./calorimeter.h:239) [266]  (0.755 ns)
	'add' operation 15 bit ('add_ln151_12', ./calorimeter.h:151->./calorimeter.h:197->./calorimeter.h:239) [268]  (0.765 ns)

 <State 14>: 4.243ns
The critical path consists of the following:
	'load' operation 12 bit ('grid_load_7', ./calorimeter.h:151->./calorimeter.h:197->./calorimeter.h:239) on array 'grid' [242]  (1.203 ns)
	'add' operation 13 bit ('add_ln151_15', ./calorimeter.h:151->./calorimeter.h:197->./calorimeter.h:239) [274]  (0.745 ns)
	'add' operation 14 bit ('add_ln151_16', ./calorimeter.h:151->./calorimeter.h:197->./calorimeter.h:239) [276]  (0.755 ns)
	'add' operation 15 bit ('add_ln151_17', ./calorimeter.h:151->./calorimeter.h:197->./calorimeter.h:239) [278]  (0.765 ns)
	'add' operation 16 bit ('add_ln151_18', ./calorimeter.h:151->./calorimeter.h:197->./calorimeter.h:239) [280]  (0.775 ns)

 <State 15>: 2.177ns
The critical path consists of the following:
	'add' operation 5 bit ('empty_14', ./calorimeter.h:218) [59]  (0.707 ns)
	'sub' operation 11 bit ('sub_ln151_10', ./calorimeter.h:151->./calorimeter.h:197->./calorimeter.h:239) [63]  (0.735 ns)
	'add' operation 11 bit ('add_ln151_34', ./calorimeter.h:151->./calorimeter.h:197->./calorimeter.h:239) [97]  (0.735 ns)

 <State 16>: 2.723ns
The critical path consists of the following:
	'load' operation 12 bit ('grid_load_9', ./calorimeter.h:151->./calorimeter.h:197->./calorimeter.h:239) on array 'grid' [246]  (1.203 ns)
	'add' operation 14 bit ('add_ln151_22', ./calorimeter.h:151->./calorimeter.h:197->./calorimeter.h:239) [286]  (0.755 ns)
	'add' operation 15 bit ('add_ln151_23', ./calorimeter.h:151->./calorimeter.h:197->./calorimeter.h:239) [288]  (0.765 ns)

 <State 17>: 1.203ns
The critical path consists of the following:
	'load' operation 12 bit ('grid_load_10', ./calorimeter.h:151->./calorimeter.h:197->./calorimeter.h:239) on array 'grid' [248]  (1.203 ns)

 <State 18>: 1.948ns
The critical path consists of the following:
	'load' operation 12 bit ('grid_load_11', ./calorimeter.h:151->./calorimeter.h:197->./calorimeter.h:239) on array 'grid' [250]  (1.203 ns)
	'add' operation 13 bit ('add_ln151_24', ./calorimeter.h:151->./calorimeter.h:197->./calorimeter.h:239) [290]  (0.745 ns)

 <State 19>: 1.203ns
The critical path consists of the following:
	'load' operation 12 bit ('grid_load_12', ./calorimeter.h:151->./calorimeter.h:197->./calorimeter.h:239) on array 'grid' [252]  (1.203 ns)

 <State 20>: 1.948ns
The critical path consists of the following:
	'load' operation 12 bit ('grid_load_13', ./calorimeter.h:151->./calorimeter.h:197->./calorimeter.h:239) on array 'grid' [254]  (1.203 ns)
	'add' operation 13 bit ('add_ln151_26', ./calorimeter.h:151->./calorimeter.h:197->./calorimeter.h:239) [294]  (0.745 ns)

 <State 21>: 1.203ns
The critical path consists of the following:
	'load' operation 12 bit ('grid_load_14', ./calorimeter.h:151->./calorimeter.h:197->./calorimeter.h:239) on array 'grid' [256]  (1.203 ns)

 <State 22>: 9.750ns
The critical path consists of the following:
	'load' operation 12 bit ('grid_load_15', ./calorimeter.h:151->./calorimeter.h:197->./calorimeter.h:239) on array 'grid' [258]  (1.203 ns)
	'add' operation 13 bit ('add_ln151_27', ./calorimeter.h:151->./calorimeter.h:197->./calorimeter.h:239) [296]  (0.745 ns)
	'add' operation 14 bit ('add_ln151_28', ./calorimeter.h:151->./calorimeter.h:197->./calorimeter.h:239) [298]  (0.755 ns)
	'add' operation 15 bit ('add_ln151_29', ./calorimeter.h:151->./calorimeter.h:197->./calorimeter.h:239) [300]  (0.765 ns)
	'add' operation 16 bit ('add_ln151_30', ./calorimeter.h:151->./calorimeter.h:197->./calorimeter.h:239) [302]  (0.775 ns)
	'add' operation 17 bit ('add_ln151_31', ./calorimeter.h:151->./calorimeter.h:197->./calorimeter.h:239) [304]  (0.785 ns)
	'sub' operation 18 bit ('sub_ln151', ./calorimeter.h:151->./calorimeter.h:197->./calorimeter.h:239) [306]  (0.791 ns)
	'sub' operation 18 bit ('sub_ln151_1', ./calorimeter.h:151->./calorimeter.h:197->./calorimeter.h:239) [307]  (0.000 ns)
	'sub' operation 18 bit ('sub_ln151_2', ./calorimeter.h:151->./calorimeter.h:197->./calorimeter.h:239) [308]  (0.682 ns)
	'sub' operation 18 bit ('sub_ln151_3', ./calorimeter.h:151->./calorimeter.h:197->./calorimeter.h:239) [309]  (0.000 ns)
	'sub' operation 18 bit ('sub_ln151_4', ./calorimeter.h:151->./calorimeter.h:197->./calorimeter.h:239) [310]  (0.682 ns)
	'sub' operation 18 bit ('sub_ln151_5', ./calorimeter.h:151->./calorimeter.h:197->./calorimeter.h:239) [311]  (0.000 ns)
	'sub' operation 18 bit ('sub_ln151_6', ./calorimeter.h:151->./calorimeter.h:197->./calorimeter.h:239) [312]  (0.682 ns)
	'sub' operation 18 bit ('sub_ln151_7', ./calorimeter.h:151->./calorimeter.h:197->./calorimeter.h:239) [313]  (0.000 ns)
	'sub' operation 18 bit ('isolation_et', ./calorimeter.h:197->./calorimeter.h:239) [314]  (0.682 ns)
	'store' operation 0 bit ('store_ln244', ./calorimeter.h:244) of variable 'isolation_et', ./calorimeter.h:197->./calorimeter.h:239 on array 'clusters_isolation_et' [322]  (1.203 ns)


============================================================
+ Verbose Summary: Binding
============================================================
N/A
* FSMD analyzer results:
  - Output states:
 - Input state : 
  - Chain level:
	State 1
	State 2
	State 3
	State 4
	State 5
	State 6
	State 7
	State 8
	State 9
	State 10
	State 11
	State 12
	State 13
	State 14
	State 15
	State 16
	State 17
	State 18
	State 19
	State 20
	State 21
	State 22


============================================================
+ Verbose Summary: Datapath Resource usage 
============================================================
N/A
