INFO-FLOW: Workspace /scratch/emettner/tachep-fpga-project-26/calorimeter/solution1 opened at Tue May 12 22:44:43 CDT 2026
Execute       send_msg_by_id INFO @200-1505@%s%s default  vivado 
INFO: [HLS 200-1505] Using default flow_target 'vivado'
Execute     set_part xcvu13p-fsga2577-2-e 
INFO: [HLS 200-1510] Running: set_part xcvu13p-fsga2577-2-e 
Execute       create_platform xcvu13p-fsga2577-2-e -board  
DBG:HLSDevice: Trying to load device library: /opt/Xilinx/Vitis_HLS/2024.1/lib/lnx64.o/libxv_hlsvwrap.so
DBG:HLSDevice: first parts/arch.xml in RDI_DATADIR: /opt/Xilinx/Vivado/2024.1/data/parts/arch.xml
DBG:HLSDevice: init success
INFO: [HLS 200-1611] Setting target device to 'xcvu13p-fsga2577-2-e'
Command       create_platform done; 2.73 sec.
Execute       source /opt/Xilinx/Vitis_HLS/2024.1/common/technology/xilinx/common/xilinx.gen 
Execute         source /opt/Xilinx/Vitis_HLS/2024.1/common/technology/xilinx/interface/plb46.gen 
Execute         source /opt/Xilinx/Vitis_HLS/2024.1/common/technology/xilinx/interface/axi4.gen 
Execute         source /opt/Xilinx/Vitis_HLS/2024.1/common/technology/xilinx/interface/nativeAXI4.gen 
Execute           source /opt/Xilinx/Vitis_HLS/2024.1/common/technology/xilinx/interface/saxilite.gen 
Execute         source /opt/Xilinx/Vitis_HLS/2024.1/common/technology/xilinx/scripts/xilinxcoregen.gen 
Execute         source /opt/Xilinx/Vitis_HLS/2024.1/common/technology/xilinx/interface/XilEDKCoreGen.gen 
Execute         source /opt/Xilinx/Vitis_HLS/2024.1/common/technology/xilinx/ip/util.gen 
Execute         source /opt/Xilinx/Vitis_HLS/2024.1/common/technology/xilinx/ip/xfft.gen 
Command         ap_source done; 0.13 sec.
Execute         source /opt/Xilinx/Vitis_HLS/2024.1/common/technology/xilinx/ip/xfir.gen 
Execute         source /opt/Xilinx/Vitis_HLS/2024.1/common/technology/xilinx/ip/dds_compiler.gen 
Execute         source /opt/Xilinx/Vitis_HLS/2024.1/common/technology/xilinx/DSP48/dsp48.gen 
Command       ap_source done; 0.16 sec.
Execute       ap_part_info -name xcvu13p-fsga2577-2-e -data info 
Execute       config_compile -quiet -complex-mul-dsp=0 
Command     set_part done; 2.97 sec.
Execute     create_clock -period 25 -name default 
INFO: [HLS 200-1510] Running: create_clock -period 25 -name default 
Execute       ap_set_clock -name default -period 25 -unit ns -default=false 
INFO: [SYN 201-201] Setting up clock 'default' with a period of 25ns.
Execute     csim_design 
INFO: [HLS 200-1510] Running: csim_design 
INFO-FLOW: Running SLX 'csim' proc: ::SLX::run_csim
INFO: [SIM 211-2] *************** CSIM start ***************
INFO: [SIM 211-4] CSIM will launch CLANG as the compiler.
Execute       send_msg_by_id INFO @200-2036@%s debug 
INFO: [HLS 200-2036] Building debug C Simulation binaries
Execute       source /opt/Xilinx/Vitis_HLS/2024.1/tps/tcl/tcllib1.11.1/yaml/huddle.tcl 
Execute       source /opt/Xilinx/Vitis_HLS/2024.1/tps/tcl/tcllib1.11.1/yaml/json2huddle.tcl 
Execute         source /opt/Xilinx/Vitis_HLS/2024.1/tps/tcl/tcllib1.11.1/try/try.tcl 
Execute       ap_part_info -name xcvu13p-fsga2577-2-e -data info 
Execute       source run_sim.tcl 
INFO: [SIM 211-1] CSim done with 0 errors.
INFO: [SIM 211-3] *************** CSIM finish ***************
Command     csim_design done; 9.7 sec.
INFO: [HLS 200-2161] Finished Command csim_design Elapsed time: 00:00:09; Allocated memory: 0.195 MB.
Execute     csynth_design 
INFO: [HLS 200-1510] Running: csynth_design 
INFO-FLOW: Running SLX 'csynth' proc: ::SLX::run_csynth
Execute       elaborate -effort=medium -skip_syncheck=0 -keep_printf=0 -skip_cdt=0 -skip_transform=0 -ng=0 -g=0 -opt_fp=0 -from_csynth_design=1 
INFO: [HLS 200-111] Finished File checks and directory preparation: CPU user time: 0.16 seconds. CPU system time: 0.02 seconds. Elapsed time: 0.19 seconds; current allocated memory: 325.219 MB.
Execute         set_directive_top calo_trigger_em_jet_stream_ref -name=calo_trigger_em_jet_stream_ref 
INFO: [HLS 200-10] Analyzing design file 'calorimeter.cpp' ... 
INFO-FLOW: Compiling one TU...
INFO-FLOW: Handling calorimeter.cpp as C++
Execute         ap_part_info -name xcvu13p-fsga2577-2-e -data info 
INFO-FLOW: Running: GCC PP 39
INFO-FLOW: Source preprocessing
INFO-FLOW: run_clang exec: /opt/Xilinx/Vitis_HLS/2024.1/lnx64/tools/clang-3.9-csynth/bin/clang calorimeter.cpp -foptimization-record-file=/scratch/emettner/tachep-fpga-project-26/calorimeter/solution1/.autopilot/db/calorimeter.cpp.clang.diag.yml -mllvm -pass-remarks-missed=reflow|pasta|unroll -mllvm -pass-remarks=reflow|pasta|unroll|inline -fno-limit-debug-info -gcc-toolchain /opt/Xilinx/Vitis_HLS/2024.1/tps/lnx64/gcc-8.3.0 -fhls -fno-exceptions -insert-hls-directive=/scratch/emettner/tachep-fpga-project-26/calorimeter/solution1/.autopilot/db/all.directive.json -E -fno-math-errno -c -emit-llvm -mllvm -disable-llvm-optzns -Werror=implicit-function-declaration -Werror=implicit-hls-streams -Werror=return-type -Wpragmas -Wunused-parameter -Wdump-hls-pragmas -Wno-error=dump-hls-pragmas -hls-clock-period=25 -fno-threadsafe-statics -fno-use-cxa-atexit -std=gnu++14 -target fpga64-xilinx-linux-gnu -fno-threadsafe-statics -fno-use-cxa-atexit -D__VITIS_HLS__ -DAESL_SYN -D__SYNTHESIS__ -D__HLS_SYN__ -I /opt/Xilinx/Vitis_HLS/2024.1/common/technology/autopilot -I /opt/Xilinx/Vitis_HLS/2024.1/common/technology/autopilot/ap_sysc -include etc/autopilot_ssdm_op.h -D__DSP48E2__ -I /usr/include/x86_64-linux-gnu -o /scratch/emettner/tachep-fpga-project-26/calorimeter/solution1/.autopilot/db/calorimeter.pp.0.cpp -hls-platform-db-name=/opt/Xilinx/Vitis_HLS/2024.1/common/technology/xilinx/common/platform.db -hls-platform-name=virtexuplus_medium -device-resource-info=BRAM_5376.000000_DSP_12288.000000_FF_3456000.000000_LUT_1728000.000000_SLICE_216000.000000_SLR_4.000000_URAM_1280.000000 -device-name-info=xcvu13p-fsga2577-2-e > /scratch/emettner/tachep-fpga-project-26/calorimeter/solution1/.autopilot/db/calorimeter.cpp.clang.out.log 2> /scratch/emettner/tachep-fpga-project-26/calorimeter/solution1/.autopilot/db/calorimeter.cpp.clang.err.log
INFO-FLOW: Done: GCC PP 39 time: 0.4 seconds per iteration
INFO-FLOW: Source syntax check for synthesis
INFO-FLOW: run_clang exec: /opt/Xilinx/Vitis_HLS/2024.1/lnx64/tools/clang-3.9-csynth/bin/clang -foptimization-record-file=/scratch/emettner/tachep-fpga-project-26/calorimeter/solution1/.autopilot/db/clang.diag.yml -mllvm -pass-remarks-missed=reflow|pasta|unroll -mllvm -pass-remarks=reflow|pasta|unroll|inline -fsyntax-only -fhls -target fpga64-xilinx-linux-gnu /scratch/emettner/tachep-fpga-project-26/calorimeter/solution1/.autopilot/db/calorimeter.pp.0.cpp -hls-platform-db-name=/opt/Xilinx/Vitis_HLS/2024.1/common/technology/xilinx/common/platform.db -hls-platform-name=virtexuplus_medium -device-resource-info=BRAM_5376.000000_DSP_12288.000000_FF_3456000.000000_LUT_1728000.000000_SLICE_216000.000000_SLR_4.000000_URAM_1280.000000 -device-name-info=xcvu13p-fsga2577-2-e > /scratch/emettner/tachep-fpga-project-26/calorimeter/solution1/.autopilot/db/clang.out.log 2> /scratch/emettner/tachep-fpga-project-26/calorimeter/solution1/.autopilot/db/clang.err.log
Execute         clang_tidy xilinx-systemc-detector -desc systemc-detector /scratch/emettner/tachep-fpga-project-26/calorimeter/solution1/.autopilot/db/calorimeter.pp.0.cpp std=gnu++14 -target fpga  -directive=/scratch/emettner/tachep-fpga-project-26/calorimeter/solution1/.autopilot/db/.systemc_flag 
INFO-FLOW: exec /opt/Xilinx/Vitis_HLS/2024.1/lnx64/tools/clang-3.9-csynth/bin/clang-tidy -header-filter=.* --checks=-*,xilinx-systemc-detector -import-directive=/scratch/emettner/tachep-fpga-project-26/calorimeter/solution1/.autopilot/db/.systemc_flag -fix-errors /scratch/emettner/tachep-fpga-project-26/calorimeter/solution1/.autopilot/db/calorimeter.pp.0.cpp -- -std=gnu++14 -target fpga -fhls -ferror-limit=0
Command         clang_tidy done; 0.87 sec.
INFO-FLOW: Running: clang-tidy CDT preprocess 39
Execute         clang_tidy xilinx-directive2pragma -desc directive2pragma /scratch/emettner/tachep-fpga-project-26/calorimeter/solution1/.autopilot/db/calorimeter.pp.0.cpp std=gnu++14 -target fpga  -directive=/scratch/emettner/tachep-fpga-project-26/calorimeter/solution1/.autopilot/db/all.directive.json 
INFO-FLOW: exec /opt/Xilinx/Vitis_HLS/2024.1/lnx64/tools/clang-3.9-csynth/bin/clang-tidy -header-filter=.* --checks=-*,xilinx-directive2pragma -import-directive=/scratch/emettner/tachep-fpga-project-26/calorimeter/solution1/.autopilot/db/all.directive.json -fix-errors /scratch/emettner/tachep-fpga-project-26/calorimeter/solution1/.autopilot/db/calorimeter.pp.0.cpp -- -std=gnu++14 -target fpga -fhls -ferror-limit=0
Command         clang_tidy done; 1.24 sec.
INFO-FLOW: Done: clang-tidy CDT preprocess 39 time: 1.2 seconds per iteration
INFO-FLOW: Calling xilinx-label-all-loops ... 
INFO-FLOW: Calling xilinx-aggregate-on-hls-vector ... 
Execute         clang_tidy -errorcheck -desc loop-label xilinx-label-all-loops,xilinx-aggregate-on-hls-vector,,xilinx-warn-mayneed-no-ctor-attribute /scratch/emettner/tachep-fpga-project-26/calorimeter/solution1/.autopilot/db/calorimeter.pp.0.cpp std=gnu++14 -target fpga  
INFO-FLOW: run_clang exec: /opt/Xilinx/Vitis_HLS/2024.1/lnx64/tools/clang-3.9-csynth/bin/clang-tidy -export-fixes=/scratch/emettner/tachep-fpga-project-26/calorimeter/solution1/.autopilot/db/calorimeter.pp.0.cpp.clang-tidy.loop-label.diag.yml -header-filter=.* --checks=-*,xilinx-label-all-loops,xilinx-aggregate-on-hls-vector,,xilinx-warn-mayneed-no-ctor-attribute -fix-errors /scratch/emettner/tachep-fpga-project-26/calorimeter/solution1/.autopilot/db/calorimeter.pp.0.cpp -- -std=gnu++14 -target fpga -fhls -ferror-limit=0 > /scratch/emettner/tachep-fpga-project-26/calorimeter/solution1/.autopilot/db/calorimeter.pp.0.cpp.clang-tidy.loop-label.out.log 2> /scratch/emettner/tachep-fpga-project-26/calorimeter/solution1/.autopilot/db/calorimeter.pp.0.cpp.clang-tidy.loop-label.err.log
Execute           source /opt/Xilinx/Vitis_HLS/2024.1/tps/tcl/tcllib1.11.1/yaml/yaml.tcl 
Command         clang_tidy done; 1.55 sec.
INFO-FLOW: run_clang exec: /opt/Xilinx/Vitis_HLS/2024.1/lnx64/tools/clang-3.9-csynth/bin/xilinx-dataflow-lawyer -export-fixes=/scratch/emettner/tachep-fpga-project-26/calorimeter/solution1/.autopilot/db/calorimeter.pp.0.cpp.xilinx-dataflow-lawyer.diag.yml /scratch/emettner/tachep-fpga-project-26/calorimeter/solution1/.autopilot/db/calorimeter.pp.0.cpp -- -std=gnu++14 -target fpga -fhls -ferror-limit=0 -fstrict-dataflow > /scratch/emettner/tachep-fpga-project-26/calorimeter/solution1/.autopilot/db/calorimeter.pp.0.cpp.xilinx-dataflow-lawyer.out.log 2> /scratch/emettner/tachep-fpga-project-26/calorimeter/solution1/.autopilot/db/calorimeter.pp.0.cpp.xilinx-dataflow-lawyer.err.log
Execute         ap_part_info -name xcvu13p-fsga2577-2-e -data info 
INFO-FLOW: compiling source code to llvm bc
INFO-FLOW: run_clang exec: /opt/Xilinx/Vitis_HLS/2024.1/lnx64/tools/clang-3.9-csynth/bin/clang -foptimization-record-file=/scratch/emettner/tachep-fpga-project-26/calorimeter/solution1/.autopilot/db/calorimeter.pp.0.cpp.clang.diag.yml -mllvm -pass-remarks-missed=reflow|pasta|unroll -mllvm -pass-remarks=reflow|pasta|unroll|inline -fno-limit-debug-info -fhls -flto -fno-exceptions -Wno-error=c++11-narrowing -hls-emit-hint-scope /scratch/emettner/tachep-fpga-project-26/calorimeter/solution1/.autopilot/db/calorimeter.pp.0.cpp -fno-math-errno -c -emit-llvm -mllvm -disable-llvm-optzns -Werror=implicit-function-declaration -Werror=implicit-hls-streams -Werror=return-type -Wpragmas -Wunused-parameter -Wdump-hls-pragmas -Wno-error=dump-hls-pragmas -hls-clock-period=25 -fno-threadsafe-statics -fno-use-cxa-atexit -std=gnu++14 -target fpga64-xilinx-linux-gnu -D__VITIS_HLS__ -DAESL_SYN -D__SYNTHESIS__ -D__HLS_SYN__ -I /opt/Xilinx/Vitis_HLS/2024.1/common/technology/autopilot -I /opt/Xilinx/Vitis_HLS/2024.1/common/technology/autopilot/ap_sysc -include etc/autopilot_ssdm_op.h -D__DSP48E2__ -g -o /scratch/emettner/tachep-fpga-project-26/calorimeter/solution1/.autopilot/db/calorimeter.bc -hls-platform-db-name=/opt/Xilinx/Vitis_HLS/2024.1/common/technology/xilinx/common/platform.db -hls-platform-name=virtexuplus_medium -device-resource-info=BRAM_5376.000000_DSP_12288.000000_FF_3456000.000000_LUT_1728000.000000_SLICE_216000.000000_SLR_4.000000_URAM_1280.000000 -device-name-info=xcvu13p-fsga2577-2-e > /scratch/emettner/tachep-fpga-project-26/calorimeter/solution1/.autopilot/db/calorimeter.pp.0.cpp.clang.out.log 2> /scratch/emettner/tachep-fpga-project-26/calorimeter/solution1/.autopilot/db/calorimeter.pp.0.cpp.clang.err.log
INFO: [HLS 200-111] Finished Source Code Analysis and Preprocessing: CPU user time: 6.78 seconds. CPU system time: 1.09 seconds. Elapsed time: 8.03 seconds; current allocated memory: 328.066 MB.
INFO-FLOW: Linking Debug ...
INFO-FLOW: Linking dut bc code.
Execute         run_link_or_opt -out /scratch/emettner/tachep-fpga-project-26/calorimeter/solution1/.autopilot/db/a.g.ld.0.bc -args  "/scratch/emettner/tachep-fpga-project-26/calorimeter/solution1/.autopilot/db/calorimeter.g.bc"  
INFO-FLOW: run_clang exec: /opt/Xilinx/Vitis_HLS/2024.1/lnx64/tools/clang-3.9-csynth/bin/llvm-link /scratch/emettner/tachep-fpga-project-26/calorimeter/solution1/.autopilot/db/calorimeter.g.bc -o /scratch/emettner/tachep-fpga-project-26/calorimeter/solution1/.autopilot/db/a.g.ld.0.bc > /scratch/emettner/tachep-fpga-project-26/calorimeter/solution1/.autopilot/db/a.g.ld.0.bc.llvm-link.out.log 2> /scratch/emettner/tachep-fpga-project-26/calorimeter/solution1/.autopilot/db/a.g.ld.0.bc.llvm-link.err.log
INFO-FLOW: 
Execute         run_link_or_opt -opt -out /scratch/emettner/tachep-fpga-project-26/calorimeter/solution1/.autopilot/db/a.g.ld.1.lower.bc -args /scratch/emettner/tachep-fpga-project-26/calorimeter/solution1/.autopilot/db/a.g.ld.0.bc -reflow-lower-math-intrinsics 
INFO-FLOW: run_clang exec: /opt/Xilinx/Vitis_HLS/2024.1/lnx64/tools/clang-3.9-csynth/bin/opt -pass-remarks-missed=reflow|pasta|unroll -pass-remarks=reflow|pasta|unroll|inline -pass-remarks-output=/scratch/emettner/tachep-fpga-project-26/calorimeter/solution1/.autopilot/db/a.g.ld.1.lower.bc.opt.diag.yml /scratch/emettner/tachep-fpga-project-26/calorimeter/solution1/.autopilot/db/a.g.ld.0.bc -reflow-lower-math-intrinsics -o /scratch/emettner/tachep-fpga-project-26/calorimeter/solution1/.autopilot/db/a.g.ld.1.lower.bc > /scratch/emettner/tachep-fpga-project-26/calorimeter/solution1/.autopilot/db/a.g.ld.1.lower.bc.opt.out.log 2> /scratch/emettner/tachep-fpga-project-26/calorimeter/solution1/.autopilot/db/a.g.ld.1.lower.bc.opt.err.log
INFO-FLOW: 
INFO-FLOW: Running: gen_design_size_report post-opt
INFO-FLOW: Done: gen_design_size_report post-opt time: 0 seconds per iteration
INFO-FLOW: Linking math bc lib
Execute         run_link_or_opt -out /scratch/emettner/tachep-fpga-project-26/calorimeter/solution1/.autopilot/db/a.g.ld.2.m1.bc -args /scratch/emettner/tachep-fpga-project-26/calorimeter/solution1/.autopilot/db/a.g.ld.1.lower.bc -only-needed /opt/Xilinx/Vitis_HLS/2024.1/lnx64/lib/libhlsm_39.bc /opt/Xilinx/Vitis_HLS/2024.1/lnx64/lib/libhlsmc++_39.bc 
INFO-FLOW: run_clang exec: /opt/Xilinx/Vitis_HLS/2024.1/lnx64/tools/clang-3.9-csynth/bin/llvm-link /scratch/emettner/tachep-fpga-project-26/calorimeter/solution1/.autopilot/db/a.g.ld.1.lower.bc -only-needed /opt/Xilinx/Vitis_HLS/2024.1/lnx64/lib/libhlsm_39.bc /opt/Xilinx/Vitis_HLS/2024.1/lnx64/lib/libhlsmc++_39.bc -o /scratch/emettner/tachep-fpga-project-26/calorimeter/solution1/.autopilot/db/a.g.ld.2.m1.bc > /scratch/emettner/tachep-fpga-project-26/calorimeter/solution1/.autopilot/db/a.g.ld.2.m1.bc.llvm-link.out.log 2> /scratch/emettner/tachep-fpga-project-26/calorimeter/solution1/.autopilot/db/a.g.ld.2.m1.bc.llvm-link.err.log
INFO-FLOW: 
Command         run_link_or_opt done; 2.3 sec.
Execute         run_link_or_opt -opt -out /scratch/emettner/tachep-fpga-project-26/calorimeter/solution1/.autopilot/db/a.g.ld.3.fpc.bc -args /scratch/emettner/tachep-fpga-project-26/calorimeter/solution1/.autopilot/db/a.g.ld.2.m1.bc -reflow-globaldce -hls-top-function-name=calo_trigger_em_jet_stream_ref -reflow-float-conversion 
INFO-FLOW: run_clang exec: /opt/Xilinx/Vitis_HLS/2024.1/lnx64/tools/clang-3.9-csynth/bin/opt -pass-remarks-missed=reflow|pasta|unroll -pass-remarks=reflow|pasta|unroll|inline -pass-remarks-output=/scratch/emettner/tachep-fpga-project-26/calorimeter/solution1/.autopilot/db/a.g.ld.3.fpc.bc.opt.diag.yml /scratch/emettner/tachep-fpga-project-26/calorimeter/solution1/.autopilot/db/a.g.ld.2.m1.bc -reflow-globaldce -hls-top-function-name=calo_trigger_em_jet_stream_ref -reflow-float-conversion -o /scratch/emettner/tachep-fpga-project-26/calorimeter/solution1/.autopilot/db/a.g.ld.3.fpc.bc > /scratch/emettner/tachep-fpga-project-26/calorimeter/solution1/.autopilot/db/a.g.ld.3.fpc.bc.opt.out.log 2> /scratch/emettner/tachep-fpga-project-26/calorimeter/solution1/.autopilot/db/a.g.ld.3.fpc.bc.opt.err.log
INFO-FLOW: 
INFO-FLOW: Running: gen_design_size_report post-opt
INFO-FLOW: Done: gen_design_size_report post-opt time: 0 seconds per iteration
Command         run_link_or_opt done; 1.08 sec.
Execute         run_link_or_opt -out /scratch/emettner/tachep-fpga-project-26/calorimeter/solution1/.autopilot/db/a.g.ld.4.m2.bc -args /scratch/emettner/tachep-fpga-project-26/calorimeter/solution1/.autopilot/db/a.g.ld.3.fpc.bc -only-needed /opt/Xilinx/Vitis_HLS/2024.1/lnx64/lib/libfloatconversion_39.bc 
INFO-FLOW: run_clang exec: /opt/Xilinx/Vitis_HLS/2024.1/lnx64/tools/clang-3.9-csynth/bin/llvm-link /scratch/emettner/tachep-fpga-project-26/calorimeter/solution1/.autopilot/db/a.g.ld.3.fpc.bc -only-needed /opt/Xilinx/Vitis_HLS/2024.1/lnx64/lib/libfloatconversion_39.bc -o /scratch/emettner/tachep-fpga-project-26/calorimeter/solution1/.autopilot/db/a.g.ld.4.m2.bc > /scratch/emettner/tachep-fpga-project-26/calorimeter/solution1/.autopilot/db/a.g.ld.4.m2.bc.llvm-link.out.log 2> /scratch/emettner/tachep-fpga-project-26/calorimeter/solution1/.autopilot/db/a.g.ld.4.m2.bc.llvm-link.err.log
INFO-FLOW: 
Execute         run_link_or_opt -opt -out /scratch/emettner/tachep-fpga-project-26/calorimeter/solution1/.autopilot/db/a.g.ld.5.gdce.bc -args /scratch/emettner/tachep-fpga-project-26/calorimeter/solution1/.autopilot/db/a.g.ld.4.m2.bc -reflow-globaldce -hls-top-function-name=calo_trigger_em_jet_stream_ref 
INFO-FLOW: run_clang exec: /opt/Xilinx/Vitis_HLS/2024.1/lnx64/tools/clang-3.9-csynth/bin/opt -pass-remarks-missed=reflow|pasta|unroll -pass-remarks=reflow|pasta|unroll|inline -pass-remarks-output=/scratch/emettner/tachep-fpga-project-26/calorimeter/solution1/.autopilot/db/a.g.ld.5.gdce.bc.opt.diag.yml /scratch/emettner/tachep-fpga-project-26/calorimeter/solution1/.autopilot/db/a.g.ld.4.m2.bc -reflow-globaldce -hls-top-function-name=calo_trigger_em_jet_stream_ref -o /scratch/emettner/tachep-fpga-project-26/calorimeter/solution1/.autopilot/db/a.g.ld.5.gdce.bc > /scratch/emettner/tachep-fpga-project-26/calorimeter/solution1/.autopilot/db/a.g.ld.5.gdce.bc.opt.out.log 2> /scratch/emettner/tachep-fpga-project-26/calorimeter/solution1/.autopilot/db/a.g.ld.5.gdce.bc.opt.err.log
INFO-FLOW: 
INFO-FLOW: Running: gen_design_size_report post-opt
INFO-FLOW: Done: gen_design_size_report post-opt time: 0 seconds per iteration
Execute         send_msg_by_id INFO @200-777@%s Vivado 
INFO: [HLS 200-777] Using interface defaults for 'Vivado' flow target.
Execute         is_m_axi_addr64 
INFO-FLOW: Doing LTO.
INFO-FLOW: run_clang (background poll_ms 5000) exec: /opt/Xilinx/Vitis_HLS/2024.1/lnx64/tools/clang-3.9-csynth/bin/clang -foptimization-record-file=/scratch/emettner/tachep-fpga-project-26/calorimeter/solution1/.autopilot/db/a.g.ld.0.bc.clang.reflow.diag.yml -mllvm -pass-remarks-missed=reflow|pasta|unroll -mllvm -pass-remarks=reflow|pasta|unroll|inline -fhls -mllvm -hls-top-function-name=calo_trigger_em_jet_stream_ref -mllvm -hls-db-dir -mllvm /scratch/emettner/tachep-fpga-project-26/calorimeter/solution1/.autopilot/db -emit-llvm -c -target fpga64-xilinx-none -mllvm -xcl-xmlinfo=/scratch/emettner/tachep-fpga-project-26/calorimeter/solution1/.autopilot/db/kernel.internal.xml -mllvm -top-io-mapping-info=/scratch/emettner/tachep-fpga-project-26/calorimeter/solution1/.autopilot/db/top-io-fe.xml -mllvm -hls-bitcode-version=3.1 -mllvm -reflow-enable-slave-interface-default-setting=true -mllvm -gen-kernel-xml=false -mllvm -default-maxi-offset=slave -mllvm -maxi-latency=0 -mllvm -hls-maxi-data-size-in-bits=8 -mllvm -hls-maxi-max-data-size-in-bits=1024 -mllvm -hls-max-widen-size-in-bits=0 -mllvm -xcl-kernel-max-mem-ports=0 -mllvm -maxi-read-trans=16 -mllvm -maxi-write-trans=16 -mllvm -maxi-read-burst-len=16 -mllvm -maxi-write-burst-len=16 -mllvm -reflow-enable-saxi-64bits=0 -mllvm -reflow-basic-block-instr-threshold=200000 -mllvm -reflow-auto-pipeline-threshold=64 -mllvm -reflow-enable-maxi-auto-id-channel=0 -mllvm -enable-fp-thr=0 -mllvm -reflow-bdd-simplify-threshold=1048576 -mllvm -reflow-fanout-threshold=16 -mllvm -reflow-complete-threshold=4 -mllvm -reflow-array-promotion-threshold=64 -mllvm -assume-maxi-align=1 -mllvm -reflow-enable-dataflow-strict-mode-checking=1 -ftime-report -mllvm -time-passes -mllvm -reflow-auto-array-partition-mode=default -mllvm -reflow-enable-auto-small-array-partition=true -mllvm -reflow-enable-auto-array-partition-for-flatten=true -mllvm -reflow-enable-auto-parallel-performance-driven=true -mllvm -reflow-enable-partition-for-automation=true -mllvm -reflow-aggregate-bitwidth-threshold=4096 -mllvm -reflow-reserved-saxilite-registers=0 -mllvm -enable-reflow-auto-loop-pipeline -mllvm -reflow-max-unroll-threshold=409600 -mllvm -auto-unroll-tripcount-threshold=0 -mllvm -reflow-assume-no-address-wrap=true -mllvm -reflow-enable-occurrence-inference=true -mllvm -reflow-emit-hint-scope=true -mllvm -reflow-enable-codegen-with-if=true -mllvm -hls -mllvm -disable-inlined-alloca-merging=true -mllvm -default-clock-period=25 -mllvm -use_read_first_ram_in_loop=1 -mllvm -default-clock-uncertainty=6.75 -x ir /scratch/emettner/tachep-fpga-project-26/calorimeter/solution1/.autopilot/db/a.g.ld.5.gdce.bc -o /scratch/emettner/tachep-fpga-project-26/calorimeter/solution1/.autopilot/db/a.g.lto.bc -hls-platform-db-name=/opt/Xilinx/Vitis_HLS/2024.1/common/technology/xilinx/common/platform.db -hls-platform-name=virtexuplus_medium -device-resource-info=BRAM_5376.000000_DSP_12288.000000_FF_3456000.000000_LUT_1728000.000000_SLICE_216000.000000_SLR_4.000000_URAM_1280.000000 -device-name-info=xcvu13p-fsga2577-2-e 2> /scratch/emettner/tachep-fpga-project-26/calorimeter/solution1/.autopilot/db/a.g.ld.0.bc.clang.reflow.err.log bg_poll_cmd: ::AP::poll_clang_39_closed_source
Execute         send_msg_by_id INFO @200-1995@%s%s%s 3,840 Compile/Link /scratch/emettner/tachep-fpga-project-26/calorimeter/solution1/syn/report/csynth_design_size.rpt 
INFO: [HLS 200-1995] There were 3,840 instructions in the design after the 'Compile/Link' phase of compilation. See the Design Size Report for more details: /scratch/emettner/tachep-fpga-project-26/calorimeter/solution1/syn/report/csynth_design_size.rpt
Execute         send_msg_by_id INFO @200-1995@%s%s%s 7,166 Unroll/Inline (step 1) /scratch/emettner/tachep-fpga-project-26/calorimeter/solution1/syn/report/csynth_design_size.rpt 
INFO: [HLS 200-1995] There were 7,166 instructions in the design after the 'Unroll/Inline (step 1)' phase of compilation. See the Design Size Report for more details: /scratch/emettner/tachep-fpga-project-26/calorimeter/solution1/syn/report/csynth_design_size.rpt
Execute         send_msg_by_id INFO @200-1995@%s%s%s 3,931 Unroll/Inline (step 2) /scratch/emettner/tachep-fpga-project-26/calorimeter/solution1/syn/report/csynth_design_size.rpt 
INFO: [HLS 200-1995] There were 3,931 instructions in the design after the 'Unroll/Inline (step 2)' phase of compilation. See the Design Size Report for more details: /scratch/emettner/tachep-fpga-project-26/calorimeter/solution1/syn/report/csynth_design_size.rpt
Execute         send_msg_by_id INFO @200-1995@%s%s%s 2,571 Unroll/Inline (step 3) /scratch/emettner/tachep-fpga-project-26/calorimeter/solution1/syn/report/csynth_design_size.rpt 
INFO: [HLS 200-1995] There were 2,571 instructions in the design after the 'Unroll/Inline (step 3)' phase of compilation. See the Design Size Report for more details: /scratch/emettner/tachep-fpga-project-26/calorimeter/solution1/syn/report/csynth_design_size.rpt
Execute         send_msg_by_id INFO @200-1995@%s%s%s 2,563 Unroll/Inline (step 4) /scratch/emettner/tachep-fpga-project-26/calorimeter/solution1/syn/report/csynth_design_size.rpt 
INFO: [HLS 200-1995] There were 2,563 instructions in the design after the 'Unroll/Inline (step 4)' phase of compilation. See the Design Size Report for more details: /scratch/emettner/tachep-fpga-project-26/calorimeter/solution1/syn/report/csynth_design_size.rpt
Execute         send_msg_by_id INFO @200-1995@%s%s%s 3,728 Array/Struct (step 1) /scratch/emettner/tachep-fpga-project-26/calorimeter/solution1/syn/report/csynth_design_size.rpt 
INFO: [HLS 200-1995] There were 3,728 instructions in the design after the 'Array/Struct (step 1)' phase of compilation. See the Design Size Report for more details: /scratch/emettner/tachep-fpga-project-26/calorimeter/solution1/syn/report/csynth_design_size.rpt
Execute         send_msg_by_id INFO @200-1995@%s%s%s 3,116 Array/Struct (step 2) /scratch/emettner/tachep-fpga-project-26/calorimeter/solution1/syn/report/csynth_design_size.rpt 
INFO: [HLS 200-1995] There were 3,116 instructions in the design after the 'Array/Struct (step 2)' phase of compilation. See the Design Size Report for more details: /scratch/emettner/tachep-fpga-project-26/calorimeter/solution1/syn/report/csynth_design_size.rpt
Execute         send_msg_by_id INFO @200-1995@%s%s%s 4,664 Array/Struct (step 3) /scratch/emettner/tachep-fpga-project-26/calorimeter/solution1/syn/report/csynth_design_size.rpt 
INFO: [HLS 200-1995] There were 4,664 instructions in the design after the 'Array/Struct (step 3)' phase of compilation. See the Design Size Report for more details: /scratch/emettner/tachep-fpga-project-26/calorimeter/solution1/syn/report/csynth_design_size.rpt
Execute         send_msg_by_id INFO @200-1995@%s%s%s 4,270 Array/Struct (step 4) /scratch/emettner/tachep-fpga-project-26/calorimeter/solution1/syn/report/csynth_design_size.rpt 
INFO: [HLS 200-1995] There were 4,270 instructions in the design after the 'Array/Struct (step 4)' phase of compilation. See the Design Size Report for more details: /scratch/emettner/tachep-fpga-project-26/calorimeter/solution1/syn/report/csynth_design_size.rpt
Execute         send_msg_by_id INFO @200-1995@%s%s%s 4,832 Array/Struct (step 5) /scratch/emettner/tachep-fpga-project-26/calorimeter/solution1/syn/report/csynth_design_size.rpt 
INFO: [HLS 200-1995] There were 4,832 instructions in the design after the 'Array/Struct (step 5)' phase of compilation. See the Design Size Report for more details: /scratch/emettner/tachep-fpga-project-26/calorimeter/solution1/syn/report/csynth_design_size.rpt
Execute         send_msg_by_id INFO @200-1995@%s%s%s 4,038 Performance (step 1) /scratch/emettner/tachep-fpga-project-26/calorimeter/solution1/syn/report/csynth_design_size.rpt 
INFO: [HLS 200-1995] There were 4,038 instructions in the design after the 'Performance (step 1)' phase of compilation. See the Design Size Report for more details: /scratch/emettner/tachep-fpga-project-26/calorimeter/solution1/syn/report/csynth_design_size.rpt
Execute         send_msg_by_id INFO @200-1995@%s%s%s 3,730 Performance (step 2) /scratch/emettner/tachep-fpga-project-26/calorimeter/solution1/syn/report/csynth_design_size.rpt 
INFO: [HLS 200-1995] There were 3,730 instructions in the design after the 'Performance (step 2)' phase of compilation. See the Design Size Report for more details: /scratch/emettner/tachep-fpga-project-26/calorimeter/solution1/syn/report/csynth_design_size.rpt
Execute         send_msg_by_id INFO @200-1995@%s%s%s 3,728 Performance (step 3) /scratch/emettner/tachep-fpga-project-26/calorimeter/solution1/syn/report/csynth_design_size.rpt 
INFO: [HLS 200-1995] There were 3,728 instructions in the design after the 'Performance (step 3)' phase of compilation. See the Design Size Report for more details: /scratch/emettner/tachep-fpga-project-26/calorimeter/solution1/syn/report/csynth_design_size.rpt
Execute         send_msg_by_id INFO @200-1995@%s%s%s 3,728 Performance (step 4) /scratch/emettner/tachep-fpga-project-26/calorimeter/solution1/syn/report/csynth_design_size.rpt 
INFO: [HLS 200-1995] There were 3,728 instructions in the design after the 'Performance (step 4)' phase of compilation. See the Design Size Report for more details: /scratch/emettner/tachep-fpga-project-26/calorimeter/solution1/syn/report/csynth_design_size.rpt
Execute         send_msg_by_id INFO @200-1995@%s%s%s 3,748 HW Transforms (step 1) /scratch/emettner/tachep-fpga-project-26/calorimeter/solution1/syn/report/csynth_design_size.rpt 
INFO: [HLS 200-1995] There were 3,748 instructions in the design after the 'HW Transforms (step 1)' phase of compilation. See the Design Size Report for more details: /scratch/emettner/tachep-fpga-project-26/calorimeter/solution1/syn/report/csynth_design_size.rpt
Execute         send_msg_by_id INFO @200-1995@%s%s%s 3,808 HW Transforms (step 2) /scratch/emettner/tachep-fpga-project-26/calorimeter/solution1/syn/report/csynth_design_size.rpt 
INFO: [HLS 200-1995] There were 3,808 instructions in the design after the 'HW Transforms (step 2)' phase of compilation. See the Design Size Report for more details: /scratch/emettner/tachep-fpga-project-26/calorimeter/solution1/syn/report/csynth_design_size.rpt
INFO: [HLS 214-131] Inlining function 'wrap_phi(int)' into 'bool is_local_maximum<3>(ap_uint<12> const (*) [60], int, int)' (./calorimeter.h:213:31)
INFO: [HLS 214-131] Inlining function 'wrap_phi(int)' into 'ap_uint<20> window_sum<3>(ap_uint<12> const (*) [60], int, int)' (./calorimeter.h:184:27)
INFO: [HLS 214-131] Inlining function 'wrap_phi(int)' into 'ap_uint<20> window_sum<5>(ap_uint<12> const (*) [60], int, int)' (./calorimeter.h:184:27)
INFO: [HLS 214-131] Inlining function 'wrap_phi(int)' into 'ap_uint<20> window_sum<7>(ap_uint<12> const (*) [60], int, int)' (./calorimeter.h:184:27)
INFO: [HLS 214-131] Inlining function 'is_em_like(ap_uint<20>, ap_uint<20>, ap_uint<20>)' into 'produce_em_cluster_stream(ap_uint<12> const (*) [60], ap_uint<12>, ap_uint<20>, hls::stream<Cluster, 0>&)' (calorimeter.cpp:355:21)
INFO: [HLS 214-131] Inlining function 'ap_uint<20> window_sum<7>(ap_uint<12> const (*) [60], int, int)' into 'produce_em_cluster_stream(ap_uint<12> const (*) [60], ap_uint<12>, ap_uint<20>, hls::stream<Cluster, 0>&)' (calorimeter.cpp:349:40)
INFO: [HLS 214-131] Inlining function 'ap_uint<20> window_sum<5>(ap_uint<12> const (*) [60], int, int)' into 'produce_em_cluster_stream(ap_uint<12> const (*) [60], ap_uint<12>, ap_uint<20>, hls::stream<Cluster, 0>&)' (calorimeter.cpp:348:40)
INFO: [HLS 214-131] Inlining function 'ap_uint<20> window_sum<3>(ap_uint<12> const (*) [60], int, int)' into 'produce_em_cluster_stream(ap_uint<12> const (*) [60], ap_uint<12>, ap_uint<20>, hls::stream<Cluster, 0>&)' (calorimeter.cpp:347:41)
INFO: [HLS 214-131] Inlining function 'bool is_local_maximum<3>(ap_uint<12> const (*) [60], int, int)' into 'produce_em_cluster_stream(ap_uint<12> const (*) [60], ap_uint<12>, ap_uint<20>, hls::stream<Cluster, 0>&)' (calorimeter.cpp:345:17)
INFO: [HLS 214-131] Inlining function 'wrap_phi(int)' into 'bool is_local_maximum<7>(ap_uint<12> const (*) [60], int, int)' (./calorimeter.h:213:31)
INFO: [HLS 214-131] Inlining function 'is_jet_like(ap_uint<20>, ap_uint<20>)' into 'produce_jet_cluster_stream(ap_uint<12> const (*) [60], ap_uint<12>, ap_uint<20>, hls::stream<Cluster, 0>&)' (calorimeter.cpp:399:21)
INFO: [HLS 214-131] Inlining function 'ap_uint<20> window_sum<7>(ap_uint<12> const (*) [60], int, int)' into 'produce_jet_cluster_stream(ap_uint<12> const (*) [60], ap_uint<12>, ap_uint<20>, hls::stream<Cluster, 0>&)' (calorimeter.cpp:395:40)
INFO: [HLS 214-131] Inlining function 'ap_uint<20> window_sum<3>(ap_uint<12> const (*) [60], int, int)' into 'produce_jet_cluster_stream(ap_uint<12> const (*) [60], ap_uint<12>, ap_uint<20>, hls::stream<Cluster, 0>&)' (calorimeter.cpp:394:41)
INFO: [HLS 214-131] Inlining function 'bool is_local_maximum<7>(ap_uint<12> const (*) [60], int, int)' into 'produce_jet_cluster_stream(ap_uint<12> const (*) [60], ap_uint<12>, ap_uint<20>, hls::stream<Cluster, 0>&)' (calorimeter.cpp:392:17)
INFO: [HLS 214-131] Inlining function 'cluster_is_better(Cluster const&, Cluster const&)' into 'insert_cluster_into_top_n(Cluster const&, Cluster*)' (calorimeter.cpp:111:39)
INFO: [HLS 214-131] Inlining function 'insert_cluster_into_top_n(Cluster const&, Cluster*)' into 'void select_top_n_from_stream_fixed<1440>(hls::stream<Cluster, 0>&, Cluster*, int*)' (./calorimeter.h:476:9)
INFO: [HLS 214-291] Loop 'INSERT_POSITION' is marked as complete unroll implied by the pipeline pragma (calorimeter.cpp:110:22)
INFO: [HLS 214-291] Loop 'VITIS_LOOP_113_1' is marked as complete unroll implied by the pipeline pragma (calorimeter.cpp:113:31)
INFO: [HLS 214-291] Loop 'LOCAL_ETA' is marked as complete unroll implied by the pipeline pragma (./calorimeter.h:203:16)
INFO: [HLS 214-291] Loop 'LOCAL_PHI' is marked as complete unroll implied by the pipeline pragma (./calorimeter.h:205:13)
INFO: [HLS 214-291] Loop 'WIN_ETA' is marked as complete unroll implied by the pipeline pragma (./calorimeter.h:176:14)
INFO: [HLS 214-291] Loop 'WIN_PHI' is marked as complete unroll implied by the pipeline pragma (./calorimeter.h:178:11)
INFO: [HLS 214-186] Unrolling loop 'VITIS_LOOP_174_1' (calorimeter.cpp:174:20) in function 'build_trigger_objects' completely with a factor of 8 (calorimeter.cpp:171:0)
INFO: [HLS 214-186] Unrolling loop 'INSERT_POSITION' (calorimeter.cpp:110:22) in function 'select_top_n_from_stream_fixed<1440>' completely with a factor of 8 (./calorimeter.h:452:0)
INFO: [HLS 214-186] Unrolling loop 'VITIS_LOOP_456_1' (./calorimeter.h:456:23) in function 'select_top_n_from_stream_fixed<1440>' completely with a factor of 8 (./calorimeter.h:452:0)
INFO: [HLS 214-186] Unrolling loop 'LOCAL_ETA' (./calorimeter.h:203:16) in function 'produce_jet_cluster_stream' completely with a factor of 7 (calorimeter.cpp:372:0)
INFO: [HLS 214-186] Unrolling loop 'LOCAL_PHI' (./calorimeter.h:205:13) in function 'produce_jet_cluster_stream' completely with a factor of 7 (calorimeter.cpp:372:0)
INFO: [HLS 214-186] Unrolling loop 'WIN_ETA' (./calorimeter.h:176:14) in function 'produce_jet_cluster_stream' completely with a factor of 3 (calorimeter.cpp:372:0)
INFO: [HLS 214-186] Unrolling loop 'WIN_PHI' (./calorimeter.h:178:11) in function 'produce_jet_cluster_stream' completely with a factor of 3 (calorimeter.cpp:372:0)
INFO: [HLS 214-186] Unrolling loop 'WIN_ETA' (./calorimeter.h:176:14) in function 'produce_jet_cluster_stream' completely with a factor of 7 (calorimeter.cpp:372:0)
INFO: [HLS 214-186] Unrolling loop 'WIN_PHI' (./calorimeter.h:178:11) in function 'produce_jet_cluster_stream' completely with a factor of 7 (calorimeter.cpp:372:0)
INFO: [HLS 214-186] Unrolling loop 'LOCAL_ETA' (./calorimeter.h:203:16) in function 'produce_em_cluster_stream' completely with a factor of 3 (calorimeter.cpp:325:0)
INFO: [HLS 214-186] Unrolling loop 'LOCAL_PHI' (./calorimeter.h:205:13) in function 'produce_em_cluster_stream' completely with a factor of 3 (calorimeter.cpp:325:0)
INFO: [HLS 214-186] Unrolling loop 'WIN_ETA' (./calorimeter.h:176:14) in function 'produce_em_cluster_stream' completely with a factor of 3 (calorimeter.cpp:325:0)
INFO: [HLS 214-186] Unrolling loop 'WIN_PHI' (./calorimeter.h:178:11) in function 'produce_em_cluster_stream' completely with a factor of 3 (calorimeter.cpp:325:0)
INFO: [HLS 214-186] Unrolling loop 'WIN_ETA' (./calorimeter.h:176:14) in function 'produce_em_cluster_stream' completely with a factor of 5 (calorimeter.cpp:325:0)
INFO: [HLS 214-186] Unrolling loop 'WIN_PHI' (./calorimeter.h:178:11) in function 'produce_em_cluster_stream' completely with a factor of 5 (calorimeter.cpp:325:0)
INFO: [HLS 214-186] Unrolling loop 'WIN_ETA' (./calorimeter.h:176:14) in function 'produce_em_cluster_stream' completely with a factor of 7 (calorimeter.cpp:325:0)
INFO: [HLS 214-186] Unrolling loop 'WIN_PHI' (./calorimeter.h:178:11) in function 'produce_em_cluster_stream' completely with a factor of 7 (calorimeter.cpp:325:0)
INFO: [HLS 214-178] Inlining function 'compute_ht(ap_uint<12> const (*) [60])' into 'calo_trigger_em_jet_stream_ref(ap_uint<12> const (*) [60], ap_uint<12>, ap_uint<20>, ap_uint<12>, ap_uint<20>, TriggerObject*, TriggerObject*, ap_uint<24>*, int*, int*)' (calorimeter.cpp:281:0)
INFO: [HLS 214-248] Applying array_partition to 'em_top_clusters.et': Complete partitioning on dimension 1. (calorimeter.cpp:459:10)
INFO: [HLS 214-248] Applying array_partition to 'em_top_clusters.isolation_et': Complete partitioning on dimension 1. (calorimeter.cpp:459:10)
INFO: [HLS 214-248] Applying array_partition to 'em_top_clusters.eta': Complete partitioning on dimension 1. (calorimeter.cpp:459:10)
INFO: [HLS 214-248] Applying array_partition to 'em_top_clusters.phi': Complete partitioning on dimension 1. (calorimeter.cpp:459:10)
INFO: [HLS 214-248] Applying array_partition to 'em_top_clusters.window_size': Complete partitioning on dimension 1. (calorimeter.cpp:459:10)
INFO: [HLS 214-248] Applying array_partition to 'em_top_clusters.iso_outer_size': Complete partitioning on dimension 1. (calorimeter.cpp:459:10)
INFO: [HLS 214-248] Applying array_partition to 'em_top_clusters.valid': Complete partitioning on dimension 1. (calorimeter.cpp:459:10)
INFO: [HLS 214-248] Applying array_partition to 'jet_top_clusters.et': Complete partitioning on dimension 1. (calorimeter.cpp:460:13)
INFO: [HLS 214-248] Applying array_partition to 'jet_top_clusters.isolation_et': Complete partitioning on dimension 1. (calorimeter.cpp:460:13)
INFO: [HLS 214-248] Applying array_partition to 'jet_top_clusters.eta': Complete partitioning on dimension 1. (calorimeter.cpp:460:13)
INFO: [HLS 214-248] Applying array_partition to 'jet_top_clusters.phi': Complete partitioning on dimension 1. (calorimeter.cpp:460:13)
INFO: [HLS 214-248] Applying array_partition to 'jet_top_clusters.window_size': Complete partitioning on dimension 1. (calorimeter.cpp:460:13)
INFO: [HLS 214-248] Applying array_partition to 'jet_top_clusters.iso_outer_size': Complete partitioning on dimension 1. (calorimeter.cpp:460:13)
INFO: [HLS 214-248] Applying array_partition to 'jet_top_clusters.valid': Complete partitioning on dimension 1. (calorimeter.cpp:460:13)
INFO: [HLS 214-248] Applying array_partition to 'em_objects': Complete partitioning on dimension 1. (calorimeter.cpp:281:0)
INFO: [HLS 214-248] Applying array_partition to 'jet_objects': Complete partitioning on dimension 1. (calorimeter.cpp:281:0)
INFO: [HLS 214-241] Aggregating fifo (hls::stream) variable 'em_cluster_stream' with compact=bit mode in 61-bits (calorimeter.cpp:452:23)
INFO: [HLS 214-241] Aggregating fifo (hls::stream) variable 'jet_cluster_stream' with compact=bit mode in 61-bits (calorimeter.cpp:453:26)
INFO: [HLS 214-241] Aggregating scalar variable 'jet_objects_7' with compact=bit mode in 89-bits (calorimeter.cpp:281:0)
INFO: [HLS 214-241] Aggregating scalar variable 'jet_objects_6' with compact=bit mode in 89-bits (calorimeter.cpp:281:0)
INFO: [HLS 214-241] Aggregating scalar variable 'jet_objects_5' with compact=bit mode in 89-bits (calorimeter.cpp:281:0)
INFO: [HLS 214-241] Aggregating scalar variable 'jet_objects_4' with compact=bit mode in 89-bits (calorimeter.cpp:281:0)
INFO: [HLS 214-241] Aggregating scalar variable 'jet_objects_3' with compact=bit mode in 89-bits (calorimeter.cpp:281:0)
INFO: [HLS 214-241] Aggregating scalar variable 'jet_objects_2' with compact=bit mode in 89-bits (calorimeter.cpp:281:0)
INFO: [HLS 214-241] Aggregating scalar variable 'jet_objects_1' with compact=bit mode in 89-bits (calorimeter.cpp:281:0)
INFO: [HLS 214-241] Aggregating scalar variable 'jet_objects_0' with compact=bit mode in 89-bits (calorimeter.cpp:281:0)
INFO: [HLS 214-241] Aggregating scalar variable 'em_objects_7' with compact=bit mode in 89-bits (calorimeter.cpp:281:0)
INFO: [HLS 214-241] Aggregating scalar variable 'em_objects_6' with compact=bit mode in 89-bits (calorimeter.cpp:281:0)
INFO: [HLS 214-241] Aggregating scalar variable 'em_objects_5' with compact=bit mode in 89-bits (calorimeter.cpp:281:0)
INFO: [HLS 214-241] Aggregating scalar variable 'em_objects_4' with compact=bit mode in 89-bits (calorimeter.cpp:281:0)
INFO: [HLS 214-241] Aggregating scalar variable 'em_objects_3' with compact=bit mode in 89-bits (calorimeter.cpp:281:0)
INFO: [HLS 214-241] Aggregating scalar variable 'em_objects_2' with compact=bit mode in 89-bits (calorimeter.cpp:281:0)
INFO: [HLS 214-241] Aggregating scalar variable 'em_objects_1' with compact=bit mode in 89-bits (calorimeter.cpp:281:0)
INFO: [HLS 214-241] Aggregating scalar variable 'em_objects_0' with compact=bit mode in 89-bits (calorimeter.cpp:281:0)
INFO: [HLS 214-241] Aggregating bram variable 'towers' with compact=bit mode in 12-bits (calorimeter.cpp:281:0)
WARNING: [HLS 214-187] Cannot unroll loop 'VITIS_LOOP_113_1' (calorimeter.cpp:113:31) in function 'select_top_n_from_stream_fixed<1440>' as it has a variable trip count (calorimeter.cpp:113:31)
INFO-FLOW: DBG:PUTS: copy_raw_kernel_xml ap_link_39: kernel.xml not generated: /scratch/emettner/tachep-fpga-project-26/calorimeter/solution1/.autopilot/db/kernel.internal.xml
INFO: [HLS 200-111] Finished Compiling Optimization and Transform: CPU user time: 12.95 seconds. CPU system time: 1.18 seconds. Elapsed time: 16.24 seconds; current allocated memory: 338.664 MB.
INFO: [HLS 200-111] Finished Checking Pragmas: CPU user time: 0 seconds. CPU system time: 0.01 seconds. Elapsed time: 0 seconds; current allocated memory: 338.664 MB.
Execute         opt_and_import_c a -opt_level=2 -skip_syncheck=0 -ng=0 -keep_printf=0 
Execute           cleanup_all_models 
INFO: [HLS 200-10] Starting code transformations ...
INFO-FLOW: Running Standard Transforms...
Execute           transform -hls -share-std-xform -demangle-name -inline-byval-memcpy -always-inline -promote-dbg-pointer -interface-preproc -mem2reg -scalarrepl -mem2reg -keep-read-access -instcombine -dce -promote-dbg-pointer -bitop-raise -loop-simplify -indvarspre -indvars -loop-simplify -constprop -instcombine -simplifycfg -indvars -simplifycfg -dce -globaldce -basicaa -simplifycfg -mem2reg -globalopt -global-constprop -deadargelim -instcombine -simplifycfg -scalarrepl -instcombine -reassociate -licm -simplifycfg -loop-simplify -indvars -instcombine -simplifycfg -mem2reg -loop-simplify -indvars -instcombine -gvn -gvn -instcombine -adce -break-crit-edges -simplifycfg -loop-delete -global-array-opt -dce -dse -adce -find-syn-modules -top calo_trigger_em_jet_stream_ref -deadargelim -mem2reg -instcombine -dce -presyn-prepare -interface-preproc -syn-check -check-rec-only -find-region -simplifycfg -func-extr -function-inline -globaldce -mem2reg -instcombine -dce -gvn -globaldce -adce -adse -constprop -instcombine -bit-constprop -instcombine -dce -simplifycfg -bitop-raise -simplifycfg -dce -loop-delete -reassociate -globalopt -global-privatize -mem2reg -dce -global-constprop -pointer-simplify -constprop -dce -promote-dbg-pointer -norm-name /scratch/emettner/tachep-fpga-project-26/calorimeter/solution1/.autopilot/db/a.g.0.bc -o /scratch/emettner/tachep-fpga-project-26/calorimeter/solution1/.autopilot/db/a.g.1.bc -f -phase std-opt 
Command           transform done; 0.29 sec.
INFO: [HLS 200-111] Finished Standard Transforms: CPU user time: 0.28 seconds. CPU system time: 0.01 seconds. Elapsed time: 0.3 seconds; current allocated memory: 341.629 MB.
INFO: [HLS 200-10] Checking synthesizability ...
INFO-FLOW: Checking Synthesizability 1/2..
Execute           transform -hls -syn-check -check-rec-only -scalarrepl -norm-name -dce -mem2reg -instcombine -directive-preproc -mem2reg -dse -dce -dce -pag -array-normalize -instcombine -dce -array-seg-normalize -instcombine -dce -data-pack -instcombine -dce -inst-simplify -array-flatten -instcombine -dce -array-burst -dce -deadargelim -promote-global-argument -simplifycfg -mem2reg -globaldce -dce -deadargelim -dce -instcombine -function-inline -globaldce -dce -doublePtrSimplify -doublePtrElim -dce -doublePtrSimplify -promote-dbg-pointer -dce -scalarrepl -dse -adse -instcombine -ptrLegalization -simplifycfg -dce -instcombine -pointer-simplify -ptrArgReplace -dce -instcombine -resolve-double-ptr -scalarrepl -norm-name -dce -mem2reg -instcombine -ptrLegalization -simplifycfg -deadargelim -instcombine -dce -inst-simplify -directive-preproc -mem2reg -dse -dce -globaldce /scratch/emettner/tachep-fpga-project-26/calorimeter/solution1/.autopilot/db/a.g.1.bc -o /scratch/emettner/tachep-fpga-project-26/calorimeter/solution1/.autopilot/db/a.g.2.prechk.bc -f 
Command           transform done; 0.32 sec.
INFO-FLOW: Checking Synthesizability 2/2..
Execute           transform -syn-check /scratch/emettner/tachep-fpga-project-26/calorimeter/solution1/.autopilot/db/a.g.2.prechk.bc -o /scratch/emettner/tachep-fpga-project-26/calorimeter/solution1/.autopilot/db/a.g.2.bc -f -phase syn-check 
INFO: [HLS 200-111] Finished Checking Synthesizability: CPU user time: 0.34 seconds. CPU system time: 0 seconds. Elapsed time: 0.35 seconds; current allocated memory: 346.352 MB.
INFO-FLOW: Compiler optimizing ...
INFO-FLOW: Share syncheck's 1.bc for syn flow: copy /scratch/emettner/tachep-fpga-project-26/calorimeter/solution1/.autopilot/db/a.g.1.bc to /scratch/emettner/tachep-fpga-project-26/calorimeter/solution1/.autopilot/db/a.o.1.bc
INFO-FLOW: Presyn 1...
Execute           transform -hls -tmp /scratch/emettner/tachep-fpga-project-26/calorimeter/solution1/.autopilot/db -interface-port-rename -directive-preproc -mem2reg -dse -dce -scalarrepl -norm-name -deadargelim -mem2reg -instcombine -dce -simplifycfg -dce -resource-proc -clib-intrinsic-prepare -dce -func-buffer -dce -pag -array-normalize -func-legal -instcombine -gvn -constprop -dce -simplifycfg -mem2reg -globaldce -resolve-double-ptr -dce -deadargelim -dce -instcombine -ptrArgReplace -mem2reg -dce -array-seg-normalize -deadargelim -instcombine -dce -directive-preproc -mem2reg -dse -dce -pointer-simplify -dce -port-alignment -dce -interface-preproc -data-pack -instcombine -dce -basicaa -aggr-aa -aggrmodref-aa -aggr-aa -gvn -gvn -basicaa -aggr-aa -aggrmodref-aa -aggr-aa -dse -adse -adce -loop-simplify -indvars -instcombine -gvn -loop-simplify -mem2reg -dce -find-region -instcombine -inst-simplify -interface-preproc -cfgopt -instcombine -indvars -loop-simplify -loop-bound -constprop -instcombine -simplifycfg -indvars -simplifycfg -dce -globaldce -clean-region -attach-range -gvn -inst-simplify -constprop -simplifycfg -dce -pointer-simplify -dce -globalopt -constprop -dce -array-promote -constprop -dce -ptrArgReplace -mem2reg -simplifycfg -dce -instcombine -dce -array-transform-check -array-reshape -instcombine -simplifycfg -dce -ptrArgReplace -deadargelim -mem2reg -instcombine -simplifycfg -dce -indvars -loop-simplify -loop-bound -constprop -instcombine -simplifycfg -indvars -simplifycfg -dce -globaldce -basicaa -aggr-aa -aggrmodref-aa -aggr-aa -dse -duplicate-dataflow-processes -globaldce -instcombine -array-partition -prepare-dynamic-array-partition -instcombine -simplifycfg -dce -ptrArgReplace -global-constprop -deadargelim -mem2reg -func-legal -dce -global-constprop -deadargelim -mem2reg -simplifycfg -dce -merge-param -deadargelim -globalopt -constprop -dce -array-promote -constprop -dce -ptrArgReplace -mem2reg -simplifycfg -dce -mem-intrinsic-preproc -dce -global-internalize -global-privatize -mem2reg -globaldce -lcssa -loop-simplify -phi-select-elim -promote-global-argument -ptrArgReplace -mem2reg -dce -globalopt -mergereturn -simplify-global-access -mem2reg -dce -pointer-simplify -dce -basicaa -aggr-aa -aggrmodref-aa -aggr-aa -functionattrs -basicaa -aggr-aa -aggrmodref-aa -aggr-aa -gvn -gvn -basicaa -aggr-aa -aggrmodref-aa -aggr-aa -dse -adse -adce -dce -norm-name -basicaa -aggr-aa -aggrmodref-aa -aggr-aa -accesses-merge -function-inline -complex-op-raise -inst-simplify -globaldce -func-legal -dce -loop-bound -arraycheck -bitwidthmin2 -bitwidthmin2 -on-by-dataflow -loop-delete -instcombine -simplifycfg -globaldce -dce -gvn -deadargelim -dce -loop-simplify -clean-region -simplifycfg -propagate-stable-arguments -loop-stream -instcombine -simplifycfg -dce -globaldce -duplicate-dataflow-processes -stream-intrinsic-preproc -dce -check-ap-stream -loop-simplify -eliminate-keepreads -extract-dataflow-in-loop -loop-simplify -dce -gvn -deadargelim -dse -duplicate-dataflow-processes -check-dataflow-syntax -legalize-stream-variable -globaldce -legalize-global -extract-subproc -dce -dead-channel-elimination -canonicalize-gep -globaldce -dce -gvn -hls-dead-arg-elim -deadargelim -directive-preproc -canonicalize-dataflow -dce -globaldce -scalar-preprocessing -scalar-propagation2 -scalar-stream -deadargelim -globaldce -mem2reg -check-dataflow-channels -function-stream -dce -globaldce -prop-fifo-spec -internal-stream-gen -canonicalize-gep -globaldce -dce -gvn -deadargelim -mergereturn -indvars -loop-simplify -instcombine -array-stream -array-seg-normalize -array-partition -clean-array-spec -func-legal -instcombine -simplifycfg -dce -bundle-memfifo-ops -deadargelim -directive-preproc -mem2reg -dse -dce -group-axi-access -licm -simplifycfg -dce -loop-delete -hls-display -norm-name /scratch/emettner/tachep-fpga-project-26/calorimeter/solution1/.autopilot/db/a.o.1.bc -o /scratch/emettner/tachep-fpga-project-26/calorimeter/solution1/.autopilot/db/a.o.1.tmp.bc -f 
WARNING: [XFORM 203-561] Updating loop lower bound from 0 to 1440 for loop 'VITIS_LOOP_467_2' (./calorimeter.h:454:6) in function 'select_top_n_from_stream_fixed<1440>.1'.
WARNING: [XFORM 203-561] Updating loop lower bound from 0 to 1440 for loop 'VITIS_LOOP_467_2' (./calorimeter.h:454:6) in function 'select_top_n_from_stream_fixed<1440>'.
INFO: [HLS 200-778] Automatically marking array 'towers' as shared between two reader processes.
INFO: [HLS 200-755] Binding port 0 of memory 'towers' to function 'produce_em_cluster_stream' (calorimeter.cpp:158:21) 
INFO: [HLS 200-755] Binding port 1 of memory 'towers' to function 'produce_jet_cluster_stream' (calorimeter.cpp:158:21) 
INFO: [XFORM 203-712] Applying dataflow to function 'cluster_sort_build_em_jet_stream' (calorimeter.cpp:451:1), detected/extracted 6 process function(s): 
	 'produce_em_cluster_stream'
	 'produce_jet_cluster_stream'
	 'select_top_n_from_stream_fixed<1440>'
	 'select_top_n_from_stream_fixed<1440>.1'
	 'build_trigger_objects'
	 'build_trigger_objects.2'.
Command           transform done; 1.29 sec.
INFO-FLOW: Presyn 2...
Execute           transform -hls -keep-callgraph -scalarrepl -mem2reg -port-alignment -attach-range -dce -pipe-mux-gen -indvars -loop-bound -inst-simplify -instcombine -dce -merge-array-access -mem2reg -dce -clean-region -mergereturn -if-conv -instcombine -dce -constprop -basicaa -aggr-aa -aggrmodref-aa -aggr-aa -gvn -gvn -basicaa -aggr-aa -aggrmodref-aa -aggr-aa -dse -adse -adce -scalarrepl -mem2reg -global-constprop -deadargelim -deadargelim -instcombine -dce -simplifycfg -ptrArgReplace -mem2reg -function-inline -globaldce -mem2reg -instcombine -dce -expr-balance -instcombine -dce -bitwidthmin2 -bitwidthmin2 -interface-preproc -directive-preproc -inst-rectify -instcombine -dce -basicaa -aggr-aa -aggrmodref-aa -aggr-aa -functionattrs -constprop -instcombine -bit-constprop -simplify-global-access -globalopt -globaldce -inst-simplify -instcombine -elimdeaddata -dce -loop-delete -simplifycfg -loop-simplify -barrier -norm-name /scratch/emettner/tachep-fpga-project-26/calorimeter/solution1/.autopilot/db/a.o.1.tmp.bc -o /scratch/emettner/tachep-fpga-project-26/calorimeter/solution1/.autopilot/db/a.o.2.bc -f -phase presyn 
INFO: [XFORM 203-401] Performing if-conversion on hyperblock from (calorimeter.cpp:377:9) to (calorimeter.cpp:376:27) in function 'produce_jet_cluster_stream'... converting 5 basic blocks.
INFO: [XFORM 203-401] Performing if-conversion on hyperblock from (calorimeter.cpp:330:9) to (calorimeter.cpp:329:27) in function 'produce_em_cluster_stream'... converting 7 basic blocks.
INFO: [XFORM 203-401] Performing if-conversion on hyperblock from (calorimeter.cpp:184:30) to (calorimeter.cpp:204:1) in function 'build_trigger_objects.2'... converting 17 basic blocks.
INFO: [XFORM 203-401] Performing if-conversion on hyperblock from (calorimeter.cpp:184:30) to (calorimeter.cpp:204:1) in function 'build_trigger_objects'... converting 17 basic blocks.
INFO: [XFORM 203-11] Balancing expressions in function 'produce_jet_cluster_stream' (./calorimeter.h:158:21)...137 expression(s) balanced.
INFO: [XFORM 203-11] Balancing expressions in function 'produce_em_cluster_stream' (calorimeter.cpp:158:27)...77 expression(s) balanced.
Command           transform done; 0.75 sec.
INFO: [HLS 200-111] Finished Loop, function and other optimizations: CPU user time: 1.9 seconds. CPU system time: 0.04 seconds. Elapsed time: 2.05 seconds; current allocated memory: 376.277 MB.
Execute           transform -hls -auto-function-inline -globaldce -ptrArgReplace -mem2reg -dce -reset-lda -loop-simplify -indvars -aggr-aa -licm -loop-dep -loop-bound -licm -loop-simplify -loop-sink-hoist -flattenloopnest -array-flatten -gvn -instcombine -dce -array-map -dce -func-legal -gvn -adce -instcombine -cfgopt -simplifycfg-lite -loop-simplify -array-burst -promote-global-argument -dce -array-seg-normalize -basicaa -aggrmodref-aa -globalsmodref-aa -aggr-aa -gvn -gvn -basicaa -aggrmodref-aa -globalsmodref-aa -aggr-aa -dse -adse -adce -licm -inst-simplify -dce -globaldce -instcombine -array-stream -eliminate-keepreads -instcombine -dce -deadargelim -doublePtrSimplify -doublePtrElim -dce -doublePtrSimplify -promote-dbg-pointer -dce -scalarrepl -mem2reg -norm-name -mem2reg -instcombine -dse -adse -adce -ptrLegalization -dce -array-flatten -dce -instcombine -check-doubleptr -loop-rot -constprop -inst-simplify -cfgopt -simplifycfg-lite -loop-simplify -indvars -pointer-simplify -dce -loop-bound -loop-simplify -loop-preproc -constprop -global-constprop -gvn -mem2reg -instcombine -dce -loop-bound -loop-merge -dce -deadargelim -dce -canonicalize-dataflow -dce -deadargelim -globaldce -mem2reg -bram-byte-enable -inst-simplify -inst-rectify -instcombine -adce -deadargelim -load-elim -read-loop-dep -loop-simplify -loop-extract-inner -directive-preproc -bitwidthmin2 -bitwidthmin2 -read-loop-dep -interface-preproc -directive-preproc -interface-gen -bram-byte-enable-spec-prop -mul2addshift -deadargelim -inst-simplify -dce -mem2reg -instcombine -gvn -dce -adse -loop-bound -instcombine -cfgopt -simplifycfg-lite -loop-simplify -clean-region -io-protocol -find-region -mem2reg -bitop-raise -complex-op-raise -inst-simplify -inst-rectify -instcombine -adce -deadargelim -float-op-raise -loop-simplify -phi-opt -bitop-raise -cfgopt -simplifycfg-lite -strip-dead-prototypes -interface-lower -bitop-lower -intrinsic-lower -auto-function-inline -basicaa -aggrmodref-aa -globalsmodref-aa -aggr-aa -inst-simplify -simplifycfg-lite -loop-simplify -mergereturn -inst-simplify -inst-rectify -globaldce -dce -load-elim -bitop-lower -float-op-raise -fma-raise -loop-rewind -pointer-simplify -dce -cfgopt -dce -loop-bound -loop-dep -read-loop-dep -dce -dyn-mem-reuse -dce -recurrence-min -dce -share-scalar-alloca -deadargelim -dce -check-stream -norm-name -legalize -inst-clarity -bitwidth -dce -validate-dataflow -dump-loop-dep-to-ir -check-all-ssdm -dump-complexity-metric /scratch/emettner/tachep-fpga-project-26/calorimeter/solution1/.autopilot/db/a.o.2.bc -o /scratch/emettner/tachep-fpga-project-26/calorimeter/solution1/.autopilot/db/a.o.3.bc -f -phase build-ssdm 
INFO: [HLS 200-2061] Successfully converted nested loops 'VITIS_LOOP_375_1'(calorimeter.cpp:375:23) and 'VITIS_LOOP_376_2'(calorimeter.cpp:376:27) in function 'produce_jet_cluster_stream' into perfectly nested loops.
INFO: [HLS 200-2061] Successfully converted nested loops 'VITIS_LOOP_328_1'(calorimeter.cpp:328:23) and 'VITIS_LOOP_329_2'(calorimeter.cpp:329:27) in function 'produce_em_cluster_stream' into perfectly nested loops.
INFO: [HLS 200-2061] Successfully converted nested loops 'HT_ETA'(calorimeter.cpp:160:13) and 'HT_PHI'(calorimeter.cpp:161:17) in function 'calo_trigger_em_jet_stream_ref' into perfectly nested loops.
INFO: [XFORM 203-541] Flattening a loop nest 'VITIS_LOOP_375_1' (calorimeter.cpp:375:23) in function 'produce_jet_cluster_stream'.
INFO: [XFORM 203-541] Flattening a loop nest 'VITIS_LOOP_328_1' (calorimeter.cpp:328:23) in function 'produce_em_cluster_stream'.
INFO: [XFORM 203-541] Flattening a loop nest 'HT_ETA' (calorimeter.cpp:160:13) in function 'calo_trigger_em_jet_stream_ref'.
Execute             auto_get_db
Command           transform done; 0.95 sec.
INFO-FLOW: Building ssdm...
Execute           transform -hls -cdfg-build /scratch/emettner/tachep-fpga-project-26/calorimeter/solution1/.autopilot/db/a.o.3.bc -o /scratch/emettner/tachep-fpga-project-26/calorimeter/solution1/.autopilot/db/a.o.3.bc -f -phase build-ssdm 
INFO: [HLS 200-634] Sharing array towers among processes produce_em_cluster_stream and produce_jet_cluster_stream
WARNING: [HLS 200-1450] Process select_top_n_from_stream_fixed<1440> has both a successor and writes an output to its caller (see the GUI dataflow viewer). This may lead to lower throughput. Consider copying this output via a successor process.
WARNING: [HLS 200-1450] Process select_top_n_from_stream_fixed<1440>.1 has both a successor and writes an output to its caller (see the GUI dataflow viewer). This may lead to lower throughput. Consider copying this output via a successor process.
Command           transform done; 0.3 sec.
INFO: [HLS 200-111] Finished Architecture Synthesis: CPU user time: 1.14 seconds. CPU system time: 0.06 seconds. Elapsed time: 1.25 seconds; current allocated memory: 446.355 MB.
INFO-FLOW: Finish building internal data model.
Command         opt_and_import_c done; 3.99 sec.
Command       elaborate done; 28.31 sec.
Execute       ap_eval exec zip -j /scratch/emettner/tachep-fpga-project-26/calorimeter/solution1/.autopilot/db/dut.hcp $dbDir/a.o.3.bc $dbDir/${topname}.rtl_wrap.cfg.tcl $dbDir/apatb_${topname}.cpp $dbDir/apatb_${topname}_util.cpp $dbDir/apatb_${topname}_ir.ll $dbDir/mapper_${topname}.cpp $dbDir/top-io-fe.xml $dbDir/kernel.internal.xml $workdir/../hls.app 
Execute       autosyn -from_csynth_design=1 
INFO: [HLS 200-10] Starting hardware synthesis ...
INFO-FLOW: Synthesizing C/C++ design ...
INFO: [HLS 200-10] Synthesizing 'calo_trigger_em_jet_stream_ref' ...
Execute         ap_set_top_model calo_trigger_em_jet_stream_ref 
WARNING: [SYN 201-103] Legalizing function name 'select_top_n_from_stream_fixed<1440>' to 'select_top_n_from_stream_fixed_1440_s'.
WARNING: [SYN 201-103] Legalizing function name 'select_top_n_from_stream_fixed<1440>.1' to 'select_top_n_from_stream_fixed_1440_1'.
WARNING: [SYN 201-103] Legalizing function name 'build_trigger_objects.2' to 'build_trigger_objects_2'.
Execute         get_model_list calo_trigger_em_jet_stream_ref -filter all-wo-channel -topdown 
Execute         preproc_iomode -model calo_trigger_em_jet_stream_ref 
Execute         preproc_iomode -model cluster_sort_build_em_jet_stream 
Execute         preproc_iomode -model build_trigger_objects.2 
Execute         preproc_iomode -model build_trigger_objects 
Execute         preproc_iomode -model select_top_n_from_stream_fixed<1440>.1 
Execute         preproc_iomode -model select_top_n_from_stream_fixed<1440> 
Execute         preproc_iomode -model produce_jet_cluster_stream 
Execute         preproc_iomode -model produce_em_cluster_stream 
Execute         get_model_list calo_trigger_em_jet_stream_ref -filter all-wo-channel 
INFO-FLOW: Model list for configure: produce_em_cluster_stream produce_jet_cluster_stream select_top_n_from_stream_fixed<1440> select_top_n_from_stream_fixed<1440>.1 build_trigger_objects build_trigger_objects.2 cluster_sort_build_em_jet_stream calo_trigger_em_jet_stream_ref
INFO-FLOW: Configuring Module : produce_em_cluster_stream ...
Execute         set_default_model produce_em_cluster_stream 
Execute         apply_spec_resource_limit produce_em_cluster_stream 
INFO-FLOW: Configuring Module : produce_jet_cluster_stream ...
Execute         set_default_model produce_jet_cluster_stream 
Execute         apply_spec_resource_limit produce_jet_cluster_stream 
INFO-FLOW: Configuring Module : select_top_n_from_stream_fixed<1440> ...
Execute         set_default_model select_top_n_from_stream_fixed<1440> 
Execute         apply_spec_resource_limit select_top_n_from_stream_fixed<1440> 
INFO-FLOW: Configuring Module : select_top_n_from_stream_fixed<1440>.1 ...
Execute         set_default_model select_top_n_from_stream_fixed<1440>.1 
Execute         apply_spec_resource_limit select_top_n_from_stream_fixed<1440>.1 
INFO-FLOW: Configuring Module : build_trigger_objects ...
Execute         set_default_model build_trigger_objects 
Execute         apply_spec_resource_limit build_trigger_objects 
INFO-FLOW: Configuring Module : build_trigger_objects.2 ...
Execute         set_default_model build_trigger_objects.2 
Execute         apply_spec_resource_limit build_trigger_objects.2 
INFO-FLOW: Configuring Module : cluster_sort_build_em_jet_stream ...
Execute         set_default_model cluster_sort_build_em_jet_stream 
Execute         apply_spec_resource_limit cluster_sort_build_em_jet_stream 
INFO-FLOW: Configuring Module : calo_trigger_em_jet_stream_ref ...
Execute         set_default_model calo_trigger_em_jet_stream_ref 
Execute         apply_spec_resource_limit calo_trigger_em_jet_stream_ref 
INFO-FLOW: Model list for preprocess: produce_em_cluster_stream produce_jet_cluster_stream select_top_n_from_stream_fixed<1440> select_top_n_from_stream_fixed<1440>.1 build_trigger_objects build_trigger_objects.2 cluster_sort_build_em_jet_stream calo_trigger_em_jet_stream_ref
INFO-FLOW: Preprocessing Module: produce_em_cluster_stream ...
Execute         set_default_model produce_em_cluster_stream 
Execute         cdfg_preprocess -model produce_em_cluster_stream 
Execute         rtl_gen_preprocess produce_em_cluster_stream 
INFO-FLOW: Preprocessing Module: produce_jet_cluster_stream ...
Execute         set_default_model produce_jet_cluster_stream 
Execute         cdfg_preprocess -model produce_jet_cluster_stream 
Execute         rtl_gen_preprocess produce_jet_cluster_stream 
INFO-FLOW: Preprocessing Module: select_top_n_from_stream_fixed<1440> ...
Execute         set_default_model select_top_n_from_stream_fixed<1440> 
Execute         cdfg_preprocess -model select_top_n_from_stream_fixed<1440> 
Execute         rtl_gen_preprocess select_top_n_from_stream_fixed<1440> 
INFO-FLOW: Preprocessing Module: select_top_n_from_stream_fixed<1440>.1 ...
Execute         set_default_model select_top_n_from_stream_fixed<1440>.1 
Execute         cdfg_preprocess -model select_top_n_from_stream_fixed<1440>.1 
Execute         rtl_gen_preprocess select_top_n_from_stream_fixed<1440>.1 
INFO-FLOW: Preprocessing Module: build_trigger_objects ...
Execute         set_default_model build_trigger_objects 
Execute         cdfg_preprocess -model build_trigger_objects 
Execute         rtl_gen_preprocess build_trigger_objects 
INFO-FLOW: Preprocessing Module: build_trigger_objects.2 ...
Execute         set_default_model build_trigger_objects.2 
Execute         cdfg_preprocess -model build_trigger_objects.2 
Execute         rtl_gen_preprocess build_trigger_objects.2 
INFO-FLOW: Preprocessing Module: cluster_sort_build_em_jet_stream ...
Execute         set_default_model cluster_sort_build_em_jet_stream 
Execute         cdfg_preprocess -model cluster_sort_build_em_jet_stream 
Execute         rtl_gen_preprocess cluster_sort_build_em_jet_stream 
INFO-FLOW: Preprocessing Module: calo_trigger_em_jet_stream_ref ...
Execute         set_default_model calo_trigger_em_jet_stream_ref 
Execute         cdfg_preprocess -model calo_trigger_em_jet_stream_ref 
Execute         rtl_gen_preprocess calo_trigger_em_jet_stream_ref 
INFO-FLOW: Model list for synthesis: produce_em_cluster_stream produce_jet_cluster_stream select_top_n_from_stream_fixed<1440> select_top_n_from_stream_fixed<1440>.1 build_trigger_objects build_trigger_objects.2 cluster_sort_build_em_jet_stream calo_trigger_em_jet_stream_ref
INFO: [HLS 200-10] ----------------------------------------------------------------
INFO: [HLS 200-42] -- Implementing module 'produce_em_cluster_stream' 
INFO: [HLS 200-10] ----------------------------------------------------------------
Execute         set_default_model produce_em_cluster_stream 
Execute         schedule -model produce_em_cluster_stream 
INFO: [SCHED 204-11] Starting scheduling ...
INFO: [SCHED 204-61] Pipelining loop 'VITIS_LOOP_328_1_VITIS_LOOP_329_2'.
WARNING: [HLS 200-885] The II Violation in module 'produce_em_cluster_stream' (loop 'VITIS_LOOP_328_1_VITIS_LOOP_329_2'): Unable to schedule 'load' operation 12 bit ('seed_et', calorimeter.cpp:342) on array 'towers' due to limited memory ports (II = 1). Please consider using a memory core with more ports or partitioning the array 'towers'.
WARNING: [HLS 200-885] The II Violation in module 'produce_em_cluster_stream' (loop 'VITIS_LOOP_328_1_VITIS_LOOP_329_2'): Unable to schedule 'load' operation 12 bit ('neighbor', ./calorimeter.h:216->calorimeter.cpp:345) on array 'towers' due to limited memory ports (II = 2). Please consider using a memory core with more ports or partitioning the array 'towers'.
WARNING: [HLS 200-885] The II Violation in module 'produce_em_cluster_stream' (loop 'VITIS_LOOP_328_1_VITIS_LOOP_329_2'): Unable to schedule 'load' operation 12 bit ('neighbor', ./calorimeter.h:216->calorimeter.cpp:345) on array 'towers' due to limited memory ports (II = 3). Please consider using a memory core with more ports or partitioning the array 'towers'.
WARNING: [HLS 200-885] The II Violation in module 'produce_em_cluster_stream' (loop 'VITIS_LOOP_328_1_VITIS_LOOP_329_2'): Unable to schedule 'load' operation 12 bit ('neighbor', ./calorimeter.h:216->calorimeter.cpp:345) on array 'towers' due to limited memory ports (II = 4). Please consider using a memory core with more ports or partitioning the array 'towers'.
WARNING: [HLS 200-885] The II Violation in module 'produce_em_cluster_stream' (loop 'VITIS_LOOP_328_1_VITIS_LOOP_329_2'): Unable to schedule 'load' operation 12 bit ('towers_load_24', ./calorimeter.h:187->calorimeter.cpp:349) on array 'towers' due to limited memory ports (II = 35). Please consider using a memory core with more ports or partitioning the array 'towers'.
WARNING: [HLS 200-885] The II Violation in module 'produce_em_cluster_stream' (loop 'VITIS_LOOP_328_1_VITIS_LOOP_329_2'): Unable to schedule 'load' operation 12 bit ('towers_load_32', ./calorimeter.h:187->calorimeter.cpp:349) on array 'towers' due to limited memory ports (II = 43). Please consider using a memory core with more ports or partitioning the array 'towers'.
WARNING: [HLS 200-885] The II Violation in module 'produce_em_cluster_stream' (loop 'VITIS_LOOP_328_1_VITIS_LOOP_329_2'): Unable to schedule 'load' operation 12 bit ('towers_load_36', ./calorimeter.h:187->calorimeter.cpp:349) on array 'towers' due to limited memory ports (II = 47). Please consider using a memory core with more ports or partitioning the array 'towers'.
WARNING: [HLS 200-885] The II Violation in module 'produce_em_cluster_stream' (loop 'VITIS_LOOP_328_1_VITIS_LOOP_329_2'): Unable to schedule 'load' operation 12 bit ('towers_load_37', ./calorimeter.h:187->calorimeter.cpp:349) on array 'towers' due to limited memory ports (II = 48). Please consider using a memory core with more ports or partitioning the array 'towers'.
INFO: [HLS 200-1470] Pipelining result : Target II = 1, Final II = 49, Depth = 50, loop 'VITIS_LOOP_328_1_VITIS_LOOP_329_2'
INFO: [SCHED 204-11] Finished scheduling.
Command         schedule done; 2.4 sec.
INFO: [HLS 200-111] Finished Scheduling: CPU user time: 2.57 seconds. CPU system time: 0.07 seconds. Elapsed time: 2.74 seconds; current allocated memory: 452.980 MB.
Execute         syn_report -verbosereport -o /scratch/emettner/tachep-fpga-project-26/calorimeter/solution1/.autopilot/db/produce_em_cluster_stream.verbose.sched.rpt 
Execute           list_part -family xcvu13p-fsga2577-2-e 
Execute             ap_family_info -name xcvu13p-fsga2577-2-e -data names 
Execute             ap_part_info -quiet -name xcvu13p-fsga2577-2-e -data family 
Execute         db_write -o /scratch/emettner/tachep-fpga-project-26/calorimeter/solution1/.autopilot/db/produce_em_cluster_stream.sched.adb -f 
INFO-FLOW: Finish scheduling produce_em_cluster_stream.
Execute         set_default_model produce_em_cluster_stream 
Execute         bind -model produce_em_cluster_stream 
INFO: [BIND 205-100] Starting micro-architecture generation ...
INFO: [BIND 205-101] Performing variable lifetime analysis.
INFO: [BIND 205-101] Exploring resource sharing.
INFO: [BIND 205-101] Binding ...
INFO: [BIND 205-100] Finished micro-architecture generation.
Command         bind done; 0.15 sec.
INFO: [HLS 200-111] Finished Binding: CPU user time: 0.22 seconds. CPU system time: 0.01 seconds. Elapsed time: 0.25 seconds; current allocated memory: 452.980 MB.
Execute         syn_report -verbosereport -o /scratch/emettner/tachep-fpga-project-26/calorimeter/solution1/.autopilot/db/produce_em_cluster_stream.verbose.bind.rpt 
Execute           list_part -family xcvu13p-fsga2577-2-e 
Execute             ap_family_info -name xcvu13p-fsga2577-2-e -data names 
Execute             ap_part_info -quiet -name xcvu13p-fsga2577-2-e -data family 
Execute         db_write -o /scratch/emettner/tachep-fpga-project-26/calorimeter/solution1/.autopilot/db/produce_em_cluster_stream.bind.adb -f 
INFO-FLOW: Finish binding produce_em_cluster_stream.
INFO: [HLS 200-10] ----------------------------------------------------------------
INFO: [HLS 200-42] -- Implementing module 'produce_jet_cluster_stream' 
INFO: [HLS 200-10] ----------------------------------------------------------------
Execute         set_default_model produce_jet_cluster_stream 
Execute         schedule -model produce_jet_cluster_stream 
INFO: [SCHED 204-11] Starting scheduling ...
INFO: [SCHED 204-61] Pipelining loop 'VITIS_LOOP_375_1_VITIS_LOOP_376_2'.
WARNING: [HLS 200-885] The II Violation in module 'produce_jet_cluster_stream' (loop 'VITIS_LOOP_375_1_VITIS_LOOP_376_2'): Unable to schedule 'load' operation 12 bit ('seed_et', calorimeter.cpp:389) on array 'towers' due to limited memory ports (II = 1). Please consider using a memory core with more ports or partitioning the array 'towers'.
WARNING: [HLS 200-885] The II Violation in module 'produce_jet_cluster_stream' (loop 'VITIS_LOOP_375_1_VITIS_LOOP_376_2'): Unable to schedule 'load' operation 12 bit ('neighbor', ./calorimeter.h:216->calorimeter.cpp:392) on array 'towers' due to limited memory ports (II = 2). Please consider using a memory core with more ports or partitioning the array 'towers'.
WARNING: [HLS 200-885] The II Violation in module 'produce_jet_cluster_stream' (loop 'VITIS_LOOP_375_1_VITIS_LOOP_376_2'): Unable to schedule 'load' operation 12 bit ('neighbor', ./calorimeter.h:216->calorimeter.cpp:392) on array 'towers' due to limited memory ports (II = 3). Please consider using a memory core with more ports or partitioning the array 'towers'.
WARNING: [HLS 200-885] The II Violation in module 'produce_jet_cluster_stream' (loop 'VITIS_LOOP_375_1_VITIS_LOOP_376_2'): Unable to schedule 'load' operation 12 bit ('neighbor', ./calorimeter.h:216->calorimeter.cpp:392) on array 'towers' due to limited memory ports (II = 4). Please consider using a memory core with more ports or partitioning the array 'towers'.
WARNING: [HLS 200-885] The II Violation in module 'produce_jet_cluster_stream' (loop 'VITIS_LOOP_375_1_VITIS_LOOP_376_2'): Unable to schedule 'load' operation 12 bit ('neighbor', ./calorimeter.h:216->calorimeter.cpp:392) on array 'towers' due to limited memory ports (II = 35). Please consider using a memory core with more ports or partitioning the array 'towers'.
WARNING: [HLS 200-885] The II Violation in module 'produce_jet_cluster_stream' (loop 'VITIS_LOOP_375_1_VITIS_LOOP_376_2'): Unable to schedule 'load' operation 12 bit ('neighbor', ./calorimeter.h:216->calorimeter.cpp:392) on array 'towers' due to limited memory ports (II = 43). Please consider using a memory core with more ports or partitioning the array 'towers'.
WARNING: [HLS 200-885] The II Violation in module 'produce_jet_cluster_stream' (loop 'VITIS_LOOP_375_1_VITIS_LOOP_376_2'): Unable to schedule 'load' operation 12 bit ('neighbor', ./calorimeter.h:216->calorimeter.cpp:392) on array 'towers' due to limited memory ports (II = 47). Please consider using a memory core with more ports or partitioning the array 'towers'.
WARNING: [HLS 200-885] The II Violation in module 'produce_jet_cluster_stream' (loop 'VITIS_LOOP_375_1_VITIS_LOOP_376_2'): Unable to schedule 'load' operation 12 bit ('neighbor', ./calorimeter.h:216->calorimeter.cpp:392) on array 'towers' due to limited memory ports (II = 48). Please consider using a memory core with more ports or partitioning the array 'towers'.
INFO: [HLS 200-1470] Pipelining result : Target II = 1, Final II = 49, Depth = 50, loop 'VITIS_LOOP_375_1_VITIS_LOOP_376_2'
INFO: [SCHED 204-11] Finished scheduling.
Command         schedule done; 2.48 sec.
INFO: [HLS 200-111] Finished Scheduling: CPU user time: 2.48 seconds. CPU system time: 0.03 seconds. Elapsed time: 2.6 seconds; current allocated memory: 458.117 MB.
Execute         syn_report -verbosereport -o /scratch/emettner/tachep-fpga-project-26/calorimeter/solution1/.autopilot/db/produce_jet_cluster_stream.verbose.sched.rpt 
Execute           list_part -family xcvu13p-fsga2577-2-e 
Execute             ap_family_info -name xcvu13p-fsga2577-2-e -data names 
Execute             ap_part_info -quiet -name xcvu13p-fsga2577-2-e -data family 
Execute         db_write -o /scratch/emettner/tachep-fpga-project-26/calorimeter/solution1/.autopilot/db/produce_jet_cluster_stream.sched.adb -f 
INFO-FLOW: Finish scheduling produce_jet_cluster_stream.
Execute         set_default_model produce_jet_cluster_stream 
Execute         bind -model produce_jet_cluster_stream 
INFO: [BIND 205-100] Starting micro-architecture generation ...
INFO: [BIND 205-101] Performing variable lifetime analysis.
INFO: [BIND 205-101] Exploring resource sharing.
INFO: [BIND 205-101] Binding ...
INFO: [BIND 205-100] Finished micro-architecture generation.
Command         bind done; 0.18 sec.
INFO: [HLS 200-111] Finished Binding: CPU user time: 0.24 seconds. CPU system time: 0.02 seconds. Elapsed time: 0.31 seconds; current allocated memory: 458.117 MB.
Execute         syn_report -verbosereport -o /scratch/emettner/tachep-fpga-project-26/calorimeter/solution1/.autopilot/db/produce_jet_cluster_stream.verbose.bind.rpt 
Execute           list_part -family xcvu13p-fsga2577-2-e 
Execute             ap_family_info -name xcvu13p-fsga2577-2-e -data names 
Execute             ap_part_info -quiet -name xcvu13p-fsga2577-2-e -data family 
Execute         db_write -o /scratch/emettner/tachep-fpga-project-26/calorimeter/solution1/.autopilot/db/produce_jet_cluster_stream.bind.adb -f 
INFO-FLOW: Finish binding produce_jet_cluster_stream.
INFO: [HLS 200-10] ----------------------------------------------------------------
INFO: [HLS 200-42] -- Implementing module 'select_top_n_from_stream_fixed_1440_s' 
INFO: [HLS 200-10] ----------------------------------------------------------------
Execute         set_default_model select_top_n_from_stream_fixed<1440> 
Execute         schedule -model select_top_n_from_stream_fixed<1440> 
INFO: [SCHED 204-11] Starting scheduling ...
WARNING: [SCHED 204-65] Unable to satisfy pipeline directive for loop 'VITIS_LOOP_467_2': contains subloop(s) that are not unrolled or flattened.
INFO: [SCHED 204-11] Finished scheduling.
Command         schedule done; 1.15 sec.
INFO: [HLS 200-111] Finished Scheduling: CPU user time: 1.22 seconds. CPU system time: 0.04 seconds. Elapsed time: 1.29 seconds; current allocated memory: 473.129 MB.
Execute         syn_report -verbosereport -o /scratch/emettner/tachep-fpga-project-26/calorimeter/solution1/.autopilot/db/select_top_n_from_stream_fixed_1440_s.verbose.sched.rpt 
Execute           list_part -family xcvu13p-fsga2577-2-e 
Execute             ap_family_info -name xcvu13p-fsga2577-2-e -data names 
Execute             ap_part_info -quiet -name xcvu13p-fsga2577-2-e -data family 
Command         syn_report done; 0.15 sec.
Execute         db_write -o /scratch/emettner/tachep-fpga-project-26/calorimeter/solution1/.autopilot/db/select_top_n_from_stream_fixed_1440_s.sched.adb -f 
Command         db_write done; 0.13 sec.
INFO-FLOW: Finish scheduling select_top_n_from_stream_fixed<1440>.
Execute         set_default_model select_top_n_from_stream_fixed<1440> 
Execute         bind -model select_top_n_from_stream_fixed<1440> 
INFO: [BIND 205-100] Starting micro-architecture generation ...
INFO: [BIND 205-101] Performing variable lifetime analysis.
INFO: [BIND 205-101] Exploring resource sharing.
INFO: [BIND 205-101] Binding ...
INFO: [BIND 205-100] Finished micro-architecture generation.
Command         bind done; 0.17 sec.
INFO: [HLS 200-111] Finished Binding: CPU user time: 0.4 seconds. CPU system time: 0.04 seconds. Elapsed time: 0.45 seconds; current allocated memory: 473.129 MB.
Execute         syn_report -verbosereport -o /scratch/emettner/tachep-fpga-project-26/calorimeter/solution1/.autopilot/db/select_top_n_from_stream_fixed_1440_s.verbose.bind.rpt 
Execute           list_part -family xcvu13p-fsga2577-2-e 
Execute             ap_family_info -name xcvu13p-fsga2577-2-e -data names 
Execute             ap_part_info -quiet -name xcvu13p-fsga2577-2-e -data family 
Command         syn_report done; 0.13 sec.
Execute         db_write -o /scratch/emettner/tachep-fpga-project-26/calorimeter/solution1/.autopilot/db/select_top_n_from_stream_fixed_1440_s.bind.adb -f 
Command         db_write done; 0.22 sec.
INFO-FLOW: Finish binding select_top_n_from_stream_fixed<1440>.
INFO: [HLS 200-10] ----------------------------------------------------------------
INFO: [HLS 200-42] -- Implementing module 'select_top_n_from_stream_fixed_1440_1' 
INFO: [HLS 200-10] ----------------------------------------------------------------
Execute         set_default_model select_top_n_from_stream_fixed<1440>.1 
Execute         schedule -model select_top_n_from_stream_fixed<1440>.1 
INFO: [SCHED 204-11] Starting scheduling ...
WARNING: [SCHED 204-65] Unable to satisfy pipeline directive for loop 'VITIS_LOOP_467_2': contains subloop(s) that are not unrolled or flattened.
INFO: [SCHED 204-11] Finished scheduling.
Command         schedule done; 1.07 sec.
INFO: [HLS 200-111] Finished Scheduling: CPU user time: 1.35 seconds. CPU system time: 0.05 seconds. Elapsed time: 1.44 seconds; current allocated memory: 479.797 MB.
Execute         syn_report -verbosereport -o /scratch/emettner/tachep-fpga-project-26/calorimeter/solution1/.autopilot/db/select_top_n_from_stream_fixed_1440_1.verbose.sched.rpt 
Execute           list_part -family xcvu13p-fsga2577-2-e 
Execute             ap_family_info -name xcvu13p-fsga2577-2-e -data names 
Execute             ap_part_info -quiet -name xcvu13p-fsga2577-2-e -data family 
Command         syn_report done; 0.14 sec.
Execute         db_write -o /scratch/emettner/tachep-fpga-project-26/calorimeter/solution1/.autopilot/db/select_top_n_from_stream_fixed_1440_1.sched.adb -f 
Command         db_write done; 0.13 sec.
INFO-FLOW: Finish scheduling select_top_n_from_stream_fixed<1440>.1.
Execute         set_default_model select_top_n_from_stream_fixed<1440>.1 
Execute         bind -model select_top_n_from_stream_fixed<1440>.1 
INFO: [BIND 205-100] Starting micro-architecture generation ...
INFO: [BIND 205-101] Performing variable lifetime analysis.
INFO: [BIND 205-101] Exploring resource sharing.
INFO: [BIND 205-101] Binding ...
INFO: [BIND 205-100] Finished micro-architecture generation.
Command         bind done; 0.17 sec.
INFO: [HLS 200-111] Finished Binding: CPU user time: 0.41 seconds. CPU system time: 0.02 seconds. Elapsed time: 0.44 seconds; current allocated memory: 479.797 MB.
Execute         syn_report -verbosereport -o /scratch/emettner/tachep-fpga-project-26/calorimeter/solution1/.autopilot/db/select_top_n_from_stream_fixed_1440_1.verbose.bind.rpt 
Execute           list_part -family xcvu13p-fsga2577-2-e 
Execute             ap_family_info -name xcvu13p-fsga2577-2-e -data names 
Execute             ap_part_info -quiet -name xcvu13p-fsga2577-2-e -data family 
Command         syn_report done; 0.13 sec.
Execute         db_write -o /scratch/emettner/tachep-fpga-project-26/calorimeter/solution1/.autopilot/db/select_top_n_from_stream_fixed_1440_1.bind.adb -f 
Command         db_write done; 0.22 sec.
INFO-FLOW: Finish binding select_top_n_from_stream_fixed<1440>.1.
INFO: [HLS 200-10] ----------------------------------------------------------------
INFO: [HLS 200-42] -- Implementing module 'build_trigger_objects' 
INFO: [HLS 200-10] ----------------------------------------------------------------
Execute         set_default_model build_trigger_objects 
Execute         schedule -model build_trigger_objects 
INFO: [SCHED 204-11] Starting scheduling ...
INFO: [SCHED 204-11] Finished scheduling.
INFO: [HLS 200-111] Finished Scheduling: CPU user time: 0.41 seconds. CPU system time: 0.05 seconds. Elapsed time: 0.5 seconds; current allocated memory: 479.797 MB.
Execute         syn_report -verbosereport -o /scratch/emettner/tachep-fpga-project-26/calorimeter/solution1/.autopilot/db/build_trigger_objects.verbose.sched.rpt 
Execute           list_part -family xcvu13p-fsga2577-2-e 
Execute             ap_family_info -name xcvu13p-fsga2577-2-e -data names 
Execute             ap_part_info -quiet -name xcvu13p-fsga2577-2-e -data family 
Execute         db_write -o /scratch/emettner/tachep-fpga-project-26/calorimeter/solution1/.autopilot/db/build_trigger_objects.sched.adb -f 
INFO-FLOW: Finish scheduling build_trigger_objects.
Execute         set_default_model build_trigger_objects 
Execute         bind -model build_trigger_objects 
INFO: [BIND 205-100] Starting micro-architecture generation ...
INFO: [BIND 205-101] Performing variable lifetime analysis.
INFO: [BIND 205-101] Exploring resource sharing.
INFO: [BIND 205-101] Binding ...
INFO: [BIND 205-100] Finished micro-architecture generation.
INFO: [HLS 200-111] Finished Binding: CPU user time: 0.05 seconds. CPU system time: 0 seconds. Elapsed time: 0.07 seconds; current allocated memory: 479.797 MB.
Execute         syn_report -verbosereport -o /scratch/emettner/tachep-fpga-project-26/calorimeter/solution1/.autopilot/db/build_trigger_objects.verbose.bind.rpt 
Execute           list_part -family xcvu13p-fsga2577-2-e 
Execute             ap_family_info -name xcvu13p-fsga2577-2-e -data names 
Execute             ap_part_info -quiet -name xcvu13p-fsga2577-2-e -data family 
Execute         db_write -o /scratch/emettner/tachep-fpga-project-26/calorimeter/solution1/.autopilot/db/build_trigger_objects.bind.adb -f 
INFO-FLOW: Finish binding build_trigger_objects.
INFO: [HLS 200-10] ----------------------------------------------------------------
INFO: [HLS 200-42] -- Implementing module 'build_trigger_objects_2' 
INFO: [HLS 200-10] ----------------------------------------------------------------
Execute         set_default_model build_trigger_objects.2 
Execute         schedule -model build_trigger_objects.2 
INFO: [SCHED 204-11] Starting scheduling ...
INFO: [SCHED 204-11] Finished scheduling.
INFO: [HLS 200-111] Finished Scheduling: CPU user time: 0.11 seconds. CPU system time: 0.01 seconds. Elapsed time: 0.14 seconds; current allocated memory: 479.797 MB.
Execute         syn_report -verbosereport -o /scratch/emettner/tachep-fpga-project-26/calorimeter/solution1/.autopilot/db/build_trigger_objects_2.verbose.sched.rpt 
Execute           list_part -family xcvu13p-fsga2577-2-e 
Execute             ap_family_info -name xcvu13p-fsga2577-2-e -data names 
Execute             ap_part_info -quiet -name xcvu13p-fsga2577-2-e -data family 
Execute         db_write -o /scratch/emettner/tachep-fpga-project-26/calorimeter/solution1/.autopilot/db/build_trigger_objects_2.sched.adb -f 
INFO-FLOW: Finish scheduling build_trigger_objects.2.
Execute         set_default_model build_trigger_objects.2 
Execute         bind -model build_trigger_objects.2 
INFO: [BIND 205-100] Starting micro-architecture generation ...
INFO: [BIND 205-101] Performing variable lifetime analysis.
INFO: [BIND 205-101] Exploring resource sharing.
INFO: [BIND 205-101] Binding ...
INFO: [BIND 205-100] Finished micro-architecture generation.
INFO: [HLS 200-111] Finished Binding: CPU user time: 0.04 seconds. CPU system time: 0 seconds. Elapsed time: 0.06 seconds; current allocated memory: 479.797 MB.
Execute         syn_report -verbosereport -o /scratch/emettner/tachep-fpga-project-26/calorimeter/solution1/.autopilot/db/build_trigger_objects_2.verbose.bind.rpt 
Execute           list_part -family xcvu13p-fsga2577-2-e 
Execute             ap_family_info -name xcvu13p-fsga2577-2-e -data names 
Execute             ap_part_info -quiet -name xcvu13p-fsga2577-2-e -data family 
Execute         db_write -o /scratch/emettner/tachep-fpga-project-26/calorimeter/solution1/.autopilot/db/build_trigger_objects_2.bind.adb -f 
INFO-FLOW: Finish binding build_trigger_objects.2.
INFO: [HLS 200-10] ----------------------------------------------------------------
INFO: [HLS 200-42] -- Implementing module 'cluster_sort_build_em_jet_stream' 
INFO: [HLS 200-10] ----------------------------------------------------------------
Execute         set_default_model cluster_sort_build_em_jet_stream 
Execute         schedule -model cluster_sort_build_em_jet_stream 
INFO: [SCHED 204-11] Starting scheduling ...
INFO: [SCHED 204-11] Finished scheduling.
INFO: [HLS 200-111] Finished Scheduling: CPU user time: 0.12 seconds. CPU system time: 0.01 seconds. Elapsed time: 0.14 seconds; current allocated memory: 479.797 MB.
Execute         syn_report -verbosereport -o /scratch/emettner/tachep-fpga-project-26/calorimeter/solution1/.autopilot/db/cluster_sort_build_em_jet_stream.verbose.sched.rpt 
Execute           list_part -family xcvu13p-fsga2577-2-e 
Execute             ap_family_info -name xcvu13p-fsga2577-2-e -data names 
Execute             ap_part_info -quiet -name xcvu13p-fsga2577-2-e -data family 
Execute         db_write -o /scratch/emettner/tachep-fpga-project-26/calorimeter/solution1/.autopilot/db/cluster_sort_build_em_jet_stream.sched.adb -f 
INFO-FLOW: Finish scheduling cluster_sort_build_em_jet_stream.
Execute         set_default_model cluster_sort_build_em_jet_stream 
Execute         bind -model cluster_sort_build_em_jet_stream 
INFO: [BIND 205-100] Starting micro-architecture generation ...
INFO: [BIND 205-101] Performing variable lifetime analysis.
INFO: [BIND 205-101] Exploring resource sharing.
INFO: [BIND 205-101] Binding ...
INFO: [BIND 205-100] Finished micro-architecture generation.
INFO: [HLS 200-111] Finished Binding: CPU user time: 0.06 seconds. CPU system time: 0 seconds. Elapsed time: 0.08 seconds; current allocated memory: 479.797 MB.
Execute         syn_report -verbosereport -o /scratch/emettner/tachep-fpga-project-26/calorimeter/solution1/.autopilot/db/cluster_sort_build_em_jet_stream.verbose.bind.rpt 
Execute           list_part -family xcvu13p-fsga2577-2-e 
Execute             ap_family_info -name xcvu13p-fsga2577-2-e -data names 
Execute             ap_part_info -quiet -name xcvu13p-fsga2577-2-e -data family 
Execute         db_write -o /scratch/emettner/tachep-fpga-project-26/calorimeter/solution1/.autopilot/db/cluster_sort_build_em_jet_stream.bind.adb -f 
INFO-FLOW: Finish binding cluster_sort_build_em_jet_stream.
INFO: [HLS 200-10] ----------------------------------------------------------------
INFO: [HLS 200-42] -- Implementing module 'calo_trigger_em_jet_stream_ref' 
INFO: [HLS 200-10] ----------------------------------------------------------------
Execute         set_default_model calo_trigger_em_jet_stream_ref 
Execute         schedule -model calo_trigger_em_jet_stream_ref 
INFO: [SCHED 204-11] Starting scheduling ...
INFO: [SCHED 204-61] Pipelining loop 'HT_ETA_HT_PHI'.
INFO: [HLS 200-1470] Pipelining result : Target II = 1, Final II = 1, Depth = 2, loop 'HT_ETA_HT_PHI'
INFO: [SCHED 204-11] Finished scheduling.
INFO: [HLS 200-111] Finished Scheduling: CPU user time: 0.16 seconds. CPU system time: 0 seconds. Elapsed time: 0.19 seconds; current allocated memory: 479.797 MB.
Execute         syn_report -verbosereport -o /scratch/emettner/tachep-fpga-project-26/calorimeter/solution1/.autopilot/db/calo_trigger_em_jet_stream_ref.verbose.sched.rpt 
Execute           list_part -family xcvu13p-fsga2577-2-e 
Execute             ap_family_info -name xcvu13p-fsga2577-2-e -data names 
Execute             ap_part_info -quiet -name xcvu13p-fsga2577-2-e -data family 
Execute         db_write -o /scratch/emettner/tachep-fpga-project-26/calorimeter/solution1/.autopilot/db/calo_trigger_em_jet_stream_ref.sched.adb -f 
INFO-FLOW: Finish scheduling calo_trigger_em_jet_stream_ref.
Execute         set_default_model calo_trigger_em_jet_stream_ref 
Execute         bind -model calo_trigger_em_jet_stream_ref 
INFO: [BIND 205-100] Starting micro-architecture generation ...
INFO: [BIND 205-101] Performing variable lifetime analysis.
INFO: [BIND 205-101] Exploring resource sharing.
INFO: [BIND 205-101] Binding ...
INFO: [BIND 205-100] Finished micro-architecture generation.
INFO: [HLS 200-111] Finished Binding: CPU user time: 0.05 seconds. CPU system time: 0.01 seconds. Elapsed time: 0.07 seconds; current allocated memory: 479.797 MB.
Execute         syn_report -verbosereport -o /scratch/emettner/tachep-fpga-project-26/calorimeter/solution1/.autopilot/db/calo_trigger_em_jet_stream_ref.verbose.bind.rpt 
Execute           list_part -family xcvu13p-fsga2577-2-e 
Execute             ap_family_info -name xcvu13p-fsga2577-2-e -data names 
Execute             ap_part_info -quiet -name xcvu13p-fsga2577-2-e -data family 
Execute         db_write -o /scratch/emettner/tachep-fpga-project-26/calorimeter/solution1/.autopilot/db/calo_trigger_em_jet_stream_ref.bind.adb -f 
INFO-FLOW: Finish binding calo_trigger_em_jet_stream_ref.
Execute         get_model_list calo_trigger_em_jet_stream_ref -filter all-wo-channel 
INFO-FLOW: Preprocessing for RTLGen ...
Execute         rtl_gen_preprocess produce_em_cluster_stream 
Execute         rtl_gen_preprocess produce_jet_cluster_stream 
Execute         rtl_gen_preprocess select_top_n_from_stream_fixed<1440> 
Execute         rtl_gen_preprocess select_top_n_from_stream_fixed<1440>.1 
Execute         rtl_gen_preprocess build_trigger_objects 
Execute         rtl_gen_preprocess build_trigger_objects.2 
Execute         rtl_gen_preprocess cluster_sort_build_em_jet_stream 
Execute         rtl_gen_preprocess calo_trigger_em_jet_stream_ref 
INFO-FLOW: Model list for RTL generation: produce_em_cluster_stream produce_jet_cluster_stream select_top_n_from_stream_fixed<1440> select_top_n_from_stream_fixed<1440>.1 build_trigger_objects build_trigger_objects.2 cluster_sort_build_em_jet_stream calo_trigger_em_jet_stream_ref
INFO: [HLS 200-10] ----------------------------------------------------------------
INFO: [HLS 200-10] -- Generating RTL for module 'produce_em_cluster_stream' 
INFO: [HLS 200-10] ----------------------------------------------------------------
Execute         create_rtl_model produce_em_cluster_stream -top_prefix calo_trigger_em_jet_stream_ref_ -sub_prefix calo_trigger_em_jet_stream_ref_ -mg_file /scratch/emettner/tachep-fpga-project-26/calorimeter/solution1/.autopilot/db/produce_em_cluster_stream.compgen.tcl 
INFO: [HLS 200-1030] Apply Unified Pipeline Control on module 'produce_em_cluster_stream' pipeline 'VITIS_LOOP_328_1_VITIS_LOOP_329_2' pipeline type 'loop pipeline'
WARNING: [RTGEN 206-101] Setting dangling out port 'produce_em_cluster_stream/towers_WEN_A' to 0.
WARNING: [RTGEN 206-101] Setting dangling out port 'produce_em_cluster_stream/towers_Din_A' to 0.
INFO: [RTGEN 206-100] Finished creating RTL model for 'produce_em_cluster_stream'.
Command         create_rtl_model done; 0.2 sec.
INFO: [HLS 200-111] Finished Creating RTL model: CPU user time: 0.29 seconds. CPU system time: 0.01 seconds. Elapsed time: 0.3 seconds; current allocated memory: 479.797 MB.
Execute         source /scratch/emettner/tachep-fpga-project-26/calorimeter/solution1/.autopilot/db/calo_trigger_em_jet_stream_ref.rtl_wrap.cfg.tcl 
Execute         gen_rtl produce_em_cluster_stream -style xilinx -f -lang vhdl -o /scratch/emettner/tachep-fpga-project-26/calorimeter/solution1/syn/vhdl/calo_trigger_em_jet_stream_ref_produce_em_cluster_stream 
Execute         gen_rtl produce_em_cluster_stream -style xilinx -f -lang vlog -o /scratch/emettner/tachep-fpga-project-26/calorimeter/solution1/syn/verilog/calo_trigger_em_jet_stream_ref_produce_em_cluster_stream 
Execute         syn_report -csynth -model produce_em_cluster_stream -o /scratch/emettner/tachep-fpga-project-26/calorimeter/solution1/syn/report/produce_em_cluster_stream_csynth.rpt 
Execute           list_part -family xcvu13p-fsga2577-2-e 
Execute             ap_family_info -name xcvu13p-fsga2577-2-e -data names 
Execute             ap_part_info -quiet -name xcvu13p-fsga2577-2-e -data family 
Execute         syn_report -rtlxml -model produce_em_cluster_stream -o /scratch/emettner/tachep-fpga-project-26/calorimeter/solution1/syn/report/produce_em_cluster_stream_csynth.xml 
Execute           list_part -family xcvu13p-fsga2577-2-e 
Execute             ap_family_info -name xcvu13p-fsga2577-2-e -data names 
Execute             ap_part_info -quiet -name xcvu13p-fsga2577-2-e -data family 
Execute         syn_report -verbosereport -model produce_em_cluster_stream -o /scratch/emettner/tachep-fpga-project-26/calorimeter/solution1/.autopilot/db/produce_em_cluster_stream.verbose.rpt 
Execute           list_part -family xcvu13p-fsga2577-2-e 
Execute             ap_family_info -name xcvu13p-fsga2577-2-e -data names 
Execute             ap_part_info -quiet -name xcvu13p-fsga2577-2-e -data family 
Execute         db_write -model produce_em_cluster_stream -f -o /scratch/emettner/tachep-fpga-project-26/calorimeter/solution1/.autopilot/db/produce_em_cluster_stream.adb 
Execute         db_write -model produce_em_cluster_stream -bindview -o /scratch/emettner/tachep-fpga-project-26/calorimeter/solution1/.autopilot/db/design.bindinfo.xml 
Execute         gen_tb_info produce_em_cluster_stream -p /scratch/emettner/tachep-fpga-project-26/calorimeter/solution1/.autopilot/db -o /scratch/emettner/tachep-fpga-project-26/calorimeter/solution1/.autopilot/db/produce_em_cluster_stream 
INFO: [HLS 200-10] ----------------------------------------------------------------
INFO: [HLS 200-10] -- Generating RTL for module 'produce_jet_cluster_stream' 
INFO: [HLS 200-10] ----------------------------------------------------------------
Execute         create_rtl_model produce_jet_cluster_stream -top_prefix calo_trigger_em_jet_stream_ref_ -sub_prefix calo_trigger_em_jet_stream_ref_ -mg_file /scratch/emettner/tachep-fpga-project-26/calorimeter/solution1/.autopilot/db/produce_jet_cluster_stream.compgen.tcl 
INFO: [HLS 200-1030] Apply Unified Pipeline Control on module 'produce_jet_cluster_stream' pipeline 'VITIS_LOOP_375_1_VITIS_LOOP_376_2' pipeline type 'loop pipeline'
WARNING: [RTGEN 206-101] Setting dangling out port 'produce_jet_cluster_stream/towers_WEN_B' to 0.
WARNING: [RTGEN 206-101] Setting dangling out port 'produce_jet_cluster_stream/towers_Din_B' to 0.
INFO: [RTGEN 206-100] Finished creating RTL model for 'produce_jet_cluster_stream'.
Command         create_rtl_model done; 0.29 sec.
INFO: [HLS 200-111] Finished Creating RTL model: CPU user time: 0.69 seconds. CPU system time: 0.04 seconds. Elapsed time: 0.82 seconds; current allocated memory: 490.617 MB.
Execute         source /scratch/emettner/tachep-fpga-project-26/calorimeter/solution1/.autopilot/db/calo_trigger_em_jet_stream_ref.rtl_wrap.cfg.tcl 
Execute         gen_rtl produce_jet_cluster_stream -style xilinx -f -lang vhdl -o /scratch/emettner/tachep-fpga-project-26/calorimeter/solution1/syn/vhdl/calo_trigger_em_jet_stream_ref_produce_jet_cluster_stream 
Execute         gen_rtl produce_jet_cluster_stream -style xilinx -f -lang vlog -o /scratch/emettner/tachep-fpga-project-26/calorimeter/solution1/syn/verilog/calo_trigger_em_jet_stream_ref_produce_jet_cluster_stream 
Execute         syn_report -csynth -model produce_jet_cluster_stream -o /scratch/emettner/tachep-fpga-project-26/calorimeter/solution1/syn/report/produce_jet_cluster_stream_csynth.rpt 
Execute           list_part -family xcvu13p-fsga2577-2-e 
Execute             ap_family_info -name xcvu13p-fsga2577-2-e -data names 
Execute             ap_part_info -quiet -name xcvu13p-fsga2577-2-e -data family 
Execute         syn_report -rtlxml -model produce_jet_cluster_stream -o /scratch/emettner/tachep-fpga-project-26/calorimeter/solution1/syn/report/produce_jet_cluster_stream_csynth.xml 
Execute           list_part -family xcvu13p-fsga2577-2-e 
Execute             ap_family_info -name xcvu13p-fsga2577-2-e -data names 
Execute             ap_part_info -quiet -name xcvu13p-fsga2577-2-e -data family 
Execute         syn_report -verbosereport -model produce_jet_cluster_stream -o /scratch/emettner/tachep-fpga-project-26/calorimeter/solution1/.autopilot/db/produce_jet_cluster_stream.verbose.rpt 
Execute           list_part -family xcvu13p-fsga2577-2-e 
Execute             ap_family_info -name xcvu13p-fsga2577-2-e -data names 
Execute             ap_part_info -quiet -name xcvu13p-fsga2577-2-e -data family 
Execute         db_write -model produce_jet_cluster_stream -f -o /scratch/emettner/tachep-fpga-project-26/calorimeter/solution1/.autopilot/db/produce_jet_cluster_stream.adb 
Execute         db_write -model produce_jet_cluster_stream -bindview -o /scratch/emettner/tachep-fpga-project-26/calorimeter/solution1/.autopilot/db/design.bindinfo.xml 
Execute         gen_tb_info produce_jet_cluster_stream -p /scratch/emettner/tachep-fpga-project-26/calorimeter/solution1/.autopilot/db -o /scratch/emettner/tachep-fpga-project-26/calorimeter/solution1/.autopilot/db/produce_jet_cluster_stream 
INFO: [HLS 200-10] ----------------------------------------------------------------
INFO: [HLS 200-10] -- Generating RTL for module 'select_top_n_from_stream_fixed_1440_s' 
INFO: [HLS 200-10] ----------------------------------------------------------------
Execute         create_rtl_model select_top_n_from_stream_fixed<1440> -top_prefix calo_trigger_em_jet_stream_ref_ -sub_prefix calo_trigger_em_jet_stream_ref_ -mg_file /scratch/emettner/tachep-fpga-project-26/calorimeter/solution1/.autopilot/db/select_top_n_from_stream_fixed_1440_s.compgen.tcl 
INFO: [RTGEN 206-100] Generating core module 'sparsemux_15_3_1_1_1': 1 instance(s).
INFO: [RTGEN 206-100] Generating core module 'sparsemux_15_3_20_1_1': 2 instance(s).
INFO: [RTGEN 206-100] Generating core module 'sparsemux_15_3_4_1_1': 1 instance(s).
INFO: [RTGEN 206-100] Generating core module 'sparsemux_15_3_6_1_1': 2 instance(s).
INFO: [RTGEN 206-100] Finished creating RTL model for 'select_top_n_from_stream_fixed_1440_s'.
Command         create_rtl_model done; 5.47 sec.
INFO: [HLS 200-111] Finished Creating RTL model: CPU user time: 5.87 seconds. CPU system time: 0.09 seconds. Elapsed time: 6.08 seconds; current allocated memory: 524.230 MB.
Execute         source /scratch/emettner/tachep-fpga-project-26/calorimeter/solution1/.autopilot/db/calo_trigger_em_jet_stream_ref.rtl_wrap.cfg.tcl 
Execute         gen_rtl select_top_n_from_stream_fixed<1440> -style xilinx -f -lang vhdl -o /scratch/emettner/tachep-fpga-project-26/calorimeter/solution1/syn/vhdl/calo_trigger_em_jet_stream_ref_select_top_n_from_stream_fixed_1440_s 
Command         gen_rtl done; 0.57 sec.
Execute         gen_rtl select_top_n_from_stream_fixed<1440> -style xilinx -f -lang vlog -o /scratch/emettner/tachep-fpga-project-26/calorimeter/solution1/syn/verilog/calo_trigger_em_jet_stream_ref_select_top_n_from_stream_fixed_1440_s 
Command         gen_rtl done; 0.56 sec.
Execute         syn_report -csynth -model select_top_n_from_stream_fixed<1440> -o /scratch/emettner/tachep-fpga-project-26/calorimeter/solution1/syn/report/select_top_n_from_stream_fixed_1440_s_csynth.rpt 
Execute           list_part -family xcvu13p-fsga2577-2-e 
Execute             ap_family_info -name xcvu13p-fsga2577-2-e -data names 
Execute             ap_part_info -quiet -name xcvu13p-fsga2577-2-e -data family 
Execute         syn_report -rtlxml -model select_top_n_from_stream_fixed<1440> -o /scratch/emettner/tachep-fpga-project-26/calorimeter/solution1/syn/report/select_top_n_from_stream_fixed_1440_s_csynth.xml 
Execute           list_part -family xcvu13p-fsga2577-2-e 
Execute             ap_family_info -name xcvu13p-fsga2577-2-e -data names 
Execute             ap_part_info -quiet -name xcvu13p-fsga2577-2-e -data family 
Execute         syn_report -verbosereport -model select_top_n_from_stream_fixed<1440> -o /scratch/emettner/tachep-fpga-project-26/calorimeter/solution1/.autopilot/db/select_top_n_from_stream_fixed_1440_s.verbose.rpt 
Execute           list_part -family xcvu13p-fsga2577-2-e 
Execute             ap_family_info -name xcvu13p-fsga2577-2-e -data names 
Execute             ap_part_info -quiet -name xcvu13p-fsga2577-2-e -data family 
Command         syn_report done; 0.15 sec.
Execute         db_write -model select_top_n_from_stream_fixed<1440> -f -o /scratch/emettner/tachep-fpga-project-26/calorimeter/solution1/.autopilot/db/select_top_n_from_stream_fixed_1440_s.adb 
Command         db_write done; 0.24 sec.
Execute         db_write -model select_top_n_from_stream_fixed<1440> -bindview -o /scratch/emettner/tachep-fpga-project-26/calorimeter/solution1/.autopilot/db/design.bindinfo.xml 
Execute         gen_tb_info select_top_n_from_stream_fixed<1440> -p /scratch/emettner/tachep-fpga-project-26/calorimeter/solution1/.autopilot/db -o /scratch/emettner/tachep-fpga-project-26/calorimeter/solution1/.autopilot/db/select_top_n_from_stream_fixed_1440_s 
INFO: [HLS 200-10] ----------------------------------------------------------------
INFO: [HLS 200-10] -- Generating RTL for module 'select_top_n_from_stream_fixed_1440_1' 
INFO: [HLS 200-10] ----------------------------------------------------------------
Execute         create_rtl_model select_top_n_from_stream_fixed<1440>.1 -top_prefix calo_trigger_em_jet_stream_ref_ -sub_prefix calo_trigger_em_jet_stream_ref_ -mg_file /scratch/emettner/tachep-fpga-project-26/calorimeter/solution1/.autopilot/db/select_top_n_from_stream_fixed_1440_1.compgen.tcl 
INFO: [RTGEN 206-100] Generating core module 'sparsemux_15_3_1_1_1': 1 instance(s).
INFO: [RTGEN 206-100] Generating core module 'sparsemux_15_3_20_1_1': 2 instance(s).
INFO: [RTGEN 206-100] Generating core module 'sparsemux_15_3_4_1_1': 1 instance(s).
INFO: [RTGEN 206-100] Generating core module 'sparsemux_15_3_6_1_1': 2 instance(s).
INFO: [RTGEN 206-100] Finished creating RTL model for 'select_top_n_from_stream_fixed_1440_1'.
Command         create_rtl_model done; 5.59 sec.
INFO: [HLS 200-111] Finished Creating RTL model: CPU user time: 7.35 seconds. CPU system time: 0.17 seconds. Elapsed time: 7.81 seconds; current allocated memory: 562.379 MB.
Execute         source /scratch/emettner/tachep-fpga-project-26/calorimeter/solution1/.autopilot/db/calo_trigger_em_jet_stream_ref.rtl_wrap.cfg.tcl 
Execute         gen_rtl select_top_n_from_stream_fixed<1440>.1 -style xilinx -f -lang vhdl -o /scratch/emettner/tachep-fpga-project-26/calorimeter/solution1/syn/vhdl/calo_trigger_em_jet_stream_ref_select_top_n_from_stream_fixed_1440_1 
Command         gen_rtl done; 0.56 sec.
Execute         gen_rtl select_top_n_from_stream_fixed<1440>.1 -style xilinx -f -lang vlog -o /scratch/emettner/tachep-fpga-project-26/calorimeter/solution1/syn/verilog/calo_trigger_em_jet_stream_ref_select_top_n_from_stream_fixed_1440_1 
Command         gen_rtl done; 0.56 sec.
Execute         syn_report -csynth -model select_top_n_from_stream_fixed<1440>.1 -o /scratch/emettner/tachep-fpga-project-26/calorimeter/solution1/syn/report/select_top_n_from_stream_fixed_1440_1_csynth.rpt 
Execute           list_part -family xcvu13p-fsga2577-2-e 
Execute             ap_family_info -name xcvu13p-fsga2577-2-e -data names 
Execute             ap_part_info -quiet -name xcvu13p-fsga2577-2-e -data family 
Execute         syn_report -rtlxml -model select_top_n_from_stream_fixed<1440>.1 -o /scratch/emettner/tachep-fpga-project-26/calorimeter/solution1/syn/report/select_top_n_from_stream_fixed_1440_1_csynth.xml 
Execute           list_part -family xcvu13p-fsga2577-2-e 
Execute             ap_family_info -name xcvu13p-fsga2577-2-e -data names 
Execute             ap_part_info -quiet -name xcvu13p-fsga2577-2-e -data family 
Execute         syn_report -verbosereport -model select_top_n_from_stream_fixed<1440>.1 -o /scratch/emettner/tachep-fpga-project-26/calorimeter/solution1/.autopilot/db/select_top_n_from_stream_fixed_1440_1.verbose.rpt 
Execute           list_part -family xcvu13p-fsga2577-2-e 
Execute             ap_family_info -name xcvu13p-fsga2577-2-e -data names 
Execute             ap_part_info -quiet -name xcvu13p-fsga2577-2-e -data family 
Command         syn_report done; 0.15 sec.
Execute         db_write -model select_top_n_from_stream_fixed<1440>.1 -f -o /scratch/emettner/tachep-fpga-project-26/calorimeter/solution1/.autopilot/db/select_top_n_from_stream_fixed_1440_1.adb 
Command         db_write done; 0.24 sec.
Execute         db_write -model select_top_n_from_stream_fixed<1440>.1 -bindview -o /scratch/emettner/tachep-fpga-project-26/calorimeter/solution1/.autopilot/db/design.bindinfo.xml 
Execute         gen_tb_info select_top_n_from_stream_fixed<1440>.1 -p /scratch/emettner/tachep-fpga-project-26/calorimeter/solution1/.autopilot/db -o /scratch/emettner/tachep-fpga-project-26/calorimeter/solution1/.autopilot/db/select_top_n_from_stream_fixed_1440_1 
INFO: [HLS 200-10] ----------------------------------------------------------------
INFO: [HLS 200-10] -- Generating RTL for module 'build_trigger_objects' 
INFO: [HLS 200-10] ----------------------------------------------------------------
Execute         create_rtl_model build_trigger_objects -top_prefix calo_trigger_em_jet_stream_ref_ -sub_prefix calo_trigger_em_jet_stream_ref_ -mg_file /scratch/emettner/tachep-fpga-project-26/calorimeter/solution1/.autopilot/db/build_trigger_objects.compgen.tcl 
INFO: [RTGEN 206-100] Finished creating RTL model for 'build_trigger_objects'.
INFO: [HLS 200-111] Finished Creating RTL model: CPU user time: 2.02 seconds. CPU system time: 0.12 seconds. Elapsed time: 2.27 seconds; current allocated memory: 584.160 MB.
Execute         source /scratch/emettner/tachep-fpga-project-26/calorimeter/solution1/.autopilot/db/calo_trigger_em_jet_stream_ref.rtl_wrap.cfg.tcl 
Execute         gen_rtl build_trigger_objects -style xilinx -f -lang vhdl -o /scratch/emettner/tachep-fpga-project-26/calorimeter/solution1/syn/vhdl/calo_trigger_em_jet_stream_ref_build_trigger_objects 
Execute         gen_rtl build_trigger_objects -style xilinx -f -lang vlog -o /scratch/emettner/tachep-fpga-project-26/calorimeter/solution1/syn/verilog/calo_trigger_em_jet_stream_ref_build_trigger_objects 
Execute         syn_report -csynth -model build_trigger_objects -o /scratch/emettner/tachep-fpga-project-26/calorimeter/solution1/syn/report/build_trigger_objects_csynth.rpt 
Execute           list_part -family xcvu13p-fsga2577-2-e 
Execute             ap_family_info -name xcvu13p-fsga2577-2-e -data names 
Execute             ap_part_info -quiet -name xcvu13p-fsga2577-2-e -data family 
Execute         syn_report -rtlxml -model build_trigger_objects -o /scratch/emettner/tachep-fpga-project-26/calorimeter/solution1/syn/report/build_trigger_objects_csynth.xml 
Execute           list_part -family xcvu13p-fsga2577-2-e 
Execute             ap_family_info -name xcvu13p-fsga2577-2-e -data names 
Execute             ap_part_info -quiet -name xcvu13p-fsga2577-2-e -data family 
Execute         syn_report -verbosereport -model build_trigger_objects -o /scratch/emettner/tachep-fpga-project-26/calorimeter/solution1/.autopilot/db/build_trigger_objects.verbose.rpt 
Execute           list_part -family xcvu13p-fsga2577-2-e 
Execute             ap_family_info -name xcvu13p-fsga2577-2-e -data names 
Execute             ap_part_info -quiet -name xcvu13p-fsga2577-2-e -data family 
Execute         db_write -model build_trigger_objects -f -o /scratch/emettner/tachep-fpga-project-26/calorimeter/solution1/.autopilot/db/build_trigger_objects.adb 
Execute         db_write -model build_trigger_objects -bindview -o /scratch/emettner/tachep-fpga-project-26/calorimeter/solution1/.autopilot/db/design.bindinfo.xml 
Execute         gen_tb_info build_trigger_objects -p /scratch/emettner/tachep-fpga-project-26/calorimeter/solution1/.autopilot/db -o /scratch/emettner/tachep-fpga-project-26/calorimeter/solution1/.autopilot/db/build_trigger_objects 
INFO: [HLS 200-10] ----------------------------------------------------------------
INFO: [HLS 200-10] -- Generating RTL for module 'build_trigger_objects_2' 
INFO: [HLS 200-10] ----------------------------------------------------------------
Execute         create_rtl_model build_trigger_objects.2 -top_prefix calo_trigger_em_jet_stream_ref_ -sub_prefix calo_trigger_em_jet_stream_ref_ -mg_file /scratch/emettner/tachep-fpga-project-26/calorimeter/solution1/.autopilot/db/build_trigger_objects_2.compgen.tcl 
INFO: [RTGEN 206-100] Finished creating RTL model for 'build_trigger_objects_2'.
INFO: [HLS 200-111] Finished Creating RTL model: CPU user time: 0.18 seconds. CPU system time: 0.02 seconds. Elapsed time: 0.2 seconds; current allocated memory: 584.160 MB.
Execute         source /scratch/emettner/tachep-fpga-project-26/calorimeter/solution1/.autopilot/db/calo_trigger_em_jet_stream_ref.rtl_wrap.cfg.tcl 
Execute         gen_rtl build_trigger_objects.2 -style xilinx -f -lang vhdl -o /scratch/emettner/tachep-fpga-project-26/calorimeter/solution1/syn/vhdl/calo_trigger_em_jet_stream_ref_build_trigger_objects_2 
Execute         gen_rtl build_trigger_objects.2 -style xilinx -f -lang vlog -o /scratch/emettner/tachep-fpga-project-26/calorimeter/solution1/syn/verilog/calo_trigger_em_jet_stream_ref_build_trigger_objects_2 
Execute         syn_report -csynth -model build_trigger_objects.2 -o /scratch/emettner/tachep-fpga-project-26/calorimeter/solution1/syn/report/build_trigger_objects_2_csynth.rpt 
Execute           list_part -family xcvu13p-fsga2577-2-e 
Execute             ap_family_info -name xcvu13p-fsga2577-2-e -data names 
Execute             ap_part_info -quiet -name xcvu13p-fsga2577-2-e -data family 
Execute         syn_report -rtlxml -model build_trigger_objects.2 -o /scratch/emettner/tachep-fpga-project-26/calorimeter/solution1/syn/report/build_trigger_objects_2_csynth.xml 
Execute           list_part -family xcvu13p-fsga2577-2-e 
Execute             ap_family_info -name xcvu13p-fsga2577-2-e -data names 
Execute             ap_part_info -quiet -name xcvu13p-fsga2577-2-e -data family 
Execute         syn_report -verbosereport -model build_trigger_objects.2 -o /scratch/emettner/tachep-fpga-project-26/calorimeter/solution1/.autopilot/db/build_trigger_objects_2.verbose.rpt 
Execute           list_part -family xcvu13p-fsga2577-2-e 
Execute             ap_family_info -name xcvu13p-fsga2577-2-e -data names 
Execute             ap_part_info -quiet -name xcvu13p-fsga2577-2-e -data family 
Execute         db_write -model build_trigger_objects.2 -f -o /scratch/emettner/tachep-fpga-project-26/calorimeter/solution1/.autopilot/db/build_trigger_objects_2.adb 
Execute         db_write -model build_trigger_objects.2 -bindview -o /scratch/emettner/tachep-fpga-project-26/calorimeter/solution1/.autopilot/db/design.bindinfo.xml 
Execute         gen_tb_info build_trigger_objects.2 -p /scratch/emettner/tachep-fpga-project-26/calorimeter/solution1/.autopilot/db -o /scratch/emettner/tachep-fpga-project-26/calorimeter/solution1/.autopilot/db/build_trigger_objects_2 
INFO: [HLS 200-10] ----------------------------------------------------------------
INFO: [HLS 200-10] -- Generating RTL for module 'cluster_sort_build_em_jet_stream' 
INFO: [HLS 200-10] ----------------------------------------------------------------
Execute         create_rtl_model cluster_sort_build_em_jet_stream -top_prefix calo_trigger_em_jet_stream_ref_ -sub_prefix calo_trigger_em_jet_stream_ref_ -mg_file /scratch/emettner/tachep-fpga-project-26/calorimeter/solution1/.autopilot/db/cluster_sort_build_em_jet_stream.compgen.tcl 
WARNING: [HLS 200-656] Deadlocks can occur since process produce_em_cluster_stream is instantiated in a dataflow region with ap_ctrl_none or without start propagation and contains an auto-rewind pipeline.
WARNING: [HLS 200-656] Deadlocks can occur since process produce_jet_cluster_stream is instantiated in a dataflow region with ap_ctrl_none or without start propagation and contains an auto-rewind pipeline.
INFO: [RTGEN 206-100] Finished creating RTL model for 'cluster_sort_build_em_jet_stream'.
INFO: [RTMG 210-285] Implementing FIFO 'em_cluster_stream_U(calo_trigger_em_jet_stream_ref_fifo_w61_d64_A)' using Vivado Default RAMs.
INFO: [RTMG 210-285] Implementing FIFO 'jet_cluster_stream_U(calo_trigger_em_jet_stream_ref_fifo_w61_d64_A)' using Vivado Default RAMs.
INFO: [RTMG 210-285] Implementing FIFO 'em_top_clusters_et_U(calo_trigger_em_jet_stream_ref_fifo_w20_d2_S)' using Shift Registers.
INFO: [RTMG 210-285] Implementing FIFO 'em_top_clusters_et_1_U(calo_trigger_em_jet_stream_ref_fifo_w20_d2_S)' using Shift Registers.
INFO: [RTMG 210-285] Implementing FIFO 'em_top_clusters_et_2_U(calo_trigger_em_jet_stream_ref_fifo_w20_d2_S)' using Shift Registers.
INFO: [RTMG 210-285] Implementing FIFO 'em_top_clusters_et_3_U(calo_trigger_em_jet_stream_ref_fifo_w20_d2_S)' using Shift Registers.
INFO: [RTMG 210-285] Implementing FIFO 'em_top_clusters_et_4_U(calo_trigger_em_jet_stream_ref_fifo_w20_d2_S)' using Shift Registers.
INFO: [RTMG 210-285] Implementing FIFO 'em_top_clusters_et_5_U(calo_trigger_em_jet_stream_ref_fifo_w20_d2_S)' using Shift Registers.
INFO: [RTMG 210-285] Implementing FIFO 'em_top_clusters_et_6_U(calo_trigger_em_jet_stream_ref_fifo_w20_d2_S)' using Shift Registers.
INFO: [RTMG 210-285] Implementing FIFO 'em_top_clusters_et_7_U(calo_trigger_em_jet_stream_ref_fifo_w20_d2_S)' using Shift Registers.
INFO: [RTMG 210-285] Implementing FIFO 'em_top_clusters_isolation_et_U(calo_trigger_em_jet_stream_ref_fifo_w20_d2_S)' using Shift Registers.
INFO: [RTMG 210-285] Implementing FIFO 'em_top_clusters_isolation_et_1_U(calo_trigger_em_jet_stream_ref_fifo_w20_d2_S)' using Shift Registers.
INFO: [RTMG 210-285] Implementing FIFO 'em_top_clusters_isolation_et_2_U(calo_trigger_em_jet_stream_ref_fifo_w20_d2_S)' using Shift Registers.
INFO: [RTMG 210-285] Implementing FIFO 'em_top_clusters_isolation_et_3_U(calo_trigger_em_jet_stream_ref_fifo_w20_d2_S)' using Shift Registers.
INFO: [RTMG 210-285] Implementing FIFO 'em_top_clusters_isolation_et_4_U(calo_trigger_em_jet_stream_ref_fifo_w20_d2_S)' using Shift Registers.
INFO: [RTMG 210-285] Implementing FIFO 'em_top_clusters_isolation_et_5_U(calo_trigger_em_jet_stream_ref_fifo_w20_d2_S)' using Shift Registers.
INFO: [RTMG 210-285] Implementing FIFO 'em_top_clusters_isolation_et_6_U(calo_trigger_em_jet_stream_ref_fifo_w20_d2_S)' using Shift Registers.
INFO: [RTMG 210-285] Implementing FIFO 'em_top_clusters_isolation_et_7_U(calo_trigger_em_jet_stream_ref_fifo_w20_d2_S)' using Shift Registers.
INFO: [RTMG 210-285] Implementing FIFO 'em_top_clusters_eta_U(calo_trigger_em_jet_stream_ref_fifo_w6_d2_S)' using Shift Registers.
INFO: [RTMG 210-285] Implementing FIFO 'em_top_clusters_eta_1_U(calo_trigger_em_jet_stream_ref_fifo_w6_d2_S)' using Shift Registers.
INFO: [RTMG 210-285] Implementing FIFO 'em_top_clusters_eta_2_U(calo_trigger_em_jet_stream_ref_fifo_w6_d2_S)' using Shift Registers.
INFO: [RTMG 210-285] Implementing FIFO 'em_top_clusters_eta_3_U(calo_trigger_em_jet_stream_ref_fifo_w6_d2_S)' using Shift Registers.
INFO: [RTMG 210-285] Implementing FIFO 'em_top_clusters_eta_4_U(calo_trigger_em_jet_stream_ref_fifo_w6_d2_S)' using Shift Registers.
INFO: [RTMG 210-285] Implementing FIFO 'em_top_clusters_eta_5_U(calo_trigger_em_jet_stream_ref_fifo_w6_d2_S)' using Shift Registers.
INFO: [RTMG 210-285] Implementing FIFO 'em_top_clusters_eta_6_U(calo_trigger_em_jet_stream_ref_fifo_w6_d2_S)' using Shift Registers.
INFO: [RTMG 210-285] Implementing FIFO 'em_top_clusters_eta_7_U(calo_trigger_em_jet_stream_ref_fifo_w6_d2_S)' using Shift Registers.
INFO: [RTMG 210-285] Implementing FIFO 'em_top_clusters_phi_U(calo_trigger_em_jet_stream_ref_fifo_w6_d2_S)' using Shift Registers.
INFO: [RTMG 210-285] Implementing FIFO 'em_top_clusters_phi_1_U(calo_trigger_em_jet_stream_ref_fifo_w6_d2_S)' using Shift Registers.
INFO: [RTMG 210-285] Implementing FIFO 'em_top_clusters_phi_2_U(calo_trigger_em_jet_stream_ref_fifo_w6_d2_S)' using Shift Registers.
INFO: [RTMG 210-285] Implementing FIFO 'em_top_clusters_phi_3_U(calo_trigger_em_jet_stream_ref_fifo_w6_d2_S)' using Shift Registers.
INFO: [RTMG 210-285] Implementing FIFO 'em_top_clusters_phi_4_U(calo_trigger_em_jet_stream_ref_fifo_w6_d2_S)' using Shift Registers.
INFO: [RTMG 210-285] Implementing FIFO 'em_top_clusters_phi_5_U(calo_trigger_em_jet_stream_ref_fifo_w6_d2_S)' using Shift Registers.
INFO: [RTMG 210-285] Implementing FIFO 'em_top_clusters_phi_6_U(calo_trigger_em_jet_stream_ref_fifo_w6_d2_S)' using Shift Registers.
INFO: [RTMG 210-285] Implementing FIFO 'em_top_clusters_phi_7_U(calo_trigger_em_jet_stream_ref_fifo_w6_d2_S)' using Shift Registers.
INFO: [RTMG 210-285] Implementing FIFO 'em_top_clusters_window_size_U(calo_trigger_em_jet_stream_ref_fifo_w4_d2_S)' using Shift Registers.
INFO: [RTMG 210-285] Implementing FIFO 'em_top_clusters_window_size_1_U(calo_trigger_em_jet_stream_ref_fifo_w4_d2_S)' using Shift Registers.
INFO: [RTMG 210-285] Implementing FIFO 'em_top_clusters_window_size_2_U(calo_trigger_em_jet_stream_ref_fifo_w4_d2_S)' using Shift Registers.
INFO: [RTMG 210-285] Implementing FIFO 'em_top_clusters_window_size_3_U(calo_trigger_em_jet_stream_ref_fifo_w4_d2_S)' using Shift Registers.
INFO: [RTMG 210-285] Implementing FIFO 'em_top_clusters_window_size_4_U(calo_trigger_em_jet_stream_ref_fifo_w4_d2_S)' using Shift Registers.
INFO: [RTMG 210-285] Implementing FIFO 'em_top_clusters_window_size_5_U(calo_trigger_em_jet_stream_ref_fifo_w4_d2_S)' using Shift Registers.
INFO: [RTMG 210-285] Implementing FIFO 'em_top_clusters_window_size_6_U(calo_trigger_em_jet_stream_ref_fifo_w4_d2_S)' using Shift Registers.
INFO: [RTMG 210-285] Implementing FIFO 'em_top_clusters_window_size_7_U(calo_trigger_em_jet_stream_ref_fifo_w4_d2_S)' using Shift Registers.
INFO: [RTMG 210-285] Implementing FIFO 'em_top_clusters_valid_U(calo_trigger_em_jet_stream_ref_fifo_w1_d2_S)' using Shift Registers.
INFO: [RTMG 210-285] Implementing FIFO 'em_top_clusters_valid_1_U(calo_trigger_em_jet_stream_ref_fifo_w1_d2_S)' using Shift Registers.
INFO: [RTMG 210-285] Implementing FIFO 'em_top_clusters_valid_2_U(calo_trigger_em_jet_stream_ref_fifo_w1_d2_S)' using Shift Registers.
INFO: [RTMG 210-285] Implementing FIFO 'em_top_clusters_valid_3_U(calo_trigger_em_jet_stream_ref_fifo_w1_d2_S)' using Shift Registers.
INFO: [RTMG 210-285] Implementing FIFO 'em_top_clusters_valid_4_U(calo_trigger_em_jet_stream_ref_fifo_w1_d2_S)' using Shift Registers.
INFO: [RTMG 210-285] Implementing FIFO 'em_top_clusters_valid_5_U(calo_trigger_em_jet_stream_ref_fifo_w1_d2_S)' using Shift Registers.
INFO: [RTMG 210-285] Implementing FIFO 'em_top_clusters_valid_6_U(calo_trigger_em_jet_stream_ref_fifo_w1_d2_S)' using Shift Registers.
INFO: [RTMG 210-285] Implementing FIFO 'em_top_clusters_valid_7_U(calo_trigger_em_jet_stream_ref_fifo_w1_d2_S)' using Shift Registers.
INFO: [RTMG 210-285] Implementing FIFO 'jet_top_clusters_et_U(calo_trigger_em_jet_stream_ref_fifo_w20_d2_S)' using Shift Registers.
INFO: [RTMG 210-285] Implementing FIFO 'jet_top_clusters_et_1_U(calo_trigger_em_jet_stream_ref_fifo_w20_d2_S)' using Shift Registers.
INFO: [RTMG 210-285] Implementing FIFO 'jet_top_clusters_et_2_U(calo_trigger_em_jet_stream_ref_fifo_w20_d2_S)' using Shift Registers.
INFO: [RTMG 210-285] Implementing FIFO 'jet_top_clusters_et_3_U(calo_trigger_em_jet_stream_ref_fifo_w20_d2_S)' using Shift Registers.
INFO: [RTMG 210-285] Implementing FIFO 'jet_top_clusters_et_4_U(calo_trigger_em_jet_stream_ref_fifo_w20_d2_S)' using Shift Registers.
INFO: [RTMG 210-285] Implementing FIFO 'jet_top_clusters_et_5_U(calo_trigger_em_jet_stream_ref_fifo_w20_d2_S)' using Shift Registers.
INFO: [RTMG 210-285] Implementing FIFO 'jet_top_clusters_et_6_U(calo_trigger_em_jet_stream_ref_fifo_w20_d2_S)' using Shift Registers.
INFO: [RTMG 210-285] Implementing FIFO 'jet_top_clusters_et_7_U(calo_trigger_em_jet_stream_ref_fifo_w20_d2_S)' using Shift Registers.
INFO: [RTMG 210-285] Implementing FIFO 'jet_top_clusters_isolation_et_U(calo_trigger_em_jet_stream_ref_fifo_w20_d2_S)' using Shift Registers.
INFO: [RTMG 210-285] Implementing FIFO 'jet_top_clusters_isolation_et_1_U(calo_trigger_em_jet_stream_ref_fifo_w20_d2_S)' using Shift Registers.
INFO: [RTMG 210-285] Implementing FIFO 'jet_top_clusters_isolation_et_2_U(calo_trigger_em_jet_stream_ref_fifo_w20_d2_S)' using Shift Registers.
INFO: [RTMG 210-285] Implementing FIFO 'jet_top_clusters_isolation_et_3_U(calo_trigger_em_jet_stream_ref_fifo_w20_d2_S)' using Shift Registers.
INFO: [RTMG 210-285] Implementing FIFO 'jet_top_clusters_isolation_et_4_U(calo_trigger_em_jet_stream_ref_fifo_w20_d2_S)' using Shift Registers.
INFO: [RTMG 210-285] Implementing FIFO 'jet_top_clusters_isolation_et_5_U(calo_trigger_em_jet_stream_ref_fifo_w20_d2_S)' using Shift Registers.
INFO: [RTMG 210-285] Implementing FIFO 'jet_top_clusters_isolation_et_6_U(calo_trigger_em_jet_stream_ref_fifo_w20_d2_S)' using Shift Registers.
INFO: [RTMG 210-285] Implementing FIFO 'jet_top_clusters_isolation_et_7_U(calo_trigger_em_jet_stream_ref_fifo_w20_d2_S)' using Shift Registers.
INFO: [RTMG 210-285] Implementing FIFO 'jet_top_clusters_eta_U(calo_trigger_em_jet_stream_ref_fifo_w6_d2_S)' using Shift Registers.
INFO: [RTMG 210-285] Implementing FIFO 'jet_top_clusters_eta_1_U(calo_trigger_em_jet_stream_ref_fifo_w6_d2_S)' using Shift Registers.
INFO: [RTMG 210-285] Implementing FIFO 'jet_top_clusters_eta_2_U(calo_trigger_em_jet_stream_ref_fifo_w6_d2_S)' using Shift Registers.
INFO: [RTMG 210-285] Implementing FIFO 'jet_top_clusters_eta_3_U(calo_trigger_em_jet_stream_ref_fifo_w6_d2_S)' using Shift Registers.
INFO: [RTMG 210-285] Implementing FIFO 'jet_top_clusters_eta_4_U(calo_trigger_em_jet_stream_ref_fifo_w6_d2_S)' using Shift Registers.
INFO: [RTMG 210-285] Implementing FIFO 'jet_top_clusters_eta_5_U(calo_trigger_em_jet_stream_ref_fifo_w6_d2_S)' using Shift Registers.
INFO: [RTMG 210-285] Implementing FIFO 'jet_top_clusters_eta_6_U(calo_trigger_em_jet_stream_ref_fifo_w6_d2_S)' using Shift Registers.
INFO: [RTMG 210-285] Implementing FIFO 'jet_top_clusters_eta_7_U(calo_trigger_em_jet_stream_ref_fifo_w6_d2_S)' using Shift Registers.
INFO: [RTMG 210-285] Implementing FIFO 'jet_top_clusters_phi_U(calo_trigger_em_jet_stream_ref_fifo_w6_d2_S)' using Shift Registers.
INFO: [RTMG 210-285] Implementing FIFO 'jet_top_clusters_phi_1_U(calo_trigger_em_jet_stream_ref_fifo_w6_d2_S)' using Shift Registers.
INFO: [RTMG 210-285] Implementing FIFO 'jet_top_clusters_phi_2_U(calo_trigger_em_jet_stream_ref_fifo_w6_d2_S)' using Shift Registers.
INFO: [RTMG 210-285] Implementing FIFO 'jet_top_clusters_phi_3_U(calo_trigger_em_jet_stream_ref_fifo_w6_d2_S)' using Shift Registers.
INFO: [RTMG 210-285] Implementing FIFO 'jet_top_clusters_phi_4_U(calo_trigger_em_jet_stream_ref_fifo_w6_d2_S)' using Shift Registers.
INFO: [RTMG 210-285] Implementing FIFO 'jet_top_clusters_phi_5_U(calo_trigger_em_jet_stream_ref_fifo_w6_d2_S)' using Shift Registers.
INFO: [RTMG 210-285] Implementing FIFO 'jet_top_clusters_phi_6_U(calo_trigger_em_jet_stream_ref_fifo_w6_d2_S)' using Shift Registers.
INFO: [RTMG 210-285] Implementing FIFO 'jet_top_clusters_phi_7_U(calo_trigger_em_jet_stream_ref_fifo_w6_d2_S)' using Shift Registers.
INFO: [RTMG 210-285] Implementing FIFO 'jet_top_clusters_window_size_U(calo_trigger_em_jet_stream_ref_fifo_w4_d2_S)' using Shift Registers.
INFO: [RTMG 210-285] Implementing FIFO 'jet_top_clusters_window_size_1_U(calo_trigger_em_jet_stream_ref_fifo_w4_d2_S)' using Shift Registers.
INFO: [RTMG 210-285] Implementing FIFO 'jet_top_clusters_window_size_2_U(calo_trigger_em_jet_stream_ref_fifo_w4_d2_S)' using Shift Registers.
INFO: [RTMG 210-285] Implementing FIFO 'jet_top_clusters_window_size_3_U(calo_trigger_em_jet_stream_ref_fifo_w4_d2_S)' using Shift Registers.
INFO: [RTMG 210-285] Implementing FIFO 'jet_top_clusters_window_size_4_U(calo_trigger_em_jet_stream_ref_fifo_w4_d2_S)' using Shift Registers.
INFO: [RTMG 210-285] Implementing FIFO 'jet_top_clusters_window_size_5_U(calo_trigger_em_jet_stream_ref_fifo_w4_d2_S)' using Shift Registers.
INFO: [RTMG 210-285] Implementing FIFO 'jet_top_clusters_window_size_6_U(calo_trigger_em_jet_stream_ref_fifo_w4_d2_S)' using Shift Registers.
INFO: [RTMG 210-285] Implementing FIFO 'jet_top_clusters_window_size_7_U(calo_trigger_em_jet_stream_ref_fifo_w4_d2_S)' using Shift Registers.
INFO: [RTMG 210-285] Implementing FIFO 'jet_top_clusters_valid_U(calo_trigger_em_jet_stream_ref_fifo_w1_d2_S)' using Shift Registers.
INFO: [RTMG 210-285] Implementing FIFO 'jet_top_clusters_valid_1_U(calo_trigger_em_jet_stream_ref_fifo_w1_d2_S)' using Shift Registers.
INFO: [RTMG 210-285] Implementing FIFO 'jet_top_clusters_valid_2_U(calo_trigger_em_jet_stream_ref_fifo_w1_d2_S)' using Shift Registers.
INFO: [RTMG 210-285] Implementing FIFO 'jet_top_clusters_valid_3_U(calo_trigger_em_jet_stream_ref_fifo_w1_d2_S)' using Shift Registers.
INFO: [RTMG 210-285] Implementing FIFO 'jet_top_clusters_valid_4_U(calo_trigger_em_jet_stream_ref_fifo_w1_d2_S)' using Shift Registers.
INFO: [RTMG 210-285] Implementing FIFO 'jet_top_clusters_valid_5_U(calo_trigger_em_jet_stream_ref_fifo_w1_d2_S)' using Shift Registers.
INFO: [RTMG 210-285] Implementing FIFO 'jet_top_clusters_valid_6_U(calo_trigger_em_jet_stream_ref_fifo_w1_d2_S)' using Shift Registers.
INFO: [RTMG 210-285] Implementing FIFO 'jet_top_clusters_valid_7_U(calo_trigger_em_jet_stream_ref_fifo_w1_d2_S)' using Shift Registers.
INFO: [RTMG 210-285] Implementing FIFO 'start_for_select_top_n_from_stream_fixed_1440_U0_U(calo_trigger_em_jet_stream_ref_start_for_select_top_n_from_stream_fixed_1440_U0)' using Shift Registers.
INFO: [RTMG 210-285] Implementing FIFO 'start_for_select_top_n_from_stream_fixed_1440_1_U0_U(calo_trigger_em_jet_stream_ref_start_for_select_top_n_from_stream_fixed_1440_1_U0)' using Shift Registers.
Command         create_rtl_model done; 1.94 sec.
INFO: [HLS 200-111] Finished Creating RTL model: CPU user time: 1.05 seconds. CPU system time: 0.13 seconds. Elapsed time: 2.11 seconds; current allocated memory: 587.574 MB.
Execute         source /scratch/emettner/tachep-fpga-project-26/calorimeter/solution1/.autopilot/db/calo_trigger_em_jet_stream_ref.rtl_wrap.cfg.tcl 
Execute         gen_rtl cluster_sort_build_em_jet_stream -style xilinx -f -lang vhdl -o /scratch/emettner/tachep-fpga-project-26/calorimeter/solution1/syn/vhdl/calo_trigger_em_jet_stream_ref_cluster_sort_build_em_jet_stream 
Execute         gen_rtl cluster_sort_build_em_jet_stream -style xilinx -f -lang vlog -o /scratch/emettner/tachep-fpga-project-26/calorimeter/solution1/syn/verilog/calo_trigger_em_jet_stream_ref_cluster_sort_build_em_jet_stream 
Execute         syn_report -csynth -model cluster_sort_build_em_jet_stream -o /scratch/emettner/tachep-fpga-project-26/calorimeter/solution1/syn/report/cluster_sort_build_em_jet_stream_csynth.rpt 
Execute           list_part -family xcvu13p-fsga2577-2-e 
Execute             ap_family_info -name xcvu13p-fsga2577-2-e -data names 
Execute             ap_part_info -quiet -name xcvu13p-fsga2577-2-e -data family 
Execute         syn_report -rtlxml -model cluster_sort_build_em_jet_stream -o /scratch/emettner/tachep-fpga-project-26/calorimeter/solution1/syn/report/cluster_sort_build_em_jet_stream_csynth.xml 
Execute           list_part -family xcvu13p-fsga2577-2-e 
Execute             ap_family_info -name xcvu13p-fsga2577-2-e -data names 
Execute             ap_part_info -quiet -name xcvu13p-fsga2577-2-e -data family 
Execute         syn_report -verbosereport -model cluster_sort_build_em_jet_stream -o /scratch/emettner/tachep-fpga-project-26/calorimeter/solution1/.autopilot/db/cluster_sort_build_em_jet_stream.verbose.rpt 
Execute           list_part -family xcvu13p-fsga2577-2-e 
Execute             ap_family_info -name xcvu13p-fsga2577-2-e -data names 
Execute             ap_part_info -quiet -name xcvu13p-fsga2577-2-e -data family 
Execute         db_write -model cluster_sort_build_em_jet_stream -f -o /scratch/emettner/tachep-fpga-project-26/calorimeter/solution1/.autopilot/db/cluster_sort_build_em_jet_stream.adb 
Execute         db_write -model cluster_sort_build_em_jet_stream -bindview -o /scratch/emettner/tachep-fpga-project-26/calorimeter/solution1/.autopilot/db/design.bindinfo.xml 
Execute         gen_tb_info cluster_sort_build_em_jet_stream -p /scratch/emettner/tachep-fpga-project-26/calorimeter/solution1/.autopilot/db -o /scratch/emettner/tachep-fpga-project-26/calorimeter/solution1/.autopilot/db/cluster_sort_build_em_jet_stream 
INFO: [HLS 200-10] ----------------------------------------------------------------
INFO: [HLS 200-10] -- Generating RTL for module 'calo_trigger_em_jet_stream_ref' 
INFO: [HLS 200-10] ----------------------------------------------------------------
Execute         create_rtl_model calo_trigger_em_jet_stream_ref -top_prefix  -sub_prefix calo_trigger_em_jet_stream_ref_ -mg_file /scratch/emettner/tachep-fpga-project-26/calorimeter/solution1/.autopilot/db/calo_trigger_em_jet_stream_ref.compgen.tcl 
WARNING: [RTGEN 206-101] Design contains AXI ports. Reset is fixed to synchronous and active low.
INFO: [RTGEN 206-500] Setting interface mode on port 'calo_trigger_em_jet_stream_ref/towers' to 'bram'.
INFO: [RTGEN 206-500] Setting interface mode on port 'calo_trigger_em_jet_stream_ref/em_seed_threshold' to 's_axilite & ap_none'.
INFO: [RTGEN 206-500] Setting interface mode on port 'calo_trigger_em_jet_stream_ref/em_cluster_threshold' to 's_axilite & ap_none'.
INFO: [RTGEN 206-500] Setting interface mode on port 'calo_trigger_em_jet_stream_ref/jet_seed_threshold' to 's_axilite & ap_none'.
INFO: [RTGEN 206-500] Setting interface mode on port 'calo_trigger_em_jet_stream_ref/jet_cluster_threshold' to 's_axilite & ap_none'.
INFO: [RTGEN 206-500] Setting interface mode on port 'calo_trigger_em_jet_stream_ref/em_objects_0' to 'ap_vld'.
INFO: [RTGEN 206-500] Setting interface mode on port 'calo_trigger_em_jet_stream_ref/em_objects_1' to 'ap_vld'.
INFO: [RTGEN 206-500] Setting interface mode on port 'calo_trigger_em_jet_stream_ref/em_objects_2' to 'ap_vld'.
INFO: [RTGEN 206-500] Setting interface mode on port 'calo_trigger_em_jet_stream_ref/em_objects_3' to 'ap_vld'.
INFO: [RTGEN 206-500] Setting interface mode on port 'calo_trigger_em_jet_stream_ref/em_objects_4' to 'ap_vld'.
INFO: [RTGEN 206-500] Setting interface mode on port 'calo_trigger_em_jet_stream_ref/em_objects_5' to 'ap_vld'.
INFO: [RTGEN 206-500] Setting interface mode on port 'calo_trigger_em_jet_stream_ref/em_objects_6' to 'ap_vld'.
INFO: [RTGEN 206-500] Setting interface mode on port 'calo_trigger_em_jet_stream_ref/em_objects_7' to 'ap_vld'.
INFO: [RTGEN 206-500] Setting interface mode on port 'calo_trigger_em_jet_stream_ref/jet_objects_0' to 'ap_vld'.
INFO: [RTGEN 206-500] Setting interface mode on port 'calo_trigger_em_jet_stream_ref/jet_objects_1' to 'ap_vld'.
INFO: [RTGEN 206-500] Setting interface mode on port 'calo_trigger_em_jet_stream_ref/jet_objects_2' to 'ap_vld'.
INFO: [RTGEN 206-500] Setting interface mode on port 'calo_trigger_em_jet_stream_ref/jet_objects_3' to 'ap_vld'.
INFO: [RTGEN 206-500] Setting interface mode on port 'calo_trigger_em_jet_stream_ref/jet_objects_4' to 'ap_vld'.
INFO: [RTGEN 206-500] Setting interface mode on port 'calo_trigger_em_jet_stream_ref/jet_objects_5' to 'ap_vld'.
INFO: [RTGEN 206-500] Setting interface mode on port 'calo_trigger_em_jet_stream_ref/jet_objects_6' to 'ap_vld'.
INFO: [RTGEN 206-500] Setting interface mode on port 'calo_trigger_em_jet_stream_ref/jet_objects_7' to 'ap_vld'.
INFO: [RTGEN 206-500] Setting interface mode on port 'calo_trigger_em_jet_stream_ref/ht' to 's_axilite & ap_vld'.
INFO: [RTGEN 206-500] Setting interface mode on port 'calo_trigger_em_jet_stream_ref/num_em_clusters' to 's_axilite & ap_vld'.
INFO: [RTGEN 206-500] Setting interface mode on port 'calo_trigger_em_jet_stream_ref/num_jet_clusters' to 's_axilite & ap_vld'.
INFO: [RTGEN 206-500] Setting interface mode on function 'calo_trigger_em_jet_stream_ref' to 's_axilite & ap_ctrl_hs'.
INFO: [RTGEN 206-100] Bundling port 'em_seed_threshold', 'em_cluster_threshold', 'jet_seed_threshold', 'jet_cluster_threshold', 'ht', 'num_em_clusters', 'num_jet_clusters' and 'return' to AXI-Lite port CTRL.
WARNING: [RTGEN 206-101] Setting dangling out port 'calo_trigger_em_jet_stream_ref/towers_WEN_A' to 0.
WARNING: [RTGEN 206-101] Setting dangling out port 'calo_trigger_em_jet_stream_ref/towers_Din_A' to 0.
WARNING: [RTGEN 206-101] Setting dangling out port 'calo_trigger_em_jet_stream_ref/towers_WEN_B' to 0.
WARNING: [RTGEN 206-101] Setting dangling out port 'calo_trigger_em_jet_stream_ref/towers_Din_B' to 0.
INFO: [RTGEN 206-100] Finished creating RTL model for 'calo_trigger_em_jet_stream_ref'.
Command         create_rtl_model done; 0.31 sec.
INFO: [HLS 200-111] Finished Creating RTL model: CPU user time: 0.51 seconds. CPU system time: 0.05 seconds. Elapsed time: 0.71 seconds; current allocated memory: 592.547 MB.
Execute         source /scratch/emettner/tachep-fpga-project-26/calorimeter/solution1/.autopilot/db/calo_trigger_em_jet_stream_ref.rtl_wrap.cfg.tcl 
Execute         gen_rtl calo_trigger_em_jet_stream_ref -istop -style xilinx -f -lang vhdl -o /scratch/emettner/tachep-fpga-project-26/calorimeter/solution1/syn/vhdl/calo_trigger_em_jet_stream_ref 
Execute         gen_rtl calo_trigger_em_jet_stream_ref -istop -style xilinx -f -lang vlog -o /scratch/emettner/tachep-fpga-project-26/calorimeter/solution1/syn/verilog/calo_trigger_em_jet_stream_ref 
Execute         syn_report -csynth -model calo_trigger_em_jet_stream_ref -o /scratch/emettner/tachep-fpga-project-26/calorimeter/solution1/syn/report/calo_trigger_em_jet_stream_ref_csynth.rpt 
Execute           list_part -family xcvu13p-fsga2577-2-e 
Execute             ap_family_info -name xcvu13p-fsga2577-2-e -data names 
Execute             ap_part_info -quiet -name xcvu13p-fsga2577-2-e -data family 
Execute         syn_report -rtlxml -model calo_trigger_em_jet_stream_ref -o /scratch/emettner/tachep-fpga-project-26/calorimeter/solution1/syn/report/calo_trigger_em_jet_stream_ref_csynth.xml 
Execute           list_part -family xcvu13p-fsga2577-2-e 
Execute             ap_family_info -name xcvu13p-fsga2577-2-e -data names 
Execute             ap_part_info -quiet -name xcvu13p-fsga2577-2-e -data family 
Execute         syn_report -verbosereport -model calo_trigger_em_jet_stream_ref -o /scratch/emettner/tachep-fpga-project-26/calorimeter/solution1/.autopilot/db/calo_trigger_em_jet_stream_ref.verbose.rpt 
Execute           list_part -family xcvu13p-fsga2577-2-e 
Execute             ap_family_info -name xcvu13p-fsga2577-2-e -data names 
Execute             ap_part_info -quiet -name xcvu13p-fsga2577-2-e -data family 
Execute         db_write -model calo_trigger_em_jet_stream_ref -f -o /scratch/emettner/tachep-fpga-project-26/calorimeter/solution1/.autopilot/db/calo_trigger_em_jet_stream_ref.adb 
Execute         db_write -model calo_trigger_em_jet_stream_ref -bindview -o /scratch/emettner/tachep-fpga-project-26/calorimeter/solution1/.autopilot/db/design.bindinfo.xml 
Execute         gen_tb_info calo_trigger_em_jet_stream_ref -p /scratch/emettner/tachep-fpga-project-26/calorimeter/solution1/.autopilot/db -o /scratch/emettner/tachep-fpga-project-26/calorimeter/solution1/.autopilot/db/calo_trigger_em_jet_stream_ref 
Execute         export_constraint_db -f -tool general -o /scratch/emettner/tachep-fpga-project-26/calorimeter/solution1/.autopilot/db/calo_trigger_em_jet_stream_ref.constraint.tcl 
Execute         syn_report -designview -model calo_trigger_em_jet_stream_ref -o /scratch/emettner/tachep-fpga-project-26/calorimeter/solution1/.autopilot/db/calo_trigger_em_jet_stream_ref.design.xml 
Command         syn_report done; 0.16 sec.
Execute         syn_report -csynthDesign -model calo_trigger_em_jet_stream_ref -o /scratch/emettner/tachep-fpga-project-26/calorimeter/solution1/syn/report/csynth.rpt -MHOut /scratch/emettner/tachep-fpga-project-26/calorimeter/solution1/.autopilot/db/kernel_module_hierarchy.tcl 
Execute           list_part -family xcvu13p-fsga2577-2-e 
Execute             ap_family_info -name xcvu13p-fsga2577-2-e -data names 
Execute             ap_part_info -quiet -name xcvu13p-fsga2577-2-e -data family 
Execute         syn_report -wcfg -model calo_trigger_em_jet_stream_ref -o /scratch/emettner/tachep-fpga-project-26/calorimeter/solution1/.autopilot/db/calo_trigger_em_jet_stream_ref_dataflow_ana.wcfg 
Execute         syn_report -protoinst -model calo_trigger_em_jet_stream_ref -o /scratch/emettner/tachep-fpga-project-26/calorimeter/solution1/.autopilot/db/calo_trigger_em_jet_stream_ref.protoinst 
Execute         sc_get_clocks calo_trigger_em_jet_stream_ref 
Execute         sc_get_portdomain calo_trigger_em_jet_stream_ref 
INFO-FLOW: Model list for RTL component generation: produce_em_cluster_stream produce_jet_cluster_stream select_top_n_from_stream_fixed<1440> select_top_n_from_stream_fixed<1440>.1 build_trigger_objects build_trigger_objects.2 cluster_sort_build_em_jet_stream calo_trigger_em_jet_stream_ref
INFO-FLOW: Handling components in module [produce_em_cluster_stream] ... 
Execute         source /scratch/emettner/tachep-fpga-project-26/calorimeter/solution1/.autopilot/db/produce_em_cluster_stream.compgen.tcl 
INFO-FLOW: Found component calo_trigger_em_jet_stream_ref_flow_control_loop_pipe.
INFO-FLOW: Append model calo_trigger_em_jet_stream_ref_flow_control_loop_pipe
INFO-FLOW: Handling components in module [produce_jet_cluster_stream] ... 
Execute         source /scratch/emettner/tachep-fpga-project-26/calorimeter/solution1/.autopilot/db/produce_jet_cluster_stream.compgen.tcl 
INFO-FLOW: Found component calo_trigger_em_jet_stream_ref_flow_control_loop_pipe.
INFO-FLOW: Append model calo_trigger_em_jet_stream_ref_flow_control_loop_pipe
INFO-FLOW: Handling components in module [select_top_n_from_stream_fixed_1440_s] ... 
Execute         source /scratch/emettner/tachep-fpga-project-26/calorimeter/solution1/.autopilot/db/select_top_n_from_stream_fixed_1440_s.compgen.tcl 
INFO-FLOW: Found component calo_trigger_em_jet_stream_ref_sparsemux_15_3_20_1_1.
INFO-FLOW: Append model calo_trigger_em_jet_stream_ref_sparsemux_15_3_20_1_1
INFO-FLOW: Found component calo_trigger_em_jet_stream_ref_sparsemux_15_3_6_1_1.
INFO-FLOW: Append model calo_trigger_em_jet_stream_ref_sparsemux_15_3_6_1_1
INFO-FLOW: Found component calo_trigger_em_jet_stream_ref_sparsemux_15_3_4_1_1.
INFO-FLOW: Append model calo_trigger_em_jet_stream_ref_sparsemux_15_3_4_1_1
INFO-FLOW: Found component calo_trigger_em_jet_stream_ref_sparsemux_15_3_1_1_1.
INFO-FLOW: Append model calo_trigger_em_jet_stream_ref_sparsemux_15_3_1_1_1
INFO-FLOW: Handling components in module [select_top_n_from_stream_fixed_1440_1] ... 
Execute         source /scratch/emettner/tachep-fpga-project-26/calorimeter/solution1/.autopilot/db/select_top_n_from_stream_fixed_1440_1.compgen.tcl 
INFO-FLOW: Handling components in module [build_trigger_objects] ... 
Execute         source /scratch/emettner/tachep-fpga-project-26/calorimeter/solution1/.autopilot/db/build_trigger_objects.compgen.tcl 
INFO-FLOW: Handling components in module [build_trigger_objects_2] ... 
Execute         source /scratch/emettner/tachep-fpga-project-26/calorimeter/solution1/.autopilot/db/build_trigger_objects_2.compgen.tcl 
INFO-FLOW: Handling components in module [cluster_sort_build_em_jet_stream] ... 
Execute         source /scratch/emettner/tachep-fpga-project-26/calorimeter/solution1/.autopilot/db/cluster_sort_build_em_jet_stream.compgen.tcl 
INFO-FLOW: Found component calo_trigger_em_jet_stream_ref_fifo_w61_d64_A.
INFO-FLOW: Append model calo_trigger_em_jet_stream_ref_fifo_w61_d64_A
INFO-FLOW: Found component calo_trigger_em_jet_stream_ref_fifo_w61_d64_A.
INFO-FLOW: Append model calo_trigger_em_jet_stream_ref_fifo_w61_d64_A
INFO-FLOW: Found component calo_trigger_em_jet_stream_ref_fifo_w20_d2_S.
INFO-FLOW: Append model calo_trigger_em_jet_stream_ref_fifo_w20_d2_S
INFO-FLOW: Found component calo_trigger_em_jet_stream_ref_fifo_w20_d2_S.
INFO-FLOW: Append model calo_trigger_em_jet_stream_ref_fifo_w20_d2_S
INFO-FLOW: Found component calo_trigger_em_jet_stream_ref_fifo_w20_d2_S.
INFO-FLOW: Append model calo_trigger_em_jet_stream_ref_fifo_w20_d2_S
INFO-FLOW: Found component calo_trigger_em_jet_stream_ref_fifo_w20_d2_S.
INFO-FLOW: Append model calo_trigger_em_jet_stream_ref_fifo_w20_d2_S
INFO-FLOW: Found component calo_trigger_em_jet_stream_ref_fifo_w20_d2_S.
INFO-FLOW: Append model calo_trigger_em_jet_stream_ref_fifo_w20_d2_S
INFO-FLOW: Found component calo_trigger_em_jet_stream_ref_fifo_w20_d2_S.
INFO-FLOW: Append model calo_trigger_em_jet_stream_ref_fifo_w20_d2_S
INFO-FLOW: Found component calo_trigger_em_jet_stream_ref_fifo_w20_d2_S.
INFO-FLOW: Append model calo_trigger_em_jet_stream_ref_fifo_w20_d2_S
INFO-FLOW: Found component calo_trigger_em_jet_stream_ref_fifo_w20_d2_S.
INFO-FLOW: Append model calo_trigger_em_jet_stream_ref_fifo_w20_d2_S
INFO-FLOW: Found component calo_trigger_em_jet_stream_ref_fifo_w20_d2_S.
INFO-FLOW: Append model calo_trigger_em_jet_stream_ref_fifo_w20_d2_S
INFO-FLOW: Found component calo_trigger_em_jet_stream_ref_fifo_w20_d2_S.
INFO-FLOW: Append model calo_trigger_em_jet_stream_ref_fifo_w20_d2_S
INFO-FLOW: Found component calo_trigger_em_jet_stream_ref_fifo_w20_d2_S.
INFO-FLOW: Append model calo_trigger_em_jet_stream_ref_fifo_w20_d2_S
INFO-FLOW: Found component calo_trigger_em_jet_stream_ref_fifo_w20_d2_S.
INFO-FLOW: Append model calo_trigger_em_jet_stream_ref_fifo_w20_d2_S
INFO-FLOW: Found component calo_trigger_em_jet_stream_ref_fifo_w20_d2_S.
INFO-FLOW: Append model calo_trigger_em_jet_stream_ref_fifo_w20_d2_S
INFO-FLOW: Found component calo_trigger_em_jet_stream_ref_fifo_w20_d2_S.
INFO-FLOW: Append model calo_trigger_em_jet_stream_ref_fifo_w20_d2_S
INFO-FLOW: Found component calo_trigger_em_jet_stream_ref_fifo_w20_d2_S.
INFO-FLOW: Append model calo_trigger_em_jet_stream_ref_fifo_w20_d2_S
INFO-FLOW: Found component calo_trigger_em_jet_stream_ref_fifo_w20_d2_S.
INFO-FLOW: Append model calo_trigger_em_jet_stream_ref_fifo_w20_d2_S
INFO-FLOW: Found component calo_trigger_em_jet_stream_ref_fifo_w6_d2_S.
INFO-FLOW: Append model calo_trigger_em_jet_stream_ref_fifo_w6_d2_S
INFO-FLOW: Found component calo_trigger_em_jet_stream_ref_fifo_w6_d2_S.
INFO-FLOW: Append model calo_trigger_em_jet_stream_ref_fifo_w6_d2_S
INFO-FLOW: Found component calo_trigger_em_jet_stream_ref_fifo_w6_d2_S.
INFO-FLOW: Append model calo_trigger_em_jet_stream_ref_fifo_w6_d2_S
INFO-FLOW: Found component calo_trigger_em_jet_stream_ref_fifo_w6_d2_S.
INFO-FLOW: Append model calo_trigger_em_jet_stream_ref_fifo_w6_d2_S
INFO-FLOW: Found component calo_trigger_em_jet_stream_ref_fifo_w6_d2_S.
INFO-FLOW: Append model calo_trigger_em_jet_stream_ref_fifo_w6_d2_S
INFO-FLOW: Found component calo_trigger_em_jet_stream_ref_fifo_w6_d2_S.
INFO-FLOW: Append model calo_trigger_em_jet_stream_ref_fifo_w6_d2_S
INFO-FLOW: Found component calo_trigger_em_jet_stream_ref_fifo_w6_d2_S.
INFO-FLOW: Append model calo_trigger_em_jet_stream_ref_fifo_w6_d2_S
INFO-FLOW: Found component calo_trigger_em_jet_stream_ref_fifo_w6_d2_S.
INFO-FLOW: Append model calo_trigger_em_jet_stream_ref_fifo_w6_d2_S
INFO-FLOW: Found component calo_trigger_em_jet_stream_ref_fifo_w6_d2_S.
INFO-FLOW: Append model calo_trigger_em_jet_stream_ref_fifo_w6_d2_S
INFO-FLOW: Found component calo_trigger_em_jet_stream_ref_fifo_w6_d2_S.
INFO-FLOW: Append model calo_trigger_em_jet_stream_ref_fifo_w6_d2_S
INFO-FLOW: Found component calo_trigger_em_jet_stream_ref_fifo_w6_d2_S.
INFO-FLOW: Append model calo_trigger_em_jet_stream_ref_fifo_w6_d2_S
INFO-FLOW: Found component calo_trigger_em_jet_stream_ref_fifo_w6_d2_S.
INFO-FLOW: Append model calo_trigger_em_jet_stream_ref_fifo_w6_d2_S
INFO-FLOW: Found component calo_trigger_em_jet_stream_ref_fifo_w6_d2_S.
INFO-FLOW: Append model calo_trigger_em_jet_stream_ref_fifo_w6_d2_S
INFO-FLOW: Found component calo_trigger_em_jet_stream_ref_fifo_w6_d2_S.
INFO-FLOW: Append model calo_trigger_em_jet_stream_ref_fifo_w6_d2_S
INFO-FLOW: Found component calo_trigger_em_jet_stream_ref_fifo_w6_d2_S.
INFO-FLOW: Append model calo_trigger_em_jet_stream_ref_fifo_w6_d2_S
INFO-FLOW: Found component calo_trigger_em_jet_stream_ref_fifo_w6_d2_S.
INFO-FLOW: Append model calo_trigger_em_jet_stream_ref_fifo_w6_d2_S
INFO-FLOW: Found component calo_trigger_em_jet_stream_ref_fifo_w4_d2_S.
INFO-FLOW: Append model calo_trigger_em_jet_stream_ref_fifo_w4_d2_S
INFO-FLOW: Found component calo_trigger_em_jet_stream_ref_fifo_w4_d2_S.
INFO-FLOW: Append model calo_trigger_em_jet_stream_ref_fifo_w4_d2_S
INFO-FLOW: Found component calo_trigger_em_jet_stream_ref_fifo_w4_d2_S.
INFO-FLOW: Append model calo_trigger_em_jet_stream_ref_fifo_w4_d2_S
INFO-FLOW: Found component calo_trigger_em_jet_stream_ref_fifo_w4_d2_S.
INFO-FLOW: Append model calo_trigger_em_jet_stream_ref_fifo_w4_d2_S
INFO-FLOW: Found component calo_trigger_em_jet_stream_ref_fifo_w4_d2_S.
INFO-FLOW: Append model calo_trigger_em_jet_stream_ref_fifo_w4_d2_S
INFO-FLOW: Found component calo_trigger_em_jet_stream_ref_fifo_w4_d2_S.
INFO-FLOW: Append model calo_trigger_em_jet_stream_ref_fifo_w4_d2_S
INFO-FLOW: Found component calo_trigger_em_jet_stream_ref_fifo_w4_d2_S.
INFO-FLOW: Append model calo_trigger_em_jet_stream_ref_fifo_w4_d2_S
INFO-FLOW: Found component calo_trigger_em_jet_stream_ref_fifo_w4_d2_S.
INFO-FLOW: Append model calo_trigger_em_jet_stream_ref_fifo_w4_d2_S
INFO-FLOW: Found component calo_trigger_em_jet_stream_ref_fifo_w1_d2_S.
INFO-FLOW: Append model calo_trigger_em_jet_stream_ref_fifo_w1_d2_S
INFO-FLOW: Found component calo_trigger_em_jet_stream_ref_fifo_w1_d2_S.
INFO-FLOW: Append model calo_trigger_em_jet_stream_ref_fifo_w1_d2_S
INFO-FLOW: Found component calo_trigger_em_jet_stream_ref_fifo_w1_d2_S.
INFO-FLOW: Append model calo_trigger_em_jet_stream_ref_fifo_w1_d2_S
INFO-FLOW: Found component calo_trigger_em_jet_stream_ref_fifo_w1_d2_S.
INFO-FLOW: Append model calo_trigger_em_jet_stream_ref_fifo_w1_d2_S
INFO-FLOW: Found component calo_trigger_em_jet_stream_ref_fifo_w1_d2_S.
INFO-FLOW: Append model calo_trigger_em_jet_stream_ref_fifo_w1_d2_S
INFO-FLOW: Found component calo_trigger_em_jet_stream_ref_fifo_w1_d2_S.
INFO-FLOW: Append model calo_trigger_em_jet_stream_ref_fifo_w1_d2_S
INFO-FLOW: Found component calo_trigger_em_jet_stream_ref_fifo_w1_d2_S.
INFO-FLOW: Append model calo_trigger_em_jet_stream_ref_fifo_w1_d2_S
INFO-FLOW: Found component calo_trigger_em_jet_stream_ref_fifo_w1_d2_S.
INFO-FLOW: Append model calo_trigger_em_jet_stream_ref_fifo_w1_d2_S
INFO-FLOW: Found component calo_trigger_em_jet_stream_ref_fifo_w20_d2_S.
INFO-FLOW: Append model calo_trigger_em_jet_stream_ref_fifo_w20_d2_S
INFO-FLOW: Found component calo_trigger_em_jet_stream_ref_fifo_w20_d2_S.
INFO-FLOW: Append model calo_trigger_em_jet_stream_ref_fifo_w20_d2_S
INFO-FLOW: Found component calo_trigger_em_jet_stream_ref_fifo_w20_d2_S.
INFO-FLOW: Append model calo_trigger_em_jet_stream_ref_fifo_w20_d2_S
INFO-FLOW: Found component calo_trigger_em_jet_stream_ref_fifo_w20_d2_S.
INFO-FLOW: Append model calo_trigger_em_jet_stream_ref_fifo_w20_d2_S
INFO-FLOW: Found component calo_trigger_em_jet_stream_ref_fifo_w20_d2_S.
INFO-FLOW: Append model calo_trigger_em_jet_stream_ref_fifo_w20_d2_S
INFO-FLOW: Found component calo_trigger_em_jet_stream_ref_fifo_w20_d2_S.
INFO-FLOW: Append model calo_trigger_em_jet_stream_ref_fifo_w20_d2_S
INFO-FLOW: Found component calo_trigger_em_jet_stream_ref_fifo_w20_d2_S.
INFO-FLOW: Append model calo_trigger_em_jet_stream_ref_fifo_w20_d2_S
INFO-FLOW: Found component calo_trigger_em_jet_stream_ref_fifo_w20_d2_S.
INFO-FLOW: Append model calo_trigger_em_jet_stream_ref_fifo_w20_d2_S
INFO-FLOW: Found component calo_trigger_em_jet_stream_ref_fifo_w20_d2_S.
INFO-FLOW: Append model calo_trigger_em_jet_stream_ref_fifo_w20_d2_S
INFO-FLOW: Found component calo_trigger_em_jet_stream_ref_fifo_w20_d2_S.
INFO-FLOW: Append model calo_trigger_em_jet_stream_ref_fifo_w20_d2_S
INFO-FLOW: Found component calo_trigger_em_jet_stream_ref_fifo_w20_d2_S.
INFO-FLOW: Append model calo_trigger_em_jet_stream_ref_fifo_w20_d2_S
INFO-FLOW: Found component calo_trigger_em_jet_stream_ref_fifo_w20_d2_S.
INFO-FLOW: Append model calo_trigger_em_jet_stream_ref_fifo_w20_d2_S
INFO-FLOW: Found component calo_trigger_em_jet_stream_ref_fifo_w20_d2_S.
INFO-FLOW: Append model calo_trigger_em_jet_stream_ref_fifo_w20_d2_S
INFO-FLOW: Found component calo_trigger_em_jet_stream_ref_fifo_w20_d2_S.
INFO-FLOW: Append model calo_trigger_em_jet_stream_ref_fifo_w20_d2_S
INFO-FLOW: Found component calo_trigger_em_jet_stream_ref_fifo_w20_d2_S.
INFO-FLOW: Append model calo_trigger_em_jet_stream_ref_fifo_w20_d2_S
INFO-FLOW: Found component calo_trigger_em_jet_stream_ref_fifo_w20_d2_S.
INFO-FLOW: Append model calo_trigger_em_jet_stream_ref_fifo_w20_d2_S
INFO-FLOW: Found component calo_trigger_em_jet_stream_ref_fifo_w6_d2_S.
INFO-FLOW: Append model calo_trigger_em_jet_stream_ref_fifo_w6_d2_S
INFO-FLOW: Found component calo_trigger_em_jet_stream_ref_fifo_w6_d2_S.
INFO-FLOW: Append model calo_trigger_em_jet_stream_ref_fifo_w6_d2_S
INFO-FLOW: Found component calo_trigger_em_jet_stream_ref_fifo_w6_d2_S.
INFO-FLOW: Append model calo_trigger_em_jet_stream_ref_fifo_w6_d2_S
INFO-FLOW: Found component calo_trigger_em_jet_stream_ref_fifo_w6_d2_S.
INFO-FLOW: Append model calo_trigger_em_jet_stream_ref_fifo_w6_d2_S
INFO-FLOW: Found component calo_trigger_em_jet_stream_ref_fifo_w6_d2_S.
INFO-FLOW: Append model calo_trigger_em_jet_stream_ref_fifo_w6_d2_S
INFO-FLOW: Found component calo_trigger_em_jet_stream_ref_fifo_w6_d2_S.
INFO-FLOW: Append model calo_trigger_em_jet_stream_ref_fifo_w6_d2_S
INFO-FLOW: Found component calo_trigger_em_jet_stream_ref_fifo_w6_d2_S.
INFO-FLOW: Append model calo_trigger_em_jet_stream_ref_fifo_w6_d2_S
INFO-FLOW: Found component calo_trigger_em_jet_stream_ref_fifo_w6_d2_S.
INFO-FLOW: Append model calo_trigger_em_jet_stream_ref_fifo_w6_d2_S
INFO-FLOW: Found component calo_trigger_em_jet_stream_ref_fifo_w6_d2_S.
INFO-FLOW: Append model calo_trigger_em_jet_stream_ref_fifo_w6_d2_S
INFO-FLOW: Found component calo_trigger_em_jet_stream_ref_fifo_w6_d2_S.
INFO-FLOW: Append model calo_trigger_em_jet_stream_ref_fifo_w6_d2_S
INFO-FLOW: Found component calo_trigger_em_jet_stream_ref_fifo_w6_d2_S.
INFO-FLOW: Append model calo_trigger_em_jet_stream_ref_fifo_w6_d2_S
INFO-FLOW: Found component calo_trigger_em_jet_stream_ref_fifo_w6_d2_S.
INFO-FLOW: Append model calo_trigger_em_jet_stream_ref_fifo_w6_d2_S
INFO-FLOW: Found component calo_trigger_em_jet_stream_ref_fifo_w6_d2_S.
INFO-FLOW: Append model calo_trigger_em_jet_stream_ref_fifo_w6_d2_S
INFO-FLOW: Found component calo_trigger_em_jet_stream_ref_fifo_w6_d2_S.
INFO-FLOW: Append model calo_trigger_em_jet_stream_ref_fifo_w6_d2_S
INFO-FLOW: Found component calo_trigger_em_jet_stream_ref_fifo_w6_d2_S.
INFO-FLOW: Append model calo_trigger_em_jet_stream_ref_fifo_w6_d2_S
INFO-FLOW: Found component calo_trigger_em_jet_stream_ref_fifo_w6_d2_S.
INFO-FLOW: Append model calo_trigger_em_jet_stream_ref_fifo_w6_d2_S
INFO-FLOW: Found component calo_trigger_em_jet_stream_ref_fifo_w4_d2_S.
INFO-FLOW: Append model calo_trigger_em_jet_stream_ref_fifo_w4_d2_S
INFO-FLOW: Found component calo_trigger_em_jet_stream_ref_fifo_w4_d2_S.
INFO-FLOW: Append model calo_trigger_em_jet_stream_ref_fifo_w4_d2_S
INFO-FLOW: Found component calo_trigger_em_jet_stream_ref_fifo_w4_d2_S.
INFO-FLOW: Append model calo_trigger_em_jet_stream_ref_fifo_w4_d2_S
INFO-FLOW: Found component calo_trigger_em_jet_stream_ref_fifo_w4_d2_S.
INFO-FLOW: Append model calo_trigger_em_jet_stream_ref_fifo_w4_d2_S
INFO-FLOW: Found component calo_trigger_em_jet_stream_ref_fifo_w4_d2_S.
INFO-FLOW: Append model calo_trigger_em_jet_stream_ref_fifo_w4_d2_S
INFO-FLOW: Found component calo_trigger_em_jet_stream_ref_fifo_w4_d2_S.
INFO-FLOW: Append model calo_trigger_em_jet_stream_ref_fifo_w4_d2_S
INFO-FLOW: Found component calo_trigger_em_jet_stream_ref_fifo_w4_d2_S.
INFO-FLOW: Append model calo_trigger_em_jet_stream_ref_fifo_w4_d2_S
INFO-FLOW: Found component calo_trigger_em_jet_stream_ref_fifo_w4_d2_S.
INFO-FLOW: Append model calo_trigger_em_jet_stream_ref_fifo_w4_d2_S
INFO-FLOW: Found component calo_trigger_em_jet_stream_ref_fifo_w1_d2_S.
INFO-FLOW: Append model calo_trigger_em_jet_stream_ref_fifo_w1_d2_S
INFO-FLOW: Found component calo_trigger_em_jet_stream_ref_fifo_w1_d2_S.
INFO-FLOW: Append model calo_trigger_em_jet_stream_ref_fifo_w1_d2_S
INFO-FLOW: Found component calo_trigger_em_jet_stream_ref_fifo_w1_d2_S.
INFO-FLOW: Append model calo_trigger_em_jet_stream_ref_fifo_w1_d2_S
INFO-FLOW: Found component calo_trigger_em_jet_stream_ref_fifo_w1_d2_S.
INFO-FLOW: Append model calo_trigger_em_jet_stream_ref_fifo_w1_d2_S
INFO-FLOW: Found component calo_trigger_em_jet_stream_ref_fifo_w1_d2_S.
INFO-FLOW: Append model calo_trigger_em_jet_stream_ref_fifo_w1_d2_S
INFO-FLOW: Found component calo_trigger_em_jet_stream_ref_fifo_w1_d2_S.
INFO-FLOW: Append model calo_trigger_em_jet_stream_ref_fifo_w1_d2_S
INFO-FLOW: Found component calo_trigger_em_jet_stream_ref_fifo_w1_d2_S.
INFO-FLOW: Append model calo_trigger_em_jet_stream_ref_fifo_w1_d2_S
INFO-FLOW: Found component calo_trigger_em_jet_stream_ref_fifo_w1_d2_S.
INFO-FLOW: Append model calo_trigger_em_jet_stream_ref_fifo_w1_d2_S
INFO-FLOW: Found component calo_trigger_em_jet_stream_ref_start_for_select_top_n_from_stream_fixed_1440_U0.
INFO-FLOW: Append model calo_trigger_em_jet_stream_ref_start_for_select_top_n_from_stream_fixed_1440_U0
INFO-FLOW: Found component calo_trigger_em_jet_stream_ref_start_for_select_top_n_from_stream_fixed_1440_1_U0.
INFO-FLOW: Append model calo_trigger_em_jet_stream_ref_start_for_select_top_n_from_stream_fixed_1440_1_U0
INFO-FLOW: Handling components in module [calo_trigger_em_jet_stream_ref] ... 
Execute         source /scratch/emettner/tachep-fpga-project-26/calorimeter/solution1/.autopilot/db/calo_trigger_em_jet_stream_ref.compgen.tcl 
INFO-FLOW: Found component calo_trigger_em_jet_stream_ref_CTRL_s_axi.
INFO-FLOW: Append model calo_trigger_em_jet_stream_ref_CTRL_s_axi
INFO-FLOW: Append model produce_em_cluster_stream
INFO-FLOW: Append model produce_jet_cluster_stream
INFO-FLOW: Append model select_top_n_from_stream_fixed_1440_s
INFO-FLOW: Append model select_top_n_from_stream_fixed_1440_1
INFO-FLOW: Append model build_trigger_objects
INFO-FLOW: Append model build_trigger_objects_2
INFO-FLOW: Append model cluster_sort_build_em_jet_stream
INFO-FLOW: Append model calo_trigger_em_jet_stream_ref
INFO-FLOW: Generating RTL model list ...
INFO-FLOW: All models in this session: calo_trigger_em_jet_stream_ref_flow_control_loop_pipe calo_trigger_em_jet_stream_ref_flow_control_loop_pipe calo_trigger_em_jet_stream_ref_sparsemux_15_3_20_1_1 calo_trigger_em_jet_stream_ref_sparsemux_15_3_6_1_1 calo_trigger_em_jet_stream_ref_sparsemux_15_3_4_1_1 calo_trigger_em_jet_stream_ref_sparsemux_15_3_1_1_1 calo_trigger_em_jet_stream_ref_fifo_w61_d64_A calo_trigger_em_jet_stream_ref_fifo_w61_d64_A calo_trigger_em_jet_stream_ref_fifo_w20_d2_S calo_trigger_em_jet_stream_ref_fifo_w20_d2_S calo_trigger_em_jet_stream_ref_fifo_w20_d2_S calo_trigger_em_jet_stream_ref_fifo_w20_d2_S calo_trigger_em_jet_stream_ref_fifo_w20_d2_S calo_trigger_em_jet_stream_ref_fifo_w20_d2_S calo_trigger_em_jet_stream_ref_fifo_w20_d2_S calo_trigger_em_jet_stream_ref_fifo_w20_d2_S calo_trigger_em_jet_stream_ref_fifo_w20_d2_S calo_trigger_em_jet_stream_ref_fifo_w20_d2_S calo_trigger_em_jet_stream_ref_fifo_w20_d2_S calo_trigger_em_jet_stream_ref_fifo_w20_d2_S calo_trigger_em_jet_stream_ref_fifo_w20_d2_S calo_trigger_em_jet_stream_ref_fifo_w20_d2_S calo_trigger_em_jet_stream_ref_fifo_w20_d2_S calo_trigger_em_jet_stream_ref_fifo_w20_d2_S calo_trigger_em_jet_stream_ref_fifo_w6_d2_S calo_trigger_em_jet_stream_ref_fifo_w6_d2_S calo_trigger_em_jet_stream_ref_fifo_w6_d2_S calo_trigger_em_jet_stream_ref_fifo_w6_d2_S calo_trigger_em_jet_stream_ref_fifo_w6_d2_S calo_trigger_em_jet_stream_ref_fifo_w6_d2_S calo_trigger_em_jet_stream_ref_fifo_w6_d2_S calo_trigger_em_jet_stream_ref_fifo_w6_d2_S calo_trigger_em_jet_stream_ref_fifo_w6_d2_S calo_trigger_em_jet_stream_ref_fifo_w6_d2_S calo_trigger_em_jet_stream_ref_fifo_w6_d2_S calo_trigger_em_jet_stream_ref_fifo_w6_d2_S calo_trigger_em_jet_stream_ref_fifo_w6_d2_S calo_trigger_em_jet_stream_ref_fifo_w6_d2_S calo_trigger_em_jet_stream_ref_fifo_w6_d2_S calo_trigger_em_jet_stream_ref_fifo_w6_d2_S calo_trigger_em_jet_stream_ref_fifo_w4_d2_S calo_trigger_em_jet_stream_ref_fifo_w4_d2_S calo_trigger_em_jet_stream_ref_fifo_w4_d2_S calo_trigger_em_jet_stream_ref_fifo_w4_d2_S calo_trigger_em_jet_stream_ref_fifo_w4_d2_S calo_trigger_em_jet_stream_ref_fifo_w4_d2_S calo_trigger_em_jet_stream_ref_fifo_w4_d2_S calo_trigger_em_jet_stream_ref_fifo_w4_d2_S calo_trigger_em_jet_stream_ref_fifo_w1_d2_S calo_trigger_em_jet_stream_ref_fifo_w1_d2_S calo_trigger_em_jet_stream_ref_fifo_w1_d2_S calo_trigger_em_jet_stream_ref_fifo_w1_d2_S calo_trigger_em_jet_stream_ref_fifo_w1_d2_S calo_trigger_em_jet_stream_ref_fifo_w1_d2_S calo_trigger_em_jet_stream_ref_fifo_w1_d2_S calo_trigger_em_jet_stream_ref_fifo_w1_d2_S calo_trigger_em_jet_stream_ref_fifo_w20_d2_S calo_trigger_em_jet_stream_ref_fifo_w20_d2_S calo_trigger_em_jet_stream_ref_fifo_w20_d2_S calo_trigger_em_jet_stream_ref_fifo_w20_d2_S calo_trigger_em_jet_stream_ref_fifo_w20_d2_S calo_trigger_em_jet_stream_ref_fifo_w20_d2_S calo_trigger_em_jet_stream_ref_fifo_w20_d2_S calo_trigger_em_jet_stream_ref_fifo_w20_d2_S calo_trigger_em_jet_stream_ref_fifo_w20_d2_S calo_trigger_em_jet_stream_ref_fifo_w20_d2_S calo_trigger_em_jet_stream_ref_fifo_w20_d2_S calo_trigger_em_jet_stream_ref_fifo_w20_d2_S calo_trigger_em_jet_stream_ref_fifo_w20_d2_S calo_trigger_em_jet_stream_ref_fifo_w20_d2_S calo_trigger_em_jet_stream_ref_fifo_w20_d2_S calo_trigger_em_jet_stream_ref_fifo_w20_d2_S calo_trigger_em_jet_stream_ref_fifo_w6_d2_S calo_trigger_em_jet_stream_ref_fifo_w6_d2_S calo_trigger_em_jet_stream_ref_fifo_w6_d2_S calo_trigger_em_jet_stream_ref_fifo_w6_d2_S calo_trigger_em_jet_stream_ref_fifo_w6_d2_S calo_trigger_em_jet_stream_ref_fifo_w6_d2_S calo_trigger_em_jet_stream_ref_fifo_w6_d2_S calo_trigger_em_jet_stream_ref_fifo_w6_d2_S calo_trigger_em_jet_stream_ref_fifo_w6_d2_S calo_trigger_em_jet_stream_ref_fifo_w6_d2_S calo_trigger_em_jet_stream_ref_fifo_w6_d2_S calo_trigger_em_jet_stream_ref_fifo_w6_d2_S calo_trigger_em_jet_stream_ref_fifo_w6_d2_S calo_trigger_em_jet_stream_ref_fifo_w6_d2_S calo_trigger_em_jet_stream_ref_fifo_w6_d2_S calo_trigger_em_jet_stream_ref_fifo_w6_d2_S calo_trigger_em_jet_stream_ref_fifo_w4_d2_S calo_trigger_em_jet_stream_ref_fifo_w4_d2_S calo_trigger_em_jet_stream_ref_fifo_w4_d2_S calo_trigger_em_jet_stream_ref_fifo_w4_d2_S calo_trigger_em_jet_stream_ref_fifo_w4_d2_S calo_trigger_em_jet_stream_ref_fifo_w4_d2_S calo_trigger_em_jet_stream_ref_fifo_w4_d2_S calo_trigger_em_jet_stream_ref_fifo_w4_d2_S calo_trigger_em_jet_stream_ref_fifo_w1_d2_S calo_trigger_em_jet_stream_ref_fifo_w1_d2_S calo_trigger_em_jet_stream_ref_fifo_w1_d2_S calo_trigger_em_jet_stream_ref_fifo_w1_d2_S calo_trigger_em_jet_stream_ref_fifo_w1_d2_S calo_trigger_em_jet_stream_ref_fifo_w1_d2_S calo_trigger_em_jet_stream_ref_fifo_w1_d2_S calo_trigger_em_jet_stream_ref_fifo_w1_d2_S calo_trigger_em_jet_stream_ref_start_for_select_top_n_from_stream_fixed_1440_U0 calo_trigger_em_jet_stream_ref_start_for_select_top_n_from_stream_fixed_1440_1_U0 calo_trigger_em_jet_stream_ref_CTRL_s_axi produce_em_cluster_stream produce_jet_cluster_stream select_top_n_from_stream_fixed_1440_s select_top_n_from_stream_fixed_1440_1 build_trigger_objects build_trigger_objects_2 cluster_sort_build_em_jet_stream calo_trigger_em_jet_stream_ref
INFO-FLOW: Generating /scratch/emettner/tachep-fpga-project-26/calorimeter/solution1/.autopilot/db/autopilot.rtl.models.txt file...
INFO-FLOW: To file: write model calo_trigger_em_jet_stream_ref_flow_control_loop_pipe
INFO-FLOW: To file: write model calo_trigger_em_jet_stream_ref_flow_control_loop_pipe
INFO-FLOW: To file: write model calo_trigger_em_jet_stream_ref_sparsemux_15_3_20_1_1
INFO-FLOW: To file: write model calo_trigger_em_jet_stream_ref_sparsemux_15_3_6_1_1
INFO-FLOW: To file: write model calo_trigger_em_jet_stream_ref_sparsemux_15_3_4_1_1
INFO-FLOW: To file: write model calo_trigger_em_jet_stream_ref_sparsemux_15_3_1_1_1
INFO-FLOW: To file: write model calo_trigger_em_jet_stream_ref_fifo_w61_d64_A
INFO-FLOW: To file: write model calo_trigger_em_jet_stream_ref_fifo_w61_d64_A
INFO-FLOW: To file: write model calo_trigger_em_jet_stream_ref_fifo_w20_d2_S
INFO-FLOW: To file: write model calo_trigger_em_jet_stream_ref_fifo_w20_d2_S
INFO-FLOW: To file: write model calo_trigger_em_jet_stream_ref_fifo_w20_d2_S
INFO-FLOW: To file: write model calo_trigger_em_jet_stream_ref_fifo_w20_d2_S
INFO-FLOW: To file: write model calo_trigger_em_jet_stream_ref_fifo_w20_d2_S
INFO-FLOW: To file: write model calo_trigger_em_jet_stream_ref_fifo_w20_d2_S
INFO-FLOW: To file: write model calo_trigger_em_jet_stream_ref_fifo_w20_d2_S
INFO-FLOW: To file: write model calo_trigger_em_jet_stream_ref_fifo_w20_d2_S
INFO-FLOW: To file: write model calo_trigger_em_jet_stream_ref_fifo_w20_d2_S
INFO-FLOW: To file: write model calo_trigger_em_jet_stream_ref_fifo_w20_d2_S
INFO-FLOW: To file: write model calo_trigger_em_jet_stream_ref_fifo_w20_d2_S
INFO-FLOW: To file: write model calo_trigger_em_jet_stream_ref_fifo_w20_d2_S
INFO-FLOW: To file: write model calo_trigger_em_jet_stream_ref_fifo_w20_d2_S
INFO-FLOW: To file: write model calo_trigger_em_jet_stream_ref_fifo_w20_d2_S
INFO-FLOW: To file: write model calo_trigger_em_jet_stream_ref_fifo_w20_d2_S
INFO-FLOW: To file: write model calo_trigger_em_jet_stream_ref_fifo_w20_d2_S
INFO-FLOW: To file: write model calo_trigger_em_jet_stream_ref_fifo_w6_d2_S
INFO-FLOW: To file: write model calo_trigger_em_jet_stream_ref_fifo_w6_d2_S
INFO-FLOW: To file: write model calo_trigger_em_jet_stream_ref_fifo_w6_d2_S
INFO-FLOW: To file: write model calo_trigger_em_jet_stream_ref_fifo_w6_d2_S
INFO-FLOW: To file: write model calo_trigger_em_jet_stream_ref_fifo_w6_d2_S
INFO-FLOW: To file: write model calo_trigger_em_jet_stream_ref_fifo_w6_d2_S
INFO-FLOW: To file: write model calo_trigger_em_jet_stream_ref_fifo_w6_d2_S
INFO-FLOW: To file: write model calo_trigger_em_jet_stream_ref_fifo_w6_d2_S
INFO-FLOW: To file: write model calo_trigger_em_jet_stream_ref_fifo_w6_d2_S
INFO-FLOW: To file: write model calo_trigger_em_jet_stream_ref_fifo_w6_d2_S
INFO-FLOW: To file: write model calo_trigger_em_jet_stream_ref_fifo_w6_d2_S
INFO-FLOW: To file: write model calo_trigger_em_jet_stream_ref_fifo_w6_d2_S
INFO-FLOW: To file: write model calo_trigger_em_jet_stream_ref_fifo_w6_d2_S
INFO-FLOW: To file: write model calo_trigger_em_jet_stream_ref_fifo_w6_d2_S
INFO-FLOW: To file: write model calo_trigger_em_jet_stream_ref_fifo_w6_d2_S
INFO-FLOW: To file: write model calo_trigger_em_jet_stream_ref_fifo_w6_d2_S
INFO-FLOW: To file: write model calo_trigger_em_jet_stream_ref_fifo_w4_d2_S
INFO-FLOW: To file: write model calo_trigger_em_jet_stream_ref_fifo_w4_d2_S
INFO-FLOW: To file: write model calo_trigger_em_jet_stream_ref_fifo_w4_d2_S
INFO-FLOW: To file: write model calo_trigger_em_jet_stream_ref_fifo_w4_d2_S
INFO-FLOW: To file: write model calo_trigger_em_jet_stream_ref_fifo_w4_d2_S
INFO-FLOW: To file: write model calo_trigger_em_jet_stream_ref_fifo_w4_d2_S
INFO-FLOW: To file: write model calo_trigger_em_jet_stream_ref_fifo_w4_d2_S
INFO-FLOW: To file: write model calo_trigger_em_jet_stream_ref_fifo_w4_d2_S
INFO-FLOW: To file: write model calo_trigger_em_jet_stream_ref_fifo_w1_d2_S
INFO-FLOW: To file: write model calo_trigger_em_jet_stream_ref_fifo_w1_d2_S
INFO-FLOW: To file: write model calo_trigger_em_jet_stream_ref_fifo_w1_d2_S
INFO-FLOW: To file: write model calo_trigger_em_jet_stream_ref_fifo_w1_d2_S
INFO-FLOW: To file: write model calo_trigger_em_jet_stream_ref_fifo_w1_d2_S
INFO-FLOW: To file: write model calo_trigger_em_jet_stream_ref_fifo_w1_d2_S
INFO-FLOW: To file: write model calo_trigger_em_jet_stream_ref_fifo_w1_d2_S
INFO-FLOW: To file: write model calo_trigger_em_jet_stream_ref_fifo_w1_d2_S
INFO-FLOW: To file: write model calo_trigger_em_jet_stream_ref_fifo_w20_d2_S
INFO-FLOW: To file: write model calo_trigger_em_jet_stream_ref_fifo_w20_d2_S
INFO-FLOW: To file: write model calo_trigger_em_jet_stream_ref_fifo_w20_d2_S
INFO-FLOW: To file: write model calo_trigger_em_jet_stream_ref_fifo_w20_d2_S
INFO-FLOW: To file: write model calo_trigger_em_jet_stream_ref_fifo_w20_d2_S
INFO-FLOW: To file: write model calo_trigger_em_jet_stream_ref_fifo_w20_d2_S
INFO-FLOW: To file: write model calo_trigger_em_jet_stream_ref_fifo_w20_d2_S
INFO-FLOW: To file: write model calo_trigger_em_jet_stream_ref_fifo_w20_d2_S
INFO-FLOW: To file: write model calo_trigger_em_jet_stream_ref_fifo_w20_d2_S
INFO-FLOW: To file: write model calo_trigger_em_jet_stream_ref_fifo_w20_d2_S
INFO-FLOW: To file: write model calo_trigger_em_jet_stream_ref_fifo_w20_d2_S
INFO-FLOW: To file: write model calo_trigger_em_jet_stream_ref_fifo_w20_d2_S
INFO-FLOW: To file: write model calo_trigger_em_jet_stream_ref_fifo_w20_d2_S
INFO-FLOW: To file: write model calo_trigger_em_jet_stream_ref_fifo_w20_d2_S
INFO-FLOW: To file: write model calo_trigger_em_jet_stream_ref_fifo_w20_d2_S
INFO-FLOW: To file: write model calo_trigger_em_jet_stream_ref_fifo_w20_d2_S
INFO-FLOW: To file: write model calo_trigger_em_jet_stream_ref_fifo_w6_d2_S
INFO-FLOW: To file: write model calo_trigger_em_jet_stream_ref_fifo_w6_d2_S
INFO-FLOW: To file: write model calo_trigger_em_jet_stream_ref_fifo_w6_d2_S
INFO-FLOW: To file: write model calo_trigger_em_jet_stream_ref_fifo_w6_d2_S
INFO-FLOW: To file: write model calo_trigger_em_jet_stream_ref_fifo_w6_d2_S
INFO-FLOW: To file: write model calo_trigger_em_jet_stream_ref_fifo_w6_d2_S
INFO-FLOW: To file: write model calo_trigger_em_jet_stream_ref_fifo_w6_d2_S
INFO-FLOW: To file: write model calo_trigger_em_jet_stream_ref_fifo_w6_d2_S
INFO-FLOW: To file: write model calo_trigger_em_jet_stream_ref_fifo_w6_d2_S
INFO-FLOW: To file: write model calo_trigger_em_jet_stream_ref_fifo_w6_d2_S
INFO-FLOW: To file: write model calo_trigger_em_jet_stream_ref_fifo_w6_d2_S
INFO-FLOW: To file: write model calo_trigger_em_jet_stream_ref_fifo_w6_d2_S
INFO-FLOW: To file: write model calo_trigger_em_jet_stream_ref_fifo_w6_d2_S
INFO-FLOW: To file: write model calo_trigger_em_jet_stream_ref_fifo_w6_d2_S
INFO-FLOW: To file: write model calo_trigger_em_jet_stream_ref_fifo_w6_d2_S
INFO-FLOW: To file: write model calo_trigger_em_jet_stream_ref_fifo_w6_d2_S
INFO-FLOW: To file: write model calo_trigger_em_jet_stream_ref_fifo_w4_d2_S
INFO-FLOW: To file: write model calo_trigger_em_jet_stream_ref_fifo_w4_d2_S
INFO-FLOW: To file: write model calo_trigger_em_jet_stream_ref_fifo_w4_d2_S
INFO-FLOW: To file: write model calo_trigger_em_jet_stream_ref_fifo_w4_d2_S
INFO-FLOW: To file: write model calo_trigger_em_jet_stream_ref_fifo_w4_d2_S
INFO-FLOW: To file: write model calo_trigger_em_jet_stream_ref_fifo_w4_d2_S
INFO-FLOW: To file: write model calo_trigger_em_jet_stream_ref_fifo_w4_d2_S
INFO-FLOW: To file: write model calo_trigger_em_jet_stream_ref_fifo_w4_d2_S
INFO-FLOW: To file: write model calo_trigger_em_jet_stream_ref_fifo_w1_d2_S
INFO-FLOW: To file: write model calo_trigger_em_jet_stream_ref_fifo_w1_d2_S
INFO-FLOW: To file: write model calo_trigger_em_jet_stream_ref_fifo_w1_d2_S
INFO-FLOW: To file: write model calo_trigger_em_jet_stream_ref_fifo_w1_d2_S
INFO-FLOW: To file: write model calo_trigger_em_jet_stream_ref_fifo_w1_d2_S
INFO-FLOW: To file: write model calo_trigger_em_jet_stream_ref_fifo_w1_d2_S
INFO-FLOW: To file: write model calo_trigger_em_jet_stream_ref_fifo_w1_d2_S
INFO-FLOW: To file: write model calo_trigger_em_jet_stream_ref_fifo_w1_d2_S
INFO-FLOW: To file: write model calo_trigger_em_jet_stream_ref_start_for_select_top_n_from_stream_fixed_1440_U0
INFO-FLOW: To file: write model calo_trigger_em_jet_stream_ref_start_for_select_top_n_from_stream_fixed_1440_1_U0
INFO-FLOW: To file: write model calo_trigger_em_jet_stream_ref_CTRL_s_axi
INFO-FLOW: To file: write model produce_em_cluster_stream
INFO-FLOW: To file: write model produce_jet_cluster_stream
INFO-FLOW: To file: write model select_top_n_from_stream_fixed_1440_s
INFO-FLOW: To file: write model select_top_n_from_stream_fixed_1440_1
INFO-FLOW: To file: write model build_trigger_objects
INFO-FLOW: To file: write model build_trigger_objects_2
INFO-FLOW: To file: write model cluster_sort_build_em_jet_stream
INFO-FLOW: To file: write model calo_trigger_em_jet_stream_ref
INFO-FLOW: Generating /scratch/emettner/tachep-fpga-project-26/calorimeter/solution1/.autopilot/db/autopilot.rtl.models.tcl file...
INFO-FLOW: Finished generating RTL model list.


INFO-FLOW: RTL Generation done.
INFO-FLOW: CAS Generation done.
INFO-FLOW: CBC Generation done.
INFO-FLOW: DBG:PROC: ::AESL_AUTOMG::auto_generate_csynth_design
INFO-FLOW: DBG:PUTS: read_platform_lib /scratch/emettner/tachep-fpga-project-26/calorimeter/solution1/.autopilot/db/global.setting.tcl
Execute         source /opt/Xilinx/Vitis_HLS/2024.1/common/technology/generic/autopilot/common.gen 
Execute           source /opt/Xilinx/Vitis_HLS/2024.1/common/technology/generic/autopilot/APCoreGen.gen 
Execute         source /opt/Xilinx/Vitis_HLS/2024.1/common/technology/generic/autopilot/op.gen 
Execute         source /opt/Xilinx/Vitis_HLS/2024.1/common/technology/generic/autopilot/op_simcore.gen 
Execute         source /opt/Xilinx/Vitis_HLS/2024.1/common/technology/generic/autopilot/interface.gen 
Execute         source /scratch/emettner/tachep-fpga-project-26/calorimeter/solution1/.autopilot/db/global.setting.tcl 
Execute         source /opt/Xilinx/Vitis_HLS/2024.1/common/technology/xilinx/common/xilinx.gen 
Execute           source /opt/Xilinx/Vitis_HLS/2024.1/common/technology/xilinx/interface/plb46.gen 
Execute           source /opt/Xilinx/Vitis_HLS/2024.1/common/technology/xilinx/interface/axi4.gen 
Execute           source /opt/Xilinx/Vitis_HLS/2024.1/common/technology/xilinx/interface/nativeAXI4.gen 
Execute             source /opt/Xilinx/Vitis_HLS/2024.1/common/technology/xilinx/interface/saxilite.gen 
Execute           source /opt/Xilinx/Vitis_HLS/2024.1/common/technology/xilinx/scripts/xilinxcoregen.gen 
Execute           source /opt/Xilinx/Vitis_HLS/2024.1/common/technology/xilinx/interface/XilEDKCoreGen.gen 
Execute           source /opt/Xilinx/Vitis_HLS/2024.1/common/technology/xilinx/ip/util.gen 
Execute           source /opt/Xilinx/Vitis_HLS/2024.1/common/technology/xilinx/ip/xfft.gen 
Command           ap_source done; 0.12 sec.
Execute           source /opt/Xilinx/Vitis_HLS/2024.1/common/technology/xilinx/ip/xfir.gen 
Execute           source /opt/Xilinx/Vitis_HLS/2024.1/common/technology/xilinx/ip/dds_compiler.gen 
Execute           source /opt/Xilinx/Vitis_HLS/2024.1/common/technology/xilinx/DSP48/dsp48.gen 
Command         ap_source done; 0.16 sec.
INFO-FLOW: DBG:PUTS:   using AESL_AUTOCG::g_clock_period=25.000 (was NA)
INFO-FLOW: DBG:PROC: ::AESL_AUTOMG::generate_ip_cores gen_sim_model='1' gen_fp_models='0' gen_for_export='0' dstSCDir='' dstVhdlDir='/scratch/emettner/tachep-fpga-project-26/calorimeter/solution1/.autopilot/db/vhdl' dstVlogDir='/scratch/emettner/tachep-fpga-project-26/calorimeter/solution1/.autopilot/db/vlog' tclDir='/scratch/emettner/tachep-fpga-project-26/calorimeter/solution1/.autopilot/db' modelList='calo_trigger_em_jet_stream_ref_flow_control_loop_pipe
calo_trigger_em_jet_stream_ref_flow_control_loop_pipe
calo_trigger_em_jet_stream_ref_sparsemux_15_3_20_1_1
calo_trigger_em_jet_stream_ref_sparsemux_15_3_6_1_1
calo_trigger_em_jet_stream_ref_sparsemux_15_3_4_1_1
calo_trigger_em_jet_stream_ref_sparsemux_15_3_1_1_1
calo_trigger_em_jet_stream_ref_fifo_w61_d64_A
calo_trigger_em_jet_stream_ref_fifo_w61_d64_A
calo_trigger_em_jet_stream_ref_fifo_w20_d2_S
calo_trigger_em_jet_stream_ref_fifo_w20_d2_S
calo_trigger_em_jet_stream_ref_fifo_w20_d2_S
calo_trigger_em_jet_stream_ref_fifo_w20_d2_S
calo_trigger_em_jet_stream_ref_fifo_w20_d2_S
calo_trigger_em_jet_stream_ref_fifo_w20_d2_S
calo_trigger_em_jet_stream_ref_fifo_w20_d2_S
calo_trigger_em_jet_stream_ref_fifo_w20_d2_S
calo_trigger_em_jet_stream_ref_fifo_w20_d2_S
calo_trigger_em_jet_stream_ref_fifo_w20_d2_S
calo_trigger_em_jet_stream_ref_fifo_w20_d2_S
calo_trigger_em_jet_stream_ref_fifo_w20_d2_S
calo_trigger_em_jet_stream_ref_fifo_w20_d2_S
calo_trigger_em_jet_stream_ref_fifo_w20_d2_S
calo_trigger_em_jet_stream_ref_fifo_w20_d2_S
calo_trigger_em_jet_stream_ref_fifo_w20_d2_S
calo_trigger_em_jet_stream_ref_fifo_w6_d2_S
calo_trigger_em_jet_stream_ref_fifo_w6_d2_S
calo_trigger_em_jet_stream_ref_fifo_w6_d2_S
calo_trigger_em_jet_stream_ref_fifo_w6_d2_S
calo_trigger_em_jet_stream_ref_fifo_w6_d2_S
calo_trigger_em_jet_stream_ref_fifo_w6_d2_S
calo_trigger_em_jet_stream_ref_fifo_w6_d2_S
calo_trigger_em_jet_stream_ref_fifo_w6_d2_S
calo_trigger_em_jet_stream_ref_fifo_w6_d2_S
calo_trigger_em_jet_stream_ref_fifo_w6_d2_S
calo_trigger_em_jet_stream_ref_fifo_w6_d2_S
calo_trigger_em_jet_stream_ref_fifo_w6_d2_S
calo_trigger_em_jet_stream_ref_fifo_w6_d2_S
calo_trigger_em_jet_stream_ref_fifo_w6_d2_S
calo_trigger_em_jet_stream_ref_fifo_w6_d2_S
calo_trigger_em_jet_stream_ref_fifo_w6_d2_S
calo_trigger_em_jet_stream_ref_fifo_w4_d2_S
calo_trigger_em_jet_stream_ref_fifo_w4_d2_S
calo_trigger_em_jet_stream_ref_fifo_w4_d2_S
calo_trigger_em_jet_stream_ref_fifo_w4_d2_S
calo_trigger_em_jet_stream_ref_fifo_w4_d2_S
calo_trigger_em_jet_stream_ref_fifo_w4_d2_S
calo_trigger_em_jet_stream_ref_fifo_w4_d2_S
calo_trigger_em_jet_stream_ref_fifo_w4_d2_S
calo_trigger_em_jet_stream_ref_fifo_w1_d2_S
calo_trigger_em_jet_stream_ref_fifo_w1_d2_S
calo_trigger_em_jet_stream_ref_fifo_w1_d2_S
calo_trigger_em_jet_stream_ref_fifo_w1_d2_S
calo_trigger_em_jet_stream_ref_fifo_w1_d2_S
calo_trigger_em_jet_stream_ref_fifo_w1_d2_S
calo_trigger_em_jet_stream_ref_fifo_w1_d2_S
calo_trigger_em_jet_stream_ref_fifo_w1_d2_S
calo_trigger_em_jet_stream_ref_fifo_w20_d2_S
calo_trigger_em_jet_stream_ref_fifo_w20_d2_S
calo_trigger_em_jet_stream_ref_fifo_w20_d2_S
calo_trigger_em_jet_stream_ref_fifo_w20_d2_S
calo_trigger_em_jet_stream_ref_fifo_w20_d2_S
calo_trigger_em_jet_stream_ref_fifo_w20_d2_S
calo_trigger_em_jet_stream_ref_fifo_w20_d2_S
calo_trigger_em_jet_stream_ref_fifo_w20_d2_S
calo_trigger_em_jet_stream_ref_fifo_w20_d2_S
calo_trigger_em_jet_stream_ref_fifo_w20_d2_S
calo_trigger_em_jet_stream_ref_fifo_w20_d2_S
calo_trigger_em_jet_stream_ref_fifo_w20_d2_S
calo_trigger_em_jet_stream_ref_fifo_w20_d2_S
calo_trigger_em_jet_stream_ref_fifo_w20_d2_S
calo_trigger_em_jet_stream_ref_fifo_w20_d2_S
calo_trigger_em_jet_stream_ref_fifo_w20_d2_S
calo_trigger_em_jet_stream_ref_fifo_w6_d2_S
calo_trigger_em_jet_stream_ref_fifo_w6_d2_S
calo_trigger_em_jet_stream_ref_fifo_w6_d2_S
calo_trigger_em_jet_stream_ref_fifo_w6_d2_S
calo_trigger_em_jet_stream_ref_fifo_w6_d2_S
calo_trigger_em_jet_stream_ref_fifo_w6_d2_S
calo_trigger_em_jet_stream_ref_fifo_w6_d2_S
calo_trigger_em_jet_stream_ref_fifo_w6_d2_S
calo_trigger_em_jet_stream_ref_fifo_w6_d2_S
calo_trigger_em_jet_stream_ref_fifo_w6_d2_S
calo_trigger_em_jet_stream_ref_fifo_w6_d2_S
calo_trigger_em_jet_stream_ref_fifo_w6_d2_S
calo_trigger_em_jet_stream_ref_fifo_w6_d2_S
calo_trigger_em_jet_stream_ref_fifo_w6_d2_S
calo_trigger_em_jet_stream_ref_fifo_w6_d2_S
calo_trigger_em_jet_stream_ref_fifo_w6_d2_S
calo_trigger_em_jet_stream_ref_fifo_w4_d2_S
calo_trigger_em_jet_stream_ref_fifo_w4_d2_S
calo_trigger_em_jet_stream_ref_fifo_w4_d2_S
calo_trigger_em_jet_stream_ref_fifo_w4_d2_S
calo_trigger_em_jet_stream_ref_fifo_w4_d2_S
calo_trigger_em_jet_stream_ref_fifo_w4_d2_S
calo_trigger_em_jet_stream_ref_fifo_w4_d2_S
calo_trigger_em_jet_stream_ref_fifo_w4_d2_S
calo_trigger_em_jet_stream_ref_fifo_w1_d2_S
calo_trigger_em_jet_stream_ref_fifo_w1_d2_S
calo_trigger_em_jet_stream_ref_fifo_w1_d2_S
calo_trigger_em_jet_stream_ref_fifo_w1_d2_S
calo_trigger_em_jet_stream_ref_fifo_w1_d2_S
calo_trigger_em_jet_stream_ref_fifo_w1_d2_S
calo_trigger_em_jet_stream_ref_fifo_w1_d2_S
calo_trigger_em_jet_stream_ref_fifo_w1_d2_S
calo_trigger_em_jet_stream_ref_start_for_select_top_n_from_stream_fixed_1440_U0
calo_trigger_em_jet_stream_ref_start_for_select_top_n_from_stream_fixed_1440_1_U0
calo_trigger_em_jet_stream_ref_CTRL_s_axi
produce_em_cluster_stream
produce_jet_cluster_stream
select_top_n_from_stream_fixed_1440_s
select_top_n_from_stream_fixed_1440_1
build_trigger_objects
build_trigger_objects_2
cluster_sort_build_em_jet_stream
calo_trigger_em_jet_stream_ref
' expOnly='0'
Execute         source /scratch/emettner/tachep-fpga-project-26/calorimeter/solution1/.autopilot/db/global.setting.tcl 
Execute         ap_part_info -name xcvu13p-fsga2577-2-e -data names -quiet 
Execute         ap_part_info -name xcvu13p-fsga2577-2-e -data info -quiet 
Execute         source /scratch/emettner/tachep-fpga-project-26/calorimeter/solution1/.autopilot/db/global.setting.tcl 
Execute         source /scratch/emettner/tachep-fpga-project-26/calorimeter/solution1/.autopilot/db/global.setting.tcl 
Execute         source /scratch/emettner/tachep-fpga-project-26/calorimeter/solution1/.autopilot/db/produce_em_cluster_stream.compgen.tcl 
Execute         source /scratch/emettner/tachep-fpga-project-26/calorimeter/solution1/.autopilot/db/produce_jet_cluster_stream.compgen.tcl 
Execute         source /scratch/emettner/tachep-fpga-project-26/calorimeter/solution1/.autopilot/db/select_top_n_from_stream_fixed_1440_s.compgen.tcl 
Execute         source /scratch/emettner/tachep-fpga-project-26/calorimeter/solution1/.autopilot/db/select_top_n_from_stream_fixed_1440_1.compgen.tcl 
Execute         source /scratch/emettner/tachep-fpga-project-26/calorimeter/solution1/.autopilot/db/build_trigger_objects.compgen.tcl 
Execute         source /scratch/emettner/tachep-fpga-project-26/calorimeter/solution1/.autopilot/db/build_trigger_objects_2.compgen.tcl 
Execute         source /scratch/emettner/tachep-fpga-project-26/calorimeter/solution1/.autopilot/db/cluster_sort_build_em_jet_stream.compgen.tcl 
Execute         source /scratch/emettner/tachep-fpga-project-26/calorimeter/solution1/.autopilot/db/calo_trigger_em_jet_stream_ref.compgen.tcl 
Execute           source ./CTRL.slave.tcl 
INFO: [HLS 200-111] Finished Generating all RTL models: CPU user time: 0.67 seconds. CPU system time: 0.14 seconds. Elapsed time: 0.83 seconds; current allocated memory: 597.961 MB.
INFO-FLOW: DBG:PROC: ::HLSREPORTS::create_csynth_xml bind_info_var='bind_info' RtlSubPrefix='calo_trigger_em_jet_stream_ref_' outfile=''
INFO-FLOW: Running: create_csynth_xml read xml data
INFO-FLOW: Done: create_csynth_xml read xml data time: 0 seconds per iteration
INFO-FLOW: Running: create_csynth_xml bind info
INFO-FLOW: Done: create_csynth_xml bind info time: 0.2 seconds per iteration
INFO-FLOW: Running: create_csynth_xml config info
INFO-FLOW: Done: create_csynth_xml config info time: 0.1 seconds per iteration
INFO-FLOW: Running: create_csynth_xml write xml
INFO-FLOW: Done: create_csynth_xml write xml time: 0 seconds per iteration
INFO-FLOW: DBG:PUTS:      create_csynth_xml wrote csynth_xml=/scratch/emettner/tachep-fpga-project-26/calorimeter/solution1/syn/report/csynth.xml
INFO-FLOW: DBG:PROC: ::AP::DESIGN_DATA::generate_json generate_bd_files='0' generate_xo_files='0' modelList='calo_trigger_em_jet_stream_ref_flow_control_loop_pipe
calo_trigger_em_jet_stream_ref_flow_control_loop_pipe
calo_trigger_em_jet_stream_ref_sparsemux_15_3_20_1_1
calo_trigger_em_jet_stream_ref_sparsemux_15_3_6_1_1
calo_trigger_em_jet_stream_ref_sparsemux_15_3_4_1_1
calo_trigger_em_jet_stream_ref_sparsemux_15_3_1_1_1
calo_trigger_em_jet_stream_ref_fifo_w61_d64_A
calo_trigger_em_jet_stream_ref_fifo_w61_d64_A
calo_trigger_em_jet_stream_ref_fifo_w20_d2_S
calo_trigger_em_jet_stream_ref_fifo_w20_d2_S
calo_trigger_em_jet_stream_ref_fifo_w20_d2_S
calo_trigger_em_jet_stream_ref_fifo_w20_d2_S
calo_trigger_em_jet_stream_ref_fifo_w20_d2_S
calo_trigger_em_jet_stream_ref_fifo_w20_d2_S
calo_trigger_em_jet_stream_ref_fifo_w20_d2_S
calo_trigger_em_jet_stream_ref_fifo_w20_d2_S
calo_trigger_em_jet_stream_ref_fifo_w20_d2_S
calo_trigger_em_jet_stream_ref_fifo_w20_d2_S
calo_trigger_em_jet_stream_ref_fifo_w20_d2_S
calo_trigger_em_jet_stream_ref_fifo_w20_d2_S
calo_trigger_em_jet_stream_ref_fifo_w20_d2_S
calo_trigger_em_jet_stream_ref_fifo_w20_d2_S
calo_trigger_em_jet_stream_ref_fifo_w20_d2_S
calo_trigger_em_jet_stream_ref_fifo_w20_d2_S
calo_trigger_em_jet_stream_ref_fifo_w6_d2_S
calo_trigger_em_jet_stream_ref_fifo_w6_d2_S
calo_trigger_em_jet_stream_ref_fifo_w6_d2_S
calo_trigger_em_jet_stream_ref_fifo_w6_d2_S
calo_trigger_em_jet_stream_ref_fifo_w6_d2_S
calo_trigger_em_jet_stream_ref_fifo_w6_d2_S
calo_trigger_em_jet_stream_ref_fifo_w6_d2_S
calo_trigger_em_jet_stream_ref_fifo_w6_d2_S
calo_trigger_em_jet_stream_ref_fifo_w6_d2_S
calo_trigger_em_jet_stream_ref_fifo_w6_d2_S
calo_trigger_em_jet_stream_ref_fifo_w6_d2_S
calo_trigger_em_jet_stream_ref_fifo_w6_d2_S
calo_trigger_em_jet_stream_ref_fifo_w6_d2_S
calo_trigger_em_jet_stream_ref_fifo_w6_d2_S
calo_trigger_em_jet_stream_ref_fifo_w6_d2_S
calo_trigger_em_jet_stream_ref_fifo_w6_d2_S
calo_trigger_em_jet_stream_ref_fifo_w4_d2_S
calo_trigger_em_jet_stream_ref_fifo_w4_d2_S
calo_trigger_em_jet_stream_ref_fifo_w4_d2_S
calo_trigger_em_jet_stream_ref_fifo_w4_d2_S
calo_trigger_em_jet_stream_ref_fifo_w4_d2_S
calo_trigger_em_jet_stream_ref_fifo_w4_d2_S
calo_trigger_em_jet_stream_ref_fifo_w4_d2_S
calo_trigger_em_jet_stream_ref_fifo_w4_d2_S
calo_trigger_em_jet_stream_ref_fifo_w1_d2_S
calo_trigger_em_jet_stream_ref_fifo_w1_d2_S
calo_trigger_em_jet_stream_ref_fifo_w1_d2_S
calo_trigger_em_jet_stream_ref_fifo_w1_d2_S
calo_trigger_em_jet_stream_ref_fifo_w1_d2_S
calo_trigger_em_jet_stream_ref_fifo_w1_d2_S
calo_trigger_em_jet_stream_ref_fifo_w1_d2_S
calo_trigger_em_jet_stream_ref_fifo_w1_d2_S
calo_trigger_em_jet_stream_ref_fifo_w20_d2_S
calo_trigger_em_jet_stream_ref_fifo_w20_d2_S
calo_trigger_em_jet_stream_ref_fifo_w20_d2_S
calo_trigger_em_jet_stream_ref_fifo_w20_d2_S
calo_trigger_em_jet_stream_ref_fifo_w20_d2_S
calo_trigger_em_jet_stream_ref_fifo_w20_d2_S
calo_trigger_em_jet_stream_ref_fifo_w20_d2_S
calo_trigger_em_jet_stream_ref_fifo_w20_d2_S
calo_trigger_em_jet_stream_ref_fifo_w20_d2_S
calo_trigger_em_jet_stream_ref_fifo_w20_d2_S
calo_trigger_em_jet_stream_ref_fifo_w20_d2_S
calo_trigger_em_jet_stream_ref_fifo_w20_d2_S
calo_trigger_em_jet_stream_ref_fifo_w20_d2_S
calo_trigger_em_jet_stream_ref_fifo_w20_d2_S
calo_trigger_em_jet_stream_ref_fifo_w20_d2_S
calo_trigger_em_jet_stream_ref_fifo_w20_d2_S
calo_trigger_em_jet_stream_ref_fifo_w6_d2_S
calo_trigger_em_jet_stream_ref_fifo_w6_d2_S
calo_trigger_em_jet_stream_ref_fifo_w6_d2_S
calo_trigger_em_jet_stream_ref_fifo_w6_d2_S
calo_trigger_em_jet_stream_ref_fifo_w6_d2_S
calo_trigger_em_jet_stream_ref_fifo_w6_d2_S
calo_trigger_em_jet_stream_ref_fifo_w6_d2_S
calo_trigger_em_jet_stream_ref_fifo_w6_d2_S
calo_trigger_em_jet_stream_ref_fifo_w6_d2_S
calo_trigger_em_jet_stream_ref_fifo_w6_d2_S
calo_trigger_em_jet_stream_ref_fifo_w6_d2_S
calo_trigger_em_jet_stream_ref_fifo_w6_d2_S
calo_trigger_em_jet_stream_ref_fifo_w6_d2_S
calo_trigger_em_jet_stream_ref_fifo_w6_d2_S
calo_trigger_em_jet_stream_ref_fifo_w6_d2_S
calo_trigger_em_jet_stream_ref_fifo_w6_d2_S
calo_trigger_em_jet_stream_ref_fifo_w4_d2_S
calo_trigger_em_jet_stream_ref_fifo_w4_d2_S
calo_trigger_em_jet_stream_ref_fifo_w4_d2_S
calo_trigger_em_jet_stream_ref_fifo_w4_d2_S
calo_trigger_em_jet_stream_ref_fifo_w4_d2_S
calo_trigger_em_jet_stream_ref_fifo_w4_d2_S
calo_trigger_em_jet_stream_ref_fifo_w4_d2_S
calo_trigger_em_jet_stream_ref_fifo_w4_d2_S
calo_trigger_em_jet_stream_ref_fifo_w1_d2_S
calo_trigger_em_jet_stream_ref_fifo_w1_d2_S
calo_trigger_em_jet_stream_ref_fifo_w1_d2_S
calo_trigger_em_jet_stream_ref_fifo_w1_d2_S
calo_trigger_em_jet_stream_ref_fifo_w1_d2_S
calo_trigger_em_jet_stream_ref_fifo_w1_d2_S
calo_trigger_em_jet_stream_ref_fifo_w1_d2_S
calo_trigger_em_jet_stream_ref_fifo_w1_d2_S
calo_trigger_em_jet_stream_ref_start_for_select_top_n_from_stream_fixed_1440_U0
calo_trigger_em_jet_stream_ref_start_for_select_top_n_from_stream_fixed_1440_1_U0
calo_trigger_em_jet_stream_ref_CTRL_s_axi
produce_em_cluster_stream
produce_jet_cluster_stream
select_top_n_from_stream_fixed_1440_s
select_top_n_from_stream_fixed_1440_1
build_trigger_objects
build_trigger_objects_2
cluster_sort_build_em_jet_stream
calo_trigger_em_jet_stream_ref
' rtl_lang='both' bootstrap_tcl='false' outdir='' outfilename=''
Execute         source /scratch/emettner/tachep-fpga-project-26/calorimeter/solution1/.autopilot/db/global.setting.tcl 
Execute         source /scratch/emettner/tachep-fpga-project-26/calorimeter/solution1/.autopilot/db/global.setting.tcl 
Execute         source /scratch/emettner/tachep-fpga-project-26/calorimeter/solution1/.autopilot/db/top-io-be.tcl 
Execute         source /scratch/emettner/tachep-fpga-project-26/calorimeter/solution1/.autopilot/db/calo_trigger_em_jet_stream_ref.tbgen.tcl 
Execute         source /scratch/emettner/tachep-fpga-project-26/calorimeter/solution1/.autopilot/db/calo_trigger_em_jet_stream_ref.compgen.dataonly.tcl 
Execute         source /scratch/emettner/tachep-fpga-project-26/calorimeter/solution1/.autopilot/db/calo_trigger_em_jet_stream_ref.compgen.dataonly.tcl 
Execute         source /scratch/emettner/tachep-fpga-project-26/calorimeter/solution1/.autopilot/db/calo_trigger_em_jet_stream_ref.rtl_wrap.cfg.tcl 
Execute         source /scratch/emettner/tachep-fpga-project-26/calorimeter/solution1/.autopilot/db/calo_trigger_em_jet_stream_ref.compgen.dataonly.tcl 
Execute         source /scratch/emettner/tachep-fpga-project-26/calorimeter/solution1/.autopilot/db/produce_em_cluster_stream.tbgen.tcl 
Execute         source /scratch/emettner/tachep-fpga-project-26/calorimeter/solution1/.autopilot/db/produce_jet_cluster_stream.tbgen.tcl 
Execute         source /scratch/emettner/tachep-fpga-project-26/calorimeter/solution1/.autopilot/db/select_top_n_from_stream_fixed_1440_s.tbgen.tcl 
Execute         source /scratch/emettner/tachep-fpga-project-26/calorimeter/solution1/.autopilot/db/select_top_n_from_stream_fixed_1440_1.tbgen.tcl 
Execute         source /scratch/emettner/tachep-fpga-project-26/calorimeter/solution1/.autopilot/db/build_trigger_objects.tbgen.tcl 
Execute         source /scratch/emettner/tachep-fpga-project-26/calorimeter/solution1/.autopilot/db/build_trigger_objects_2.tbgen.tcl 
Execute         source /scratch/emettner/tachep-fpga-project-26/calorimeter/solution1/.autopilot/db/cluster_sort_build_em_jet_stream.tbgen.tcl 
Execute         source /scratch/emettner/tachep-fpga-project-26/calorimeter/solution1/.autopilot/db/calo_trigger_em_jet_stream_ref.tbgen.tcl 
Execute         source /scratch/emettner/tachep-fpga-project-26/calorimeter/solution1/.autopilot/db/global.setting.tcl 
Execute         ap_part_info -name xcvu13p-fsga2577-2-e -data names -quiet 
Execute         ap_part_info -name xcvu13p-fsga2577-2-e -data info -quiet 
Execute         source /scratch/emettner/tachep-fpga-project-26/calorimeter/solution1/.autopilot/db/calo_trigger_em_jet_stream_ref.constraint.tcl 
Execute         sc_get_clocks calo_trigger_em_jet_stream_ref 
Execute         source /scratch/emettner/tachep-fpga-project-26/calorimeter/solution1/.autopilot/db/global.setting.tcl 
INFO-FLOW: DBG:PROC: ::HLSREPORTS::add_csynth_report_sections bind_info_dict='adapter_nodes {{BINDTYPE adapter ID {} IMPL {} LATENCY {} OPTYPE {} PRAGMA {} RTLNAME CTRL_s_axi_U SOURCE {} VARIABLE {} LOOP {} BUNDLEDNAME CTRL DSP 0 BRAM 0 URAM 0 STORAGESUBTYPE s_axilite STORAGESIZE {} STORAGEUSAGE interface DISPNAME {bind_adapter }}} cache_nodes {} report_dict {TOPINST calo_trigger_em_jet_stream_ref MODULE2INSTS {calo_trigger_em_jet_stream_ref calo_trigger_em_jet_stream_ref cluster_sort_build_em_jet_stream grp_cluster_sort_build_em_jet_stream_fu_205 produce_em_cluster_stream produce_em_cluster_stream_U0 produce_jet_cluster_stream produce_jet_cluster_stream_U0 select_top_n_from_stream_fixed_1440_s select_top_n_from_stream_fixed_1440_U0 build_trigger_objects build_trigger_objects_U0 select_top_n_from_stream_fixed_1440_1 select_top_n_from_stream_fixed_1440_1_U0 build_trigger_objects_2 build_trigger_objects_2_U0} INST2MODULE {calo_trigger_em_jet_stream_ref calo_trigger_em_jet_stream_ref grp_cluster_sort_build_em_jet_stream_fu_205 cluster_sort_build_em_jet_stream produce_em_cluster_stream_U0 produce_em_cluster_stream produce_jet_cluster_stream_U0 produce_jet_cluster_stream select_top_n_from_stream_fixed_1440_U0 select_top_n_from_stream_fixed_1440_s build_trigger_objects_U0 build_trigger_objects select_top_n_from_stream_fixed_1440_1_U0 select_top_n_from_stream_fixed_1440_1 build_trigger_objects_2_U0 build_trigger_objects_2} INSTDATA {calo_trigger_em_jet_stream_ref {DEPTH 1 CHILDREN grp_cluster_sort_build_em_jet_stream_fu_205} grp_cluster_sort_build_em_jet_stream_fu_205 {DEPTH 2 CHILDREN {produce_em_cluster_stream_U0 produce_jet_cluster_stream_U0 select_top_n_from_stream_fixed_1440_U0 build_trigger_objects_U0 select_top_n_from_stream_fixed_1440_1_U0 build_trigger_objects_2_U0}} produce_em_cluster_stream_U0 {DEPTH 3 CHILDREN {}} produce_jet_cluster_stream_U0 {DEPTH 3 CHILDREN {}} select_top_n_from_stream_fixed_1440_U0 {DEPTH 3 CHILDREN {}} build_trigger_objects_U0 {DEPTH 3 CHILDREN {}} select_top_n_from_stream_fixed_1440_1_U0 {DEPTH 3 CHILDREN {}} build_trigger_objects_2_U0 {DEPTH 3 CHILDREN {}}} MODULEDATA {produce_em_cluster_stream {BINDINFO {{BINDTYPE op ID {} IMPL auto LATENCY 0 OPTYPE seteq PRAGMA {} RTLNAME icmp_ln328_fu_598_p2 SOURCE calorimeter.cpp:328 VARIABLE icmp_ln328 LOOP VITIS_LOOP_328_1_VITIS_LOOP_329_2 BUNDLEDNAME {} DSP 0 BRAM 0 URAM 0 STORAGESUBTYPE {} DISPNAME {bind_op seteq} VISIBLE false} {BINDTYPE op ID {} IMPL fabric LATENCY 0 OPTYPE add PRAGMA {} RTLNAME add_ln328_1_fu_604_p2 SOURCE calorimeter.cpp:328 VARIABLE add_ln328_1 LOOP VITIS_LOOP_328_1_VITIS_LOOP_329_2 BUNDLEDNAME {} DSP 0 BRAM 0 URAM 0 STORAGESUBTYPE {} DISPNAME {bind_op add} VISIBLE true} {BINDTYPE op ID {} IMPL auto LATENCY 0 OPTYPE seteq PRAGMA {} RTLNAME icmp_ln329_fu_616_p2 SOURCE calorimeter.cpp:329 VARIABLE icmp_ln329 LOOP VITIS_LOOP_328_1_VITIS_LOOP_329_2 BUNDLEDNAME {} DSP 0 BRAM 0 URAM 0 STORAGESUBTYPE {} DISPNAME {bind_op seteq} VISIBLE false} {BINDTYPE op ID {} IMPL auto_sel LATENCY 0 OPTYPE select PRAGMA {} RTLNAME select_ln328_fu_622_p3 SOURCE calorimeter.cpp:328 VARIABLE select_ln328 LOOP VITIS_LOOP_328_1_VITIS_LOOP_329_2 BUNDLEDNAME {} DSP 0 BRAM 0 URAM 0 STORAGESUBTYPE {} DISPNAME {bind_op select} VISIBLE false} {BINDTYPE op ID {} IMPL fabric LATENCY 0 OPTYPE add PRAGMA {} RTLNAME add_ln328_fu_630_p2 SOURCE calorimeter.cpp:328 VARIABLE add_ln328 LOOP VITIS_LOOP_328_1_VITIS_LOOP_329_2 BUNDLEDNAME {} DSP 0 BRAM 0 URAM 0 STORAGESUBTYPE {} DISPNAME {bind_op add} VISIBLE true} {BINDTYPE op ID {} IMPL fabric LATENCY 0 OPTYPE add PRAGMA {} RTLNAME add_ln328_2_fu_636_p2 SOURCE calorimeter.cpp:328 VARIABLE add_ln328_2 LOOP VITIS_LOOP_328_1_VITIS_LOOP_329_2 BUNDLEDNAME {} DSP 0 BRAM 0 URAM 0 STORAGESUBTYPE {} DISPNAME {bind_op add} VISIBLE true} {BINDTYPE op ID {} IMPL auto_sel LATENCY 0 OPTYPE select PRAGMA {} RTLNAME select_ln328_1_fu_642_p3 SOURCE calorimeter.cpp:328 VARIABLE select_ln328_1 LOOP VITIS_LOOP_328_1_VITIS_LOOP_329_2 BUNDLEDNAME {} DSP 0 BRAM 0 URAM 0 STORAGESUBTYPE {} DISPNAME {bind_op select} VISIBLE false} {BINDTYPE op ID {} IMPL auto_sel LATENCY 0 OPTYPE select PRAGMA {} RTLNAME select_ln328_2_fu_650_p3 SOURCE calorimeter.cpp:328 VARIABLE select_ln328_2 LOOP VITIS_LOOP_328_1_VITIS_LOOP_329_2 BUNDLEDNAME {} DSP 0 BRAM 0 URAM 0 STORAGESUBTYPE {} DISPNAME {bind_op select} VISIBLE false} {BINDTYPE op ID {} IMPL fabric LATENCY 0 OPTYPE sub PRAGMA {} RTLNAME sub_ln342_fu_678_p2 SOURCE calorimeter.cpp:342 VARIABLE sub_ln342 LOOP VITIS_LOOP_328_1_VITIS_LOOP_329_2 BUNDLEDNAME {} DSP 0 BRAM 0 URAM 0 STORAGESUBTYPE {} DISPNAME {bind_op sub} VISIBLE true} {BINDTYPE op ID {} IMPL fabric LATENCY 0 OPTYPE add PRAGMA {} RTLNAME empty_fu_709_p2 SOURCE calorimeter.cpp:328 VARIABLE empty LOOP VITIS_LOOP_328_1_VITIS_LOOP_329_2 BUNDLEDNAME {} DSP 0 BRAM 0 URAM 0 STORAGESUBTYPE {} DISPNAME {bind_op add} VISIBLE true} {BINDTYPE op ID {} IMPL fabric LATENCY 0 OPTYPE sub PRAGMA {} RTLNAME sub_ln216_fu_734_p2 SOURCE ./calorimeter.h:216 VARIABLE sub_ln216 LOOP VITIS_LOOP_328_1_VITIS_LOOP_329_2 BUNDLEDNAME {} DSP 0 BRAM 0 URAM 0 STORAGESUBTYPE {} DISPNAME {bind_op sub} VISIBLE true} {BINDTYPE op ID {} IMPL fabric LATENCY 0 OPTYPE sub PRAGMA {} RTLNAME sub_ln216_6_fu_943_p2 SOURCE ./calorimeter.h:216 VARIABLE sub_ln216_6 LOOP VITIS_LOOP_328_1_VITIS_LOOP_329_2 BUNDLEDNAME {} DSP 0 BRAM 0 URAM 0 STORAGESUBTYPE {} DISPNAME {bind_op sub} VISIBLE true} {BINDTYPE op ID {} IMPL fabric LATENCY 0 OPTYPE add PRAGMA {} RTLNAME empty_102_fu_1063_p2 SOURCE calorimeter.cpp:328 VARIABLE empty_102 LOOP VITIS_LOOP_328_1_VITIS_LOOP_329_2 BUNDLEDNAME {} DSP 0 BRAM 0 URAM 0 STORAGESUBTYPE {} DISPNAME {bind_op add} VISIBLE true} {BINDTYPE op ID {} IMPL fabric LATENCY 0 OPTYPE sub PRAGMA {} RTLNAME sub_ln187_fu_1088_p2 SOURCE ./calorimeter.h:187 VARIABLE sub_ln187 LOOP VITIS_LOOP_328_1_VITIS_LOOP_329_2 BUNDLEDNAME {} DSP 0 BRAM 0 URAM 0 STORAGESUBTYPE {} DISPNAME {bind_op sub} VISIBLE true} {BINDTYPE op ID {} IMPL fabric LATENCY 0 OPTYPE add PRAGMA {} RTLNAME empty_103_fu_1507_p2 SOURCE calorimeter.cpp:328 VARIABLE empty_103 LOOP VITIS_LOOP_328_1_VITIS_LOOP_329_2 BUNDLEDNAME {} DSP 0 BRAM 0 URAM 0 STORAGESUBTYPE {} DISPNAME {bind_op add} VISIBLE true} {BINDTYPE op ID {} IMPL fabric LATENCY 0 OPTYPE sub PRAGMA {} RTLNAME sub_ln187_1_fu_1532_p2 SOURCE ./calorimeter.h:187 VARIABLE sub_ln187_1 LOOP VITIS_LOOP_328_1_VITIS_LOOP_329_2 BUNDLEDNAME {} DSP 0 BRAM 0 URAM 0 STORAGESUBTYPE {} DISPNAME {bind_op sub} VISIBLE true} {BINDTYPE op ID {} IMPL fabric LATENCY 0 OPTYPE add PRAGMA {} RTLNAME empty_104_fu_1584_p2 SOURCE calorimeter.cpp:328 VARIABLE empty_104 LOOP VITIS_LOOP_328_1_VITIS_LOOP_329_2 BUNDLEDNAME {} DSP 0 BRAM 0 URAM 0 STORAGESUBTYPE {} DISPNAME {bind_op add} VISIBLE true} {BINDTYPE op ID {} IMPL fabric LATENCY 0 OPTYPE sub PRAGMA {} RTLNAME sub_ln187_2_fu_1609_p2 SOURCE ./calorimeter.h:187 VARIABLE sub_ln187_2 LOOP VITIS_LOOP_328_1_VITIS_LOOP_329_2 BUNDLEDNAME {} DSP 0 BRAM 0 URAM 0 STORAGESUBTYPE {} DISPNAME {bind_op sub} VISIBLE true} {BINDTYPE op ID {} IMPL fabric LATENCY 0 OPTYPE add PRAGMA {} RTLNAME empty_105_fu_2216_p2 SOURCE calorimeter.cpp:328 VARIABLE empty_105 LOOP VITIS_LOOP_328_1_VITIS_LOOP_329_2 BUNDLEDNAME {} DSP 0 BRAM 0 URAM 0 STORAGESUBTYPE {} DISPNAME {bind_op add} VISIBLE true} {BINDTYPE op ID {} IMPL fabric LATENCY 0 OPTYPE sub PRAGMA {} RTLNAME sub_ln187_3_fu_2241_p2 SOURCE ./calorimeter.h:187 VARIABLE sub_ln187_3 LOOP VITIS_LOOP_328_1_VITIS_LOOP_329_2 BUNDLEDNAME {} DSP 0 BRAM 0 URAM 0 STORAGESUBTYPE {} DISPNAME {bind_op sub} VISIBLE true} {BINDTYPE op ID {} IMPL fabric LATENCY 0 OPTYPE add PRAGMA {} RTLNAME add_ln342_fu_688_p2 SOURCE calorimeter.cpp:342 VARIABLE add_ln342 LOOP VITIS_LOOP_328_1_VITIS_LOOP_329_2 BUNDLEDNAME {} DSP 0 BRAM 0 URAM 0 STORAGESUBTYPE {} DISPNAME {bind_op add} VISIBLE true} {BINDTYPE op ID {} IMPL fabric LATENCY 0 OPTYPE add PRAGMA {} RTLNAME add_ln216_fu_791_p2 SOURCE ./calorimeter.h:216 VARIABLE add_ln216 LOOP VITIS_LOOP_328_1_VITIS_LOOP_329_2 BUNDLEDNAME {} DSP 0 BRAM 0 URAM 0 STORAGESUBTYPE {} DISPNAME {bind_op add} VISIBLE true} {BINDTYPE op ID {} IMPL fabric LATENCY 0 OPTYPE add PRAGMA {} RTLNAME add_ln216_48_fu_959_p2 SOURCE ./calorimeter.h:216 VARIABLE add_ln216_48 LOOP VITIS_LOOP_328_1_VITIS_LOOP_329_2 BUNDLEDNAME {} DSP 0 BRAM 0 URAM 0 STORAGESUBTYPE {} DISPNAME {bind_op add} VISIBLE true} {BINDTYPE op ID {} IMPL fabric LATENCY 0 OPTYPE add PRAGMA {} RTLNAME add_ln187_fu_1224_p2 SOURCE ./calorimeter.h:187 VARIABLE add_ln187 LOOP VITIS_LOOP_328_1_VITIS_LOOP_329_2 BUNDLEDNAME {} DSP 0 BRAM 0 URAM 0 STORAGESUBTYPE {} DISPNAME {bind_op add} VISIBLE true} {BINDTYPE op ID {} IMPL fabric LATENCY 0 OPTYPE add PRAGMA {} RTLNAME add_ln187_55_fu_1557_p2 SOURCE ./calorimeter.h:187 VARIABLE add_ln187_55 LOOP VITIS_LOOP_328_1_VITIS_LOOP_329_2 BUNDLEDNAME {} DSP 0 BRAM 0 URAM 0 STORAGESUBTYPE {} DISPNAME {bind_op add} VISIBLE true} {BINDTYPE op ID {} IMPL fabric LATENCY 0 OPTYPE add PRAGMA {} RTLNAME add_ln187_57_fu_1857_p2 SOURCE ./calorimeter.h:187 VARIABLE add_ln187_57 LOOP VITIS_LOOP_328_1_VITIS_LOOP_329_2 BUNDLEDNAME {} DSP 0 BRAM 0 URAM 0 STORAGESUBTYPE {} DISPNAME {bind_op add} VISIBLE true} {BINDTYPE op ID {} IMPL fabric LATENCY 0 OPTYPE add PRAGMA {} RTLNAME add_ln187_61_fu_2247_p2 SOURCE ./calorimeter.h:187 VARIABLE add_ln187_61 LOOP VITIS_LOOP_328_1_VITIS_LOOP_329_2 BUNDLEDNAME {} DSP 0 BRAM 0 URAM 0 STORAGESUBTYPE {} DISPNAME {bind_op add} VISIBLE true} {BINDTYPE op ID {} IMPL auto LATENCY 0 OPTYPE setlt PRAGMA {} RTLNAME icmp_ln344_fu_743_p2 SOURCE calorimeter.cpp:344 VARIABLE icmp_ln344 LOOP VITIS_LOOP_328_1_VITIS_LOOP_329_2 BUNDLEDNAME {} DSP 0 BRAM 0 URAM 0 STORAGESUBTYPE {} DISPNAME {bind_op setlt} VISIBLE false} {BINDTYPE op ID {} IMPL fabric LATENCY 0 OPTYPE add PRAGMA {} RTLNAME add_ln213_fu_748_p2 SOURCE ./calorimeter.h:213 VARIABLE add_ln213 LOOP VITIS_LOOP_328_1_VITIS_LOOP_329_2 BUNDLEDNAME {} DSP 0 BRAM 0 URAM 0 STORAGESUBTYPE {} DISPNAME {bind_op add} VISIBLE true} {BINDTYPE op ID {} IMPL fabric LATENCY 0 OPTYPE add PRAGMA {} RTLNAME add_ln161_fu_762_p2 SOURCE ./calorimeter.h:161 VARIABLE add_ln161 LOOP VITIS_LOOP_328_1_VITIS_LOOP_329_2 BUNDLEDNAME {} DSP 0 BRAM 0 URAM 0 STORAGESUBTYPE {} DISPNAME {bind_op add} VISIBLE true} {BINDTYPE op ID {} IMPL auto_sel LATENCY 0 OPTYPE select PRAGMA {} RTLNAME phi_idx_fu_768_p3 SOURCE ./calorimeter.h:160 VARIABLE phi_idx LOOP VITIS_LOOP_328_1_VITIS_LOOP_329_2 BUNDLEDNAME {} DSP 0 BRAM 0 URAM 0 STORAGESUBTYPE {} DISPNAME {bind_op select} VISIBLE false} {BINDTYPE op ID {} IMPL fabric LATENCY 0 OPTYPE add PRAGMA {} RTLNAME add_ln216_49_fu_780_p2 SOURCE ./calorimeter.h:216 VARIABLE add_ln216_49 LOOP VITIS_LOOP_328_1_VITIS_LOOP_329_2 BUNDLEDNAME {} DSP 0 BRAM 0 URAM 0 STORAGESUBTYPE {} DISPNAME {bind_op add} VISIBLE true} {BINDTYPE op ID {} IMPL auto LATENCY 0 OPTYPE setlt PRAGMA {} RTLNAME is_max_fu_968_p2 SOURCE ./calorimeter.h:218 VARIABLE is_max LOOP VITIS_LOOP_328_1_VITIS_LOOP_329_2 BUNDLEDNAME {} DSP 0 BRAM 0 URAM 0 STORAGESUBTYPE {} DISPNAME {bind_op setlt} VISIBLE false} {BINDTYPE op ID {} IMPL auto LATENCY 0 OPTYPE setne PRAGMA {} RTLNAME icmp_ln220_fu_856_p2 SOURCE ./calorimeter.h:220 VARIABLE icmp_ln220 LOOP VITIS_LOOP_328_1_VITIS_LOOP_329_2 BUNDLEDNAME {} DSP 0 BRAM 0 URAM 0 STORAGESUBTYPE {} DISPNAME {bind_op setne} VISIBLE false} {BINDTYPE op ID {} IMPL auto LATENCY 0 OPTYPE setlt PRAGMA {} RTLNAME grp_fu_574_p2 SOURCE ./calorimeter.h:218 VARIABLE icmp_ln218 LOOP VITIS_LOOP_328_1_VITIS_LOOP_329_2 BUNDLEDNAME {} DSP 0 BRAM 0 URAM 0 STORAGESUBTYPE {} DISPNAME {bind_op setlt} VISIBLE false} {BINDTYPE op ID {} IMPL auto LATENCY 0 OPTYPE xor PRAGMA {} RTLNAME xor_ln218_36_fu_974_p2 SOURCE ./calorimeter.h:218 VARIABLE xor_ln218_36 LOOP VITIS_LOOP_328_1_VITIS_LOOP_329_2 BUNDLEDNAME {} DSP 0 BRAM 0 URAM 0 STORAGESUBTYPE {} DISPNAME {bind_op xor} VISIBLE false} {BINDTYPE op ID {} IMPL fabric LATENCY 0 OPTYPE add PRAGMA {} RTLNAME phi_fu_800_p2 SOURCE ./calorimeter.h:213 VARIABLE phi LOOP VITIS_LOOP_328_1_VITIS_LOOP_329_2 BUNDLEDNAME {} DSP 0 BRAM 0 URAM 0 STORAGESUBTYPE {} DISPNAME {bind_op add} VISIBLE true} {BINDTYPE op ID {} IMPL auto LATENCY 0 OPTYPE setgt PRAGMA {} RTLNAME icmp_ln162_fu_805_p2 SOURCE ./calorimeter.h:162 VARIABLE icmp_ln162 LOOP VITIS_LOOP_328_1_VITIS_LOOP_329_2 BUNDLEDNAME {} DSP 0 BRAM 0 URAM 0 STORAGESUBTYPE {} DISPNAME {bind_op setgt} VISIBLE false} {BINDTYPE op ID {} IMPL fabric LATENCY 0 OPTYPE add PRAGMA {} RTLNAME add_ln163_fu_811_p2 SOURCE ./calorimeter.h:163 VARIABLE add_ln163 LOOP VITIS_LOOP_328_1_VITIS_LOOP_329_2 BUNDLEDNAME {} DSP 0 BRAM 0 URAM 0 STORAGESUBTYPE {} DISPNAME {bind_op add} VISIBLE true} {BINDTYPE op ID {} IMPL auto_sel LATENCY 0 OPTYPE select PRAGMA {} RTLNAME phi_idx_14_fu_820_p3 SOURCE ./calorimeter.h:162 VARIABLE phi_idx_14 LOOP VITIS_LOOP_328_1_VITIS_LOOP_329_2 BUNDLEDNAME {} DSP 0 BRAM 0 URAM 0 STORAGESUBTYPE {} DISPNAME {bind_op select} VISIBLE false} {BINDTYPE op ID {} IMPL fabric LATENCY 0 OPTYPE add PRAGMA {} RTLNAME add_ln216_50_fu_832_p2 SOURCE ./calorimeter.h:216 VARIABLE add_ln216_50 LOOP VITIS_LOOP_328_1_VITIS_LOOP_329_2 BUNDLEDNAME {} DSP 0 BRAM 0 URAM 0 STORAGESUBTYPE {} DISPNAME {bind_op add} VISIBLE true} {BINDTYPE op ID {} IMPL fabric LATENCY 0 OPTYPE add PRAGMA {} RTLNAME add_ln216_51_fu_862_p2 SOURCE ./calorimeter.h:216 VARIABLE add_ln216_51 LOOP VITIS_LOOP_328_1_VITIS_LOOP_329_2 BUNDLEDNAME {} DSP 0 BRAM 0 URAM 0 STORAGESUBTYPE {} DISPNAME {bind_op add} VISIBLE true} {BINDTYPE op ID {} IMPL fabric LATENCY 0 OPTYPE add PRAGMA {} RTLNAME add_ln216_52_fu_979_p2 SOURCE ./calorimeter.h:216 VARIABLE add_ln216_52 LOOP VITIS_LOOP_328_1_VITIS_LOOP_329_2 BUNDLEDNAME {} DSP 0 BRAM 0 URAM 0 STORAGESUBTYPE {} DISPNAME {bind_op add} VISIBLE true} {BINDTYPE op ID {} IMPL fabric LATENCY 0 OPTYPE add PRAGMA {} RTLNAME add_ln187_62_fu_1233_p2 SOURCE ./calorimeter.h:187 VARIABLE add_ln187_62 LOOP VITIS_LOOP_328_1_VITIS_LOOP_329_2 BUNDLEDNAME {} DSP 0 BRAM 0 URAM 0 STORAGESUBTYPE {} DISPNAME {bind_op add} VISIBLE true} {BINDTYPE op ID {} IMPL fabric LATENCY 0 OPTYPE add PRAGMA {} RTLNAME add_ln187_64_fu_1566_p2 SOURCE ./calorimeter.h:187 VARIABLE add_ln187_64 LOOP VITIS_LOOP_328_1_VITIS_LOOP_329_2 BUNDLEDNAME {} DSP 0 BRAM 0 URAM 0 STORAGESUBTYPE {} DISPNAME {bind_op add} VISIBLE true} {BINDTYPE op ID {} IMPL fabric LATENCY 0 OPTYPE add PRAGMA {} RTLNAME add_ln187_68_fu_1866_p2 SOURCE ./calorimeter.h:187 VARIABLE add_ln187_68 LOOP VITIS_LOOP_328_1_VITIS_LOOP_329_2 BUNDLEDNAME {} DSP 0 BRAM 0 URAM 0 STORAGESUBTYPE {} DISPNAME {bind_op add} VISIBLE true} {BINDTYPE op ID {} IMPL fabric LATENCY 0 OPTYPE add PRAGMA {} RTLNAME add_ln187_69_fu_2252_p2 SOURCE ./calorimeter.h:187 VARIABLE add_ln187_69 LOOP VITIS_LOOP_328_1_VITIS_LOOP_329_2 BUNDLEDNAME {} DSP 0 BRAM 0 URAM 0 STORAGESUBTYPE {} DISPNAME {bind_op add} VISIBLE true} {BINDTYPE op ID {} IMPL fabric LATENCY 0 OPTYPE add PRAGMA {} RTLNAME add_ln216_53_fu_847_p2 SOURCE ./calorimeter.h:216 VARIABLE add_ln216_53 LOOP VITIS_LOOP_328_1_VITIS_LOOP_329_2 BUNDLEDNAME {} DSP 0 BRAM 0 URAM 0 STORAGESUBTYPE {} DISPNAME {bind_op add} VISIBLE true} {BINDTYPE op ID {} IMPL fabric LATENCY 0 OPTYPE add PRAGMA {} RTLNAME add_ln216_54_fu_949_p2 SOURCE ./calorimeter.h:216 VARIABLE add_ln216_54 LOOP VITIS_LOOP_328_1_VITIS_LOOP_329_2 BUNDLEDNAME {} DSP 0 BRAM 0 URAM 0 STORAGESUBTYPE {} DISPNAME {bind_op add} VISIBLE true} {BINDTYPE op ID {} IMPL fabric LATENCY 0 OPTYPE add PRAGMA {} RTLNAME add_ln187_71_fu_1215_p2 SOURCE ./calorimeter.h:187 VARIABLE add_ln187_71 LOOP VITIS_LOOP_328_1_VITIS_LOOP_329_2 BUNDLEDNAME {} DSP 0 BRAM 0 URAM 0 STORAGESUBTYPE {} DISPNAME {bind_op add} VISIBLE true} {BINDTYPE op ID {} IMPL fabric LATENCY 0 OPTYPE add PRAGMA {} RTLNAME add_ln187_75_fu_1548_p2 SOURCE ./calorimeter.h:187 VARIABLE add_ln187_75 LOOP VITIS_LOOP_328_1_VITIS_LOOP_329_2 BUNDLEDNAME {} DSP 0 BRAM 0 URAM 0 STORAGESUBTYPE {} DISPNAME {bind_op add} VISIBLE true} {BINDTYPE op ID {} IMPL fabric LATENCY 0 OPTYPE add PRAGMA {} RTLNAME add_ln187_83_fu_1848_p2 SOURCE ./calorimeter.h:187 VARIABLE add_ln187_83 LOOP VITIS_LOOP_328_1_VITIS_LOOP_329_2 BUNDLEDNAME {} DSP 0 BRAM 0 URAM 0 STORAGESUBTYPE {} DISPNAME {bind_op add} VISIBLE true} {BINDTYPE op ID {} IMPL fabric LATENCY 0 OPTYPE add PRAGMA {} RTLNAME add_ln187_99_fu_2257_p2 SOURCE ./calorimeter.h:187 VARIABLE add_ln187_99 LOOP VITIS_LOOP_328_1_VITIS_LOOP_329_2 BUNDLEDNAME {} DSP 0 BRAM 0 URAM 0 STORAGESUBTYPE {} DISPNAME {bind_op add} VISIBLE true} {BINDTYPE op ID {} IMPL auto LATENCY 0 OPTYPE setlt PRAGMA {} RTLNAME grp_fu_574_p2 SOURCE ./calorimeter.h:218 VARIABLE icmp_ln218_47 LOOP VITIS_LOOP_328_1_VITIS_LOOP_329_2 BUNDLEDNAME {} DSP 0 BRAM 0 URAM 0 STORAGESUBTYPE {} DISPNAME {bind_op setlt} VISIBLE false} {BINDTYPE op ID {} IMPL auto LATENCY 0 OPTYPE xor PRAGMA {} RTLNAME xor_ln218_37_fu_988_p2 SOURCE ./calorimeter.h:218 VARIABLE xor_ln218_37 LOOP VITIS_LOOP_328_1_VITIS_LOOP_329_2 BUNDLEDNAME {} DSP 0 BRAM 0 URAM 0 STORAGESUBTYPE {} DISPNAME {bind_op xor} VISIBLE false} {BINDTYPE op ID {} IMPL auto LATENCY 0 OPTYPE setlt PRAGMA {} RTLNAME icmp_ln218_48_fu_994_p2 SOURCE ./calorimeter.h:218 VARIABLE icmp_ln218_48 LOOP VITIS_LOOP_328_1_VITIS_LOOP_329_2 BUNDLEDNAME {} DSP 0 BRAM 0 URAM 0 STORAGESUBTYPE {} DISPNAME {bind_op setlt} VISIBLE false} {BINDTYPE op ID {} IMPL auto LATENCY 0 OPTYPE xor PRAGMA {} RTLNAME xor_ln218_38_fu_1000_p2 SOURCE ./calorimeter.h:218 VARIABLE xor_ln218_38 LOOP VITIS_LOOP_328_1_VITIS_LOOP_329_2 BUNDLEDNAME {} DSP 0 BRAM 0 URAM 0 STORAGESUBTYPE {} DISPNAME {bind_op xor} VISIBLE false} {BINDTYPE op ID {} IMPL auto LATENCY 0 OPTYPE setlt PRAGMA {} RTLNAME icmp_ln218_49_fu_1006_p2 SOURCE ./calorimeter.h:218 VARIABLE icmp_ln218_49 LOOP VITIS_LOOP_328_1_VITIS_LOOP_329_2 BUNDLEDNAME {} DSP 0 BRAM 0 URAM 0 STORAGESUBTYPE {} DISPNAME {bind_op setlt} VISIBLE false} {BINDTYPE op ID {} IMPL auto LATENCY 0 OPTYPE xor PRAGMA {} RTLNAME xor_ln218_39_fu_1012_p2 SOURCE ./calorimeter.h:218 VARIABLE xor_ln218_39 LOOP VITIS_LOOP_328_1_VITIS_LOOP_329_2 BUNDLEDNAME {} DSP 0 BRAM 0 URAM 0 STORAGESUBTYPE {} DISPNAME {bind_op xor} VISIBLE false} {BINDTYPE op ID {} IMPL auto LATENCY 0 OPTYPE and PRAGMA {} RTLNAME and_ln218_fu_1018_p2 SOURCE ./calorimeter.h:218 VARIABLE and_ln218 LOOP VITIS_LOOP_328_1_VITIS_LOOP_329_2 BUNDLEDNAME {} DSP 0 BRAM 0 URAM 0 STORAGESUBTYPE {} DISPNAME {bind_op and} VISIBLE false} {BINDTYPE op ID {} IMPL auto LATENCY 0 OPTYPE setlt PRAGMA {} RTLNAME icmp_ln218_50_fu_871_p2 SOURCE ./calorimeter.h:218 VARIABLE icmp_ln218_50 LOOP VITIS_LOOP_328_1_VITIS_LOOP_329_2 BUNDLEDNAME {} DSP 0 BRAM 0 URAM 0 STORAGESUBTYPE {} DISPNAME {bind_op setlt} VISIBLE false} {BINDTYPE op ID {} IMPL auto LATENCY 0 OPTYPE and PRAGMA {} RTLNAME and_ln218_58_fu_1023_p2 SOURCE ./calorimeter.h:218 VARIABLE and_ln218_58 LOOP VITIS_LOOP_328_1_VITIS_LOOP_329_2 BUNDLEDNAME {} DSP 0 BRAM 0 URAM 0 STORAGESUBTYPE {} DISPNAME {bind_op and} VISIBLE false} {BINDTYPE op ID {} IMPL auto LATENCY 0 OPTYPE and PRAGMA {} RTLNAME and_ln218_59_fu_1028_p2 SOURCE ./calorimeter.h:218 VARIABLE and_ln218_59 LOOP VITIS_LOOP_328_1_VITIS_LOOP_329_2 BUNDLEDNAME {} DSP 0 BRAM 0 URAM 0 STORAGESUBTYPE {} DISPNAME {bind_op and} VISIBLE false} {BINDTYPE op ID {} IMPL auto LATENCY 0 OPTYPE setlt PRAGMA {} RTLNAME icmp_ln218_51_fu_877_p2 SOURCE ./calorimeter.h:218 VARIABLE icmp_ln218_51 LOOP VITIS_LOOP_328_1_VITIS_LOOP_329_2 BUNDLEDNAME {} DSP 0 BRAM 0 URAM 0 STORAGESUBTYPE {} DISPNAME {bind_op setlt} VISIBLE false} {BINDTYPE op ID {} IMPL auto LATENCY 0 OPTYPE and PRAGMA {} RTLNAME and_ln218_60_fu_1034_p2 SOURCE ./calorimeter.h:218 VARIABLE and_ln218_60 LOOP VITIS_LOOP_328_1_VITIS_LOOP_329_2 BUNDLEDNAME {} DSP 0 BRAM 0 URAM 0 STORAGESUBTYPE {} DISPNAME {bind_op and} VISIBLE false} {BINDTYPE op ID {} IMPL auto LATENCY 0 OPTYPE and PRAGMA {} RTLNAME and_ln218_61_fu_1040_p2 SOURCE ./calorimeter.h:218 VARIABLE and_ln218_61 LOOP VITIS_LOOP_328_1_VITIS_LOOP_329_2 BUNDLEDNAME {} DSP 0 BRAM 0 URAM 0 STORAGESUBTYPE {} DISPNAME {bind_op and} VISIBLE false} {BINDTYPE op ID {} IMPL auto LATENCY 0 OPTYPE and PRAGMA {} RTLNAME and_ln218_62_fu_1046_p2 SOURCE ./calorimeter.h:218 VARIABLE and_ln218_62 LOOP VITIS_LOOP_328_1_VITIS_LOOP_329_2 BUNDLEDNAME {} DSP 0 BRAM 0 URAM 0 STORAGESUBTYPE {} DISPNAME {bind_op and} VISIBLE false} {BINDTYPE op ID {} IMPL auto LATENCY 0 OPTYPE and PRAGMA {} RTLNAME and_ln218_26_fu_1051_p2 SOURCE ./calorimeter.h:218 VARIABLE and_ln218_26 LOOP VITIS_LOOP_328_1_VITIS_LOOP_329_2 BUNDLEDNAME {} DSP 0 BRAM 0 URAM 0 STORAGESUBTYPE {} DISPNAME {bind_op and} VISIBLE false} {BINDTYPE op ID {} IMPL auto LATENCY 0 OPTYPE setgt PRAGMA {} RTLNAME icmp_ln218_52_fu_1094_p2 SOURCE ./calorimeter.h:218 VARIABLE icmp_ln218_52 LOOP VITIS_LOOP_328_1_VITIS_LOOP_329_2 BUNDLEDNAME {} DSP 0 BRAM 0 URAM 0 STORAGESUBTYPE {} DISPNAME {bind_op setgt} VISIBLE false} {BINDTYPE op ID {} IMPL auto LATENCY 0 OPTYPE xor PRAGMA {} RTLNAME xor_ln218_fu_1057_p2 SOURCE ./calorimeter.h:218 VARIABLE xor_ln218 LOOP VITIS_LOOP_328_1_VITIS_LOOP_329_2 BUNDLEDNAME {} DSP 0 BRAM 0 URAM 0 STORAGESUBTYPE {} DISPNAME {bind_op xor} VISIBLE false} {BINDTYPE op ID {} IMPL fabric LATENCY 0 OPTYPE add PRAGMA {} RTLNAME core3_et_fu_899_p2 SOURCE ./calorimeter.h:187 VARIABLE core3_et LOOP VITIS_LOOP_328_1_VITIS_LOOP_329_2 BUNDLEDNAME {} DSP 0 BRAM 0 URAM 0 STORAGESUBTYPE {} DISPNAME {bind_op add} VISIBLE true} {BINDTYPE op ID {} IMPL fabric LATENCY 0 OPTYPE add PRAGMA {} RTLNAME add_ln187_56_fu_909_p2 SOURCE ./calorimeter.h:187 VARIABLE add_ln187_56 LOOP VITIS_LOOP_328_1_VITIS_LOOP_329_2 BUNDLEDNAME {} DSP 0 BRAM 0 URAM 0 STORAGESUBTYPE {} DISPNAME {bind_op add} VISIBLE true} {BINDTYPE op ID {} IMPL fabric LATENCY 0 OPTYPE add PRAGMA {} RTLNAME core3_et_4_fu_919_p2 SOURCE ./calorimeter.h:187 VARIABLE core3_et_4 LOOP VITIS_LOOP_328_1_VITIS_LOOP_329_2 BUNDLEDNAME {} DSP 0 BRAM 0 URAM 0 STORAGESUBTYPE {} DISPNAME {bind_op add} VISIBLE true} {BINDTYPE op ID {} IMPL fabric LATENCY 0 OPTYPE add PRAGMA {} RTLNAME add_ln187_59_fu_1129_p2 SOURCE ./calorimeter.h:187 VARIABLE add_ln187_59 LOOP VITIS_LOOP_328_1_VITIS_LOOP_329_2 BUNDLEDNAME {} DSP 0 BRAM 0 URAM 0 STORAGESUBTYPE {} DISPNAME {bind_op add} VISIBLE true} {BINDTYPE op ID {} IMPL fabric LATENCY 0 OPTYPE add PRAGMA {} RTLNAME add_ln187_60_fu_1139_p2 SOURCE ./calorimeter.h:187 VARIABLE add_ln187_60 LOOP VITIS_LOOP_328_1_VITIS_LOOP_329_2 BUNDLEDNAME {} DSP 0 BRAM 0 URAM 0 STORAGESUBTYPE {} DISPNAME {bind_op add} VISIBLE true} {BINDTYPE op ID {} IMPL fabric LATENCY 0 OPTYPE add PRAGMA {} RTLNAME core3_et_6_fu_1159_p2 SOURCE ./calorimeter.h:187 VARIABLE core3_et_6 LOOP VITIS_LOOP_328_1_VITIS_LOOP_329_2 BUNDLEDNAME {} DSP 0 BRAM 0 URAM 0 STORAGESUBTYPE {} DISPNAME {bind_op add} VISIBLE true} {BINDTYPE op ID {} IMPL fabric LATENCY 0 OPTYPE add PRAGMA {} RTLNAME add_ln184_1_fu_1169_p2 SOURCE ./calorimeter.h:184 VARIABLE add_ln184_1 LOOP VITIS_LOOP_328_1_VITIS_LOOP_329_2 BUNDLEDNAME {} DSP 0 BRAM 0 URAM 0 STORAGESUBTYPE {} DISPNAME {bind_op add} VISIBLE true} {BINDTYPE op ID {} IMPL fabric LATENCY 0 OPTYPE add PRAGMA {} RTLNAME add_ln161_3_fu_1182_p2 SOURCE ./calorimeter.h:161 VARIABLE add_ln161_3 LOOP VITIS_LOOP_328_1_VITIS_LOOP_329_2 BUNDLEDNAME {} DSP 0 BRAM 0 URAM 0 STORAGESUBTYPE {} DISPNAME {bind_op add} VISIBLE true} {BINDTYPE op ID {} IMPL auto_sel LATENCY 0 OPTYPE select PRAGMA {} RTLNAME phi_idx_15_fu_1187_p3 SOURCE ./calorimeter.h:160 VARIABLE phi_idx_15 LOOP VITIS_LOOP_328_1_VITIS_LOOP_329_2 BUNDLEDNAME {} DSP 0 BRAM 0 URAM 0 STORAGESUBTYPE {} DISPNAME {bind_op select} VISIBLE false} {BINDTYPE op ID {} IMPL fabric LATENCY 0 OPTYPE add PRAGMA {} RTLNAME add_ln187_104_fu_1199_p2 SOURCE ./calorimeter.h:187 VARIABLE add_ln187_104 LOOP VITIS_LOOP_328_1_VITIS_LOOP_329_2 BUNDLEDNAME {} DSP 0 BRAM 0 URAM 0 STORAGESUBTYPE {} DISPNAME {bind_op add} VISIBLE true} {BINDTYPE op ID {} IMPL fabric LATENCY 0 OPTYPE add PRAGMA {} RTLNAME add_ln184_fu_1242_p2 SOURCE ./calorimeter.h:184 VARIABLE add_ln184 LOOP VITIS_LOOP_328_1_VITIS_LOOP_329_2 BUNDLEDNAME {} DSP 0 BRAM 0 URAM 0 STORAGESUBTYPE {} DISPNAME {bind_op add} VISIBLE true} {BINDTYPE op ID {} IMPL auto LATENCY 0 OPTYPE setgt PRAGMA {} RTLNAME icmp_ln162_3_fu_1247_p2 SOURCE ./calorimeter.h:162 VARIABLE icmp_ln162_3 LOOP VITIS_LOOP_328_1_VITIS_LOOP_329_2 BUNDLEDNAME {} DSP 0 BRAM 0 URAM 0 STORAGESUBTYPE {} DISPNAME {bind_op setgt} VISIBLE false} {BINDTYPE op ID {} IMPL fabric LATENCY 0 OPTYPE add PRAGMA {} RTLNAME add_ln163_3_fu_1253_p2 SOURCE ./calorimeter.h:163 VARIABLE add_ln163_3 LOOP VITIS_LOOP_328_1_VITIS_LOOP_329_2 BUNDLEDNAME {} DSP 0 BRAM 0 URAM 0 STORAGESUBTYPE {} DISPNAME {bind_op add} VISIBLE true} {BINDTYPE op ID {} IMPL auto_sel LATENCY 0 OPTYPE select PRAGMA {} RTLNAME phi_idx_16_fu_1262_p3 SOURCE ./calorimeter.h:162 VARIABLE phi_idx_16 LOOP VITIS_LOOP_328_1_VITIS_LOOP_329_2 BUNDLEDNAME {} DSP 0 BRAM 0 URAM 0 STORAGESUBTYPE {} DISPNAME {bind_op select} VISIBLE false} {BINDTYPE op ID {} IMPL fabric LATENCY 0 OPTYPE add PRAGMA {} RTLNAME add_ln187_105_fu_1274_p2 SOURCE ./calorimeter.h:187 VARIABLE add_ln187_105 LOOP VITIS_LOOP_328_1_VITIS_LOOP_329_2 BUNDLEDNAME {} DSP 0 BRAM 0 URAM 0 STORAGESUBTYPE {} DISPNAME {bind_op add} VISIBLE true} {BINDTYPE op ID {} IMPL fabric LATENCY 0 OPTYPE add PRAGMA {} RTLNAME add_ln187_106_fu_1365_p2 SOURCE ./calorimeter.h:187 VARIABLE add_ln187_106 LOOP VITIS_LOOP_328_1_VITIS_LOOP_329_2 BUNDLEDNAME {} DSP 0 BRAM 0 URAM 0 STORAGESUBTYPE {} DISPNAME {bind_op add} VISIBLE true} {BINDTYPE op ID {} IMPL fabric LATENCY 0 OPTYPE add PRAGMA {} RTLNAME add_ln187_107_fu_1383_p2 SOURCE ./calorimeter.h:187 VARIABLE add_ln187_107 LOOP VITIS_LOOP_328_1_VITIS_LOOP_329_2 BUNDLEDNAME {} DSP 0 BRAM 0 URAM 0 STORAGESUBTYPE {} DISPNAME {bind_op add} VISIBLE true} {BINDTYPE op ID {} IMPL fabric LATENCY 0 OPTYPE add PRAGMA {} RTLNAME add_ln187_108_fu_1498_p2 SOURCE ./calorimeter.h:187 VARIABLE add_ln187_108 LOOP VITIS_LOOP_328_1_VITIS_LOOP_329_2 BUNDLEDNAME {} DSP 0 BRAM 0 URAM 0 STORAGESUBTYPE {} DISPNAME {bind_op add} VISIBLE true} {BINDTYPE op ID {} IMPL fabric LATENCY 0 OPTYPE add PRAGMA {} RTLNAME add_ln187_109_fu_1575_p2 SOURCE ./calorimeter.h:187 VARIABLE add_ln187_109 LOOP VITIS_LOOP_328_1_VITIS_LOOP_329_2 BUNDLEDNAME {} DSP 0 BRAM 0 URAM 0 STORAGESUBTYPE {} DISPNAME {bind_op add} VISIBLE true} {BINDTYPE op ID {} IMPL fabric LATENCY 0 OPTYPE add PRAGMA {} RTLNAME add_ln187_110_fu_1912_p2 SOURCE ./calorimeter.h:187 VARIABLE add_ln187_110 LOOP VITIS_LOOP_328_1_VITIS_LOOP_329_2 BUNDLEDNAME {} DSP 0 BRAM 0 URAM 0 STORAGESUBTYPE {} DISPNAME {bind_op add} VISIBLE true} {BINDTYPE op ID {} IMPL fabric LATENCY 0 OPTYPE add PRAGMA {} RTLNAME add_ln187_111_fu_2262_p2 SOURCE ./calorimeter.h:187 VARIABLE add_ln187_111 LOOP VITIS_LOOP_328_1_VITIS_LOOP_329_2 BUNDLEDNAME {} DSP 0 BRAM 0 URAM 0 STORAGESUBTYPE {} DISPNAME {bind_op add} VISIBLE true} {BINDTYPE op ID {} IMPL fabric LATENCY 0 OPTYPE add PRAGMA {} RTLNAME add_ln187_112_fu_1304_p2 SOURCE ./calorimeter.h:187 VARIABLE add_ln187_112 LOOP VITIS_LOOP_328_1_VITIS_LOOP_329_2 BUNDLEDNAME {} DSP 0 BRAM 0 URAM 0 STORAGESUBTYPE {} DISPNAME {bind_op add} VISIBLE true} {BINDTYPE op ID {} IMPL fabric LATENCY 0 OPTYPE add PRAGMA {} RTLNAME add_ln187_113_fu_1374_p2 SOURCE ./calorimeter.h:187 VARIABLE add_ln187_113 LOOP VITIS_LOOP_328_1_VITIS_LOOP_329_2 BUNDLEDNAME {} DSP 0 BRAM 0 URAM 0 STORAGESUBTYPE {} DISPNAME {bind_op add} VISIBLE true} {BINDTYPE op ID {} IMPL fabric LATENCY 0 OPTYPE add PRAGMA {} RTLNAME add_ln187_114_fu_1443_p2 SOURCE ./calorimeter.h:187 VARIABLE add_ln187_114 LOOP VITIS_LOOP_328_1_VITIS_LOOP_329_2 BUNDLEDNAME {} DSP 0 BRAM 0 URAM 0 STORAGESUBTYPE {} DISPNAME {bind_op add} VISIBLE true} {BINDTYPE op ID {} IMPL fabric LATENCY 0 OPTYPE add PRAGMA {} RTLNAME add_ln187_115_fu_1538_p2 SOURCE ./calorimeter.h:187 VARIABLE add_ln187_115 LOOP VITIS_LOOP_328_1_VITIS_LOOP_329_2 BUNDLEDNAME {} DSP 0 BRAM 0 URAM 0 STORAGESUBTYPE {} DISPNAME {bind_op add} VISIBLE true} {BINDTYPE op ID {} IMPL fabric LATENCY 0 OPTYPE add PRAGMA {} RTLNAME add_ln187_116_fu_1786_p2 SOURCE ./calorimeter.h:187 VARIABLE add_ln187_116 LOOP VITIS_LOOP_328_1_VITIS_LOOP_329_2 BUNDLEDNAME {} DSP 0 BRAM 0 URAM 0 STORAGESUBTYPE {} DISPNAME {bind_op add} VISIBLE true} {BINDTYPE op ID {} IMPL fabric LATENCY 0 OPTYPE add PRAGMA {} RTLNAME add_ln187_117_fu_2267_p2 SOURCE ./calorimeter.h:187 VARIABLE add_ln187_117 LOOP VITIS_LOOP_328_1_VITIS_LOOP_329_2 BUNDLEDNAME {} DSP 0 BRAM 0 URAM 0 STORAGESUBTYPE {} DISPNAME {bind_op add} VISIBLE true} {BINDTYPE op ID {} IMPL fabric LATENCY 0 OPTYPE add PRAGMA {} RTLNAME add_ln184_3_fu_1654_p2 SOURCE ./calorimeter.h:184 VARIABLE add_ln184_3 LOOP VITIS_LOOP_328_1_VITIS_LOOP_329_2 BUNDLEDNAME {} DSP 0 BRAM 0 URAM 0 STORAGESUBTYPE {} DISPNAME {bind_op add} VISIBLE true} {BINDTYPE op ID {} IMPL fabric LATENCY 0 OPTYPE add PRAGMA {} RTLNAME add_ln161_4_fu_1667_p2 SOURCE ./calorimeter.h:161 VARIABLE add_ln161_4 LOOP VITIS_LOOP_328_1_VITIS_LOOP_329_2 BUNDLEDNAME {} DSP 0 BRAM 0 URAM 0 STORAGESUBTYPE {} DISPNAME {bind_op add} VISIBLE true} {BINDTYPE op ID {} IMPL auto_sel LATENCY 0 OPTYPE select PRAGMA {} RTLNAME phi_idx_17_fu_1672_p3 SOURCE ./calorimeter.h:160 VARIABLE phi_idx_17 LOOP VITIS_LOOP_328_1_VITIS_LOOP_329_2 BUNDLEDNAME {} DSP 0 BRAM 0 URAM 0 STORAGESUBTYPE {} DISPNAME {bind_op select} VISIBLE false} {BINDTYPE op ID {} IMPL fabric LATENCY 0 OPTYPE add PRAGMA {} RTLNAME add_ln187_118_fu_1684_p2 SOURCE ./calorimeter.h:187 VARIABLE add_ln187_118 LOOP VITIS_LOOP_328_1_VITIS_LOOP_329_2 BUNDLEDNAME {} DSP 0 BRAM 0 URAM 0 STORAGESUBTYPE {} DISPNAME {bind_op add} VISIBLE true} {BINDTYPE op ID {} IMPL fabric LATENCY 0 OPTYPE add PRAGMA {} RTLNAME add_ln184_2_fu_1929_p2 SOURCE ./calorimeter.h:184 VARIABLE add_ln184_2 LOOP VITIS_LOOP_328_1_VITIS_LOOP_329_2 BUNDLEDNAME {} DSP 0 BRAM 0 URAM 0 STORAGESUBTYPE {} DISPNAME {bind_op add} VISIBLE true} {BINDTYPE op ID {} IMPL auto LATENCY 0 OPTYPE setgt PRAGMA {} RTLNAME icmp_ln162_4_fu_1934_p2 SOURCE ./calorimeter.h:162 VARIABLE icmp_ln162_4 LOOP VITIS_LOOP_328_1_VITIS_LOOP_329_2 BUNDLEDNAME {} DSP 0 BRAM 0 URAM 0 STORAGESUBTYPE {} DISPNAME {bind_op setgt} VISIBLE false} {BINDTYPE op ID {} IMPL fabric LATENCY 0 OPTYPE add PRAGMA {} RTLNAME add_ln163_4_fu_1940_p2 SOURCE ./calorimeter.h:163 VARIABLE add_ln163_4 LOOP VITIS_LOOP_328_1_VITIS_LOOP_329_2 BUNDLEDNAME {} DSP 0 BRAM 0 URAM 0 STORAGESUBTYPE {} DISPNAME {bind_op add} VISIBLE true} {BINDTYPE op ID {} IMPL auto_sel LATENCY 0 OPTYPE select PRAGMA {} RTLNAME phi_idx_18_fu_1949_p3 SOURCE ./calorimeter.h:162 VARIABLE phi_idx_18 LOOP VITIS_LOOP_328_1_VITIS_LOOP_329_2 BUNDLEDNAME {} DSP 0 BRAM 0 URAM 0 STORAGESUBTYPE {} DISPNAME {bind_op select} VISIBLE false} {BINDTYPE op ID {} IMPL fabric LATENCY 0 OPTYPE add PRAGMA {} RTLNAME add_ln187_119_fu_1961_p2 SOURCE ./calorimeter.h:187 VARIABLE add_ln187_119 LOOP VITIS_LOOP_328_1_VITIS_LOOP_329_2 BUNDLEDNAME {} DSP 0 BRAM 0 URAM 0 STORAGESUBTYPE {} DISPNAME {bind_op add} VISIBLE true} {BINDTYPE op ID {} IMPL fabric LATENCY 0 OPTYPE add PRAGMA {} RTLNAME add_ln187_120_fu_1986_p2 SOURCE ./calorimeter.h:187 VARIABLE add_ln187_120 LOOP VITIS_LOOP_328_1_VITIS_LOOP_329_2 BUNDLEDNAME {} DSP 0 BRAM 0 URAM 0 STORAGESUBTYPE {} DISPNAME {bind_op add} VISIBLE true} {BINDTYPE op ID {} IMPL fabric LATENCY 0 OPTYPE add PRAGMA {} RTLNAME add_ln187_121_fu_2040_p2 SOURCE ./calorimeter.h:187 VARIABLE add_ln187_121 LOOP VITIS_LOOP_328_1_VITIS_LOOP_329_2 BUNDLEDNAME {} DSP 0 BRAM 0 URAM 0 STORAGESUBTYPE {} DISPNAME {bind_op add} VISIBLE true} {BINDTYPE op ID {} IMPL fabric LATENCY 0 OPTYPE add PRAGMA {} RTLNAME add_ln187_122_fu_2085_p2 SOURCE ./calorimeter.h:187 VARIABLE add_ln187_122 LOOP VITIS_LOOP_328_1_VITIS_LOOP_329_2 BUNDLEDNAME {} DSP 0 BRAM 0 URAM 0 STORAGESUBTYPE {} DISPNAME {bind_op add} VISIBLE true} {BINDTYPE op ID {} IMPL fabric LATENCY 0 OPTYPE add PRAGMA {} RTLNAME add_ln187_123_fu_2117_p2 SOURCE ./calorimeter.h:187 VARIABLE add_ln187_123 LOOP VITIS_LOOP_328_1_VITIS_LOOP_329_2 BUNDLEDNAME {} DSP 0 BRAM 0 URAM 0 STORAGESUBTYPE {} DISPNAME {bind_op add} VISIBLE true} {BINDTYPE op ID {} IMPL fabric LATENCY 0 OPTYPE add PRAGMA {} RTLNAME add_ln187_124_fu_2135_p2 SOURCE ./calorimeter.h:187 VARIABLE add_ln187_124 LOOP VITIS_LOOP_328_1_VITIS_LOOP_329_2 BUNDLEDNAME {} DSP 0 BRAM 0 URAM 0 STORAGESUBTYPE {} DISPNAME {bind_op add} VISIBLE true} {BINDTYPE op ID {} IMPL fabric LATENCY 0 OPTYPE add PRAGMA {} RTLNAME add_ln187_125_fu_2272_p2 SOURCE ./calorimeter.h:187 VARIABLE add_ln187_125 LOOP VITIS_LOOP_328_1_VITIS_LOOP_329_2 BUNDLEDNAME {} DSP 0 BRAM 0 URAM 0 STORAGESUBTYPE {} DISPNAME {bind_op add} VISIBLE true} {BINDTYPE op ID {} IMPL fabric LATENCY 0 OPTYPE add PRAGMA {} RTLNAME add_ln187_126_fu_1977_p2 SOURCE ./calorimeter.h:187 VARIABLE add_ln187_126 LOOP VITIS_LOOP_328_1_VITIS_LOOP_329_2 BUNDLEDNAME {} DSP 0 BRAM 0 URAM 0 STORAGESUBTYPE {} DISPNAME {bind_op add} VISIBLE true} {BINDTYPE op ID {} IMPL fabric LATENCY 0 OPTYPE add PRAGMA {} RTLNAME add_ln187_127_fu_2022_p2 SOURCE ./calorimeter.h:187 VARIABLE add_ln187_127 LOOP VITIS_LOOP_328_1_VITIS_LOOP_329_2 BUNDLEDNAME {} DSP 0 BRAM 0 URAM 0 STORAGESUBTYPE {} DISPNAME {bind_op add} VISIBLE true} {BINDTYPE op ID {} IMPL fabric LATENCY 0 OPTYPE add PRAGMA {} RTLNAME add_ln187_128_fu_2049_p2 SOURCE ./calorimeter.h:187 VARIABLE add_ln187_128 LOOP VITIS_LOOP_328_1_VITIS_LOOP_329_2 BUNDLEDNAME {} DSP 0 BRAM 0 URAM 0 STORAGESUBTYPE {} DISPNAME {bind_op add} VISIBLE true} {BINDTYPE op ID {} IMPL fabric LATENCY 0 OPTYPE add PRAGMA {} RTLNAME add_ln187_129_fu_2094_p2 SOURCE ./calorimeter.h:187 VARIABLE add_ln187_129 LOOP VITIS_LOOP_328_1_VITIS_LOOP_329_2 BUNDLEDNAME {} DSP 0 BRAM 0 URAM 0 STORAGESUBTYPE {} DISPNAME {bind_op add} VISIBLE true} {BINDTYPE op ID {} IMPL fabric LATENCY 0 OPTYPE add PRAGMA {} RTLNAME add_ln187_130_fu_2126_p2 SOURCE ./calorimeter.h:187 VARIABLE add_ln187_130 LOOP VITIS_LOOP_328_1_VITIS_LOOP_329_2 BUNDLEDNAME {} DSP 0 BRAM 0 URAM 0 STORAGESUBTYPE {} DISPNAME {bind_op add} VISIBLE true} {BINDTYPE op ID {} IMPL fabric LATENCY 0 OPTYPE add PRAGMA {} RTLNAME add_ln187_131_fu_2277_p2 SOURCE ./calorimeter.h:187 VARIABLE add_ln187_131 LOOP VITIS_LOOP_328_1_VITIS_LOOP_329_2 BUNDLEDNAME {} DSP 0 BRAM 0 URAM 0 STORAGESUBTYPE {} DISPNAME {bind_op add} VISIBLE true} {BINDTYPE op ID {} IMPL fabric LATENCY 0 OPTYPE add PRAGMA {} RTLNAME sum5_et_1_fu_1313_p2 SOURCE ./calorimeter.h:187 VARIABLE sum5_et_1 LOOP VITIS_LOOP_328_1_VITIS_LOOP_329_2 BUNDLEDNAME {} DSP 0 BRAM 0 URAM 0 STORAGESUBTYPE {} DISPNAME {bind_op add} VISIBLE true} {BINDTYPE op ID {} IMPL fabric LATENCY 0 OPTYPE add PRAGMA {} RTLNAME add_ln187_63_fu_1323_p2 SOURCE ./calorimeter.h:187 VARIABLE add_ln187_63 LOOP VITIS_LOOP_328_1_VITIS_LOOP_329_2 BUNDLEDNAME {} DSP 0 BRAM 0 URAM 0 STORAGESUBTYPE {} DISPNAME {bind_op add} VISIBLE true} {BINDTYPE op ID {} IMPL fabric LATENCY 0 OPTYPE add PRAGMA {} RTLNAME sum5_et_2_fu_1333_p2 SOURCE ./calorimeter.h:187 VARIABLE sum5_et_2 LOOP VITIS_LOOP_328_1_VITIS_LOOP_329_2 BUNDLEDNAME {} DSP 0 BRAM 0 URAM 0 STORAGESUBTYPE {} DISPNAME {bind_op add} VISIBLE true} {BINDTYPE op ID {} IMPL fabric LATENCY 0 OPTYPE add PRAGMA {} RTLNAME add_ln187_66_fu_1417_p2 SOURCE ./calorimeter.h:187 VARIABLE add_ln187_66 LOOP VITIS_LOOP_328_1_VITIS_LOOP_329_2 BUNDLEDNAME {} DSP 0 BRAM 0 URAM 0 STORAGESUBTYPE {} DISPNAME {bind_op add} VISIBLE true} {BINDTYPE op ID {} IMPL fabric LATENCY 0 OPTYPE add PRAGMA {} RTLNAME add_ln187_67_fu_1427_p2 SOURCE ./calorimeter.h:187 VARIABLE add_ln187_67 LOOP VITIS_LOOP_328_1_VITIS_LOOP_329_2 BUNDLEDNAME {} DSP 0 BRAM 0 URAM 0 STORAGESUBTYPE {} DISPNAME {bind_op add} VISIBLE true} {BINDTYPE op ID {} IMPL fabric LATENCY 0 OPTYPE add PRAGMA {} RTLNAME add_ln351_fu_1698_p2 SOURCE calorimeter.cpp:351 VARIABLE add_ln351 LOOP VITIS_LOOP_328_1_VITIS_LOOP_329_2 BUNDLEDNAME {} DSP 0 BRAM 0 URAM 0 STORAGESUBTYPE {} DISPNAME {bind_op add} VISIBLE true} {BINDTYPE op ID {} IMPL fabric LATENCY 0 OPTYPE add PRAGMA {} RTLNAME add_ln351_1_fu_1704_p2 SOURCE calorimeter.cpp:351 VARIABLE add_ln351_1 LOOP VITIS_LOOP_328_1_VITIS_LOOP_329_2 BUNDLEDNAME {} DSP 0 BRAM 0 URAM 0 STORAGESUBTYPE {} DISPNAME {bind_op add} VISIBLE true} {BINDTYPE op ID {} IMPL fabric LATENCY 0 OPTYPE add PRAGMA {} RTLNAME add_ln351_3_fu_1720_p2 SOURCE calorimeter.cpp:351 VARIABLE add_ln351_3 LOOP VITIS_LOOP_328_1_VITIS_LOOP_329_2 BUNDLEDNAME {} DSP 0 BRAM 0 URAM 0 STORAGESUBTYPE {} DISPNAME {bind_op add} VISIBLE true} {BINDTYPE op ID {} IMPL fabric LATENCY 0 OPTYPE add PRAGMA {} RTLNAME add_ln351_4_fu_1729_p2 SOURCE calorimeter.cpp:351 VARIABLE add_ln351_4 LOOP VITIS_LOOP_328_1_VITIS_LOOP_329_2 BUNDLEDNAME {} DSP 0 BRAM 0 URAM 0 STORAGESUBTYPE {} DISPNAME {bind_op add} VISIBLE true} {BINDTYPE op ID {} IMPL fabric LATENCY 0 OPTYPE add PRAGMA {} RTLNAME add_ln351_5_fu_1739_p2 SOURCE calorimeter.cpp:351 VARIABLE add_ln351_5 LOOP VITIS_LOOP_328_1_VITIS_LOOP_329_2 BUNDLEDNAME {} DSP 0 BRAM 0 URAM 0 STORAGESUBTYPE {} DISPNAME {bind_op add} VISIBLE true} {BINDTYPE op ID {} IMPL fabric LATENCY 0 OPTYPE add PRAGMA {} RTLNAME add_ln351_6_fu_1749_p2 SOURCE calorimeter.cpp:351 VARIABLE add_ln351_6 LOOP VITIS_LOOP_328_1_VITIS_LOOP_329_2 BUNDLEDNAME {} DSP 0 BRAM 0 URAM 0 STORAGESUBTYPE {} DISPNAME {bind_op add} VISIBLE true} {BINDTYPE op ID {} IMPL fabric LATENCY 0 OPTYPE add PRAGMA {} RTLNAME sum7_et_13_fu_1339_p2 SOURCE ./calorimeter.h:187 VARIABLE sum7_et_13 LOOP VITIS_LOOP_328_1_VITIS_LOOP_329_2 BUNDLEDNAME {} DSP 0 BRAM 0 URAM 0 STORAGESUBTYPE {} DISPNAME {bind_op add} VISIBLE true} {BINDTYPE op ID {} IMPL fabric LATENCY 0 OPTYPE add PRAGMA {} RTLNAME add_ln187_70_fu_1349_p2 SOURCE ./calorimeter.h:187 VARIABLE add_ln187_70 LOOP VITIS_LOOP_328_1_VITIS_LOOP_329_2 BUNDLEDNAME {} DSP 0 BRAM 0 URAM 0 STORAGESUBTYPE {} DISPNAME {bind_op add} VISIBLE true} {BINDTYPE op ID {} IMPL fabric LATENCY 0 OPTYPE add PRAGMA {} RTLNAME sum7_et_14_fu_1359_p2 SOURCE ./calorimeter.h:187 VARIABLE sum7_et_14 LOOP VITIS_LOOP_328_1_VITIS_LOOP_329_2 BUNDLEDNAME {} DSP 0 BRAM 0 URAM 0 STORAGESUBTYPE {} DISPNAME {bind_op add} VISIBLE true} {BINDTYPE op ID {} IMPL fabric LATENCY 0 OPTYPE add PRAGMA {} RTLNAME add_ln187_73_fu_1473_p2 SOURCE ./calorimeter.h:187 VARIABLE add_ln187_73 LOOP VITIS_LOOP_328_1_VITIS_LOOP_329_2 BUNDLEDNAME {} DSP 0 BRAM 0 URAM 0 STORAGESUBTYPE {} DISPNAME {bind_op add} VISIBLE true} {BINDTYPE op ID {} IMPL fabric LATENCY 0 OPTYPE add PRAGMA {} RTLNAME add_ln187_74_fu_1482_p2 SOURCE ./calorimeter.h:187 VARIABLE add_ln187_74 LOOP VITIS_LOOP_328_1_VITIS_LOOP_329_2 BUNDLEDNAME {} DSP 0 BRAM 0 URAM 0 STORAGESUBTYPE {} DISPNAME {bind_op add} VISIBLE true} {BINDTYPE op ID {} IMPL fabric LATENCY 0 OPTYPE add PRAGMA {} RTLNAME add_ln187_76_fu_1768_p2 SOURCE ./calorimeter.h:187 VARIABLE add_ln187_76 LOOP VITIS_LOOP_328_1_VITIS_LOOP_329_2 BUNDLEDNAME {} DSP 0 BRAM 0 URAM 0 STORAGESUBTYPE {} DISPNAME {bind_op add} VISIBLE true} {BINDTYPE op ID {} IMPL fabric LATENCY 0 OPTYPE add PRAGMA {} RTLNAME add_ln187_77_fu_1774_p2 SOURCE ./calorimeter.h:187 VARIABLE add_ln187_77 LOOP VITIS_LOOP_328_1_VITIS_LOOP_329_2 BUNDLEDNAME {} DSP 0 BRAM 0 URAM 0 STORAGESUBTYPE {} DISPNAME {bind_op add} VISIBLE true} {BINDTYPE op ID {} IMPL fabric LATENCY 0 OPTYPE add PRAGMA {} RTLNAME add_ln187_79_fu_1780_p2 SOURCE ./calorimeter.h:187 VARIABLE add_ln187_79 LOOP VITIS_LOOP_328_1_VITIS_LOOP_329_2 BUNDLEDNAME {} DSP 0 BRAM 0 URAM 0 STORAGESUBTYPE {} DISPNAME {bind_op add} VISIBLE true} {BINDTYPE op ID {} IMPL fabric LATENCY 0 OPTYPE add PRAGMA {} RTLNAME add_ln187_80_fu_1813_p2 SOURCE ./calorimeter.h:187 VARIABLE add_ln187_80 LOOP VITIS_LOOP_328_1_VITIS_LOOP_329_2 BUNDLEDNAME {} DSP 0 BRAM 0 URAM 0 STORAGESUBTYPE {} DISPNAME {bind_op add} VISIBLE true} {BINDTYPE op ID {} IMPL fabric LATENCY 0 OPTYPE add PRAGMA {} RTLNAME add_ln187_81_fu_1822_p2 SOURCE ./calorimeter.h:187 VARIABLE add_ln187_81 LOOP VITIS_LOOP_328_1_VITIS_LOOP_329_2 BUNDLEDNAME {} DSP 0 BRAM 0 URAM 0 STORAGESUBTYPE {} DISPNAME {bind_op add} VISIBLE true} {BINDTYPE op ID {} IMPL fabric LATENCY 0 OPTYPE add PRAGMA {} RTLNAME add_ln187_82_fu_1832_p2 SOURCE ./calorimeter.h:187 VARIABLE add_ln187_82 LOOP VITIS_LOOP_328_1_VITIS_LOOP_329_2 BUNDLEDNAME {} DSP 0 BRAM 0 URAM 0 STORAGESUBTYPE {} DISPNAME {bind_op add} VISIBLE true} {BINDTYPE op ID {} IMPL fabric LATENCY 0 OPTYPE add PRAGMA {} RTLNAME add_ln187_85_fu_1896_p2 SOURCE ./calorimeter.h:187 VARIABLE add_ln187_85 LOOP VITIS_LOOP_328_1_VITIS_LOOP_329_2 BUNDLEDNAME {} DSP 0 BRAM 0 URAM 0 STORAGESUBTYPE {} DISPNAME {bind_op add} VISIBLE true} {BINDTYPE op ID {} IMPL fabric LATENCY 0 OPTYPE add PRAGMA {} RTLNAME add_ln187_87_fu_1971_p2 SOURCE ./calorimeter.h:187 VARIABLE add_ln187_87 LOOP VITIS_LOOP_328_1_VITIS_LOOP_329_2 BUNDLEDNAME {} DSP 0 BRAM 0 URAM 0 STORAGESUBTYPE {} DISPNAME {bind_op add} VISIBLE true} {BINDTYPE op ID {} IMPL fabric LATENCY 0 OPTYPE add PRAGMA {} RTLNAME add_ln187_88_fu_2006_p2 SOURCE ./calorimeter.h:187 VARIABLE add_ln187_88 LOOP VITIS_LOOP_328_1_VITIS_LOOP_329_2 BUNDLEDNAME {} DSP 0 BRAM 0 URAM 0 STORAGESUBTYPE {} DISPNAME {bind_op add} VISIBLE true} {BINDTYPE op ID {} IMPL fabric LATENCY 0 OPTYPE add PRAGMA {} RTLNAME add_ln187_89_fu_2016_p2 SOURCE ./calorimeter.h:187 VARIABLE add_ln187_89 LOOP VITIS_LOOP_328_1_VITIS_LOOP_329_2 BUNDLEDNAME {} DSP 0 BRAM 0 URAM 0 STORAGESUBTYPE {} DISPNAME {bind_op add} VISIBLE true} {BINDTYPE op ID {} IMPL fabric LATENCY 0 OPTYPE add PRAGMA {} RTLNAME add_ln187_91_fu_2035_p2 SOURCE ./calorimeter.h:187 VARIABLE add_ln187_91 LOOP VITIS_LOOP_328_1_VITIS_LOOP_329_2 BUNDLEDNAME {} DSP 0 BRAM 0 URAM 0 STORAGESUBTYPE {} DISPNAME {bind_op add} VISIBLE true} {BINDTYPE op ID {} IMPL fabric LATENCY 0 OPTYPE add PRAGMA {} RTLNAME add_ln187_92_fu_2069_p2 SOURCE ./calorimeter.h:187 VARIABLE add_ln187_92 LOOP VITIS_LOOP_328_1_VITIS_LOOP_329_2 BUNDLEDNAME {} DSP 0 BRAM 0 URAM 0 STORAGESUBTYPE {} DISPNAME {bind_op add} VISIBLE true} {BINDTYPE op ID {} IMPL fabric LATENCY 0 OPTYPE add PRAGMA {} RTLNAME add_ln187_93_fu_2079_p2 SOURCE ./calorimeter.h:187 VARIABLE add_ln187_93 LOOP VITIS_LOOP_328_1_VITIS_LOOP_329_2 BUNDLEDNAME {} DSP 0 BRAM 0 URAM 0 STORAGESUBTYPE {} DISPNAME {bind_op add} VISIBLE true} {BINDTYPE op ID {} IMPL fabric LATENCY 0 OPTYPE add PRAGMA {} RTLNAME add_ln187_94_fu_2111_p2 SOURCE ./calorimeter.h:187 VARIABLE add_ln187_94 LOOP VITIS_LOOP_328_1_VITIS_LOOP_329_2 BUNDLEDNAME {} DSP 0 BRAM 0 URAM 0 STORAGESUBTYPE {} DISPNAME {bind_op add} VISIBLE true} {BINDTYPE op ID {} IMPL fabric LATENCY 0 OPTYPE add PRAGMA {} RTLNAME add_ln187_95_fu_2170_p2 SOURCE ./calorimeter.h:187 VARIABLE add_ln187_95 LOOP VITIS_LOOP_328_1_VITIS_LOOP_329_2 BUNDLEDNAME {} DSP 0 BRAM 0 URAM 0 STORAGESUBTYPE {} DISPNAME {bind_op add} VISIBLE true} {BINDTYPE op ID {} IMPL fabric LATENCY 0 OPTYPE add PRAGMA {} RTLNAME add_ln187_96_fu_2180_p2 SOURCE ./calorimeter.h:187 VARIABLE add_ln187_96 LOOP VITIS_LOOP_328_1_VITIS_LOOP_329_2 BUNDLEDNAME {} DSP 0 BRAM 0 URAM 0 STORAGESUBTYPE {} DISPNAME {bind_op add} VISIBLE true} {BINDTYPE op ID {} IMPL fabric LATENCY 0 OPTYPE add PRAGMA {} RTLNAME add_ln187_97_fu_2190_p2 SOURCE ./calorimeter.h:187 VARIABLE add_ln187_97 LOOP VITIS_LOOP_328_1_VITIS_LOOP_329_2 BUNDLEDNAME {} DSP 0 BRAM 0 URAM 0 STORAGESUBTYPE {} DISPNAME {bind_op add} VISIBLE true} {BINDTYPE op ID {} IMPL fabric LATENCY 0 OPTYPE add PRAGMA {} RTLNAME add_ln187_98_fu_2200_p2 SOURCE ./calorimeter.h:187 VARIABLE add_ln187_98 LOOP VITIS_LOOP_328_1_VITIS_LOOP_329_2 BUNDLEDNAME {} DSP 0 BRAM 0 URAM 0 STORAGESUBTYPE {} DISPNAME {bind_op add} VISIBLE true} {BINDTYPE op ID {} IMPL fabric LATENCY 0 OPTYPE add PRAGMA {} RTLNAME add_ln352_fu_2294_p2 SOURCE calorimeter.cpp:352 VARIABLE add_ln352 LOOP VITIS_LOOP_328_1_VITIS_LOOP_329_2 BUNDLEDNAME {} DSP 0 BRAM 0 URAM 0 STORAGESUBTYPE {} DISPNAME {bind_op add} VISIBLE true} {BINDTYPE op ID {} IMPL fabric LATENCY 0 OPTYPE add PRAGMA {} RTLNAME add_ln352_1_fu_2316_p2 SOURCE calorimeter.cpp:352 VARIABLE add_ln352_1 LOOP VITIS_LOOP_328_1_VITIS_LOOP_329_2 BUNDLEDNAME {} DSP 0 BRAM 0 URAM 0 STORAGESUBTYPE {} DISPNAME {bind_op add} VISIBLE true} {BINDTYPE op ID {} IMPL fabric LATENCY 0 OPTYPE add PRAGMA {} RTLNAME add_ln352_3_fu_2338_p2 SOURCE calorimeter.cpp:352 VARIABLE add_ln352_3 LOOP VITIS_LOOP_328_1_VITIS_LOOP_329_2 BUNDLEDNAME {} DSP 0 BRAM 0 URAM 0 STORAGESUBTYPE {} DISPNAME {bind_op add} VISIBLE true} {BINDTYPE op ID {} IMPL fabric LATENCY 0 OPTYPE add PRAGMA {} RTLNAME add_ln352_4_fu_2375_p2 SOURCE calorimeter.cpp:352 VARIABLE add_ln352_4 LOOP VITIS_LOOP_328_1_VITIS_LOOP_329_2 BUNDLEDNAME {} DSP 0 BRAM 0 URAM 0 STORAGESUBTYPE {} DISPNAME {bind_op add} VISIBLE true} {BINDTYPE op ID {} IMPL fabric LATENCY 0 OPTYPE add PRAGMA {} RTLNAME add_ln352_5_fu_2385_p2 SOURCE calorimeter.cpp:352 VARIABLE add_ln352_5 LOOP VITIS_LOOP_328_1_VITIS_LOOP_329_2 BUNDLEDNAME {} DSP 0 BRAM 0 URAM 0 STORAGESUBTYPE {} DISPNAME {bind_op add} VISIBLE true} {BINDTYPE op ID {} IMPL fabric LATENCY 0 OPTYPE add PRAGMA {} RTLNAME add_ln352_6_fu_2395_p2 SOURCE calorimeter.cpp:352 VARIABLE add_ln352_6 LOOP VITIS_LOOP_328_1_VITIS_LOOP_329_2 BUNDLEDNAME {} DSP 0 BRAM 0 URAM 0 STORAGESUBTYPE {} DISPNAME {bind_op add} VISIBLE true} {BINDTYPE op ID {} IMPL auto LATENCY 0 OPTYPE setlt PRAGMA {} RTLNAME icmp_ln354_fu_1210_p2 SOURCE calorimeter.cpp:354 VARIABLE icmp_ln354 LOOP VITIS_LOOP_328_1_VITIS_LOOP_329_2 BUNDLEDNAME {} DSP 0 BRAM 0 URAM 0 STORAGESUBTYPE {} DISPNAME {bind_op setlt} VISIBLE false} {BINDTYPE op ID {} IMPL fabric LATENCY 0 OPTYPE sub PRAGMA {} RTLNAME iso_lhs_fu_2429_p2 SOURCE ./calorimeter.h:247 VARIABLE iso_lhs LOOP VITIS_LOOP_328_1_VITIS_LOOP_329_2 BUNDLEDNAME {} DSP 0 BRAM 0 URAM 0 STORAGESUBTYPE {} DISPNAME {bind_op sub} VISIBLE true} {BINDTYPE op ID {} IMPL fabric LATENCY 0 OPTYPE sub PRAGMA {} RTLNAME ring_lhs_fu_2461_p2 SOURCE ./calorimeter.h:257 VARIABLE ring_lhs LOOP VITIS_LOOP_328_1_VITIS_LOOP_329_2 BUNDLEDNAME {} DSP 0 BRAM 0 URAM 0 STORAGESUBTYPE {} DISPNAME {bind_op sub} VISIBLE true} {BINDTYPE op ID {} IMPL auto LATENCY 0 OPTYPE setlt PRAGMA {} RTLNAME icmp_ln250_fu_2467_p2 SOURCE ./calorimeter.h:250 VARIABLE icmp_ln250 LOOP VITIS_LOOP_328_1_VITIS_LOOP_329_2 BUNDLEDNAME {} DSP 0 BRAM 0 URAM 0 STORAGESUBTYPE {} DISPNAME {bind_op setlt} VISIBLE false} {BINDTYPE op ID {} IMPL auto LATENCY 0 OPTYPE xor PRAGMA {} RTLNAME xor_ln250_fu_2473_p2 SOURCE ./calorimeter.h:250 VARIABLE xor_ln250 LOOP VITIS_LOOP_328_1_VITIS_LOOP_329_2 BUNDLEDNAME {} DSP 0 BRAM 0 URAM 0 STORAGESUBTYPE {} DISPNAME {bind_op xor} VISIBLE false} {BINDTYPE op ID {} IMPL auto LATENCY 0 OPTYPE setlt PRAGMA {} RTLNAME icmp_ln260_fu_2479_p2 SOURCE ./calorimeter.h:260 VARIABLE icmp_ln260 LOOP VITIS_LOOP_328_1_VITIS_LOOP_329_2 BUNDLEDNAME {} DSP 0 BRAM 0 URAM 0 STORAGESUBTYPE {} DISPNAME {bind_op setlt} VISIBLE false} {BINDTYPE op ID {} IMPL auto LATENCY 0 OPTYPE xor PRAGMA {} RTLNAME xor_ln260_fu_2485_p2 SOURCE ./calorimeter.h:260 VARIABLE xor_ln260 LOOP VITIS_LOOP_328_1_VITIS_LOOP_329_2 BUNDLEDNAME {} DSP 0 BRAM 0 URAM 0 STORAGESUBTYPE {} DISPNAME {bind_op xor} VISIBLE false} {BINDTYPE op ID {} IMPL auto LATENCY 0 OPTYPE or PRAGMA {} RTLNAME or_ln260_fu_2491_p2 SOURCE ./calorimeter.h:260 VARIABLE or_ln260 LOOP VITIS_LOOP_328_1_VITIS_LOOP_329_2 BUNDLEDNAME {} DSP 0 BRAM 0 URAM 0 STORAGESUBTYPE {} DISPNAME {bind_op or} VISIBLE false} {BINDTYPE op ID {} IMPL auto LATENCY 0 OPTYPE or PRAGMA {} RTLNAME or_ln260_1_fu_2496_p2 SOURCE ./calorimeter.h:260 VARIABLE or_ln260_1 LOOP VITIS_LOOP_328_1_VITIS_LOOP_329_2 BUNDLEDNAME {} DSP 0 BRAM 0 URAM 0 STORAGESUBTYPE {} DISPNAME {bind_op or} VISIBLE false} {BINDTYPE op ID {} IMPL auto LATENCY 0 OPTYPE or PRAGMA {} RTLNAME or_ln260_2_fu_2501_p2 SOURCE ./calorimeter.h:260 VARIABLE or_ln260_2 LOOP VITIS_LOOP_328_1_VITIS_LOOP_329_2 BUNDLEDNAME {} DSP 0 BRAM 0 URAM 0 STORAGESUBTYPE {} DISPNAME {bind_op or} VISIBLE false} {BINDTYPE op ID {} IMPL auto LATENCY 0 OPTYPE or PRAGMA {} RTLNAME or_ln260_3_fu_2506_p2 SOURCE ./calorimeter.h:260 VARIABLE or_ln260_3 LOOP VITIS_LOOP_328_1_VITIS_LOOP_329_2 BUNDLEDNAME {} DSP 0 BRAM 0 URAM 0 STORAGESUBTYPE {} DISPNAME {bind_op or} VISIBLE false} {BINDTYPE op ID {} IMPL auto LATENCY 0 OPTYPE or PRAGMA {} RTLNAME or_ln260_4_fu_2511_p2 SOURCE ./calorimeter.h:260 VARIABLE or_ln260_4 LOOP VITIS_LOOP_328_1_VITIS_LOOP_329_2 BUNDLEDNAME {} DSP 0 BRAM 0 URAM 0 STORAGESUBTYPE {} DISPNAME {bind_op or} VISIBLE false} {BINDTYPE op ID {} IMPL auto_sel LATENCY 0 OPTYPE select PRAGMA {} RTLNAME candidate_et_fu_2517_p3 SOURCE ./calorimeter.h:260 VARIABLE candidate_et LOOP VITIS_LOOP_328_1_VITIS_LOOP_329_2 BUNDLEDNAME {} DSP 0 BRAM 0 URAM 0 STORAGESUBTYPE {} DISPNAME {bind_op select} VISIBLE false} {BINDTYPE op ID {} IMPL auto LATENCY 0 OPTYPE xor PRAGMA {} RTLNAME candidate_valid_fu_2524_p2 SOURCE ./calorimeter.h:260 VARIABLE candidate_valid LOOP VITIS_LOOP_328_1_VITIS_LOOP_329_2 BUNDLEDNAME {} DSP 0 BRAM 0 URAM 0 STORAGESUBTYPE {} DISPNAME {bind_op xor} VISIBLE false} {BINDTYPE op ID {} IMPL auto_sel LATENCY 0 OPTYPE select PRAGMA {} RTLNAME empty_106_fu_2534_p3 SOURCE ./calorimeter.h:260 VARIABLE empty_106 LOOP VITIS_LOOP_328_1_VITIS_LOOP_329_2 BUNDLEDNAME {} DSP 0 BRAM 0 URAM 0 STORAGESUBTYPE {} DISPNAME {bind_op select} VISIBLE false}} AREA {DSP 0 BRAM 0 URAM 0}} produce_jet_cluster_stream {BINDINFO {{BINDTYPE op ID {} IMPL auto LATENCY 0 OPTYPE seteq PRAGMA {} RTLNAME icmp_ln375_fu_633_p2 SOURCE calorimeter.cpp:375 VARIABLE icmp_ln375 LOOP VITIS_LOOP_375_1_VITIS_LOOP_376_2 BUNDLEDNAME {} DSP 0 BRAM 0 URAM 0 STORAGESUBTYPE {} DISPNAME {bind_op seteq} VISIBLE false} {BINDTYPE op ID {} IMPL fabric LATENCY 0 OPTYPE add PRAGMA {} RTLNAME add_ln375_1_fu_639_p2 SOURCE calorimeter.cpp:375 VARIABLE add_ln375_1 LOOP VITIS_LOOP_375_1_VITIS_LOOP_376_2 BUNDLEDNAME {} DSP 0 BRAM 0 URAM 0 STORAGESUBTYPE {} DISPNAME {bind_op add} VISIBLE true} {BINDTYPE op ID {} IMPL auto LATENCY 0 OPTYPE seteq PRAGMA {} RTLNAME icmp_ln376_fu_651_p2 SOURCE calorimeter.cpp:376 VARIABLE icmp_ln376 LOOP VITIS_LOOP_375_1_VITIS_LOOP_376_2 BUNDLEDNAME {} DSP 0 BRAM 0 URAM 0 STORAGESUBTYPE {} DISPNAME {bind_op seteq} VISIBLE false} {BINDTYPE op ID {} IMPL auto_sel LATENCY 0 OPTYPE select PRAGMA {} RTLNAME select_ln375_fu_657_p3 SOURCE calorimeter.cpp:375 VARIABLE select_ln375 LOOP VITIS_LOOP_375_1_VITIS_LOOP_376_2 BUNDLEDNAME {} DSP 0 BRAM 0 URAM 0 STORAGESUBTYPE {} DISPNAME {bind_op select} VISIBLE false} {BINDTYPE op ID {} IMPL fabric LATENCY 0 OPTYPE add PRAGMA {} RTLNAME add_ln375_fu_665_p2 SOURCE calorimeter.cpp:375 VARIABLE add_ln375 LOOP VITIS_LOOP_375_1_VITIS_LOOP_376_2 BUNDLEDNAME {} DSP 0 BRAM 0 URAM 0 STORAGESUBTYPE {} DISPNAME {bind_op add} VISIBLE true} {BINDTYPE op ID {} IMPL fabric LATENCY 0 OPTYPE add PRAGMA {} RTLNAME add_ln375_2_fu_671_p2 SOURCE calorimeter.cpp:375 VARIABLE add_ln375_2 LOOP VITIS_LOOP_375_1_VITIS_LOOP_376_2 BUNDLEDNAME {} DSP 0 BRAM 0 URAM 0 STORAGESUBTYPE {} DISPNAME {bind_op add} VISIBLE true} {BINDTYPE op ID {} IMPL auto_sel LATENCY 0 OPTYPE select PRAGMA {} RTLNAME select_ln375_1_fu_677_p3 SOURCE calorimeter.cpp:375 VARIABLE select_ln375_1 LOOP VITIS_LOOP_375_1_VITIS_LOOP_376_2 BUNDLEDNAME {} DSP 0 BRAM 0 URAM 0 STORAGESUBTYPE {} DISPNAME {bind_op select} VISIBLE false} {BINDTYPE op ID {} IMPL auto_sel LATENCY 0 OPTYPE select PRAGMA {} RTLNAME select_ln375_2_fu_685_p3 SOURCE calorimeter.cpp:375 VARIABLE select_ln375_2 LOOP VITIS_LOOP_375_1_VITIS_LOOP_376_2 BUNDLEDNAME {} DSP 0 BRAM 0 URAM 0 STORAGESUBTYPE {} DISPNAME {bind_op select} VISIBLE false} {BINDTYPE op ID {} IMPL fabric LATENCY 0 OPTYPE sub PRAGMA {} RTLNAME sub_ln389_fu_713_p2 SOURCE calorimeter.cpp:389 VARIABLE sub_ln389 LOOP VITIS_LOOP_375_1_VITIS_LOOP_376_2 BUNDLEDNAME {} DSP 0 BRAM 0 URAM 0 STORAGESUBTYPE {} DISPNAME {bind_op sub} VISIBLE true} {BINDTYPE op ID {} IMPL fabric LATENCY 0 OPTYPE add PRAGMA {} RTLNAME empty_fu_744_p2 SOURCE calorimeter.cpp:375 VARIABLE empty LOOP VITIS_LOOP_375_1_VITIS_LOOP_376_2 BUNDLEDNAME {} DSP 0 BRAM 0 URAM 0 STORAGESUBTYPE {} DISPNAME {bind_op add} VISIBLE true} {BINDTYPE op ID {} IMPL fabric LATENCY 0 OPTYPE sub PRAGMA {} RTLNAME sub_ln216_fu_769_p2 SOURCE ./calorimeter.h:216 VARIABLE sub_ln216 LOOP VITIS_LOOP_375_1_VITIS_LOOP_376_2 BUNDLEDNAME {} DSP 0 BRAM 0 URAM 0 STORAGESUBTYPE {} DISPNAME {bind_op sub} VISIBLE true} {BINDTYPE op ID {} IMPL fabric LATENCY 0 OPTYPE add PRAGMA {} RTLNAME empty_98_fu_1142_p2 SOURCE calorimeter.cpp:375 VARIABLE empty_98 LOOP VITIS_LOOP_375_1_VITIS_LOOP_376_2 BUNDLEDNAME {} DSP 0 BRAM 0 URAM 0 STORAGESUBTYPE {} DISPNAME {bind_op add} VISIBLE true} {BINDTYPE op ID {} IMPL fabric LATENCY 0 OPTYPE sub PRAGMA {} RTLNAME sub_ln216_1_fu_1167_p2 SOURCE ./calorimeter.h:216 VARIABLE sub_ln216_1 LOOP VITIS_LOOP_375_1_VITIS_LOOP_376_2 BUNDLEDNAME {} DSP 0 BRAM 0 URAM 0 STORAGESUBTYPE {} DISPNAME {bind_op sub} VISIBLE true} {BINDTYPE op ID {} IMPL fabric LATENCY 0 OPTYPE add PRAGMA {} RTLNAME empty_99_fu_1413_p2 SOURCE calorimeter.cpp:375 VARIABLE empty_99 LOOP VITIS_LOOP_375_1_VITIS_LOOP_376_2 BUNDLEDNAME {} DSP 0 BRAM 0 URAM 0 STORAGESUBTYPE {} DISPNAME {bind_op add} VISIBLE true} {BINDTYPE op ID {} IMPL fabric LATENCY 0 OPTYPE sub PRAGMA {} RTLNAME sub_ln216_2_fu_1438_p2 SOURCE ./calorimeter.h:216 VARIABLE sub_ln216_2 LOOP VITIS_LOOP_375_1_VITIS_LOOP_376_2 BUNDLEDNAME {} DSP 0 BRAM 0 URAM 0 STORAGESUBTYPE {} DISPNAME {bind_op sub} VISIBLE true} {BINDTYPE op ID {} IMPL fabric LATENCY 0 OPTYPE sub PRAGMA {} RTLNAME sub_ln216_3_fu_1854_p2 SOURCE ./calorimeter.h:216 VARIABLE sub_ln216_3 LOOP VITIS_LOOP_375_1_VITIS_LOOP_376_2 BUNDLEDNAME {} DSP 0 BRAM 0 URAM 0 STORAGESUBTYPE {} DISPNAME {bind_op sub} VISIBLE true} {BINDTYPE op ID {} IMPL fabric LATENCY 0 OPTYPE add PRAGMA {} RTLNAME empty_100_fu_2095_p2 SOURCE calorimeter.cpp:375 VARIABLE empty_100 LOOP VITIS_LOOP_375_1_VITIS_LOOP_376_2 BUNDLEDNAME {} DSP 0 BRAM 0 URAM 0 STORAGESUBTYPE {} DISPNAME {bind_op add} VISIBLE true} {BINDTYPE op ID {} IMPL fabric LATENCY 0 OPTYPE sub PRAGMA {} RTLNAME sub_ln216_4_fu_2120_p2 SOURCE ./calorimeter.h:216 VARIABLE sub_ln216_4 LOOP VITIS_LOOP_375_1_VITIS_LOOP_376_2 BUNDLEDNAME {} DSP 0 BRAM 0 URAM 0 STORAGESUBTYPE {} DISPNAME {bind_op sub} VISIBLE true} {BINDTYPE op ID {} IMPL fabric LATENCY 0 OPTYPE add PRAGMA {} RTLNAME empty_101_fu_2412_p2 SOURCE calorimeter.cpp:375 VARIABLE empty_101 LOOP VITIS_LOOP_375_1_VITIS_LOOP_376_2 BUNDLEDNAME {} DSP 0 BRAM 0 URAM 0 STORAGESUBTYPE {} DISPNAME {bind_op add} VISIBLE true} {BINDTYPE op ID {} IMPL fabric LATENCY 0 OPTYPE sub PRAGMA {} RTLNAME sub_ln216_5_fu_2437_p2 SOURCE ./calorimeter.h:216 VARIABLE sub_ln216_5 LOOP VITIS_LOOP_375_1_VITIS_LOOP_376_2 BUNDLEDNAME {} DSP 0 BRAM 0 URAM 0 STORAGESUBTYPE {} DISPNAME {bind_op sub} VISIBLE true} {BINDTYPE op ID {} IMPL fabric LATENCY 0 OPTYPE add PRAGMA {} RTLNAME add_ln389_fu_723_p2 SOURCE calorimeter.cpp:389 VARIABLE add_ln389 LOOP VITIS_LOOP_375_1_VITIS_LOOP_376_2 BUNDLEDNAME {} DSP 0 BRAM 0 URAM 0 STORAGESUBTYPE {} DISPNAME {bind_op add} VISIBLE true} {BINDTYPE op ID {} IMPL fabric LATENCY 0 OPTYPE add PRAGMA {} RTLNAME add_ln216_fu_906_p2 SOURCE ./calorimeter.h:216 VARIABLE add_ln216 LOOP VITIS_LOOP_375_1_VITIS_LOOP_376_2 BUNDLEDNAME {} DSP 0 BRAM 0 URAM 0 STORAGESUBTYPE {} DISPNAME {bind_op add} VISIBLE true} {BINDTYPE op ID {} IMPL fabric LATENCY 0 OPTYPE add PRAGMA {} RTLNAME add_ln216_1_fu_1273_p2 SOURCE ./calorimeter.h:216 VARIABLE add_ln216_1 LOOP VITIS_LOOP_375_1_VITIS_LOOP_376_2 BUNDLEDNAME {} DSP 0 BRAM 0 URAM 0 STORAGESUBTYPE {} DISPNAME {bind_op add} VISIBLE true} {BINDTYPE op ID {} IMPL fabric LATENCY 0 OPTYPE add PRAGMA {} RTLNAME add_ln216_2_fu_1544_p2 SOURCE ./calorimeter.h:216 VARIABLE add_ln216_2 LOOP VITIS_LOOP_375_1_VITIS_LOOP_376_2 BUNDLEDNAME {} DSP 0 BRAM 0 URAM 0 STORAGESUBTYPE {} DISPNAME {bind_op add} VISIBLE true} {BINDTYPE op ID {} IMPL fabric LATENCY 0 OPTYPE add PRAGMA {} RTLNAME add_ln216_3_fu_1981_p2 SOURCE ./calorimeter.h:216 VARIABLE add_ln216_3 LOOP VITIS_LOOP_375_1_VITIS_LOOP_376_2 BUNDLEDNAME {} DSP 0 BRAM 0 URAM 0 STORAGESUBTYPE {} DISPNAME {bind_op add} VISIBLE true} {BINDTYPE op ID {} IMPL fabric LATENCY 0 OPTYPE add PRAGMA {} RTLNAME add_ln216_4_fu_2239_p2 SOURCE ./calorimeter.h:216 VARIABLE add_ln216_4 LOOP VITIS_LOOP_375_1_VITIS_LOOP_376_2 BUNDLEDNAME {} DSP 0 BRAM 0 URAM 0 STORAGESUBTYPE {} DISPNAME {bind_op add} VISIBLE true} {BINDTYPE op ID {} IMPL fabric LATENCY 0 OPTYPE add PRAGMA {} RTLNAME add_ln216_5_fu_2443_p2 SOURCE ./calorimeter.h:216 VARIABLE add_ln216_5 LOOP VITIS_LOOP_375_1_VITIS_LOOP_376_2 BUNDLEDNAME {} DSP 0 BRAM 0 URAM 0 STORAGESUBTYPE {} DISPNAME {bind_op add} VISIBLE true} {BINDTYPE op ID {} IMPL auto LATENCY 0 OPTYPE setlt PRAGMA {} RTLNAME icmp_ln391_fu_778_p2 SOURCE calorimeter.cpp:391 VARIABLE icmp_ln391 LOOP VITIS_LOOP_375_1_VITIS_LOOP_376_2 BUNDLEDNAME {} DSP 0 BRAM 0 URAM 0 STORAGESUBTYPE {} DISPNAME {bind_op setlt} VISIBLE false} {BINDTYPE op ID {} IMPL fabric LATENCY 0 OPTYPE add PRAGMA {} RTLNAME add_ln213_fu_783_p2 SOURCE ./calorimeter.h:213 VARIABLE add_ln213 LOOP VITIS_LOOP_375_1_VITIS_LOOP_376_2 BUNDLEDNAME {} DSP 0 BRAM 0 URAM 0 STORAGESUBTYPE {} DISPNAME {bind_op add} VISIBLE true} {BINDTYPE op ID {} IMPL fabric LATENCY 0 OPTYPE add PRAGMA {} RTLNAME add_ln161_fu_797_p2 SOURCE ./calorimeter.h:161 VARIABLE add_ln161 LOOP VITIS_LOOP_375_1_VITIS_LOOP_376_2 BUNDLEDNAME {} DSP 0 BRAM 0 URAM 0 STORAGESUBTYPE {} DISPNAME {bind_op add} VISIBLE true} {BINDTYPE op ID {} IMPL auto_sel LATENCY 0 OPTYPE select PRAGMA {} RTLNAME phi_idx_fu_803_p3 SOURCE ./calorimeter.h:160 VARIABLE phi_idx LOOP VITIS_LOOP_375_1_VITIS_LOOP_376_2 BUNDLEDNAME {} DSP 0 BRAM 0 URAM 0 STORAGESUBTYPE {} DISPNAME {bind_op select} VISIBLE false} {BINDTYPE op ID {} IMPL fabric LATENCY 0 OPTYPE add PRAGMA {} RTLNAME add_ln216_6_fu_815_p2 SOURCE ./calorimeter.h:216 VARIABLE add_ln216_6 LOOP VITIS_LOOP_375_1_VITIS_LOOP_376_2 BUNDLEDNAME {} DSP 0 BRAM 0 URAM 0 STORAGESUBTYPE {} DISPNAME {bind_op add} VISIBLE true} {BINDTYPE op ID {} IMPL auto LATENCY 0 OPTYPE setlt PRAGMA {} RTLNAME is_max_fu_1004_p2 SOURCE ./calorimeter.h:218 VARIABLE is_max LOOP VITIS_LOOP_375_1_VITIS_LOOP_376_2 BUNDLEDNAME {} DSP 0 BRAM 0 URAM 0 STORAGESUBTYPE {} DISPNAME {bind_op setlt} VISIBLE false} {BINDTYPE op ID {} IMPL fabric LATENCY 0 OPTYPE add PRAGMA {} RTLNAME add_ln213_3_fu_826_p2 SOURCE ./calorimeter.h:213 VARIABLE add_ln213_3 LOOP VITIS_LOOP_375_1_VITIS_LOOP_376_2 BUNDLEDNAME {} DSP 0 BRAM 0 URAM 0 STORAGESUBTYPE {} DISPNAME {bind_op add} VISIBLE true} {BINDTYPE op ID {} IMPL fabric LATENCY 0 OPTYPE add PRAGMA {} RTLNAME add_ln161_1_fu_839_p2 SOURCE ./calorimeter.h:161 VARIABLE add_ln161_1 LOOP VITIS_LOOP_375_1_VITIS_LOOP_376_2 BUNDLEDNAME {} DSP 0 BRAM 0 URAM 0 STORAGESUBTYPE {} DISPNAME {bind_op add} VISIBLE true} {BINDTYPE op ID {} IMPL auto_sel LATENCY 0 OPTYPE select PRAGMA {} RTLNAME phi_idx_7_fu_844_p3 SOURCE ./calorimeter.h:160 VARIABLE phi_idx_7 LOOP VITIS_LOOP_375_1_VITIS_LOOP_376_2 BUNDLEDNAME {} DSP 0 BRAM 0 URAM 0 STORAGESUBTYPE {} DISPNAME {bind_op select} VISIBLE false} {BINDTYPE op ID {} IMPL fabric LATENCY 0 OPTYPE add PRAGMA {} RTLNAME add_ln216_7_fu_856_p2 SOURCE ./calorimeter.h:216 VARIABLE add_ln216_7 LOOP VITIS_LOOP_375_1_VITIS_LOOP_376_2 BUNDLEDNAME {} DSP 0 BRAM 0 URAM 0 STORAGESUBTYPE {} DISPNAME {bind_op add} VISIBLE true} {BINDTYPE op ID {} IMPL auto LATENCY 0 OPTYPE setne PRAGMA {} RTLNAME icmp_ln220_fu_1008_p2 SOURCE ./calorimeter.h:220 VARIABLE icmp_ln220 LOOP VITIS_LOOP_375_1_VITIS_LOOP_376_2 BUNDLEDNAME {} DSP 0 BRAM 0 URAM 0 STORAGESUBTYPE {} DISPNAME {bind_op setne} VISIBLE false} {BINDTYPE op ID {} IMPL auto LATENCY 0 OPTYPE setlt PRAGMA {} RTLNAME icmp_ln218_fu_1012_p2 SOURCE ./calorimeter.h:218 VARIABLE icmp_ln218 LOOP VITIS_LOOP_375_1_VITIS_LOOP_376_2 BUNDLEDNAME {} DSP 0 BRAM 0 URAM 0 STORAGESUBTYPE {} DISPNAME {bind_op setlt} VISIBLE false} {BINDTYPE op ID {} IMPL auto LATENCY 0 OPTYPE xor PRAGMA {} RTLNAME xor_ln218_1_fu_1016_p2 SOURCE ./calorimeter.h:218 VARIABLE xor_ln218_1 LOOP VITIS_LOOP_375_1_VITIS_LOOP_376_2 BUNDLEDNAME {} DSP 0 BRAM 0 URAM 0 STORAGESUBTYPE {} DISPNAME {bind_op xor} VISIBLE false} {BINDTYPE op ID {} IMPL fabric LATENCY 0 OPTYPE add PRAGMA {} RTLNAME add_ln213_4_fu_866_p2 SOURCE ./calorimeter.h:213 VARIABLE add_ln213_4 LOOP VITIS_LOOP_375_1_VITIS_LOOP_376_2 BUNDLEDNAME {} DSP 0 BRAM 0 URAM 0 STORAGESUBTYPE {} DISPNAME {bind_op add} VISIBLE true} {BINDTYPE op ID {} IMPL fabric LATENCY 0 OPTYPE add PRAGMA {} RTLNAME add_ln161_2_fu_879_p2 SOURCE ./calorimeter.h:161 VARIABLE add_ln161_2 LOOP VITIS_LOOP_375_1_VITIS_LOOP_376_2 BUNDLEDNAME {} DSP 0 BRAM 0 URAM 0 STORAGESUBTYPE {} DISPNAME {bind_op add} VISIBLE true} {BINDTYPE op ID {} IMPL auto_sel LATENCY 0 OPTYPE select PRAGMA {} RTLNAME phi_idx_8_fu_884_p3 SOURCE ./calorimeter.h:160 VARIABLE phi_idx_8 LOOP VITIS_LOOP_375_1_VITIS_LOOP_376_2 BUNDLEDNAME {} DSP 0 BRAM 0 URAM 0 STORAGESUBTYPE {} DISPNAME {bind_op select} VISIBLE false} {BINDTYPE op ID {} IMPL fabric LATENCY 0 OPTYPE add PRAGMA {} RTLNAME add_ln216_8_fu_896_p2 SOURCE ./calorimeter.h:216 VARIABLE add_ln216_8 LOOP VITIS_LOOP_375_1_VITIS_LOOP_376_2 BUNDLEDNAME {} DSP 0 BRAM 0 URAM 0 STORAGESUBTYPE {} DISPNAME {bind_op add} VISIBLE true} {BINDTYPE op ID {} IMPL auto LATENCY 0 OPTYPE setne PRAGMA {} RTLNAME icmp_ln220_1_fu_1022_p2 SOURCE ./calorimeter.h:220 VARIABLE icmp_ln220_1 LOOP VITIS_LOOP_375_1_VITIS_LOOP_376_2 BUNDLEDNAME {} DSP 0 BRAM 0 URAM 0 STORAGESUBTYPE {} DISPNAME {bind_op setne} VISIBLE false} {BINDTYPE op ID {} IMPL auto LATENCY 0 OPTYPE setlt PRAGMA {} RTLNAME grp_fu_585_p2 SOURCE ./calorimeter.h:218 VARIABLE icmp_ln218_1 LOOP VITIS_LOOP_375_1_VITIS_LOOP_376_2 BUNDLEDNAME {} DSP 0 BRAM 0 URAM 0 STORAGESUBTYPE {} DISPNAME {bind_op setlt} VISIBLE false} {BINDTYPE op ID {} IMPL auto LATENCY 0 OPTYPE xor PRAGMA {} RTLNAME xor_ln218_2_fu_1027_p2 SOURCE ./calorimeter.h:218 VARIABLE xor_ln218_2 LOOP VITIS_LOOP_375_1_VITIS_LOOP_376_2 BUNDLEDNAME {} DSP 0 BRAM 0 URAM 0 STORAGESUBTYPE {} DISPNAME {bind_op xor} VISIBLE false} {BINDTYPE op ID {} IMPL auto LATENCY 0 OPTYPE setne PRAGMA {} RTLNAME icmp_ln220_2_fu_1033_p2 SOURCE ./calorimeter.h:220 VARIABLE icmp_ln220_2 LOOP VITIS_LOOP_375_1_VITIS_LOOP_376_2 BUNDLEDNAME {} DSP 0 BRAM 0 URAM 0 STORAGESUBTYPE {} DISPNAME {bind_op setne} VISIBLE false} {BINDTYPE op ID {} IMPL auto LATENCY 0 OPTYPE setlt PRAGMA {} RTLNAME grp_fu_590_p2 SOURCE ./calorimeter.h:218 VARIABLE icmp_ln218_2 LOOP VITIS_LOOP_375_1_VITIS_LOOP_376_2 BUNDLEDNAME {} DSP 0 BRAM 0 URAM 0 STORAGESUBTYPE {} DISPNAME {bind_op setlt} VISIBLE false} {BINDTYPE op ID {} IMPL auto LATENCY 0 OPTYPE xor PRAGMA {} RTLNAME xor_ln218_3_fu_1038_p2 SOURCE ./calorimeter.h:218 VARIABLE xor_ln218_3 LOOP VITIS_LOOP_375_1_VITIS_LOOP_376_2 BUNDLEDNAME {} DSP 0 BRAM 0 URAM 0 STORAGESUBTYPE {} DISPNAME {bind_op xor} VISIBLE false} {BINDTYPE op ID {} IMPL fabric LATENCY 0 OPTYPE add PRAGMA {} RTLNAME phi_fu_915_p2 SOURCE ./calorimeter.h:213 VARIABLE phi LOOP VITIS_LOOP_375_1_VITIS_LOOP_376_2 BUNDLEDNAME {} DSP 0 BRAM 0 URAM 0 STORAGESUBTYPE {} DISPNAME {bind_op add} VISIBLE true} {BINDTYPE op ID {} IMPL auto LATENCY 0 OPTYPE setgt PRAGMA {} RTLNAME icmp_ln162_fu_920_p2 SOURCE ./calorimeter.h:162 VARIABLE icmp_ln162 LOOP VITIS_LOOP_375_1_VITIS_LOOP_376_2 BUNDLEDNAME {} DSP 0 BRAM 0 URAM 0 STORAGESUBTYPE {} DISPNAME {bind_op setgt} VISIBLE false} {BINDTYPE op ID {} IMPL fabric LATENCY 0 OPTYPE add PRAGMA {} RTLNAME add_ln163_fu_926_p2 SOURCE ./calorimeter.h:163 VARIABLE add_ln163 LOOP VITIS_LOOP_375_1_VITIS_LOOP_376_2 BUNDLEDNAME {} DSP 0 BRAM 0 URAM 0 STORAGESUBTYPE {} DISPNAME {bind_op add} VISIBLE true} {BINDTYPE op ID {} IMPL auto_sel LATENCY 0 OPTYPE select PRAGMA {} RTLNAME phi_idx_9_fu_935_p3 SOURCE ./calorimeter.h:162 VARIABLE phi_idx_9 LOOP VITIS_LOOP_375_1_VITIS_LOOP_376_2 BUNDLEDNAME {} DSP 0 BRAM 0 URAM 0 STORAGESUBTYPE {} DISPNAME {bind_op select} VISIBLE false} {BINDTYPE op ID {} IMPL fabric LATENCY 0 OPTYPE add PRAGMA {} RTLNAME add_ln216_9_fu_947_p2 SOURCE ./calorimeter.h:216 VARIABLE add_ln216_9 LOOP VITIS_LOOP_375_1_VITIS_LOOP_376_2 BUNDLEDNAME {} DSP 0 BRAM 0 URAM 0 STORAGESUBTYPE {} DISPNAME {bind_op add} VISIBLE true} {BINDTYPE op ID {} IMPL fabric LATENCY 0 OPTYPE add PRAGMA {} RTLNAME add_ln216_10_fu_1359_p2 SOURCE ./calorimeter.h:216 VARIABLE add_ln216_10 LOOP VITIS_LOOP_375_1_VITIS_LOOP_376_2 BUNDLEDNAME {} DSP 0 BRAM 0 URAM 0 STORAGESUBTYPE {} DISPNAME {bind_op add} VISIBLE true} {BINDTYPE op ID {} IMPL fabric LATENCY 0 OPTYPE add PRAGMA {} RTLNAME add_ln216_11_fu_1553_p2 SOURCE ./calorimeter.h:216 VARIABLE add_ln216_11 LOOP VITIS_LOOP_375_1_VITIS_LOOP_376_2 BUNDLEDNAME {} DSP 0 BRAM 0 URAM 0 STORAGESUBTYPE {} DISPNAME {bind_op add} VISIBLE true} {BINDTYPE op ID {} IMPL fabric LATENCY 0 OPTYPE add PRAGMA {} RTLNAME add_ln216_12_fu_1809_p2 SOURCE ./calorimeter.h:216 VARIABLE add_ln216_12 LOOP VITIS_LOOP_375_1_VITIS_LOOP_376_2 BUNDLEDNAME {} DSP 0 BRAM 0 URAM 0 STORAGESUBTYPE {} DISPNAME {bind_op add} VISIBLE true} {BINDTYPE op ID {} IMPL fabric LATENCY 0 OPTYPE add PRAGMA {} RTLNAME add_ln216_13_fu_1990_p2 SOURCE ./calorimeter.h:216 VARIABLE add_ln216_13 LOOP VITIS_LOOP_375_1_VITIS_LOOP_376_2 BUNDLEDNAME {} DSP 0 BRAM 0 URAM 0 STORAGESUBTYPE {} DISPNAME {bind_op add} VISIBLE true} {BINDTYPE op ID {} IMPL fabric LATENCY 0 OPTYPE add PRAGMA {} RTLNAME add_ln216_14_fu_2262_p2 SOURCE ./calorimeter.h:216 VARIABLE add_ln216_14 LOOP VITIS_LOOP_375_1_VITIS_LOOP_376_2 BUNDLEDNAME {} DSP 0 BRAM 0 URAM 0 STORAGESUBTYPE {} DISPNAME {bind_op add} VISIBLE true} {BINDTYPE op ID {} IMPL fabric LATENCY 0 OPTYPE add PRAGMA {} RTLNAME add_ln216_15_fu_2448_p2 SOURCE ./calorimeter.h:216 VARIABLE add_ln216_15 LOOP VITIS_LOOP_375_1_VITIS_LOOP_376_2 BUNDLEDNAME {} DSP 0 BRAM 0 URAM 0 STORAGESUBTYPE {} DISPNAME {bind_op add} VISIBLE true} {BINDTYPE op ID {} IMPL auto LATENCY 0 OPTYPE setne PRAGMA {} RTLNAME grp_fu_595_p2 SOURCE ./calorimeter.h:220 VARIABLE icmp_ln220_3 LOOP VITIS_LOOP_375_1_VITIS_LOOP_376_2 BUNDLEDNAME {} DSP 0 BRAM 0 URAM 0 STORAGESUBTYPE {} DISPNAME {bind_op setne} VISIBLE false} {BINDTYPE op ID {} IMPL auto LATENCY 0 OPTYPE setlt PRAGMA {} RTLNAME grp_fu_600_p2 SOURCE ./calorimeter.h:218 VARIABLE icmp_ln218_3 LOOP VITIS_LOOP_375_1_VITIS_LOOP_376_2 BUNDLEDNAME {} DSP 0 BRAM 0 URAM 0 STORAGESUBTYPE {} DISPNAME {bind_op setlt} VISIBLE false} {BINDTYPE op ID {} IMPL auto LATENCY 0 OPTYPE xor PRAGMA {} RTLNAME xor_ln218_4_fu_1173_p2 SOURCE ./calorimeter.h:218 VARIABLE xor_ln218_4 LOOP VITIS_LOOP_375_1_VITIS_LOOP_376_2 BUNDLEDNAME {} DSP 0 BRAM 0 URAM 0 STORAGESUBTYPE {} DISPNAME {bind_op xor} VISIBLE false} {BINDTYPE op ID {} IMPL fabric LATENCY 0 OPTYPE add PRAGMA {} RTLNAME add_ln213_1_fu_962_p2 SOURCE ./calorimeter.h:213 VARIABLE add_ln213_1 LOOP VITIS_LOOP_375_1_VITIS_LOOP_376_2 BUNDLEDNAME {} DSP 0 BRAM 0 URAM 0 STORAGESUBTYPE {} DISPNAME {bind_op add} VISIBLE true} {BINDTYPE op ID {} IMPL auto LATENCY 0 OPTYPE setgt PRAGMA {} RTLNAME icmp_ln162_1_fu_967_p2 SOURCE ./calorimeter.h:162 VARIABLE icmp_ln162_1 LOOP VITIS_LOOP_375_1_VITIS_LOOP_376_2 BUNDLEDNAME {} DSP 0 BRAM 0 URAM 0 STORAGESUBTYPE {} DISPNAME {bind_op setgt} VISIBLE false} {BINDTYPE op ID {} IMPL fabric LATENCY 0 OPTYPE add PRAGMA {} RTLNAME add_ln163_1_fu_973_p2 SOURCE ./calorimeter.h:163 VARIABLE add_ln163_1 LOOP VITIS_LOOP_375_1_VITIS_LOOP_376_2 BUNDLEDNAME {} DSP 0 BRAM 0 URAM 0 STORAGESUBTYPE {} DISPNAME {bind_op add} VISIBLE true} {BINDTYPE op ID {} IMPL auto_sel LATENCY 0 OPTYPE select PRAGMA {} RTLNAME phi_idx_10_fu_982_p3 SOURCE ./calorimeter.h:162 VARIABLE phi_idx_10 LOOP VITIS_LOOP_375_1_VITIS_LOOP_376_2 BUNDLEDNAME {} DSP 0 BRAM 0 URAM 0 STORAGESUBTYPE {} DISPNAME {bind_op select} VISIBLE false} {BINDTYPE op ID {} IMPL fabric LATENCY 0 OPTYPE add PRAGMA {} RTLNAME add_ln216_16_fu_994_p2 SOURCE ./calorimeter.h:216 VARIABLE add_ln216_16 LOOP VITIS_LOOP_375_1_VITIS_LOOP_376_2 BUNDLEDNAME {} DSP 0 BRAM 0 URAM 0 STORAGESUBTYPE {} DISPNAME {bind_op add} VISIBLE true} {BINDTYPE op ID {} IMPL fabric LATENCY 0 OPTYPE add PRAGMA {} RTLNAME add_ln216_17_fu_1381_p2 SOURCE ./calorimeter.h:216 VARIABLE add_ln216_17 LOOP VITIS_LOOP_375_1_VITIS_LOOP_376_2 BUNDLEDNAME {} DSP 0 BRAM 0 URAM 0 STORAGESUBTYPE {} DISPNAME {bind_op add} VISIBLE true} {BINDTYPE op ID {} IMPL fabric LATENCY 0 OPTYPE add PRAGMA {} RTLNAME add_ln216_18_fu_1671_p2 SOURCE ./calorimeter.h:216 VARIABLE add_ln216_18 LOOP VITIS_LOOP_375_1_VITIS_LOOP_376_2 BUNDLEDNAME {} DSP 0 BRAM 0 URAM 0 STORAGESUBTYPE {} DISPNAME {bind_op add} VISIBLE true} {BINDTYPE op ID {} IMPL fabric LATENCY 0 OPTYPE add PRAGMA {} RTLNAME add_ln216_19_fu_1818_p2 SOURCE ./calorimeter.h:216 VARIABLE add_ln216_19 LOOP VITIS_LOOP_375_1_VITIS_LOOP_376_2 BUNDLEDNAME {} DSP 0 BRAM 0 URAM 0 STORAGESUBTYPE {} DISPNAME {bind_op add} VISIBLE true} {BINDTYPE op ID {} IMPL fabric LATENCY 0 OPTYPE add PRAGMA {} RTLNAME add_ln216_20_fu_2077_p2 SOURCE ./calorimeter.h:216 VARIABLE add_ln216_20 LOOP VITIS_LOOP_375_1_VITIS_LOOP_376_2 BUNDLEDNAME {} DSP 0 BRAM 0 URAM 0 STORAGESUBTYPE {} DISPNAME {bind_op add} VISIBLE true} {BINDTYPE op ID {} IMPL fabric LATENCY 0 OPTYPE add PRAGMA {} RTLNAME add_ln216_21_fu_2366_p2 SOURCE ./calorimeter.h:216 VARIABLE add_ln216_21 LOOP VITIS_LOOP_375_1_VITIS_LOOP_376_2 BUNDLEDNAME {} DSP 0 BRAM 0 URAM 0 STORAGESUBTYPE {} DISPNAME {bind_op add} VISIBLE true} {BINDTYPE op ID {} IMPL fabric LATENCY 0 OPTYPE add PRAGMA {} RTLNAME add_ln216_22_fu_2453_p2 SOURCE ./calorimeter.h:216 VARIABLE add_ln216_22 LOOP VITIS_LOOP_375_1_VITIS_LOOP_376_2 BUNDLEDNAME {} DSP 0 BRAM 0 URAM 0 STORAGESUBTYPE {} DISPNAME {bind_op add} VISIBLE true} {BINDTYPE op ID {} IMPL auto LATENCY 0 OPTYPE setne PRAGMA {} RTLNAME grp_fu_554_p2 SOURCE ./calorimeter.h:220 VARIABLE icmp_ln220_4 LOOP VITIS_LOOP_375_1_VITIS_LOOP_376_2 BUNDLEDNAME {} DSP 0 BRAM 0 URAM 0 STORAGESUBTYPE {} DISPNAME {bind_op setne} VISIBLE false} {BINDTYPE op ID {} IMPL auto LATENCY 0 OPTYPE setlt PRAGMA {} RTLNAME grp_fu_559_p2 SOURCE ./calorimeter.h:218 VARIABLE icmp_ln218_4 LOOP VITIS_LOOP_375_1_VITIS_LOOP_376_2 BUNDLEDNAME {} DSP 0 BRAM 0 URAM 0 STORAGESUBTYPE {} DISPNAME {bind_op setlt} VISIBLE false} {BINDTYPE op ID {} IMPL auto LATENCY 0 OPTYPE xor PRAGMA {} RTLNAME xor_ln218_5_fu_1178_p2 SOURCE ./calorimeter.h:218 VARIABLE xor_ln218_5 LOOP VITIS_LOOP_375_1_VITIS_LOOP_376_2 BUNDLEDNAME {} DSP 0 BRAM 0 URAM 0 STORAGESUBTYPE {} DISPNAME {bind_op xor} VISIBLE false} {BINDTYPE op ID {} IMPL fabric LATENCY 0 OPTYPE add PRAGMA {} RTLNAME add_ln213_2_fu_1044_p2 SOURCE ./calorimeter.h:213 VARIABLE add_ln213_2 LOOP VITIS_LOOP_375_1_VITIS_LOOP_376_2 BUNDLEDNAME {} DSP 0 BRAM 0 URAM 0 STORAGESUBTYPE {} DISPNAME {bind_op add} VISIBLE true} {BINDTYPE op ID {} IMPL auto LATENCY 0 OPTYPE setgt PRAGMA {} RTLNAME icmp_ln162_2_fu_1049_p2 SOURCE ./calorimeter.h:162 VARIABLE icmp_ln162_2 LOOP VITIS_LOOP_375_1_VITIS_LOOP_376_2 BUNDLEDNAME {} DSP 0 BRAM 0 URAM 0 STORAGESUBTYPE {} DISPNAME {bind_op setgt} VISIBLE false} {BINDTYPE op ID {} IMPL fabric LATENCY 0 OPTYPE add PRAGMA {} RTLNAME add_ln163_2_fu_1055_p2 SOURCE ./calorimeter.h:163 VARIABLE add_ln163_2 LOOP VITIS_LOOP_375_1_VITIS_LOOP_376_2 BUNDLEDNAME {} DSP 0 BRAM 0 URAM 0 STORAGESUBTYPE {} DISPNAME {bind_op add} VISIBLE true} {BINDTYPE op ID {} IMPL auto_sel LATENCY 0 OPTYPE select PRAGMA {} RTLNAME phi_idx_11_fu_1064_p3 SOURCE ./calorimeter.h:162 VARIABLE phi_idx_11 LOOP VITIS_LOOP_375_1_VITIS_LOOP_376_2 BUNDLEDNAME {} DSP 0 BRAM 0 URAM 0 STORAGESUBTYPE {} DISPNAME {bind_op select} VISIBLE false} {BINDTYPE op ID {} IMPL fabric LATENCY 0 OPTYPE add PRAGMA {} RTLNAME add_ln216_23_fu_1076_p2 SOURCE ./calorimeter.h:216 VARIABLE add_ln216_23 LOOP VITIS_LOOP_375_1_VITIS_LOOP_376_2 BUNDLEDNAME {} DSP 0 BRAM 0 URAM 0 STORAGESUBTYPE {} DISPNAME {bind_op add} VISIBLE true} {BINDTYPE op ID {} IMPL fabric LATENCY 0 OPTYPE add PRAGMA {} RTLNAME add_ln216_24_fu_1390_p2 SOURCE ./calorimeter.h:216 VARIABLE add_ln216_24 LOOP VITIS_LOOP_375_1_VITIS_LOOP_376_2 BUNDLEDNAME {} DSP 0 BRAM 0 URAM 0 STORAGESUBTYPE {} DISPNAME {bind_op add} VISIBLE true} {BINDTYPE op ID {} IMPL fabric LATENCY 0 OPTYPE add PRAGMA {} RTLNAME add_ln216_25_fu_1702_p2 SOURCE ./calorimeter.h:216 VARIABLE add_ln216_25 LOOP VITIS_LOOP_375_1_VITIS_LOOP_376_2 BUNDLEDNAME {} DSP 0 BRAM 0 URAM 0 STORAGESUBTYPE {} DISPNAME {bind_op add} VISIBLE true} {BINDTYPE op ID {} IMPL fabric LATENCY 0 OPTYPE add PRAGMA {} RTLNAME add_ln216_26_fu_1827_p2 SOURCE ./calorimeter.h:216 VARIABLE add_ln216_26 LOOP VITIS_LOOP_375_1_VITIS_LOOP_376_2 BUNDLEDNAME {} DSP 0 BRAM 0 URAM 0 STORAGESUBTYPE {} DISPNAME {bind_op add} VISIBLE true} {BINDTYPE op ID {} IMPL fabric LATENCY 0 OPTYPE add PRAGMA {} RTLNAME add_ln216_27_fu_2086_p2 SOURCE ./calorimeter.h:216 VARIABLE add_ln216_27 LOOP VITIS_LOOP_375_1_VITIS_LOOP_376_2 BUNDLEDNAME {} DSP 0 BRAM 0 URAM 0 STORAGESUBTYPE {} DISPNAME {bind_op add} VISIBLE true} {BINDTYPE op ID {} IMPL fabric LATENCY 0 OPTYPE add PRAGMA {} RTLNAME add_ln216_28_fu_2389_p2 SOURCE ./calorimeter.h:216 VARIABLE add_ln216_28 LOOP VITIS_LOOP_375_1_VITIS_LOOP_376_2 BUNDLEDNAME {} DSP 0 BRAM 0 URAM 0 STORAGESUBTYPE {} DISPNAME {bind_op add} VISIBLE true} {BINDTYPE op ID {} IMPL fabric LATENCY 0 OPTYPE add PRAGMA {} RTLNAME add_ln216_29_fu_2458_p2 SOURCE ./calorimeter.h:216 VARIABLE add_ln216_29 LOOP VITIS_LOOP_375_1_VITIS_LOOP_376_2 BUNDLEDNAME {} DSP 0 BRAM 0 URAM 0 STORAGESUBTYPE {} DISPNAME {bind_op add} VISIBLE true} {BINDTYPE op ID {} IMPL auto LATENCY 0 OPTYPE setne PRAGMA {} RTLNAME grp_fu_554_p2 SOURCE ./calorimeter.h:220 VARIABLE icmp_ln220_5 LOOP VITIS_LOOP_375_1_VITIS_LOOP_376_2 BUNDLEDNAME {} DSP 0 BRAM 0 URAM 0 STORAGESUBTYPE {} DISPNAME {bind_op setne} VISIBLE false} {BINDTYPE op ID {} IMPL auto LATENCY 0 OPTYPE setlt PRAGMA {} RTLNAME grp_fu_600_p2 SOURCE ./calorimeter.h:218 VARIABLE icmp_ln218_5 LOOP VITIS_LOOP_375_1_VITIS_LOOP_376_2 BUNDLEDNAME {} DSP 0 BRAM 0 URAM 0 STORAGESUBTYPE {} DISPNAME {bind_op setlt} VISIBLE false} {BINDTYPE op ID {} IMPL auto LATENCY 0 OPTYPE xor PRAGMA {} RTLNAME xor_ln218_6_fu_1219_p2 SOURCE ./calorimeter.h:218 VARIABLE xor_ln218_6 LOOP VITIS_LOOP_375_1_VITIS_LOOP_376_2 BUNDLEDNAME {} DSP 0 BRAM 0 URAM 0 STORAGESUBTYPE {} DISPNAME {bind_op xor} VISIBLE false} {BINDTYPE op ID {} IMPL fabric LATENCY 0 OPTYPE add PRAGMA {} RTLNAME add_ln216_30_fu_1183_p2 SOURCE ./calorimeter.h:216 VARIABLE add_ln216_30 LOOP VITIS_LOOP_375_1_VITIS_LOOP_376_2 BUNDLEDNAME {} DSP 0 BRAM 0 URAM 0 STORAGESUBTYPE {} DISPNAME {bind_op add} VISIBLE true} {BINDTYPE op ID {} IMPL fabric LATENCY 0 OPTYPE add PRAGMA {} RTLNAME add_ln216_31_fu_1444_p2 SOURCE ./calorimeter.h:216 VARIABLE add_ln216_31 LOOP VITIS_LOOP_375_1_VITIS_LOOP_376_2 BUNDLEDNAME {} DSP 0 BRAM 0 URAM 0 STORAGESUBTYPE {} DISPNAME {bind_op add} VISIBLE true} {BINDTYPE op ID {} IMPL fabric LATENCY 0 OPTYPE add PRAGMA {} RTLNAME add_ln216_32_fu_1711_p2 SOURCE ./calorimeter.h:216 VARIABLE add_ln216_32 LOOP VITIS_LOOP_375_1_VITIS_LOOP_376_2 BUNDLEDNAME {} DSP 0 BRAM 0 URAM 0 STORAGESUBTYPE {} DISPNAME {bind_op add} VISIBLE true} {BINDTYPE op ID {} IMPL fabric LATENCY 0 OPTYPE add PRAGMA {} RTLNAME add_ln216_33_fu_1860_p2 SOURCE ./calorimeter.h:216 VARIABLE add_ln216_33 LOOP VITIS_LOOP_375_1_VITIS_LOOP_376_2 BUNDLEDNAME {} DSP 0 BRAM 0 URAM 0 STORAGESUBTYPE {} DISPNAME {bind_op add} VISIBLE true} {BINDTYPE op ID {} IMPL fabric LATENCY 0 OPTYPE add PRAGMA {} RTLNAME add_ln216_34_fu_2126_p2 SOURCE ./calorimeter.h:216 VARIABLE add_ln216_34 LOOP VITIS_LOOP_375_1_VITIS_LOOP_376_2 BUNDLEDNAME {} DSP 0 BRAM 0 URAM 0 STORAGESUBTYPE {} DISPNAME {bind_op add} VISIBLE true} {BINDTYPE op ID {} IMPL fabric LATENCY 0 OPTYPE add PRAGMA {} RTLNAME add_ln216_35_fu_2463_p2 SOURCE ./calorimeter.h:216 VARIABLE add_ln216_35 LOOP VITIS_LOOP_375_1_VITIS_LOOP_376_2 BUNDLEDNAME {} DSP 0 BRAM 0 URAM 0 STORAGESUBTYPE {} DISPNAME {bind_op add} VISIBLE true} {BINDTYPE op ID {} IMPL auto LATENCY 0 OPTYPE setne PRAGMA {} RTLNAME icmp_ln220_6_fu_1225_p2 SOURCE ./calorimeter.h:220 VARIABLE icmp_ln220_6 LOOP VITIS_LOOP_375_1_VITIS_LOOP_376_2 BUNDLEDNAME {} DSP 0 BRAM 0 URAM 0 STORAGESUBTYPE {} DISPNAME {bind_op setne} VISIBLE false} {BINDTYPE op ID {} IMPL auto LATENCY 0 OPTYPE setlt PRAGMA {} RTLNAME grp_fu_605_p2 SOURCE ./calorimeter.h:218 VARIABLE icmp_ln218_6 LOOP VITIS_LOOP_375_1_VITIS_LOOP_376_2 BUNDLEDNAME {} DSP 0 BRAM 0 URAM 0 STORAGESUBTYPE {} DISPNAME {bind_op setlt} VISIBLE false} {BINDTYPE op ID {} IMPL auto LATENCY 0 OPTYPE xor PRAGMA {} RTLNAME xor_ln218_7_fu_1230_p2 SOURCE ./calorimeter.h:218 VARIABLE xor_ln218_7 LOOP VITIS_LOOP_375_1_VITIS_LOOP_376_2 BUNDLEDNAME {} DSP 0 BRAM 0 URAM 0 STORAGESUBTYPE {} DISPNAME {bind_op xor} VISIBLE false} {BINDTYPE op ID {} IMPL fabric LATENCY 0 OPTYPE add PRAGMA {} RTLNAME add_ln216_36_fu_1210_p2 SOURCE ./calorimeter.h:216 VARIABLE add_ln216_36 LOOP VITIS_LOOP_375_1_VITIS_LOOP_376_2 BUNDLEDNAME {} DSP 0 BRAM 0 URAM 0 STORAGESUBTYPE {} DISPNAME {bind_op add} VISIBLE true} {BINDTYPE op ID {} IMPL fabric LATENCY 0 OPTYPE add PRAGMA {} RTLNAME add_ln216_37_fu_1485_p2 SOURCE ./calorimeter.h:216 VARIABLE add_ln216_37 LOOP VITIS_LOOP_375_1_VITIS_LOOP_376_2 BUNDLEDNAME {} DSP 0 BRAM 0 URAM 0 STORAGESUBTYPE {} DISPNAME {bind_op add} VISIBLE true} {BINDTYPE op ID {} IMPL fabric LATENCY 0 OPTYPE add PRAGMA {} RTLNAME add_ln216_38_fu_1762_p2 SOURCE ./calorimeter.h:216 VARIABLE add_ln216_38 LOOP VITIS_LOOP_375_1_VITIS_LOOP_376_2 BUNDLEDNAME {} DSP 0 BRAM 0 URAM 0 STORAGESUBTYPE {} DISPNAME {bind_op add} VISIBLE true} {BINDTYPE op ID {} IMPL fabric LATENCY 0 OPTYPE add PRAGMA {} RTLNAME add_ln216_39_fu_1884_p2 SOURCE ./calorimeter.h:216 VARIABLE add_ln216_39 LOOP VITIS_LOOP_375_1_VITIS_LOOP_376_2 BUNDLEDNAME {} DSP 0 BRAM 0 URAM 0 STORAGESUBTYPE {} DISPNAME {bind_op add} VISIBLE true} {BINDTYPE op ID {} IMPL fabric LATENCY 0 OPTYPE add PRAGMA {} RTLNAME add_ln216_40_fu_2221_p2 SOURCE ./calorimeter.h:216 VARIABLE add_ln216_40 LOOP VITIS_LOOP_375_1_VITIS_LOOP_376_2 BUNDLEDNAME {} DSP 0 BRAM 0 URAM 0 STORAGESUBTYPE {} DISPNAME {bind_op add} VISIBLE true} {BINDTYPE op ID {} IMPL fabric LATENCY 0 OPTYPE add PRAGMA {} RTLNAME add_ln216_41_fu_2473_p2 SOURCE ./calorimeter.h:216 VARIABLE add_ln216_41 LOOP VITIS_LOOP_375_1_VITIS_LOOP_376_2 BUNDLEDNAME {} DSP 0 BRAM 0 URAM 0 STORAGESUBTYPE {} DISPNAME {bind_op add} VISIBLE true} {BINDTYPE op ID {} IMPL fabric LATENCY 0 OPTYPE add PRAGMA {} RTLNAME add_ln216_42_fu_1236_p2 SOURCE ./calorimeter.h:216 VARIABLE add_ln216_42 LOOP VITIS_LOOP_375_1_VITIS_LOOP_376_2 BUNDLEDNAME {} DSP 0 BRAM 0 URAM 0 STORAGESUBTYPE {} DISPNAME {bind_op add} VISIBLE true} {BINDTYPE op ID {} IMPL fabric LATENCY 0 OPTYPE add PRAGMA {} RTLNAME add_ln216_43_fu_1508_p2 SOURCE ./calorimeter.h:216 VARIABLE add_ln216_43 LOOP VITIS_LOOP_375_1_VITIS_LOOP_376_2 BUNDLEDNAME {} DSP 0 BRAM 0 URAM 0 STORAGESUBTYPE {} DISPNAME {bind_op add} VISIBLE true} {BINDTYPE op ID {} IMPL fabric LATENCY 0 OPTYPE add PRAGMA {} RTLNAME add_ln216_44_fu_1786_p2 SOURCE ./calorimeter.h:216 VARIABLE add_ln216_44 LOOP VITIS_LOOP_375_1_VITIS_LOOP_376_2 BUNDLEDNAME {} DSP 0 BRAM 0 URAM 0 STORAGESUBTYPE {} DISPNAME {bind_op add} VISIBLE true} {BINDTYPE op ID {} IMPL fabric LATENCY 0 OPTYPE add PRAGMA {} RTLNAME add_ln216_45_fu_1893_p2 SOURCE ./calorimeter.h:216 VARIABLE add_ln216_45 LOOP VITIS_LOOP_375_1_VITIS_LOOP_376_2 BUNDLEDNAME {} DSP 0 BRAM 0 URAM 0 STORAGESUBTYPE {} DISPNAME {bind_op add} VISIBLE true} {BINDTYPE op ID {} IMPL fabric LATENCY 0 OPTYPE add PRAGMA {} RTLNAME add_ln216_46_fu_2230_p2 SOURCE ./calorimeter.h:216 VARIABLE add_ln216_46 LOOP VITIS_LOOP_375_1_VITIS_LOOP_376_2 BUNDLEDNAME {} DSP 0 BRAM 0 URAM 0 STORAGESUBTYPE {} DISPNAME {bind_op add} VISIBLE true} {BINDTYPE op ID {} IMPL fabric LATENCY 0 OPTYPE add PRAGMA {} RTLNAME add_ln216_47_fu_2478_p2 SOURCE ./calorimeter.h:216 VARIABLE add_ln216_47 LOOP VITIS_LOOP_375_1_VITIS_LOOP_376_2 BUNDLEDNAME {} DSP 0 BRAM 0 URAM 0 STORAGESUBTYPE {} DISPNAME {bind_op add} VISIBLE true} {BINDTYPE op ID {} IMPL auto LATENCY 0 OPTYPE setne PRAGMA {} RTLNAME grp_fu_554_p2 SOURCE ./calorimeter.h:220 VARIABLE icmp_ln220_7 LOOP VITIS_LOOP_375_1_VITIS_LOOP_376_2 BUNDLEDNAME {} DSP 0 BRAM 0 URAM 0 STORAGESUBTYPE {} DISPNAME {bind_op setne} VISIBLE false} {BINDTYPE op ID {} IMPL auto LATENCY 0 OPTYPE setlt PRAGMA {} RTLNAME grp_fu_559_p2 SOURCE ./calorimeter.h:218 VARIABLE icmp_ln218_7 LOOP VITIS_LOOP_375_1_VITIS_LOOP_376_2 BUNDLEDNAME {} DSP 0 BRAM 0 URAM 0 STORAGESUBTYPE {} DISPNAME {bind_op setlt} VISIBLE false} {BINDTYPE op ID {} IMPL auto LATENCY 0 OPTYPE xor PRAGMA {} RTLNAME xor_ln218_8_fu_1454_p2 SOURCE ./calorimeter.h:218 VARIABLE xor_ln218_8 LOOP VITIS_LOOP_375_1_VITIS_LOOP_376_2 BUNDLEDNAME {} DSP 0 BRAM 0 URAM 0 STORAGESUBTYPE {} DISPNAME {bind_op xor} VISIBLE false} {BINDTYPE op ID {} IMPL auto LATENCY 0 OPTYPE setne PRAGMA {} RTLNAME grp_fu_554_p2 SOURCE ./calorimeter.h:220 VARIABLE icmp_ln220_8 LOOP VITIS_LOOP_375_1_VITIS_LOOP_376_2 BUNDLEDNAME {} DSP 0 BRAM 0 URAM 0 STORAGESUBTYPE {} DISPNAME {bind_op setne} VISIBLE false} {BINDTYPE op ID {} IMPL auto LATENCY 0 OPTYPE setlt PRAGMA {} RTLNAME grp_fu_590_p2 SOURCE ./calorimeter.h:218 VARIABLE icmp_ln218_8 LOOP VITIS_LOOP_375_1_VITIS_LOOP_376_2 BUNDLEDNAME {} DSP 0 BRAM 0 URAM 0 STORAGESUBTYPE {} DISPNAME {bind_op setlt} VISIBLE false} {BINDTYPE op ID {} IMPL auto LATENCY 0 OPTYPE xor PRAGMA {} RTLNAME xor_ln218_9_fu_1517_p2 SOURCE ./calorimeter.h:218 VARIABLE xor_ln218_9 LOOP VITIS_LOOP_375_1_VITIS_LOOP_376_2 BUNDLEDNAME {} DSP 0 BRAM 0 URAM 0 STORAGESUBTYPE {} DISPNAME {bind_op xor} VISIBLE false} {BINDTYPE op ID {} IMPL auto LATENCY 0 OPTYPE setne PRAGMA {} RTLNAME grp_fu_554_p2 SOURCE ./calorimeter.h:220 VARIABLE icmp_ln220_9 LOOP VITIS_LOOP_375_1_VITIS_LOOP_376_2 BUNDLEDNAME {} DSP 0 BRAM 0 URAM 0 STORAGESUBTYPE {} DISPNAME {bind_op setne} VISIBLE false} {BINDTYPE op ID {} IMPL auto LATENCY 0 OPTYPE setlt PRAGMA {} RTLNAME grp_fu_559_p2 SOURCE ./calorimeter.h:218 VARIABLE icmp_ln218_9 LOOP VITIS_LOOP_375_1_VITIS_LOOP_376_2 BUNDLEDNAME {} DSP 0 BRAM 0 URAM 0 STORAGESUBTYPE {} DISPNAME {bind_op setlt} VISIBLE false} {BINDTYPE op ID {} IMPL auto LATENCY 0 OPTYPE xor PRAGMA {} RTLNAME xor_ln218_10_fu_1522_p2 SOURCE ./calorimeter.h:218 VARIABLE xor_ln218_10 LOOP VITIS_LOOP_375_1_VITIS_LOOP_376_2 BUNDLEDNAME {} DSP 0 BRAM 0 URAM 0 STORAGESUBTYPE {} DISPNAME {bind_op xor} VISIBLE false} {BINDTYPE op ID {} IMPL auto LATENCY 0 OPTYPE setne PRAGMA {} RTLNAME grp_fu_554_p2 SOURCE ./calorimeter.h:220 VARIABLE icmp_ln220_10 LOOP VITIS_LOOP_375_1_VITIS_LOOP_376_2 BUNDLEDNAME {} DSP 0 BRAM 0 URAM 0 STORAGESUBTYPE {} DISPNAME {bind_op setne} VISIBLE false} {BINDTYPE op ID {} IMPL auto LATENCY 0 OPTYPE setlt PRAGMA {} RTLNAME grp_fu_590_p2 SOURCE ./calorimeter.h:218 VARIABLE icmp_ln218_10 LOOP VITIS_LOOP_375_1_VITIS_LOOP_376_2 BUNDLEDNAME {} DSP 0 BRAM 0 URAM 0 STORAGESUBTYPE {} DISPNAME {bind_op setlt} VISIBLE false} {BINDTYPE op ID {} IMPL auto LATENCY 0 OPTYPE xor PRAGMA {} RTLNAME xor_ln218_11_fu_1562_p2 SOURCE ./calorimeter.h:218 VARIABLE xor_ln218_11 LOOP VITIS_LOOP_375_1_VITIS_LOOP_376_2 BUNDLEDNAME {} DSP 0 BRAM 0 URAM 0 STORAGESUBTYPE {} DISPNAME {bind_op xor} VISIBLE false} {BINDTYPE op ID {} IMPL auto LATENCY 0 OPTYPE setne PRAGMA {} RTLNAME grp_fu_595_p2 SOURCE ./calorimeter.h:220 VARIABLE icmp_ln220_11 LOOP VITIS_LOOP_375_1_VITIS_LOOP_376_2 BUNDLEDNAME {} DSP 0 BRAM 0 URAM 0 STORAGESUBTYPE {} DISPNAME {bind_op setne} VISIBLE false} {BINDTYPE op ID {} IMPL auto LATENCY 0 OPTYPE setlt PRAGMA {} RTLNAME grp_fu_600_p2 SOURCE ./calorimeter.h:218 VARIABLE icmp_ln218_11 LOOP VITIS_LOOP_375_1_VITIS_LOOP_376_2 BUNDLEDNAME {} DSP 0 BRAM 0 URAM 0 STORAGESUBTYPE {} DISPNAME {bind_op setlt} VISIBLE false} {BINDTYPE op ID {} IMPL auto LATENCY 0 OPTYPE xor PRAGMA {} RTLNAME xor_ln218_12_fu_1568_p2 SOURCE ./calorimeter.h:218 VARIABLE xor_ln218_12 LOOP VITIS_LOOP_375_1_VITIS_LOOP_376_2 BUNDLEDNAME {} DSP 0 BRAM 0 URAM 0 STORAGESUBTYPE {} DISPNAME {bind_op xor} VISIBLE false} {BINDTYPE op ID {} IMPL auto LATENCY 0 OPTYPE setlt PRAGMA {} RTLNAME grp_fu_600_p2 SOURCE ./calorimeter.h:218 VARIABLE icmp_ln218_12 LOOP VITIS_LOOP_375_1_VITIS_LOOP_376_2 BUNDLEDNAME {} DSP 0 BRAM 0 URAM 0 STORAGESUBTYPE {} DISPNAME {bind_op setlt} VISIBLE false} {BINDTYPE op ID {} IMPL auto LATENCY 0 OPTYPE xor PRAGMA {} RTLNAME xor_ln218_13_fu_1902_p2 SOURCE ./calorimeter.h:218 VARIABLE xor_ln218_13 LOOP VITIS_LOOP_375_1_VITIS_LOOP_376_2 BUNDLEDNAME {} DSP 0 BRAM 0 URAM 0 STORAGESUBTYPE {} DISPNAME {bind_op xor} VISIBLE false} {BINDTYPE op ID {} IMPL auto LATENCY 0 OPTYPE setlt PRAGMA {} RTLNAME grp_fu_605_p2 SOURCE ./calorimeter.h:218 VARIABLE icmp_ln218_13 LOOP VITIS_LOOP_375_1_VITIS_LOOP_376_2 BUNDLEDNAME {} DSP 0 BRAM 0 URAM 0 STORAGESUBTYPE {} DISPNAME {bind_op setlt} VISIBLE false} {BINDTYPE op ID {} IMPL auto LATENCY 0 OPTYPE xor PRAGMA {} RTLNAME xor_ln218_14_fu_1908_p2 SOURCE ./calorimeter.h:218 VARIABLE xor_ln218_14 LOOP VITIS_LOOP_375_1_VITIS_LOOP_376_2 BUNDLEDNAME {} DSP 0 BRAM 0 URAM 0 STORAGESUBTYPE {} DISPNAME {bind_op xor} VISIBLE false} {BINDTYPE op ID {} IMPL auto LATENCY 0 OPTYPE setlt PRAGMA {} RTLNAME grp_fu_559_p2 SOURCE ./calorimeter.h:218 VARIABLE icmp_ln218_14 LOOP VITIS_LOOP_375_1_VITIS_LOOP_376_2 BUNDLEDNAME {} DSP 0 BRAM 0 URAM 0 STORAGESUBTYPE {} DISPNAME {bind_op setlt} VISIBLE false} {BINDTYPE op ID {} IMPL auto LATENCY 0 OPTYPE xor PRAGMA {} RTLNAME xor_ln218_15_fu_1913_p2 SOURCE ./calorimeter.h:218 VARIABLE xor_ln218_15 LOOP VITIS_LOOP_375_1_VITIS_LOOP_376_2 BUNDLEDNAME {} DSP 0 BRAM 0 URAM 0 STORAGESUBTYPE {} DISPNAME {bind_op xor} VISIBLE false} {BINDTYPE op ID {} IMPL auto LATENCY 0 OPTYPE setlt PRAGMA {} RTLNAME grp_fu_605_p2 SOURCE ./calorimeter.h:218 VARIABLE icmp_ln218_15 LOOP VITIS_LOOP_375_1_VITIS_LOOP_376_2 BUNDLEDNAME {} DSP 0 BRAM 0 URAM 0 STORAGESUBTYPE {} DISPNAME {bind_op setlt} VISIBLE false} {BINDTYPE op ID {} IMPL auto LATENCY 0 OPTYPE xor PRAGMA {} RTLNAME xor_ln218_16_fu_1918_p2 SOURCE ./calorimeter.h:218 VARIABLE xor_ln218_16 LOOP VITIS_LOOP_375_1_VITIS_LOOP_376_2 BUNDLEDNAME {} DSP 0 BRAM 0 URAM 0 STORAGESUBTYPE {} DISPNAME {bind_op xor} VISIBLE false} {BINDTYPE op ID {} IMPL auto LATENCY 0 OPTYPE setlt PRAGMA {} RTLNAME grp_fu_559_p2 SOURCE ./calorimeter.h:218 VARIABLE icmp_ln218_16 LOOP VITIS_LOOP_375_1_VITIS_LOOP_376_2 BUNDLEDNAME {} DSP 0 BRAM 0 URAM 0 STORAGESUBTYPE {} DISPNAME {bind_op setlt} VISIBLE false} {BINDTYPE op ID {} IMPL auto LATENCY 0 OPTYPE xor PRAGMA {} RTLNAME xor_ln218_17_fu_1924_p2 SOURCE ./calorimeter.h:218 VARIABLE xor_ln218_17 LOOP VITIS_LOOP_375_1_VITIS_LOOP_376_2 BUNDLEDNAME {} DSP 0 BRAM 0 URAM 0 STORAGESUBTYPE {} DISPNAME {bind_op xor} VISIBLE false} {BINDTYPE op ID {} IMPL auto LATENCY 0 OPTYPE setlt PRAGMA {} RTLNAME grp_fu_605_p2 SOURCE ./calorimeter.h:218 VARIABLE icmp_ln218_17 LOOP VITIS_LOOP_375_1_VITIS_LOOP_376_2 BUNDLEDNAME {} DSP 0 BRAM 0 URAM 0 STORAGESUBTYPE {} DISPNAME {bind_op setlt} VISIBLE false} {BINDTYPE op ID {} IMPL auto LATENCY 0 OPTYPE xor PRAGMA {} RTLNAME xor_ln218_18_fu_2271_p2 SOURCE ./calorimeter.h:218 VARIABLE xor_ln218_18 LOOP VITIS_LOOP_375_1_VITIS_LOOP_376_2 BUNDLEDNAME {} DSP 0 BRAM 0 URAM 0 STORAGESUBTYPE {} DISPNAME {bind_op xor} VISIBLE false} {BINDTYPE op ID {} IMPL auto LATENCY 0 OPTYPE setlt PRAGMA {} RTLNAME grp_fu_559_p2 SOURCE ./calorimeter.h:218 VARIABLE icmp_ln218_18 LOOP VITIS_LOOP_375_1_VITIS_LOOP_376_2 BUNDLEDNAME {} DSP 0 BRAM 0 URAM 0 STORAGESUBTYPE {} DISPNAME {bind_op setlt} VISIBLE false} {BINDTYPE op ID {} IMPL auto LATENCY 0 OPTYPE xor PRAGMA {} RTLNAME xor_ln218_19_fu_2276_p2 SOURCE ./calorimeter.h:218 VARIABLE xor_ln218_19 LOOP VITIS_LOOP_375_1_VITIS_LOOP_376_2 BUNDLEDNAME {} DSP 0 BRAM 0 URAM 0 STORAGESUBTYPE {} DISPNAME {bind_op xor} VISIBLE false} {BINDTYPE op ID {} IMPL auto LATENCY 0 OPTYPE setlt PRAGMA {} RTLNAME grp_fu_590_p2 SOURCE ./calorimeter.h:218 VARIABLE icmp_ln218_19 LOOP VITIS_LOOP_375_1_VITIS_LOOP_376_2 BUNDLEDNAME {} DSP 0 BRAM 0 URAM 0 STORAGESUBTYPE {} DISPNAME {bind_op setlt} VISIBLE false} {BINDTYPE op ID {} IMPL auto LATENCY 0 OPTYPE xor PRAGMA {} RTLNAME xor_ln218_20_fu_2281_p2 SOURCE ./calorimeter.h:218 VARIABLE xor_ln218_20 LOOP VITIS_LOOP_375_1_VITIS_LOOP_376_2 BUNDLEDNAME {} DSP 0 BRAM 0 URAM 0 STORAGESUBTYPE {} DISPNAME {bind_op xor} VISIBLE false} {BINDTYPE op ID {} IMPL auto LATENCY 0 OPTYPE setlt PRAGMA {} RTLNAME grp_fu_600_p2 SOURCE ./calorimeter.h:218 VARIABLE icmp_ln218_20 LOOP VITIS_LOOP_375_1_VITIS_LOOP_376_2 BUNDLEDNAME {} DSP 0 BRAM 0 URAM 0 STORAGESUBTYPE {} DISPNAME {bind_op setlt} VISIBLE false} {BINDTYPE op ID {} IMPL auto LATENCY 0 OPTYPE xor PRAGMA {} RTLNAME xor_ln218_21_fu_2286_p2 SOURCE ./calorimeter.h:218 VARIABLE xor_ln218_21 LOOP VITIS_LOOP_375_1_VITIS_LOOP_376_2 BUNDLEDNAME {} DSP 0 BRAM 0 URAM 0 STORAGESUBTYPE {} DISPNAME {bind_op xor} VISIBLE false} {BINDTYPE op ID {} IMPL auto LATENCY 0 OPTYPE setlt PRAGMA {} RTLNAME grp_fu_559_p2 SOURCE ./calorimeter.h:218 VARIABLE icmp_ln218_21 LOOP VITIS_LOOP_375_1_VITIS_LOOP_376_2 BUNDLEDNAME {} DSP 0 BRAM 0 URAM 0 STORAGESUBTYPE {} DISPNAME {bind_op setlt} VISIBLE false} {BINDTYPE op ID {} IMPL auto LATENCY 0 OPTYPE xor PRAGMA {} RTLNAME xor_ln218_22_fu_2291_p2 SOURCE ./calorimeter.h:218 VARIABLE xor_ln218_22 LOOP VITIS_LOOP_375_1_VITIS_LOOP_376_2 BUNDLEDNAME {} DSP 0 BRAM 0 URAM 0 STORAGESUBTYPE {} DISPNAME {bind_op xor} VISIBLE false} {BINDTYPE op ID {} IMPL auto LATENCY 0 OPTYPE setlt PRAGMA {} RTLNAME grp_fu_590_p2 SOURCE ./calorimeter.h:218 VARIABLE icmp_ln218_22 LOOP VITIS_LOOP_375_1_VITIS_LOOP_376_2 BUNDLEDNAME {} DSP 0 BRAM 0 URAM 0 STORAGESUBTYPE {} DISPNAME {bind_op setlt} VISIBLE false} {BINDTYPE op ID {} IMPL auto LATENCY 0 OPTYPE xor PRAGMA {} RTLNAME xor_ln218_23_fu_2296_p2 SOURCE ./calorimeter.h:218 VARIABLE xor_ln218_23 LOOP VITIS_LOOP_375_1_VITIS_LOOP_376_2 BUNDLEDNAME {} DSP 0 BRAM 0 URAM 0 STORAGESUBTYPE {} DISPNAME {bind_op xor} VISIBLE false} {BINDTYPE op ID {} IMPL auto LATENCY 0 OPTYPE setlt PRAGMA {} RTLNAME grp_fu_600_p2 SOURCE ./calorimeter.h:218 VARIABLE icmp_ln218_23 LOOP VITIS_LOOP_375_1_VITIS_LOOP_376_2 BUNDLEDNAME {} DSP 0 BRAM 0 URAM 0 STORAGESUBTYPE {} DISPNAME {bind_op setlt} VISIBLE false} {BINDTYPE op ID {} IMPL auto LATENCY 0 OPTYPE xor PRAGMA {} RTLNAME xor_ln218_24_fu_2302_p2 SOURCE ./calorimeter.h:218 VARIABLE xor_ln218_24 LOOP VITIS_LOOP_375_1_VITIS_LOOP_376_2 BUNDLEDNAME {} DSP 0 BRAM 0 URAM 0 STORAGESUBTYPE {} DISPNAME {bind_op xor} VISIBLE false} {BINDTYPE op ID {} IMPL auto LATENCY 0 OPTYPE setlt PRAGMA {} RTLNAME grp_fu_559_p2 SOURCE ./calorimeter.h:218 VARIABLE icmp_ln218_24 LOOP VITIS_LOOP_375_1_VITIS_LOOP_376_2 BUNDLEDNAME {} DSP 0 BRAM 0 URAM 0 STORAGESUBTYPE {} DISPNAME {bind_op setlt} VISIBLE false} {BINDTYPE op ID {} IMPL auto LATENCY 0 OPTYPE xor PRAGMA {} RTLNAME xor_ln218_25_fu_2307_p2 SOURCE ./calorimeter.h:218 VARIABLE xor_ln218_25 LOOP VITIS_LOOP_375_1_VITIS_LOOP_376_2 BUNDLEDNAME {} DSP 0 BRAM 0 URAM 0 STORAGESUBTYPE {} DISPNAME {bind_op xor} VISIBLE false} {BINDTYPE op ID {} IMPL auto LATENCY 0 OPTYPE setlt PRAGMA {} RTLNAME grp_fu_559_p2 SOURCE ./calorimeter.h:218 VARIABLE icmp_ln218_25 LOOP VITIS_LOOP_375_1_VITIS_LOOP_376_2 BUNDLEDNAME {} DSP 0 BRAM 0 URAM 0 STORAGESUBTYPE {} DISPNAME {bind_op setlt} VISIBLE false} {BINDTYPE op ID {} IMPL auto LATENCY 0 OPTYPE xor PRAGMA {} RTLNAME xor_ln218_26_fu_2312_p2 SOURCE ./calorimeter.h:218 VARIABLE xor_ln218_26 LOOP VITIS_LOOP_375_1_VITIS_LOOP_376_2 BUNDLEDNAME {} DSP 0 BRAM 0 URAM 0 STORAGESUBTYPE {} DISPNAME {bind_op xor} VISIBLE false} {BINDTYPE op ID {} IMPL auto LATENCY 0 OPTYPE setlt PRAGMA {} RTLNAME grp_fu_559_p2 SOURCE ./calorimeter.h:218 VARIABLE icmp_ln218_26 LOOP VITIS_LOOP_375_1_VITIS_LOOP_376_2 BUNDLEDNAME {} DSP 0 BRAM 0 URAM 0 STORAGESUBTYPE {} DISPNAME {bind_op setlt} VISIBLE false} {BINDTYPE op ID {} IMPL auto LATENCY 0 OPTYPE xor PRAGMA {} RTLNAME xor_ln218_27_fu_2601_p2 SOURCE ./calorimeter.h:218 VARIABLE xor_ln218_27 LOOP VITIS_LOOP_375_1_VITIS_LOOP_376_2 BUNDLEDNAME {} DSP 0 BRAM 0 URAM 0 STORAGESUBTYPE {} DISPNAME {bind_op xor} VISIBLE false} {BINDTYPE op ID {} IMPL auto LATENCY 0 OPTYPE setlt PRAGMA {} RTLNAME grp_fu_559_p2 SOURCE ./calorimeter.h:218 VARIABLE icmp_ln218_27 LOOP VITIS_LOOP_375_1_VITIS_LOOP_376_2 BUNDLEDNAME {} DSP 0 BRAM 0 URAM 0 STORAGESUBTYPE {} DISPNAME {bind_op setlt} VISIBLE false} {BINDTYPE op ID {} IMPL auto LATENCY 0 OPTYPE xor PRAGMA {} RTLNAME xor_ln218_28_fu_2606_p2 SOURCE ./calorimeter.h:218 VARIABLE xor_ln218_28 LOOP VITIS_LOOP_375_1_VITIS_LOOP_376_2 BUNDLEDNAME {} DSP 0 BRAM 0 URAM 0 STORAGESUBTYPE {} DISPNAME {bind_op xor} VISIBLE false} {BINDTYPE op ID {} IMPL auto LATENCY 0 OPTYPE setlt PRAGMA {} RTLNAME grp_fu_559_p2 SOURCE ./calorimeter.h:218 VARIABLE icmp_ln218_28 LOOP VITIS_LOOP_375_1_VITIS_LOOP_376_2 BUNDLEDNAME {} DSP 0 BRAM 0 URAM 0 STORAGESUBTYPE {} DISPNAME {bind_op setlt} VISIBLE false} {BINDTYPE op ID {} IMPL auto LATENCY 0 OPTYPE xor PRAGMA {} RTLNAME xor_ln218_29_fu_2611_p2 SOURCE ./calorimeter.h:218 VARIABLE xor_ln218_29 LOOP VITIS_LOOP_375_1_VITIS_LOOP_376_2 BUNDLEDNAME {} DSP 0 BRAM 0 URAM 0 STORAGESUBTYPE {} DISPNAME {bind_op xor} VISIBLE false} {BINDTYPE op ID {} IMPL auto LATENCY 0 OPTYPE setlt PRAGMA {} RTLNAME grp_fu_585_p2 SOURCE ./calorimeter.h:218 VARIABLE icmp_ln218_29 LOOP VITIS_LOOP_375_1_VITIS_LOOP_376_2 BUNDLEDNAME {} DSP 0 BRAM 0 URAM 0 STORAGESUBTYPE {} DISPNAME {bind_op setlt} VISIBLE false} {BINDTYPE op ID {} IMPL auto LATENCY 0 OPTYPE xor PRAGMA {} RTLNAME xor_ln218_30_fu_2616_p2 SOURCE ./calorimeter.h:218 VARIABLE xor_ln218_30 LOOP VITIS_LOOP_375_1_VITIS_LOOP_376_2 BUNDLEDNAME {} DSP 0 BRAM 0 URAM 0 STORAGESUBTYPE {} DISPNAME {bind_op xor} VISIBLE false} {BINDTYPE op ID {} IMPL auto LATENCY 0 OPTYPE setlt PRAGMA {} RTLNAME grp_fu_600_p2 SOURCE ./calorimeter.h:218 VARIABLE icmp_ln218_30 LOOP VITIS_LOOP_375_1_VITIS_LOOP_376_2 BUNDLEDNAME {} DSP 0 BRAM 0 URAM 0 STORAGESUBTYPE {} DISPNAME {bind_op setlt} VISIBLE false} {BINDTYPE op ID {} IMPL auto LATENCY 0 OPTYPE xor PRAGMA {} RTLNAME xor_ln218_31_fu_2621_p2 SOURCE ./calorimeter.h:218 VARIABLE xor_ln218_31 LOOP VITIS_LOOP_375_1_VITIS_LOOP_376_2 BUNDLEDNAME {} DSP 0 BRAM 0 URAM 0 STORAGESUBTYPE {} DISPNAME {bind_op xor} VISIBLE false} {BINDTYPE op ID {} IMPL auto LATENCY 0 OPTYPE setlt PRAGMA {} RTLNAME grp_fu_559_p2 SOURCE ./calorimeter.h:218 VARIABLE icmp_ln218_31 LOOP VITIS_LOOP_375_1_VITIS_LOOP_376_2 BUNDLEDNAME {} DSP 0 BRAM 0 URAM 0 STORAGESUBTYPE {} DISPNAME {bind_op setlt} VISIBLE false} {BINDTYPE op ID {} IMPL auto LATENCY 0 OPTYPE xor PRAGMA {} RTLNAME xor_ln218_32_fu_2626_p2 SOURCE ./calorimeter.h:218 VARIABLE xor_ln218_32 LOOP VITIS_LOOP_375_1_VITIS_LOOP_376_2 BUNDLEDNAME {} DSP 0 BRAM 0 URAM 0 STORAGESUBTYPE {} DISPNAME {bind_op xor} VISIBLE false} {BINDTYPE op ID {} IMPL auto LATENCY 0 OPTYPE setlt PRAGMA {} RTLNAME grp_fu_559_p2 SOURCE ./calorimeter.h:218 VARIABLE icmp_ln218_32 LOOP VITIS_LOOP_375_1_VITIS_LOOP_376_2 BUNDLEDNAME {} DSP 0 BRAM 0 URAM 0 STORAGESUBTYPE {} DISPNAME {bind_op setlt} VISIBLE false} {BINDTYPE op ID {} IMPL auto LATENCY 0 OPTYPE xor PRAGMA {} RTLNAME xor_ln218_33_fu_2631_p2 SOURCE ./calorimeter.h:218 VARIABLE xor_ln218_33 LOOP VITIS_LOOP_375_1_VITIS_LOOP_376_2 BUNDLEDNAME {} DSP 0 BRAM 0 URAM 0 STORAGESUBTYPE {} DISPNAME {bind_op xor} VISIBLE false} {BINDTYPE op ID {} IMPL auto LATENCY 0 OPTYPE setlt PRAGMA {} RTLNAME grp_fu_585_p2 SOURCE ./calorimeter.h:218 VARIABLE icmp_ln218_33 LOOP VITIS_LOOP_375_1_VITIS_LOOP_376_2 BUNDLEDNAME {} DSP 0 BRAM 0 URAM 0 STORAGESUBTYPE {} DISPNAME {bind_op setlt} VISIBLE false} {BINDTYPE op ID {} IMPL auto LATENCY 0 OPTYPE xor PRAGMA {} RTLNAME xor_ln218_34_fu_2636_p2 SOURCE ./calorimeter.h:218 VARIABLE xor_ln218_34 LOOP VITIS_LOOP_375_1_VITIS_LOOP_376_2 BUNDLEDNAME {} DSP 0 BRAM 0 URAM 0 STORAGESUBTYPE {} DISPNAME {bind_op xor} VISIBLE false} {BINDTYPE op ID {} IMPL auto LATENCY 0 OPTYPE setlt PRAGMA {} RTLNAME grp_fu_559_p2 SOURCE ./calorimeter.h:218 VARIABLE icmp_ln218_34 LOOP VITIS_LOOP_375_1_VITIS_LOOP_376_2 BUNDLEDNAME {} DSP 0 BRAM 0 URAM 0 STORAGESUBTYPE {} DISPNAME {bind_op setlt} VISIBLE false} {BINDTYPE op ID {} IMPL auto LATENCY 0 OPTYPE xor PRAGMA {} RTLNAME xor_ln218_35_fu_2642_p2 SOURCE ./calorimeter.h:218 VARIABLE xor_ln218_35 LOOP VITIS_LOOP_375_1_VITIS_LOOP_376_2 BUNDLEDNAME {} DSP 0 BRAM 0 URAM 0 STORAGESUBTYPE {} DISPNAME {bind_op xor} VISIBLE false} {BINDTYPE op ID {} IMPL auto LATENCY 0 OPTYPE and PRAGMA {} RTLNAME and_ln218_fu_1086_p2 SOURCE ./calorimeter.h:218 VARIABLE and_ln218 LOOP VITIS_LOOP_375_1_VITIS_LOOP_376_2 BUNDLEDNAME {} DSP 0 BRAM 0 URAM 0 STORAGESUBTYPE {} DISPNAME {bind_op and} VISIBLE false} {BINDTYPE op ID {} IMPL auto LATENCY 0 OPTYPE and PRAGMA {} RTLNAME and_ln218_1_fu_1092_p2 SOURCE ./calorimeter.h:218 VARIABLE and_ln218_1 LOOP VITIS_LOOP_375_1_VITIS_LOOP_376_2 BUNDLEDNAME {} DSP 0 BRAM 0 URAM 0 STORAGESUBTYPE {} DISPNAME {bind_op and} VISIBLE false} {BINDTYPE op ID {} IMPL auto LATENCY 0 OPTYPE and PRAGMA {} RTLNAME and_ln218_2_fu_1098_p2 SOURCE ./calorimeter.h:218 VARIABLE and_ln218_2 LOOP VITIS_LOOP_375_1_VITIS_LOOP_376_2 BUNDLEDNAME {} DSP 0 BRAM 0 URAM 0 STORAGESUBTYPE {} DISPNAME {bind_op and} VISIBLE false} {BINDTYPE op ID {} IMPL auto LATENCY 0 OPTYPE and PRAGMA {} RTLNAME and_ln218_3_fu_1104_p2 SOURCE ./calorimeter.h:218 VARIABLE and_ln218_3 LOOP VITIS_LOOP_375_1_VITIS_LOOP_376_2 BUNDLEDNAME {} DSP 0 BRAM 0 URAM 0 STORAGESUBTYPE {} DISPNAME {bind_op and} VISIBLE false} {BINDTYPE op ID {} IMPL auto LATENCY 0 OPTYPE and PRAGMA {} RTLNAME and_ln218_4_fu_1110_p2 SOURCE ./calorimeter.h:218 VARIABLE and_ln218_4 LOOP VITIS_LOOP_375_1_VITIS_LOOP_376_2 BUNDLEDNAME {} DSP 0 BRAM 0 URAM 0 STORAGESUBTYPE {} DISPNAME {bind_op and} VISIBLE false} {BINDTYPE op ID {} IMPL auto LATENCY 0 OPTYPE and PRAGMA {} RTLNAME and_ln218_5_fu_1116_p2 SOURCE ./calorimeter.h:218 VARIABLE and_ln218_5 LOOP VITIS_LOOP_375_1_VITIS_LOOP_376_2 BUNDLEDNAME {} DSP 0 BRAM 0 URAM 0 STORAGESUBTYPE {} DISPNAME {bind_op and} VISIBLE false} {BINDTYPE op ID {} IMPL auto LATENCY 0 OPTYPE and PRAGMA {} RTLNAME and_ln218_6_fu_1122_p2 SOURCE ./calorimeter.h:218 VARIABLE and_ln218_6 LOOP VITIS_LOOP_375_1_VITIS_LOOP_376_2 BUNDLEDNAME {} DSP 0 BRAM 0 URAM 0 STORAGESUBTYPE {} DISPNAME {bind_op and} VISIBLE false} {BINDTYPE op ID {} IMPL auto LATENCY 0 OPTYPE and PRAGMA {} RTLNAME and_ln218_7_fu_1193_p2 SOURCE ./calorimeter.h:218 VARIABLE and_ln218_7 LOOP VITIS_LOOP_375_1_VITIS_LOOP_376_2 BUNDLEDNAME {} DSP 0 BRAM 0 URAM 0 STORAGESUBTYPE {} DISPNAME {bind_op and} VISIBLE false} {BINDTYPE op ID {} IMPL auto LATENCY 0 OPTYPE and PRAGMA {} RTLNAME and_ln218_8_fu_1198_p2 SOURCE ./calorimeter.h:218 VARIABLE and_ln218_8 LOOP VITIS_LOOP_375_1_VITIS_LOOP_376_2 BUNDLEDNAME {} DSP 0 BRAM 0 URAM 0 STORAGESUBTYPE {} DISPNAME {bind_op and} VISIBLE false} {BINDTYPE op ID {} IMPL auto LATENCY 0 OPTYPE and PRAGMA {} RTLNAME and_ln218_9_fu_1204_p2 SOURCE ./calorimeter.h:218 VARIABLE and_ln218_9 LOOP VITIS_LOOP_375_1_VITIS_LOOP_376_2 BUNDLEDNAME {} DSP 0 BRAM 0 URAM 0 STORAGESUBTYPE {} DISPNAME {bind_op and} VISIBLE false} {BINDTYPE op ID {} IMPL auto LATENCY 0 OPTYPE and PRAGMA {} RTLNAME and_ln218_10_fu_1245_p2 SOURCE ./calorimeter.h:218 VARIABLE and_ln218_10 LOOP VITIS_LOOP_375_1_VITIS_LOOP_376_2 BUNDLEDNAME {} DSP 0 BRAM 0 URAM 0 STORAGESUBTYPE {} DISPNAME {bind_op and} VISIBLE false} {BINDTYPE op ID {} IMPL auto LATENCY 0 OPTYPE setlt PRAGMA {} RTLNAME grp_fu_564_p2 SOURCE ./calorimeter.h:218 VARIABLE icmp_ln218_35 LOOP VITIS_LOOP_375_1_VITIS_LOOP_376_2 BUNDLEDNAME {} DSP 0 BRAM 0 URAM 0 STORAGESUBTYPE {} DISPNAME {bind_op setlt} VISIBLE false} {BINDTYPE op ID {} IMPL auto LATENCY 0 OPTYPE and PRAGMA {} RTLNAME and_ln218_11_fu_1251_p2 SOURCE ./calorimeter.h:218 VARIABLE and_ln218_11 LOOP VITIS_LOOP_375_1_VITIS_LOOP_376_2 BUNDLEDNAME {} DSP 0 BRAM 0 URAM 0 STORAGESUBTYPE {} DISPNAME {bind_op and} VISIBLE false} {BINDTYPE op ID {} IMPL auto LATENCY 0 OPTYPE and PRAGMA {} RTLNAME and_ln218_12_fu_1257_p2 SOURCE ./calorimeter.h:218 VARIABLE and_ln218_12 LOOP VITIS_LOOP_375_1_VITIS_LOOP_376_2 BUNDLEDNAME {} DSP 0 BRAM 0 URAM 0 STORAGESUBTYPE {} DISPNAME {bind_op and} VISIBLE false} {BINDTYPE op ID {} IMPL auto LATENCY 0 OPTYPE and PRAGMA {} RTLNAME and_ln218_13_fu_1263_p2 SOURCE ./calorimeter.h:218 VARIABLE and_ln218_13 LOOP VITIS_LOOP_375_1_VITIS_LOOP_376_2 BUNDLEDNAME {} DSP 0 BRAM 0 URAM 0 STORAGESUBTYPE {} DISPNAME {bind_op and} VISIBLE false} {BINDTYPE op ID {} IMPL auto LATENCY 0 OPTYPE and PRAGMA {} RTLNAME and_ln218_14_fu_1268_p2 SOURCE ./calorimeter.h:218 VARIABLE and_ln218_14 LOOP VITIS_LOOP_375_1_VITIS_LOOP_376_2 BUNDLEDNAME {} DSP 0 BRAM 0 URAM 0 STORAGESUBTYPE {} DISPNAME {bind_op and} VISIBLE false} {BINDTYPE op ID {} IMPL auto LATENCY 0 OPTYPE setlt PRAGMA {} RTLNAME grp_fu_564_p2 SOURCE ./calorimeter.h:218 VARIABLE icmp_ln218_36 LOOP VITIS_LOOP_375_1_VITIS_LOOP_376_2 BUNDLEDNAME {} DSP 0 BRAM 0 URAM 0 STORAGESUBTYPE {} DISPNAME {bind_op setlt} VISIBLE false} {BINDTYPE op ID {} IMPL auto LATENCY 0 OPTYPE setlt PRAGMA {} RTLNAME grp_fu_564_p2 SOURCE ./calorimeter.h:218 VARIABLE icmp_ln218_37 LOOP VITIS_LOOP_375_1_VITIS_LOOP_376_2 BUNDLEDNAME {} DSP 0 BRAM 0 URAM 0 STORAGESUBTYPE {} DISPNAME {bind_op setlt} VISIBLE false} {BINDTYPE op ID {} IMPL auto LATENCY 0 OPTYPE and PRAGMA {} RTLNAME and_ln218_15_fu_1459_p2 SOURCE ./calorimeter.h:218 VARIABLE and_ln218_15 LOOP VITIS_LOOP_375_1_VITIS_LOOP_376_2 BUNDLEDNAME {} DSP 0 BRAM 0 URAM 0 STORAGESUBTYPE {} DISPNAME {bind_op and} VISIBLE false} {BINDTYPE op ID {} IMPL auto LATENCY 0 OPTYPE setlt PRAGMA {} RTLNAME grp_fu_610_p2 SOURCE ./calorimeter.h:218 VARIABLE icmp_ln218_38 LOOP VITIS_LOOP_375_1_VITIS_LOOP_376_2 BUNDLEDNAME {} DSP 0 BRAM 0 URAM 0 STORAGESUBTYPE {} DISPNAME {bind_op setlt} VISIBLE false} {BINDTYPE op ID {} IMPL auto LATENCY 0 OPTYPE and PRAGMA {} RTLNAME and_ln218_16_fu_1463_p2 SOURCE ./calorimeter.h:218 VARIABLE and_ln218_16 LOOP VITIS_LOOP_375_1_VITIS_LOOP_376_2 BUNDLEDNAME {} DSP 0 BRAM 0 URAM 0 STORAGESUBTYPE {} DISPNAME {bind_op and} VISIBLE false} {BINDTYPE op ID {} IMPL auto LATENCY 0 OPTYPE and PRAGMA {} RTLNAME and_ln218_17_fu_1469_p2 SOURCE ./calorimeter.h:218 VARIABLE and_ln218_17 LOOP VITIS_LOOP_375_1_VITIS_LOOP_376_2 BUNDLEDNAME {} DSP 0 BRAM 0 URAM 0 STORAGESUBTYPE {} DISPNAME {bind_op and} VISIBLE false} {BINDTYPE op ID {} IMPL auto LATENCY 0 OPTYPE and PRAGMA {} RTLNAME and_ln218_18_fu_1474_p2 SOURCE ./calorimeter.h:218 VARIABLE and_ln218_18 LOOP VITIS_LOOP_375_1_VITIS_LOOP_376_2 BUNDLEDNAME {} DSP 0 BRAM 0 URAM 0 STORAGESUBTYPE {} DISPNAME {bind_op and} VISIBLE false} {BINDTYPE op ID {} IMPL auto LATENCY 0 OPTYPE and PRAGMA {} RTLNAME and_ln218_19_fu_1479_p2 SOURCE ./calorimeter.h:218 VARIABLE and_ln218_19 LOOP VITIS_LOOP_375_1_VITIS_LOOP_376_2 BUNDLEDNAME {} DSP 0 BRAM 0 URAM 0 STORAGESUBTYPE {} DISPNAME {bind_op and} VISIBLE false} {BINDTYPE op ID {} IMPL auto LATENCY 0 OPTYPE and PRAGMA {} RTLNAME and_ln218_20_fu_1527_p2 SOURCE ./calorimeter.h:218 VARIABLE and_ln218_20 LOOP VITIS_LOOP_375_1_VITIS_LOOP_376_2 BUNDLEDNAME {} DSP 0 BRAM 0 URAM 0 STORAGESUBTYPE {} DISPNAME {bind_op and} VISIBLE false} {BINDTYPE op ID {} IMPL auto LATENCY 0 OPTYPE and PRAGMA {} RTLNAME and_ln218_21_fu_1532_p2 SOURCE ./calorimeter.h:218 VARIABLE and_ln218_21 LOOP VITIS_LOOP_375_1_VITIS_LOOP_376_2 BUNDLEDNAME {} DSP 0 BRAM 0 URAM 0 STORAGESUBTYPE {} DISPNAME {bind_op and} VISIBLE false} {BINDTYPE op ID {} IMPL auto LATENCY 0 OPTYPE and PRAGMA {} RTLNAME and_ln218_22_fu_1538_p2 SOURCE ./calorimeter.h:218 VARIABLE and_ln218_22 LOOP VITIS_LOOP_375_1_VITIS_LOOP_376_2 BUNDLEDNAME {} DSP 0 BRAM 0 URAM 0 STORAGESUBTYPE {} DISPNAME {bind_op and} VISIBLE false} {BINDTYPE op ID {} IMPL auto LATENCY 0 OPTYPE and PRAGMA {} RTLNAME and_ln218_24_fu_1574_p2 SOURCE ./calorimeter.h:218 VARIABLE and_ln218_24 LOOP VITIS_LOOP_375_1_VITIS_LOOP_376_2 BUNDLEDNAME {} DSP 0 BRAM 0 URAM 0 STORAGESUBTYPE {} DISPNAME {bind_op and} VISIBLE false} {BINDTYPE op ID {} IMPL auto LATENCY 0 OPTYPE setlt PRAGMA {} RTLNAME grp_fu_564_p2 SOURCE ./calorimeter.h:218 VARIABLE icmp_ln218_39 LOOP VITIS_LOOP_375_1_VITIS_LOOP_376_2 BUNDLEDNAME {} DSP 0 BRAM 0 URAM 0 STORAGESUBTYPE {} DISPNAME {bind_op setlt} VISIBLE false} {BINDTYPE op ID {} IMPL auto LATENCY 0 OPTYPE and PRAGMA {} RTLNAME and_ln218_25_fu_1580_p2 SOURCE ./calorimeter.h:218 VARIABLE and_ln218_25 LOOP VITIS_LOOP_375_1_VITIS_LOOP_376_2 BUNDLEDNAME {} DSP 0 BRAM 0 URAM 0 STORAGESUBTYPE {} DISPNAME {bind_op and} VISIBLE false} {BINDTYPE op ID {} IMPL auto LATENCY 0 OPTYPE and PRAGMA {} RTLNAME and_ln218_26_fu_1586_p2 SOURCE ./calorimeter.h:218 VARIABLE and_ln218_26 LOOP VITIS_LOOP_375_1_VITIS_LOOP_376_2 BUNDLEDNAME {} DSP 0 BRAM 0 URAM 0 STORAGESUBTYPE {} DISPNAME {bind_op and} VISIBLE false} {BINDTYPE op ID {} IMPL auto LATENCY 0 OPTYPE and PRAGMA {} RTLNAME and_ln218_27_fu_1592_p2 SOURCE ./calorimeter.h:218 VARIABLE and_ln218_27 LOOP VITIS_LOOP_375_1_VITIS_LOOP_376_2 BUNDLEDNAME {} DSP 0 BRAM 0 URAM 0 STORAGESUBTYPE {} DISPNAME {bind_op and} VISIBLE false} {BINDTYPE op ID {} IMPL auto LATENCY 0 OPTYPE and PRAGMA {} RTLNAME and_ln218_28_fu_1597_p2 SOURCE ./calorimeter.h:218 VARIABLE and_ln218_28 LOOP VITIS_LOOP_375_1_VITIS_LOOP_376_2 BUNDLEDNAME {} DSP 0 BRAM 0 URAM 0 STORAGESUBTYPE {} DISPNAME {bind_op and} VISIBLE false} {BINDTYPE op ID {} IMPL auto LATENCY 0 OPTYPE and PRAGMA {} RTLNAME and_ln218_29_fu_1602_p2 SOURCE ./calorimeter.h:218 VARIABLE and_ln218_29 LOOP VITIS_LOOP_375_1_VITIS_LOOP_376_2 BUNDLEDNAME {} DSP 0 BRAM 0 URAM 0 STORAGESUBTYPE {} DISPNAME {bind_op and} VISIBLE false} {BINDTYPE op ID {} IMPL auto LATENCY 0 OPTYPE setlt PRAGMA {} RTLNAME grp_fu_610_p2 SOURCE ./calorimeter.h:218 VARIABLE icmp_ln218_40 LOOP VITIS_LOOP_375_1_VITIS_LOOP_376_2 BUNDLEDNAME {} DSP 0 BRAM 0 URAM 0 STORAGESUBTYPE {} DISPNAME {bind_op setlt} VISIBLE false} {BINDTYPE op ID {} IMPL auto LATENCY 0 OPTYPE setlt PRAGMA {} RTLNAME icmp_ln218_41_fu_1720_p2 SOURCE ./calorimeter.h:218 VARIABLE icmp_ln218_41 LOOP VITIS_LOOP_375_1_VITIS_LOOP_376_2 BUNDLEDNAME {} DSP 0 BRAM 0 URAM 0 STORAGESUBTYPE {} DISPNAME {bind_op setlt} VISIBLE false} {BINDTYPE op ID {} IMPL auto LATENCY 0 OPTYPE and PRAGMA {} RTLNAME and_ln218_30_fu_1771_p2 SOURCE ./calorimeter.h:218 VARIABLE and_ln218_30 LOOP VITIS_LOOP_375_1_VITIS_LOOP_376_2 BUNDLEDNAME {} DSP 0 BRAM 0 URAM 0 STORAGESUBTYPE {} DISPNAME {bind_op and} VISIBLE false} {BINDTYPE op ID {} IMPL auto LATENCY 0 OPTYPE setlt PRAGMA {} RTLNAME grp_fu_564_p2 SOURCE ./calorimeter.h:218 VARIABLE icmp_ln218_42 LOOP VITIS_LOOP_375_1_VITIS_LOOP_376_2 BUNDLEDNAME {} DSP 0 BRAM 0 URAM 0 STORAGESUBTYPE {} DISPNAME {bind_op setlt} VISIBLE false} {BINDTYPE op ID {} IMPL auto LATENCY 0 OPTYPE setlt PRAGMA {} RTLNAME grp_fu_564_p2 SOURCE ./calorimeter.h:218 VARIABLE icmp_ln218_43 LOOP VITIS_LOOP_375_1_VITIS_LOOP_376_2 BUNDLEDNAME {} DSP 0 BRAM 0 URAM 0 STORAGESUBTYPE {} DISPNAME {bind_op setlt} VISIBLE false} {BINDTYPE op ID {} IMPL auto LATENCY 0 OPTYPE and PRAGMA {} RTLNAME and_ln218_31_fu_1775_p2 SOURCE ./calorimeter.h:218 VARIABLE and_ln218_31 LOOP VITIS_LOOP_375_1_VITIS_LOOP_376_2 BUNDLEDNAME {} DSP 0 BRAM 0 URAM 0 STORAGESUBTYPE {} DISPNAME {bind_op and} VISIBLE false} {BINDTYPE op ID {} IMPL auto LATENCY 0 OPTYPE and PRAGMA {} RTLNAME and_ln218_32_fu_1780_p2 SOURCE ./calorimeter.h:218 VARIABLE and_ln218_32 LOOP VITIS_LOOP_375_1_VITIS_LOOP_376_2 BUNDLEDNAME {} DSP 0 BRAM 0 URAM 0 STORAGESUBTYPE {} DISPNAME {bind_op and} VISIBLE false} {BINDTYPE op ID {} IMPL auto LATENCY 0 OPTYPE setlt PRAGMA {} RTLNAME grp_fu_564_p2 SOURCE ./calorimeter.h:218 VARIABLE icmp_ln218_44 LOOP VITIS_LOOP_375_1_VITIS_LOOP_376_2 BUNDLEDNAME {} DSP 0 BRAM 0 URAM 0 STORAGESUBTYPE {} DISPNAME {bind_op setlt} VISIBLE false} {BINDTYPE op ID {} IMPL auto LATENCY 0 OPTYPE setlt PRAGMA {} RTLNAME grp_fu_610_p2 SOURCE ./calorimeter.h:218 VARIABLE icmp_ln218_45 LOOP VITIS_LOOP_375_1_VITIS_LOOP_376_2 BUNDLEDNAME {} DSP 0 BRAM 0 URAM 0 STORAGESUBTYPE {} DISPNAME {bind_op setlt} VISIBLE false} {BINDTYPE op ID {} IMPL auto LATENCY 0 OPTYPE and PRAGMA {} RTLNAME and_ln218_33_fu_2648_p2 SOURCE ./calorimeter.h:218 VARIABLE and_ln218_33 LOOP VITIS_LOOP_375_1_VITIS_LOOP_376_2 BUNDLEDNAME {} DSP 0 BRAM 0 URAM 0 STORAGESUBTYPE {} DISPNAME {bind_op and} VISIBLE false} {BINDTYPE op ID {} IMPL auto LATENCY 0 OPTYPE and PRAGMA {} RTLNAME and_ln218_34_fu_1930_p2 SOURCE ./calorimeter.h:218 VARIABLE and_ln218_34 LOOP VITIS_LOOP_375_1_VITIS_LOOP_376_2 BUNDLEDNAME {} DSP 0 BRAM 0 URAM 0 STORAGESUBTYPE {} DISPNAME {bind_op and} VISIBLE false} {BINDTYPE op ID {} IMPL auto LATENCY 0 OPTYPE and PRAGMA {} RTLNAME and_ln218_35_fu_1936_p2 SOURCE ./calorimeter.h:218 VARIABLE and_ln218_35 LOOP VITIS_LOOP_375_1_VITIS_LOOP_376_2 BUNDLEDNAME {} DSP 0 BRAM 0 URAM 0 STORAGESUBTYPE {} DISPNAME {bind_op and} VISIBLE false} {BINDTYPE op ID {} IMPL auto LATENCY 0 OPTYPE and PRAGMA {} RTLNAME and_ln218_36_fu_1942_p2 SOURCE ./calorimeter.h:218 VARIABLE and_ln218_36 LOOP VITIS_LOOP_375_1_VITIS_LOOP_376_2 BUNDLEDNAME {} DSP 0 BRAM 0 URAM 0 STORAGESUBTYPE {} DISPNAME {bind_op and} VISIBLE false} {BINDTYPE op ID {} IMPL auto LATENCY 0 OPTYPE and PRAGMA {} RTLNAME and_ln218_37_fu_1948_p2 SOURCE ./calorimeter.h:218 VARIABLE and_ln218_37 LOOP VITIS_LOOP_375_1_VITIS_LOOP_376_2 BUNDLEDNAME {} DSP 0 BRAM 0 URAM 0 STORAGESUBTYPE {} DISPNAME {bind_op and} VISIBLE false} {BINDTYPE op ID {} IMPL auto LATENCY 0 OPTYPE and PRAGMA {} RTLNAME and_ln218_38_fu_2652_p2 SOURCE ./calorimeter.h:218 VARIABLE and_ln218_38 LOOP VITIS_LOOP_375_1_VITIS_LOOP_376_2 BUNDLEDNAME {} DSP 0 BRAM 0 URAM 0 STORAGESUBTYPE {} DISPNAME {bind_op and} VISIBLE false} {BINDTYPE op ID {} IMPL auto LATENCY 0 OPTYPE and PRAGMA {} RTLNAME and_ln218_39_fu_2657_p2 SOURCE ./calorimeter.h:218 VARIABLE and_ln218_39 LOOP VITIS_LOOP_375_1_VITIS_LOOP_376_2 BUNDLEDNAME {} DSP 0 BRAM 0 URAM 0 STORAGESUBTYPE {} DISPNAME {bind_op and} VISIBLE false} {BINDTYPE op ID {} IMPL auto LATENCY 0 OPTYPE and PRAGMA {} RTLNAME and_ln218_40_fu_2318_p2 SOURCE ./calorimeter.h:218 VARIABLE and_ln218_40 LOOP VITIS_LOOP_375_1_VITIS_LOOP_376_2 BUNDLEDNAME {} DSP 0 BRAM 0 URAM 0 STORAGESUBTYPE {} DISPNAME {bind_op and} VISIBLE false} {BINDTYPE op ID {} IMPL auto LATENCY 0 OPTYPE and PRAGMA {} RTLNAME and_ln218_41_fu_2324_p2 SOURCE ./calorimeter.h:218 VARIABLE and_ln218_41 LOOP VITIS_LOOP_375_1_VITIS_LOOP_376_2 BUNDLEDNAME {} DSP 0 BRAM 0 URAM 0 STORAGESUBTYPE {} DISPNAME {bind_op and} VISIBLE false} {BINDTYPE op ID {} IMPL auto LATENCY 0 OPTYPE and PRAGMA {} RTLNAME and_ln218_42_fu_2330_p2 SOURCE ./calorimeter.h:218 VARIABLE and_ln218_42 LOOP VITIS_LOOP_375_1_VITIS_LOOP_376_2 BUNDLEDNAME {} DSP 0 BRAM 0 URAM 0 STORAGESUBTYPE {} DISPNAME {bind_op and} VISIBLE false} {BINDTYPE op ID {} IMPL auto LATENCY 0 OPTYPE and PRAGMA {} RTLNAME and_ln218_43_fu_2336_p2 SOURCE ./calorimeter.h:218 VARIABLE and_ln218_43 LOOP VITIS_LOOP_375_1_VITIS_LOOP_376_2 BUNDLEDNAME {} DSP 0 BRAM 0 URAM 0 STORAGESUBTYPE {} DISPNAME {bind_op and} VISIBLE false} {BINDTYPE op ID {} IMPL auto LATENCY 0 OPTYPE and PRAGMA {} RTLNAME and_ln218_44_fu_2342_p2 SOURCE ./calorimeter.h:218 VARIABLE and_ln218_44 LOOP VITIS_LOOP_375_1_VITIS_LOOP_376_2 BUNDLEDNAME {} DSP 0 BRAM 0 URAM 0 STORAGESUBTYPE {} DISPNAME {bind_op and} VISIBLE false} {BINDTYPE op ID {} IMPL auto LATENCY 0 OPTYPE and PRAGMA {} RTLNAME and_ln218_45_fu_2348_p2 SOURCE ./calorimeter.h:218 VARIABLE and_ln218_45 LOOP VITIS_LOOP_375_1_VITIS_LOOP_376_2 BUNDLEDNAME {} DSP 0 BRAM 0 URAM 0 STORAGESUBTYPE {} DISPNAME {bind_op and} VISIBLE false} {BINDTYPE op ID {} IMPL auto LATENCY 0 OPTYPE and PRAGMA {} RTLNAME and_ln218_46_fu_2354_p2 SOURCE ./calorimeter.h:218 VARIABLE and_ln218_46 LOOP VITIS_LOOP_375_1_VITIS_LOOP_376_2 BUNDLEDNAME {} DSP 0 BRAM 0 URAM 0 STORAGESUBTYPE {} DISPNAME {bind_op and} VISIBLE false} {BINDTYPE op ID {} IMPL auto LATENCY 0 OPTYPE and PRAGMA {} RTLNAME and_ln218_47_fu_2360_p2 SOURCE ./calorimeter.h:218 VARIABLE and_ln218_47 LOOP VITIS_LOOP_375_1_VITIS_LOOP_376_2 BUNDLEDNAME {} DSP 0 BRAM 0 URAM 0 STORAGESUBTYPE {} DISPNAME {bind_op and} VISIBLE false} {BINDTYPE op ID {} IMPL auto LATENCY 0 OPTYPE and PRAGMA {} RTLNAME and_ln218_48_fu_2662_p2 SOURCE ./calorimeter.h:218 VARIABLE and_ln218_48 LOOP VITIS_LOOP_375_1_VITIS_LOOP_376_2 BUNDLEDNAME {} DSP 0 BRAM 0 URAM 0 STORAGESUBTYPE {} DISPNAME {bind_op and} VISIBLE false} {BINDTYPE op ID {} IMPL auto LATENCY 0 OPTYPE and PRAGMA {} RTLNAME and_ln218_49_fu_2668_p2 SOURCE ./calorimeter.h:218 VARIABLE and_ln218_49 LOOP VITIS_LOOP_375_1_VITIS_LOOP_376_2 BUNDLEDNAME {} DSP 0 BRAM 0 URAM 0 STORAGESUBTYPE {} DISPNAME {bind_op and} VISIBLE false} {BINDTYPE op ID {} IMPL auto LATENCY 0 OPTYPE and PRAGMA {} RTLNAME and_ln218_50_fu_2674_p2 SOURCE ./calorimeter.h:218 VARIABLE and_ln218_50 LOOP VITIS_LOOP_375_1_VITIS_LOOP_376_2 BUNDLEDNAME {} DSP 0 BRAM 0 URAM 0 STORAGESUBTYPE {} DISPNAME {bind_op and} VISIBLE false} {BINDTYPE op ID {} IMPL auto LATENCY 0 OPTYPE and PRAGMA {} RTLNAME and_ln218_51_fu_2680_p2 SOURCE ./calorimeter.h:218 VARIABLE and_ln218_51 LOOP VITIS_LOOP_375_1_VITIS_LOOP_376_2 BUNDLEDNAME {} DSP 0 BRAM 0 URAM 0 STORAGESUBTYPE {} DISPNAME {bind_op and} VISIBLE false} {BINDTYPE op ID {} IMPL auto LATENCY 0 OPTYPE and PRAGMA {} RTLNAME and_ln218_52_fu_2686_p2 SOURCE ./calorimeter.h:218 VARIABLE and_ln218_52 LOOP VITIS_LOOP_375_1_VITIS_LOOP_376_2 BUNDLEDNAME {} DSP 0 BRAM 0 URAM 0 STORAGESUBTYPE {} DISPNAME {bind_op and} VISIBLE false} {BINDTYPE op ID {} IMPL auto LATENCY 0 OPTYPE and PRAGMA {} RTLNAME and_ln218_53_fu_2692_p2 SOURCE ./calorimeter.h:218 VARIABLE and_ln218_53 LOOP VITIS_LOOP_375_1_VITIS_LOOP_376_2 BUNDLEDNAME {} DSP 0 BRAM 0 URAM 0 STORAGESUBTYPE {} DISPNAME {bind_op and} VISIBLE false} {BINDTYPE op ID {} IMPL auto LATENCY 0 OPTYPE and PRAGMA {} RTLNAME and_ln218_54_fu_2698_p2 SOURCE ./calorimeter.h:218 VARIABLE and_ln218_54 LOOP VITIS_LOOP_375_1_VITIS_LOOP_376_2 BUNDLEDNAME {} DSP 0 BRAM 0 URAM 0 STORAGESUBTYPE {} DISPNAME {bind_op and} VISIBLE false} {BINDTYPE op ID {} IMPL auto LATENCY 0 OPTYPE and PRAGMA {} RTLNAME and_ln218_55_fu_2704_p2 SOURCE ./calorimeter.h:218 VARIABLE and_ln218_55 LOOP VITIS_LOOP_375_1_VITIS_LOOP_376_2 BUNDLEDNAME {} DSP 0 BRAM 0 URAM 0 STORAGESUBTYPE {} DISPNAME {bind_op and} VISIBLE false} {BINDTYPE op ID {} IMPL auto LATENCY 0 OPTYPE and PRAGMA {} RTLNAME and_ln218_56_fu_2710_p2 SOURCE ./calorimeter.h:218 VARIABLE and_ln218_56 LOOP VITIS_LOOP_375_1_VITIS_LOOP_376_2 BUNDLEDNAME {} DSP 0 BRAM 0 URAM 0 STORAGESUBTYPE {} DISPNAME {bind_op and} VISIBLE false} {BINDTYPE op ID {} IMPL auto LATENCY 0 OPTYPE and PRAGMA {} RTLNAME and_ln218_57_fu_2715_p2 SOURCE ./calorimeter.h:218 VARIABLE and_ln218_57 LOOP VITIS_LOOP_375_1_VITIS_LOOP_376_2 BUNDLEDNAME {} DSP 0 BRAM 0 URAM 0 STORAGESUBTYPE {} DISPNAME {bind_op and} VISIBLE false} {BINDTYPE op ID {} IMPL auto LATENCY 0 OPTYPE and PRAGMA {} RTLNAME and_ln218_23_fu_2721_p2 SOURCE ./calorimeter.h:218 VARIABLE and_ln218_23 LOOP VITIS_LOOP_375_1_VITIS_LOOP_376_2 BUNDLEDNAME {} DSP 0 BRAM 0 URAM 0 STORAGESUBTYPE {} DISPNAME {bind_op and} VISIBLE false} {BINDTYPE op ID {} IMPL auto LATENCY 0 OPTYPE setgt PRAGMA {} RTLNAME icmp_ln218_46_fu_2759_p2 SOURCE ./calorimeter.h:218 VARIABLE icmp_ln218_46 LOOP VITIS_LOOP_375_1_VITIS_LOOP_376_2 BUNDLEDNAME {} DSP 0 BRAM 0 URAM 0 STORAGESUBTYPE {} DISPNAME {bind_op setgt} VISIBLE false} {BINDTYPE op ID {} IMPL auto LATENCY 0 OPTYPE xor PRAGMA {} RTLNAME xor_ln218_fu_2726_p2 SOURCE ./calorimeter.h:218 VARIABLE xor_ln218 LOOP VITIS_LOOP_375_1_VITIS_LOOP_376_2 BUNDLEDNAME {} DSP 0 BRAM 0 URAM 0 STORAGESUBTYPE {} DISPNAME {bind_op xor} VISIBLE false} {BINDTYPE op ID {} IMPL fabric LATENCY 0 OPTYPE add PRAGMA {} RTLNAME core3_et_fu_1615_p2 SOURCE ./calorimeter.h:187 VARIABLE core3_et LOOP VITIS_LOOP_375_1_VITIS_LOOP_376_2 BUNDLEDNAME {} DSP 0 BRAM 0 URAM 0 STORAGESUBTYPE {} DISPNAME {bind_op add} VISIBLE true} {BINDTYPE op ID {} IMPL fabric LATENCY 0 OPTYPE add PRAGMA {} RTLNAME add_ln187_1_fu_1687_p2 SOURCE ./calorimeter.h:187 VARIABLE add_ln187_1 LOOP VITIS_LOOP_375_1_VITIS_LOOP_376_2 BUNDLEDNAME {} DSP 0 BRAM 0 URAM 0 STORAGESUBTYPE {} DISPNAME {bind_op add} VISIBLE true} {BINDTYPE op ID {} IMPL fabric LATENCY 0 OPTYPE add PRAGMA {} RTLNAME core3_et_1_fu_1696_p2 SOURCE ./calorimeter.h:187 VARIABLE core3_et_1 LOOP VITIS_LOOP_375_1_VITIS_LOOP_376_2 BUNDLEDNAME {} DSP 0 BRAM 0 URAM 0 STORAGESUBTYPE {} DISPNAME {bind_op add} VISIBLE true} {BINDTYPE op ID {} IMPL fabric LATENCY 0 OPTYPE add PRAGMA {} RTLNAME add_ln187_4_fu_2032_p2 SOURCE ./calorimeter.h:187 VARIABLE add_ln187_4 LOOP VITIS_LOOP_375_1_VITIS_LOOP_376_2 BUNDLEDNAME {} DSP 0 BRAM 0 URAM 0 STORAGESUBTYPE {} DISPNAME {bind_op add} VISIBLE true} {BINDTYPE op ID {} IMPL fabric LATENCY 0 OPTYPE add PRAGMA {} RTLNAME add_ln187_5_fu_2042_p2 SOURCE ./calorimeter.h:187 VARIABLE add_ln187_5 LOOP VITIS_LOOP_375_1_VITIS_LOOP_376_2 BUNDLEDNAME {} DSP 0 BRAM 0 URAM 0 STORAGESUBTYPE {} DISPNAME {bind_op add} VISIBLE true} {BINDTYPE op ID {} IMPL fabric LATENCY 0 OPTYPE add PRAGMA {} RTLNAME core3_et_3_fu_2147_p2 SOURCE ./calorimeter.h:187 VARIABLE core3_et_3 LOOP VITIS_LOOP_375_1_VITIS_LOOP_376_2 BUNDLEDNAME {} DSP 0 BRAM 0 URAM 0 STORAGESUBTYPE {} DISPNAME {bind_op add} VISIBLE true} {BINDTYPE op ID {} IMPL fabric LATENCY 0 OPTYPE add PRAGMA {} RTLNAME sum7_et_fu_1304_p2 SOURCE ./calorimeter.h:187 VARIABLE sum7_et LOOP VITIS_LOOP_375_1_VITIS_LOOP_376_2 BUNDLEDNAME {} DSP 0 BRAM 0 URAM 0 STORAGESUBTYPE {} DISPNAME {bind_op add} VISIBLE true} {BINDTYPE op ID {} IMPL fabric LATENCY 0 OPTYPE add PRAGMA {} RTLNAME add_ln187_9_fu_1136_p2 SOURCE ./calorimeter.h:187 VARIABLE add_ln187_9 LOOP VITIS_LOOP_375_1_VITIS_LOOP_376_2 BUNDLEDNAME {} DSP 0 BRAM 0 URAM 0 STORAGESUBTYPE {} DISPNAME {bind_op add} VISIBLE true} {BINDTYPE op ID {} IMPL fabric LATENCY 0 OPTYPE add PRAGMA {} RTLNAME sum7_et_7_fu_1317_p2 SOURCE ./calorimeter.h:187 VARIABLE sum7_et_7 LOOP VITIS_LOOP_375_1_VITIS_LOOP_376_2 BUNDLEDNAME {} DSP 0 BRAM 0 URAM 0 STORAGESUBTYPE {} DISPNAME {bind_op add} VISIBLE true} {BINDTYPE op ID {} IMPL fabric LATENCY 0 OPTYPE add PRAGMA {} RTLNAME add_ln187_12_fu_1333_p2 SOURCE ./calorimeter.h:187 VARIABLE add_ln187_12 LOOP VITIS_LOOP_375_1_VITIS_LOOP_376_2 BUNDLEDNAME {} DSP 0 BRAM 0 URAM 0 STORAGESUBTYPE {} DISPNAME {bind_op add} VISIBLE true} {BINDTYPE op ID {} IMPL fabric LATENCY 0 OPTYPE add PRAGMA {} RTLNAME add_ln187_13_fu_1343_p2 SOURCE ./calorimeter.h:187 VARIABLE add_ln187_13 LOOP VITIS_LOOP_375_1_VITIS_LOOP_376_2 BUNDLEDNAME {} DSP 0 BRAM 0 URAM 0 STORAGESUBTYPE {} DISPNAME {bind_op add} VISIBLE true} {BINDTYPE op ID {} IMPL fabric LATENCY 0 OPTYPE add PRAGMA {} RTLNAME add_ln187_15_fu_1375_p2 SOURCE ./calorimeter.h:187 VARIABLE add_ln187_15 LOOP VITIS_LOOP_375_1_VITIS_LOOP_376_2 BUNDLEDNAME {} DSP 0 BRAM 0 URAM 0 STORAGESUBTYPE {} DISPNAME {bind_op add} VISIBLE true} {BINDTYPE op ID {} IMPL fabric LATENCY 0 OPTYPE add PRAGMA {} RTLNAME add_ln187_16_fu_1407_p2 SOURCE ./calorimeter.h:187 VARIABLE add_ln187_16 LOOP VITIS_LOOP_375_1_VITIS_LOOP_376_2 BUNDLEDNAME {} DSP 0 BRAM 0 URAM 0 STORAGESUBTYPE {} DISPNAME {bind_op add} VISIBLE true} {BINDTYPE op ID {} IMPL fabric LATENCY 0 OPTYPE add PRAGMA {} RTLNAME add_ln187_18_fu_1502_p2 SOURCE ./calorimeter.h:187 VARIABLE add_ln187_18 LOOP VITIS_LOOP_375_1_VITIS_LOOP_376_2 BUNDLEDNAME {} DSP 0 BRAM 0 URAM 0 STORAGESUBTYPE {} DISPNAME {bind_op add} VISIBLE true} {BINDTYPE op ID {} IMPL fabric LATENCY 0 OPTYPE add PRAGMA {} RTLNAME add_ln187_19_fu_1635_p2 SOURCE ./calorimeter.h:187 VARIABLE add_ln187_19 LOOP VITIS_LOOP_375_1_VITIS_LOOP_376_2 BUNDLEDNAME {} DSP 0 BRAM 0 URAM 0 STORAGESUBTYPE {} DISPNAME {bind_op add} VISIBLE true} {BINDTYPE op ID {} IMPL fabric LATENCY 0 OPTYPE add PRAGMA {} RTLNAME add_ln187_20_fu_1645_p2 SOURCE ./calorimeter.h:187 VARIABLE add_ln187_20 LOOP VITIS_LOOP_375_1_VITIS_LOOP_376_2 BUNDLEDNAME {} DSP 0 BRAM 0 URAM 0 STORAGESUBTYPE {} DISPNAME {bind_op add} VISIBLE true} {BINDTYPE op ID {} IMPL fabric LATENCY 0 OPTYPE add PRAGMA {} RTLNAME add_ln187_21_fu_1655_p2 SOURCE ./calorimeter.h:187 VARIABLE add_ln187_21 LOOP VITIS_LOOP_375_1_VITIS_LOOP_376_2 BUNDLEDNAME {} DSP 0 BRAM 0 URAM 0 STORAGESUBTYPE {} DISPNAME {bind_op add} VISIBLE true} {BINDTYPE op ID {} IMPL fabric LATENCY 0 OPTYPE add PRAGMA {} RTLNAME add_ln187_24_fu_1746_p2 SOURCE ./calorimeter.h:187 VARIABLE add_ln187_24 LOOP VITIS_LOOP_375_1_VITIS_LOOP_376_2 BUNDLEDNAME {} DSP 0 BRAM 0 URAM 0 STORAGESUBTYPE {} DISPNAME {bind_op add} VISIBLE true} {BINDTYPE op ID {} IMPL fabric LATENCY 0 OPTYPE add PRAGMA {} RTLNAME add_ln187_26_fu_1803_p2 SOURCE ./calorimeter.h:187 VARIABLE add_ln187_26 LOOP VITIS_LOOP_375_1_VITIS_LOOP_376_2 BUNDLEDNAME {} DSP 0 BRAM 0 URAM 0 STORAGESUBTYPE {} DISPNAME {bind_op add} VISIBLE true} {BINDTYPE op ID {} IMPL fabric LATENCY 0 OPTYPE add PRAGMA {} RTLNAME add_ln187_27_fu_2061_p2 SOURCE ./calorimeter.h:187 VARIABLE add_ln187_27 LOOP VITIS_LOOP_375_1_VITIS_LOOP_376_2 BUNDLEDNAME {} DSP 0 BRAM 0 URAM 0 STORAGESUBTYPE {} DISPNAME {bind_op add} VISIBLE true} {BINDTYPE op ID {} IMPL fabric LATENCY 0 OPTYPE add PRAGMA {} RTLNAME add_ln187_28_fu_2071_p2 SOURCE ./calorimeter.h:187 VARIABLE add_ln187_28 LOOP VITIS_LOOP_375_1_VITIS_LOOP_376_2 BUNDLEDNAME {} DSP 0 BRAM 0 URAM 0 STORAGESUBTYPE {} DISPNAME {bind_op add} VISIBLE true} {BINDTYPE op ID {} IMPL fabric LATENCY 0 OPTYPE add PRAGMA {} RTLNAME add_ln187_30_fu_1878_p2 SOURCE ./calorimeter.h:187 VARIABLE add_ln187_30 LOOP VITIS_LOOP_375_1_VITIS_LOOP_376_2 BUNDLEDNAME {} DSP 0 BRAM 0 URAM 0 STORAGESUBTYPE {} DISPNAME {bind_op add} VISIBLE true} {BINDTYPE op ID {} IMPL fabric LATENCY 0 OPTYPE add PRAGMA {} RTLNAME add_ln187_31_fu_1965_p2 SOURCE ./calorimeter.h:187 VARIABLE add_ln187_31 LOOP VITIS_LOOP_375_1_VITIS_LOOP_376_2 BUNDLEDNAME {} DSP 0 BRAM 0 URAM 0 STORAGESUBTYPE {} DISPNAME {bind_op add} VISIBLE true} {BINDTYPE op ID {} IMPL fabric LATENCY 0 OPTYPE add PRAGMA {} RTLNAME add_ln187_32_fu_1975_p2 SOURCE ./calorimeter.h:187 VARIABLE add_ln187_32 LOOP VITIS_LOOP_375_1_VITIS_LOOP_376_2 BUNDLEDNAME {} DSP 0 BRAM 0 URAM 0 STORAGESUBTYPE {} DISPNAME {bind_op add} VISIBLE true} {BINDTYPE op ID {} IMPL fabric LATENCY 0 OPTYPE add PRAGMA {} RTLNAME add_ln187_33_fu_2175_p2 SOURCE ./calorimeter.h:187 VARIABLE add_ln187_33 LOOP VITIS_LOOP_375_1_VITIS_LOOP_376_2 BUNDLEDNAME {} DSP 0 BRAM 0 URAM 0 STORAGESUBTYPE {} DISPNAME {bind_op add} VISIBLE true} {BINDTYPE op ID {} IMPL fabric LATENCY 0 OPTYPE add PRAGMA {} RTLNAME add_ln187_34_fu_2185_p2 SOURCE ./calorimeter.h:187 VARIABLE add_ln187_34 LOOP VITIS_LOOP_375_1_VITIS_LOOP_376_2 BUNDLEDNAME {} DSP 0 BRAM 0 URAM 0 STORAGESUBTYPE {} DISPNAME {bind_op add} VISIBLE true} {BINDTYPE op ID {} IMPL fabric LATENCY 0 OPTYPE add PRAGMA {} RTLNAME add_ln187_35_fu_2195_p2 SOURCE ./calorimeter.h:187 VARIABLE add_ln187_35 LOOP VITIS_LOOP_375_1_VITIS_LOOP_376_2 BUNDLEDNAME {} DSP 0 BRAM 0 URAM 0 STORAGESUBTYPE {} DISPNAME {bind_op add} VISIBLE true} {BINDTYPE op ID {} IMPL fabric LATENCY 0 OPTYPE add PRAGMA {} RTLNAME add_ln187_36_fu_2205_p2 SOURCE ./calorimeter.h:187 VARIABLE add_ln187_36 LOOP VITIS_LOOP_375_1_VITIS_LOOP_376_2 BUNDLEDNAME {} DSP 0 BRAM 0 URAM 0 STORAGESUBTYPE {} DISPNAME {bind_op add} VISIBLE true} {BINDTYPE op ID {} IMPL fabric LATENCY 0 OPTYPE add PRAGMA {} RTLNAME add_ln187_39_fu_2786_p2 SOURCE ./calorimeter.h:187 VARIABLE add_ln187_39 LOOP VITIS_LOOP_375_1_VITIS_LOOP_376_2 BUNDLEDNAME {} DSP 0 BRAM 0 URAM 0 STORAGESUBTYPE {} DISPNAME {bind_op add} VISIBLE true} {BINDTYPE op ID {} IMPL fabric LATENCY 0 OPTYPE add PRAGMA {} RTLNAME add_ln187_41_fu_2740_p2 SOURCE ./calorimeter.h:187 VARIABLE add_ln187_41 LOOP VITIS_LOOP_375_1_VITIS_LOOP_376_2 BUNDLEDNAME {} DSP 0 BRAM 0 URAM 0 STORAGESUBTYPE {} DISPNAME {bind_op add} VISIBLE true} {BINDTYPE op ID {} IMPL fabric LATENCY 0 OPTYPE add PRAGMA {} RTLNAME add_ln187_42_fu_2577_p2 SOURCE ./calorimeter.h:187 VARIABLE add_ln187_42 LOOP VITIS_LOOP_375_1_VITIS_LOOP_376_2 BUNDLEDNAME {} DSP 0 BRAM 0 URAM 0 STORAGESUBTYPE {} DISPNAME {bind_op add} VISIBLE true} {BINDTYPE op ID {} IMPL fabric LATENCY 0 OPTYPE add PRAGMA {} RTLNAME add_ln187_43_fu_2587_p2 SOURCE ./calorimeter.h:187 VARIABLE add_ln187_43 LOOP VITIS_LOOP_375_1_VITIS_LOOP_376_2 BUNDLEDNAME {} DSP 0 BRAM 0 URAM 0 STORAGESUBTYPE {} DISPNAME {bind_op add} VISIBLE true} {BINDTYPE op ID {} IMPL fabric LATENCY 0 OPTYPE add PRAGMA {} RTLNAME add_ln187_44_fu_2753_p2 SOURCE ./calorimeter.h:187 VARIABLE add_ln187_44 LOOP VITIS_LOOP_375_1_VITIS_LOOP_376_2 BUNDLEDNAME {} DSP 0 BRAM 0 URAM 0 STORAGESUBTYPE {} DISPNAME {bind_op add} VISIBLE true} {BINDTYPE op ID {} IMPL fabric LATENCY 0 OPTYPE add PRAGMA {} RTLNAME add_ln187_46_fu_2529_p2 SOURCE ./calorimeter.h:187 VARIABLE add_ln187_46 LOOP VITIS_LOOP_375_1_VITIS_LOOP_376_2 BUNDLEDNAME {} DSP 0 BRAM 0 URAM 0 STORAGESUBTYPE {} DISPNAME {bind_op add} VISIBLE true} {BINDTYPE op ID {} IMPL fabric LATENCY 0 OPTYPE add PRAGMA {} RTLNAME add_ln187_47_fu_2256_p2 SOURCE ./calorimeter.h:187 VARIABLE add_ln187_47 LOOP VITIS_LOOP_375_1_VITIS_LOOP_376_2 BUNDLEDNAME {} DSP 0 BRAM 0 URAM 0 STORAGESUBTYPE {} DISPNAME {bind_op add} VISIBLE true} {BINDTYPE op ID {} IMPL fabric LATENCY 0 OPTYPE add PRAGMA {} RTLNAME add_ln187_48_fu_2542_p2 SOURCE ./calorimeter.h:187 VARIABLE add_ln187_48 LOOP VITIS_LOOP_375_1_VITIS_LOOP_376_2 BUNDLEDNAME {} DSP 0 BRAM 0 URAM 0 STORAGESUBTYPE {} DISPNAME {bind_op add} VISIBLE true} {BINDTYPE op ID {} IMPL fabric LATENCY 0 OPTYPE add PRAGMA {} RTLNAME add_ln187_49_fu_2383_p2 SOURCE ./calorimeter.h:187 VARIABLE add_ln187_49 LOOP VITIS_LOOP_375_1_VITIS_LOOP_376_2 BUNDLEDNAME {} DSP 0 BRAM 0 URAM 0 STORAGESUBTYPE {} DISPNAME {bind_op add} VISIBLE true} {BINDTYPE op ID {} IMPL fabric LATENCY 0 OPTYPE add PRAGMA {} RTLNAME add_ln187_50_fu_2406_p2 SOURCE ./calorimeter.h:187 VARIABLE add_ln187_50 LOOP VITIS_LOOP_375_1_VITIS_LOOP_376_2 BUNDLEDNAME {} DSP 0 BRAM 0 URAM 0 STORAGESUBTYPE {} DISPNAME {bind_op add} VISIBLE true} {BINDTYPE op ID {} IMPL fabric LATENCY 0 OPTYPE add PRAGMA {} RTLNAME add_ln187_51_fu_2493_p2 SOURCE ./calorimeter.h:187 VARIABLE add_ln187_51 LOOP VITIS_LOOP_375_1_VITIS_LOOP_376_2 BUNDLEDNAME {} DSP 0 BRAM 0 URAM 0 STORAGESUBTYPE {} DISPNAME {bind_op add} VISIBLE true} {BINDTYPE op ID {} IMPL fabric LATENCY 0 OPTYPE add PRAGMA {} RTLNAME add_ln187_52_fu_2503_p2 SOURCE ./calorimeter.h:187 VARIABLE add_ln187_52 LOOP VITIS_LOOP_375_1_VITIS_LOOP_376_2 BUNDLEDNAME {} DSP 0 BRAM 0 URAM 0 STORAGESUBTYPE {} DISPNAME {bind_op add} VISIBLE true} {BINDTYPE op ID {} IMPL fabric LATENCY 0 OPTYPE add PRAGMA {} RTLNAME add_ln187_53_fu_2555_p2 SOURCE ./calorimeter.h:187 VARIABLE add_ln187_53 LOOP VITIS_LOOP_375_1_VITIS_LOOP_376_2 BUNDLEDNAME {} DSP 0 BRAM 0 URAM 0 STORAGESUBTYPE {} DISPNAME {bind_op add} VISIBLE true} {BINDTYPE op ID {} IMPL fabric LATENCY 0 OPTYPE sub PRAGMA {} RTLNAME ring7_et_fu_2828_p2 SOURCE calorimeter.cpp:396 VARIABLE ring7_et LOOP VITIS_LOOP_375_1_VITIS_LOOP_376_2 BUNDLEDNAME {} DSP 0 BRAM 0 URAM 0 STORAGESUBTYPE {} DISPNAME {bind_op sub} VISIBLE true} {BINDTYPE op ID {} IMPL auto LATENCY 0 OPTYPE setlt PRAGMA {} RTLNAME icmp_ln398_fu_2834_p2 SOURCE calorimeter.cpp:398 VARIABLE icmp_ln398 LOOP VITIS_LOOP_375_1_VITIS_LOOP_376_2 BUNDLEDNAME {} DSP 0 BRAM 0 URAM 0 STORAGESUBTYPE {} DISPNAME {bind_op setlt} VISIBLE false} {BINDTYPE op ID {} IMPL fabric LATENCY 0 OPTYPE sub PRAGMA {} RTLNAME ring_lhs_fu_2867_p2 SOURCE ./calorimeter.h:274 VARIABLE ring_lhs LOOP VITIS_LOOP_375_1_VITIS_LOOP_376_2 BUNDLEDNAME {} DSP 0 BRAM 0 URAM 0 STORAGESUBTYPE {} DISPNAME {bind_op sub} VISIBLE true} {BINDTYPE op ID {} IMPL auto LATENCY 0 OPTYPE setgt PRAGMA {} RTLNAME icmp_ln277_fu_2876_p2 SOURCE ./calorimeter.h:277 VARIABLE icmp_ln277 LOOP VITIS_LOOP_375_1_VITIS_LOOP_376_2 BUNDLEDNAME {} DSP 0 BRAM 0 URAM 0 STORAGESUBTYPE {} DISPNAME {bind_op setgt} VISIBLE false} {BINDTYPE op ID {} IMPL auto_sel LATENCY 0 OPTYPE select PRAGMA {} RTLNAME select_ln398_fu_2882_p3 SOURCE calorimeter.cpp:398 VARIABLE select_ln398 LOOP VITIS_LOOP_375_1_VITIS_LOOP_376_2 BUNDLEDNAME {} DSP 0 BRAM 0 URAM 0 STORAGESUBTYPE {} DISPNAME {bind_op select} VISIBLE false} {BINDTYPE op ID {} IMPL auto_sel LATENCY 0 OPTYPE select PRAGMA {} RTLNAME select_ln398_1_fu_2890_p3 SOURCE calorimeter.cpp:398 VARIABLE select_ln398_1 LOOP VITIS_LOOP_375_1_VITIS_LOOP_376_2 BUNDLEDNAME {} DSP 0 BRAM 0 URAM 0 STORAGESUBTYPE {} DISPNAME {bind_op select} VISIBLE false} {BINDTYPE op ID {} IMPL auto LATENCY 0 OPTYPE or PRAGMA {} RTLNAME or_ln398_fu_2898_p2 SOURCE calorimeter.cpp:398 VARIABLE or_ln398 LOOP VITIS_LOOP_375_1_VITIS_LOOP_376_2 BUNDLEDNAME {} DSP 0 BRAM 0 URAM 0 STORAGESUBTYPE {} DISPNAME {bind_op or} VISIBLE false} {BINDTYPE op ID {} IMPL auto LATENCY 0 OPTYPE or PRAGMA {} RTLNAME or_ln398_1_fu_2902_p2 SOURCE calorimeter.cpp:398 VARIABLE or_ln398_1 LOOP VITIS_LOOP_375_1_VITIS_LOOP_376_2 BUNDLEDNAME {} DSP 0 BRAM 0 URAM 0 STORAGESUBTYPE {} DISPNAME {bind_op or} VISIBLE false} {BINDTYPE op ID {} IMPL auto LATENCY 0 OPTYPE or PRAGMA {} RTLNAME or_ln398_2_fu_2908_p2 SOURCE calorimeter.cpp:398 VARIABLE or_ln398_2 LOOP VITIS_LOOP_375_1_VITIS_LOOP_376_2 BUNDLEDNAME {} DSP 0 BRAM 0 URAM 0 STORAGESUBTYPE {} DISPNAME {bind_op or} VISIBLE false} {BINDTYPE op ID {} IMPL auto_sel LATENCY 0 OPTYPE select PRAGMA {} RTLNAME candidate_et_fu_2914_p3 SOURCE calorimeter.cpp:398 VARIABLE candidate_et LOOP VITIS_LOOP_375_1_VITIS_LOOP_376_2 BUNDLEDNAME {} DSP 0 BRAM 0 URAM 0 STORAGESUBTYPE {} DISPNAME {bind_op select} VISIBLE false} {BINDTYPE op ID {} IMPL auto_sel LATENCY 0 OPTYPE select PRAGMA {} RTLNAME candidate_isolation_et_fu_2922_p3 SOURCE calorimeter.cpp:398 VARIABLE candidate_isolation_et LOOP VITIS_LOOP_375_1_VITIS_LOOP_376_2 BUNDLEDNAME {} DSP 0 BRAM 0 URAM 0 STORAGESUBTYPE {} DISPNAME {bind_op select} VISIBLE false} {BINDTYPE op ID {} IMPL auto LATENCY 0 OPTYPE xor PRAGMA {} RTLNAME not_sel_tmp1_fu_2930_p2 SOURCE calorimeter.cpp:398 VARIABLE not_sel_tmp1 LOOP VITIS_LOOP_375_1_VITIS_LOOP_376_2 BUNDLEDNAME {} DSP 0 BRAM 0 URAM 0 STORAGESUBTYPE {} DISPNAME {bind_op xor} VISIBLE false} {BINDTYPE op ID {} IMPL auto LATENCY 0 OPTYPE and PRAGMA {} RTLNAME candidate_valid_fu_2936_p2 SOURCE ./calorimeter.h:277 VARIABLE candidate_valid LOOP VITIS_LOOP_375_1_VITIS_LOOP_376_2 BUNDLEDNAME {} DSP 0 BRAM 0 URAM 0 STORAGESUBTYPE {} DISPNAME {bind_op and} VISIBLE false}} AREA {DSP 0 BRAM 0 URAM 0}} select_top_n_from_stream_fixed_1440_s {BINDINFO {{BINDTYPE op ID {} IMPL auto LATENCY 0 OPTYPE seteq PRAGMA {} RTLNAME icmp_ln467_fu_1363_p2 SOURCE ./calorimeter.h:467 VARIABLE icmp_ln467 LOOP VITIS_LOOP_467_2 BUNDLEDNAME {} DSP 0 BRAM 0 URAM 0 STORAGESUBTYPE {} DISPNAME {bind_op seteq} VISIBLE false} {BINDTYPE op ID {} IMPL fabric LATENCY 0 OPTYPE add PRAGMA {} RTLNAME i_4_fu_1369_p2 SOURCE ./calorimeter.h:467 VARIABLE i_4 LOOP VITIS_LOOP_467_2 BUNDLEDNAME {} DSP 0 BRAM 0 URAM 0 STORAGESUBTYPE {} DISPNAME {bind_op add} VISIBLE true} {BINDTYPE op ID {} IMPL fabric LATENCY 0 OPTYPE add PRAGMA {} RTLNAME local_num_clusters_2_fu_1436_p2 SOURCE ./calorimeter.h:475 VARIABLE local_num_clusters_2 LOOP VITIS_LOOP_467_2 BUNDLEDNAME {} DSP 0 BRAM 0 URAM 0 STORAGESUBTYPE {} DISPNAME {bind_op add} VISIBLE true} {BINDTYPE op ID {} IMPL auto LATENCY 0 OPTYPE xor PRAGMA {} RTLNAME xor_ln111_fu_1442_p2 SOURCE calorimeter.cpp:111 VARIABLE xor_ln111 LOOP VITIS_LOOP_467_2 BUNDLEDNAME {} DSP 0 BRAM 0 URAM 0 STORAGESUBTYPE {} DISPNAME {bind_op xor} VISIBLE false} {BINDTYPE op ID {} IMPL auto LATENCY 0 OPTYPE setgt PRAGMA {} RTLNAME icmp_ln79_fu_1448_p2 SOURCE calorimeter.cpp:79 VARIABLE icmp_ln79 LOOP VITIS_LOOP_467_2 BUNDLEDNAME {} DSP 0 BRAM 0 URAM 0 STORAGESUBTYPE {} DISPNAME {bind_op setgt} VISIBLE false} {BINDTYPE op ID {} IMPL auto LATENCY 0 OPTYPE or PRAGMA {} RTLNAME or_ln111_fu_1454_p2 SOURCE calorimeter.cpp:111 VARIABLE or_ln111 LOOP VITIS_LOOP_467_2 BUNDLEDNAME {} DSP 0 BRAM 0 URAM 0 STORAGESUBTYPE {} DISPNAME {bind_op or} VISIBLE false} {BINDTYPE op ID {} IMPL auto LATENCY 0 OPTYPE setlt PRAGMA {} RTLNAME icmp_ln83_fu_1460_p2 SOURCE calorimeter.cpp:83 VARIABLE icmp_ln83 LOOP VITIS_LOOP_467_2 BUNDLEDNAME {} DSP 0 BRAM 0 URAM 0 STORAGESUBTYPE {} DISPNAME {bind_op setlt} VISIBLE false} {BINDTYPE op ID {} IMPL auto LATENCY 0 OPTYPE setlt PRAGMA {} RTLNAME icmp_ln87_fu_1466_p2 SOURCE calorimeter.cpp:87 VARIABLE icmp_ln87 LOOP VITIS_LOOP_467_2 BUNDLEDNAME {} DSP 0 BRAM 0 URAM 0 STORAGESUBTYPE {} DISPNAME {bind_op setlt} VISIBLE false} {BINDTYPE op ID {} IMPL auto LATENCY 0 OPTYPE setlt PRAGMA {} RTLNAME icmp_ln91_fu_1472_p2 SOURCE calorimeter.cpp:91 VARIABLE icmp_ln91 LOOP VITIS_LOOP_467_2 BUNDLEDNAME {} DSP 0 BRAM 0 URAM 0 STORAGESUBTYPE {} DISPNAME {bind_op setlt} VISIBLE false} {BINDTYPE op ID {} IMPL auto LATENCY 0 OPTYPE xor PRAGMA {} RTLNAME xor_ln91_15_fu_1478_p2 SOURCE calorimeter.cpp:91 VARIABLE xor_ln91_15 LOOP VITIS_LOOP_467_2 BUNDLEDNAME {} DSP 0 BRAM 0 URAM 0 STORAGESUBTYPE {} DISPNAME {bind_op xor} VISIBLE false} {BINDTYPE op ID {} IMPL auto LATENCY 0 OPTYPE setlt PRAGMA {} RTLNAME icmp_ln95_fu_1484_p2 SOURCE calorimeter.cpp:95 VARIABLE icmp_ln95 LOOP VITIS_LOOP_467_2 BUNDLEDNAME {} DSP 0 BRAM 0 URAM 0 STORAGESUBTYPE {} DISPNAME {bind_op setlt} VISIBLE false} {BINDTYPE op ID {} IMPL auto LATENCY 0 OPTYPE and PRAGMA {} RTLNAME and_ln91_fu_1490_p2 SOURCE calorimeter.cpp:91 VARIABLE and_ln91 LOOP VITIS_LOOP_467_2 BUNDLEDNAME {} DSP 0 BRAM 0 URAM 0 STORAGESUBTYPE {} DISPNAME {bind_op and} VISIBLE false} {BINDTYPE op ID {} IMPL auto LATENCY 0 OPTYPE xor PRAGMA {} RTLNAME xor_ln91_fu_1496_p2 SOURCE calorimeter.cpp:91 VARIABLE xor_ln91 LOOP VITIS_LOOP_467_2 BUNDLEDNAME {} DSP 0 BRAM 0 URAM 0 STORAGESUBTYPE {} DISPNAME {bind_op xor} VISIBLE false} {BINDTYPE op ID {} IMPL auto LATENCY 0 OPTYPE or PRAGMA {} RTLNAME or_ln91_fu_1502_p2 SOURCE calorimeter.cpp:91 VARIABLE or_ln91 LOOP VITIS_LOOP_467_2 BUNDLEDNAME {} DSP 0 BRAM 0 URAM 0 STORAGESUBTYPE {} DISPNAME {bind_op or} VISIBLE false} {BINDTYPE op ID {} IMPL auto LATENCY 0 OPTYPE and PRAGMA {} RTLNAME and_ln91_15_fu_1508_p2 SOURCE calorimeter.cpp:91 VARIABLE and_ln91_15 LOOP VITIS_LOOP_467_2 BUNDLEDNAME {} DSP 0 BRAM 0 URAM 0 STORAGESUBTYPE {} DISPNAME {bind_op and} VISIBLE false} {BINDTYPE op ID {} IMPL auto LATENCY 0 OPTYPE xor PRAGMA {} RTLNAME xor_ln91_11_fu_1514_p2 SOURCE calorimeter.cpp:91 VARIABLE xor_ln91_11 LOOP VITIS_LOOP_467_2 BUNDLEDNAME {} DSP 0 BRAM 0 URAM 0 STORAGESUBTYPE {} DISPNAME {bind_op xor} VISIBLE false} {BINDTYPE op ID {} IMPL auto LATENCY 0 OPTYPE setgt PRAGMA {} RTLNAME grp_fu_746_p2 SOURCE calorimeter.cpp:79 VARIABLE icmp_ln79_15 LOOP VITIS_LOOP_467_2 BUNDLEDNAME {} DSP 0 BRAM 0 URAM 0 STORAGESUBTYPE {} DISPNAME {bind_op setgt} VISIBLE false} {BINDTYPE op ID {} IMPL auto LATENCY 0 OPTYPE xor PRAGMA {} RTLNAME xor_ln111_8_fu_1524_p2 SOURCE calorimeter.cpp:111 VARIABLE xor_ln111_8 LOOP VITIS_LOOP_467_2 BUNDLEDNAME {} DSP 0 BRAM 0 URAM 0 STORAGESUBTYPE {} DISPNAME {bind_op xor} VISIBLE false} {BINDTYPE op ID {} IMPL auto LATENCY 0 OPTYPE setgt PRAGMA {} RTLNAME grp_fu_746_p2 SOURCE calorimeter.cpp:79 VARIABLE icmp_ln79_14 LOOP VITIS_LOOP_467_2 BUNDLEDNAME {} DSP 0 BRAM 0 URAM 0 STORAGESUBTYPE {} DISPNAME {bind_op setgt} VISIBLE false} {BINDTYPE op ID {} IMPL auto LATENCY 0 OPTYPE or PRAGMA {} RTLNAME or_ln111_8_fu_1530_p2 SOURCE calorimeter.cpp:111 VARIABLE or_ln111_8 LOOP VITIS_LOOP_467_2 BUNDLEDNAME {} DSP 0 BRAM 0 URAM 0 STORAGESUBTYPE {} DISPNAME {bind_op or} VISIBLE false} {BINDTYPE op ID {} IMPL auto LATENCY 0 OPTYPE setlt PRAGMA {} RTLNAME icmp_ln83_8_fu_1539_p2 SOURCE calorimeter.cpp:83 VARIABLE icmp_ln83_8 LOOP VITIS_LOOP_467_2 BUNDLEDNAME {} DSP 0 BRAM 0 URAM 0 STORAGESUBTYPE {} DISPNAME {bind_op setlt} VISIBLE false} {BINDTYPE op ID {} IMPL auto LATENCY 0 OPTYPE setlt PRAGMA {} RTLNAME icmp_ln87_8_fu_1545_p2 SOURCE calorimeter.cpp:87 VARIABLE icmp_ln87_8 LOOP VITIS_LOOP_467_2 BUNDLEDNAME {} DSP 0 BRAM 0 URAM 0 STORAGESUBTYPE {} DISPNAME {bind_op setlt} VISIBLE false} {BINDTYPE op ID {} IMPL auto LATENCY 0 OPTYPE setlt PRAGMA {} RTLNAME icmp_ln91_8_fu_1551_p2 SOURCE calorimeter.cpp:91 VARIABLE icmp_ln91_8 LOOP VITIS_LOOP_467_2 BUNDLEDNAME {} DSP 0 BRAM 0 URAM 0 STORAGESUBTYPE {} DISPNAME {bind_op setlt} VISIBLE false} {BINDTYPE op ID {} IMPL auto LATENCY 0 OPTYPE xor PRAGMA {} RTLNAME xor_ln91_16_fu_1557_p2 SOURCE calorimeter.cpp:91 VARIABLE xor_ln91_16 LOOP VITIS_LOOP_467_2 BUNDLEDNAME {} DSP 0 BRAM 0 URAM 0 STORAGESUBTYPE {} DISPNAME {bind_op xor} VISIBLE false} {BINDTYPE op ID {} IMPL auto LATENCY 0 OPTYPE setlt PRAGMA {} RTLNAME icmp_ln95_8_fu_1563_p2 SOURCE calorimeter.cpp:95 VARIABLE icmp_ln95_8 LOOP VITIS_LOOP_467_2 BUNDLEDNAME {} DSP 0 BRAM 0 URAM 0 STORAGESUBTYPE {} DISPNAME {bind_op setlt} VISIBLE false} {BINDTYPE op ID {} IMPL auto LATENCY 0 OPTYPE and PRAGMA {} RTLNAME and_ln91_8_fu_1569_p2 SOURCE calorimeter.cpp:91 VARIABLE and_ln91_8 LOOP VITIS_LOOP_467_2 BUNDLEDNAME {} DSP 0 BRAM 0 URAM 0 STORAGESUBTYPE {} DISPNAME {bind_op and} VISIBLE false} {BINDTYPE op ID {} IMPL auto LATENCY 0 OPTYPE xor PRAGMA {} RTLNAME xor_ln91_6_fu_1575_p2 SOURCE calorimeter.cpp:91 VARIABLE xor_ln91_6 LOOP VITIS_LOOP_467_2 BUNDLEDNAME {} DSP 0 BRAM 0 URAM 0 STORAGESUBTYPE {} DISPNAME {bind_op xor} VISIBLE false} {BINDTYPE op ID {} IMPL auto LATENCY 0 OPTYPE or PRAGMA {} RTLNAME or_ln91_6_fu_1581_p2 SOURCE calorimeter.cpp:91 VARIABLE or_ln91_6 LOOP VITIS_LOOP_467_2 BUNDLEDNAME {} DSP 0 BRAM 0 URAM 0 STORAGESUBTYPE {} DISPNAME {bind_op or} VISIBLE false} {BINDTYPE op ID {} IMPL auto_sel LATENCY 0 OPTYPE select PRAGMA {} RTLNAME select_ln91_fu_1587_p3 SOURCE calorimeter.cpp:91 VARIABLE select_ln91 LOOP VITIS_LOOP_467_2 BUNDLEDNAME {} DSP 0 BRAM 0 URAM 0 STORAGESUBTYPE {} DISPNAME {bind_op select} VISIBLE false} {BINDTYPE op ID {} IMPL auto LATENCY 0 OPTYPE setgt PRAGMA {} RTLNAME grp_fu_763_p2 SOURCE calorimeter.cpp:79 VARIABLE icmp_ln79_17 LOOP VITIS_LOOP_467_2 BUNDLEDNAME {} DSP 0 BRAM 0 URAM 0 STORAGESUBTYPE {} DISPNAME {bind_op setgt} VISIBLE false} {BINDTYPE op ID {} IMPL auto LATENCY 0 OPTYPE xor PRAGMA {} RTLNAME xor_ln111_9_fu_1595_p2 SOURCE calorimeter.cpp:111 VARIABLE xor_ln111_9 LOOP VITIS_LOOP_467_2 BUNDLEDNAME {} DSP 0 BRAM 0 URAM 0 STORAGESUBTYPE {} DISPNAME {bind_op xor} VISIBLE false} {BINDTYPE op ID {} IMPL auto LATENCY 0 OPTYPE setgt PRAGMA {} RTLNAME grp_fu_763_p2 SOURCE calorimeter.cpp:79 VARIABLE icmp_ln79_16 LOOP VITIS_LOOP_467_2 BUNDLEDNAME {} DSP 0 BRAM 0 URAM 0 STORAGESUBTYPE {} DISPNAME {bind_op setgt} VISIBLE false} {BINDTYPE op ID {} IMPL auto LATENCY 0 OPTYPE or PRAGMA {} RTLNAME or_ln111_9_fu_1601_p2 SOURCE calorimeter.cpp:111 VARIABLE or_ln111_9 LOOP VITIS_LOOP_467_2 BUNDLEDNAME {} DSP 0 BRAM 0 URAM 0 STORAGESUBTYPE {} DISPNAME {bind_op or} VISIBLE false} {BINDTYPE op ID {} IMPL auto LATENCY 0 OPTYPE setlt PRAGMA {} RTLNAME icmp_ln83_9_fu_1610_p2 SOURCE calorimeter.cpp:83 VARIABLE icmp_ln83_9 LOOP VITIS_LOOP_467_2 BUNDLEDNAME {} DSP 0 BRAM 0 URAM 0 STORAGESUBTYPE {} DISPNAME {bind_op setlt} VISIBLE false} {BINDTYPE op ID {} IMPL auto LATENCY 0 OPTYPE setlt PRAGMA {} RTLNAME icmp_ln87_9_fu_1616_p2 SOURCE calorimeter.cpp:87 VARIABLE icmp_ln87_9 LOOP VITIS_LOOP_467_2 BUNDLEDNAME {} DSP 0 BRAM 0 URAM 0 STORAGESUBTYPE {} DISPNAME {bind_op setlt} VISIBLE false} {BINDTYPE op ID {} IMPL auto LATENCY 0 OPTYPE setlt PRAGMA {} RTLNAME icmp_ln91_9_fu_1622_p2 SOURCE calorimeter.cpp:91 VARIABLE icmp_ln91_9 LOOP VITIS_LOOP_467_2 BUNDLEDNAME {} DSP 0 BRAM 0 URAM 0 STORAGESUBTYPE {} DISPNAME {bind_op setlt} VISIBLE false} {BINDTYPE op ID {} IMPL auto LATENCY 0 OPTYPE xor PRAGMA {} RTLNAME xor_ln91_17_fu_1628_p2 SOURCE calorimeter.cpp:91 VARIABLE xor_ln91_17 LOOP VITIS_LOOP_467_2 BUNDLEDNAME {} DSP 0 BRAM 0 URAM 0 STORAGESUBTYPE {} DISPNAME {bind_op xor} VISIBLE false} {BINDTYPE op ID {} IMPL auto LATENCY 0 OPTYPE setlt PRAGMA {} RTLNAME icmp_ln95_9_fu_1634_p2 SOURCE calorimeter.cpp:95 VARIABLE icmp_ln95_9 LOOP VITIS_LOOP_467_2 BUNDLEDNAME {} DSP 0 BRAM 0 URAM 0 STORAGESUBTYPE {} DISPNAME {bind_op setlt} VISIBLE false} {BINDTYPE op ID {} IMPL auto LATENCY 0 OPTYPE and PRAGMA {} RTLNAME and_ln91_9_fu_1640_p2 SOURCE calorimeter.cpp:91 VARIABLE and_ln91_9 LOOP VITIS_LOOP_467_2 BUNDLEDNAME {} DSP 0 BRAM 0 URAM 0 STORAGESUBTYPE {} DISPNAME {bind_op and} VISIBLE false} {BINDTYPE op ID {} IMPL auto LATENCY 0 OPTYPE xor PRAGMA {} RTLNAME xor_ln91_7_fu_1646_p2 SOURCE calorimeter.cpp:91 VARIABLE xor_ln91_7 LOOP VITIS_LOOP_467_2 BUNDLEDNAME {} DSP 0 BRAM 0 URAM 0 STORAGESUBTYPE {} DISPNAME {bind_op xor} VISIBLE false} {BINDTYPE op ID {} IMPL auto LATENCY 0 OPTYPE or PRAGMA {} RTLNAME or_ln91_7_fu_1652_p2 SOURCE calorimeter.cpp:91 VARIABLE or_ln91_7 LOOP VITIS_LOOP_467_2 BUNDLEDNAME {} DSP 0 BRAM 0 URAM 0 STORAGESUBTYPE {} DISPNAME {bind_op or} VISIBLE false} {BINDTYPE op ID {} IMPL auto_sel LATENCY 0 OPTYPE select PRAGMA {} RTLNAME select_ln91_5_fu_1658_p3 SOURCE calorimeter.cpp:91 VARIABLE select_ln91_5 LOOP VITIS_LOOP_467_2 BUNDLEDNAME {} DSP 0 BRAM 0 URAM 0 STORAGESUBTYPE {} DISPNAME {bind_op select} VISIBLE false} {BINDTYPE op ID {} IMPL auto LATENCY 0 OPTYPE setgt PRAGMA {} RTLNAME grp_fu_780_p2 SOURCE calorimeter.cpp:79 VARIABLE icmp_ln79_19 LOOP VITIS_LOOP_467_2 BUNDLEDNAME {} DSP 0 BRAM 0 URAM 0 STORAGESUBTYPE {} DISPNAME {bind_op setgt} VISIBLE false} {BINDTYPE op ID {} IMPL auto LATENCY 0 OPTYPE xor PRAGMA {} RTLNAME xor_ln111_10_fu_1666_p2 SOURCE calorimeter.cpp:111 VARIABLE xor_ln111_10 LOOP VITIS_LOOP_467_2 BUNDLEDNAME {} DSP 0 BRAM 0 URAM 0 STORAGESUBTYPE {} DISPNAME {bind_op xor} VISIBLE false} {BINDTYPE op ID {} IMPL auto LATENCY 0 OPTYPE setgt PRAGMA {} RTLNAME grp_fu_780_p2 SOURCE calorimeter.cpp:79 VARIABLE icmp_ln79_18 LOOP VITIS_LOOP_467_2 BUNDLEDNAME {} DSP 0 BRAM 0 URAM 0 STORAGESUBTYPE {} DISPNAME {bind_op setgt} VISIBLE false} {BINDTYPE op ID {} IMPL auto LATENCY 0 OPTYPE or PRAGMA {} RTLNAME or_ln111_10_fu_1672_p2 SOURCE calorimeter.cpp:111 VARIABLE or_ln111_10 LOOP VITIS_LOOP_467_2 BUNDLEDNAME {} DSP 0 BRAM 0 URAM 0 STORAGESUBTYPE {} DISPNAME {bind_op or} VISIBLE false} {BINDTYPE op ID {} IMPL auto LATENCY 0 OPTYPE setlt PRAGMA {} RTLNAME icmp_ln83_10_fu_1681_p2 SOURCE calorimeter.cpp:83 VARIABLE icmp_ln83_10 LOOP VITIS_LOOP_467_2 BUNDLEDNAME {} DSP 0 BRAM 0 URAM 0 STORAGESUBTYPE {} DISPNAME {bind_op setlt} VISIBLE false} {BINDTYPE op ID {} IMPL auto LATENCY 0 OPTYPE setlt PRAGMA {} RTLNAME icmp_ln87_10_fu_1687_p2 SOURCE calorimeter.cpp:87 VARIABLE icmp_ln87_10 LOOP VITIS_LOOP_467_2 BUNDLEDNAME {} DSP 0 BRAM 0 URAM 0 STORAGESUBTYPE {} DISPNAME {bind_op setlt} VISIBLE false} {BINDTYPE op ID {} IMPL auto LATENCY 0 OPTYPE setlt PRAGMA {} RTLNAME icmp_ln91_10_fu_1693_p2 SOURCE calorimeter.cpp:91 VARIABLE icmp_ln91_10 LOOP VITIS_LOOP_467_2 BUNDLEDNAME {} DSP 0 BRAM 0 URAM 0 STORAGESUBTYPE {} DISPNAME {bind_op setlt} VISIBLE false} {BINDTYPE op ID {} IMPL auto LATENCY 0 OPTYPE xor PRAGMA {} RTLNAME xor_ln91_18_fu_1699_p2 SOURCE calorimeter.cpp:91 VARIABLE xor_ln91_18 LOOP VITIS_LOOP_467_2 BUNDLEDNAME {} DSP 0 BRAM 0 URAM 0 STORAGESUBTYPE {} DISPNAME {bind_op xor} VISIBLE false} {BINDTYPE op ID {} IMPL auto LATENCY 0 OPTYPE setlt PRAGMA {} RTLNAME icmp_ln95_10_fu_1705_p2 SOURCE calorimeter.cpp:95 VARIABLE icmp_ln95_10 LOOP VITIS_LOOP_467_2 BUNDLEDNAME {} DSP 0 BRAM 0 URAM 0 STORAGESUBTYPE {} DISPNAME {bind_op setlt} VISIBLE false} {BINDTYPE op ID {} IMPL auto LATENCY 0 OPTYPE and PRAGMA {} RTLNAME and_ln91_10_fu_1711_p2 SOURCE calorimeter.cpp:91 VARIABLE and_ln91_10 LOOP VITIS_LOOP_467_2 BUNDLEDNAME {} DSP 0 BRAM 0 URAM 0 STORAGESUBTYPE {} DISPNAME {bind_op and} VISIBLE false} {BINDTYPE op ID {} IMPL auto LATENCY 0 OPTYPE xor PRAGMA {} RTLNAME xor_ln91_8_fu_1717_p2 SOURCE calorimeter.cpp:91 VARIABLE xor_ln91_8 LOOP VITIS_LOOP_467_2 BUNDLEDNAME {} DSP 0 BRAM 0 URAM 0 STORAGESUBTYPE {} DISPNAME {bind_op xor} VISIBLE false} {BINDTYPE op ID {} IMPL auto LATENCY 0 OPTYPE or PRAGMA {} RTLNAME or_ln91_8_fu_1723_p2 SOURCE calorimeter.cpp:91 VARIABLE or_ln91_8 LOOP VITIS_LOOP_467_2 BUNDLEDNAME {} DSP 0 BRAM 0 URAM 0 STORAGESUBTYPE {} DISPNAME {bind_op or} VISIBLE false} {BINDTYPE op ID {} IMPL auto_sel LATENCY 0 OPTYPE select PRAGMA {} RTLNAME select_ln91_6_fu_1729_p3 SOURCE calorimeter.cpp:91 VARIABLE select_ln91_6 LOOP VITIS_LOOP_467_2 BUNDLEDNAME {} DSP 0 BRAM 0 URAM 0 STORAGESUBTYPE {} DISPNAME {bind_op select} VISIBLE false} {BINDTYPE op ID {} IMPL auto LATENCY 0 OPTYPE setgt PRAGMA {} RTLNAME grp_fu_797_p2 SOURCE calorimeter.cpp:79 VARIABLE icmp_ln79_21 LOOP VITIS_LOOP_467_2 BUNDLEDNAME {} DSP 0 BRAM 0 URAM 0 STORAGESUBTYPE {} DISPNAME {bind_op setgt} VISIBLE false} {BINDTYPE op ID {} IMPL auto LATENCY 0 OPTYPE xor PRAGMA {} RTLNAME xor_ln111_11_fu_1737_p2 SOURCE calorimeter.cpp:111 VARIABLE xor_ln111_11 LOOP VITIS_LOOP_467_2 BUNDLEDNAME {} DSP 0 BRAM 0 URAM 0 STORAGESUBTYPE {} DISPNAME {bind_op xor} VISIBLE false} {BINDTYPE op ID {} IMPL auto LATENCY 0 OPTYPE setgt PRAGMA {} RTLNAME grp_fu_797_p2 SOURCE calorimeter.cpp:79 VARIABLE icmp_ln79_20 LOOP VITIS_LOOP_467_2 BUNDLEDNAME {} DSP 0 BRAM 0 URAM 0 STORAGESUBTYPE {} DISPNAME {bind_op setgt} VISIBLE false} {BINDTYPE op ID {} IMPL auto LATENCY 0 OPTYPE or PRAGMA {} RTLNAME or_ln111_11_fu_1743_p2 SOURCE calorimeter.cpp:111 VARIABLE or_ln111_11 LOOP VITIS_LOOP_467_2 BUNDLEDNAME {} DSP 0 BRAM 0 URAM 0 STORAGESUBTYPE {} DISPNAME {bind_op or} VISIBLE false} {BINDTYPE op ID {} IMPL auto LATENCY 0 OPTYPE setlt PRAGMA {} RTLNAME icmp_ln83_11_fu_1752_p2 SOURCE calorimeter.cpp:83 VARIABLE icmp_ln83_11 LOOP VITIS_LOOP_467_2 BUNDLEDNAME {} DSP 0 BRAM 0 URAM 0 STORAGESUBTYPE {} DISPNAME {bind_op setlt} VISIBLE false} {BINDTYPE op ID {} IMPL auto LATENCY 0 OPTYPE setlt PRAGMA {} RTLNAME icmp_ln87_11_fu_1758_p2 SOURCE calorimeter.cpp:87 VARIABLE icmp_ln87_11 LOOP VITIS_LOOP_467_2 BUNDLEDNAME {} DSP 0 BRAM 0 URAM 0 STORAGESUBTYPE {} DISPNAME {bind_op setlt} VISIBLE false} {BINDTYPE op ID {} IMPL auto LATENCY 0 OPTYPE setlt PRAGMA {} RTLNAME icmp_ln91_11_fu_1764_p2 SOURCE calorimeter.cpp:91 VARIABLE icmp_ln91_11 LOOP VITIS_LOOP_467_2 BUNDLEDNAME {} DSP 0 BRAM 0 URAM 0 STORAGESUBTYPE {} DISPNAME {bind_op setlt} VISIBLE false} {BINDTYPE op ID {} IMPL auto LATENCY 0 OPTYPE xor PRAGMA {} RTLNAME xor_ln91_19_fu_1770_p2 SOURCE calorimeter.cpp:91 VARIABLE xor_ln91_19 LOOP VITIS_LOOP_467_2 BUNDLEDNAME {} DSP 0 BRAM 0 URAM 0 STORAGESUBTYPE {} DISPNAME {bind_op xor} VISIBLE false} {BINDTYPE op ID {} IMPL auto LATENCY 0 OPTYPE setlt PRAGMA {} RTLNAME icmp_ln95_11_fu_1776_p2 SOURCE calorimeter.cpp:95 VARIABLE icmp_ln95_11 LOOP VITIS_LOOP_467_2 BUNDLEDNAME {} DSP 0 BRAM 0 URAM 0 STORAGESUBTYPE {} DISPNAME {bind_op setlt} VISIBLE false} {BINDTYPE op ID {} IMPL auto LATENCY 0 OPTYPE and PRAGMA {} RTLNAME and_ln91_11_fu_1782_p2 SOURCE calorimeter.cpp:91 VARIABLE and_ln91_11 LOOP VITIS_LOOP_467_2 BUNDLEDNAME {} DSP 0 BRAM 0 URAM 0 STORAGESUBTYPE {} DISPNAME {bind_op and} VISIBLE false} {BINDTYPE op ID {} IMPL auto LATENCY 0 OPTYPE xor PRAGMA {} RTLNAME xor_ln91_9_fu_1788_p2 SOURCE calorimeter.cpp:91 VARIABLE xor_ln91_9 LOOP VITIS_LOOP_467_2 BUNDLEDNAME {} DSP 0 BRAM 0 URAM 0 STORAGESUBTYPE {} DISPNAME {bind_op xor} VISIBLE false} {BINDTYPE op ID {} IMPL auto LATENCY 0 OPTYPE or PRAGMA {} RTLNAME or_ln91_9_fu_1794_p2 SOURCE calorimeter.cpp:91 VARIABLE or_ln91_9 LOOP VITIS_LOOP_467_2 BUNDLEDNAME {} DSP 0 BRAM 0 URAM 0 STORAGESUBTYPE {} DISPNAME {bind_op or} VISIBLE false} {BINDTYPE op ID {} IMPL auto_sel LATENCY 0 OPTYPE select PRAGMA {} RTLNAME select_ln91_7_fu_1800_p3 SOURCE calorimeter.cpp:91 VARIABLE select_ln91_7 LOOP VITIS_LOOP_467_2 BUNDLEDNAME {} DSP 0 BRAM 0 URAM 0 STORAGESUBTYPE {} DISPNAME {bind_op select} VISIBLE false} {BINDTYPE op ID {} IMPL auto LATENCY 0 OPTYPE setgt PRAGMA {} RTLNAME grp_fu_814_p2 SOURCE calorimeter.cpp:79 VARIABLE icmp_ln79_23 LOOP VITIS_LOOP_467_2 BUNDLEDNAME {} DSP 0 BRAM 0 URAM 0 STORAGESUBTYPE {} DISPNAME {bind_op setgt} VISIBLE false} {BINDTYPE op ID {} IMPL auto LATENCY 0 OPTYPE xor PRAGMA {} RTLNAME xor_ln111_12_fu_1808_p2 SOURCE calorimeter.cpp:111 VARIABLE xor_ln111_12 LOOP VITIS_LOOP_467_2 BUNDLEDNAME {} DSP 0 BRAM 0 URAM 0 STORAGESUBTYPE {} DISPNAME {bind_op xor} VISIBLE false} {BINDTYPE op ID {} IMPL auto LATENCY 0 OPTYPE setgt PRAGMA {} RTLNAME grp_fu_814_p2 SOURCE calorimeter.cpp:79 VARIABLE icmp_ln79_22 LOOP VITIS_LOOP_467_2 BUNDLEDNAME {} DSP 0 BRAM 0 URAM 0 STORAGESUBTYPE {} DISPNAME {bind_op setgt} VISIBLE false} {BINDTYPE op ID {} IMPL auto LATENCY 0 OPTYPE or PRAGMA {} RTLNAME or_ln111_12_fu_1814_p2 SOURCE calorimeter.cpp:111 VARIABLE or_ln111_12 LOOP VITIS_LOOP_467_2 BUNDLEDNAME {} DSP 0 BRAM 0 URAM 0 STORAGESUBTYPE {} DISPNAME {bind_op or} VISIBLE false} {BINDTYPE op ID {} IMPL auto LATENCY 0 OPTYPE setlt PRAGMA {} RTLNAME icmp_ln83_12_fu_1823_p2 SOURCE calorimeter.cpp:83 VARIABLE icmp_ln83_12 LOOP VITIS_LOOP_467_2 BUNDLEDNAME {} DSP 0 BRAM 0 URAM 0 STORAGESUBTYPE {} DISPNAME {bind_op setlt} VISIBLE false} {BINDTYPE op ID {} IMPL auto LATENCY 0 OPTYPE setlt PRAGMA {} RTLNAME icmp_ln87_12_fu_1829_p2 SOURCE calorimeter.cpp:87 VARIABLE icmp_ln87_12 LOOP VITIS_LOOP_467_2 BUNDLEDNAME {} DSP 0 BRAM 0 URAM 0 STORAGESUBTYPE {} DISPNAME {bind_op setlt} VISIBLE false} {BINDTYPE op ID {} IMPL auto LATENCY 0 OPTYPE setlt PRAGMA {} RTLNAME icmp_ln91_12_fu_1835_p2 SOURCE calorimeter.cpp:91 VARIABLE icmp_ln91_12 LOOP VITIS_LOOP_467_2 BUNDLEDNAME {} DSP 0 BRAM 0 URAM 0 STORAGESUBTYPE {} DISPNAME {bind_op setlt} VISIBLE false} {BINDTYPE op ID {} IMPL auto LATENCY 0 OPTYPE xor PRAGMA {} RTLNAME xor_ln91_20_fu_1841_p2 SOURCE calorimeter.cpp:91 VARIABLE xor_ln91_20 LOOP VITIS_LOOP_467_2 BUNDLEDNAME {} DSP 0 BRAM 0 URAM 0 STORAGESUBTYPE {} DISPNAME {bind_op xor} VISIBLE false} {BINDTYPE op ID {} IMPL auto LATENCY 0 OPTYPE setlt PRAGMA {} RTLNAME icmp_ln95_12_fu_1847_p2 SOURCE calorimeter.cpp:95 VARIABLE icmp_ln95_12 LOOP VITIS_LOOP_467_2 BUNDLEDNAME {} DSP 0 BRAM 0 URAM 0 STORAGESUBTYPE {} DISPNAME {bind_op setlt} VISIBLE false} {BINDTYPE op ID {} IMPL auto LATENCY 0 OPTYPE and PRAGMA {} RTLNAME and_ln91_12_fu_1853_p2 SOURCE calorimeter.cpp:91 VARIABLE and_ln91_12 LOOP VITIS_LOOP_467_2 BUNDLEDNAME {} DSP 0 BRAM 0 URAM 0 STORAGESUBTYPE {} DISPNAME {bind_op and} VISIBLE false} {BINDTYPE op ID {} IMPL auto LATENCY 0 OPTYPE xor PRAGMA {} RTLNAME xor_ln91_10_fu_1859_p2 SOURCE calorimeter.cpp:91 VARIABLE xor_ln91_10 LOOP VITIS_LOOP_467_2 BUNDLEDNAME {} DSP 0 BRAM 0 URAM 0 STORAGESUBTYPE {} DISPNAME {bind_op xor} VISIBLE false} {BINDTYPE op ID {} IMPL auto LATENCY 0 OPTYPE or PRAGMA {} RTLNAME or_ln91_10_fu_1865_p2 SOURCE calorimeter.cpp:91 VARIABLE or_ln91_10 LOOP VITIS_LOOP_467_2 BUNDLEDNAME {} DSP 0 BRAM 0 URAM 0 STORAGESUBTYPE {} DISPNAME {bind_op or} VISIBLE false} {BINDTYPE op ID {} IMPL auto_sel LATENCY 0 OPTYPE select PRAGMA {} RTLNAME select_ln91_8_fu_1871_p3 SOURCE calorimeter.cpp:91 VARIABLE select_ln91_8 LOOP VITIS_LOOP_467_2 BUNDLEDNAME {} DSP 0 BRAM 0 URAM 0 STORAGESUBTYPE {} DISPNAME {bind_op select} VISIBLE false} {BINDTYPE op ID {} IMPL auto LATENCY 0 OPTYPE setgt PRAGMA {} RTLNAME grp_fu_831_p2 SOURCE calorimeter.cpp:79 VARIABLE icmp_ln79_25 LOOP VITIS_LOOP_467_2 BUNDLEDNAME {} DSP 0 BRAM 0 URAM 0 STORAGESUBTYPE {} DISPNAME {bind_op setgt} VISIBLE false} {BINDTYPE op ID {} IMPL auto LATENCY 0 OPTYPE xor PRAGMA {} RTLNAME xor_ln111_13_fu_1879_p2 SOURCE calorimeter.cpp:111 VARIABLE xor_ln111_13 LOOP VITIS_LOOP_467_2 BUNDLEDNAME {} DSP 0 BRAM 0 URAM 0 STORAGESUBTYPE {} DISPNAME {bind_op xor} VISIBLE false} {BINDTYPE op ID {} IMPL auto LATENCY 0 OPTYPE setgt PRAGMA {} RTLNAME grp_fu_831_p2 SOURCE calorimeter.cpp:79 VARIABLE icmp_ln79_24 LOOP VITIS_LOOP_467_2 BUNDLEDNAME {} DSP 0 BRAM 0 URAM 0 STORAGESUBTYPE {} DISPNAME {bind_op setgt} VISIBLE false} {BINDTYPE op ID {} IMPL auto LATENCY 0 OPTYPE or PRAGMA {} RTLNAME or_ln111_13_fu_1885_p2 SOURCE calorimeter.cpp:111 VARIABLE or_ln111_13 LOOP VITIS_LOOP_467_2 BUNDLEDNAME {} DSP 0 BRAM 0 URAM 0 STORAGESUBTYPE {} DISPNAME {bind_op or} VISIBLE false} {BINDTYPE op ID {} IMPL auto LATENCY 0 OPTYPE setlt PRAGMA {} RTLNAME icmp_ln83_13_fu_1894_p2 SOURCE calorimeter.cpp:83 VARIABLE icmp_ln83_13 LOOP VITIS_LOOP_467_2 BUNDLEDNAME {} DSP 0 BRAM 0 URAM 0 STORAGESUBTYPE {} DISPNAME {bind_op setlt} VISIBLE false} {BINDTYPE op ID {} IMPL auto LATENCY 0 OPTYPE setlt PRAGMA {} RTLNAME icmp_ln87_13_fu_1900_p2 SOURCE calorimeter.cpp:87 VARIABLE icmp_ln87_13 LOOP VITIS_LOOP_467_2 BUNDLEDNAME {} DSP 0 BRAM 0 URAM 0 STORAGESUBTYPE {} DISPNAME {bind_op setlt} VISIBLE false} {BINDTYPE op ID {} IMPL auto LATENCY 0 OPTYPE setlt PRAGMA {} RTLNAME icmp_ln91_13_fu_1906_p2 SOURCE calorimeter.cpp:91 VARIABLE icmp_ln91_13 LOOP VITIS_LOOP_467_2 BUNDLEDNAME {} DSP 0 BRAM 0 URAM 0 STORAGESUBTYPE {} DISPNAME {bind_op setlt} VISIBLE false} {BINDTYPE op ID {} IMPL auto LATENCY 0 OPTYPE xor PRAGMA {} RTLNAME xor_ln91_21_fu_1912_p2 SOURCE calorimeter.cpp:91 VARIABLE xor_ln91_21 LOOP VITIS_LOOP_467_2 BUNDLEDNAME {} DSP 0 BRAM 0 URAM 0 STORAGESUBTYPE {} DISPNAME {bind_op xor} VISIBLE false} {BINDTYPE op ID {} IMPL auto LATENCY 0 OPTYPE setlt PRAGMA {} RTLNAME icmp_ln95_13_fu_1918_p2 SOURCE calorimeter.cpp:95 VARIABLE icmp_ln95_13 LOOP VITIS_LOOP_467_2 BUNDLEDNAME {} DSP 0 BRAM 0 URAM 0 STORAGESUBTYPE {} DISPNAME {bind_op setlt} VISIBLE false} {BINDTYPE op ID {} IMPL auto LATENCY 0 OPTYPE and PRAGMA {} RTLNAME and_ln91_13_fu_1924_p2 SOURCE calorimeter.cpp:91 VARIABLE and_ln91_13 LOOP VITIS_LOOP_467_2 BUNDLEDNAME {} DSP 0 BRAM 0 URAM 0 STORAGESUBTYPE {} DISPNAME {bind_op and} VISIBLE false} {BINDTYPE op ID {} IMPL auto LATENCY 0 OPTYPE xor PRAGMA {} RTLNAME xor_ln111_14_fu_1936_p2 SOURCE calorimeter.cpp:111 VARIABLE xor_ln111_14 LOOP VITIS_LOOP_467_2 BUNDLEDNAME {} DSP 0 BRAM 0 URAM 0 STORAGESUBTYPE {} DISPNAME {bind_op xor} VISIBLE false} {BINDTYPE op ID {} IMPL auto LATENCY 0 OPTYPE setgt PRAGMA {} RTLNAME icmp_ln79_26_fu_1942_p2 SOURCE calorimeter.cpp:79 VARIABLE icmp_ln79_26 LOOP VITIS_LOOP_467_2 BUNDLEDNAME {} DSP 0 BRAM 0 URAM 0 STORAGESUBTYPE {} DISPNAME {bind_op setgt} VISIBLE false} {BINDTYPE op ID {} IMPL auto LATENCY 0 OPTYPE or PRAGMA {} RTLNAME or_ln111_14_fu_1948_p2 SOURCE calorimeter.cpp:111 VARIABLE or_ln111_14 LOOP VITIS_LOOP_467_2 BUNDLEDNAME {} DSP 0 BRAM 0 URAM 0 STORAGESUBTYPE {} DISPNAME {bind_op or} VISIBLE false} {BINDTYPE op ID {} IMPL auto LATENCY 0 OPTYPE setlt PRAGMA {} RTLNAME icmp_ln83_14_fu_1954_p2 SOURCE calorimeter.cpp:83 VARIABLE icmp_ln83_14 LOOP VITIS_LOOP_467_2 BUNDLEDNAME {} DSP 0 BRAM 0 URAM 0 STORAGESUBTYPE {} DISPNAME {bind_op setlt} VISIBLE false} {BINDTYPE op ID {} IMPL auto LATENCY 0 OPTYPE setlt PRAGMA {} RTLNAME icmp_ln87_14_fu_1963_p2 SOURCE calorimeter.cpp:87 VARIABLE icmp_ln87_14 LOOP VITIS_LOOP_467_2 BUNDLEDNAME {} DSP 0 BRAM 0 URAM 0 STORAGESUBTYPE {} DISPNAME {bind_op setlt} VISIBLE false} {BINDTYPE op ID {} IMPL auto LATENCY 0 OPTYPE setlt PRAGMA {} RTLNAME icmp_ln91_14_fu_1972_p2 SOURCE calorimeter.cpp:91 VARIABLE icmp_ln91_14 LOOP VITIS_LOOP_467_2 BUNDLEDNAME {} DSP 0 BRAM 0 URAM 0 STORAGESUBTYPE {} DISPNAME {bind_op setlt} VISIBLE false} {BINDTYPE op ID {} IMPL auto LATENCY 0 OPTYPE xor PRAGMA {} RTLNAME xor_ln91_22_fu_1978_p2 SOURCE calorimeter.cpp:91 VARIABLE xor_ln91_22 LOOP VITIS_LOOP_467_2 BUNDLEDNAME {} DSP 0 BRAM 0 URAM 0 STORAGESUBTYPE {} DISPNAME {bind_op xor} VISIBLE false} {BINDTYPE op ID {} IMPL auto LATENCY 0 OPTYPE setlt PRAGMA {} RTLNAME icmp_ln95_14_fu_1984_p2 SOURCE calorimeter.cpp:95 VARIABLE icmp_ln95_14 LOOP VITIS_LOOP_467_2 BUNDLEDNAME {} DSP 0 BRAM 0 URAM 0 STORAGESUBTYPE {} DISPNAME {bind_op setlt} VISIBLE false} {BINDTYPE op ID {} IMPL auto LATENCY 0 OPTYPE and PRAGMA {} RTLNAME and_ln91_14_fu_1990_p2 SOURCE calorimeter.cpp:91 VARIABLE and_ln91_14 LOOP VITIS_LOOP_467_2 BUNDLEDNAME {} DSP 0 BRAM 0 URAM 0 STORAGESUBTYPE {} DISPNAME {bind_op and} VISIBLE false} {BINDTYPE op ID {} IMPL auto LATENCY 0 OPTYPE setgt PRAGMA {} RTLNAME icmp_ln113_fu_2491_p2 SOURCE calorimeter.cpp:113 VARIABLE icmp_ln113 LOOP VITIS_LOOP_113_1 BUNDLEDNAME {} DSP 0 BRAM 0 URAM 0 STORAGESUBTYPE {} DISPNAME {bind_op setgt} VISIBLE false} {BINDTYPE op ID {} IMPL fabric LATENCY 0 OPTYPE add PRAGMA {} RTLNAME add_ln114_fu_2539_p2 SOURCE calorimeter.cpp:114 VARIABLE add_ln114 LOOP VITIS_LOOP_113_1 BUNDLEDNAME {} DSP 0 BRAM 0 URAM 0 STORAGESUBTYPE {} DISPNAME {bind_op add} VISIBLE true} {BINDTYPE op ID {} IMPL auto LATENCY 0 OPTYPE sparsemux PRAGMA {} RTLNAME sparsemux_15_3_20_1_1_U7 SOURCE calorimeter.cpp:114 VARIABLE tmp_s LOOP VITIS_LOOP_113_1 BUNDLEDNAME {} DSP 0 BRAM 0 URAM 0 STORAGESUBTYPE {} DISPNAME {bind_op sparsemux} VISIBLE false} {BINDTYPE op ID {} IMPL auto LATENCY 0 OPTYPE sparsemux PRAGMA {} RTLNAME sparsemux_15_3_20_1_1_U8 SOURCE calorimeter.cpp:114 VARIABLE tmp_2 LOOP VITIS_LOOP_113_1 BUNDLEDNAME {} DSP 0 BRAM 0 URAM 0 STORAGESUBTYPE {} DISPNAME {bind_op sparsemux} VISIBLE false} {BINDTYPE op ID {} IMPL auto LATENCY 0 OPTYPE sparsemux PRAGMA {} RTLNAME sparsemux_15_3_6_1_1_U9 SOURCE calorimeter.cpp:114 VARIABLE tmp_3 LOOP VITIS_LOOP_113_1 BUNDLEDNAME {} DSP 0 BRAM 0 URAM 0 STORAGESUBTYPE {} DISPNAME {bind_op sparsemux} VISIBLE false} {BINDTYPE op ID {} IMPL auto LATENCY 0 OPTYPE sparsemux PRAGMA {} RTLNAME sparsemux_15_3_6_1_1_U10 SOURCE calorimeter.cpp:114 VARIABLE tmp_4 LOOP VITIS_LOOP_113_1 BUNDLEDNAME {} DSP 0 BRAM 0 URAM 0 STORAGESUBTYPE {} DISPNAME {bind_op sparsemux} VISIBLE false} {BINDTYPE op ID {} IMPL auto LATENCY 0 OPTYPE sparsemux PRAGMA {} RTLNAME sparsemux_15_3_4_1_1_U11 SOURCE calorimeter.cpp:114 VARIABLE tmp_5 LOOP VITIS_LOOP_113_1 BUNDLEDNAME {} DSP 0 BRAM 0 URAM 0 STORAGESUBTYPE {} DISPNAME {bind_op sparsemux} VISIBLE false} {BINDTYPE op ID {} IMPL auto LATENCY 0 OPTYPE sparsemux PRAGMA {} RTLNAME sparsemux_15_3_1_1_1_U12 SOURCE calorimeter.cpp:114 VARIABLE tmp_7 LOOP VITIS_LOOP_113_1 BUNDLEDNAME {} DSP 0 BRAM 0 URAM 0 STORAGESUBTYPE {} DISPNAME {bind_op sparsemux} VISIBLE false}} AREA {DSP 0 BRAM 0 URAM 0}} select_top_n_from_stream_fixed_1440_1 {BINDINFO {{BINDTYPE op ID {} IMPL auto LATENCY 0 OPTYPE seteq PRAGMA {} RTLNAME icmp_ln467_fu_1363_p2 SOURCE ./calorimeter.h:467 VARIABLE icmp_ln467 LOOP VITIS_LOOP_467_2 BUNDLEDNAME {} DSP 0 BRAM 0 URAM 0 STORAGESUBTYPE {} DISPNAME {bind_op seteq} VISIBLE false} {BINDTYPE op ID {} IMPL fabric LATENCY 0 OPTYPE add PRAGMA {} RTLNAME i_2_fu_1369_p2 SOURCE ./calorimeter.h:467 VARIABLE i_2 LOOP VITIS_LOOP_467_2 BUNDLEDNAME {} DSP 0 BRAM 0 URAM 0 STORAGESUBTYPE {} DISPNAME {bind_op add} VISIBLE true} {BINDTYPE op ID {} IMPL fabric LATENCY 0 OPTYPE add PRAGMA {} RTLNAME local_num_clusters_1_fu_1436_p2 SOURCE ./calorimeter.h:475 VARIABLE local_num_clusters_1 LOOP VITIS_LOOP_467_2 BUNDLEDNAME {} DSP 0 BRAM 0 URAM 0 STORAGESUBTYPE {} DISPNAME {bind_op add} VISIBLE true} {BINDTYPE op ID {} IMPL auto LATENCY 0 OPTYPE xor PRAGMA {} RTLNAME xor_ln111_fu_1442_p2 SOURCE calorimeter.cpp:111 VARIABLE xor_ln111 LOOP VITIS_LOOP_467_2 BUNDLEDNAME {} DSP 0 BRAM 0 URAM 0 STORAGESUBTYPE {} DISPNAME {bind_op xor} VISIBLE false} {BINDTYPE op ID {} IMPL auto LATENCY 0 OPTYPE setgt PRAGMA {} RTLNAME icmp_ln79_fu_1448_p2 SOURCE calorimeter.cpp:79 VARIABLE icmp_ln79 LOOP VITIS_LOOP_467_2 BUNDLEDNAME {} DSP 0 BRAM 0 URAM 0 STORAGESUBTYPE {} DISPNAME {bind_op setgt} VISIBLE false} {BINDTYPE op ID {} IMPL auto LATENCY 0 OPTYPE or PRAGMA {} RTLNAME or_ln111_fu_1454_p2 SOURCE calorimeter.cpp:111 VARIABLE or_ln111 LOOP VITIS_LOOP_467_2 BUNDLEDNAME {} DSP 0 BRAM 0 URAM 0 STORAGESUBTYPE {} DISPNAME {bind_op or} VISIBLE false} {BINDTYPE op ID {} IMPL auto LATENCY 0 OPTYPE setlt PRAGMA {} RTLNAME icmp_ln83_fu_1460_p2 SOURCE calorimeter.cpp:83 VARIABLE icmp_ln83 LOOP VITIS_LOOP_467_2 BUNDLEDNAME {} DSP 0 BRAM 0 URAM 0 STORAGESUBTYPE {} DISPNAME {bind_op setlt} VISIBLE false} {BINDTYPE op ID {} IMPL auto LATENCY 0 OPTYPE setlt PRAGMA {} RTLNAME icmp_ln87_fu_1466_p2 SOURCE calorimeter.cpp:87 VARIABLE icmp_ln87 LOOP VITIS_LOOP_467_2 BUNDLEDNAME {} DSP 0 BRAM 0 URAM 0 STORAGESUBTYPE {} DISPNAME {bind_op setlt} VISIBLE false} {BINDTYPE op ID {} IMPL auto LATENCY 0 OPTYPE setlt PRAGMA {} RTLNAME icmp_ln91_fu_1472_p2 SOURCE calorimeter.cpp:91 VARIABLE icmp_ln91 LOOP VITIS_LOOP_467_2 BUNDLEDNAME {} DSP 0 BRAM 0 URAM 0 STORAGESUBTYPE {} DISPNAME {bind_op setlt} VISIBLE false} {BINDTYPE op ID {} IMPL auto LATENCY 0 OPTYPE xor PRAGMA {} RTLNAME xor_ln91_7_fu_1478_p2 SOURCE calorimeter.cpp:91 VARIABLE xor_ln91_7 LOOP VITIS_LOOP_467_2 BUNDLEDNAME {} DSP 0 BRAM 0 URAM 0 STORAGESUBTYPE {} DISPNAME {bind_op xor} VISIBLE false} {BINDTYPE op ID {} IMPL auto LATENCY 0 OPTYPE setlt PRAGMA {} RTLNAME icmp_ln95_fu_1484_p2 SOURCE calorimeter.cpp:95 VARIABLE icmp_ln95 LOOP VITIS_LOOP_467_2 BUNDLEDNAME {} DSP 0 BRAM 0 URAM 0 STORAGESUBTYPE {} DISPNAME {bind_op setlt} VISIBLE false} {BINDTYPE op ID {} IMPL auto LATENCY 0 OPTYPE and PRAGMA {} RTLNAME and_ln91_fu_1490_p2 SOURCE calorimeter.cpp:91 VARIABLE and_ln91 LOOP VITIS_LOOP_467_2 BUNDLEDNAME {} DSP 0 BRAM 0 URAM 0 STORAGESUBTYPE {} DISPNAME {bind_op and} VISIBLE false} {BINDTYPE op ID {} IMPL auto LATENCY 0 OPTYPE xor PRAGMA {} RTLNAME xor_ln91_fu_1496_p2 SOURCE calorimeter.cpp:91 VARIABLE xor_ln91 LOOP VITIS_LOOP_467_2 BUNDLEDNAME {} DSP 0 BRAM 0 URAM 0 STORAGESUBTYPE {} DISPNAME {bind_op xor} VISIBLE false} {BINDTYPE op ID {} IMPL auto LATENCY 0 OPTYPE or PRAGMA {} RTLNAME or_ln91_fu_1502_p2 SOURCE calorimeter.cpp:91 VARIABLE or_ln91 LOOP VITIS_LOOP_467_2 BUNDLEDNAME {} DSP 0 BRAM 0 URAM 0 STORAGESUBTYPE {} DISPNAME {bind_op or} VISIBLE false} {BINDTYPE op ID {} IMPL auto LATENCY 0 OPTYPE and PRAGMA {} RTLNAME and_ln91_8_fu_1508_p2 SOURCE calorimeter.cpp:91 VARIABLE and_ln91_8 LOOP VITIS_LOOP_467_2 BUNDLEDNAME {} DSP 0 BRAM 0 URAM 0 STORAGESUBTYPE {} DISPNAME {bind_op and} VISIBLE false} {BINDTYPE op ID {} IMPL auto LATENCY 0 OPTYPE xor PRAGMA {} RTLNAME xor_ln91_6_fu_1514_p2 SOURCE calorimeter.cpp:91 VARIABLE xor_ln91_6 LOOP VITIS_LOOP_467_2 BUNDLEDNAME {} DSP 0 BRAM 0 URAM 0 STORAGESUBTYPE {} DISPNAME {bind_op xor} VISIBLE false} {BINDTYPE op ID {} IMPL auto LATENCY 0 OPTYPE setgt PRAGMA {} RTLNAME grp_fu_746_p2 SOURCE calorimeter.cpp:79 VARIABLE icmp_ln79_2 LOOP VITIS_LOOP_467_2 BUNDLEDNAME {} DSP 0 BRAM 0 URAM 0 STORAGESUBTYPE {} DISPNAME {bind_op setgt} VISIBLE false} {BINDTYPE op ID {} IMPL auto LATENCY 0 OPTYPE xor PRAGMA {} RTLNAME xor_ln111_1_fu_1524_p2 SOURCE calorimeter.cpp:111 VARIABLE xor_ln111_1 LOOP VITIS_LOOP_467_2 BUNDLEDNAME {} DSP 0 BRAM 0 URAM 0 STORAGESUBTYPE {} DISPNAME {bind_op xor} VISIBLE false} {BINDTYPE op ID {} IMPL auto LATENCY 0 OPTYPE setgt PRAGMA {} RTLNAME grp_fu_746_p2 SOURCE calorimeter.cpp:79 VARIABLE icmp_ln79_1 LOOP VITIS_LOOP_467_2 BUNDLEDNAME {} DSP 0 BRAM 0 URAM 0 STORAGESUBTYPE {} DISPNAME {bind_op setgt} VISIBLE false} {BINDTYPE op ID {} IMPL auto LATENCY 0 OPTYPE or PRAGMA {} RTLNAME or_ln111_1_fu_1530_p2 SOURCE calorimeter.cpp:111 VARIABLE or_ln111_1 LOOP VITIS_LOOP_467_2 BUNDLEDNAME {} DSP 0 BRAM 0 URAM 0 STORAGESUBTYPE {} DISPNAME {bind_op or} VISIBLE false} {BINDTYPE op ID {} IMPL auto LATENCY 0 OPTYPE setlt PRAGMA {} RTLNAME icmp_ln83_1_fu_1539_p2 SOURCE calorimeter.cpp:83 VARIABLE icmp_ln83_1 LOOP VITIS_LOOP_467_2 BUNDLEDNAME {} DSP 0 BRAM 0 URAM 0 STORAGESUBTYPE {} DISPNAME {bind_op setlt} VISIBLE false} {BINDTYPE op ID {} IMPL auto LATENCY 0 OPTYPE setlt PRAGMA {} RTLNAME icmp_ln87_1_fu_1545_p2 SOURCE calorimeter.cpp:87 VARIABLE icmp_ln87_1 LOOP VITIS_LOOP_467_2 BUNDLEDNAME {} DSP 0 BRAM 0 URAM 0 STORAGESUBTYPE {} DISPNAME {bind_op setlt} VISIBLE false} {BINDTYPE op ID {} IMPL auto LATENCY 0 OPTYPE setlt PRAGMA {} RTLNAME icmp_ln91_1_fu_1551_p2 SOURCE calorimeter.cpp:91 VARIABLE icmp_ln91_1 LOOP VITIS_LOOP_467_2 BUNDLEDNAME {} DSP 0 BRAM 0 URAM 0 STORAGESUBTYPE {} DISPNAME {bind_op setlt} VISIBLE false} {BINDTYPE op ID {} IMPL auto LATENCY 0 OPTYPE xor PRAGMA {} RTLNAME xor_ln91_8_fu_1557_p2 SOURCE calorimeter.cpp:91 VARIABLE xor_ln91_8 LOOP VITIS_LOOP_467_2 BUNDLEDNAME {} DSP 0 BRAM 0 URAM 0 STORAGESUBTYPE {} DISPNAME {bind_op xor} VISIBLE false} {BINDTYPE op ID {} IMPL auto LATENCY 0 OPTYPE setlt PRAGMA {} RTLNAME icmp_ln95_1_fu_1563_p2 SOURCE calorimeter.cpp:95 VARIABLE icmp_ln95_1 LOOP VITIS_LOOP_467_2 BUNDLEDNAME {} DSP 0 BRAM 0 URAM 0 STORAGESUBTYPE {} DISPNAME {bind_op setlt} VISIBLE false} {BINDTYPE op ID {} IMPL auto LATENCY 0 OPTYPE and PRAGMA {} RTLNAME and_ln91_1_fu_1569_p2 SOURCE calorimeter.cpp:91 VARIABLE and_ln91_1 LOOP VITIS_LOOP_467_2 BUNDLEDNAME {} DSP 0 BRAM 0 URAM 0 STORAGESUBTYPE {} DISPNAME {bind_op and} VISIBLE false} {BINDTYPE op ID {} IMPL auto LATENCY 0 OPTYPE xor PRAGMA {} RTLNAME xor_ln91_1_fu_1575_p2 SOURCE calorimeter.cpp:91 VARIABLE xor_ln91_1 LOOP VITIS_LOOP_467_2 BUNDLEDNAME {} DSP 0 BRAM 0 URAM 0 STORAGESUBTYPE {} DISPNAME {bind_op xor} VISIBLE false} {BINDTYPE op ID {} IMPL auto LATENCY 0 OPTYPE or PRAGMA {} RTLNAME or_ln91_1_fu_1581_p2 SOURCE calorimeter.cpp:91 VARIABLE or_ln91_1 LOOP VITIS_LOOP_467_2 BUNDLEDNAME {} DSP 0 BRAM 0 URAM 0 STORAGESUBTYPE {} DISPNAME {bind_op or} VISIBLE false} {BINDTYPE op ID {} IMPL auto_sel LATENCY 0 OPTYPE select PRAGMA {} RTLNAME select_ln91_fu_1587_p3 SOURCE calorimeter.cpp:91 VARIABLE select_ln91 LOOP VITIS_LOOP_467_2 BUNDLEDNAME {} DSP 0 BRAM 0 URAM 0 STORAGESUBTYPE {} DISPNAME {bind_op select} VISIBLE false} {BINDTYPE op ID {} IMPL auto LATENCY 0 OPTYPE setgt PRAGMA {} RTLNAME grp_fu_763_p2 SOURCE calorimeter.cpp:79 VARIABLE icmp_ln79_4 LOOP VITIS_LOOP_467_2 BUNDLEDNAME {} DSP 0 BRAM 0 URAM 0 STORAGESUBTYPE {} DISPNAME {bind_op setgt} VISIBLE false} {BINDTYPE op ID {} IMPL auto LATENCY 0 OPTYPE xor PRAGMA {} RTLNAME xor_ln111_2_fu_1595_p2 SOURCE calorimeter.cpp:111 VARIABLE xor_ln111_2 LOOP VITIS_LOOP_467_2 BUNDLEDNAME {} DSP 0 BRAM 0 URAM 0 STORAGESUBTYPE {} DISPNAME {bind_op xor} VISIBLE false} {BINDTYPE op ID {} IMPL auto LATENCY 0 OPTYPE setgt PRAGMA {} RTLNAME grp_fu_763_p2 SOURCE calorimeter.cpp:79 VARIABLE icmp_ln79_3 LOOP VITIS_LOOP_467_2 BUNDLEDNAME {} DSP 0 BRAM 0 URAM 0 STORAGESUBTYPE {} DISPNAME {bind_op setgt} VISIBLE false} {BINDTYPE op ID {} IMPL auto LATENCY 0 OPTYPE or PRAGMA {} RTLNAME or_ln111_2_fu_1601_p2 SOURCE calorimeter.cpp:111 VARIABLE or_ln111_2 LOOP VITIS_LOOP_467_2 BUNDLEDNAME {} DSP 0 BRAM 0 URAM 0 STORAGESUBTYPE {} DISPNAME {bind_op or} VISIBLE false} {BINDTYPE op ID {} IMPL auto LATENCY 0 OPTYPE setlt PRAGMA {} RTLNAME icmp_ln83_2_fu_1610_p2 SOURCE calorimeter.cpp:83 VARIABLE icmp_ln83_2 LOOP VITIS_LOOP_467_2 BUNDLEDNAME {} DSP 0 BRAM 0 URAM 0 STORAGESUBTYPE {} DISPNAME {bind_op setlt} VISIBLE false} {BINDTYPE op ID {} IMPL auto LATENCY 0 OPTYPE setlt PRAGMA {} RTLNAME icmp_ln87_2_fu_1616_p2 SOURCE calorimeter.cpp:87 VARIABLE icmp_ln87_2 LOOP VITIS_LOOP_467_2 BUNDLEDNAME {} DSP 0 BRAM 0 URAM 0 STORAGESUBTYPE {} DISPNAME {bind_op setlt} VISIBLE false} {BINDTYPE op ID {} IMPL auto LATENCY 0 OPTYPE setlt PRAGMA {} RTLNAME icmp_ln91_2_fu_1622_p2 SOURCE calorimeter.cpp:91 VARIABLE icmp_ln91_2 LOOP VITIS_LOOP_467_2 BUNDLEDNAME {} DSP 0 BRAM 0 URAM 0 STORAGESUBTYPE {} DISPNAME {bind_op setlt} VISIBLE false} {BINDTYPE op ID {} IMPL auto LATENCY 0 OPTYPE xor PRAGMA {} RTLNAME xor_ln91_9_fu_1628_p2 SOURCE calorimeter.cpp:91 VARIABLE xor_ln91_9 LOOP VITIS_LOOP_467_2 BUNDLEDNAME {} DSP 0 BRAM 0 URAM 0 STORAGESUBTYPE {} DISPNAME {bind_op xor} VISIBLE false} {BINDTYPE op ID {} IMPL auto LATENCY 0 OPTYPE setlt PRAGMA {} RTLNAME icmp_ln95_2_fu_1634_p2 SOURCE calorimeter.cpp:95 VARIABLE icmp_ln95_2 LOOP VITIS_LOOP_467_2 BUNDLEDNAME {} DSP 0 BRAM 0 URAM 0 STORAGESUBTYPE {} DISPNAME {bind_op setlt} VISIBLE false} {BINDTYPE op ID {} IMPL auto LATENCY 0 OPTYPE and PRAGMA {} RTLNAME and_ln91_2_fu_1640_p2 SOURCE calorimeter.cpp:91 VARIABLE and_ln91_2 LOOP VITIS_LOOP_467_2 BUNDLEDNAME {} DSP 0 BRAM 0 URAM 0 STORAGESUBTYPE {} DISPNAME {bind_op and} VISIBLE false} {BINDTYPE op ID {} IMPL auto LATENCY 0 OPTYPE xor PRAGMA {} RTLNAME xor_ln91_2_fu_1646_p2 SOURCE calorimeter.cpp:91 VARIABLE xor_ln91_2 LOOP VITIS_LOOP_467_2 BUNDLEDNAME {} DSP 0 BRAM 0 URAM 0 STORAGESUBTYPE {} DISPNAME {bind_op xor} VISIBLE false} {BINDTYPE op ID {} IMPL auto LATENCY 0 OPTYPE or PRAGMA {} RTLNAME or_ln91_2_fu_1652_p2 SOURCE calorimeter.cpp:91 VARIABLE or_ln91_2 LOOP VITIS_LOOP_467_2 BUNDLEDNAME {} DSP 0 BRAM 0 URAM 0 STORAGESUBTYPE {} DISPNAME {bind_op or} VISIBLE false} {BINDTYPE op ID {} IMPL auto_sel LATENCY 0 OPTYPE select PRAGMA {} RTLNAME select_ln91_1_fu_1658_p3 SOURCE calorimeter.cpp:91 VARIABLE select_ln91_1 LOOP VITIS_LOOP_467_2 BUNDLEDNAME {} DSP 0 BRAM 0 URAM 0 STORAGESUBTYPE {} DISPNAME {bind_op select} VISIBLE false} {BINDTYPE op ID {} IMPL auto LATENCY 0 OPTYPE setgt PRAGMA {} RTLNAME grp_fu_780_p2 SOURCE calorimeter.cpp:79 VARIABLE icmp_ln79_6 LOOP VITIS_LOOP_467_2 BUNDLEDNAME {} DSP 0 BRAM 0 URAM 0 STORAGESUBTYPE {} DISPNAME {bind_op setgt} VISIBLE false} {BINDTYPE op ID {} IMPL auto LATENCY 0 OPTYPE xor PRAGMA {} RTLNAME xor_ln111_3_fu_1666_p2 SOURCE calorimeter.cpp:111 VARIABLE xor_ln111_3 LOOP VITIS_LOOP_467_2 BUNDLEDNAME {} DSP 0 BRAM 0 URAM 0 STORAGESUBTYPE {} DISPNAME {bind_op xor} VISIBLE false} {BINDTYPE op ID {} IMPL auto LATENCY 0 OPTYPE setgt PRAGMA {} RTLNAME grp_fu_780_p2 SOURCE calorimeter.cpp:79 VARIABLE icmp_ln79_5 LOOP VITIS_LOOP_467_2 BUNDLEDNAME {} DSP 0 BRAM 0 URAM 0 STORAGESUBTYPE {} DISPNAME {bind_op setgt} VISIBLE false} {BINDTYPE op ID {} IMPL auto LATENCY 0 OPTYPE or PRAGMA {} RTLNAME or_ln111_3_fu_1672_p2 SOURCE calorimeter.cpp:111 VARIABLE or_ln111_3 LOOP VITIS_LOOP_467_2 BUNDLEDNAME {} DSP 0 BRAM 0 URAM 0 STORAGESUBTYPE {} DISPNAME {bind_op or} VISIBLE false} {BINDTYPE op ID {} IMPL auto LATENCY 0 OPTYPE setlt PRAGMA {} RTLNAME icmp_ln83_3_fu_1681_p2 SOURCE calorimeter.cpp:83 VARIABLE icmp_ln83_3 LOOP VITIS_LOOP_467_2 BUNDLEDNAME {} DSP 0 BRAM 0 URAM 0 STORAGESUBTYPE {} DISPNAME {bind_op setlt} VISIBLE false} {BINDTYPE op ID {} IMPL auto LATENCY 0 OPTYPE setlt PRAGMA {} RTLNAME icmp_ln87_3_fu_1687_p2 SOURCE calorimeter.cpp:87 VARIABLE icmp_ln87_3 LOOP VITIS_LOOP_467_2 BUNDLEDNAME {} DSP 0 BRAM 0 URAM 0 STORAGESUBTYPE {} DISPNAME {bind_op setlt} VISIBLE false} {BINDTYPE op ID {} IMPL auto LATENCY 0 OPTYPE setlt PRAGMA {} RTLNAME icmp_ln91_3_fu_1693_p2 SOURCE calorimeter.cpp:91 VARIABLE icmp_ln91_3 LOOP VITIS_LOOP_467_2 BUNDLEDNAME {} DSP 0 BRAM 0 URAM 0 STORAGESUBTYPE {} DISPNAME {bind_op setlt} VISIBLE false} {BINDTYPE op ID {} IMPL auto LATENCY 0 OPTYPE xor PRAGMA {} RTLNAME xor_ln91_10_fu_1699_p2 SOURCE calorimeter.cpp:91 VARIABLE xor_ln91_10 LOOP VITIS_LOOP_467_2 BUNDLEDNAME {} DSP 0 BRAM 0 URAM 0 STORAGESUBTYPE {} DISPNAME {bind_op xor} VISIBLE false} {BINDTYPE op ID {} IMPL auto LATENCY 0 OPTYPE setlt PRAGMA {} RTLNAME icmp_ln95_3_fu_1705_p2 SOURCE calorimeter.cpp:95 VARIABLE icmp_ln95_3 LOOP VITIS_LOOP_467_2 BUNDLEDNAME {} DSP 0 BRAM 0 URAM 0 STORAGESUBTYPE {} DISPNAME {bind_op setlt} VISIBLE false} {BINDTYPE op ID {} IMPL auto LATENCY 0 OPTYPE and PRAGMA {} RTLNAME and_ln91_3_fu_1711_p2 SOURCE calorimeter.cpp:91 VARIABLE and_ln91_3 LOOP VITIS_LOOP_467_2 BUNDLEDNAME {} DSP 0 BRAM 0 URAM 0 STORAGESUBTYPE {} DISPNAME {bind_op and} VISIBLE false} {BINDTYPE op ID {} IMPL auto LATENCY 0 OPTYPE xor PRAGMA {} RTLNAME xor_ln91_3_fu_1717_p2 SOURCE calorimeter.cpp:91 VARIABLE xor_ln91_3 LOOP VITIS_LOOP_467_2 BUNDLEDNAME {} DSP 0 BRAM 0 URAM 0 STORAGESUBTYPE {} DISPNAME {bind_op xor} VISIBLE false} {BINDTYPE op ID {} IMPL auto LATENCY 0 OPTYPE or PRAGMA {} RTLNAME or_ln91_3_fu_1723_p2 SOURCE calorimeter.cpp:91 VARIABLE or_ln91_3 LOOP VITIS_LOOP_467_2 BUNDLEDNAME {} DSP 0 BRAM 0 URAM 0 STORAGESUBTYPE {} DISPNAME {bind_op or} VISIBLE false} {BINDTYPE op ID {} IMPL auto_sel LATENCY 0 OPTYPE select PRAGMA {} RTLNAME select_ln91_2_fu_1729_p3 SOURCE calorimeter.cpp:91 VARIABLE select_ln91_2 LOOP VITIS_LOOP_467_2 BUNDLEDNAME {} DSP 0 BRAM 0 URAM 0 STORAGESUBTYPE {} DISPNAME {bind_op select} VISIBLE false} {BINDTYPE op ID {} IMPL auto LATENCY 0 OPTYPE setgt PRAGMA {} RTLNAME grp_fu_797_p2 SOURCE calorimeter.cpp:79 VARIABLE icmp_ln79_8 LOOP VITIS_LOOP_467_2 BUNDLEDNAME {} DSP 0 BRAM 0 URAM 0 STORAGESUBTYPE {} DISPNAME {bind_op setgt} VISIBLE false} {BINDTYPE op ID {} IMPL auto LATENCY 0 OPTYPE xor PRAGMA {} RTLNAME xor_ln111_4_fu_1737_p2 SOURCE calorimeter.cpp:111 VARIABLE xor_ln111_4 LOOP VITIS_LOOP_467_2 BUNDLEDNAME {} DSP 0 BRAM 0 URAM 0 STORAGESUBTYPE {} DISPNAME {bind_op xor} VISIBLE false} {BINDTYPE op ID {} IMPL auto LATENCY 0 OPTYPE setgt PRAGMA {} RTLNAME grp_fu_797_p2 SOURCE calorimeter.cpp:79 VARIABLE icmp_ln79_7 LOOP VITIS_LOOP_467_2 BUNDLEDNAME {} DSP 0 BRAM 0 URAM 0 STORAGESUBTYPE {} DISPNAME {bind_op setgt} VISIBLE false} {BINDTYPE op ID {} IMPL auto LATENCY 0 OPTYPE or PRAGMA {} RTLNAME or_ln111_4_fu_1743_p2 SOURCE calorimeter.cpp:111 VARIABLE or_ln111_4 LOOP VITIS_LOOP_467_2 BUNDLEDNAME {} DSP 0 BRAM 0 URAM 0 STORAGESUBTYPE {} DISPNAME {bind_op or} VISIBLE false} {BINDTYPE op ID {} IMPL auto LATENCY 0 OPTYPE setlt PRAGMA {} RTLNAME icmp_ln83_4_fu_1752_p2 SOURCE calorimeter.cpp:83 VARIABLE icmp_ln83_4 LOOP VITIS_LOOP_467_2 BUNDLEDNAME {} DSP 0 BRAM 0 URAM 0 STORAGESUBTYPE {} DISPNAME {bind_op setlt} VISIBLE false} {BINDTYPE op ID {} IMPL auto LATENCY 0 OPTYPE setlt PRAGMA {} RTLNAME icmp_ln87_4_fu_1758_p2 SOURCE calorimeter.cpp:87 VARIABLE icmp_ln87_4 LOOP VITIS_LOOP_467_2 BUNDLEDNAME {} DSP 0 BRAM 0 URAM 0 STORAGESUBTYPE {} DISPNAME {bind_op setlt} VISIBLE false} {BINDTYPE op ID {} IMPL auto LATENCY 0 OPTYPE setlt PRAGMA {} RTLNAME icmp_ln91_4_fu_1764_p2 SOURCE calorimeter.cpp:91 VARIABLE icmp_ln91_4 LOOP VITIS_LOOP_467_2 BUNDLEDNAME {} DSP 0 BRAM 0 URAM 0 STORAGESUBTYPE {} DISPNAME {bind_op setlt} VISIBLE false} {BINDTYPE op ID {} IMPL auto LATENCY 0 OPTYPE xor PRAGMA {} RTLNAME xor_ln91_11_fu_1770_p2 SOURCE calorimeter.cpp:91 VARIABLE xor_ln91_11 LOOP VITIS_LOOP_467_2 BUNDLEDNAME {} DSP 0 BRAM 0 URAM 0 STORAGESUBTYPE {} DISPNAME {bind_op xor} VISIBLE false} {BINDTYPE op ID {} IMPL auto LATENCY 0 OPTYPE setlt PRAGMA {} RTLNAME icmp_ln95_4_fu_1776_p2 SOURCE calorimeter.cpp:95 VARIABLE icmp_ln95_4 LOOP VITIS_LOOP_467_2 BUNDLEDNAME {} DSP 0 BRAM 0 URAM 0 STORAGESUBTYPE {} DISPNAME {bind_op setlt} VISIBLE false} {BINDTYPE op ID {} IMPL auto LATENCY 0 OPTYPE and PRAGMA {} RTLNAME and_ln91_4_fu_1782_p2 SOURCE calorimeter.cpp:91 VARIABLE and_ln91_4 LOOP VITIS_LOOP_467_2 BUNDLEDNAME {} DSP 0 BRAM 0 URAM 0 STORAGESUBTYPE {} DISPNAME {bind_op and} VISIBLE false} {BINDTYPE op ID {} IMPL auto LATENCY 0 OPTYPE xor PRAGMA {} RTLNAME xor_ln91_4_fu_1788_p2 SOURCE calorimeter.cpp:91 VARIABLE xor_ln91_4 LOOP VITIS_LOOP_467_2 BUNDLEDNAME {} DSP 0 BRAM 0 URAM 0 STORAGESUBTYPE {} DISPNAME {bind_op xor} VISIBLE false} {BINDTYPE op ID {} IMPL auto LATENCY 0 OPTYPE or PRAGMA {} RTLNAME or_ln91_4_fu_1794_p2 SOURCE calorimeter.cpp:91 VARIABLE or_ln91_4 LOOP VITIS_LOOP_467_2 BUNDLEDNAME {} DSP 0 BRAM 0 URAM 0 STORAGESUBTYPE {} DISPNAME {bind_op or} VISIBLE false} {BINDTYPE op ID {} IMPL auto_sel LATENCY 0 OPTYPE select PRAGMA {} RTLNAME select_ln91_3_fu_1800_p3 SOURCE calorimeter.cpp:91 VARIABLE select_ln91_3 LOOP VITIS_LOOP_467_2 BUNDLEDNAME {} DSP 0 BRAM 0 URAM 0 STORAGESUBTYPE {} DISPNAME {bind_op select} VISIBLE false} {BINDTYPE op ID {} IMPL auto LATENCY 0 OPTYPE setgt PRAGMA {} RTLNAME grp_fu_814_p2 SOURCE calorimeter.cpp:79 VARIABLE icmp_ln79_10 LOOP VITIS_LOOP_467_2 BUNDLEDNAME {} DSP 0 BRAM 0 URAM 0 STORAGESUBTYPE {} DISPNAME {bind_op setgt} VISIBLE false} {BINDTYPE op ID {} IMPL auto LATENCY 0 OPTYPE xor PRAGMA {} RTLNAME xor_ln111_5_fu_1808_p2 SOURCE calorimeter.cpp:111 VARIABLE xor_ln111_5 LOOP VITIS_LOOP_467_2 BUNDLEDNAME {} DSP 0 BRAM 0 URAM 0 STORAGESUBTYPE {} DISPNAME {bind_op xor} VISIBLE false} {BINDTYPE op ID {} IMPL auto LATENCY 0 OPTYPE setgt PRAGMA {} RTLNAME grp_fu_814_p2 SOURCE calorimeter.cpp:79 VARIABLE icmp_ln79_9 LOOP VITIS_LOOP_467_2 BUNDLEDNAME {} DSP 0 BRAM 0 URAM 0 STORAGESUBTYPE {} DISPNAME {bind_op setgt} VISIBLE false} {BINDTYPE op ID {} IMPL auto LATENCY 0 OPTYPE or PRAGMA {} RTLNAME or_ln111_5_fu_1814_p2 SOURCE calorimeter.cpp:111 VARIABLE or_ln111_5 LOOP VITIS_LOOP_467_2 BUNDLEDNAME {} DSP 0 BRAM 0 URAM 0 STORAGESUBTYPE {} DISPNAME {bind_op or} VISIBLE false} {BINDTYPE op ID {} IMPL auto LATENCY 0 OPTYPE setlt PRAGMA {} RTLNAME icmp_ln83_5_fu_1823_p2 SOURCE calorimeter.cpp:83 VARIABLE icmp_ln83_5 LOOP VITIS_LOOP_467_2 BUNDLEDNAME {} DSP 0 BRAM 0 URAM 0 STORAGESUBTYPE {} DISPNAME {bind_op setlt} VISIBLE false} {BINDTYPE op ID {} IMPL auto LATENCY 0 OPTYPE setlt PRAGMA {} RTLNAME icmp_ln87_5_fu_1829_p2 SOURCE calorimeter.cpp:87 VARIABLE icmp_ln87_5 LOOP VITIS_LOOP_467_2 BUNDLEDNAME {} DSP 0 BRAM 0 URAM 0 STORAGESUBTYPE {} DISPNAME {bind_op setlt} VISIBLE false} {BINDTYPE op ID {} IMPL auto LATENCY 0 OPTYPE setlt PRAGMA {} RTLNAME icmp_ln91_5_fu_1835_p2 SOURCE calorimeter.cpp:91 VARIABLE icmp_ln91_5 LOOP VITIS_LOOP_467_2 BUNDLEDNAME {} DSP 0 BRAM 0 URAM 0 STORAGESUBTYPE {} DISPNAME {bind_op setlt} VISIBLE false} {BINDTYPE op ID {} IMPL auto LATENCY 0 OPTYPE xor PRAGMA {} RTLNAME xor_ln91_12_fu_1841_p2 SOURCE calorimeter.cpp:91 VARIABLE xor_ln91_12 LOOP VITIS_LOOP_467_2 BUNDLEDNAME {} DSP 0 BRAM 0 URAM 0 STORAGESUBTYPE {} DISPNAME {bind_op xor} VISIBLE false} {BINDTYPE op ID {} IMPL auto LATENCY 0 OPTYPE setlt PRAGMA {} RTLNAME icmp_ln95_5_fu_1847_p2 SOURCE calorimeter.cpp:95 VARIABLE icmp_ln95_5 LOOP VITIS_LOOP_467_2 BUNDLEDNAME {} DSP 0 BRAM 0 URAM 0 STORAGESUBTYPE {} DISPNAME {bind_op setlt} VISIBLE false} {BINDTYPE op ID {} IMPL auto LATENCY 0 OPTYPE and PRAGMA {} RTLNAME and_ln91_5_fu_1853_p2 SOURCE calorimeter.cpp:91 VARIABLE and_ln91_5 LOOP VITIS_LOOP_467_2 BUNDLEDNAME {} DSP 0 BRAM 0 URAM 0 STORAGESUBTYPE {} DISPNAME {bind_op and} VISIBLE false} {BINDTYPE op ID {} IMPL auto LATENCY 0 OPTYPE xor PRAGMA {} RTLNAME xor_ln91_5_fu_1859_p2 SOURCE calorimeter.cpp:91 VARIABLE xor_ln91_5 LOOP VITIS_LOOP_467_2 BUNDLEDNAME {} DSP 0 BRAM 0 URAM 0 STORAGESUBTYPE {} DISPNAME {bind_op xor} VISIBLE false} {BINDTYPE op ID {} IMPL auto LATENCY 0 OPTYPE or PRAGMA {} RTLNAME or_ln91_5_fu_1865_p2 SOURCE calorimeter.cpp:91 VARIABLE or_ln91_5 LOOP VITIS_LOOP_467_2 BUNDLEDNAME {} DSP 0 BRAM 0 URAM 0 STORAGESUBTYPE {} DISPNAME {bind_op or} VISIBLE false} {BINDTYPE op ID {} IMPL auto_sel LATENCY 0 OPTYPE select PRAGMA {} RTLNAME select_ln91_4_fu_1871_p3 SOURCE calorimeter.cpp:91 VARIABLE select_ln91_4 LOOP VITIS_LOOP_467_2 BUNDLEDNAME {} DSP 0 BRAM 0 URAM 0 STORAGESUBTYPE {} DISPNAME {bind_op select} VISIBLE false} {BINDTYPE op ID {} IMPL auto LATENCY 0 OPTYPE setgt PRAGMA {} RTLNAME grp_fu_831_p2 SOURCE calorimeter.cpp:79 VARIABLE icmp_ln79_12 LOOP VITIS_LOOP_467_2 BUNDLEDNAME {} DSP 0 BRAM 0 URAM 0 STORAGESUBTYPE {} DISPNAME {bind_op setgt} VISIBLE false} {BINDTYPE op ID {} IMPL auto LATENCY 0 OPTYPE xor PRAGMA {} RTLNAME xor_ln111_6_fu_1879_p2 SOURCE calorimeter.cpp:111 VARIABLE xor_ln111_6 LOOP VITIS_LOOP_467_2 BUNDLEDNAME {} DSP 0 BRAM 0 URAM 0 STORAGESUBTYPE {} DISPNAME {bind_op xor} VISIBLE false} {BINDTYPE op ID {} IMPL auto LATENCY 0 OPTYPE setgt PRAGMA {} RTLNAME grp_fu_831_p2 SOURCE calorimeter.cpp:79 VARIABLE icmp_ln79_11 LOOP VITIS_LOOP_467_2 BUNDLEDNAME {} DSP 0 BRAM 0 URAM 0 STORAGESUBTYPE {} DISPNAME {bind_op setgt} VISIBLE false} {BINDTYPE op ID {} IMPL auto LATENCY 0 OPTYPE or PRAGMA {} RTLNAME or_ln111_6_fu_1885_p2 SOURCE calorimeter.cpp:111 VARIABLE or_ln111_6 LOOP VITIS_LOOP_467_2 BUNDLEDNAME {} DSP 0 BRAM 0 URAM 0 STORAGESUBTYPE {} DISPNAME {bind_op or} VISIBLE false} {BINDTYPE op ID {} IMPL auto LATENCY 0 OPTYPE setlt PRAGMA {} RTLNAME icmp_ln83_6_fu_1894_p2 SOURCE calorimeter.cpp:83 VARIABLE icmp_ln83_6 LOOP VITIS_LOOP_467_2 BUNDLEDNAME {} DSP 0 BRAM 0 URAM 0 STORAGESUBTYPE {} DISPNAME {bind_op setlt} VISIBLE false} {BINDTYPE op ID {} IMPL auto LATENCY 0 OPTYPE setlt PRAGMA {} RTLNAME icmp_ln87_6_fu_1900_p2 SOURCE calorimeter.cpp:87 VARIABLE icmp_ln87_6 LOOP VITIS_LOOP_467_2 BUNDLEDNAME {} DSP 0 BRAM 0 URAM 0 STORAGESUBTYPE {} DISPNAME {bind_op setlt} VISIBLE false} {BINDTYPE op ID {} IMPL auto LATENCY 0 OPTYPE setlt PRAGMA {} RTLNAME icmp_ln91_6_fu_1906_p2 SOURCE calorimeter.cpp:91 VARIABLE icmp_ln91_6 LOOP VITIS_LOOP_467_2 BUNDLEDNAME {} DSP 0 BRAM 0 URAM 0 STORAGESUBTYPE {} DISPNAME {bind_op setlt} VISIBLE false} {BINDTYPE op ID {} IMPL auto LATENCY 0 OPTYPE xor PRAGMA {} RTLNAME xor_ln91_13_fu_1912_p2 SOURCE calorimeter.cpp:91 VARIABLE xor_ln91_13 LOOP VITIS_LOOP_467_2 BUNDLEDNAME {} DSP 0 BRAM 0 URAM 0 STORAGESUBTYPE {} DISPNAME {bind_op xor} VISIBLE false} {BINDTYPE op ID {} IMPL auto LATENCY 0 OPTYPE setlt PRAGMA {} RTLNAME icmp_ln95_6_fu_1918_p2 SOURCE calorimeter.cpp:95 VARIABLE icmp_ln95_6 LOOP VITIS_LOOP_467_2 BUNDLEDNAME {} DSP 0 BRAM 0 URAM 0 STORAGESUBTYPE {} DISPNAME {bind_op setlt} VISIBLE false} {BINDTYPE op ID {} IMPL auto LATENCY 0 OPTYPE and PRAGMA {} RTLNAME and_ln91_6_fu_1924_p2 SOURCE calorimeter.cpp:91 VARIABLE and_ln91_6 LOOP VITIS_LOOP_467_2 BUNDLEDNAME {} DSP 0 BRAM 0 URAM 0 STORAGESUBTYPE {} DISPNAME {bind_op and} VISIBLE false} {BINDTYPE op ID {} IMPL auto LATENCY 0 OPTYPE xor PRAGMA {} RTLNAME xor_ln111_7_fu_1936_p2 SOURCE calorimeter.cpp:111 VARIABLE xor_ln111_7 LOOP VITIS_LOOP_467_2 BUNDLEDNAME {} DSP 0 BRAM 0 URAM 0 STORAGESUBTYPE {} DISPNAME {bind_op xor} VISIBLE false} {BINDTYPE op ID {} IMPL auto LATENCY 0 OPTYPE setgt PRAGMA {} RTLNAME icmp_ln79_13_fu_1942_p2 SOURCE calorimeter.cpp:79 VARIABLE icmp_ln79_13 LOOP VITIS_LOOP_467_2 BUNDLEDNAME {} DSP 0 BRAM 0 URAM 0 STORAGESUBTYPE {} DISPNAME {bind_op setgt} VISIBLE false} {BINDTYPE op ID {} IMPL auto LATENCY 0 OPTYPE or PRAGMA {} RTLNAME or_ln111_7_fu_1948_p2 SOURCE calorimeter.cpp:111 VARIABLE or_ln111_7 LOOP VITIS_LOOP_467_2 BUNDLEDNAME {} DSP 0 BRAM 0 URAM 0 STORAGESUBTYPE {} DISPNAME {bind_op or} VISIBLE false} {BINDTYPE op ID {} IMPL auto LATENCY 0 OPTYPE setlt PRAGMA {} RTLNAME icmp_ln83_7_fu_1954_p2 SOURCE calorimeter.cpp:83 VARIABLE icmp_ln83_7 LOOP VITIS_LOOP_467_2 BUNDLEDNAME {} DSP 0 BRAM 0 URAM 0 STORAGESUBTYPE {} DISPNAME {bind_op setlt} VISIBLE false} {BINDTYPE op ID {} IMPL auto LATENCY 0 OPTYPE setlt PRAGMA {} RTLNAME icmp_ln87_7_fu_1963_p2 SOURCE calorimeter.cpp:87 VARIABLE icmp_ln87_7 LOOP VITIS_LOOP_467_2 BUNDLEDNAME {} DSP 0 BRAM 0 URAM 0 STORAGESUBTYPE {} DISPNAME {bind_op setlt} VISIBLE false} {BINDTYPE op ID {} IMPL auto LATENCY 0 OPTYPE setlt PRAGMA {} RTLNAME icmp_ln91_7_fu_1972_p2 SOURCE calorimeter.cpp:91 VARIABLE icmp_ln91_7 LOOP VITIS_LOOP_467_2 BUNDLEDNAME {} DSP 0 BRAM 0 URAM 0 STORAGESUBTYPE {} DISPNAME {bind_op setlt} VISIBLE false} {BINDTYPE op ID {} IMPL auto LATENCY 0 OPTYPE xor PRAGMA {} RTLNAME xor_ln91_14_fu_1978_p2 SOURCE calorimeter.cpp:91 VARIABLE xor_ln91_14 LOOP VITIS_LOOP_467_2 BUNDLEDNAME {} DSP 0 BRAM 0 URAM 0 STORAGESUBTYPE {} DISPNAME {bind_op xor} VISIBLE false} {BINDTYPE op ID {} IMPL auto LATENCY 0 OPTYPE setlt PRAGMA {} RTLNAME icmp_ln95_7_fu_1984_p2 SOURCE calorimeter.cpp:95 VARIABLE icmp_ln95_7 LOOP VITIS_LOOP_467_2 BUNDLEDNAME {} DSP 0 BRAM 0 URAM 0 STORAGESUBTYPE {} DISPNAME {bind_op setlt} VISIBLE false} {BINDTYPE op ID {} IMPL auto LATENCY 0 OPTYPE and PRAGMA {} RTLNAME and_ln91_7_fu_1990_p2 SOURCE calorimeter.cpp:91 VARIABLE and_ln91_7 LOOP VITIS_LOOP_467_2 BUNDLEDNAME {} DSP 0 BRAM 0 URAM 0 STORAGESUBTYPE {} DISPNAME {bind_op and} VISIBLE false} {BINDTYPE op ID {} IMPL auto LATENCY 0 OPTYPE setgt PRAGMA {} RTLNAME icmp_ln113_fu_2491_p2 SOURCE calorimeter.cpp:113 VARIABLE icmp_ln113 LOOP VITIS_LOOP_113_1 BUNDLEDNAME {} DSP 0 BRAM 0 URAM 0 STORAGESUBTYPE {} DISPNAME {bind_op setgt} VISIBLE false} {BINDTYPE op ID {} IMPL fabric LATENCY 0 OPTYPE add PRAGMA {} RTLNAME add_ln114_fu_2539_p2 SOURCE calorimeter.cpp:114 VARIABLE add_ln114 LOOP VITIS_LOOP_113_1 BUNDLEDNAME {} DSP 0 BRAM 0 URAM 0 STORAGESUBTYPE {} DISPNAME {bind_op add} VISIBLE true} {BINDTYPE op ID {} IMPL auto LATENCY 0 OPTYPE sparsemux PRAGMA {} RTLNAME sparsemux_15_3_20_1_1_U19 SOURCE calorimeter.cpp:114 VARIABLE tmp_6 LOOP VITIS_LOOP_113_1 BUNDLEDNAME {} DSP 0 BRAM 0 URAM 0 STORAGESUBTYPE {} DISPNAME {bind_op sparsemux} VISIBLE false} {BINDTYPE op ID {} IMPL auto LATENCY 0 OPTYPE sparsemux PRAGMA {} RTLNAME sparsemux_15_3_20_1_1_U20 SOURCE calorimeter.cpp:114 VARIABLE tmp_7 LOOP VITIS_LOOP_113_1 BUNDLEDNAME {} DSP 0 BRAM 0 URAM 0 STORAGESUBTYPE {} DISPNAME {bind_op sparsemux} VISIBLE false} {BINDTYPE op ID {} IMPL auto LATENCY 0 OPTYPE sparsemux PRAGMA {} RTLNAME sparsemux_15_3_6_1_1_U21 SOURCE calorimeter.cpp:114 VARIABLE tmp_8 LOOP VITIS_LOOP_113_1 BUNDLEDNAME {} DSP 0 BRAM 0 URAM 0 STORAGESUBTYPE {} DISPNAME {bind_op sparsemux} VISIBLE false} {BINDTYPE op ID {} IMPL auto LATENCY 0 OPTYPE sparsemux PRAGMA {} RTLNAME sparsemux_15_3_6_1_1_U22 SOURCE calorimeter.cpp:114 VARIABLE tmp_9 LOOP VITIS_LOOP_113_1 BUNDLEDNAME {} DSP 0 BRAM 0 URAM 0 STORAGESUBTYPE {} DISPNAME {bind_op sparsemux} VISIBLE false} {BINDTYPE op ID {} IMPL auto LATENCY 0 OPTYPE sparsemux PRAGMA {} RTLNAME sparsemux_15_3_4_1_1_U23 SOURCE calorimeter.cpp:114 VARIABLE tmp_s LOOP VITIS_LOOP_113_1 BUNDLEDNAME {} DSP 0 BRAM 0 URAM 0 STORAGESUBTYPE {} DISPNAME {bind_op sparsemux} VISIBLE false} {BINDTYPE op ID {} IMPL auto LATENCY 0 OPTYPE sparsemux PRAGMA {} RTLNAME sparsemux_15_3_1_1_1_U24 SOURCE calorimeter.cpp:114 VARIABLE tmp_1 LOOP VITIS_LOOP_113_1 BUNDLEDNAME {} DSP 0 BRAM 0 URAM 0 STORAGESUBTYPE {} DISPNAME {bind_op sparsemux} VISIBLE false}} AREA {DSP 0 BRAM 0 URAM 0}} build_trigger_objects {BINDINFO {{BINDTYPE op ID {} IMPL auto LATENCY 0 OPTYPE seteq PRAGMA {} RTLNAME icmp_ln196_fu_480_p2 SOURCE calorimeter.cpp:196 VARIABLE icmp_ln196 LOOP {} BUNDLEDNAME {} DSP 0 BRAM 0 URAM 0 STORAGESUBTYPE {} DISPNAME {bind_op seteq} VISIBLE false} {BINDTYPE op ID {} IMPL auto_sel LATENCY 0 OPTYPE select PRAGMA {} RTLNAME select_ln196_fu_486_p3 SOURCE calorimeter.cpp:196 VARIABLE select_ln196 LOOP {} BUNDLEDNAME {} DSP 0 BRAM 0 URAM 0 STORAGESUBTYPE {} DISPNAME {bind_op select} VISIBLE false} {BINDTYPE op ID {} IMPL auto_sel LATENCY 0 OPTYPE select PRAGMA {} RTLNAME em_objects_0_new_0_fu_522_p3 SOURCE calorimeter.cpp:196 VARIABLE em_objects_0_new_0 LOOP {} BUNDLEDNAME {} DSP 0 BRAM 0 URAM 0 STORAGESUBTYPE {} DISPNAME {bind_op select} VISIBLE false} {BINDTYPE op ID {} IMPL auto LATENCY 0 OPTYPE seteq PRAGMA {} RTLNAME icmp_ln196_8_fu_531_p2 SOURCE calorimeter.cpp:196 VARIABLE icmp_ln196_8 LOOP {} BUNDLEDNAME {} DSP 0 BRAM 0 URAM 0 STORAGESUBTYPE {} DISPNAME {bind_op seteq} VISIBLE false} {BINDTYPE op ID {} IMPL auto_sel LATENCY 0 OPTYPE select PRAGMA {} RTLNAME select_ln196_8_fu_537_p3 SOURCE calorimeter.cpp:196 VARIABLE select_ln196_8 LOOP {} BUNDLEDNAME {} DSP 0 BRAM 0 URAM 0 STORAGESUBTYPE {} DISPNAME {bind_op select} VISIBLE false} {BINDTYPE op ID {} IMPL auto_sel LATENCY 0 OPTYPE select PRAGMA {} RTLNAME em_objects_1_new_0_fu_573_p3 SOURCE calorimeter.cpp:196 VARIABLE em_objects_1_new_0 LOOP {} BUNDLEDNAME {} DSP 0 BRAM 0 URAM 0 STORAGESUBTYPE {} DISPNAME {bind_op select} VISIBLE false} {BINDTYPE op ID {} IMPL auto LATENCY 0 OPTYPE seteq PRAGMA {} RTLNAME icmp_ln196_9_fu_582_p2 SOURCE calorimeter.cpp:196 VARIABLE icmp_ln196_9 LOOP {} BUNDLEDNAME {} DSP 0 BRAM 0 URAM 0 STORAGESUBTYPE {} DISPNAME {bind_op seteq} VISIBLE false} {BINDTYPE op ID {} IMPL auto_sel LATENCY 0 OPTYPE select PRAGMA {} RTLNAME select_ln196_9_fu_588_p3 SOURCE calorimeter.cpp:196 VARIABLE select_ln196_9 LOOP {} BUNDLEDNAME {} DSP 0 BRAM 0 URAM 0 STORAGESUBTYPE {} DISPNAME {bind_op select} VISIBLE false} {BINDTYPE op ID {} IMPL auto_sel LATENCY 0 OPTYPE select PRAGMA {} RTLNAME em_objects_2_new_0_fu_624_p3 SOURCE calorimeter.cpp:196 VARIABLE em_objects_2_new_0 LOOP {} BUNDLEDNAME {} DSP 0 BRAM 0 URAM 0 STORAGESUBTYPE {} DISPNAME {bind_op select} VISIBLE false} {BINDTYPE op ID {} IMPL auto LATENCY 0 OPTYPE seteq PRAGMA {} RTLNAME icmp_ln196_10_fu_633_p2 SOURCE calorimeter.cpp:196 VARIABLE icmp_ln196_10 LOOP {} BUNDLEDNAME {} DSP 0 BRAM 0 URAM 0 STORAGESUBTYPE {} DISPNAME {bind_op seteq} VISIBLE false} {BINDTYPE op ID {} IMPL auto_sel LATENCY 0 OPTYPE select PRAGMA {} RTLNAME select_ln196_10_fu_639_p3 SOURCE calorimeter.cpp:196 VARIABLE select_ln196_10 LOOP {} BUNDLEDNAME {} DSP 0 BRAM 0 URAM 0 STORAGESUBTYPE {} DISPNAME {bind_op select} VISIBLE false} {BINDTYPE op ID {} IMPL auto_sel LATENCY 0 OPTYPE select PRAGMA {} RTLNAME em_objects_3_new_0_fu_675_p3 SOURCE calorimeter.cpp:196 VARIABLE em_objects_3_new_0 LOOP {} BUNDLEDNAME {} DSP 0 BRAM 0 URAM 0 STORAGESUBTYPE {} DISPNAME {bind_op select} VISIBLE false} {BINDTYPE op ID {} IMPL auto LATENCY 0 OPTYPE seteq PRAGMA {} RTLNAME icmp_ln196_11_fu_684_p2 SOURCE calorimeter.cpp:196 VARIABLE icmp_ln196_11 LOOP {} BUNDLEDNAME {} DSP 0 BRAM 0 URAM 0 STORAGESUBTYPE {} DISPNAME {bind_op seteq} VISIBLE false} {BINDTYPE op ID {} IMPL auto_sel LATENCY 0 OPTYPE select PRAGMA {} RTLNAME select_ln196_11_fu_690_p3 SOURCE calorimeter.cpp:196 VARIABLE select_ln196_11 LOOP {} BUNDLEDNAME {} DSP 0 BRAM 0 URAM 0 STORAGESUBTYPE {} DISPNAME {bind_op select} VISIBLE false} {BINDTYPE op ID {} IMPL auto_sel LATENCY 0 OPTYPE select PRAGMA {} RTLNAME em_objects_4_new_0_fu_726_p3 SOURCE calorimeter.cpp:196 VARIABLE em_objects_4_new_0 LOOP {} BUNDLEDNAME {} DSP 0 BRAM 0 URAM 0 STORAGESUBTYPE {} DISPNAME {bind_op select} VISIBLE false} {BINDTYPE op ID {} IMPL auto LATENCY 0 OPTYPE seteq PRAGMA {} RTLNAME icmp_ln196_12_fu_735_p2 SOURCE calorimeter.cpp:196 VARIABLE icmp_ln196_12 LOOP {} BUNDLEDNAME {} DSP 0 BRAM 0 URAM 0 STORAGESUBTYPE {} DISPNAME {bind_op seteq} VISIBLE false} {BINDTYPE op ID {} IMPL auto_sel LATENCY 0 OPTYPE select PRAGMA {} RTLNAME select_ln196_12_fu_741_p3 SOURCE calorimeter.cpp:196 VARIABLE select_ln196_12 LOOP {} BUNDLEDNAME {} DSP 0 BRAM 0 URAM 0 STORAGESUBTYPE {} DISPNAME {bind_op select} VISIBLE false} {BINDTYPE op ID {} IMPL auto_sel LATENCY 0 OPTYPE select PRAGMA {} RTLNAME em_objects_5_new_0_fu_777_p3 SOURCE calorimeter.cpp:196 VARIABLE em_objects_5_new_0 LOOP {} BUNDLEDNAME {} DSP 0 BRAM 0 URAM 0 STORAGESUBTYPE {} DISPNAME {bind_op select} VISIBLE false} {BINDTYPE op ID {} IMPL auto LATENCY 0 OPTYPE seteq PRAGMA {} RTLNAME icmp_ln196_13_fu_786_p2 SOURCE calorimeter.cpp:196 VARIABLE icmp_ln196_13 LOOP {} BUNDLEDNAME {} DSP 0 BRAM 0 URAM 0 STORAGESUBTYPE {} DISPNAME {bind_op seteq} VISIBLE false} {BINDTYPE op ID {} IMPL auto_sel LATENCY 0 OPTYPE select PRAGMA {} RTLNAME select_ln196_13_fu_792_p3 SOURCE calorimeter.cpp:196 VARIABLE select_ln196_13 LOOP {} BUNDLEDNAME {} DSP 0 BRAM 0 URAM 0 STORAGESUBTYPE {} DISPNAME {bind_op select} VISIBLE false} {BINDTYPE op ID {} IMPL auto_sel LATENCY 0 OPTYPE select PRAGMA {} RTLNAME em_objects_6_new_0_fu_828_p3 SOURCE calorimeter.cpp:196 VARIABLE em_objects_6_new_0 LOOP {} BUNDLEDNAME {} DSP 0 BRAM 0 URAM 0 STORAGESUBTYPE {} DISPNAME {bind_op select} VISIBLE false} {BINDTYPE op ID {} IMPL auto LATENCY 0 OPTYPE seteq PRAGMA {} RTLNAME icmp_ln196_14_fu_837_p2 SOURCE calorimeter.cpp:196 VARIABLE icmp_ln196_14 LOOP {} BUNDLEDNAME {} DSP 0 BRAM 0 URAM 0 STORAGESUBTYPE {} DISPNAME {bind_op seteq} VISIBLE false} {BINDTYPE op ID {} IMPL auto_sel LATENCY 0 OPTYPE select PRAGMA {} RTLNAME select_ln196_14_fu_843_p3 SOURCE calorimeter.cpp:196 VARIABLE select_ln196_14 LOOP {} BUNDLEDNAME {} DSP 0 BRAM 0 URAM 0 STORAGESUBTYPE {} DISPNAME {bind_op select} VISIBLE false} {BINDTYPE op ID {} IMPL auto_sel LATENCY 0 OPTYPE select PRAGMA {} RTLNAME em_objects_7_new_0_fu_879_p3 SOURCE calorimeter.cpp:196 VARIABLE em_objects_7_new_0 LOOP {} BUNDLEDNAME {} DSP 0 BRAM 0 URAM 0 STORAGESUBTYPE {} DISPNAME {bind_op select} VISIBLE false}} AREA {DSP 0 BRAM 0 URAM 0}} build_trigger_objects_2 {BINDINFO {{BINDTYPE op ID {} IMPL auto LATENCY 0 OPTYPE seteq PRAGMA {} RTLNAME icmp_ln196_fu_480_p2 SOURCE calorimeter.cpp:196 VARIABLE icmp_ln196 LOOP {} BUNDLEDNAME {} DSP 0 BRAM 0 URAM 0 STORAGESUBTYPE {} DISPNAME {bind_op seteq} VISIBLE false} {BINDTYPE op ID {} IMPL auto_sel LATENCY 0 OPTYPE select PRAGMA {} RTLNAME select_ln196_fu_486_p3 SOURCE calorimeter.cpp:196 VARIABLE select_ln196 LOOP {} BUNDLEDNAME {} DSP 0 BRAM 0 URAM 0 STORAGESUBTYPE {} DISPNAME {bind_op select} VISIBLE false} {BINDTYPE op ID {} IMPL auto_sel LATENCY 0 OPTYPE select PRAGMA {} RTLNAME jet_objects_0_new_0_fu_522_p3 SOURCE calorimeter.cpp:196 VARIABLE jet_objects_0_new_0 LOOP {} BUNDLEDNAME {} DSP 0 BRAM 0 URAM 0 STORAGESUBTYPE {} DISPNAME {bind_op select} VISIBLE false} {BINDTYPE op ID {} IMPL auto LATENCY 0 OPTYPE seteq PRAGMA {} RTLNAME icmp_ln196_1_fu_531_p2 SOURCE calorimeter.cpp:196 VARIABLE icmp_ln196_1 LOOP {} BUNDLEDNAME {} DSP 0 BRAM 0 URAM 0 STORAGESUBTYPE {} DISPNAME {bind_op seteq} VISIBLE false} {BINDTYPE op ID {} IMPL auto_sel LATENCY 0 OPTYPE select PRAGMA {} RTLNAME select_ln196_1_fu_537_p3 SOURCE calorimeter.cpp:196 VARIABLE select_ln196_1 LOOP {} BUNDLEDNAME {} DSP 0 BRAM 0 URAM 0 STORAGESUBTYPE {} DISPNAME {bind_op select} VISIBLE false} {BINDTYPE op ID {} IMPL auto_sel LATENCY 0 OPTYPE select PRAGMA {} RTLNAME jet_objects_1_new_0_fu_573_p3 SOURCE calorimeter.cpp:196 VARIABLE jet_objects_1_new_0 LOOP {} BUNDLEDNAME {} DSP 0 BRAM 0 URAM 0 STORAGESUBTYPE {} DISPNAME {bind_op select} VISIBLE false} {BINDTYPE op ID {} IMPL auto LATENCY 0 OPTYPE seteq PRAGMA {} RTLNAME icmp_ln196_2_fu_582_p2 SOURCE calorimeter.cpp:196 VARIABLE icmp_ln196_2 LOOP {} BUNDLEDNAME {} DSP 0 BRAM 0 URAM 0 STORAGESUBTYPE {} DISPNAME {bind_op seteq} VISIBLE false} {BINDTYPE op ID {} IMPL auto_sel LATENCY 0 OPTYPE select PRAGMA {} RTLNAME select_ln196_2_fu_588_p3 SOURCE calorimeter.cpp:196 VARIABLE select_ln196_2 LOOP {} BUNDLEDNAME {} DSP 0 BRAM 0 URAM 0 STORAGESUBTYPE {} DISPNAME {bind_op select} VISIBLE false} {BINDTYPE op ID {} IMPL auto_sel LATENCY 0 OPTYPE select PRAGMA {} RTLNAME jet_objects_2_new_0_fu_624_p3 SOURCE calorimeter.cpp:196 VARIABLE jet_objects_2_new_0 LOOP {} BUNDLEDNAME {} DSP 0 BRAM 0 URAM 0 STORAGESUBTYPE {} DISPNAME {bind_op select} VISIBLE false} {BINDTYPE op ID {} IMPL auto LATENCY 0 OPTYPE seteq PRAGMA {} RTLNAME icmp_ln196_3_fu_633_p2 SOURCE calorimeter.cpp:196 VARIABLE icmp_ln196_3 LOOP {} BUNDLEDNAME {} DSP 0 BRAM 0 URAM 0 STORAGESUBTYPE {} DISPNAME {bind_op seteq} VISIBLE false} {BINDTYPE op ID {} IMPL auto_sel LATENCY 0 OPTYPE select PRAGMA {} RTLNAME select_ln196_3_fu_639_p3 SOURCE calorimeter.cpp:196 VARIABLE select_ln196_3 LOOP {} BUNDLEDNAME {} DSP 0 BRAM 0 URAM 0 STORAGESUBTYPE {} DISPNAME {bind_op select} VISIBLE false} {BINDTYPE op ID {} IMPL auto_sel LATENCY 0 OPTYPE select PRAGMA {} RTLNAME jet_objects_3_new_0_fu_675_p3 SOURCE calorimeter.cpp:196 VARIABLE jet_objects_3_new_0 LOOP {} BUNDLEDNAME {} DSP 0 BRAM 0 URAM 0 STORAGESUBTYPE {} DISPNAME {bind_op select} VISIBLE false} {BINDTYPE op ID {} IMPL auto LATENCY 0 OPTYPE seteq PRAGMA {} RTLNAME icmp_ln196_4_fu_684_p2 SOURCE calorimeter.cpp:196 VARIABLE icmp_ln196_4 LOOP {} BUNDLEDNAME {} DSP 0 BRAM 0 URAM 0 STORAGESUBTYPE {} DISPNAME {bind_op seteq} VISIBLE false} {BINDTYPE op ID {} IMPL auto_sel LATENCY 0 OPTYPE select PRAGMA {} RTLNAME select_ln196_4_fu_690_p3 SOURCE calorimeter.cpp:196 VARIABLE select_ln196_4 LOOP {} BUNDLEDNAME {} DSP 0 BRAM 0 URAM 0 STORAGESUBTYPE {} DISPNAME {bind_op select} VISIBLE false} {BINDTYPE op ID {} IMPL auto_sel LATENCY 0 OPTYPE select PRAGMA {} RTLNAME jet_objects_4_new_0_fu_726_p3 SOURCE calorimeter.cpp:196 VARIABLE jet_objects_4_new_0 LOOP {} BUNDLEDNAME {} DSP 0 BRAM 0 URAM 0 STORAGESUBTYPE {} DISPNAME {bind_op select} VISIBLE false} {BINDTYPE op ID {} IMPL auto LATENCY 0 OPTYPE seteq PRAGMA {} RTLNAME icmp_ln196_5_fu_735_p2 SOURCE calorimeter.cpp:196 VARIABLE icmp_ln196_5 LOOP {} BUNDLEDNAME {} DSP 0 BRAM 0 URAM 0 STORAGESUBTYPE {} DISPNAME {bind_op seteq} VISIBLE false} {BINDTYPE op ID {} IMPL auto_sel LATENCY 0 OPTYPE select PRAGMA {} RTLNAME select_ln196_5_fu_741_p3 SOURCE calorimeter.cpp:196 VARIABLE select_ln196_5 LOOP {} BUNDLEDNAME {} DSP 0 BRAM 0 URAM 0 STORAGESUBTYPE {} DISPNAME {bind_op select} VISIBLE false} {BINDTYPE op ID {} IMPL auto_sel LATENCY 0 OPTYPE select PRAGMA {} RTLNAME jet_objects_5_new_0_fu_777_p3 SOURCE calorimeter.cpp:196 VARIABLE jet_objects_5_new_0 LOOP {} BUNDLEDNAME {} DSP 0 BRAM 0 URAM 0 STORAGESUBTYPE {} DISPNAME {bind_op select} VISIBLE false} {BINDTYPE op ID {} IMPL auto LATENCY 0 OPTYPE seteq PRAGMA {} RTLNAME icmp_ln196_6_fu_786_p2 SOURCE calorimeter.cpp:196 VARIABLE icmp_ln196_6 LOOP {} BUNDLEDNAME {} DSP 0 BRAM 0 URAM 0 STORAGESUBTYPE {} DISPNAME {bind_op seteq} VISIBLE false} {BINDTYPE op ID {} IMPL auto_sel LATENCY 0 OPTYPE select PRAGMA {} RTLNAME select_ln196_6_fu_792_p3 SOURCE calorimeter.cpp:196 VARIABLE select_ln196_6 LOOP {} BUNDLEDNAME {} DSP 0 BRAM 0 URAM 0 STORAGESUBTYPE {} DISPNAME {bind_op select} VISIBLE false} {BINDTYPE op ID {} IMPL auto_sel LATENCY 0 OPTYPE select PRAGMA {} RTLNAME jet_objects_6_new_0_fu_828_p3 SOURCE calorimeter.cpp:196 VARIABLE jet_objects_6_new_0 LOOP {} BUNDLEDNAME {} DSP 0 BRAM 0 URAM 0 STORAGESUBTYPE {} DISPNAME {bind_op select} VISIBLE false} {BINDTYPE op ID {} IMPL auto LATENCY 0 OPTYPE seteq PRAGMA {} RTLNAME icmp_ln196_7_fu_837_p2 SOURCE calorimeter.cpp:196 VARIABLE icmp_ln196_7 LOOP {} BUNDLEDNAME {} DSP 0 BRAM 0 URAM 0 STORAGESUBTYPE {} DISPNAME {bind_op seteq} VISIBLE false} {BINDTYPE op ID {} IMPL auto_sel LATENCY 0 OPTYPE select PRAGMA {} RTLNAME select_ln196_7_fu_843_p3 SOURCE calorimeter.cpp:196 VARIABLE select_ln196_7 LOOP {} BUNDLEDNAME {} DSP 0 BRAM 0 URAM 0 STORAGESUBTYPE {} DISPNAME {bind_op select} VISIBLE false} {BINDTYPE op ID {} IMPL auto_sel LATENCY 0 OPTYPE select PRAGMA {} RTLNAME jet_objects_7_new_0_fu_879_p3 SOURCE calorimeter.cpp:196 VARIABLE jet_objects_7_new_0 LOOP {} BUNDLEDNAME {} DSP 0 BRAM 0 URAM 0 STORAGESUBTYPE {} DISPNAME {bind_op select} VISIBLE false}} AREA {DSP 0 BRAM 0 URAM 0}} cluster_sort_build_em_jet_stream {BINDINFO {{BINDTYPE storage ID {} IMPL memory LATENCY 0 OPTYPE fifo PRAGMA {} RTLNAME em_cluster_stream_U SOURCE :0 VARIABLE em_cluster_stream LOOP {} BUNDLEDNAME {} DSP 0 BRAM 0 URAM 0 STORAGESUBTYPE stream STORAGESIZE {61 64 1} STORAGEUSAGE {fifo channel} DISPNAME {bind_storage fifo} VISIBLE true} {BINDTYPE storage ID {} IMPL memory LATENCY 0 OPTYPE fifo PRAGMA {} RTLNAME jet_cluster_stream_U SOURCE :0 VARIABLE jet_cluster_stream LOOP {} BUNDLEDNAME {} DSP 0 BRAM 0 URAM 0 STORAGESUBTYPE stream STORAGESIZE {61 64 1} STORAGEUSAGE {fifo channel} DISPNAME {bind_storage fifo} VISIBLE true} {BINDTYPE storage ID {} IMPL srl LATENCY 0 OPTYPE fifo PRAGMA {} RTLNAME em_top_clusters_et_U SOURCE calorimeter.cpp:475 VARIABLE em_top_clusters_et LOOP {} BUNDLEDNAME {} DSP 0 BRAM 0 URAM 0 STORAGESUBTYPE {task level} STORAGESIZE {20 2 1} STORAGEUSAGE {fifo channel} DISPNAME {bind_storage fifo} VISIBLE true} {BINDTYPE storage ID {} IMPL srl LATENCY 0 OPTYPE fifo PRAGMA {} RTLNAME em_top_clusters_et_1_U SOURCE calorimeter.cpp:475 VARIABLE em_top_clusters_et_1 LOOP {} BUNDLEDNAME {} DSP 0 BRAM 0 URAM 0 STORAGESUBTYPE {task level} STORAGESIZE {20 2 1} STORAGEUSAGE {fifo channel} DISPNAME {bind_storage fifo} VISIBLE true} {BINDTYPE storage ID {} IMPL srl LATENCY 0 OPTYPE fifo PRAGMA {} RTLNAME em_top_clusters_et_2_U SOURCE calorimeter.cpp:475 VARIABLE em_top_clusters_et_2 LOOP {} BUNDLEDNAME {} DSP 0 BRAM 0 URAM 0 STORAGESUBTYPE {task level} STORAGESIZE {20 2 1} STORAGEUSAGE {fifo channel} DISPNAME {bind_storage fifo} VISIBLE true} {BINDTYPE storage ID {} IMPL srl LATENCY 0 OPTYPE fifo PRAGMA {} RTLNAME em_top_clusters_et_3_U SOURCE calorimeter.cpp:475 VARIABLE em_top_clusters_et_3 LOOP {} BUNDLEDNAME {} DSP 0 BRAM 0 URAM 0 STORAGESUBTYPE {task level} STORAGESIZE {20 2 1} STORAGEUSAGE {fifo channel} DISPNAME {bind_storage fifo} VISIBLE true} {BINDTYPE storage ID {} IMPL srl LATENCY 0 OPTYPE fifo PRAGMA {} RTLNAME em_top_clusters_et_4_U SOURCE calorimeter.cpp:475 VARIABLE em_top_clusters_et_4 LOOP {} BUNDLEDNAME {} DSP 0 BRAM 0 URAM 0 STORAGESUBTYPE {task level} STORAGESIZE {20 2 1} STORAGEUSAGE {fifo channel} DISPNAME {bind_storage fifo} VISIBLE true} {BINDTYPE storage ID {} IMPL srl LATENCY 0 OPTYPE fifo PRAGMA {} RTLNAME em_top_clusters_et_5_U SOURCE calorimeter.cpp:475 VARIABLE em_top_clusters_et_5 LOOP {} BUNDLEDNAME {} DSP 0 BRAM 0 URAM 0 STORAGESUBTYPE {task level} STORAGESIZE {20 2 1} STORAGEUSAGE {fifo channel} DISPNAME {bind_storage fifo} VISIBLE true} {BINDTYPE storage ID {} IMPL srl LATENCY 0 OPTYPE fifo PRAGMA {} RTLNAME em_top_clusters_et_6_U SOURCE calorimeter.cpp:475 VARIABLE em_top_clusters_et_6 LOOP {} BUNDLEDNAME {} DSP 0 BRAM 0 URAM 0 STORAGESUBTYPE {task level} STORAGESIZE {20 2 1} STORAGEUSAGE {fifo channel} DISPNAME {bind_storage fifo} VISIBLE true} {BINDTYPE storage ID {} IMPL srl LATENCY 0 OPTYPE fifo PRAGMA {} RTLNAME em_top_clusters_et_7_U SOURCE calorimeter.cpp:475 VARIABLE em_top_clusters_et_7 LOOP {} BUNDLEDNAME {} DSP 0 BRAM 0 URAM 0 STORAGESUBTYPE {task level} STORAGESIZE {20 2 1} STORAGEUSAGE {fifo channel} DISPNAME {bind_storage fifo} VISIBLE true} {BINDTYPE storage ID {} IMPL srl LATENCY 0 OPTYPE fifo PRAGMA {} RTLNAME em_top_clusters_isolation_et_U SOURCE calorimeter.cpp:475 VARIABLE em_top_clusters_isolation_et LOOP {} BUNDLEDNAME {} DSP 0 BRAM 0 URAM 0 STORAGESUBTYPE {task level} STORAGESIZE {20 2 1} STORAGEUSAGE {fifo channel} DISPNAME {bind_storage fifo} VISIBLE true} {BINDTYPE storage ID {} IMPL srl LATENCY 0 OPTYPE fifo PRAGMA {} RTLNAME em_top_clusters_isolation_et_1_U SOURCE calorimeter.cpp:475 VARIABLE em_top_clusters_isolation_et_1 LOOP {} BUNDLEDNAME {} DSP 0 BRAM 0 URAM 0 STORAGESUBTYPE {task level} STORAGESIZE {20 2 1} STORAGEUSAGE {fifo channel} DISPNAME {bind_storage fifo} VISIBLE true} {BINDTYPE storage ID {} IMPL srl LATENCY 0 OPTYPE fifo PRAGMA {} RTLNAME em_top_clusters_isolation_et_2_U SOURCE calorimeter.cpp:475 VARIABLE em_top_clusters_isolation_et_2 LOOP {} BUNDLEDNAME {} DSP 0 BRAM 0 URAM 0 STORAGESUBTYPE {task level} STORAGESIZE {20 2 1} STORAGEUSAGE {fifo channel} DISPNAME {bind_storage fifo} VISIBLE true} {BINDTYPE storage ID {} IMPL srl LATENCY 0 OPTYPE fifo PRAGMA {} RTLNAME em_top_clusters_isolation_et_3_U SOURCE calorimeter.cpp:475 VARIABLE em_top_clusters_isolation_et_3 LOOP {} BUNDLEDNAME {} DSP 0 BRAM 0 URAM 0 STORAGESUBTYPE {task level} STORAGESIZE {20 2 1} STORAGEUSAGE {fifo channel} DISPNAME {bind_storage fifo} VISIBLE true} {BINDTYPE storage ID {} IMPL srl LATENCY 0 OPTYPE fifo PRAGMA {} RTLNAME em_top_clusters_isolation_et_4_U SOURCE calorimeter.cpp:475 VARIABLE em_top_clusters_isolation_et_4 LOOP {} BUNDLEDNAME {} DSP 0 BRAM 0 URAM 0 STORAGESUBTYPE {task level} STORAGESIZE {20 2 1} STORAGEUSAGE {fifo channel} DISPNAME {bind_storage fifo} VISIBLE true} {BINDTYPE storage ID {} IMPL srl LATENCY 0 OPTYPE fifo PRAGMA {} RTLNAME em_top_clusters_isolation_et_5_U SOURCE calorimeter.cpp:475 VARIABLE em_top_clusters_isolation_et_5 LOOP {} BUNDLEDNAME {} DSP 0 BRAM 0 URAM 0 STORAGESUBTYPE {task level} STORAGESIZE {20 2 1} STORAGEUSAGE {fifo channel} DISPNAME {bind_storage fifo} VISIBLE true} {BINDTYPE storage ID {} IMPL srl LATENCY 0 OPTYPE fifo PRAGMA {} RTLNAME em_top_clusters_isolation_et_6_U SOURCE calorimeter.cpp:475 VARIABLE em_top_clusters_isolation_et_6 LOOP {} BUNDLEDNAME {} DSP 0 BRAM 0 URAM 0 STORAGESUBTYPE {task level} STORAGESIZE {20 2 1} STORAGEUSAGE {fifo channel} DISPNAME {bind_storage fifo} VISIBLE true} {BINDTYPE storage ID {} IMPL srl LATENCY 0 OPTYPE fifo PRAGMA {} RTLNAME em_top_clusters_isolation_et_7_U SOURCE calorimeter.cpp:475 VARIABLE em_top_clusters_isolation_et_7 LOOP {} BUNDLEDNAME {} DSP 0 BRAM 0 URAM 0 STORAGESUBTYPE {task level} STORAGESIZE {20 2 1} STORAGEUSAGE {fifo channel} DISPNAME {bind_storage fifo} VISIBLE true} {BINDTYPE storage ID {} IMPL srl LATENCY 0 OPTYPE fifo PRAGMA {} RTLNAME em_top_clusters_eta_U SOURCE calorimeter.cpp:475 VARIABLE em_top_clusters_eta LOOP {} BUNDLEDNAME {} DSP 0 BRAM 0 URAM 0 STORAGESUBTYPE {task level} STORAGESIZE {6 2 1} STORAGEUSAGE {fifo channel} DISPNAME {bind_storage fifo} VISIBLE true} {BINDTYPE storage ID {} IMPL srl LATENCY 0 OPTYPE fifo PRAGMA {} RTLNAME em_top_clusters_eta_1_U SOURCE calorimeter.cpp:475 VARIABLE em_top_clusters_eta_1 LOOP {} BUNDLEDNAME {} DSP 0 BRAM 0 URAM 0 STORAGESUBTYPE {task level} STORAGESIZE {6 2 1} STORAGEUSAGE {fifo channel} DISPNAME {bind_storage fifo} VISIBLE true} {BINDTYPE storage ID {} IMPL srl LATENCY 0 OPTYPE fifo PRAGMA {} RTLNAME em_top_clusters_eta_2_U SOURCE calorimeter.cpp:475 VARIABLE em_top_clusters_eta_2 LOOP {} BUNDLEDNAME {} DSP 0 BRAM 0 URAM 0 STORAGESUBTYPE {task level} STORAGESIZE {6 2 1} STORAGEUSAGE {fifo channel} DISPNAME {bind_storage fifo} VISIBLE true} {BINDTYPE storage ID {} IMPL srl LATENCY 0 OPTYPE fifo PRAGMA {} RTLNAME em_top_clusters_eta_3_U SOURCE calorimeter.cpp:475 VARIABLE em_top_clusters_eta_3 LOOP {} BUNDLEDNAME {} DSP 0 BRAM 0 URAM 0 STORAGESUBTYPE {task level} STORAGESIZE {6 2 1} STORAGEUSAGE {fifo channel} DISPNAME {bind_storage fifo} VISIBLE true} {BINDTYPE storage ID {} IMPL srl LATENCY 0 OPTYPE fifo PRAGMA {} RTLNAME em_top_clusters_eta_4_U SOURCE calorimeter.cpp:475 VARIABLE em_top_clusters_eta_4 LOOP {} BUNDLEDNAME {} DSP 0 BRAM 0 URAM 0 STORAGESUBTYPE {task level} STORAGESIZE {6 2 1} STORAGEUSAGE {fifo channel} DISPNAME {bind_storage fifo} VISIBLE true} {BINDTYPE storage ID {} IMPL srl LATENCY 0 OPTYPE fifo PRAGMA {} RTLNAME em_top_clusters_eta_5_U SOURCE calorimeter.cpp:475 VARIABLE em_top_clusters_eta_5 LOOP {} BUNDLEDNAME {} DSP 0 BRAM 0 URAM 0 STORAGESUBTYPE {task level} STORAGESIZE {6 2 1} STORAGEUSAGE {fifo channel} DISPNAME {bind_storage fifo} VISIBLE true} {BINDTYPE storage ID {} IMPL srl LATENCY 0 OPTYPE fifo PRAGMA {} RTLNAME em_top_clusters_eta_6_U SOURCE calorimeter.cpp:475 VARIABLE em_top_clusters_eta_6 LOOP {} BUNDLEDNAME {} DSP 0 BRAM 0 URAM 0 STORAGESUBTYPE {task level} STORAGESIZE {6 2 1} STORAGEUSAGE {fifo channel} DISPNAME {bind_storage fifo} VISIBLE true} {BINDTYPE storage ID {} IMPL srl LATENCY 0 OPTYPE fifo PRAGMA {} RTLNAME em_top_clusters_eta_7_U SOURCE calorimeter.cpp:475 VARIABLE em_top_clusters_eta_7 LOOP {} BUNDLEDNAME {} DSP 0 BRAM 0 URAM 0 STORAGESUBTYPE {task level} STORAGESIZE {6 2 1} STORAGEUSAGE {fifo channel} DISPNAME {bind_storage fifo} VISIBLE true} {BINDTYPE storage ID {} IMPL srl LATENCY 0 OPTYPE fifo PRAGMA {} RTLNAME em_top_clusters_phi_U SOURCE calorimeter.cpp:475 VARIABLE em_top_clusters_phi LOOP {} BUNDLEDNAME {} DSP 0 BRAM 0 URAM 0 STORAGESUBTYPE {task level} STORAGESIZE {6 2 1} STORAGEUSAGE {fifo channel} DISPNAME {bind_storage fifo} VISIBLE true} {BINDTYPE storage ID {} IMPL srl LATENCY 0 OPTYPE fifo PRAGMA {} RTLNAME em_top_clusters_phi_1_U SOURCE calorimeter.cpp:475 VARIABLE em_top_clusters_phi_1 LOOP {} BUNDLEDNAME {} DSP 0 BRAM 0 URAM 0 STORAGESUBTYPE {task level} STORAGESIZE {6 2 1} STORAGEUSAGE {fifo channel} DISPNAME {bind_storage fifo} VISIBLE true} {BINDTYPE storage ID {} IMPL srl LATENCY 0 OPTYPE fifo PRAGMA {} RTLNAME em_top_clusters_phi_2_U SOURCE calorimeter.cpp:475 VARIABLE em_top_clusters_phi_2 LOOP {} BUNDLEDNAME {} DSP 0 BRAM 0 URAM 0 STORAGESUBTYPE {task level} STORAGESIZE {6 2 1} STORAGEUSAGE {fifo channel} DISPNAME {bind_storage fifo} VISIBLE true} {BINDTYPE storage ID {} IMPL srl LATENCY 0 OPTYPE fifo PRAGMA {} RTLNAME em_top_clusters_phi_3_U SOURCE calorimeter.cpp:475 VARIABLE em_top_clusters_phi_3 LOOP {} BUNDLEDNAME {} DSP 0 BRAM 0 URAM 0 STORAGESUBTYPE {task level} STORAGESIZE {6 2 1} STORAGEUSAGE {fifo channel} DISPNAME {bind_storage fifo} VISIBLE true} {BINDTYPE storage ID {} IMPL srl LATENCY 0 OPTYPE fifo PRAGMA {} RTLNAME em_top_clusters_phi_4_U SOURCE calorimeter.cpp:475 VARIABLE em_top_clusters_phi_4 LOOP {} BUNDLEDNAME {} DSP 0 BRAM 0 URAM 0 STORAGESUBTYPE {task level} STORAGESIZE {6 2 1} STORAGEUSAGE {fifo channel} DISPNAME {bind_storage fifo} VISIBLE true} {BINDTYPE storage ID {} IMPL srl LATENCY 0 OPTYPE fifo PRAGMA {} RTLNAME em_top_clusters_phi_5_U SOURCE calorimeter.cpp:475 VARIABLE em_top_clusters_phi_5 LOOP {} BUNDLEDNAME {} DSP 0 BRAM 0 URAM 0 STORAGESUBTYPE {task level} STORAGESIZE {6 2 1} STORAGEUSAGE {fifo channel} DISPNAME {bind_storage fifo} VISIBLE true} {BINDTYPE storage ID {} IMPL srl LATENCY 0 OPTYPE fifo PRAGMA {} RTLNAME em_top_clusters_phi_6_U SOURCE calorimeter.cpp:475 VARIABLE em_top_clusters_phi_6 LOOP {} BUNDLEDNAME {} DSP 0 BRAM 0 URAM 0 STORAGESUBTYPE {task level} STORAGESIZE {6 2 1} STORAGEUSAGE {fifo channel} DISPNAME {bind_storage fifo} VISIBLE true} {BINDTYPE storage ID {} IMPL srl LATENCY 0 OPTYPE fifo PRAGMA {} RTLNAME em_top_clusters_phi_7_U SOURCE calorimeter.cpp:475 VARIABLE em_top_clusters_phi_7 LOOP {} BUNDLEDNAME {} DSP 0 BRAM 0 URAM 0 STORAGESUBTYPE {task level} STORAGESIZE {6 2 1} STORAGEUSAGE {fifo channel} DISPNAME {bind_storage fifo} VISIBLE true} {BINDTYPE storage ID {} IMPL srl LATENCY 0 OPTYPE fifo PRAGMA {} RTLNAME em_top_clusters_window_size_U SOURCE calorimeter.cpp:475 VARIABLE em_top_clusters_window_size LOOP {} BUNDLEDNAME {} DSP 0 BRAM 0 URAM 0 STORAGESUBTYPE {task level} STORAGESIZE {4 2 1} STORAGEUSAGE {fifo channel} DISPNAME {bind_storage fifo} VISIBLE true} {BINDTYPE storage ID {} IMPL srl LATENCY 0 OPTYPE fifo PRAGMA {} RTLNAME em_top_clusters_window_size_1_U SOURCE calorimeter.cpp:475 VARIABLE em_top_clusters_window_size_1 LOOP {} BUNDLEDNAME {} DSP 0 BRAM 0 URAM 0 STORAGESUBTYPE {task level} STORAGESIZE {4 2 1} STORAGEUSAGE {fifo channel} DISPNAME {bind_storage fifo} VISIBLE true} {BINDTYPE storage ID {} IMPL srl LATENCY 0 OPTYPE fifo PRAGMA {} RTLNAME em_top_clusters_window_size_2_U SOURCE calorimeter.cpp:475 VARIABLE em_top_clusters_window_size_2 LOOP {} BUNDLEDNAME {} DSP 0 BRAM 0 URAM 0 STORAGESUBTYPE {task level} STORAGESIZE {4 2 1} STORAGEUSAGE {fifo channel} DISPNAME {bind_storage fifo} VISIBLE true} {BINDTYPE storage ID {} IMPL srl LATENCY 0 OPTYPE fifo PRAGMA {} RTLNAME em_top_clusters_window_size_3_U SOURCE calorimeter.cpp:475 VARIABLE em_top_clusters_window_size_3 LOOP {} BUNDLEDNAME {} DSP 0 BRAM 0 URAM 0 STORAGESUBTYPE {task level} STORAGESIZE {4 2 1} STORAGEUSAGE {fifo channel} DISPNAME {bind_storage fifo} VISIBLE true} {BINDTYPE storage ID {} IMPL srl LATENCY 0 OPTYPE fifo PRAGMA {} RTLNAME em_top_clusters_window_size_4_U SOURCE calorimeter.cpp:475 VARIABLE em_top_clusters_window_size_4 LOOP {} BUNDLEDNAME {} DSP 0 BRAM 0 URAM 0 STORAGESUBTYPE {task level} STORAGESIZE {4 2 1} STORAGEUSAGE {fifo channel} DISPNAME {bind_storage fifo} VISIBLE true} {BINDTYPE storage ID {} IMPL srl LATENCY 0 OPTYPE fifo PRAGMA {} RTLNAME em_top_clusters_window_size_5_U SOURCE calorimeter.cpp:475 VARIABLE em_top_clusters_window_size_5 LOOP {} BUNDLEDNAME {} DSP 0 BRAM 0 URAM 0 STORAGESUBTYPE {task level} STORAGESIZE {4 2 1} STORAGEUSAGE {fifo channel} DISPNAME {bind_storage fifo} VISIBLE true} {BINDTYPE storage ID {} IMPL srl LATENCY 0 OPTYPE fifo PRAGMA {} RTLNAME em_top_clusters_window_size_6_U SOURCE calorimeter.cpp:475 VARIABLE em_top_clusters_window_size_6 LOOP {} BUNDLEDNAME {} DSP 0 BRAM 0 URAM 0 STORAGESUBTYPE {task level} STORAGESIZE {4 2 1} STORAGEUSAGE {fifo channel} DISPNAME {bind_storage fifo} VISIBLE true} {BINDTYPE storage ID {} IMPL srl LATENCY 0 OPTYPE fifo PRAGMA {} RTLNAME em_top_clusters_window_size_7_U SOURCE calorimeter.cpp:475 VARIABLE em_top_clusters_window_size_7 LOOP {} BUNDLEDNAME {} DSP 0 BRAM 0 URAM 0 STORAGESUBTYPE {task level} STORAGESIZE {4 2 1} STORAGEUSAGE {fifo channel} DISPNAME {bind_storage fifo} VISIBLE true} {BINDTYPE storage ID {} IMPL srl LATENCY 0 OPTYPE fifo PRAGMA {} RTLNAME em_top_clusters_valid_U SOURCE calorimeter.cpp:475 VARIABLE em_top_clusters_valid LOOP {} BUNDLEDNAME {} DSP 0 BRAM 0 URAM 0 STORAGESUBTYPE {task level} STORAGESIZE {1 2 1} STORAGEUSAGE {fifo channel} DISPNAME {bind_storage fifo} VISIBLE true} {BINDTYPE storage ID {} IMPL srl LATENCY 0 OPTYPE fifo PRAGMA {} RTLNAME em_top_clusters_valid_1_U SOURCE calorimeter.cpp:475 VARIABLE em_top_clusters_valid_1 LOOP {} BUNDLEDNAME {} DSP 0 BRAM 0 URAM 0 STORAGESUBTYPE {task level} STORAGESIZE {1 2 1} STORAGEUSAGE {fifo channel} DISPNAME {bind_storage fifo} VISIBLE true} {BINDTYPE storage ID {} IMPL srl LATENCY 0 OPTYPE fifo PRAGMA {} RTLNAME em_top_clusters_valid_2_U SOURCE calorimeter.cpp:475 VARIABLE em_top_clusters_valid_2 LOOP {} BUNDLEDNAME {} DSP 0 BRAM 0 URAM 0 STORAGESUBTYPE {task level} STORAGESIZE {1 2 1} STORAGEUSAGE {fifo channel} DISPNAME {bind_storage fifo} VISIBLE true} {BINDTYPE storage ID {} IMPL srl LATENCY 0 OPTYPE fifo PRAGMA {} RTLNAME em_top_clusters_valid_3_U SOURCE calorimeter.cpp:475 VARIABLE em_top_clusters_valid_3 LOOP {} BUNDLEDNAME {} DSP 0 BRAM 0 URAM 0 STORAGESUBTYPE {task level} STORAGESIZE {1 2 1} STORAGEUSAGE {fifo channel} DISPNAME {bind_storage fifo} VISIBLE true} {BINDTYPE storage ID {} IMPL srl LATENCY 0 OPTYPE fifo PRAGMA {} RTLNAME em_top_clusters_valid_4_U SOURCE calorimeter.cpp:475 VARIABLE em_top_clusters_valid_4 LOOP {} BUNDLEDNAME {} DSP 0 BRAM 0 URAM 0 STORAGESUBTYPE {task level} STORAGESIZE {1 2 1} STORAGEUSAGE {fifo channel} DISPNAME {bind_storage fifo} VISIBLE true} {BINDTYPE storage ID {} IMPL srl LATENCY 0 OPTYPE fifo PRAGMA {} RTLNAME em_top_clusters_valid_5_U SOURCE calorimeter.cpp:475 VARIABLE em_top_clusters_valid_5 LOOP {} BUNDLEDNAME {} DSP 0 BRAM 0 URAM 0 STORAGESUBTYPE {task level} STORAGESIZE {1 2 1} STORAGEUSAGE {fifo channel} DISPNAME {bind_storage fifo} VISIBLE true} {BINDTYPE storage ID {} IMPL srl LATENCY 0 OPTYPE fifo PRAGMA {} RTLNAME em_top_clusters_valid_6_U SOURCE calorimeter.cpp:475 VARIABLE em_top_clusters_valid_6 LOOP {} BUNDLEDNAME {} DSP 0 BRAM 0 URAM 0 STORAGESUBTYPE {task level} STORAGESIZE {1 2 1} STORAGEUSAGE {fifo channel} DISPNAME {bind_storage fifo} VISIBLE true} {BINDTYPE storage ID {} IMPL srl LATENCY 0 OPTYPE fifo PRAGMA {} RTLNAME em_top_clusters_valid_7_U SOURCE calorimeter.cpp:475 VARIABLE em_top_clusters_valid_7 LOOP {} BUNDLEDNAME {} DSP 0 BRAM 0 URAM 0 STORAGESUBTYPE {task level} STORAGESIZE {1 2 1} STORAGEUSAGE {fifo channel} DISPNAME {bind_storage fifo} VISIBLE true} {BINDTYPE storage ID {} IMPL srl LATENCY 0 OPTYPE fifo PRAGMA {} RTLNAME jet_top_clusters_et_U SOURCE calorimeter.cpp:476 VARIABLE jet_top_clusters_et LOOP {} BUNDLEDNAME {} DSP 0 BRAM 0 URAM 0 STORAGESUBTYPE {task level} STORAGESIZE {20 2 1} STORAGEUSAGE {fifo channel} DISPNAME {bind_storage fifo} VISIBLE true} {BINDTYPE storage ID {} IMPL srl LATENCY 0 OPTYPE fifo PRAGMA {} RTLNAME jet_top_clusters_et_1_U SOURCE calorimeter.cpp:476 VARIABLE jet_top_clusters_et_1 LOOP {} BUNDLEDNAME {} DSP 0 BRAM 0 URAM 0 STORAGESUBTYPE {task level} STORAGESIZE {20 2 1} STORAGEUSAGE {fifo channel} DISPNAME {bind_storage fifo} VISIBLE true} {BINDTYPE storage ID {} IMPL srl LATENCY 0 OPTYPE fifo PRAGMA {} RTLNAME jet_top_clusters_et_2_U SOURCE calorimeter.cpp:476 VARIABLE jet_top_clusters_et_2 LOOP {} BUNDLEDNAME {} DSP 0 BRAM 0 URAM 0 STORAGESUBTYPE {task level} STORAGESIZE {20 2 1} STORAGEUSAGE {fifo channel} DISPNAME {bind_storage fifo} VISIBLE true} {BINDTYPE storage ID {} IMPL srl LATENCY 0 OPTYPE fifo PRAGMA {} RTLNAME jet_top_clusters_et_3_U SOURCE calorimeter.cpp:476 VARIABLE jet_top_clusters_et_3 LOOP {} BUNDLEDNAME {} DSP 0 BRAM 0 URAM 0 STORAGESUBTYPE {task level} STORAGESIZE {20 2 1} STORAGEUSAGE {fifo channel} DISPNAME {bind_storage fifo} VISIBLE true} {BINDTYPE storage ID {} IMPL srl LATENCY 0 OPTYPE fifo PRAGMA {} RTLNAME jet_top_clusters_et_4_U SOURCE calorimeter.cpp:476 VARIABLE jet_top_clusters_et_4 LOOP {} BUNDLEDNAME {} DSP 0 BRAM 0 URAM 0 STORAGESUBTYPE {task level} STORAGESIZE {20 2 1} STORAGEUSAGE {fifo channel} DISPNAME {bind_storage fifo} VISIBLE true} {BINDTYPE storage ID {} IMPL srl LATENCY 0 OPTYPE fifo PRAGMA {} RTLNAME jet_top_clusters_et_5_U SOURCE calorimeter.cpp:476 VARIABLE jet_top_clusters_et_5 LOOP {} BUNDLEDNAME {} DSP 0 BRAM 0 URAM 0 STORAGESUBTYPE {task level} STORAGESIZE {20 2 1} STORAGEUSAGE {fifo channel} DISPNAME {bind_storage fifo} VISIBLE true} {BINDTYPE storage ID {} IMPL srl LATENCY 0 OPTYPE fifo PRAGMA {} RTLNAME jet_top_clusters_et_6_U SOURCE calorimeter.cpp:476 VARIABLE jet_top_clusters_et_6 LOOP {} BUNDLEDNAME {} DSP 0 BRAM 0 URAM 0 STORAGESUBTYPE {task level} STORAGESIZE {20 2 1} STORAGEUSAGE {fifo channel} DISPNAME {bind_storage fifo} VISIBLE true} {BINDTYPE storage ID {} IMPL srl LATENCY 0 OPTYPE fifo PRAGMA {} RTLNAME jet_top_clusters_et_7_U SOURCE calorimeter.cpp:476 VARIABLE jet_top_clusters_et_7 LOOP {} BUNDLEDNAME {} DSP 0 BRAM 0 URAM 0 STORAGESUBTYPE {task level} STORAGESIZE {20 2 1} STORAGEUSAGE {fifo channel} DISPNAME {bind_storage fifo} VISIBLE true} {BINDTYPE storage ID {} IMPL srl LATENCY 0 OPTYPE fifo PRAGMA {} RTLNAME jet_top_clusters_isolation_et_U SOURCE calorimeter.cpp:476 VARIABLE jet_top_clusters_isolation_et LOOP {} BUNDLEDNAME {} DSP 0 BRAM 0 URAM 0 STORAGESUBTYPE {task level} STORAGESIZE {20 2 1} STORAGEUSAGE {fifo channel} DISPNAME {bind_storage fifo} VISIBLE true} {BINDTYPE storage ID {} IMPL srl LATENCY 0 OPTYPE fifo PRAGMA {} RTLNAME jet_top_clusters_isolation_et_1_U SOURCE calorimeter.cpp:476 VARIABLE jet_top_clusters_isolation_et_1 LOOP {} BUNDLEDNAME {} DSP 0 BRAM 0 URAM 0 STORAGESUBTYPE {task level} STORAGESIZE {20 2 1} STORAGEUSAGE {fifo channel} DISPNAME {bind_storage fifo} VISIBLE true} {BINDTYPE storage ID {} IMPL srl LATENCY 0 OPTYPE fifo PRAGMA {} RTLNAME jet_top_clusters_isolation_et_2_U SOURCE calorimeter.cpp:476 VARIABLE jet_top_clusters_isolation_et_2 LOOP {} BUNDLEDNAME {} DSP 0 BRAM 0 URAM 0 STORAGESUBTYPE {task level} STORAGESIZE {20 2 1} STORAGEUSAGE {fifo channel} DISPNAME {bind_storage fifo} VISIBLE true} {BINDTYPE storage ID {} IMPL srl LATENCY 0 OPTYPE fifo PRAGMA {} RTLNAME jet_top_clusters_isolation_et_3_U SOURCE calorimeter.cpp:476 VARIABLE jet_top_clusters_isolation_et_3 LOOP {} BUNDLEDNAME {} DSP 0 BRAM 0 URAM 0 STORAGESUBTYPE {task level} STORAGESIZE {20 2 1} STORAGEUSAGE {fifo channel} DISPNAME {bind_storage fifo} VISIBLE true} {BINDTYPE storage ID {} IMPL srl LATENCY 0 OPTYPE fifo PRAGMA {} RTLNAME jet_top_clusters_isolation_et_4_U SOURCE calorimeter.cpp:476 VARIABLE jet_top_clusters_isolation_et_4 LOOP {} BUNDLEDNAME {} DSP 0 BRAM 0 URAM 0 STORAGESUBTYPE {task level} STORAGESIZE {20 2 1} STORAGEUSAGE {fifo channel} DISPNAME {bind_storage fifo} VISIBLE true} {BINDTYPE storage ID {} IMPL srl LATENCY 0 OPTYPE fifo PRAGMA {} RTLNAME jet_top_clusters_isolation_et_5_U SOURCE calorimeter.cpp:476 VARIABLE jet_top_clusters_isolation_et_5 LOOP {} BUNDLEDNAME {} DSP 0 BRAM 0 URAM 0 STORAGESUBTYPE {task level} STORAGESIZE {20 2 1} STORAGEUSAGE {fifo channel} DISPNAME {bind_storage fifo} VISIBLE true} {BINDTYPE storage ID {} IMPL srl LATENCY 0 OPTYPE fifo PRAGMA {} RTLNAME jet_top_clusters_isolation_et_6_U SOURCE calorimeter.cpp:476 VARIABLE jet_top_clusters_isolation_et_6 LOOP {} BUNDLEDNAME {} DSP 0 BRAM 0 URAM 0 STORAGESUBTYPE {task level} STORAGESIZE {20 2 1} STORAGEUSAGE {fifo channel} DISPNAME {bind_storage fifo} VISIBLE true} {BINDTYPE storage ID {} IMPL srl LATENCY 0 OPTYPE fifo PRAGMA {} RTLNAME jet_top_clusters_isolation_et_7_U SOURCE calorimeter.cpp:476 VARIABLE jet_top_clusters_isolation_et_7 LOOP {} BUNDLEDNAME {} DSP 0 BRAM 0 URAM 0 STORAGESUBTYPE {task level} STORAGESIZE {20 2 1} STORAGEUSAGE {fifo channel} DISPNAME {bind_storage fifo} VISIBLE true} {BINDTYPE storage ID {} IMPL srl LATENCY 0 OPTYPE fifo PRAGMA {} RTLNAME jet_top_clusters_eta_U SOURCE calorimeter.cpp:476 VARIABLE jet_top_clusters_eta LOOP {} BUNDLEDNAME {} DSP 0 BRAM 0 URAM 0 STORAGESUBTYPE {task level} STORAGESIZE {6 2 1} STORAGEUSAGE {fifo channel} DISPNAME {bind_storage fifo} VISIBLE true} {BINDTYPE storage ID {} IMPL srl LATENCY 0 OPTYPE fifo PRAGMA {} RTLNAME jet_top_clusters_eta_1_U SOURCE calorimeter.cpp:476 VARIABLE jet_top_clusters_eta_1 LOOP {} BUNDLEDNAME {} DSP 0 BRAM 0 URAM 0 STORAGESUBTYPE {task level} STORAGESIZE {6 2 1} STORAGEUSAGE {fifo channel} DISPNAME {bind_storage fifo} VISIBLE true} {BINDTYPE storage ID {} IMPL srl LATENCY 0 OPTYPE fifo PRAGMA {} RTLNAME jet_top_clusters_eta_2_U SOURCE calorimeter.cpp:476 VARIABLE jet_top_clusters_eta_2 LOOP {} BUNDLEDNAME {} DSP 0 BRAM 0 URAM 0 STORAGESUBTYPE {task level} STORAGESIZE {6 2 1} STORAGEUSAGE {fifo channel} DISPNAME {bind_storage fifo} VISIBLE true} {BINDTYPE storage ID {} IMPL srl LATENCY 0 OPTYPE fifo PRAGMA {} RTLNAME jet_top_clusters_eta_3_U SOURCE calorimeter.cpp:476 VARIABLE jet_top_clusters_eta_3 LOOP {} BUNDLEDNAME {} DSP 0 BRAM 0 URAM 0 STORAGESUBTYPE {task level} STORAGESIZE {6 2 1} STORAGEUSAGE {fifo channel} DISPNAME {bind_storage fifo} VISIBLE true} {BINDTYPE storage ID {} IMPL srl LATENCY 0 OPTYPE fifo PRAGMA {} RTLNAME jet_top_clusters_eta_4_U SOURCE calorimeter.cpp:476 VARIABLE jet_top_clusters_eta_4 LOOP {} BUNDLEDNAME {} DSP 0 BRAM 0 URAM 0 STORAGESUBTYPE {task level} STORAGESIZE {6 2 1} STORAGEUSAGE {fifo channel} DISPNAME {bind_storage fifo} VISIBLE true} {BINDTYPE storage ID {} IMPL srl LATENCY 0 OPTYPE fifo PRAGMA {} RTLNAME jet_top_clusters_eta_5_U SOURCE calorimeter.cpp:476 VARIABLE jet_top_clusters_eta_5 LOOP {} BUNDLEDNAME {} DSP 0 BRAM 0 URAM 0 STORAGESUBTYPE {task level} STORAGESIZE {6 2 1} STORAGEUSAGE {fifo channel} DISPNAME {bind_storage fifo} VISIBLE true} {BINDTYPE storage ID {} IMPL srl LATENCY 0 OPTYPE fifo PRAGMA {} RTLNAME jet_top_clusters_eta_6_U SOURCE calorimeter.cpp:476 VARIABLE jet_top_clusters_eta_6 LOOP {} BUNDLEDNAME {} DSP 0 BRAM 0 URAM 0 STORAGESUBTYPE {task level} STORAGESIZE {6 2 1} STORAGEUSAGE {fifo channel} DISPNAME {bind_storage fifo} VISIBLE true} {BINDTYPE storage ID {} IMPL srl LATENCY 0 OPTYPE fifo PRAGMA {} RTLNAME jet_top_clusters_eta_7_U SOURCE calorimeter.cpp:476 VARIABLE jet_top_clusters_eta_7 LOOP {} BUNDLEDNAME {} DSP 0 BRAM 0 URAM 0 STORAGESUBTYPE {task level} STORAGESIZE {6 2 1} STORAGEUSAGE {fifo channel} DISPNAME {bind_storage fifo} VISIBLE true} {BINDTYPE storage ID {} IMPL srl LATENCY 0 OPTYPE fifo PRAGMA {} RTLNAME jet_top_clusters_phi_U SOURCE calorimeter.cpp:476 VARIABLE jet_top_clusters_phi LOOP {} BUNDLEDNAME {} DSP 0 BRAM 0 URAM 0 STORAGESUBTYPE {task level} STORAGESIZE {6 2 1} STORAGEUSAGE {fifo channel} DISPNAME {bind_storage fifo} VISIBLE true} {BINDTYPE storage ID {} IMPL srl LATENCY 0 OPTYPE fifo PRAGMA {} RTLNAME jet_top_clusters_phi_1_U SOURCE calorimeter.cpp:476 VARIABLE jet_top_clusters_phi_1 LOOP {} BUNDLEDNAME {} DSP 0 BRAM 0 URAM 0 STORAGESUBTYPE {task level} STORAGESIZE {6 2 1} STORAGEUSAGE {fifo channel} DISPNAME {bind_storage fifo} VISIBLE true} {BINDTYPE storage ID {} IMPL srl LATENCY 0 OPTYPE fifo PRAGMA {} RTLNAME jet_top_clusters_phi_2_U SOURCE calorimeter.cpp:476 VARIABLE jet_top_clusters_phi_2 LOOP {} BUNDLEDNAME {} DSP 0 BRAM 0 URAM 0 STORAGESUBTYPE {task level} STORAGESIZE {6 2 1} STORAGEUSAGE {fifo channel} DISPNAME {bind_storage fifo} VISIBLE true} {BINDTYPE storage ID {} IMPL srl LATENCY 0 OPTYPE fifo PRAGMA {} RTLNAME jet_top_clusters_phi_3_U SOURCE calorimeter.cpp:476 VARIABLE jet_top_clusters_phi_3 LOOP {} BUNDLEDNAME {} DSP 0 BRAM 0 URAM 0 STORAGESUBTYPE {task level} STORAGESIZE {6 2 1} STORAGEUSAGE {fifo channel} DISPNAME {bind_storage fifo} VISIBLE true} {BINDTYPE storage ID {} IMPL srl LATENCY 0 OPTYPE fifo PRAGMA {} RTLNAME jet_top_clusters_phi_4_U SOURCE calorimeter.cpp:476 VARIABLE jet_top_clusters_phi_4 LOOP {} BUNDLEDNAME {} DSP 0 BRAM 0 URAM 0 STORAGESUBTYPE {task level} STORAGESIZE {6 2 1} STORAGEUSAGE {fifo channel} DISPNAME {bind_storage fifo} VISIBLE true} {BINDTYPE storage ID {} IMPL srl LATENCY 0 OPTYPE fifo PRAGMA {} RTLNAME jet_top_clusters_phi_5_U SOURCE calorimeter.cpp:476 VARIABLE jet_top_clusters_phi_5 LOOP {} BUNDLEDNAME {} DSP 0 BRAM 0 URAM 0 STORAGESUBTYPE {task level} STORAGESIZE {6 2 1} STORAGEUSAGE {fifo channel} DISPNAME {bind_storage fifo} VISIBLE true} {BINDTYPE storage ID {} IMPL srl LATENCY 0 OPTYPE fifo PRAGMA {} RTLNAME jet_top_clusters_phi_6_U SOURCE calorimeter.cpp:476 VARIABLE jet_top_clusters_phi_6 LOOP {} BUNDLEDNAME {} DSP 0 BRAM 0 URAM 0 STORAGESUBTYPE {task level} STORAGESIZE {6 2 1} STORAGEUSAGE {fifo channel} DISPNAME {bind_storage fifo} VISIBLE true} {BINDTYPE storage ID {} IMPL srl LATENCY 0 OPTYPE fifo PRAGMA {} RTLNAME jet_top_clusters_phi_7_U SOURCE calorimeter.cpp:476 VARIABLE jet_top_clusters_phi_7 LOOP {} BUNDLEDNAME {} DSP 0 BRAM 0 URAM 0 STORAGESUBTYPE {task level} STORAGESIZE {6 2 1} STORAGEUSAGE {fifo channel} DISPNAME {bind_storage fifo} VISIBLE true} {BINDTYPE storage ID {} IMPL srl LATENCY 0 OPTYPE fifo PRAGMA {} RTLNAME jet_top_clusters_window_size_U SOURCE calorimeter.cpp:476 VARIABLE jet_top_clusters_window_size LOOP {} BUNDLEDNAME {} DSP 0 BRAM 0 URAM 0 STORAGESUBTYPE {task level} STORAGESIZE {4 2 1} STORAGEUSAGE {fifo channel} DISPNAME {bind_storage fifo} VISIBLE true} {BINDTYPE storage ID {} IMPL srl LATENCY 0 OPTYPE fifo PRAGMA {} RTLNAME jet_top_clusters_window_size_1_U SOURCE calorimeter.cpp:476 VARIABLE jet_top_clusters_window_size_1 LOOP {} BUNDLEDNAME {} DSP 0 BRAM 0 URAM 0 STORAGESUBTYPE {task level} STORAGESIZE {4 2 1} STORAGEUSAGE {fifo channel} DISPNAME {bind_storage fifo} VISIBLE true} {BINDTYPE storage ID {} IMPL srl LATENCY 0 OPTYPE fifo PRAGMA {} RTLNAME jet_top_clusters_window_size_2_U SOURCE calorimeter.cpp:476 VARIABLE jet_top_clusters_window_size_2 LOOP {} BUNDLEDNAME {} DSP 0 BRAM 0 URAM 0 STORAGESUBTYPE {task level} STORAGESIZE {4 2 1} STORAGEUSAGE {fifo channel} DISPNAME {bind_storage fifo} VISIBLE true} {BINDTYPE storage ID {} IMPL srl LATENCY 0 OPTYPE fifo PRAGMA {} RTLNAME jet_top_clusters_window_size_3_U SOURCE calorimeter.cpp:476 VARIABLE jet_top_clusters_window_size_3 LOOP {} BUNDLEDNAME {} DSP 0 BRAM 0 URAM 0 STORAGESUBTYPE {task level} STORAGESIZE {4 2 1} STORAGEUSAGE {fifo channel} DISPNAME {bind_storage fifo} VISIBLE true} {BINDTYPE storage ID {} IMPL srl LATENCY 0 OPTYPE fifo PRAGMA {} RTLNAME jet_top_clusters_window_size_4_U SOURCE calorimeter.cpp:476 VARIABLE jet_top_clusters_window_size_4 LOOP {} BUNDLEDNAME {} DSP 0 BRAM 0 URAM 0 STORAGESUBTYPE {task level} STORAGESIZE {4 2 1} STORAGEUSAGE {fifo channel} DISPNAME {bind_storage fifo} VISIBLE true} {BINDTYPE storage ID {} IMPL srl LATENCY 0 OPTYPE fifo PRAGMA {} RTLNAME jet_top_clusters_window_size_5_U SOURCE calorimeter.cpp:476 VARIABLE jet_top_clusters_window_size_5 LOOP {} BUNDLEDNAME {} DSP 0 BRAM 0 URAM 0 STORAGESUBTYPE {task level} STORAGESIZE {4 2 1} STORAGEUSAGE {fifo channel} DISPNAME {bind_storage fifo} VISIBLE true} {BINDTYPE storage ID {} IMPL srl LATENCY 0 OPTYPE fifo PRAGMA {} RTLNAME jet_top_clusters_window_size_6_U SOURCE calorimeter.cpp:476 VARIABLE jet_top_clusters_window_size_6 LOOP {} BUNDLEDNAME {} DSP 0 BRAM 0 URAM 0 STORAGESUBTYPE {task level} STORAGESIZE {4 2 1} STORAGEUSAGE {fifo channel} DISPNAME {bind_storage fifo} VISIBLE true} {BINDTYPE storage ID {} IMPL srl LATENCY 0 OPTYPE fifo PRAGMA {} RTLNAME jet_top_clusters_window_size_7_U SOURCE calorimeter.cpp:476 VARIABLE jet_top_clusters_window_size_7 LOOP {} BUNDLEDNAME {} DSP 0 BRAM 0 URAM 0 STORAGESUBTYPE {task level} STORAGESIZE {4 2 1} STORAGEUSAGE {fifo channel} DISPNAME {bind_storage fifo} VISIBLE true} {BINDTYPE storage ID {} IMPL srl LATENCY 0 OPTYPE fifo PRAGMA {} RTLNAME jet_top_clusters_valid_U SOURCE calorimeter.cpp:476 VARIABLE jet_top_clusters_valid LOOP {} BUNDLEDNAME {} DSP 0 BRAM 0 URAM 0 STORAGESUBTYPE {task level} STORAGESIZE {1 2 1} STORAGEUSAGE {fifo channel} DISPNAME {bind_storage fifo} VISIBLE true} {BINDTYPE storage ID {} IMPL srl LATENCY 0 OPTYPE fifo PRAGMA {} RTLNAME jet_top_clusters_valid_1_U SOURCE calorimeter.cpp:476 VARIABLE jet_top_clusters_valid_1 LOOP {} BUNDLEDNAME {} DSP 0 BRAM 0 URAM 0 STORAGESUBTYPE {task level} STORAGESIZE {1 2 1} STORAGEUSAGE {fifo channel} DISPNAME {bind_storage fifo} VISIBLE true} {BINDTYPE storage ID {} IMPL srl LATENCY 0 OPTYPE fifo PRAGMA {} RTLNAME jet_top_clusters_valid_2_U SOURCE calorimeter.cpp:476 VARIABLE jet_top_clusters_valid_2 LOOP {} BUNDLEDNAME {} DSP 0 BRAM 0 URAM 0 STORAGESUBTYPE {task level} STORAGESIZE {1 2 1} STORAGEUSAGE {fifo channel} DISPNAME {bind_storage fifo} VISIBLE true} {BINDTYPE storage ID {} IMPL srl LATENCY 0 OPTYPE fifo PRAGMA {} RTLNAME jet_top_clusters_valid_3_U SOURCE calorimeter.cpp:476 VARIABLE jet_top_clusters_valid_3 LOOP {} BUNDLEDNAME {} DSP 0 BRAM 0 URAM 0 STORAGESUBTYPE {task level} STORAGESIZE {1 2 1} STORAGEUSAGE {fifo channel} DISPNAME {bind_storage fifo} VISIBLE true} {BINDTYPE storage ID {} IMPL srl LATENCY 0 OPTYPE fifo PRAGMA {} RTLNAME jet_top_clusters_valid_4_U SOURCE calorimeter.cpp:476 VARIABLE jet_top_clusters_valid_4 LOOP {} BUNDLEDNAME {} DSP 0 BRAM 0 URAM 0 STORAGESUBTYPE {task level} STORAGESIZE {1 2 1} STORAGEUSAGE {fifo channel} DISPNAME {bind_storage fifo} VISIBLE true} {BINDTYPE storage ID {} IMPL srl LATENCY 0 OPTYPE fifo PRAGMA {} RTLNAME jet_top_clusters_valid_5_U SOURCE calorimeter.cpp:476 VARIABLE jet_top_clusters_valid_5 LOOP {} BUNDLEDNAME {} DSP 0 BRAM 0 URAM 0 STORAGESUBTYPE {task level} STORAGESIZE {1 2 1} STORAGEUSAGE {fifo channel} DISPNAME {bind_storage fifo} VISIBLE true} {BINDTYPE storage ID {} IMPL srl LATENCY 0 OPTYPE fifo PRAGMA {} RTLNAME jet_top_clusters_valid_6_U SOURCE calorimeter.cpp:476 VARIABLE jet_top_clusters_valid_6 LOOP {} BUNDLEDNAME {} DSP 0 BRAM 0 URAM 0 STORAGESUBTYPE {task level} STORAGESIZE {1 2 1} STORAGEUSAGE {fifo channel} DISPNAME {bind_storage fifo} VISIBLE true} {BINDTYPE storage ID {} IMPL srl LATENCY 0 OPTYPE fifo PRAGMA {} RTLNAME jet_top_clusters_valid_7_U SOURCE calorimeter.cpp:476 VARIABLE jet_top_clusters_valid_7 LOOP {} BUNDLEDNAME {} DSP 0 BRAM 0 URAM 0 STORAGESUBTYPE {task level} STORAGESIZE {1 2 1} STORAGEUSAGE {fifo channel} DISPNAME {bind_storage fifo} VISIBLE true}} AREA {DSP 0 BRAM 0 URAM 0}} calo_trigger_em_jet_stream_ref {BINDINFO {{BINDTYPE op ID {} IMPL fabric LATENCY 0 OPTYPE add PRAGMA {} RTLNAME add_ln160_fu_280_p2 SOURCE calorimeter.cpp:160 VARIABLE add_ln160 LOOP HT_ETA_HT_PHI BUNDLEDNAME {} DSP 0 BRAM 0 URAM 0 STORAGESUBTYPE {} DISPNAME {bind_op add} VISIBLE true} {BINDTYPE op ID {} IMPL auto_sel LATENCY 0 OPTYPE select PRAGMA {} RTLNAME select_ln160_fu_286_p3 SOURCE calorimeter.cpp:160 VARIABLE select_ln160 LOOP HT_ETA_HT_PHI BUNDLEDNAME {} DSP 0 BRAM 0 URAM 0 STORAGESUBTYPE {} DISPNAME {bind_op select} VISIBLE false} {BINDTYPE op ID {} IMPL auto_sel LATENCY 0 OPTYPE select PRAGMA {} RTLNAME eta_fu_294_p3 SOURCE calorimeter.cpp:160 VARIABLE eta LOOP HT_ETA_HT_PHI BUNDLEDNAME {} DSP 0 BRAM 0 URAM 0 STORAGESUBTYPE {} DISPNAME {bind_op select} VISIBLE false} {BINDTYPE op ID {} IMPL fabric LATENCY 0 OPTYPE add PRAGMA {} RTLNAME ht_2_fu_389_p2 SOURCE calorimeter.cpp:163 VARIABLE ht_2 LOOP HT_ETA_HT_PHI BUNDLEDNAME {} DSP 0 BRAM 0 URAM 0 STORAGESUBTYPE {} DISPNAME {bind_op add} VISIBLE true} {BINDTYPE op ID {} IMPL fabric LATENCY 0 OPTYPE add PRAGMA {} RTLNAME phi_fu_343_p2 SOURCE calorimeter.cpp:161 VARIABLE phi LOOP HT_ETA_HT_PHI BUNDLEDNAME {} DSP 0 BRAM 0 URAM 0 STORAGESUBTYPE {} DISPNAME {bind_op add} VISIBLE true} {BINDTYPE op ID {} IMPL fabric LATENCY 0 OPTYPE add PRAGMA {} RTLNAME add_ln160_1_fu_349_p2 SOURCE calorimeter.cpp:160 VARIABLE add_ln160_1 LOOP HT_ETA_HT_PHI BUNDLEDNAME {} DSP 0 BRAM 0 URAM 0 STORAGESUBTYPE {} DISPNAME {bind_op add} VISIBLE true} {BINDTYPE op ID {} IMPL auto LATENCY 0 OPTYPE seteq PRAGMA {} RTLNAME icmp_ln161_fu_355_p2 SOURCE calorimeter.cpp:161 VARIABLE icmp_ln161 LOOP HT_ETA_HT_PHI BUNDLEDNAME {} DSP 0 BRAM 0 URAM 0 STORAGESUBTYPE {} DISPNAME {bind_op seteq} VISIBLE false} {BINDTYPE op ID {} IMPL auto LATENCY 0 OPTYPE seteq PRAGMA {} RTLNAME icmp_ln160_fu_361_p2 SOURCE calorimeter.cpp:160 VARIABLE icmp_ln160 LOOP HT_ETA_HT_PHI BUNDLEDNAME {} DSP 0 BRAM 0 URAM 0 STORAGESUBTYPE {} DISPNAME {bind_op seteq} VISIBLE false}} AREA {DSP 0 BRAM 0 URAM 0}}}}'
INFO-FLOW: DBG:PUTS:      update_csynth_reports json2rpt_hw_sw_interfaces
INFO-FLOW: Running: gen_csynth_sec_pragma
INFO-FLOW: Done: gen_csynth_sec_pragma time: 0 seconds per iteration
INFO-FLOW: DBG:PUTS:      update_csynth_reports wrote xml
INFO-FLOW: DBG:PUTS:      update_csynth_reports appended to csynth rpt file
INFO: [HLS 200-111] Finished Updating report files: CPU user time: 2.9 seconds. CPU system time: 0.06 seconds. Elapsed time: 2.97 seconds; current allocated memory: 616.918 MB.
INFO: [VHDL 208-304] Generating VHDL RTL for calo_trigger_em_jet_stream_ref.
INFO: [VLOG 209-307] Generating Verilog RTL for calo_trigger_em_jet_stream_ref.
Execute         syn_report -model calo_trigger_em_jet_stream_ref -printsummary 
INFO: [HLS 200-790] **** Loop Constraint Status: All loop constraints were satisfied.
INFO: [HLS 200-789] **** Estimated Fmax: 137.47 MHz
Command       autosyn done; 35.05 sec.
Command     csynth_design done; 63.59 sec.
INFO: [HLS 200-2161] Finished Command csynth_design Elapsed time: 00:01:03; Allocated memory: 292.191 MB.
Execute     cleanup_all 
Command     cleanup_all done; 0.12 sec.
