

================================================================
== Vitis HLS Report for 'produce_jet_cluster_stream'
================================================================
* Date:           Tue May 12 22:45:36 2026

* Version:        2024.1 (Build 5069499 on May 21 2024)
* Project:        calorimeter
* Solution:       solution1 (Vivado IP Flow Target)
* Product family: virtexuplus
* Target device:  xcvu13p-fsga2577-2-e


================================================================
== Performance Estimates
================================================================
+ Timing: 
    * Summary: 
    +--------+----------+----------+------------+
    |  Clock |  Target  | Estimated| Uncertainty|
    +--------+----------+----------+------------+
    |ap_clk  |  25.00 ns|  7.205 ns|     6.75 ns|
    +--------+----------+----------+------------+

+ Latency: 
    * Summary: 
    +---------+---------+----------+----------+-------+-------+-----------------------------------------------+
    |  Latency (cycles) |  Latency (absolute) |    Interval   |                    Pipeline                   |
    |   min   |   max   |    min   |    max   |  min  |  max  |                      Type                     |
    +---------+---------+----------+----------+-------+-------+-----------------------------------------------+
    |    70562|    70562|  1.764 ms|  1.764 ms|  70561|  70561|  loop auto-rewind stp(delay=0 clock cycles(s))|
    +---------+---------+----------+----------+-------+-------+-----------------------------------------------+

    + Detail: 
        * Instance: 
        N/A

        * Loop: 
        +-------------------------------------+---------+---------+----------+-----------+-----------+------+----------+
        |                                     |  Latency (cycles) | Iteration|  Initiation Interval  | Trip |          |
        |              Loop Name              |   min   |   max   |  Latency |  achieved |   target  | Count| Pipelined|
        +-------------------------------------+---------+---------+----------+-----------+-----------+------+----------+
        |- VITIS_LOOP_375_1_VITIS_LOOP_376_2  |    70560|    70560|        50|         49|          1|  1440|       yes|
        +-------------------------------------+---------+---------+----------+-----------+-----------+------+----------+



================================================================
== Utilization Estimates
================================================================
* Summary: 
+---------------------+---------+-------+---------+---------+------+
|         Name        | BRAM_18K|  DSP  |    FF   |   LUT   | URAM |
+---------------------+---------+-------+---------+---------+------+
|DSP                  |        -|      -|        -|        -|     -|
|Expression           |        -|      -|        0|     3227|     -|
|FIFO                 |        -|      -|        -|        -|     -|
|Instance             |        -|      -|        -|        -|     -|
|Memory               |        -|      -|        -|        -|     -|
|Multiplexer          |        -|      -|        0|      542|     -|
|Register             |        -|      -|      817|        -|     -|
+---------------------+---------+-------+---------+---------+------+
|Total                |        0|      0|      817|     3769|     0|
+---------------------+---------+-------+---------+---------+------+
|Available SLR        |     1344|   3072|   864000|   432000|   320|
+---------------------+---------+-------+---------+---------+------+
|Utilization SLR (%)  |        0|      0|       ~0|       ~0|     0|
+---------------------+---------+-------+---------+---------+------+
|Available            |     5376|  12288|  3456000|  1728000|  1280|
+---------------------+---------+-------+---------+---------+------+
|Utilization (%)      |        0|      0|       ~0|       ~0|     0|
+---------------------+---------+-------+---------+---------+------+

+ Detail: 
    * Instance: 
    N/A

    * DSP: 
    N/A

    * Memory: 
    N/A

    * FIFO: 
    N/A

    * Expression: 
    +-----------------------------------+----------+----+---+----+------------+------------+
    |           Variable Name           | Operation| DSP| FF| LUT| Bitwidth P0| Bitwidth P1|
    +-----------------------------------+----------+----+---+----+------------+------------+
    |add_ln161_1_fu_839_p2              |         +|   0|  0|  14|           7|           6|
    |add_ln161_2_fu_879_p2              |         +|   0|  0|  14|           7|           6|
    |add_ln161_fu_797_p2                |         +|   0|  0|  14|           7|           6|
    |add_ln163_1_fu_973_p2              |         +|   0|  0|  14|           7|           7|
    |add_ln163_2_fu_1055_p2             |         +|   0|  0|  14|           7|           7|
    |add_ln163_fu_926_p2                |         +|   0|  0|  14|           7|           7|
    |add_ln187_11_fu_1327_p2            |         +|   0|  0|  16|          15|          15|
    |add_ln187_12_fu_1333_p2            |         +|   0|  0|  20|          13|          13|
    |add_ln187_13_fu_1343_p2            |         +|   0|  0|  21|          14|          14|
    |add_ln187_15_fu_1375_p2            |         +|   0|  0|  23|          16|          16|
    |add_ln187_16_fu_1407_p2            |         +|   0|  0|  20|          13|          13|
    |add_ln187_17_fu_1627_p2            |         +|   0|  0|  16|          16|          16|
    |add_ln187_18_fu_1502_p2            |         +|   0|  0|  20|          13|          13|
    |add_ln187_19_fu_1635_p2            |         +|   0|  0|  20|          13|          13|
    |add_ln187_1_fu_1687_p2             |         +|   0|  0|  20|          13|          13|
    |add_ln187_20_fu_1645_p2            |         +|   0|  0|  21|          14|          14|
    |add_ln187_21_fu_1655_p2            |         +|   0|  0|  22|          15|          15|
    |add_ln187_23_fu_1740_p2            |         +|   0|  0|  17|          17|          17|
    |add_ln187_24_fu_1746_p2            |         +|   0|  0|  20|          13|          13|
    |add_ln187_25_fu_1756_p2            |         +|   0|  0|  17|          17|          17|
    |add_ln187_26_fu_1803_p2            |         +|   0|  0|  20|          13|          13|
    |add_ln187_27_fu_2061_p2            |         +|   0|  0|  20|          13|          13|
    |add_ln187_28_fu_2071_p2            |         +|   0|  0|  21|          14|          14|
    |add_ln187_29_fu_2164_p2            |         +|   0|  0|  17|          17|          17|
    |add_ln187_30_fu_1878_p2            |         +|   0|  0|  20|          13|          13|
    |add_ln187_31_fu_1965_p2            |         +|   0|  0|  20|          13|          13|
    |add_ln187_32_fu_1975_p2            |         +|   0|  0|  21|          14|          14|
    |add_ln187_33_fu_2175_p2            |         +|   0|  0|  20|          13|          13|
    |add_ln187_34_fu_2185_p2            |         +|   0|  0|  21|          14|          14|
    |add_ln187_35_fu_2195_p2            |         +|   0|  0|  22|          15|          15|
    |add_ln187_36_fu_2205_p2            |         +|   0|  0|  23|          16|          16|
    |add_ln187_38_fu_2780_p2            |         +|   0|  0|  18|          18|          18|
    |add_ln187_39_fu_2786_p2            |         +|   0|  0|  20|          13|          13|
    |add_ln187_3_fu_2026_p2             |         +|   0|  0|  16|          15|          15|
    |add_ln187_40_fu_2796_p2            |         +|   0|  0|  18|          18|          18|
    |add_ln187_41_fu_2740_p2            |         +|   0|  0|  20|          13|          13|
    |add_ln187_42_fu_2577_p2            |         +|   0|  0|  20|          13|          13|
    |add_ln187_43_fu_2587_p2            |         +|   0|  0|  21|          14|          14|
    |add_ln187_44_fu_2753_p2            |         +|   0|  0|  22|          15|          15|
    |add_ln187_45_fu_2805_p2            |         +|   0|  0|  18|          18|          18|
    |add_ln187_46_fu_2529_p2            |         +|   0|  0|  20|          13|          13|
    |add_ln187_47_fu_2256_p2            |         +|   0|  0|  20|          13|          13|
    |add_ln187_48_fu_2542_p2            |         +|   0|  0|  21|          14|          14|
    |add_ln187_49_fu_2383_p2            |         +|   0|  0|  20|          13|          13|
    |add_ln187_4_fu_2032_p2             |         +|   0|  0|  20|          13|          13|
    |add_ln187_50_fu_2406_p2            |         +|   0|  0|  20|          13|          13|
    |add_ln187_51_fu_2493_p2            |         +|   0|  0|  21|          14|          14|
    |add_ln187_52_fu_2503_p2            |         +|   0|  0|  22|          15|          15|
    |add_ln187_53_fu_2555_p2            |         +|   0|  0|  23|          16|          16|
    |add_ln187_5_fu_2042_p2             |         +|   0|  0|  21|          14|          14|
    |add_ln187_9_fu_1136_p2             |         +|   0|  0|  20|          13|          13|
    |add_ln213_1_fu_962_p2              |         +|   0|  0|  13|           6|           2|
    |add_ln213_2_fu_1044_p2             |         +|   0|  0|  13|           6|           2|
    |add_ln213_3_fu_826_p2              |         +|   0|  0|  14|           7|           3|
    |add_ln213_4_fu_866_p2              |         +|   0|  0|  14|           7|           2|
    |add_ln213_fu_783_p2                |         +|   0|  0|  14|           7|           3|
    |add_ln216_10_fu_1359_p2            |         +|   0|  0|  18|          11|          11|
    |add_ln216_11_fu_1553_p2            |         +|   0|  0|  18|          11|          11|
    |add_ln216_12_fu_1809_p2            |         +|   0|  0|  18|          11|          11|
    |add_ln216_13_fu_1990_p2            |         +|   0|  0|  18|          11|          11|
    |add_ln216_14_fu_2262_p2            |         +|   0|  0|  18|          11|          11|
    |add_ln216_15_fu_2448_p2            |         +|   0|  0|  18|          11|          11|
    |add_ln216_16_fu_994_p2             |         +|   0|  0|  18|          11|          11|
    |add_ln216_17_fu_1381_p2            |         +|   0|  0|  18|          11|          11|
    |add_ln216_18_fu_1671_p2            |         +|   0|  0|  18|          11|          11|
    |add_ln216_19_fu_1818_p2            |         +|   0|  0|  18|          11|          11|
    |add_ln216_1_fu_1273_p2             |         +|   0|  0|  18|          11|          11|
    |add_ln216_20_fu_2077_p2            |         +|   0|  0|  18|          11|          11|
    |add_ln216_21_fu_2366_p2            |         +|   0|  0|  18|          11|          11|
    |add_ln216_22_fu_2453_p2            |         +|   0|  0|  18|          11|          11|
    |add_ln216_23_fu_1076_p2            |         +|   0|  0|  18|          11|          11|
    |add_ln216_24_fu_1390_p2            |         +|   0|  0|  18|          11|          11|
    |add_ln216_25_fu_1702_p2            |         +|   0|  0|  18|          11|          11|
    |add_ln216_26_fu_1827_p2            |         +|   0|  0|  18|          11|          11|
    |add_ln216_27_fu_2086_p2            |         +|   0|  0|  18|          11|          11|
    |add_ln216_28_fu_2389_p2            |         +|   0|  0|  18|          11|          11|
    |add_ln216_29_fu_2458_p2            |         +|   0|  0|  18|          11|          11|
    |add_ln216_2_fu_1544_p2             |         +|   0|  0|  18|          11|          11|
    |add_ln216_30_fu_1183_p2            |         +|   0|  0|  18|          11|          11|
    |add_ln216_31_fu_1444_p2            |         +|   0|  0|  18|          11|          11|
    |add_ln216_32_fu_1711_p2            |         +|   0|  0|  18|          11|          11|
    |add_ln216_33_fu_1860_p2            |         +|   0|  0|  18|          11|          11|
    |add_ln216_34_fu_2126_p2            |         +|   0|  0|  18|          11|          11|
    |add_ln216_35_fu_2463_p2            |         +|   0|  0|  18|          11|          11|
    |add_ln216_36_fu_1210_p2            |         +|   0|  0|  18|          11|          11|
    |add_ln216_37_fu_1485_p2            |         +|   0|  0|  18|          11|          11|
    |add_ln216_38_fu_1762_p2            |         +|   0|  0|  18|          11|          11|
    |add_ln216_39_fu_1884_p2            |         +|   0|  0|  18|          11|          11|
    |add_ln216_3_fu_1981_p2             |         +|   0|  0|  18|          11|          11|
    |add_ln216_40_fu_2221_p2            |         +|   0|  0|  18|          11|          11|
    |add_ln216_41_fu_2473_p2            |         +|   0|  0|  18|          11|          11|
    |add_ln216_42_fu_1236_p2            |         +|   0|  0|  18|          11|          11|
    |add_ln216_43_fu_1508_p2            |         +|   0|  0|  18|          11|          11|
    |add_ln216_44_fu_1786_p2            |         +|   0|  0|  18|          11|          11|
    |add_ln216_45_fu_1893_p2            |         +|   0|  0|  18|          11|          11|
    |add_ln216_46_fu_2230_p2            |         +|   0|  0|  18|          11|          11|
    |add_ln216_47_fu_2478_p2            |         +|   0|  0|  18|          11|          11|
    |add_ln216_4_fu_2239_p2             |         +|   0|  0|  18|          11|          11|
    |add_ln216_5_fu_2443_p2             |         +|   0|  0|  18|          11|          11|
    |add_ln216_6_fu_815_p2              |         +|   0|  0|  18|          11|          11|
    |add_ln216_7_fu_856_p2              |         +|   0|  0|  18|          11|          11|
    |add_ln216_8_fu_896_p2              |         +|   0|  0|  18|          11|          11|
    |add_ln216_9_fu_947_p2              |         +|   0|  0|  18|          11|          11|
    |add_ln216_fu_906_p2                |         +|   0|  0|  18|          11|          11|
    |add_ln375_1_fu_639_p2              |         +|   0|  0|  18|          11|           1|
    |add_ln375_2_fu_671_p2              |         +|   0|  0|  12|           5|           1|
    |add_ln375_fu_665_p2                |         +|   0|  0|  12|           5|           2|
    |add_ln389_fu_723_p2                |         +|   0|  0|  18|          11|          11|
    |core3_et_1_fu_1696_p2              |         +|   0|  0|  21|          14|          14|
    |core3_et_2_fu_2052_p2              |         +|   0|  0|  16|          15|          15|
    |core3_et_3_fu_2147_p2              |         +|   0|  0|  23|          16|          16|
    |core3_et_fu_1615_p2                |         +|   0|  0|  20|          13|          13|
    |empty_100_fu_2095_p2               |         +|   0|  0|  12|           5|           2|
    |empty_101_fu_2412_p2               |         +|   0|  0|  12|           5|           2|
    |empty_98_fu_1142_p2                |         +|   0|  0|  12|           5|           3|
    |empty_99_fu_1413_p2                |         +|   0|  0|  12|           5|           2|
    |empty_fu_744_p2                    |         +|   0|  0|  12|           5|           3|
    |phi_fu_915_p2                      |         +|   0|  0|  13|           6|           1|
    |sum7_et_10_fu_2215_p2              |         +|   0|  0|  17|          17|          17|
    |sum7_et_11_fu_2814_p2              |         +|   0|  0|  18|          18|          18|
    |sum7_et_7_fu_1317_p2               |         +|   0|  0|  21|          14|          14|
    |sum7_et_8_fu_1353_p2               |         +|   0|  0|  16|          15|          15|
    |sum7_et_9_fu_1665_p2               |         +|   0|  0|  16|          16|          16|
    |sum7_et_fu_1304_p2                 |         +|   0|  0|  20|          13|          13|
    |ring7_et_fu_2828_p2                |         -|   0|  0|  26|          19|          19|
    |ring_lhs_fu_2867_p2                |         -|   0|  0|  30|          23|          23|
    |sub_ln216_1_fu_1167_p2             |         -|   0|  0|  18|          11|          11|
    |sub_ln216_2_fu_1438_p2             |         -|   0|  0|  18|          11|          11|
    |sub_ln216_3_fu_1854_p2             |         -|   0|  0|  18|          11|          11|
    |sub_ln216_4_fu_2120_p2             |         -|   0|  0|  18|          11|          11|
    |sub_ln216_5_fu_2437_p2             |         -|   0|  0|  18|          11|          11|
    |sub_ln216_fu_769_p2                |         -|   0|  0|  18|          11|          11|
    |sub_ln389_fu_713_p2                |         -|   0|  0|  18|          11|          11|
    |and_ln218_10_fu_1245_p2            |       and|   0|  0|   2|           1|           1|
    |and_ln218_11_fu_1251_p2            |       and|   0|  0|   2|           1|           1|
    |and_ln218_12_fu_1257_p2            |       and|   0|  0|   2|           1|           1|
    |and_ln218_13_fu_1263_p2            |       and|   0|  0|   2|           1|           1|
    |and_ln218_14_fu_1268_p2            |       and|   0|  0|   2|           1|           1|
    |and_ln218_15_fu_1459_p2            |       and|   0|  0|   2|           1|           1|
    |and_ln218_16_fu_1463_p2            |       and|   0|  0|   2|           1|           1|
    |and_ln218_17_fu_1469_p2            |       and|   0|  0|   2|           1|           1|
    |and_ln218_18_fu_1474_p2            |       and|   0|  0|   2|           1|           1|
    |and_ln218_19_fu_1479_p2            |       and|   0|  0|   2|           1|           1|
    |and_ln218_1_fu_1092_p2             |       and|   0|  0|   2|           1|           1|
    |and_ln218_20_fu_1527_p2            |       and|   0|  0|   2|           1|           1|
    |and_ln218_21_fu_1532_p2            |       and|   0|  0|   2|           1|           1|
    |and_ln218_22_fu_1538_p2            |       and|   0|  0|   2|           1|           1|
    |and_ln218_23_fu_2721_p2            |       and|   0|  0|   2|           1|           1|
    |and_ln218_24_fu_1574_p2            |       and|   0|  0|   2|           1|           1|
    |and_ln218_25_fu_1580_p2            |       and|   0|  0|   2|           1|           1|
    |and_ln218_26_fu_1586_p2            |       and|   0|  0|   2|           1|           1|
    |and_ln218_27_fu_1592_p2            |       and|   0|  0|   2|           1|           1|
    |and_ln218_28_fu_1597_p2            |       and|   0|  0|   2|           1|           1|
    |and_ln218_29_fu_1602_p2            |       and|   0|  0|   2|           1|           1|
    |and_ln218_2_fu_1098_p2             |       and|   0|  0|   2|           1|           1|
    |and_ln218_30_fu_1771_p2            |       and|   0|  0|   2|           1|           1|
    |and_ln218_31_fu_1775_p2            |       and|   0|  0|   2|           1|           1|
    |and_ln218_32_fu_1780_p2            |       and|   0|  0|   2|           1|           1|
    |and_ln218_33_fu_2648_p2            |       and|   0|  0|   2|           1|           1|
    |and_ln218_34_fu_1930_p2            |       and|   0|  0|   2|           1|           1|
    |and_ln218_35_fu_1936_p2            |       and|   0|  0|   2|           1|           1|
    |and_ln218_36_fu_1942_p2            |       and|   0|  0|   2|           1|           1|
    |and_ln218_37_fu_1948_p2            |       and|   0|  0|   2|           1|           1|
    |and_ln218_38_fu_2652_p2            |       and|   0|  0|   2|           1|           1|
    |and_ln218_39_fu_2657_p2            |       and|   0|  0|   2|           1|           1|
    |and_ln218_3_fu_1104_p2             |       and|   0|  0|   2|           1|           1|
    |and_ln218_40_fu_2318_p2            |       and|   0|  0|   2|           1|           1|
    |and_ln218_41_fu_2324_p2            |       and|   0|  0|   2|           1|           1|
    |and_ln218_42_fu_2330_p2            |       and|   0|  0|   2|           1|           1|
    |and_ln218_43_fu_2336_p2            |       and|   0|  0|   2|           1|           1|
    |and_ln218_44_fu_2342_p2            |       and|   0|  0|   2|           1|           1|
    |and_ln218_45_fu_2348_p2            |       and|   0|  0|   2|           1|           1|
    |and_ln218_46_fu_2354_p2            |       and|   0|  0|   2|           1|           1|
    |and_ln218_47_fu_2360_p2            |       and|   0|  0|   2|           1|           1|
    |and_ln218_48_fu_2662_p2            |       and|   0|  0|   2|           1|           1|
    |and_ln218_49_fu_2668_p2            |       and|   0|  0|   2|           1|           1|
    |and_ln218_4_fu_1110_p2             |       and|   0|  0|   2|           1|           1|
    |and_ln218_50_fu_2674_p2            |       and|   0|  0|   2|           1|           1|
    |and_ln218_51_fu_2680_p2            |       and|   0|  0|   2|           1|           1|
    |and_ln218_52_fu_2686_p2            |       and|   0|  0|   2|           1|           1|
    |and_ln218_53_fu_2692_p2            |       and|   0|  0|   2|           1|           1|
    |and_ln218_54_fu_2698_p2            |       and|   0|  0|   2|           1|           1|
    |and_ln218_55_fu_2704_p2            |       and|   0|  0|   2|           1|           1|
    |and_ln218_56_fu_2710_p2            |       and|   0|  0|   2|           1|           1|
    |and_ln218_57_fu_2715_p2            |       and|   0|  0|   2|           1|           1|
    |and_ln218_5_fu_1116_p2             |       and|   0|  0|   2|           1|           1|
    |and_ln218_6_fu_1122_p2             |       and|   0|  0|   2|           1|           1|
    |and_ln218_7_fu_1193_p2             |       and|   0|  0|   2|           1|           1|
    |and_ln218_8_fu_1198_p2             |       and|   0|  0|   2|           1|           1|
    |and_ln218_9_fu_1204_p2             |       and|   0|  0|   2|           1|           1|
    |and_ln218_fu_1086_p2               |       and|   0|  0|   2|           1|           1|
    |ap_condition_1273                  |       and|   0|  0|   2|           1|           1|
    |ap_condition_3400                  |       and|   0|  0|   2|           1|           1|
    |ap_condition_3403                  |       and|   0|  0|   2|           1|           1|
    |candidate_valid_fu_2936_p2         |       and|   0|  0|   2|           1|           1|
    |grp_fu_554_p2                      |      icmp|   0|  0|  19|          12|          12|
    |grp_fu_559_p2                      |      icmp|   0|  0|  19|          12|          12|
    |grp_fu_564_p2                      |      icmp|   0|  0|  19|          12|          12|
    |grp_fu_585_p2                      |      icmp|   0|  0|  19|          12|          12|
    |grp_fu_590_p2                      |      icmp|   0|  0|  19|          12|          12|
    |grp_fu_595_p2                      |      icmp|   0|  0|  19|          12|          12|
    |grp_fu_600_p2                      |      icmp|   0|  0|  19|          12|          12|
    |grp_fu_605_p2                      |      icmp|   0|  0|  19|          12|          12|
    |grp_fu_610_p2                      |      icmp|   0|  0|  19|          12|          12|
    |icmp_ln162_1_fu_967_p2             |      icmp|   0|  0|  13|           6|           4|
    |icmp_ln162_2_fu_1049_p2            |      icmp|   0|  0|  13|           6|           4|
    |icmp_ln162_fu_920_p2               |      icmp|   0|  0|  13|           6|           4|
    |icmp_ln218_41_fu_1720_p2           |      icmp|   0|  0|  19|          12|          12|
    |icmp_ln218_46_fu_2759_p2           |      icmp|   0|  0|  19|          12|          12|
    |icmp_ln218_fu_1012_p2              |      icmp|   0|  0|  19|          12|          12|
    |icmp_ln220_1_fu_1022_p2            |      icmp|   0|  0|  19|          12|          12|
    |icmp_ln220_2_fu_1033_p2            |      icmp|   0|  0|  19|          12|          12|
    |icmp_ln220_6_fu_1225_p2            |      icmp|   0|  0|  19|          12|          12|
    |icmp_ln220_fu_1008_p2              |      icmp|   0|  0|  19|          12|          12|
    |icmp_ln277_fu_2876_p2              |      icmp|   0|  0|  30|          23|          23|
    |icmp_ln375_fu_633_p2               |      icmp|   0|  0|  18|          11|          11|
    |icmp_ln376_fu_651_p2               |      icmp|   0|  0|  13|           6|           4|
    |icmp_ln391_fu_778_p2               |      icmp|   0|  0|  19|          12|          12|
    |icmp_ln398_fu_2834_p2              |      icmp|   0|  0|  27|          20|          20|
    |is_max_fu_1004_p2                  |      icmp|   0|  0|  19|          12|          12|
    |ap_block_pp0_stage0_01001          |        or|   0|  0|   2|           1|           1|
    |or_ln398_1_fu_2902_p2              |        or|   0|  0|   2|           1|           1|
    |or_ln398_2_fu_2908_p2              |        or|   0|  0|   2|           1|           1|
    |or_ln398_fu_2898_p2                |        or|   0|  0|   2|           1|           1|
    |candidate_et_fu_2914_p3            |    select|   0|  0|  18|           1|           1|
    |candidate_isolation_et_fu_2922_p3  |    select|   0|  0|  19|           1|           1|
    |phi_idx_10_fu_982_p3               |    select|   0|  0|   7|           1|           7|
    |phi_idx_11_fu_1064_p3              |    select|   0|  0|   7|           1|           7|
    |phi_idx_7_fu_844_p3                |    select|   0|  0|   7|           1|           7|
    |phi_idx_8_fu_884_p3                |    select|   0|  0|   7|           1|           7|
    |phi_idx_9_fu_935_p3                |    select|   0|  0|   7|           1|           7|
    |phi_idx_fu_803_p3                  |    select|   0|  0|   7|           1|           7|
    |select_ln375_1_fu_677_p3           |    select|   0|  0|   5|           1|           5|
    |select_ln375_2_fu_685_p3           |    select|   0|  0|   5|           1|           5|
    |select_ln375_fu_657_p3             |    select|   0|  0|   6|           1|           1|
    |select_ln398_1_fu_2890_p3          |    select|   0|  0|  19|           1|          19|
    |select_ln398_fu_2882_p3            |    select|   0|  0|  18|           1|          18|
    |ap_enable_pp0                      |       xor|   0|  0|   2|           1|           2|
    |not_sel_tmp1_fu_2930_p2            |       xor|   0|  0|   2|           1|           2|
    |xor_ln218_10_fu_1522_p2            |       xor|   0|  0|   2|           1|           2|
    |xor_ln218_11_fu_1562_p2            |       xor|   0|  0|   2|           1|           2|
    |xor_ln218_12_fu_1568_p2            |       xor|   0|  0|   2|           1|           2|
    |xor_ln218_13_fu_1902_p2            |       xor|   0|  0|   2|           1|           2|
    |xor_ln218_14_fu_1908_p2            |       xor|   0|  0|   2|           1|           2|
    |xor_ln218_15_fu_1913_p2            |       xor|   0|  0|   2|           1|           2|
    |xor_ln218_16_fu_1918_p2            |       xor|   0|  0|   2|           1|           2|
    |xor_ln218_17_fu_1924_p2            |       xor|   0|  0|   2|           1|           2|
    |xor_ln218_18_fu_2271_p2            |       xor|   0|  0|   2|           1|           2|
    |xor_ln218_19_fu_2276_p2            |       xor|   0|  0|   2|           1|           2|
    |xor_ln218_1_fu_1016_p2             |       xor|   0|  0|   2|           1|           2|
    |xor_ln218_20_fu_2281_p2            |       xor|   0|  0|   2|           1|           2|
    |xor_ln218_21_fu_2286_p2            |       xor|   0|  0|   2|           1|           2|
    |xor_ln218_22_fu_2291_p2            |       xor|   0|  0|   2|           1|           2|
    |xor_ln218_23_fu_2296_p2            |       xor|   0|  0|   2|           1|           2|
    |xor_ln218_24_fu_2302_p2            |       xor|   0|  0|   2|           1|           2|
    |xor_ln218_25_fu_2307_p2            |       xor|   0|  0|   2|           1|           2|
    |xor_ln218_26_fu_2312_p2            |       xor|   0|  0|   2|           1|           2|
    |xor_ln218_27_fu_2601_p2            |       xor|   0|  0|   2|           1|           2|
    |xor_ln218_28_fu_2606_p2            |       xor|   0|  0|   2|           1|           2|
    |xor_ln218_29_fu_2611_p2            |       xor|   0|  0|   2|           1|           2|
    |xor_ln218_2_fu_1027_p2             |       xor|   0|  0|   2|           1|           2|
    |xor_ln218_30_fu_2616_p2            |       xor|   0|  0|   2|           1|           2|
    |xor_ln218_31_fu_2621_p2            |       xor|   0|  0|   2|           1|           2|
    |xor_ln218_32_fu_2626_p2            |       xor|   0|  0|   2|           1|           2|
    |xor_ln218_33_fu_2631_p2            |       xor|   0|  0|   2|           1|           2|
    |xor_ln218_34_fu_2636_p2            |       xor|   0|  0|   2|           1|           2|
    |xor_ln218_35_fu_2642_p2            |       xor|   0|  0|   2|           1|           2|
    |xor_ln218_3_fu_1038_p2             |       xor|   0|  0|   2|           1|           2|
    |xor_ln218_4_fu_1173_p2             |       xor|   0|  0|   2|           1|           2|
    |xor_ln218_5_fu_1178_p2             |       xor|   0|  0|   2|           1|           2|
    |xor_ln218_6_fu_1219_p2             |       xor|   0|  0|   2|           1|           2|
    |xor_ln218_7_fu_1230_p2             |       xor|   0|  0|   2|           1|           2|
    |xor_ln218_8_fu_1454_p2             |       xor|   0|  0|   2|           1|           2|
    |xor_ln218_9_fu_1517_p2             |       xor|   0|  0|   2|           1|           2|
    |xor_ln218_fu_2726_p2               |       xor|   0|  0|   2|           2|           1|
    +-----------------------------------+----------+----+---+----+------------+------------+
    |Total                              |          |   0|  0|3227|        1993|        2041|
    +-----------------------------------+----------+----+---+----+------------+------------+

    * Multiplexer: 
    +--------------------------------------+-----+-----------+-----+-----------+
    |                 Name                 | LUT | Input Size| Bits| Total Bits|
    +--------------------------------------+-----+-----------+-----+-----------+
    |ap_NS_fsm                             |  217|         50|    1|         50|
    |ap_done_int                           |    9|          2|    1|          2|
    |ap_enable_reg_pp0_iter0               |    9|          2|    1|          2|
    |ap_enable_reg_pp0_iter0_reg           |    9|          2|    1|          2|
    |ap_enable_reg_pp0_iter1               |    9|          2|    1|          2|
    |ap_sig_allocacmp_eta_load             |    9|          2|    5|         10|
    |ap_sig_allocacmp_indvar_flatten_load  |    9|          2|   11|         22|
    |ap_sig_allocacmp_phi_idx_3_load       |    9|          2|    6|         12|
    |eta_fu_126                            |    9|          2|    5|         10|
    |indvar_flatten_fu_130                 |    9|          2|   11|         22|
    |jet_cluster_stream_blk_n              |    9|          2|    1|          2|
    |phi_idx_3_fu_122                      |    9|          2|    6|         12|
    |real_start                            |    9|          2|    1|          2|
    |towers_Addr_B_orig                    |  217|         50|   32|       1600|
    +--------------------------------------+-----+-----------+-----+-----------+
    |Total                                 |  542|        124|   83|       1750|
    +--------------------------------------+-----+-----------+-----+-----------+

    * Register: 
    +---------------------------------+----+----+-----+-----------+
    |               Name              | FF | LUT| Bits| Const Bits|
    +---------------------------------+----+----+-----+-----------+
    |add_ln187_15_reg_3303            |  16|   0|   16|          0|
    |add_ln187_16_reg_3333            |  13|   0|   13|          0|
    |add_ln187_18_reg_3378            |  13|   0|   13|          0|
    |add_ln187_25_reg_3458            |  17|   0|   17|          0|
    |add_ln187_26_reg_3483            |  13|   0|   13|          0|
    |add_ln187_28_reg_3588            |  14|   0|   14|          0|
    |add_ln187_30_reg_3528            |  13|   0|   13|          0|
    |add_ln187_32_reg_3548            |  14|   0|   14|          0|
    |add_ln187_43_reg_3804            |  14|   0|   14|          0|
    |add_ln187_44_reg_3824            |  15|   0|   15|          0|
    |add_ln187_47_reg_3669            |  13|   0|   13|          0|
    |add_ln187_49_reg_3694            |  13|   0|   13|          0|
    |add_ln187_4_reg_3578             |  13|   0|   13|          0|
    |add_ln187_50_reg_3709            |  13|   0|   13|          0|
    |add_ln187_52_reg_3754            |  15|   0|   15|          0|
    |add_ln187_53_reg_3779            |  16|   0|   16|          0|
    |add_ln187_9_reg_3228             |  13|   0|   13|          0|
    |add_ln216_15_reg_3719            |  11|   0|   11|          0|
    |add_ln216_22_reg_3724            |  11|   0|   11|          0|
    |add_ln216_29_reg_3729            |  11|   0|   11|          0|
    |add_ln216_41_reg_3739            |  11|   0|   11|          0|
    |add_ln216_47_reg_3744            |  11|   0|   11|          0|
    |add_ln216_5_reg_3714             |  11|   0|   11|          0|
    |and_ln218_14_reg_3268            |   1|   0|    1|          0|
    |and_ln218_19_reg_3353            |   1|   0|    1|          0|
    |and_ln218_22_reg_3388            |   1|   0|    1|          0|
    |and_ln218_29_reg_3403            |   1|   0|    1|          0|
    |and_ln218_32_reg_3468            |   1|   0|    1|          0|
    |and_ln218_37_reg_3543            |   1|   0|    1|          0|
    |and_ln218_47_reg_3679            |   1|   0|    1|          0|
    |and_ln218_6_reg_3223             |   1|   0|    1|          0|
    |and_ln218_9_reg_3248             |   1|   0|    1|          0|
    |ap_CS_fsm                        |  49|   0|   49|          0|
    |ap_done_reg                      |   1|   0|    1|          0|
    |ap_enable_reg_pp0_iter0_reg      |   1|   0|    1|          0|
    |ap_enable_reg_pp0_iter1          |   1|   0|    1|          0|
    |cluster_threshold_read_reg_2988  |  20|   0|   20|          0|
    |core3_et_1_reg_3428              |  14|   0|   14|          0|
    |core3_et_2_reg_3583              |  15|   0|   15|          0|
    |core3_et_3_reg_3633              |  16|   0|   16|          0|
    |core3_et_reg_3413                |  13|   0|   13|          0|
    |eta_fu_126                       |   5|   0|    5|          0|
    |icmp_ln218_13_reg_3518           |   1|   0|    1|          0|
    |icmp_ln218_14_reg_3523           |   1|   0|    1|          0|
    |icmp_ln218_17_reg_3563           |   1|   0|    1|          0|
    |icmp_ln218_18_reg_3568           |   1|   0|    1|          0|
    |icmp_ln218_19_reg_3618           |   1|   0|    1|          0|
    |icmp_ln218_20_reg_3623           |   1|   0|    1|          0|
    |icmp_ln218_21_reg_3628           |   1|   0|    1|          0|
    |icmp_ln218_23_reg_3659           |   1|   0|    1|          0|
    |icmp_ln218_24_reg_3664           |   1|   0|    1|          0|
    |icmp_ln218_26_reg_3689           |   1|   0|    1|          0|
    |icmp_ln218_27_reg_3704           |   1|   0|    1|          0|
    |icmp_ln218_28_reg_3749           |   1|   0|    1|          0|
    |icmp_ln218_29_reg_3789           |   1|   0|    1|          0|
    |icmp_ln218_30_reg_3794           |   1|   0|    1|          0|
    |icmp_ln218_31_reg_3774           |   1|   0|    1|          0|
    |icmp_ln218_32_reg_3799           |   1|   0|    1|          0|
    |icmp_ln218_36_reg_3278           |   1|   0|    1|          0|
    |icmp_ln218_37_reg_3298           |   1|   0|    1|          0|
    |icmp_ln218_38_reg_3328           |   1|   0|    1|          0|
    |icmp_ln218_3_reg_3193            |   1|   0|    1|          0|
    |icmp_ln218_40_reg_3443           |   1|   0|    1|          0|
    |icmp_ln218_41_reg_3448           |   1|   0|    1|          0|
    |icmp_ln218_42_reg_3453           |   1|   0|    1|          0|
    |icmp_ln218_44_reg_3478           |   1|   0|    1|          0|
    |icmp_ln218_45_reg_3573           |   1|   0|    1|          0|
    |icmp_ln218_4_reg_3203            |   1|   0|    1|          0|
    |icmp_ln218_7_reg_3323            |   1|   0|    1|          0|
    |icmp_ln218_8_reg_3363            |   1|   0|    1|          0|
    |icmp_ln218_9_reg_3373            |   1|   0|    1|          0|
    |icmp_ln220_4_reg_3198            |   1|   0|    1|          0|
    |icmp_ln220_7_reg_3318            |   1|   0|    1|          0|
    |icmp_ln220_9_reg_3368            |   1|   0|    1|          0|
    |icmp_ln375_reg_2998              |   1|   0|    1|          0|
    |icmp_ln391_reg_3095              |   1|   0|    1|          0|
    |indvar_flatten_fu_130            |  11|   0|   11|          0|
    |neighbor_1_reg_3136              |  12|   0|   12|          0|
    |neighbor_8_reg_3258              |  12|   0|   12|          0|
    |neighbor_reg_3115                |  12|   0|   12|          0|
    |phi_idx_3_fu_122                 |   6|   0|    6|          0|
    |reg_569                          |  12|   0|   12|          0|
    |reg_573                          |  12|   0|   12|          0|
    |reg_577                          |  12|   0|   12|          0|
    |reg_581                          |  12|   0|   12|          0|
    |seed_et_reg_3073                 |  12|   0|   12|          0|
    |seed_threshold_read_reg_2993     |  12|   0|   12|          0|
    |select_ln375_1_reg_3011          |   5|   0|    5|          0|
    |select_ln375_2_reg_3017          |   5|   0|    5|          0|
    |select_ln375_reg_3002            |   6|   0|    6|          0|
    |sext_ln216_1_reg_3178            |  11|   0|   11|          0|
    |sext_ln216_2_reg_3208            |  11|   0|   11|          0|
    |sext_ln216_reg_3163              |  11|   0|   11|          0|
    |start_once_reg                   |   1|   0|    1|          0|
    |sub_ln216_1_reg_3233             |   9|   0|   11|          2|
    |sub_ln216_2_reg_3338             |   9|   0|   11|          2|
    |sub_ln216_3_reg_3503             |   9|   0|   11|          2|
    |sub_ln216_4_reg_3603             |   9|   0|   11|          2|
    |sub_ln216_reg_3052               |   9|   0|   11|          2|
    |sub_ln389_reg_3027               |   9|   0|   11|          2|
    |sum7_et_10_reg_3639              |  17|   0|   17|          0|
    |sum7_et_8_reg_3288               |  15|   0|   15|          0|
    |sum7_et_9_reg_3418               |  16|   0|   16|          0|
    |xor_ln218_reg_3819               |   1|   0|    1|          0|
    |zext_ln216_12_reg_3100           |   7|   0|   11|          4|
    |zext_ln216_14_reg_3121           |   7|   0|   11|          4|
    |zext_ln216_16_reg_3143           |   7|   0|   11|          4|
    |zext_ln376_reg_3062              |   6|   0|    7|          1|
    |zext_ln389_1_reg_3037            |   6|   0|   11|          5|
    |zext_ln394_4_reg_3283            |  12|   0|   13|          1|
    |zext_ln394_reg_3408              |  12|   0|   13|          1|
    +---------------------------------+----+----+-----+-----------+
    |Total                            | 817|   0|  849|         32|
    +---------------------------------+----+----+-----+-----------+



================================================================
== Interface
================================================================
* Summary: 
+-----------------------------------+-----+-----+------------+----------------------------+--------------+
|             RTL Ports             | Dir | Bits|  Protocol  |        Source Object       |    C Type    |
+-----------------------------------+-----+-----+------------+----------------------------+--------------+
|ap_clk                             |   in|    1|  ap_ctrl_hs|  produce_jet_cluster_stream|  return value|
|ap_rst                             |   in|    1|  ap_ctrl_hs|  produce_jet_cluster_stream|  return value|
|ap_start                           |   in|    1|  ap_ctrl_hs|  produce_jet_cluster_stream|  return value|
|start_full_n                       |   in|    1|  ap_ctrl_hs|  produce_jet_cluster_stream|  return value|
|ap_done                            |  out|    1|  ap_ctrl_hs|  produce_jet_cluster_stream|  return value|
|ap_continue                        |   in|    1|  ap_ctrl_hs|  produce_jet_cluster_stream|  return value|
|ap_idle                            |  out|    1|  ap_ctrl_hs|  produce_jet_cluster_stream|  return value|
|ap_ready                           |  out|    1|  ap_ctrl_hs|  produce_jet_cluster_stream|  return value|
|start_out                          |  out|    1|  ap_ctrl_hs|  produce_jet_cluster_stream|  return value|
|start_write                        |  out|    1|  ap_ctrl_hs|  produce_jet_cluster_stream|  return value|
|jet_cluster_stream_din             |  out|   61|     ap_fifo|          jet_cluster_stream|       pointer|
|jet_cluster_stream_num_data_valid  |   in|    7|     ap_fifo|          jet_cluster_stream|       pointer|
|jet_cluster_stream_fifo_cap        |   in|    7|     ap_fifo|          jet_cluster_stream|       pointer|
|jet_cluster_stream_full_n          |   in|    1|     ap_fifo|          jet_cluster_stream|       pointer|
|jet_cluster_stream_write           |  out|    1|     ap_fifo|          jet_cluster_stream|       pointer|
|towers_Addr_B                      |  out|   32|        bram|                      towers|         array|
|towers_EN_B                        |  out|    1|        bram|                      towers|         array|
|towers_WEN_B                       |  out|    2|        bram|                      towers|         array|
|towers_Din_B                       |  out|   16|        bram|                      towers|         array|
|towers_Dout_B                      |   in|   16|        bram|                      towers|         array|
|seed_threshold                     |   in|   12|     ap_none|              seed_threshold|        scalar|
|cluster_threshold                  |   in|   20|     ap_none|           cluster_threshold|        scalar|
+-----------------------------------+-----+-----+------------+----------------------------+--------------+

============================================================
+ Verbose Summary: Synthesis Manager
============================================================
InlineROM: 1
ExposeGlobal: 0
============================================================
+ Verbose Summary: CDFG Model
============================================================
IsTopModel: 0
ResetActiveHigh: 1
IsCombinational: 2
IsDatapathOnly: 0
HasWiredReturn: 1
HasMFsm: 2
HasVarLatency: 1
IsPipeline: 0
IsRtlPipelined: 0
IsInstanceOverlapped: 0
IsDontTouch: 0
HasImplIP: 0
IsGatedGlobalClock: 0

+ Individual pipeline summary: 
  * Pipeline-0: initiation interval (II) = 49, depth = 50


============================================================
+ Verbose Summary: Schedule
============================================================
* Number of FSM states : 50
* Pipeline : 1
  Pipeline-0 : II = 49, D = 50, States = { 1 2 3 4 5 6 7 8 9 10 11 12 13 14 15 16 17 18 19 20 21 22 23 24 25 26 27 28 29 30 31 32 33 34 35 36 37 38 39 40 41 42 43 44 45 46 47 48 49 50 }
* Dataflow Pipeline: 0

* FSM state transitions: 
1 --> 2 
2 --> 3 
3 --> 4 
4 --> 5 
5 --> 6 
6 --> 7 
7 --> 8 
8 --> 9 
9 --> 10 
10 --> 11 
11 --> 12 
12 --> 13 
13 --> 14 
14 --> 15 
15 --> 16 
16 --> 17 
17 --> 18 
18 --> 19 
19 --> 20 
20 --> 21 
21 --> 22 
22 --> 23 
23 --> 24 
24 --> 25 
25 --> 26 
26 --> 27 
27 --> 28 
28 --> 29 
29 --> 30 
30 --> 31 
31 --> 32 
32 --> 33 
33 --> 34 
34 --> 35 
35 --> 36 
36 --> 37 
37 --> 38 
38 --> 39 
39 --> 40 
40 --> 41 
41 --> 42 
42 --> 43 
43 --> 44 
44 --> 45 
45 --> 46 
46 --> 47 
47 --> 48 
48 --> 49 
49 --> 50 
50 --> 

* FSM state operations: 

State 1 <SV = 0> <Delay = 4.04>
ST_1 : Operation 53 [1/1] (0.00ns)   --->   "%phi_idx_3 = alloca i32 1" [./calorimeter.h:184->calorimeter.cpp:395]   --->   Operation 53 'alloca' 'phi_idx_3' <Predicate = true> <Delay = 0.00>
ST_1 : Operation 54 [1/1] (0.00ns)   --->   "%eta = alloca i32 1" [calorimeter.cpp:375]   --->   Operation 54 'alloca' 'eta' <Predicate = true> <Delay = 0.00>
ST_1 : Operation 55 [1/1] (0.00ns)   --->   "%indvar_flatten = alloca i32 1"   --->   Operation 55 'alloca' 'indvar_flatten' <Predicate = true> <Delay = 0.00>
ST_1 : Operation 56 [1/1] (0.00ns)   --->   "%specshared_ln0 = specshared void @_ssdm_op_SpecShared, i12 %towers, void @p_str"   --->   Operation 56 'specshared' 'specshared_ln0' <Predicate = true> <Delay = 0.00>
ST_1 : Operation 57 [1/1] (0.00ns)   --->   "%specbindport_ln0 = specbindport void @_ssdm_op_SpecBindPort, i12 %towers, i32 1, void @p_str"   --->   Operation 57 'specbindport' 'specbindport_ln0' <Predicate = true> <Delay = 0.00>
ST_1 : Operation 58 [1/1] (0.00ns)   --->   "%specinterface_ln0 = specinterface void @_ssdm_op_SpecInterface, i61 %jet_cluster_stream, void @empty_8, i32 0, i32 0, void @empty_14, i32 0, i32 0, void @empty_14, void @empty_14, void @empty_14, i32 0, i32 0, i32 0, i32 0, void @empty_14, void @empty_14, i32 4294967295, i32 0, i32 0"   --->   Operation 58 'specinterface' 'specinterface_ln0' <Predicate = true> <Delay = 0.00>
ST_1 : Operation 59 [1/1] (0.00ns)   --->   "%specinterface_ln0 = specinterface void @_ssdm_op_SpecInterface, i12 %towers, void @empty_13, i32 0, i32 0, void @empty_14, i32 4294967295, i32 0, void @empty_14, void @empty_14, void @empty_14, i32 0, i32 0, i32 0, i32 0, void @empty_14, void @empty_14, i32 4294967295, i32 0, i32 0"   --->   Operation 59 'specinterface' 'specinterface_ln0' <Predicate = true> <Delay = 0.00>
ST_1 : Operation 60 [1/1] (0.00ns)   --->   "%cluster_threshold_read = read i20 @_ssdm_op_Read.ap_auto.i20, i20 %cluster_threshold" [calorimeter.cpp:375]   --->   Operation 60 'read' 'cluster_threshold_read' <Predicate = true> <Delay = 0.00>
ST_1 : Operation 61 [1/1] (0.00ns)   --->   "%seed_threshold_read = read i12 @_ssdm_op_Read.ap_auto.i12, i12 %seed_threshold" [calorimeter.cpp:375]   --->   Operation 61 'read' 'seed_threshold_read' <Predicate = true> <Delay = 0.00>
ST_1 : Operation 62 [1/1] (0.38ns)   --->   "%store_ln0 = store i11 0, i11 %indvar_flatten"   --->   Operation 62 'store' 'store_ln0' <Predicate = true> <Delay = 0.38>
ST_1 : Operation 63 [1/1] (0.38ns)   --->   "%store_ln375 = store i5 3, i5 %eta" [calorimeter.cpp:375]   --->   Operation 63 'store' 'store_ln375' <Predicate = true> <Delay = 0.38>
ST_1 : Operation 64 [1/1] (0.38ns)   --->   "%store_ln184 = store i6 0, i6 %phi_idx_3" [./calorimeter.h:184->calorimeter.cpp:395]   --->   Operation 64 'store' 'store_ln184' <Predicate = true> <Delay = 0.38>
ST_1 : Operation 65 [1/1] (0.00ns)   --->   "%br_ln375 = br void %for.body4" [calorimeter.cpp:375]   --->   Operation 65 'br' 'br_ln375' <Predicate = true> <Delay = 0.00>
ST_1 : Operation 66 [1/1] (0.00ns)   --->   "%indvar_flatten_load = load i11 %indvar_flatten" [calorimeter.cpp:375]   --->   Operation 66 'load' 'indvar_flatten_load' <Predicate = true> <Delay = 0.00>
ST_1 : Operation 67 [1/1] (0.73ns)   --->   "%icmp_ln375 = icmp_eq  i11 %indvar_flatten_load, i11 1440" [calorimeter.cpp:375]   --->   Operation 67 'icmp' 'icmp_ln375' <Predicate = true> <Delay = 0.73> <CoreInst = "Cmp">   --->   Core 9 'Cmp' <Latency = 0> <II = 1> <Delay = 0.73> <FuncUnit> <Opcode : 'seteq' 'setne' 'setle' 'setge' 'setlt' 'setgt'> <InPorts = 2> <OutPorts = 1>
ST_1 : Operation 68 [1/1] (0.73ns)   --->   "%add_ln375_1 = add i11 %indvar_flatten_load, i11 1" [calorimeter.cpp:375]   --->   Operation 68 'add' 'add_ln375_1' <Predicate = true> <Delay = 0.73> <CoreInst = "Adder">   --->   Core 1 'Adder' <Latency = 0> <II = 1> <Delay = 0.73> <FuncUnit> <Opcode : 'add' 'sub'> <InPorts = 2> <OutPorts = 1>
ST_1 : Operation 69 [1/1] (0.00ns)   --->   "%br_ln375 = br i1 %icmp_ln375, void %for.inc25, void %for.end27" [calorimeter.cpp:375]   --->   Operation 69 'br' 'br_ln375' <Predicate = true> <Delay = 0.00>
ST_1 : Operation 70 [1/1] (0.00ns)   --->   "%phi_idx_3_load = load i6 %phi_idx_3" [calorimeter.cpp:376]   --->   Operation 70 'load' 'phi_idx_3_load' <Predicate = (!icmp_ln375)> <Delay = 0.00>
ST_1 : Operation 71 [1/1] (0.00ns)   --->   "%eta_load = load i5 %eta" [calorimeter.cpp:375]   --->   Operation 71 'load' 'eta_load' <Predicate = (!icmp_ln375)> <Delay = 0.00>
ST_1 : Operation 72 [1/1] (0.70ns)   --->   "%icmp_ln376 = icmp_eq  i6 %phi_idx_3_load, i6 60" [calorimeter.cpp:376]   --->   Operation 72 'icmp' 'icmp_ln376' <Predicate = (!icmp_ln375)> <Delay = 0.70> <CoreInst = "Cmp">   --->   Core 9 'Cmp' <Latency = 0> <II = 1> <Delay = 0.70> <FuncUnit> <Opcode : 'seteq' 'setne' 'setle' 'setge' 'setlt' 'setgt'> <InPorts = 2> <OutPorts = 1>
ST_1 : Operation 73 [1/1] (0.29ns)   --->   "%select_ln375 = select i1 %icmp_ln376, i6 0, i6 %phi_idx_3_load" [calorimeter.cpp:375]   --->   Operation 73 'select' 'select_ln375' <Predicate = (!icmp_ln375)> <Delay = 0.29> <CoreInst = "Sel">   --->   Core 73 'Sel' <Latency = 0> <II = 1> <Delay = 0.29> <FuncUnit> <Opcode : 'select'> <InPorts = 3> <OutPorts = 1>
ST_1 : Operation 74 [1/1] (0.70ns)   --->   "%add_ln375 = add i5 %eta_load, i5 2" [calorimeter.cpp:375]   --->   Operation 74 'add' 'add_ln375' <Predicate = (!icmp_ln375)> <Delay = 0.70> <CoreInst = "Adder">   --->   Core 1 'Adder' <Latency = 0> <II = 1> <Delay = 0.70> <FuncUnit> <Opcode : 'add' 'sub'> <InPorts = 2> <OutPorts = 1>
ST_1 : Operation 75 [1/1] (0.70ns)   --->   "%add_ln375_2 = add i5 %eta_load, i5 1" [calorimeter.cpp:375]   --->   Operation 75 'add' 'add_ln375_2' <Predicate = (!icmp_ln375)> <Delay = 0.70> <CoreInst = "Adder">   --->   Core 1 'Adder' <Latency = 0> <II = 1> <Delay = 0.70> <FuncUnit> <Opcode : 'add' 'sub'> <InPorts = 2> <OutPorts = 1>
ST_1 : Operation 76 [1/1] (0.27ns)   --->   "%select_ln375_1 = select i1 %icmp_ln376, i5 %add_ln375, i5 %add_ln375_2" [calorimeter.cpp:375]   --->   Operation 76 'select' 'select_ln375_1' <Predicate = (!icmp_ln375)> <Delay = 0.27> <CoreInst = "Sel">   --->   Core 73 'Sel' <Latency = 0> <II = 1> <Delay = 0.27> <FuncUnit> <Opcode : 'select'> <InPorts = 3> <OutPorts = 1>
ST_1 : Operation 77 [1/1] (0.27ns)   --->   "%select_ln375_2 = select i1 %icmp_ln376, i5 %add_ln375_2, i5 %eta_load" [calorimeter.cpp:375]   --->   Operation 77 'select' 'select_ln375_2' <Predicate = (!icmp_ln375)> <Delay = 0.27> <CoreInst = "Sel">   --->   Core 73 'Sel' <Latency = 0> <II = 1> <Delay = 0.27> <FuncUnit> <Opcode : 'select'> <InPorts = 3> <OutPorts = 1>
ST_1 : Operation 78 [1/1] (0.00ns)   --->   "%p_shl1 = bitconcatenate i11 @_ssdm_op_BitConcatenate.i11.i5.i6, i5 %select_ln375_2, i6 0" [calorimeter.cpp:389]   --->   Operation 78 'bitconcatenate' 'p_shl1' <Predicate = (!icmp_ln375)> <Delay = 0.00>
ST_1 : Operation 79 [1/1] (0.00ns)   --->   "%tmp = bitconcatenate i7 @_ssdm_op_BitConcatenate.i7.i5.i2, i5 %select_ln375_2, i2 0" [calorimeter.cpp:389]   --->   Operation 79 'bitconcatenate' 'tmp' <Predicate = (!icmp_ln375)> <Delay = 0.00>
ST_1 : Operation 80 [1/1] (0.00ns)   --->   "%zext_ln389 = zext i7 %tmp" [calorimeter.cpp:389]   --->   Operation 80 'zext' 'zext_ln389' <Predicate = (!icmp_ln375)> <Delay = 0.00>
ST_1 : Operation 81 [1/1] (0.73ns)   --->   "%sub_ln389 = sub i11 %p_shl1, i11 %zext_ln389" [calorimeter.cpp:389]   --->   Operation 81 'sub' 'sub_ln389' <Predicate = (!icmp_ln375)> <Delay = 0.73> <CoreInst = "Adder">   --->   Core 1 'Adder' <Latency = 0> <II = 1> <Delay = 0.73> <FuncUnit> <Opcode : 'add' 'sub'> <InPorts = 2> <OutPorts = 1>
ST_1 : Operation 82 [1/1] (0.00ns)   --->   "%zext_ln389_1 = zext i6 %select_ln375" [calorimeter.cpp:389]   --->   Operation 82 'zext' 'zext_ln389_1' <Predicate = (!icmp_ln375)> <Delay = 0.00>
ST_1 : Operation 83 [1/1] (0.73ns)   --->   "%add_ln389 = add i11 %sub_ln389, i11 %zext_ln389_1" [calorimeter.cpp:389]   --->   Operation 83 'add' 'add_ln389' <Predicate = (!icmp_ln375)> <Delay = 0.73> <CoreInst = "Adder">   --->   Core 1 'Adder' <Latency = 0> <II = 1> <Delay = 0.73> <FuncUnit> <Opcode : 'add' 'sub'> <InPorts = 2> <OutPorts = 1>
ST_1 : Operation 84 [1/1] (0.00ns)   --->   "%zext_ln389_2 = zext i11 %add_ln389" [calorimeter.cpp:389]   --->   Operation 84 'zext' 'zext_ln389_2' <Predicate = (!icmp_ln375)> <Delay = 0.00>
ST_1 : Operation 85 [1/1] (0.00ns)   --->   "%towers_addr = getelementptr i12 %towers, i64 0, i64 %zext_ln389_2" [calorimeter.cpp:389]   --->   Operation 85 'getelementptr' 'towers_addr' <Predicate = (!icmp_ln375)> <Delay = 0.00>
ST_1 : Operation 86 [2/2] (1.20ns)   --->   "%seed_et = load i11 %towers_addr" [calorimeter.cpp:389]   --->   Operation 86 'load' 'seed_et' <Predicate = (!icmp_ln375)> <Delay = 1.20> <CoreInst = "RAM">   --->   Core 82 'RAM' <Latency = 1> <II = 1> <Delay = 1.20> <Storage> <Opcode : 'load' 'store'> <Ports = 2> <Width = 12> <Depth = 1800> <RAM>
ST_1 : Operation 87 [1/1] (0.38ns)   --->   "%store_ln375 = store i11 %add_ln375_1, i11 %indvar_flatten" [calorimeter.cpp:375]   --->   Operation 87 'store' 'store_ln375' <Predicate = (!icmp_ln375)> <Delay = 0.38>
ST_1 : Operation 88 [1/1] (0.38ns)   --->   "%store_ln375 = store i5 %select_ln375_2, i5 %eta" [calorimeter.cpp:375]   --->   Operation 88 'store' 'store_ln375' <Predicate = (!icmp_ln375)> <Delay = 0.38>
ST_1 : Operation 731 [1/1] (0.38ns)   --->   "%ret_ln414 = ret" [calorimeter.cpp:414]   --->   Operation 731 'ret' 'ret_ln414' <Predicate = (icmp_ln375)> <Delay = 0.38>

State 2 <SV = 1> <Delay = 3.38>
ST_2 : Operation 89 [1/1] (0.70ns)   --->   "%empty = add i5 %select_ln375_2, i5 29" [calorimeter.cpp:375]   --->   Operation 89 'add' 'empty' <Predicate = (!icmp_ln375)> <Delay = 0.70> <CoreInst = "Adder">   --->   Core 1 'Adder' <Latency = 0> <II = 1> <Delay = 0.70> <FuncUnit> <Opcode : 'add' 'sub'> <InPorts = 2> <OutPorts = 1>
ST_2 : Operation 90 [1/1] (0.00ns)   --->   "%p_shl2 = bitconcatenate i11 @_ssdm_op_BitConcatenate.i11.i5.i6, i5 %empty, i6 0" [./calorimeter.h:216->calorimeter.cpp:392]   --->   Operation 90 'bitconcatenate' 'p_shl2' <Predicate = (!icmp_ln375)> <Delay = 0.00>
ST_2 : Operation 91 [1/1] (0.00ns)   --->   "%tmp_1 = bitconcatenate i7 @_ssdm_op_BitConcatenate.i7.i5.i2, i5 %empty, i2 0" [./calorimeter.h:216->calorimeter.cpp:392]   --->   Operation 91 'bitconcatenate' 'tmp_1' <Predicate = (!icmp_ln375)> <Delay = 0.00>
ST_2 : Operation 92 [1/1] (0.00ns)   --->   "%zext_ln216 = zext i7 %tmp_1" [./calorimeter.h:216->calorimeter.cpp:392]   --->   Operation 92 'zext' 'zext_ln216' <Predicate = (!icmp_ln375)> <Delay = 0.00>
ST_2 : Operation 93 [1/1] (0.73ns)   --->   "%sub_ln216 = sub i11 %p_shl2, i11 %zext_ln216" [./calorimeter.h:216->calorimeter.cpp:392]   --->   Operation 93 'sub' 'sub_ln216' <Predicate = (!icmp_ln375)> <Delay = 0.73> <CoreInst = "Adder">   --->   Core 1 'Adder' <Latency = 0> <II = 1> <Delay = 0.73> <FuncUnit> <Opcode : 'add' 'sub'> <InPorts = 2> <OutPorts = 1>
ST_2 : Operation 94 [1/1] (0.00ns)   --->   "%zext_ln376 = zext i6 %select_ln375" [calorimeter.cpp:376]   --->   Operation 94 'zext' 'zext_ln376' <Predicate = (!icmp_ln375)> <Delay = 0.00>
ST_2 : Operation 95 [1/2] (1.20ns)   --->   "%seed_et = load i11 %towers_addr" [calorimeter.cpp:389]   --->   Operation 95 'load' 'seed_et' <Predicate = (!icmp_ln375)> <Delay = 1.20> <CoreInst = "RAM">   --->   Core 82 'RAM' <Latency = 1> <II = 1> <Delay = 1.20> <Storage> <Opcode : 'load' 'store'> <Ports = 2> <Width = 12> <Depth = 1800> <RAM>
ST_2 : Operation 96 [1/1] (0.74ns)   --->   "%icmp_ln391 = icmp_ult  i12 %seed_et, i12 %seed_threshold_read" [calorimeter.cpp:391]   --->   Operation 96 'icmp' 'icmp_ln391' <Predicate = (!icmp_ln375)> <Delay = 0.74> <CoreInst = "Cmp">   --->   Core 9 'Cmp' <Latency = 0> <II = 1> <Delay = 0.74> <FuncUnit> <Opcode : 'seteq' 'setne' 'setle' 'setge' 'setlt' 'setgt'> <InPorts = 2> <OutPorts = 1>
ST_2 : Operation 97 [1/1] (0.70ns)   --->   "%add_ln213 = add i7 %zext_ln376, i7 125" [./calorimeter.h:213->calorimeter.cpp:392]   --->   Operation 97 'add' 'add_ln213' <Predicate = (!icmp_ln375)> <Delay = 0.70> <CoreInst = "Adder">   --->   Core 1 'Adder' <Latency = 0> <II = 1> <Delay = 0.70> <FuncUnit> <Opcode : 'add' 'sub'> <InPorts = 2> <OutPorts = 1>
ST_2 : Operation 98 [1/1] (0.00ns)   --->   "%tmp_7 = bitselect i1 @_ssdm_op_BitSelect.i1.i7.i32, i7 %add_ln213, i32 6" [./calorimeter.h:160->./calorimeter.h:213->calorimeter.cpp:392]   --->   Operation 98 'bitselect' 'tmp_7' <Predicate = (!icmp_ln375)> <Delay = 0.00>
ST_2 : Operation 99 [1/1] (0.70ns)   --->   "%add_ln161 = add i7 %zext_ln376, i7 57" [./calorimeter.h:161->./calorimeter.h:213->calorimeter.cpp:392]   --->   Operation 99 'add' 'add_ln161' <Predicate = (!icmp_ln375)> <Delay = 0.70> <CoreInst = "Adder">   --->   Core 1 'Adder' <Latency = 0> <II = 1> <Delay = 0.70> <FuncUnit> <Opcode : 'add' 'sub'> <InPorts = 2> <OutPorts = 1>
ST_2 : Operation 100 [1/1] (0.30ns)   --->   "%phi_idx = select i1 %tmp_7, i7 %add_ln161, i7 %add_ln213" [./calorimeter.h:160->./calorimeter.h:213->calorimeter.cpp:392]   --->   Operation 100 'select' 'phi_idx' <Predicate = (!icmp_ln375)> <Delay = 0.30> <CoreInst = "Sel">   --->   Core 73 'Sel' <Latency = 0> <II = 1> <Delay = 0.30> <FuncUnit> <Opcode : 'select'> <InPorts = 3> <OutPorts = 1>
ST_2 : Operation 101 [1/1] (0.00ns)   --->   "%zext_ln216_12 = zext i7 %phi_idx" [./calorimeter.h:216->calorimeter.cpp:392]   --->   Operation 101 'zext' 'zext_ln216_12' <Predicate = (!icmp_ln375)> <Delay = 0.00>
ST_2 : Operation 102 [1/1] (0.73ns)   --->   "%add_ln216_6 = add i11 %sub_ln216, i11 %zext_ln216_12" [./calorimeter.h:216->calorimeter.cpp:392]   --->   Operation 102 'add' 'add_ln216_6' <Predicate = (!icmp_ln375)> <Delay = 0.73> <CoreInst = "Adder">   --->   Core 1 'Adder' <Latency = 0> <II = 1> <Delay = 0.73> <FuncUnit> <Opcode : 'add' 'sub'> <InPorts = 2> <OutPorts = 1>
ST_2 : Operation 103 [1/1] (0.00ns)   --->   "%zext_ln216_13 = zext i11 %add_ln216_6" [./calorimeter.h:216->calorimeter.cpp:392]   --->   Operation 103 'zext' 'zext_ln216_13' <Predicate = (!icmp_ln375)> <Delay = 0.00>
ST_2 : Operation 104 [1/1] (0.00ns)   --->   "%towers_addr_1 = getelementptr i12 %towers, i64 0, i64 %zext_ln216_13" [./calorimeter.h:216->calorimeter.cpp:392]   --->   Operation 104 'getelementptr' 'towers_addr_1' <Predicate = (!icmp_ln375)> <Delay = 0.00>
ST_2 : Operation 105 [2/2] (1.20ns)   --->   "%neighbor = load i11 %towers_addr_1" [./calorimeter.h:216->calorimeter.cpp:392]   --->   Operation 105 'load' 'neighbor' <Predicate = (!icmp_ln375)> <Delay = 1.20> <CoreInst = "RAM">   --->   Core 82 'RAM' <Latency = 1> <II = 1> <Delay = 1.20> <Storage> <Opcode : 'load' 'store'> <Ports = 2> <Width = 12> <Depth = 1800> <RAM>

State 3 <SV = 2> <Delay = 2.95>
ST_3 : Operation 106 [1/2] (1.20ns)   --->   "%neighbor = load i11 %towers_addr_1" [./calorimeter.h:216->calorimeter.cpp:392]   --->   Operation 106 'load' 'neighbor' <Predicate = (!icmp_ln375)> <Delay = 1.20> <CoreInst = "RAM">   --->   Core 82 'RAM' <Latency = 1> <II = 1> <Delay = 1.20> <Storage> <Opcode : 'load' 'store'> <Ports = 2> <Width = 12> <Depth = 1800> <RAM>
ST_3 : Operation 107 [1/1] (0.70ns)   --->   "%add_ln213_3 = add i7 %zext_ln376, i7 126" [./calorimeter.h:213->calorimeter.cpp:392]   --->   Operation 107 'add' 'add_ln213_3' <Predicate = (!icmp_ln375)> <Delay = 0.70> <CoreInst = "Adder">   --->   Core 1 'Adder' <Latency = 0> <II = 1> <Delay = 0.70> <FuncUnit> <Opcode : 'add' 'sub'> <InPorts = 2> <OutPorts = 1>
ST_3 : Operation 108 [1/1] (0.00ns)   --->   "%tmp_8 = bitselect i1 @_ssdm_op_BitSelect.i1.i7.i32, i7 %add_ln213_3, i32 6" [./calorimeter.h:160->./calorimeter.h:213->calorimeter.cpp:392]   --->   Operation 108 'bitselect' 'tmp_8' <Predicate = (!icmp_ln375)> <Delay = 0.00>
ST_3 : Operation 109 [1/1] (0.70ns)   --->   "%add_ln161_1 = add i7 %zext_ln376, i7 58" [./calorimeter.h:161->./calorimeter.h:213->calorimeter.cpp:392]   --->   Operation 109 'add' 'add_ln161_1' <Predicate = (!icmp_ln375)> <Delay = 0.70> <CoreInst = "Adder">   --->   Core 1 'Adder' <Latency = 0> <II = 1> <Delay = 0.70> <FuncUnit> <Opcode : 'add' 'sub'> <InPorts = 2> <OutPorts = 1>
ST_3 : Operation 110 [1/1] (0.30ns)   --->   "%phi_idx_7 = select i1 %tmp_8, i7 %add_ln161_1, i7 %add_ln213_3" [./calorimeter.h:160->./calorimeter.h:213->calorimeter.cpp:392]   --->   Operation 110 'select' 'phi_idx_7' <Predicate = (!icmp_ln375)> <Delay = 0.30> <CoreInst = "Sel">   --->   Core 73 'Sel' <Latency = 0> <II = 1> <Delay = 0.30> <FuncUnit> <Opcode : 'select'> <InPorts = 3> <OutPorts = 1>
ST_3 : Operation 111 [1/1] (0.00ns)   --->   "%zext_ln216_14 = zext i7 %phi_idx_7" [./calorimeter.h:216->calorimeter.cpp:392]   --->   Operation 111 'zext' 'zext_ln216_14' <Predicate = (!icmp_ln375)> <Delay = 0.00>
ST_3 : Operation 112 [1/1] (0.73ns)   --->   "%add_ln216_7 = add i11 %sub_ln216, i11 %zext_ln216_14" [./calorimeter.h:216->calorimeter.cpp:392]   --->   Operation 112 'add' 'add_ln216_7' <Predicate = (!icmp_ln375)> <Delay = 0.73> <CoreInst = "Adder">   --->   Core 1 'Adder' <Latency = 0> <II = 1> <Delay = 0.73> <FuncUnit> <Opcode : 'add' 'sub'> <InPorts = 2> <OutPorts = 1>
ST_3 : Operation 113 [1/1] (0.00ns)   --->   "%zext_ln216_15 = zext i11 %add_ln216_7" [./calorimeter.h:216->calorimeter.cpp:392]   --->   Operation 113 'zext' 'zext_ln216_15' <Predicate = (!icmp_ln375)> <Delay = 0.00>
ST_3 : Operation 114 [1/1] (0.00ns)   --->   "%towers_addr_2 = getelementptr i12 %towers, i64 0, i64 %zext_ln216_15" [./calorimeter.h:216->calorimeter.cpp:392]   --->   Operation 114 'getelementptr' 'towers_addr_2' <Predicate = (!icmp_ln375)> <Delay = 0.00>
ST_3 : Operation 115 [2/2] (1.20ns)   --->   "%neighbor_1 = load i11 %towers_addr_2" [./calorimeter.h:216->calorimeter.cpp:392]   --->   Operation 115 'load' 'neighbor_1' <Predicate = (!icmp_ln375)> <Delay = 1.20> <CoreInst = "RAM">   --->   Core 82 'RAM' <Latency = 1> <II = 1> <Delay = 1.20> <Storage> <Opcode : 'load' 'store'> <Ports = 2> <Width = 12> <Depth = 1800> <RAM>

State 4 <SV = 3> <Delay = 2.95>
ST_4 : Operation 116 [1/2] (1.20ns)   --->   "%neighbor_1 = load i11 %towers_addr_2" [./calorimeter.h:216->calorimeter.cpp:392]   --->   Operation 116 'load' 'neighbor_1' <Predicate = (!icmp_ln375)> <Delay = 1.20> <CoreInst = "RAM">   --->   Core 82 'RAM' <Latency = 1> <II = 1> <Delay = 1.20> <Storage> <Opcode : 'load' 'store'> <Ports = 2> <Width = 12> <Depth = 1800> <RAM>
ST_4 : Operation 117 [1/1] (0.70ns)   --->   "%add_ln213_4 = add i7 %zext_ln376, i7 127" [./calorimeter.h:213->calorimeter.cpp:392]   --->   Operation 117 'add' 'add_ln213_4' <Predicate = (!icmp_ln375)> <Delay = 0.70> <CoreInst = "Adder">   --->   Core 1 'Adder' <Latency = 0> <II = 1> <Delay = 0.70> <FuncUnit> <Opcode : 'add' 'sub'> <InPorts = 2> <OutPorts = 1>
ST_4 : Operation 118 [1/1] (0.00ns)   --->   "%tmp_9 = bitselect i1 @_ssdm_op_BitSelect.i1.i7.i32, i7 %add_ln213_4, i32 6" [./calorimeter.h:160->./calorimeter.h:213->calorimeter.cpp:392]   --->   Operation 118 'bitselect' 'tmp_9' <Predicate = (!icmp_ln375)> <Delay = 0.00>
ST_4 : Operation 119 [1/1] (0.70ns)   --->   "%add_ln161_2 = add i7 %zext_ln376, i7 59" [./calorimeter.h:161->./calorimeter.h:213->calorimeter.cpp:392]   --->   Operation 119 'add' 'add_ln161_2' <Predicate = (!icmp_ln375)> <Delay = 0.70> <CoreInst = "Adder">   --->   Core 1 'Adder' <Latency = 0> <II = 1> <Delay = 0.70> <FuncUnit> <Opcode : 'add' 'sub'> <InPorts = 2> <OutPorts = 1>
ST_4 : Operation 120 [1/1] (0.30ns)   --->   "%phi_idx_8 = select i1 %tmp_9, i7 %add_ln161_2, i7 %add_ln213_4" [./calorimeter.h:160->./calorimeter.h:213->calorimeter.cpp:392]   --->   Operation 120 'select' 'phi_idx_8' <Predicate = (!icmp_ln375)> <Delay = 0.30> <CoreInst = "Sel">   --->   Core 73 'Sel' <Latency = 0> <II = 1> <Delay = 0.30> <FuncUnit> <Opcode : 'select'> <InPorts = 3> <OutPorts = 1>
ST_4 : Operation 121 [1/1] (0.00ns)   --->   "%zext_ln216_16 = zext i7 %phi_idx_8" [./calorimeter.h:216->calorimeter.cpp:392]   --->   Operation 121 'zext' 'zext_ln216_16' <Predicate = (!icmp_ln375)> <Delay = 0.00>
ST_4 : Operation 122 [1/1] (0.73ns)   --->   "%add_ln216_8 = add i11 %sub_ln216, i11 %zext_ln216_16" [./calorimeter.h:216->calorimeter.cpp:392]   --->   Operation 122 'add' 'add_ln216_8' <Predicate = (!icmp_ln375)> <Delay = 0.73> <CoreInst = "Adder">   --->   Core 1 'Adder' <Latency = 0> <II = 1> <Delay = 0.73> <FuncUnit> <Opcode : 'add' 'sub'> <InPorts = 2> <OutPorts = 1>
ST_4 : Operation 123 [1/1] (0.00ns)   --->   "%zext_ln216_17 = zext i11 %add_ln216_8" [./calorimeter.h:216->calorimeter.cpp:392]   --->   Operation 123 'zext' 'zext_ln216_17' <Predicate = (!icmp_ln375)> <Delay = 0.00>
ST_4 : Operation 124 [1/1] (0.00ns)   --->   "%towers_addr_3 = getelementptr i12 %towers, i64 0, i64 %zext_ln216_17" [./calorimeter.h:216->calorimeter.cpp:392]   --->   Operation 124 'getelementptr' 'towers_addr_3' <Predicate = (!icmp_ln375)> <Delay = 0.00>
ST_4 : Operation 125 [2/2] (1.20ns)   --->   "%neighbor_2 = load i11 %towers_addr_3" [./calorimeter.h:216->calorimeter.cpp:392]   --->   Operation 125 'load' 'neighbor_2' <Predicate = (!icmp_ln375)> <Delay = 1.20> <CoreInst = "RAM">   --->   Core 82 'RAM' <Latency = 1> <II = 1> <Delay = 1.20> <Storage> <Opcode : 'load' 'store'> <Ports = 2> <Width = 12> <Depth = 1800> <RAM>

State 5 <SV = 4> <Delay = 1.93>
ST_5 : Operation 126 [1/1] (0.73ns)   --->   "%add_ln216 = add i11 %sub_ln216, i11 %zext_ln389_1" [./calorimeter.h:216->calorimeter.cpp:392]   --->   Operation 126 'add' 'add_ln216' <Predicate = (!icmp_ln375)> <Delay = 0.73> <CoreInst = "Adder">   --->   Core 1 'Adder' <Latency = 0> <II = 1> <Delay = 0.73> <FuncUnit> <Opcode : 'add' 'sub'> <InPorts = 2> <OutPorts = 1>
ST_5 : Operation 127 [1/1] (0.00ns)   --->   "%zext_ln216_6 = zext i11 %add_ln216" [./calorimeter.h:216->calorimeter.cpp:392]   --->   Operation 127 'zext' 'zext_ln216_6' <Predicate = (!icmp_ln375)> <Delay = 0.00>
ST_5 : Operation 128 [1/1] (0.00ns)   --->   "%towers_addr_4 = getelementptr i12 %towers, i64 0, i64 %zext_ln216_6" [./calorimeter.h:216->calorimeter.cpp:392]   --->   Operation 128 'getelementptr' 'towers_addr_4' <Predicate = (!icmp_ln375)> <Delay = 0.00>
ST_5 : Operation 129 [1/2] (1.20ns)   --->   "%neighbor_2 = load i11 %towers_addr_3" [./calorimeter.h:216->calorimeter.cpp:392]   --->   Operation 129 'load' 'neighbor_2' <Predicate = (!icmp_ln375)> <Delay = 1.20> <CoreInst = "RAM">   --->   Core 82 'RAM' <Latency = 1> <II = 1> <Delay = 1.20> <Storage> <Opcode : 'load' 'store'> <Ports = 2> <Width = 12> <Depth = 1800> <RAM>
ST_5 : Operation 130 [2/2] (1.20ns)   --->   "%neighbor_3 = load i11 %towers_addr_4" [./calorimeter.h:216->calorimeter.cpp:392]   --->   Operation 130 'load' 'neighbor_3' <Predicate = (!icmp_ln375)> <Delay = 1.20> <CoreInst = "RAM">   --->   Core 82 'RAM' <Latency = 1> <II = 1> <Delay = 1.20> <Storage> <Opcode : 'load' 'store'> <Ports = 2> <Width = 12> <Depth = 1800> <RAM>

State 6 <SV = 5> <Delay = 3.65>
ST_6 : Operation 131 [1/2] (1.20ns)   --->   "%neighbor_3 = load i11 %towers_addr_4" [./calorimeter.h:216->calorimeter.cpp:392]   --->   Operation 131 'load' 'neighbor_3' <Predicate = (!icmp_ln375)> <Delay = 1.20> <CoreInst = "RAM">   --->   Core 82 'RAM' <Latency = 1> <II = 1> <Delay = 1.20> <Storage> <Opcode : 'load' 'store'> <Ports = 2> <Width = 12> <Depth = 1800> <RAM>
ST_6 : Operation 132 [1/1] (0.70ns)   --->   "%phi = add i6 %select_ln375, i6 1" [./calorimeter.h:213->calorimeter.cpp:392]   --->   Operation 132 'add' 'phi' <Predicate = (!icmp_ln375)> <Delay = 0.70> <CoreInst = "Adder">   --->   Core 1 'Adder' <Latency = 0> <II = 1> <Delay = 0.70> <FuncUnit> <Opcode : 'add' 'sub'> <InPorts = 2> <OutPorts = 1>
ST_6 : Operation 133 [1/1] (0.70ns)   --->   "%icmp_ln162 = icmp_ugt  i6 %phi, i6 59" [./calorimeter.h:162->./calorimeter.h:213->calorimeter.cpp:392]   --->   Operation 133 'icmp' 'icmp_ln162' <Predicate = (!icmp_ln375)> <Delay = 0.70> <CoreInst = "Cmp">   --->   Core 9 'Cmp' <Latency = 0> <II = 1> <Delay = 0.70> <FuncUnit> <Opcode : 'seteq' 'setne' 'setle' 'setge' 'setlt' 'setgt'> <InPorts = 2> <OutPorts = 1>
ST_6 : Operation 134 [1/1] (0.70ns)   --->   "%add_ln163 = add i7 %zext_ln376, i7 69" [./calorimeter.h:163->./calorimeter.h:213->calorimeter.cpp:392]   --->   Operation 134 'add' 'add_ln163' <Predicate = (!icmp_ln375)> <Delay = 0.70> <CoreInst = "Adder">   --->   Core 1 'Adder' <Latency = 0> <II = 1> <Delay = 0.70> <FuncUnit> <Opcode : 'add' 'sub'> <InPorts = 2> <OutPorts = 1>
ST_6 : Operation 135 [1/1] (0.00ns)   --->   "%zext_ln162 = zext i6 %phi" [./calorimeter.h:162->./calorimeter.h:213->calorimeter.cpp:392]   --->   Operation 135 'zext' 'zext_ln162' <Predicate = (!icmp_ln375)> <Delay = 0.00>
ST_6 : Operation 136 [1/1] (0.30ns)   --->   "%phi_idx_9 = select i1 %icmp_ln162, i7 %add_ln163, i7 %zext_ln162" [./calorimeter.h:162->./calorimeter.h:213->calorimeter.cpp:392]   --->   Operation 136 'select' 'phi_idx_9' <Predicate = (!icmp_ln375)> <Delay = 0.30> <CoreInst = "Sel">   --->   Core 73 'Sel' <Latency = 0> <II = 1> <Delay = 0.30> <FuncUnit> <Opcode : 'select'> <InPorts = 3> <OutPorts = 1>
ST_6 : Operation 137 [1/1] (0.00ns)   --->   "%sext_ln216 = sext i7 %phi_idx_9" [./calorimeter.h:216->calorimeter.cpp:392]   --->   Operation 137 'sext' 'sext_ln216' <Predicate = (!icmp_ln375)> <Delay = 0.00>
ST_6 : Operation 138 [1/1] (0.73ns)   --->   "%add_ln216_9 = add i11 %sub_ln216, i11 %sext_ln216" [./calorimeter.h:216->calorimeter.cpp:392]   --->   Operation 138 'add' 'add_ln216_9' <Predicate = (!icmp_ln375)> <Delay = 0.73> <CoreInst = "Adder">   --->   Core 1 'Adder' <Latency = 0> <II = 1> <Delay = 0.73> <FuncUnit> <Opcode : 'add' 'sub'> <InPorts = 2> <OutPorts = 1>
ST_6 : Operation 139 [1/1] (0.00ns)   --->   "%zext_ln216_18 = zext i11 %add_ln216_9" [./calorimeter.h:216->calorimeter.cpp:392]   --->   Operation 139 'zext' 'zext_ln216_18' <Predicate = (!icmp_ln375)> <Delay = 0.00>
ST_6 : Operation 140 [1/1] (0.00ns)   --->   "%towers_addr_5 = getelementptr i12 %towers, i64 0, i64 %zext_ln216_18" [./calorimeter.h:216->calorimeter.cpp:392]   --->   Operation 140 'getelementptr' 'towers_addr_5' <Predicate = (!icmp_ln375)> <Delay = 0.00>
ST_6 : Operation 141 [2/2] (1.20ns)   --->   "%neighbor_4 = load i11 %towers_addr_5" [./calorimeter.h:216->calorimeter.cpp:392]   --->   Operation 141 'load' 'neighbor_4' <Predicate = (!icmp_ln375)> <Delay = 1.20> <CoreInst = "RAM">   --->   Core 82 'RAM' <Latency = 1> <II = 1> <Delay = 1.20> <Storage> <Opcode : 'load' 'store'> <Ports = 2> <Width = 12> <Depth = 1800> <RAM>
ST_6 : Operation 142 [1/1] (0.38ns)   --->   "%store_ln184 = store i6 %phi, i6 %phi_idx_3" [./calorimeter.h:184->calorimeter.cpp:395]   --->   Operation 142 'store' 'store_ln184' <Predicate = (!icmp_ln375)> <Delay = 0.38>

State 7 <SV = 6> <Delay = 3.65>
ST_7 : Operation 143 [1/2] (1.20ns)   --->   "%neighbor_4 = load i11 %towers_addr_5" [./calorimeter.h:216->calorimeter.cpp:392]   --->   Operation 143 'load' 'neighbor_4' <Predicate = (!icmp_ln375)> <Delay = 1.20> <CoreInst = "RAM">   --->   Core 82 'RAM' <Latency = 1> <II = 1> <Delay = 1.20> <Storage> <Opcode : 'load' 'store'> <Ports = 2> <Width = 12> <Depth = 1800> <RAM>
ST_7 : Operation 144 [1/1] (0.70ns)   --->   "%add_ln213_1 = add i6 %select_ln375, i6 2" [./calorimeter.h:213->calorimeter.cpp:392]   --->   Operation 144 'add' 'add_ln213_1' <Predicate = (!icmp_ln375)> <Delay = 0.70> <CoreInst = "Adder">   --->   Core 1 'Adder' <Latency = 0> <II = 1> <Delay = 0.70> <FuncUnit> <Opcode : 'add' 'sub'> <InPorts = 2> <OutPorts = 1>
ST_7 : Operation 145 [1/1] (0.70ns)   --->   "%icmp_ln162_1 = icmp_ugt  i6 %add_ln213_1, i6 59" [./calorimeter.h:162->./calorimeter.h:213->calorimeter.cpp:392]   --->   Operation 145 'icmp' 'icmp_ln162_1' <Predicate = (!icmp_ln375)> <Delay = 0.70> <CoreInst = "Cmp">   --->   Core 9 'Cmp' <Latency = 0> <II = 1> <Delay = 0.70> <FuncUnit> <Opcode : 'seteq' 'setne' 'setle' 'setge' 'setlt' 'setgt'> <InPorts = 2> <OutPorts = 1>
ST_7 : Operation 146 [1/1] (0.70ns)   --->   "%add_ln163_1 = add i7 %zext_ln376, i7 70" [./calorimeter.h:163->./calorimeter.h:213->calorimeter.cpp:392]   --->   Operation 146 'add' 'add_ln163_1' <Predicate = (!icmp_ln375)> <Delay = 0.70> <CoreInst = "Adder">   --->   Core 1 'Adder' <Latency = 0> <II = 1> <Delay = 0.70> <FuncUnit> <Opcode : 'add' 'sub'> <InPorts = 2> <OutPorts = 1>
ST_7 : Operation 147 [1/1] (0.00ns)   --->   "%zext_ln162_1 = zext i6 %add_ln213_1" [./calorimeter.h:162->./calorimeter.h:213->calorimeter.cpp:392]   --->   Operation 147 'zext' 'zext_ln162_1' <Predicate = (!icmp_ln375)> <Delay = 0.00>
ST_7 : Operation 148 [1/1] (0.30ns)   --->   "%phi_idx_10 = select i1 %icmp_ln162_1, i7 %add_ln163_1, i7 %zext_ln162_1" [./calorimeter.h:162->./calorimeter.h:213->calorimeter.cpp:392]   --->   Operation 148 'select' 'phi_idx_10' <Predicate = (!icmp_ln375)> <Delay = 0.30> <CoreInst = "Sel">   --->   Core 73 'Sel' <Latency = 0> <II = 1> <Delay = 0.30> <FuncUnit> <Opcode : 'select'> <InPorts = 3> <OutPorts = 1>
ST_7 : Operation 149 [1/1] (0.00ns)   --->   "%sext_ln216_1 = sext i7 %phi_idx_10" [./calorimeter.h:216->calorimeter.cpp:392]   --->   Operation 149 'sext' 'sext_ln216_1' <Predicate = (!icmp_ln375)> <Delay = 0.00>
ST_7 : Operation 150 [1/1] (0.73ns)   --->   "%add_ln216_16 = add i11 %sub_ln216, i11 %sext_ln216_1" [./calorimeter.h:216->calorimeter.cpp:392]   --->   Operation 150 'add' 'add_ln216_16' <Predicate = (!icmp_ln375)> <Delay = 0.73> <CoreInst = "Adder">   --->   Core 1 'Adder' <Latency = 0> <II = 1> <Delay = 0.73> <FuncUnit> <Opcode : 'add' 'sub'> <InPorts = 2> <OutPorts = 1>
ST_7 : Operation 151 [1/1] (0.00ns)   --->   "%zext_ln216_25 = zext i11 %add_ln216_16" [./calorimeter.h:216->calorimeter.cpp:392]   --->   Operation 151 'zext' 'zext_ln216_25' <Predicate = (!icmp_ln375)> <Delay = 0.00>
ST_7 : Operation 152 [1/1] (0.00ns)   --->   "%towers_addr_6 = getelementptr i12 %towers, i64 0, i64 %zext_ln216_25" [./calorimeter.h:216->calorimeter.cpp:392]   --->   Operation 152 'getelementptr' 'towers_addr_6' <Predicate = (!icmp_ln375)> <Delay = 0.00>
ST_7 : Operation 153 [2/2] (1.20ns)   --->   "%neighbor_5 = load i11 %towers_addr_6" [./calorimeter.h:216->calorimeter.cpp:392]   --->   Operation 153 'load' 'neighbor_5' <Predicate = (!icmp_ln375)> <Delay = 1.20> <CoreInst = "RAM">   --->   Core 82 'RAM' <Latency = 1> <II = 1> <Delay = 1.20> <Storage> <Opcode : 'load' 'store'> <Ports = 2> <Width = 12> <Depth = 1800> <RAM>

State 8 <SV = 7> <Delay = 3.65>
ST_8 : Operation 154 [1/1] (0.74ns)   --->   "%is_max = icmp_ult  i12 %neighbor, i12 %seed_et" [./calorimeter.h:218->calorimeter.cpp:392]   --->   Operation 154 'icmp' 'is_max' <Predicate = (!icmp_ln375)> <Delay = 0.74> <CoreInst = "Cmp">   --->   Core 9 'Cmp' <Latency = 0> <II = 1> <Delay = 0.74> <FuncUnit> <Opcode : 'seteq' 'setne' 'setle' 'setge' 'setlt' 'setgt'> <InPorts = 2> <OutPorts = 1>
ST_8 : Operation 155 [1/1] (0.74ns)   --->   "%icmp_ln220 = icmp_ne  i12 %neighbor_1, i12 %seed_et" [./calorimeter.h:220->calorimeter.cpp:392]   --->   Operation 155 'icmp' 'icmp_ln220' <Predicate = (!icmp_ln375)> <Delay = 0.74> <CoreInst = "Cmp">   --->   Core 9 'Cmp' <Latency = 0> <II = 1> <Delay = 0.74> <FuncUnit> <Opcode : 'seteq' 'setne' 'setle' 'setge' 'setlt' 'setgt'> <InPorts = 2> <OutPorts = 1>
ST_8 : Operation 156 [1/1] (0.74ns)   --->   "%icmp_ln218 = icmp_ult  i12 %seed_et, i12 %neighbor_1" [./calorimeter.h:218->calorimeter.cpp:392]   --->   Operation 156 'icmp' 'icmp_ln218' <Predicate = (!icmp_ln375)> <Delay = 0.74> <CoreInst = "Cmp">   --->   Core 9 'Cmp' <Latency = 0> <II = 1> <Delay = 0.74> <FuncUnit> <Opcode : 'seteq' 'setne' 'setle' 'setge' 'setlt' 'setgt'> <InPorts = 2> <OutPorts = 1>
ST_8 : Operation 157 [1/1] (0.00ns) (grouped into LUT with out node and_ln218_2)   --->   "%xor_ln218_1 = xor i1 %icmp_ln218, i1 1" [./calorimeter.h:218->calorimeter.cpp:392]   --->   Operation 157 'xor' 'xor_ln218_1' <Predicate = (!icmp_ln375)> <Delay = 0.00> <CoreInst = "LogicGate">   --->   Core 74 'LogicGate' <Latency = 0> <II = 1> <Delay = 0.12> <FuncUnit> <Opcode : 'and' 'or' 'xor'> <InPorts = 2> <OutPorts = 1>
ST_8 : Operation 158 [1/1] (0.74ns)   --->   "%icmp_ln220_1 = icmp_ne  i12 %neighbor_2, i12 %seed_et" [./calorimeter.h:220->calorimeter.cpp:392]   --->   Operation 158 'icmp' 'icmp_ln220_1' <Predicate = (!icmp_ln375)> <Delay = 0.74> <CoreInst = "Cmp">   --->   Core 9 'Cmp' <Latency = 0> <II = 1> <Delay = 0.74> <FuncUnit> <Opcode : 'seteq' 'setne' 'setle' 'setge' 'setlt' 'setgt'> <InPorts = 2> <OutPorts = 1>
ST_8 : Operation 159 [1/1] (0.74ns)   --->   "%icmp_ln218_1 = icmp_ult  i12 %seed_et, i12 %neighbor_2" [./calorimeter.h:218->calorimeter.cpp:392]   --->   Operation 159 'icmp' 'icmp_ln218_1' <Predicate = (!icmp_ln375)> <Delay = 0.74> <CoreInst = "Cmp">   --->   Core 9 'Cmp' <Latency = 0> <II = 1> <Delay = 0.74> <FuncUnit> <Opcode : 'seteq' 'setne' 'setle' 'setge' 'setlt' 'setgt'> <InPorts = 2> <OutPorts = 1>
ST_8 : Operation 160 [1/1] (0.00ns) (grouped into LUT with out node and_ln218_6)   --->   "%xor_ln218_2 = xor i1 %icmp_ln218_1, i1 1" [./calorimeter.h:218->calorimeter.cpp:392]   --->   Operation 160 'xor' 'xor_ln218_2' <Predicate = (!icmp_ln375)> <Delay = 0.00> <CoreInst = "LogicGate">   --->   Core 74 'LogicGate' <Latency = 0> <II = 1> <Delay = 0.12> <FuncUnit> <Opcode : 'and' 'or' 'xor'> <InPorts = 2> <OutPorts = 1>
ST_8 : Operation 161 [1/1] (0.74ns)   --->   "%icmp_ln220_2 = icmp_ne  i12 %neighbor_3, i12 %seed_et" [./calorimeter.h:220->calorimeter.cpp:392]   --->   Operation 161 'icmp' 'icmp_ln220_2' <Predicate = (!icmp_ln375)> <Delay = 0.74> <CoreInst = "Cmp">   --->   Core 9 'Cmp' <Latency = 0> <II = 1> <Delay = 0.74> <FuncUnit> <Opcode : 'seteq' 'setne' 'setle' 'setge' 'setlt' 'setgt'> <InPorts = 2> <OutPorts = 1>
ST_8 : Operation 162 [1/1] (0.74ns)   --->   "%icmp_ln218_2 = icmp_ult  i12 %seed_et, i12 %neighbor_3" [./calorimeter.h:218->calorimeter.cpp:392]   --->   Operation 162 'icmp' 'icmp_ln218_2' <Predicate = (!icmp_ln375)> <Delay = 0.74> <CoreInst = "Cmp">   --->   Core 9 'Cmp' <Latency = 0> <II = 1> <Delay = 0.74> <FuncUnit> <Opcode : 'seteq' 'setne' 'setle' 'setge' 'setlt' 'setgt'> <InPorts = 2> <OutPorts = 1>
ST_8 : Operation 163 [1/1] (0.00ns) (grouped into LUT with out node and_ln218_6)   --->   "%xor_ln218_3 = xor i1 %icmp_ln218_2, i1 1" [./calorimeter.h:218->calorimeter.cpp:392]   --->   Operation 163 'xor' 'xor_ln218_3' <Predicate = (!icmp_ln375)> <Delay = 0.00> <CoreInst = "LogicGate">   --->   Core 74 'LogicGate' <Latency = 0> <II = 1> <Delay = 0.12> <FuncUnit> <Opcode : 'and' 'or' 'xor'> <InPorts = 2> <OutPorts = 1>
ST_8 : Operation 164 [1/1] (0.74ns)   --->   "%icmp_ln220_3 = icmp_ne  i12 %neighbor_4, i12 %seed_et" [./calorimeter.h:220->calorimeter.cpp:392]   --->   Operation 164 'icmp' 'icmp_ln220_3' <Predicate = (!icmp_ln375)> <Delay = 0.74> <CoreInst = "Cmp">   --->   Core 9 'Cmp' <Latency = 0> <II = 1> <Delay = 0.74> <FuncUnit> <Opcode : 'seteq' 'setne' 'setle' 'setge' 'setlt' 'setgt'> <InPorts = 2> <OutPorts = 1>
ST_8 : Operation 165 [1/1] (0.74ns)   --->   "%icmp_ln218_3 = icmp_ult  i12 %seed_et, i12 %neighbor_4" [./calorimeter.h:218->calorimeter.cpp:392]   --->   Operation 165 'icmp' 'icmp_ln218_3' <Predicate = (!icmp_ln375)> <Delay = 0.74> <CoreInst = "Cmp">   --->   Core 9 'Cmp' <Latency = 0> <II = 1> <Delay = 0.74> <FuncUnit> <Opcode : 'seteq' 'setne' 'setle' 'setge' 'setlt' 'setgt'> <InPorts = 2> <OutPorts = 1>
ST_8 : Operation 166 [1/2] (1.20ns)   --->   "%neighbor_5 = load i11 %towers_addr_6" [./calorimeter.h:216->calorimeter.cpp:392]   --->   Operation 166 'load' 'neighbor_5' <Predicate = (!icmp_ln375)> <Delay = 1.20> <CoreInst = "RAM">   --->   Core 82 'RAM' <Latency = 1> <II = 1> <Delay = 1.20> <Storage> <Opcode : 'load' 'store'> <Ports = 2> <Width = 12> <Depth = 1800> <RAM>
ST_8 : Operation 167 [1/1] (0.74ns)   --->   "%icmp_ln220_4 = icmp_ne  i12 %neighbor_5, i12 %seed_et" [./calorimeter.h:220->calorimeter.cpp:392]   --->   Operation 167 'icmp' 'icmp_ln220_4' <Predicate = (!icmp_ln375)> <Delay = 0.74> <CoreInst = "Cmp">   --->   Core 9 'Cmp' <Latency = 0> <II = 1> <Delay = 0.74> <FuncUnit> <Opcode : 'seteq' 'setne' 'setle' 'setge' 'setlt' 'setgt'> <InPorts = 2> <OutPorts = 1>
ST_8 : Operation 168 [1/1] (0.74ns)   --->   "%icmp_ln218_4 = icmp_ult  i12 %seed_et, i12 %neighbor_5" [./calorimeter.h:218->calorimeter.cpp:392]   --->   Operation 168 'icmp' 'icmp_ln218_4' <Predicate = (!icmp_ln375)> <Delay = 0.74> <CoreInst = "Cmp">   --->   Core 9 'Cmp' <Latency = 0> <II = 1> <Delay = 0.74> <FuncUnit> <Opcode : 'seteq' 'setne' 'setle' 'setge' 'setlt' 'setgt'> <InPorts = 2> <OutPorts = 1>
ST_8 : Operation 169 [1/1] (0.70ns)   --->   "%add_ln213_2 = add i6 %select_ln375, i6 3" [./calorimeter.h:213->calorimeter.cpp:392]   --->   Operation 169 'add' 'add_ln213_2' <Predicate = (!icmp_ln375)> <Delay = 0.70> <CoreInst = "Adder">   --->   Core 1 'Adder' <Latency = 0> <II = 1> <Delay = 0.70> <FuncUnit> <Opcode : 'add' 'sub'> <InPorts = 2> <OutPorts = 1>
ST_8 : Operation 170 [1/1] (0.70ns)   --->   "%icmp_ln162_2 = icmp_ugt  i6 %add_ln213_2, i6 59" [./calorimeter.h:162->./calorimeter.h:213->calorimeter.cpp:392]   --->   Operation 170 'icmp' 'icmp_ln162_2' <Predicate = (!icmp_ln375)> <Delay = 0.70> <CoreInst = "Cmp">   --->   Core 9 'Cmp' <Latency = 0> <II = 1> <Delay = 0.70> <FuncUnit> <Opcode : 'seteq' 'setne' 'setle' 'setge' 'setlt' 'setgt'> <InPorts = 2> <OutPorts = 1>
ST_8 : Operation 171 [1/1] (0.70ns)   --->   "%add_ln163_2 = add i7 %zext_ln376, i7 71" [./calorimeter.h:163->./calorimeter.h:213->calorimeter.cpp:392]   --->   Operation 171 'add' 'add_ln163_2' <Predicate = (!icmp_ln375)> <Delay = 0.70> <CoreInst = "Adder">   --->   Core 1 'Adder' <Latency = 0> <II = 1> <Delay = 0.70> <FuncUnit> <Opcode : 'add' 'sub'> <InPorts = 2> <OutPorts = 1>
ST_8 : Operation 172 [1/1] (0.00ns)   --->   "%zext_ln162_2 = zext i6 %add_ln213_2" [./calorimeter.h:162->./calorimeter.h:213->calorimeter.cpp:392]   --->   Operation 172 'zext' 'zext_ln162_2' <Predicate = (!icmp_ln375)> <Delay = 0.00>
ST_8 : Operation 173 [1/1] (0.30ns)   --->   "%phi_idx_11 = select i1 %icmp_ln162_2, i7 %add_ln163_2, i7 %zext_ln162_2" [./calorimeter.h:162->./calorimeter.h:213->calorimeter.cpp:392]   --->   Operation 173 'select' 'phi_idx_11' <Predicate = (!icmp_ln375)> <Delay = 0.30> <CoreInst = "Sel">   --->   Core 73 'Sel' <Latency = 0> <II = 1> <Delay = 0.30> <FuncUnit> <Opcode : 'select'> <InPorts = 3> <OutPorts = 1>
ST_8 : Operation 174 [1/1] (0.00ns)   --->   "%sext_ln216_2 = sext i7 %phi_idx_11" [./calorimeter.h:216->calorimeter.cpp:392]   --->   Operation 174 'sext' 'sext_ln216_2' <Predicate = (!icmp_ln375)> <Delay = 0.00>
ST_8 : Operation 175 [1/1] (0.73ns)   --->   "%add_ln216_23 = add i11 %sub_ln216, i11 %sext_ln216_2" [./calorimeter.h:216->calorimeter.cpp:392]   --->   Operation 175 'add' 'add_ln216_23' <Predicate = (!icmp_ln375)> <Delay = 0.73> <CoreInst = "Adder">   --->   Core 1 'Adder' <Latency = 0> <II = 1> <Delay = 0.73> <FuncUnit> <Opcode : 'add' 'sub'> <InPorts = 2> <OutPorts = 1>
ST_8 : Operation 176 [1/1] (0.00ns)   --->   "%zext_ln216_32 = zext i11 %add_ln216_23" [./calorimeter.h:216->calorimeter.cpp:392]   --->   Operation 176 'zext' 'zext_ln216_32' <Predicate = (!icmp_ln375)> <Delay = 0.00>
ST_8 : Operation 177 [1/1] (0.00ns)   --->   "%towers_addr_7 = getelementptr i12 %towers, i64 0, i64 %zext_ln216_32" [./calorimeter.h:216->calorimeter.cpp:392]   --->   Operation 177 'getelementptr' 'towers_addr_7' <Predicate = (!icmp_ln375)> <Delay = 0.00>
ST_8 : Operation 178 [2/2] (1.20ns)   --->   "%neighbor_6 = load i11 %towers_addr_7" [./calorimeter.h:216->calorimeter.cpp:392]   --->   Operation 178 'load' 'neighbor_6' <Predicate = (!icmp_ln375)> <Delay = 1.20> <CoreInst = "RAM">   --->   Core 82 'RAM' <Latency = 1> <II = 1> <Delay = 1.20> <Storage> <Opcode : 'load' 'store'> <Ports = 2> <Width = 12> <Depth = 1800> <RAM>
ST_8 : Operation 179 [1/1] (0.00ns) (grouped into LUT with out node and_ln218_2)   --->   "%and_ln218 = and i1 %is_max, i1 %icmp_ln220" [./calorimeter.h:218->calorimeter.cpp:392]   --->   Operation 179 'and' 'and_ln218' <Predicate = (!icmp_ln375)> <Delay = 0.00> <CoreInst = "LogicGate">   --->   Core 74 'LogicGate' <Latency = 0> <II = 1> <Delay = 0.12> <FuncUnit> <Opcode : 'and' 'or' 'xor'> <InPorts = 2> <OutPorts = 1>
ST_8 : Operation 180 [1/1] (0.00ns) (grouped into LUT with out node and_ln218_2)   --->   "%and_ln218_1 = and i1 %xor_ln218_1, i1 %icmp_ln220_1" [./calorimeter.h:218->calorimeter.cpp:392]   --->   Operation 180 'and' 'and_ln218_1' <Predicate = (!icmp_ln375)> <Delay = 0.00> <CoreInst = "LogicGate">   --->   Core 74 'LogicGate' <Latency = 0> <II = 1> <Delay = 0.12> <FuncUnit> <Opcode : 'and' 'or' 'xor'> <InPorts = 2> <OutPorts = 1>
ST_8 : Operation 181 [1/1] (0.12ns) (out node of the LUT)   --->   "%and_ln218_2 = and i1 %and_ln218_1, i1 %and_ln218" [./calorimeter.h:218->calorimeter.cpp:392]   --->   Operation 181 'and' 'and_ln218_2' <Predicate = (!icmp_ln375)> <Delay = 0.12> <CoreInst = "LogicGate">   --->   Core 74 'LogicGate' <Latency = 0> <II = 1> <Delay = 0.12> <FuncUnit> <Opcode : 'and' 'or' 'xor'> <InPorts = 2> <OutPorts = 1>
ST_8 : Operation 182 [1/1] (0.00ns) (grouped into LUT with out node and_ln218_6)   --->   "%and_ln218_3 = and i1 %xor_ln218_2, i1 %icmp_ln220_2" [./calorimeter.h:218->calorimeter.cpp:392]   --->   Operation 182 'and' 'and_ln218_3' <Predicate = (!icmp_ln375)> <Delay = 0.00> <CoreInst = "LogicGate">   --->   Core 74 'LogicGate' <Latency = 0> <II = 1> <Delay = 0.12> <FuncUnit> <Opcode : 'and' 'or' 'xor'> <InPorts = 2> <OutPorts = 1>
ST_8 : Operation 183 [1/1] (0.00ns) (grouped into LUT with out node and_ln218_6)   --->   "%and_ln218_4 = and i1 %xor_ln218_3, i1 %icmp_ln220_3" [./calorimeter.h:218->calorimeter.cpp:392]   --->   Operation 183 'and' 'and_ln218_4' <Predicate = (!icmp_ln375)> <Delay = 0.00> <CoreInst = "LogicGate">   --->   Core 74 'LogicGate' <Latency = 0> <II = 1> <Delay = 0.12> <FuncUnit> <Opcode : 'and' 'or' 'xor'> <InPorts = 2> <OutPorts = 1>
ST_8 : Operation 184 [1/1] (0.00ns) (grouped into LUT with out node and_ln218_6)   --->   "%and_ln218_5 = and i1 %and_ln218_4, i1 %and_ln218_3" [./calorimeter.h:218->calorimeter.cpp:392]   --->   Operation 184 'and' 'and_ln218_5' <Predicate = (!icmp_ln375)> <Delay = 0.00> <CoreInst = "LogicGate">   --->   Core 74 'LogicGate' <Latency = 0> <II = 1> <Delay = 0.12> <FuncUnit> <Opcode : 'and' 'or' 'xor'> <InPorts = 2> <OutPorts = 1>
ST_8 : Operation 185 [1/1] (0.12ns) (out node of the LUT)   --->   "%and_ln218_6 = and i1 %and_ln218_5, i1 %and_ln218_2" [./calorimeter.h:218->calorimeter.cpp:392]   --->   Operation 185 'and' 'and_ln218_6' <Predicate = (!icmp_ln375)> <Delay = 0.12> <CoreInst = "LogicGate">   --->   Core 74 'LogicGate' <Latency = 0> <II = 1> <Delay = 0.12> <FuncUnit> <Opcode : 'and' 'or' 'xor'> <InPorts = 2> <OutPorts = 1>
ST_8 : Operation 186 [1/1] (0.00ns)   --->   "%zext_ln184_1 = zext i12 %neighbor_4" [./calorimeter.h:184->calorimeter.cpp:395]   --->   Operation 186 'zext' 'zext_ln184_1' <Predicate = (!icmp_ln375)> <Delay = 0.00>
ST_8 : Operation 187 [1/1] (0.00ns)   --->   "%zext_ln184_2 = zext i12 %neighbor_5" [./calorimeter.h:184->calorimeter.cpp:395]   --->   Operation 187 'zext' 'zext_ln184_2' <Predicate = (!icmp_ln375)> <Delay = 0.00>
ST_8 : Operation 188 [1/1] (0.74ns)   --->   "%add_ln187_9 = add i13 %zext_ln184_1, i13 %zext_ln184_2" [./calorimeter.h:187->calorimeter.cpp:395]   --->   Operation 188 'add' 'add_ln187_9' <Predicate = (!icmp_ln375)> <Delay = 0.74> <CoreInst = "Adder">   --->   Core 1 'Adder' <Latency = 0> <II = 1> <Delay = 0.75> <FuncUnit> <Opcode : 'add' 'sub'> <InPorts = 2> <OutPorts = 1>

State 9 <SV = 8> <Delay = 3.38>
ST_9 : Operation 189 [1/1] (0.70ns)   --->   "%empty_98 = add i5 %select_ln375_2, i5 30" [calorimeter.cpp:375]   --->   Operation 189 'add' 'empty_98' <Predicate = (!icmp_ln375)> <Delay = 0.70> <CoreInst = "Adder">   --->   Core 1 'Adder' <Latency = 0> <II = 1> <Delay = 0.70> <FuncUnit> <Opcode : 'add' 'sub'> <InPorts = 2> <OutPorts = 1>
ST_9 : Operation 190 [1/1] (0.00ns)   --->   "%p_shl3 = bitconcatenate i11 @_ssdm_op_BitConcatenate.i11.i5.i6, i5 %empty_98, i6 0" [./calorimeter.h:216->calorimeter.cpp:392]   --->   Operation 190 'bitconcatenate' 'p_shl3' <Predicate = (!icmp_ln375)> <Delay = 0.00>
ST_9 : Operation 191 [1/1] (0.00ns)   --->   "%tmp_2 = bitconcatenate i7 @_ssdm_op_BitConcatenate.i7.i5.i2, i5 %empty_98, i2 0" [./calorimeter.h:216->calorimeter.cpp:392]   --->   Operation 191 'bitconcatenate' 'tmp_2' <Predicate = (!icmp_ln375)> <Delay = 0.00>
ST_9 : Operation 192 [1/1] (0.00ns)   --->   "%zext_ln216_1 = zext i7 %tmp_2" [./calorimeter.h:216->calorimeter.cpp:392]   --->   Operation 192 'zext' 'zext_ln216_1' <Predicate = (!icmp_ln375)> <Delay = 0.00>
ST_9 : Operation 193 [1/1] (0.73ns)   --->   "%sub_ln216_1 = sub i11 %p_shl3, i11 %zext_ln216_1" [./calorimeter.h:216->calorimeter.cpp:392]   --->   Operation 193 'sub' 'sub_ln216_1' <Predicate = (!icmp_ln375)> <Delay = 0.73> <CoreInst = "Adder">   --->   Core 1 'Adder' <Latency = 0> <II = 1> <Delay = 0.73> <FuncUnit> <Opcode : 'add' 'sub'> <InPorts = 2> <OutPorts = 1>
ST_9 : Operation 194 [1/1] (0.00ns) (grouped into LUT with out node and_ln218_9)   --->   "%xor_ln218_4 = xor i1 %icmp_ln218_3, i1 1" [./calorimeter.h:218->calorimeter.cpp:392]   --->   Operation 194 'xor' 'xor_ln218_4' <Predicate = (!icmp_ln375)> <Delay = 0.00> <CoreInst = "LogicGate">   --->   Core 74 'LogicGate' <Latency = 0> <II = 1> <Delay = 0.12> <FuncUnit> <Opcode : 'and' 'or' 'xor'> <InPorts = 2> <OutPorts = 1>
ST_9 : Operation 195 [1/1] (0.00ns) (grouped into LUT with out node and_ln218_9)   --->   "%xor_ln218_5 = xor i1 %icmp_ln218_4, i1 1" [./calorimeter.h:218->calorimeter.cpp:392]   --->   Operation 195 'xor' 'xor_ln218_5' <Predicate = (!icmp_ln375)> <Delay = 0.00> <CoreInst = "LogicGate">   --->   Core 74 'LogicGate' <Latency = 0> <II = 1> <Delay = 0.12> <FuncUnit> <Opcode : 'and' 'or' 'xor'> <InPorts = 2> <OutPorts = 1>
ST_9 : Operation 196 [1/2] (1.20ns)   --->   "%neighbor_6 = load i11 %towers_addr_7" [./calorimeter.h:216->calorimeter.cpp:392]   --->   Operation 196 'load' 'neighbor_6' <Predicate = (!icmp_ln375)> <Delay = 1.20> <CoreInst = "RAM">   --->   Core 82 'RAM' <Latency = 1> <II = 1> <Delay = 1.20> <Storage> <Opcode : 'load' 'store'> <Ports = 2> <Width = 12> <Depth = 1800> <RAM>
ST_9 : Operation 197 [1/1] (0.74ns)   --->   "%icmp_ln220_5 = icmp_ne  i12 %neighbor_6, i12 %seed_et" [./calorimeter.h:220->calorimeter.cpp:392]   --->   Operation 197 'icmp' 'icmp_ln220_5' <Predicate = (!icmp_ln375)> <Delay = 0.74> <CoreInst = "Cmp">   --->   Core 9 'Cmp' <Latency = 0> <II = 1> <Delay = 0.74> <FuncUnit> <Opcode : 'seteq' 'setne' 'setle' 'setge' 'setlt' 'setgt'> <InPorts = 2> <OutPorts = 1>
ST_9 : Operation 198 [1/1] (0.73ns)   --->   "%add_ln216_30 = add i11 %sub_ln216_1, i11 %zext_ln216_12" [./calorimeter.h:216->calorimeter.cpp:392]   --->   Operation 198 'add' 'add_ln216_30' <Predicate = (!icmp_ln375)> <Delay = 0.73> <CoreInst = "Adder">   --->   Core 1 'Adder' <Latency = 0> <II = 1> <Delay = 0.73> <FuncUnit> <Opcode : 'add' 'sub'> <InPorts = 2> <OutPorts = 1>
ST_9 : Operation 199 [1/1] (0.00ns)   --->   "%zext_ln216_39 = zext i11 %add_ln216_30" [./calorimeter.h:216->calorimeter.cpp:392]   --->   Operation 199 'zext' 'zext_ln216_39' <Predicate = (!icmp_ln375)> <Delay = 0.00>
ST_9 : Operation 200 [1/1] (0.00ns)   --->   "%towers_addr_8 = getelementptr i12 %towers, i64 0, i64 %zext_ln216_39" [./calorimeter.h:216->calorimeter.cpp:392]   --->   Operation 200 'getelementptr' 'towers_addr_8' <Predicate = (!icmp_ln375)> <Delay = 0.00>
ST_9 : Operation 201 [2/2] (1.20ns)   --->   "%neighbor_7 = load i11 %towers_addr_8" [./calorimeter.h:216->calorimeter.cpp:392]   --->   Operation 201 'load' 'neighbor_7' <Predicate = (!icmp_ln375)> <Delay = 1.20> <CoreInst = "RAM">   --->   Core 82 'RAM' <Latency = 1> <II = 1> <Delay = 1.20> <Storage> <Opcode : 'load' 'store'> <Ports = 2> <Width = 12> <Depth = 1800> <RAM>
ST_9 : Operation 202 [1/1] (0.00ns) (grouped into LUT with out node and_ln218_9)   --->   "%and_ln218_7 = and i1 %xor_ln218_4, i1 %icmp_ln220_4" [./calorimeter.h:218->calorimeter.cpp:392]   --->   Operation 202 'and' 'and_ln218_7' <Predicate = (!icmp_ln375)> <Delay = 0.00> <CoreInst = "LogicGate">   --->   Core 74 'LogicGate' <Latency = 0> <II = 1> <Delay = 0.12> <FuncUnit> <Opcode : 'and' 'or' 'xor'> <InPorts = 2> <OutPorts = 1>
ST_9 : Operation 203 [1/1] (0.00ns) (grouped into LUT with out node and_ln218_9)   --->   "%and_ln218_8 = and i1 %xor_ln218_5, i1 %icmp_ln220_5" [./calorimeter.h:218->calorimeter.cpp:392]   --->   Operation 203 'and' 'and_ln218_8' <Predicate = (!icmp_ln375)> <Delay = 0.00> <CoreInst = "LogicGate">   --->   Core 74 'LogicGate' <Latency = 0> <II = 1> <Delay = 0.12> <FuncUnit> <Opcode : 'and' 'or' 'xor'> <InPorts = 2> <OutPorts = 1>
ST_9 : Operation 204 [1/1] (0.12ns) (out node of the LUT)   --->   "%and_ln218_9 = and i1 %and_ln218_8, i1 %and_ln218_7" [./calorimeter.h:218->calorimeter.cpp:392]   --->   Operation 204 'and' 'and_ln218_9' <Predicate = (!icmp_ln375)> <Delay = 0.12> <CoreInst = "LogicGate">   --->   Core 74 'LogicGate' <Latency = 0> <II = 1> <Delay = 0.12> <FuncUnit> <Opcode : 'and' 'or' 'xor'> <InPorts = 2> <OutPorts = 1>

State 10 <SV = 9> <Delay = 1.93>
ST_10 : Operation 205 [1/2] (1.20ns)   --->   "%neighbor_7 = load i11 %towers_addr_8" [./calorimeter.h:216->calorimeter.cpp:392]   --->   Operation 205 'load' 'neighbor_7' <Predicate = (!icmp_ln375)> <Delay = 1.20> <CoreInst = "RAM">   --->   Core 82 'RAM' <Latency = 1> <II = 1> <Delay = 1.20> <Storage> <Opcode : 'load' 'store'> <Ports = 2> <Width = 12> <Depth = 1800> <RAM>
ST_10 : Operation 206 [1/1] (0.73ns)   --->   "%add_ln216_36 = add i11 %sub_ln216_1, i11 %zext_ln216_14" [./calorimeter.h:216->calorimeter.cpp:392]   --->   Operation 206 'add' 'add_ln216_36' <Predicate = (!icmp_ln375)> <Delay = 0.73> <CoreInst = "Adder">   --->   Core 1 'Adder' <Latency = 0> <II = 1> <Delay = 0.73> <FuncUnit> <Opcode : 'add' 'sub'> <InPorts = 2> <OutPorts = 1>
ST_10 : Operation 207 [1/1] (0.00ns)   --->   "%zext_ln216_45 = zext i11 %add_ln216_36" [./calorimeter.h:216->calorimeter.cpp:392]   --->   Operation 207 'zext' 'zext_ln216_45' <Predicate = (!icmp_ln375)> <Delay = 0.00>
ST_10 : Operation 208 [1/1] (0.00ns)   --->   "%towers_addr_9 = getelementptr i12 %towers, i64 0, i64 %zext_ln216_45" [./calorimeter.h:216->calorimeter.cpp:392]   --->   Operation 208 'getelementptr' 'towers_addr_9' <Predicate = (!icmp_ln375)> <Delay = 0.00>
ST_10 : Operation 209 [2/2] (1.20ns)   --->   "%neighbor_8 = load i11 %towers_addr_9" [./calorimeter.h:216->calorimeter.cpp:392]   --->   Operation 209 'load' 'neighbor_8' <Predicate = (!icmp_ln375)> <Delay = 1.20> <CoreInst = "RAM">   --->   Core 82 'RAM' <Latency = 1> <II = 1> <Delay = 1.20> <Storage> <Opcode : 'load' 'store'> <Ports = 2> <Width = 12> <Depth = 1800> <RAM>

State 11 <SV = 10> <Delay = 2.07>
ST_11 : Operation 210 [1/1] (0.74ns)   --->   "%icmp_ln218_5 = icmp_ult  i12 %seed_et, i12 %neighbor_6" [./calorimeter.h:218->calorimeter.cpp:392]   --->   Operation 210 'icmp' 'icmp_ln218_5' <Predicate = (!icmp_ln375)> <Delay = 0.74> <CoreInst = "Cmp">   --->   Core 9 'Cmp' <Latency = 0> <II = 1> <Delay = 0.74> <FuncUnit> <Opcode : 'seteq' 'setne' 'setle' 'setge' 'setlt' 'setgt'> <InPorts = 2> <OutPorts = 1>
ST_11 : Operation 211 [1/1] (0.00ns) (grouped into LUT with out node and_ln218_14)   --->   "%xor_ln218_6 = xor i1 %icmp_ln218_5, i1 1" [./calorimeter.h:218->calorimeter.cpp:392]   --->   Operation 211 'xor' 'xor_ln218_6' <Predicate = (!icmp_ln375)> <Delay = 0.00> <CoreInst = "LogicGate">   --->   Core 74 'LogicGate' <Latency = 0> <II = 1> <Delay = 0.12> <FuncUnit> <Opcode : 'and' 'or' 'xor'> <InPorts = 2> <OutPorts = 1>
ST_11 : Operation 212 [1/1] (0.74ns)   --->   "%icmp_ln220_6 = icmp_ne  i12 %neighbor_7, i12 %seed_et" [./calorimeter.h:220->calorimeter.cpp:392]   --->   Operation 212 'icmp' 'icmp_ln220_6' <Predicate = (!icmp_ln375)> <Delay = 0.74> <CoreInst = "Cmp">   --->   Core 9 'Cmp' <Latency = 0> <II = 1> <Delay = 0.74> <FuncUnit> <Opcode : 'seteq' 'setne' 'setle' 'setge' 'setlt' 'setgt'> <InPorts = 2> <OutPorts = 1>
ST_11 : Operation 213 [1/1] (0.74ns)   --->   "%icmp_ln218_6 = icmp_ult  i12 %seed_et, i12 %neighbor_7" [./calorimeter.h:218->calorimeter.cpp:392]   --->   Operation 213 'icmp' 'icmp_ln218_6' <Predicate = (!icmp_ln375)> <Delay = 0.74> <CoreInst = "Cmp">   --->   Core 9 'Cmp' <Latency = 0> <II = 1> <Delay = 0.74> <FuncUnit> <Opcode : 'seteq' 'setne' 'setle' 'setge' 'setlt' 'setgt'> <InPorts = 2> <OutPorts = 1>
ST_11 : Operation 214 [1/1] (0.00ns) (grouped into LUT with out node and_ln218_14)   --->   "%xor_ln218_7 = xor i1 %icmp_ln218_6, i1 1" [./calorimeter.h:218->calorimeter.cpp:392]   --->   Operation 214 'xor' 'xor_ln218_7' <Predicate = (!icmp_ln375)> <Delay = 0.00> <CoreInst = "LogicGate">   --->   Core 74 'LogicGate' <Latency = 0> <II = 1> <Delay = 0.12> <FuncUnit> <Opcode : 'and' 'or' 'xor'> <InPorts = 2> <OutPorts = 1>
ST_11 : Operation 215 [1/2] (1.20ns)   --->   "%neighbor_8 = load i11 %towers_addr_9" [./calorimeter.h:216->calorimeter.cpp:392]   --->   Operation 215 'load' 'neighbor_8' <Predicate = (!icmp_ln375)> <Delay = 1.20> <CoreInst = "RAM">   --->   Core 82 'RAM' <Latency = 1> <II = 1> <Delay = 1.20> <Storage> <Opcode : 'load' 'store'> <Ports = 2> <Width = 12> <Depth = 1800> <RAM>
ST_11 : Operation 216 [1/1] (0.73ns)   --->   "%add_ln216_42 = add i11 %sub_ln216_1, i11 %zext_ln216_16" [./calorimeter.h:216->calorimeter.cpp:392]   --->   Operation 216 'add' 'add_ln216_42' <Predicate = (!icmp_ln375)> <Delay = 0.73> <CoreInst = "Adder">   --->   Core 1 'Adder' <Latency = 0> <II = 1> <Delay = 0.73> <FuncUnit> <Opcode : 'add' 'sub'> <InPorts = 2> <OutPorts = 1>
ST_11 : Operation 217 [1/1] (0.00ns)   --->   "%zext_ln216_51 = zext i11 %add_ln216_42" [./calorimeter.h:216->calorimeter.cpp:392]   --->   Operation 217 'zext' 'zext_ln216_51' <Predicate = (!icmp_ln375)> <Delay = 0.00>
ST_11 : Operation 218 [1/1] (0.00ns)   --->   "%towers_addr_10 = getelementptr i12 %towers, i64 0, i64 %zext_ln216_51" [./calorimeter.h:216->calorimeter.cpp:392]   --->   Operation 218 'getelementptr' 'towers_addr_10' <Predicate = (!icmp_ln375)> <Delay = 0.00>
ST_11 : Operation 219 [2/2] (1.20ns)   --->   "%neighbor_9 = load i11 %towers_addr_10" [./calorimeter.h:216->calorimeter.cpp:392]   --->   Operation 219 'load' 'neighbor_9' <Predicate = (!icmp_ln375)> <Delay = 1.20> <CoreInst = "RAM">   --->   Core 82 'RAM' <Latency = 1> <II = 1> <Delay = 1.20> <Storage> <Opcode : 'load' 'store'> <Ports = 2> <Width = 12> <Depth = 1800> <RAM>
ST_11 : Operation 220 [1/1] (0.00ns) (grouped into LUT with out node and_ln218_14)   --->   "%and_ln218_10 = and i1 %xor_ln218_6, i1 %icmp_ln220_6" [./calorimeter.h:218->calorimeter.cpp:392]   --->   Operation 220 'and' 'and_ln218_10' <Predicate = (!icmp_ln375)> <Delay = 0.00> <CoreInst = "LogicGate">   --->   Core 74 'LogicGate' <Latency = 0> <II = 1> <Delay = 0.12> <FuncUnit> <Opcode : 'and' 'or' 'xor'> <InPorts = 2> <OutPorts = 1>
ST_11 : Operation 221 [1/1] (0.74ns)   --->   "%icmp_ln218_35 = icmp_ult  i12 %neighbor_8, i12 %seed_et" [./calorimeter.h:218->calorimeter.cpp:392]   --->   Operation 221 'icmp' 'icmp_ln218_35' <Predicate = (!icmp_ln375)> <Delay = 0.74> <CoreInst = "Cmp">   --->   Core 9 'Cmp' <Latency = 0> <II = 1> <Delay = 0.74> <FuncUnit> <Opcode : 'seteq' 'setne' 'setle' 'setge' 'setlt' 'setgt'> <InPorts = 2> <OutPorts = 1>
ST_11 : Operation 222 [1/1] (0.00ns) (grouped into LUT with out node and_ln218_14)   --->   "%and_ln218_11 = and i1 %icmp_ln218_35, i1 %xor_ln218_7" [./calorimeter.h:218->calorimeter.cpp:392]   --->   Operation 222 'and' 'and_ln218_11' <Predicate = (!icmp_ln375)> <Delay = 0.00> <CoreInst = "LogicGate">   --->   Core 74 'LogicGate' <Latency = 0> <II = 1> <Delay = 0.12> <FuncUnit> <Opcode : 'and' 'or' 'xor'> <InPorts = 2> <OutPorts = 1>
ST_11 : Operation 223 [1/1] (0.00ns) (grouped into LUT with out node and_ln218_14)   --->   "%and_ln218_12 = and i1 %and_ln218_11, i1 %and_ln218_10" [./calorimeter.h:218->calorimeter.cpp:392]   --->   Operation 223 'and' 'and_ln218_12' <Predicate = (!icmp_ln375)> <Delay = 0.00> <CoreInst = "LogicGate">   --->   Core 74 'LogicGate' <Latency = 0> <II = 1> <Delay = 0.12> <FuncUnit> <Opcode : 'and' 'or' 'xor'> <InPorts = 2> <OutPorts = 1>
ST_11 : Operation 224 [1/1] (0.00ns) (grouped into LUT with out node and_ln218_14)   --->   "%and_ln218_13 = and i1 %and_ln218_12, i1 %and_ln218_9" [./calorimeter.h:218->calorimeter.cpp:392]   --->   Operation 224 'and' 'and_ln218_13' <Predicate = (!icmp_ln375)> <Delay = 0.00> <CoreInst = "LogicGate">   --->   Core 74 'LogicGate' <Latency = 0> <II = 1> <Delay = 0.12> <FuncUnit> <Opcode : 'and' 'or' 'xor'> <InPorts = 2> <OutPorts = 1>
ST_11 : Operation 225 [1/1] (0.12ns) (out node of the LUT)   --->   "%and_ln218_14 = and i1 %and_ln218_13, i1 %and_ln218_6" [./calorimeter.h:218->calorimeter.cpp:392]   --->   Operation 225 'and' 'and_ln218_14' <Predicate = (!icmp_ln375)> <Delay = 0.12> <CoreInst = "LogicGate">   --->   Core 74 'LogicGate' <Latency = 0> <II = 1> <Delay = 0.12> <FuncUnit> <Opcode : 'and' 'or' 'xor'> <InPorts = 2> <OutPorts = 1>

State 12 <SV = 11> <Delay = 3.39>
ST_12 : Operation 226 [1/1] (0.73ns)   --->   "%add_ln216_1 = add i11 %sub_ln216_1, i11 %zext_ln389_1" [./calorimeter.h:216->calorimeter.cpp:392]   --->   Operation 226 'add' 'add_ln216_1' <Predicate = (!icmp_ln375)> <Delay = 0.73> <CoreInst = "Adder">   --->   Core 1 'Adder' <Latency = 0> <II = 1> <Delay = 0.73> <FuncUnit> <Opcode : 'add' 'sub'> <InPorts = 2> <OutPorts = 1>
ST_12 : Operation 227 [1/1] (0.00ns)   --->   "%zext_ln216_7 = zext i11 %add_ln216_1" [./calorimeter.h:216->calorimeter.cpp:392]   --->   Operation 227 'zext' 'zext_ln216_7' <Predicate = (!icmp_ln375)> <Delay = 0.00>
ST_12 : Operation 228 [1/1] (0.00ns)   --->   "%towers_addr_11 = getelementptr i12 %towers, i64 0, i64 %zext_ln216_7" [./calorimeter.h:216->calorimeter.cpp:392]   --->   Operation 228 'getelementptr' 'towers_addr_11' <Predicate = (!icmp_ln375)> <Delay = 0.00>
ST_12 : Operation 229 [1/2] (1.20ns)   --->   "%neighbor_9 = load i11 %towers_addr_10" [./calorimeter.h:216->calorimeter.cpp:392]   --->   Operation 229 'load' 'neighbor_9' <Predicate = (!icmp_ln375)> <Delay = 1.20> <CoreInst = "RAM">   --->   Core 82 'RAM' <Latency = 1> <II = 1> <Delay = 1.20> <Storage> <Opcode : 'load' 'store'> <Ports = 2> <Width = 12> <Depth = 1800> <RAM>
ST_12 : Operation 230 [2/2] (1.20ns)   --->   "%neighbor_10 = load i11 %towers_addr_11" [./calorimeter.h:216->calorimeter.cpp:392]   --->   Operation 230 'load' 'neighbor_10' <Predicate = (!icmp_ln375)> <Delay = 1.20> <CoreInst = "RAM">   --->   Core 82 'RAM' <Latency = 1> <II = 1> <Delay = 1.20> <Storage> <Opcode : 'load' 'store'> <Ports = 2> <Width = 12> <Depth = 1800> <RAM>
ST_12 : Operation 231 [1/1] (0.74ns)   --->   "%icmp_ln218_36 = icmp_ult  i12 %neighbor_9, i12 %seed_et" [./calorimeter.h:218->calorimeter.cpp:392]   --->   Operation 231 'icmp' 'icmp_ln218_36' <Predicate = (!icmp_ln375)> <Delay = 0.74> <CoreInst = "Cmp">   --->   Core 9 'Cmp' <Latency = 0> <II = 1> <Delay = 0.74> <FuncUnit> <Opcode : 'seteq' 'setne' 'setle' 'setge' 'setlt' 'setgt'> <InPorts = 2> <OutPorts = 1>
ST_12 : Operation 232 [1/1] (0.00ns)   --->   "%zext_ln394_4 = zext i12 %seed_et" [calorimeter.cpp:394]   --->   Operation 232 'zext' 'zext_ln394_4' <Predicate = (!icmp_ln375)> <Delay = 0.00>
ST_12 : Operation 233 [1/1] (0.00ns)   --->   "%zext_ln395_2 = zext i12 %neighbor_3" [calorimeter.cpp:395]   --->   Operation 233 'zext' 'zext_ln395_2' <Predicate = (!icmp_ln375)> <Delay = 0.00>
ST_12 : Operation 234 [1/1] (0.00ns)   --->   "%zext_ln395_3 = zext i12 %neighbor_6" [calorimeter.cpp:395]   --->   Operation 234 'zext' 'zext_ln395_3' <Predicate = (!icmp_ln375)> <Delay = 0.00>
ST_12 : Operation 235 [1/1] (0.00ns)   --->   "%zext_ln395_4 = zext i12 %neighbor_7" [calorimeter.cpp:395]   --->   Operation 235 'zext' 'zext_ln395_4' <Predicate = (!icmp_ln375)> <Delay = 0.00>
ST_12 : Operation 236 [1/1] (0.00ns)   --->   "%zext_ln395_5 = zext i12 %neighbor_8" [calorimeter.cpp:395]   --->   Operation 236 'zext' 'zext_ln395_5' <Predicate = (!icmp_ln375)> <Delay = 0.00>
ST_12 : Operation 237 [1/1] (0.00ns)   --->   "%zext_ln395_6 = zext i12 %neighbor_9" [calorimeter.cpp:395]   --->   Operation 237 'zext' 'zext_ln395_6' <Predicate = (!icmp_ln375)> <Delay = 0.00>
ST_12 : Operation 238 [1/1] (0.74ns)   --->   "%sum7_et = add i13 %zext_ln395_2, i13 %zext_ln394_4" [./calorimeter.h:187->calorimeter.cpp:395]   --->   Operation 238 'add' 'sum7_et' <Predicate = (!icmp_ln375)> <Delay = 0.74> <CoreInst = "Adder">   --->   Core 1 'Adder' <Latency = 0> <II = 1> <Delay = 0.75> <FuncUnit> <Opcode : 'add' 'sub'> <InPorts = 2> <OutPorts = 1>
ST_12 : Operation 239 [1/1] (0.00ns)   --->   "%zext_ln187_9 = zext i13 %sum7_et" [./calorimeter.h:187->calorimeter.cpp:395]   --->   Operation 239 'zext' 'zext_ln187_9' <Predicate = (!icmp_ln375)> <Delay = 0.00>
ST_12 : Operation 240 [1/1] (0.00ns)   --->   "%zext_ln187_16 = zext i13 %add_ln187_9" [./calorimeter.h:187->calorimeter.cpp:395]   --->   Operation 240 'zext' 'zext_ln187_16' <Predicate = (!icmp_ln375)> <Delay = 0.00>
ST_12 : Operation 241 [1/1] (0.75ns)   --->   "%sum7_et_7 = add i14 %zext_ln187_16, i14 %zext_ln187_9" [./calorimeter.h:187->calorimeter.cpp:395]   --->   Operation 241 'add' 'sum7_et_7' <Predicate = (!icmp_ln375)> <Delay = 0.75> <CoreInst = "Adder">   --->   Core 1 'Adder' <Latency = 0> <II = 1> <Delay = 0.76> <FuncUnit> <Opcode : 'add' 'sub'> <InPorts = 2> <OutPorts = 1>
ST_12 : Operation 242 [1/1] (0.00ns)   --->   "%zext_ln187_10 = zext i14 %sum7_et_7" [./calorimeter.h:187->calorimeter.cpp:395]   --->   Operation 242 'zext' 'zext_ln187_10' <Predicate = (!icmp_ln375)> <Delay = 0.00>
ST_12 : Operation 243 [1/1] (0.00ns) (grouped into TernaryAdder)   --->   "%add_ln187_11 = add i15 %zext_ln187_10, i15 %zext_ln395_3" [./calorimeter.h:187->calorimeter.cpp:395]   --->   Operation 243 'add' 'add_ln187_11' <Predicate = (!icmp_ln375)> <Delay = 0.00> <CoreInst = "TAddSub">   --->   Core 10 'TAddSub' <Latency = 0> <II = 1> <Delay = 0.33> <IPBlock> <Opcode : '' 'add' 'sub'> <InPorts = 3> <OutPorts = 1> <Sync> <CReg>
ST_12 : Operation 244 [1/1] (0.74ns)   --->   "%add_ln187_12 = add i13 %zext_ln395_5, i13 %zext_ln395_6" [./calorimeter.h:187->calorimeter.cpp:395]   --->   Operation 244 'add' 'add_ln187_12' <Predicate = (!icmp_ln375)> <Delay = 0.74> <CoreInst = "Adder">   --->   Core 1 'Adder' <Latency = 0> <II = 1> <Delay = 0.75> <FuncUnit> <Opcode : 'add' 'sub'> <InPorts = 2> <OutPorts = 1>
ST_12 : Operation 245 [1/1] (0.00ns)   --->   "%zext_ln187_17 = zext i13 %add_ln187_12" [./calorimeter.h:187->calorimeter.cpp:395]   --->   Operation 245 'zext' 'zext_ln187_17' <Predicate = (!icmp_ln375)> <Delay = 0.00>
ST_12 : Operation 246 [1/1] (0.75ns)   --->   "%add_ln187_13 = add i14 %zext_ln187_17, i14 %zext_ln395_4" [./calorimeter.h:187->calorimeter.cpp:395]   --->   Operation 246 'add' 'add_ln187_13' <Predicate = (!icmp_ln375)> <Delay = 0.75> <CoreInst = "Adder">   --->   Core 1 'Adder' <Latency = 0> <II = 1> <Delay = 0.76> <FuncUnit> <Opcode : 'add' 'sub'> <InPorts = 2> <OutPorts = 1>
ST_12 : Operation 247 [1/1] (0.00ns)   --->   "%zext_ln187_18 = zext i14 %add_ln187_13" [./calorimeter.h:187->calorimeter.cpp:395]   --->   Operation 247 'zext' 'zext_ln187_18' <Predicate = (!icmp_ln375)> <Delay = 0.00>
ST_12 : Operation 248 [1/1] (0.69ns) (root node of TernaryAdder)   --->   "%sum7_et_8 = add i15 %zext_ln187_18, i15 %add_ln187_11" [./calorimeter.h:187->calorimeter.cpp:395]   --->   Operation 248 'add' 'sum7_et_8' <Predicate = (!icmp_ln375)> <Delay = 0.69> <CoreInst = "TAddSub">   --->   Core 10 'TAddSub' <Latency = 0> <II = 1> <Delay = 0.33> <IPBlock> <Opcode : '' 'add' 'sub'> <InPorts = 3> <OutPorts = 1> <Sync> <CReg>

State 13 <SV = 12> <Delay = 1.97>
ST_13 : Operation 249 [1/1] (0.73ns)   --->   "%add_ln216_10 = add i11 %sub_ln216_1, i11 %sext_ln216" [./calorimeter.h:216->calorimeter.cpp:392]   --->   Operation 249 'add' 'add_ln216_10' <Predicate = (!icmp_ln375)> <Delay = 0.73> <CoreInst = "Adder">   --->   Core 1 'Adder' <Latency = 0> <II = 1> <Delay = 0.73> <FuncUnit> <Opcode : 'add' 'sub'> <InPorts = 2> <OutPorts = 1>
ST_13 : Operation 250 [1/1] (0.00ns)   --->   "%zext_ln216_19 = zext i11 %add_ln216_10" [./calorimeter.h:216->calorimeter.cpp:392]   --->   Operation 250 'zext' 'zext_ln216_19' <Predicate = (!icmp_ln375)> <Delay = 0.00>
ST_13 : Operation 251 [1/1] (0.00ns)   --->   "%towers_addr_12 = getelementptr i12 %towers, i64 0, i64 %zext_ln216_19" [./calorimeter.h:216->calorimeter.cpp:392]   --->   Operation 251 'getelementptr' 'towers_addr_12' <Predicate = (!icmp_ln375)> <Delay = 0.00>
ST_13 : Operation 252 [1/2] (1.20ns)   --->   "%neighbor_10 = load i11 %towers_addr_11" [./calorimeter.h:216->calorimeter.cpp:392]   --->   Operation 252 'load' 'neighbor_10' <Predicate = (!icmp_ln375)> <Delay = 1.20> <CoreInst = "RAM">   --->   Core 82 'RAM' <Latency = 1> <II = 1> <Delay = 1.20> <Storage> <Opcode : 'load' 'store'> <Ports = 2> <Width = 12> <Depth = 1800> <RAM>
ST_13 : Operation 253 [2/2] (1.20ns)   --->   "%neighbor_11 = load i11 %towers_addr_12" [./calorimeter.h:216->calorimeter.cpp:392]   --->   Operation 253 'load' 'neighbor_11' <Predicate = (!icmp_ln375)> <Delay = 1.20> <CoreInst = "RAM">   --->   Core 82 'RAM' <Latency = 1> <II = 1> <Delay = 1.20> <Storage> <Opcode : 'load' 'store'> <Ports = 2> <Width = 12> <Depth = 1800> <RAM>
ST_13 : Operation 254 [1/1] (0.74ns)   --->   "%icmp_ln218_37 = icmp_ult  i12 %neighbor_10, i12 %seed_et" [./calorimeter.h:218->calorimeter.cpp:392]   --->   Operation 254 'icmp' 'icmp_ln218_37' <Predicate = (!icmp_ln375)> <Delay = 0.74> <CoreInst = "Cmp">   --->   Core 9 'Cmp' <Latency = 0> <II = 1> <Delay = 0.74> <FuncUnit> <Opcode : 'seteq' 'setne' 'setle' 'setge' 'setlt' 'setgt'> <InPorts = 2> <OutPorts = 1>
ST_13 : Operation 255 [1/1] (0.00ns)   --->   "%zext_ln395_7 = zext i12 %neighbor_10" [calorimeter.cpp:395]   --->   Operation 255 'zext' 'zext_ln395_7' <Predicate = (!icmp_ln375)> <Delay = 0.00>
ST_13 : Operation 256 [1/1] (0.00ns)   --->   "%zext_ln187_11 = zext i15 %sum7_et_8" [./calorimeter.h:187->calorimeter.cpp:395]   --->   Operation 256 'zext' 'zext_ln187_11' <Predicate = (!icmp_ln375)> <Delay = 0.00>
ST_13 : Operation 257 [1/1] (0.77ns)   --->   "%add_ln187_15 = add i16 %zext_ln187_11, i16 %zext_ln395_7" [./calorimeter.h:187->calorimeter.cpp:395]   --->   Operation 257 'add' 'add_ln187_15' <Predicate = (!icmp_ln375)> <Delay = 0.77> <CoreInst = "Adder">   --->   Core 1 'Adder' <Latency = 0> <II = 1> <Delay = 0.78> <FuncUnit> <Opcode : 'add' 'sub'> <InPorts = 2> <OutPorts = 1>

State 14 <SV = 13> <Delay = 1.93>
ST_14 : Operation 258 [1/1] (0.73ns)   --->   "%add_ln216_17 = add i11 %sub_ln216_1, i11 %sext_ln216_1" [./calorimeter.h:216->calorimeter.cpp:392]   --->   Operation 258 'add' 'add_ln216_17' <Predicate = (!icmp_ln375)> <Delay = 0.73> <CoreInst = "Adder">   --->   Core 1 'Adder' <Latency = 0> <II = 1> <Delay = 0.73> <FuncUnit> <Opcode : 'add' 'sub'> <InPorts = 2> <OutPorts = 1>
ST_14 : Operation 259 [1/1] (0.00ns)   --->   "%zext_ln216_26 = zext i11 %add_ln216_17" [./calorimeter.h:216->calorimeter.cpp:392]   --->   Operation 259 'zext' 'zext_ln216_26' <Predicate = (!icmp_ln375)> <Delay = 0.00>
ST_14 : Operation 260 [1/1] (0.00ns)   --->   "%towers_addr_13 = getelementptr i12 %towers, i64 0, i64 %zext_ln216_26" [./calorimeter.h:216->calorimeter.cpp:392]   --->   Operation 260 'getelementptr' 'towers_addr_13' <Predicate = (!icmp_ln375)> <Delay = 0.00>
ST_14 : Operation 261 [1/2] (1.20ns)   --->   "%neighbor_11 = load i11 %towers_addr_12" [./calorimeter.h:216->calorimeter.cpp:392]   --->   Operation 261 'load' 'neighbor_11' <Predicate = (!icmp_ln375)> <Delay = 1.20> <CoreInst = "RAM">   --->   Core 82 'RAM' <Latency = 1> <II = 1> <Delay = 1.20> <Storage> <Opcode : 'load' 'store'> <Ports = 2> <Width = 12> <Depth = 1800> <RAM>
ST_14 : Operation 262 [2/2] (1.20ns)   --->   "%neighbor_12 = load i11 %towers_addr_13" [./calorimeter.h:216->calorimeter.cpp:392]   --->   Operation 262 'load' 'neighbor_12' <Predicate = (!icmp_ln375)> <Delay = 1.20> <CoreInst = "RAM">   --->   Core 82 'RAM' <Latency = 1> <II = 1> <Delay = 1.20> <Storage> <Opcode : 'load' 'store'> <Ports = 2> <Width = 12> <Depth = 1800> <RAM>

State 15 <SV = 14> <Delay = 1.94>
ST_15 : Operation 263 [1/1] (0.73ns)   --->   "%add_ln216_24 = add i11 %sub_ln216_1, i11 %sext_ln216_2" [./calorimeter.h:216->calorimeter.cpp:392]   --->   Operation 263 'add' 'add_ln216_24' <Predicate = (!icmp_ln375)> <Delay = 0.73> <CoreInst = "Adder">   --->   Core 1 'Adder' <Latency = 0> <II = 1> <Delay = 0.73> <FuncUnit> <Opcode : 'add' 'sub'> <InPorts = 2> <OutPorts = 1>
ST_15 : Operation 264 [1/1] (0.00ns)   --->   "%zext_ln216_33 = zext i11 %add_ln216_24" [./calorimeter.h:216->calorimeter.cpp:392]   --->   Operation 264 'zext' 'zext_ln216_33' <Predicate = (!icmp_ln375)> <Delay = 0.00>
ST_15 : Operation 265 [1/1] (0.00ns)   --->   "%towers_addr_14 = getelementptr i12 %towers, i64 0, i64 %zext_ln216_33" [./calorimeter.h:216->calorimeter.cpp:392]   --->   Operation 265 'getelementptr' 'towers_addr_14' <Predicate = (!icmp_ln375)> <Delay = 0.00>
ST_15 : Operation 266 [1/2] (1.20ns)   --->   "%neighbor_12 = load i11 %towers_addr_13" [./calorimeter.h:216->calorimeter.cpp:392]   --->   Operation 266 'load' 'neighbor_12' <Predicate = (!icmp_ln375)> <Delay = 1.20> <CoreInst = "RAM">   --->   Core 82 'RAM' <Latency = 1> <II = 1> <Delay = 1.20> <Storage> <Opcode : 'load' 'store'> <Ports = 2> <Width = 12> <Depth = 1800> <RAM>
ST_15 : Operation 267 [1/1] (0.74ns)   --->   "%icmp_ln220_7 = icmp_ne  i12 %neighbor_12, i12 %seed_et" [./calorimeter.h:220->calorimeter.cpp:392]   --->   Operation 267 'icmp' 'icmp_ln220_7' <Predicate = (!icmp_ln375)> <Delay = 0.74> <CoreInst = "Cmp">   --->   Core 9 'Cmp' <Latency = 0> <II = 1> <Delay = 0.74> <FuncUnit> <Opcode : 'seteq' 'setne' 'setle' 'setge' 'setlt' 'setgt'> <InPorts = 2> <OutPorts = 1>
ST_15 : Operation 268 [1/1] (0.74ns)   --->   "%icmp_ln218_7 = icmp_ult  i12 %seed_et, i12 %neighbor_12" [./calorimeter.h:218->calorimeter.cpp:392]   --->   Operation 268 'icmp' 'icmp_ln218_7' <Predicate = (!icmp_ln375)> <Delay = 0.74> <CoreInst = "Cmp">   --->   Core 9 'Cmp' <Latency = 0> <II = 1> <Delay = 0.74> <FuncUnit> <Opcode : 'seteq' 'setne' 'setle' 'setge' 'setlt' 'setgt'> <InPorts = 2> <OutPorts = 1>
ST_15 : Operation 269 [2/2] (1.20ns)   --->   "%neighbor_13 = load i11 %towers_addr_14" [./calorimeter.h:216->calorimeter.cpp:392]   --->   Operation 269 'load' 'neighbor_13' <Predicate = (!icmp_ln375)> <Delay = 1.20> <CoreInst = "RAM">   --->   Core 82 'RAM' <Latency = 1> <II = 1> <Delay = 1.20> <Storage> <Opcode : 'load' 'store'> <Ports = 2> <Width = 12> <Depth = 1800> <RAM>
ST_15 : Operation 270 [1/1] (0.74ns)   --->   "%icmp_ln218_38 = icmp_ult  i12 %neighbor_11, i12 %seed_et" [./calorimeter.h:218->calorimeter.cpp:392]   --->   Operation 270 'icmp' 'icmp_ln218_38' <Predicate = (!icmp_ln375)> <Delay = 0.74> <CoreInst = "Cmp">   --->   Core 9 'Cmp' <Latency = 0> <II = 1> <Delay = 0.74> <FuncUnit> <Opcode : 'seteq' 'setne' 'setle' 'setge' 'setlt' 'setgt'> <InPorts = 2> <OutPorts = 1>
ST_15 : Operation 271 [1/1] (0.00ns)   --->   "%zext_ln395_8 = zext i12 %neighbor_11" [calorimeter.cpp:395]   --->   Operation 271 'zext' 'zext_ln395_8' <Predicate = (!icmp_ln375)> <Delay = 0.00>
ST_15 : Operation 272 [1/1] (0.00ns)   --->   "%zext_ln395_9 = zext i12 %neighbor_12" [calorimeter.cpp:395]   --->   Operation 272 'zext' 'zext_ln395_9' <Predicate = (!icmp_ln375)> <Delay = 0.00>
ST_15 : Operation 273 [1/1] (0.74ns)   --->   "%add_ln187_16 = add i13 %zext_ln395_8, i13 %zext_ln395_9" [./calorimeter.h:187->calorimeter.cpp:395]   --->   Operation 273 'add' 'add_ln187_16' <Predicate = (!icmp_ln375)> <Delay = 0.74> <CoreInst = "Adder">   --->   Core 1 'Adder' <Latency = 0> <II = 1> <Delay = 0.75> <FuncUnit> <Opcode : 'add' 'sub'> <InPorts = 2> <OutPorts = 1>

State 16 <SV = 15> <Delay = 3.38>
ST_16 : Operation 274 [1/1] (0.70ns)   --->   "%empty_99 = add i5 %select_ln375_2, i5 31" [calorimeter.cpp:375]   --->   Operation 274 'add' 'empty_99' <Predicate = (!icmp_ln375)> <Delay = 0.70> <CoreInst = "Adder">   --->   Core 1 'Adder' <Latency = 0> <II = 1> <Delay = 0.70> <FuncUnit> <Opcode : 'add' 'sub'> <InPorts = 2> <OutPorts = 1>
ST_16 : Operation 275 [1/1] (0.00ns)   --->   "%p_shl4 = bitconcatenate i11 @_ssdm_op_BitConcatenate.i11.i5.i6, i5 %empty_99, i6 0" [./calorimeter.h:216->calorimeter.cpp:392]   --->   Operation 275 'bitconcatenate' 'p_shl4' <Predicate = (!icmp_ln375)> <Delay = 0.00>
ST_16 : Operation 276 [1/1] (0.00ns)   --->   "%tmp_3 = bitconcatenate i7 @_ssdm_op_BitConcatenate.i7.i5.i2, i5 %empty_99, i2 0" [./calorimeter.h:216->calorimeter.cpp:392]   --->   Operation 276 'bitconcatenate' 'tmp_3' <Predicate = (!icmp_ln375)> <Delay = 0.00>
ST_16 : Operation 277 [1/1] (0.00ns)   --->   "%zext_ln216_2 = zext i7 %tmp_3" [./calorimeter.h:216->calorimeter.cpp:392]   --->   Operation 277 'zext' 'zext_ln216_2' <Predicate = (!icmp_ln375)> <Delay = 0.00>
ST_16 : Operation 278 [1/1] (0.73ns)   --->   "%sub_ln216_2 = sub i11 %p_shl4, i11 %zext_ln216_2" [./calorimeter.h:216->calorimeter.cpp:392]   --->   Operation 278 'sub' 'sub_ln216_2' <Predicate = (!icmp_ln375)> <Delay = 0.73> <CoreInst = "Adder">   --->   Core 1 'Adder' <Latency = 0> <II = 1> <Delay = 0.73> <FuncUnit> <Opcode : 'add' 'sub'> <InPorts = 2> <OutPorts = 1>
ST_16 : Operation 279 [1/1] (0.73ns)   --->   "%add_ln216_31 = add i11 %sub_ln216_2, i11 %zext_ln216_12" [./calorimeter.h:216->calorimeter.cpp:392]   --->   Operation 279 'add' 'add_ln216_31' <Predicate = (!icmp_ln375)> <Delay = 0.73> <CoreInst = "Adder">   --->   Core 1 'Adder' <Latency = 0> <II = 1> <Delay = 0.73> <FuncUnit> <Opcode : 'add' 'sub'> <InPorts = 2> <OutPorts = 1>
ST_16 : Operation 280 [1/1] (0.00ns)   --->   "%zext_ln216_40 = zext i11 %add_ln216_31" [./calorimeter.h:216->calorimeter.cpp:392]   --->   Operation 280 'zext' 'zext_ln216_40' <Predicate = (!icmp_ln375)> <Delay = 0.00>
ST_16 : Operation 281 [1/1] (0.00ns)   --->   "%towers_addr_15 = getelementptr i12 %towers, i64 0, i64 %zext_ln216_40" [./calorimeter.h:216->calorimeter.cpp:392]   --->   Operation 281 'getelementptr' 'towers_addr_15' <Predicate = (!icmp_ln375)> <Delay = 0.00>
ST_16 : Operation 282 [1/1] (0.00ns) (grouped into LUT with out node and_ln218_19)   --->   "%xor_ln218_8 = xor i1 %icmp_ln218_7, i1 1" [./calorimeter.h:218->calorimeter.cpp:392]   --->   Operation 282 'xor' 'xor_ln218_8' <Predicate = (!icmp_ln375)> <Delay = 0.00> <CoreInst = "LogicGate">   --->   Core 74 'LogicGate' <Latency = 0> <II = 1> <Delay = 0.12> <FuncUnit> <Opcode : 'and' 'or' 'xor'> <InPorts = 2> <OutPorts = 1>
ST_16 : Operation 283 [1/2] (1.20ns)   --->   "%neighbor_13 = load i11 %towers_addr_14" [./calorimeter.h:216->calorimeter.cpp:392]   --->   Operation 283 'load' 'neighbor_13' <Predicate = (!icmp_ln375)> <Delay = 1.20> <CoreInst = "RAM">   --->   Core 82 'RAM' <Latency = 1> <II = 1> <Delay = 1.20> <Storage> <Opcode : 'load' 'store'> <Ports = 2> <Width = 12> <Depth = 1800> <RAM>
ST_16 : Operation 284 [1/1] (0.74ns)   --->   "%icmp_ln220_8 = icmp_ne  i12 %neighbor_13, i12 %seed_et" [./calorimeter.h:220->calorimeter.cpp:392]   --->   Operation 284 'icmp' 'icmp_ln220_8' <Predicate = (!icmp_ln375)> <Delay = 0.74> <CoreInst = "Cmp">   --->   Core 9 'Cmp' <Latency = 0> <II = 1> <Delay = 0.74> <FuncUnit> <Opcode : 'seteq' 'setne' 'setle' 'setge' 'setlt' 'setgt'> <InPorts = 2> <OutPorts = 1>
ST_16 : Operation 285 [2/2] (1.20ns)   --->   "%neighbor_14 = load i11 %towers_addr_15" [./calorimeter.h:216->calorimeter.cpp:392]   --->   Operation 285 'load' 'neighbor_14' <Predicate = (!icmp_ln375)> <Delay = 1.20> <CoreInst = "RAM">   --->   Core 82 'RAM' <Latency = 1> <II = 1> <Delay = 1.20> <Storage> <Opcode : 'load' 'store'> <Ports = 2> <Width = 12> <Depth = 1800> <RAM>
ST_16 : Operation 286 [1/1] (0.00ns) (grouped into LUT with out node and_ln218_19)   --->   "%and_ln218_15 = and i1 %icmp_ln218_37, i1 %icmp_ln218_36" [./calorimeter.h:218->calorimeter.cpp:392]   --->   Operation 286 'and' 'and_ln218_15' <Predicate = (!icmp_ln375)> <Delay = 0.00> <CoreInst = "LogicGate">   --->   Core 74 'LogicGate' <Latency = 0> <II = 1> <Delay = 0.12> <FuncUnit> <Opcode : 'and' 'or' 'xor'> <InPorts = 2> <OutPorts = 1>
ST_16 : Operation 287 [1/1] (0.00ns) (grouped into LUT with out node and_ln218_19)   --->   "%and_ln218_16 = and i1 %xor_ln218_8, i1 %icmp_ln220_8" [./calorimeter.h:218->calorimeter.cpp:392]   --->   Operation 287 'and' 'and_ln218_16' <Predicate = (!icmp_ln375)> <Delay = 0.00> <CoreInst = "LogicGate">   --->   Core 74 'LogicGate' <Latency = 0> <II = 1> <Delay = 0.12> <FuncUnit> <Opcode : 'and' 'or' 'xor'> <InPorts = 2> <OutPorts = 1>
ST_16 : Operation 288 [1/1] (0.00ns) (grouped into LUT with out node and_ln218_19)   --->   "%and_ln218_17 = and i1 %and_ln218_16, i1 %icmp_ln220_7" [./calorimeter.h:218->calorimeter.cpp:392]   --->   Operation 288 'and' 'and_ln218_17' <Predicate = (!icmp_ln375)> <Delay = 0.00> <CoreInst = "LogicGate">   --->   Core 74 'LogicGate' <Latency = 0> <II = 1> <Delay = 0.12> <FuncUnit> <Opcode : 'and' 'or' 'xor'> <InPorts = 2> <OutPorts = 1>
ST_16 : Operation 289 [1/1] (0.00ns) (grouped into LUT with out node and_ln218_19)   --->   "%and_ln218_18 = and i1 %and_ln218_17, i1 %icmp_ln218_38" [./calorimeter.h:218->calorimeter.cpp:392]   --->   Operation 289 'and' 'and_ln218_18' <Predicate = (!icmp_ln375)> <Delay = 0.00> <CoreInst = "LogicGate">   --->   Core 74 'LogicGate' <Latency = 0> <II = 1> <Delay = 0.12> <FuncUnit> <Opcode : 'and' 'or' 'xor'> <InPorts = 2> <OutPorts = 1>
ST_16 : Operation 290 [1/1] (0.12ns) (out node of the LUT)   --->   "%and_ln218_19 = and i1 %and_ln218_18, i1 %and_ln218_15" [./calorimeter.h:218->calorimeter.cpp:392]   --->   Operation 290 'and' 'and_ln218_19' <Predicate = (!icmp_ln375)> <Delay = 0.12> <CoreInst = "LogicGate">   --->   Core 74 'LogicGate' <Latency = 0> <II = 1> <Delay = 0.12> <FuncUnit> <Opcode : 'and' 'or' 'xor'> <InPorts = 2> <OutPorts = 1>

State 17 <SV = 16> <Delay = 1.94>
ST_17 : Operation 291 [1/1] (0.73ns)   --->   "%add_ln216_37 = add i11 %sub_ln216_2, i11 %zext_ln216_14" [./calorimeter.h:216->calorimeter.cpp:392]   --->   Operation 291 'add' 'add_ln216_37' <Predicate = (!icmp_ln375)> <Delay = 0.73> <CoreInst = "Adder">   --->   Core 1 'Adder' <Latency = 0> <II = 1> <Delay = 0.73> <FuncUnit> <Opcode : 'add' 'sub'> <InPorts = 2> <OutPorts = 1>
ST_17 : Operation 292 [1/1] (0.00ns)   --->   "%zext_ln216_46 = zext i11 %add_ln216_37" [./calorimeter.h:216->calorimeter.cpp:392]   --->   Operation 292 'zext' 'zext_ln216_46' <Predicate = (!icmp_ln375)> <Delay = 0.00>
ST_17 : Operation 293 [1/1] (0.00ns)   --->   "%towers_addr_16 = getelementptr i12 %towers, i64 0, i64 %zext_ln216_46" [./calorimeter.h:216->calorimeter.cpp:392]   --->   Operation 293 'getelementptr' 'towers_addr_16' <Predicate = (!icmp_ln375)> <Delay = 0.00>
ST_17 : Operation 294 [1/1] (0.74ns)   --->   "%icmp_ln218_8 = icmp_ult  i12 %seed_et, i12 %neighbor_13" [./calorimeter.h:218->calorimeter.cpp:392]   --->   Operation 294 'icmp' 'icmp_ln218_8' <Predicate = (!icmp_ln375)> <Delay = 0.74> <CoreInst = "Cmp">   --->   Core 9 'Cmp' <Latency = 0> <II = 1> <Delay = 0.74> <FuncUnit> <Opcode : 'seteq' 'setne' 'setle' 'setge' 'setlt' 'setgt'> <InPorts = 2> <OutPorts = 1>
ST_17 : Operation 295 [1/2] (1.20ns)   --->   "%neighbor_14 = load i11 %towers_addr_15" [./calorimeter.h:216->calorimeter.cpp:392]   --->   Operation 295 'load' 'neighbor_14' <Predicate = (!icmp_ln375)> <Delay = 1.20> <CoreInst = "RAM">   --->   Core 82 'RAM' <Latency = 1> <II = 1> <Delay = 1.20> <Storage> <Opcode : 'load' 'store'> <Ports = 2> <Width = 12> <Depth = 1800> <RAM>
ST_17 : Operation 296 [1/1] (0.74ns)   --->   "%icmp_ln220_9 = icmp_ne  i12 %neighbor_14, i12 %seed_et" [./calorimeter.h:220->calorimeter.cpp:392]   --->   Operation 296 'icmp' 'icmp_ln220_9' <Predicate = (!icmp_ln375)> <Delay = 0.74> <CoreInst = "Cmp">   --->   Core 9 'Cmp' <Latency = 0> <II = 1> <Delay = 0.74> <FuncUnit> <Opcode : 'seteq' 'setne' 'setle' 'setge' 'setlt' 'setgt'> <InPorts = 2> <OutPorts = 1>
ST_17 : Operation 297 [1/1] (0.74ns)   --->   "%icmp_ln218_9 = icmp_ult  i12 %seed_et, i12 %neighbor_14" [./calorimeter.h:218->calorimeter.cpp:392]   --->   Operation 297 'icmp' 'icmp_ln218_9' <Predicate = (!icmp_ln375)> <Delay = 0.74> <CoreInst = "Cmp">   --->   Core 9 'Cmp' <Latency = 0> <II = 1> <Delay = 0.74> <FuncUnit> <Opcode : 'seteq' 'setne' 'setle' 'setge' 'setlt' 'setgt'> <InPorts = 2> <OutPorts = 1>
ST_17 : Operation 298 [2/2] (1.20ns)   --->   "%neighbor_15 = load i11 %towers_addr_16" [./calorimeter.h:216->calorimeter.cpp:392]   --->   Operation 298 'load' 'neighbor_15' <Predicate = (!icmp_ln375)> <Delay = 1.20> <CoreInst = "RAM">   --->   Core 82 'RAM' <Latency = 1> <II = 1> <Delay = 1.20> <Storage> <Opcode : 'load' 'store'> <Ports = 2> <Width = 12> <Depth = 1800> <RAM>
ST_17 : Operation 299 [1/1] (0.00ns)   --->   "%zext_ln395_10 = zext i12 %neighbor_13" [calorimeter.cpp:395]   --->   Operation 299 'zext' 'zext_ln395_10' <Predicate = (!icmp_ln375)> <Delay = 0.00>
ST_17 : Operation 300 [1/1] (0.00ns)   --->   "%zext_ln395_11 = zext i12 %neighbor_14" [calorimeter.cpp:395]   --->   Operation 300 'zext' 'zext_ln395_11' <Predicate = (!icmp_ln375)> <Delay = 0.00>
ST_17 : Operation 301 [1/1] (0.74ns)   --->   "%add_ln187_18 = add i13 %zext_ln395_10, i13 %zext_ln395_11" [./calorimeter.h:187->calorimeter.cpp:395]   --->   Operation 301 'add' 'add_ln187_18' <Predicate = (!icmp_ln375)> <Delay = 0.74> <CoreInst = "Adder">   --->   Core 1 'Adder' <Latency = 0> <II = 1> <Delay = 0.75> <FuncUnit> <Opcode : 'add' 'sub'> <InPorts = 2> <OutPorts = 1>

State 18 <SV = 17> <Delay = 2.07>
ST_18 : Operation 302 [1/1] (0.73ns)   --->   "%add_ln216_43 = add i11 %sub_ln216_2, i11 %zext_ln216_16" [./calorimeter.h:216->calorimeter.cpp:392]   --->   Operation 302 'add' 'add_ln216_43' <Predicate = (!icmp_ln375)> <Delay = 0.73> <CoreInst = "Adder">   --->   Core 1 'Adder' <Latency = 0> <II = 1> <Delay = 0.73> <FuncUnit> <Opcode : 'add' 'sub'> <InPorts = 2> <OutPorts = 1>
ST_18 : Operation 303 [1/1] (0.00ns)   --->   "%zext_ln216_52 = zext i11 %add_ln216_43" [./calorimeter.h:216->calorimeter.cpp:392]   --->   Operation 303 'zext' 'zext_ln216_52' <Predicate = (!icmp_ln375)> <Delay = 0.00>
ST_18 : Operation 304 [1/1] (0.00ns)   --->   "%towers_addr_17 = getelementptr i12 %towers, i64 0, i64 %zext_ln216_52" [./calorimeter.h:216->calorimeter.cpp:392]   --->   Operation 304 'getelementptr' 'towers_addr_17' <Predicate = (!icmp_ln375)> <Delay = 0.00>
ST_18 : Operation 305 [1/1] (0.00ns) (grouped into LUT with out node and_ln218_22)   --->   "%xor_ln218_9 = xor i1 %icmp_ln218_8, i1 1" [./calorimeter.h:218->calorimeter.cpp:392]   --->   Operation 305 'xor' 'xor_ln218_9' <Predicate = (!icmp_ln375)> <Delay = 0.00> <CoreInst = "LogicGate">   --->   Core 74 'LogicGate' <Latency = 0> <II = 1> <Delay = 0.12> <FuncUnit> <Opcode : 'and' 'or' 'xor'> <InPorts = 2> <OutPorts = 1>
ST_18 : Operation 306 [1/1] (0.00ns) (grouped into LUT with out node and_ln218_22)   --->   "%xor_ln218_10 = xor i1 %icmp_ln218_9, i1 1" [./calorimeter.h:218->calorimeter.cpp:392]   --->   Operation 306 'xor' 'xor_ln218_10' <Predicate = (!icmp_ln375)> <Delay = 0.00> <CoreInst = "LogicGate">   --->   Core 74 'LogicGate' <Latency = 0> <II = 1> <Delay = 0.12> <FuncUnit> <Opcode : 'and' 'or' 'xor'> <InPorts = 2> <OutPorts = 1>
ST_18 : Operation 307 [1/2] (1.20ns)   --->   "%neighbor_15 = load i11 %towers_addr_16" [./calorimeter.h:216->calorimeter.cpp:392]   --->   Operation 307 'load' 'neighbor_15' <Predicate = (!icmp_ln375)> <Delay = 1.20> <CoreInst = "RAM">   --->   Core 82 'RAM' <Latency = 1> <II = 1> <Delay = 1.20> <Storage> <Opcode : 'load' 'store'> <Ports = 2> <Width = 12> <Depth = 1800> <RAM>
ST_18 : Operation 308 [1/1] (0.74ns)   --->   "%icmp_ln220_10 = icmp_ne  i12 %neighbor_15, i12 %seed_et" [./calorimeter.h:220->calorimeter.cpp:392]   --->   Operation 308 'icmp' 'icmp_ln220_10' <Predicate = (!icmp_ln375)> <Delay = 0.74> <CoreInst = "Cmp">   --->   Core 9 'Cmp' <Latency = 0> <II = 1> <Delay = 0.74> <FuncUnit> <Opcode : 'seteq' 'setne' 'setle' 'setge' 'setlt' 'setgt'> <InPorts = 2> <OutPorts = 1>
ST_18 : Operation 309 [2/2] (1.20ns)   --->   "%neighbor_16 = load i11 %towers_addr_17" [./calorimeter.h:216->calorimeter.cpp:392]   --->   Operation 309 'load' 'neighbor_16' <Predicate = (!icmp_ln375)> <Delay = 1.20> <CoreInst = "RAM">   --->   Core 82 'RAM' <Latency = 1> <II = 1> <Delay = 1.20> <Storage> <Opcode : 'load' 'store'> <Ports = 2> <Width = 12> <Depth = 1800> <RAM>
ST_18 : Operation 310 [1/1] (0.00ns) (grouped into LUT with out node and_ln218_22)   --->   "%and_ln218_20 = and i1 %xor_ln218_9, i1 %icmp_ln220_9" [./calorimeter.h:218->calorimeter.cpp:392]   --->   Operation 310 'and' 'and_ln218_20' <Predicate = (!icmp_ln375)> <Delay = 0.00> <CoreInst = "LogicGate">   --->   Core 74 'LogicGate' <Latency = 0> <II = 1> <Delay = 0.12> <FuncUnit> <Opcode : 'and' 'or' 'xor'> <InPorts = 2> <OutPorts = 1>
ST_18 : Operation 311 [1/1] (0.00ns) (grouped into LUT with out node and_ln218_22)   --->   "%and_ln218_21 = and i1 %xor_ln218_10, i1 %icmp_ln220_10" [./calorimeter.h:218->calorimeter.cpp:392]   --->   Operation 311 'and' 'and_ln218_21' <Predicate = (!icmp_ln375)> <Delay = 0.00> <CoreInst = "LogicGate">   --->   Core 74 'LogicGate' <Latency = 0> <II = 1> <Delay = 0.12> <FuncUnit> <Opcode : 'and' 'or' 'xor'> <InPorts = 2> <OutPorts = 1>
ST_18 : Operation 312 [1/1] (0.12ns) (out node of the LUT)   --->   "%and_ln218_22 = and i1 %and_ln218_21, i1 %and_ln218_20" [./calorimeter.h:218->calorimeter.cpp:392]   --->   Operation 312 'and' 'and_ln218_22' <Predicate = (!icmp_ln375)> <Delay = 0.12> <CoreInst = "LogicGate">   --->   Core 74 'LogicGate' <Latency = 0> <II = 1> <Delay = 0.12> <FuncUnit> <Opcode : 'and' 'or' 'xor'> <InPorts = 2> <OutPorts = 1>

State 19 <SV = 18> <Delay = 1.93>
ST_19 : Operation 313 [1/1] (0.73ns)   --->   "%add_ln216_2 = add i11 %sub_ln216_2, i11 %zext_ln389_1" [./calorimeter.h:216->calorimeter.cpp:392]   --->   Operation 313 'add' 'add_ln216_2' <Predicate = (!icmp_ln375)> <Delay = 0.73> <CoreInst = "Adder">   --->   Core 1 'Adder' <Latency = 0> <II = 1> <Delay = 0.73> <FuncUnit> <Opcode : 'add' 'sub'> <InPorts = 2> <OutPorts = 1>
ST_19 : Operation 314 [1/1] (0.00ns)   --->   "%zext_ln216_8 = zext i11 %add_ln216_2" [./calorimeter.h:216->calorimeter.cpp:392]   --->   Operation 314 'zext' 'zext_ln216_8' <Predicate = (!icmp_ln375)> <Delay = 0.00>
ST_19 : Operation 315 [1/1] (0.00ns)   --->   "%towers_addr_18 = getelementptr i12 %towers, i64 0, i64 %zext_ln216_8" [./calorimeter.h:216->calorimeter.cpp:392]   --->   Operation 315 'getelementptr' 'towers_addr_18' <Predicate = (!icmp_ln375)> <Delay = 0.00>
ST_19 : Operation 316 [1/2] (1.20ns)   --->   "%neighbor_16 = load i11 %towers_addr_17" [./calorimeter.h:216->calorimeter.cpp:392]   --->   Operation 316 'load' 'neighbor_16' <Predicate = (!icmp_ln375)> <Delay = 1.20> <CoreInst = "RAM">   --->   Core 82 'RAM' <Latency = 1> <II = 1> <Delay = 1.20> <Storage> <Opcode : 'load' 'store'> <Ports = 2> <Width = 12> <Depth = 1800> <RAM>
ST_19 : Operation 317 [2/2] (1.20ns)   --->   "%neighbor_17 = load i11 %towers_addr_18" [./calorimeter.h:216->calorimeter.cpp:392]   --->   Operation 317 'load' 'neighbor_17' <Predicate = (!icmp_ln375)> <Delay = 1.20> <CoreInst = "RAM">   --->   Core 82 'RAM' <Latency = 1> <II = 1> <Delay = 1.20> <Storage> <Opcode : 'load' 'store'> <Ports = 2> <Width = 12> <Depth = 1800> <RAM>

State 20 <SV = 19> <Delay = 4.14>
ST_20 : Operation 318 [1/1] (0.73ns)   --->   "%add_ln216_11 = add i11 %sub_ln216_2, i11 %sext_ln216" [./calorimeter.h:216->calorimeter.cpp:392]   --->   Operation 318 'add' 'add_ln216_11' <Predicate = (!icmp_ln375)> <Delay = 0.73> <CoreInst = "Adder">   --->   Core 1 'Adder' <Latency = 0> <II = 1> <Delay = 0.73> <FuncUnit> <Opcode : 'add' 'sub'> <InPorts = 2> <OutPorts = 1>
ST_20 : Operation 319 [1/1] (0.00ns)   --->   "%zext_ln216_20 = zext i11 %add_ln216_11" [./calorimeter.h:216->calorimeter.cpp:392]   --->   Operation 319 'zext' 'zext_ln216_20' <Predicate = (!icmp_ln375)> <Delay = 0.00>
ST_20 : Operation 320 [1/1] (0.00ns)   --->   "%towers_addr_19 = getelementptr i12 %towers, i64 0, i64 %zext_ln216_20" [./calorimeter.h:216->calorimeter.cpp:392]   --->   Operation 320 'getelementptr' 'towers_addr_19' <Predicate = (!icmp_ln375)> <Delay = 0.00>
ST_20 : Operation 321 [1/1] (0.74ns)   --->   "%icmp_ln218_10 = icmp_ult  i12 %seed_et, i12 %neighbor_15" [./calorimeter.h:218->calorimeter.cpp:392]   --->   Operation 321 'icmp' 'icmp_ln218_10' <Predicate = (!icmp_ln375)> <Delay = 0.74> <CoreInst = "Cmp">   --->   Core 9 'Cmp' <Latency = 0> <II = 1> <Delay = 0.74> <FuncUnit> <Opcode : 'seteq' 'setne' 'setle' 'setge' 'setlt' 'setgt'> <InPorts = 2> <OutPorts = 1>
ST_20 : Operation 322 [1/1] (0.00ns) (grouped into LUT with out node and_ln218_28)   --->   "%xor_ln218_11 = xor i1 %icmp_ln218_10, i1 1" [./calorimeter.h:218->calorimeter.cpp:392]   --->   Operation 322 'xor' 'xor_ln218_11' <Predicate = (!icmp_ln375)> <Delay = 0.00> <CoreInst = "LogicGate">   --->   Core 74 'LogicGate' <Latency = 0> <II = 1> <Delay = 0.12> <FuncUnit> <Opcode : 'and' 'or' 'xor'> <InPorts = 2> <OutPorts = 1>
ST_20 : Operation 323 [1/1] (0.74ns)   --->   "%icmp_ln220_11 = icmp_ne  i12 %neighbor_16, i12 %seed_et" [./calorimeter.h:220->calorimeter.cpp:392]   --->   Operation 323 'icmp' 'icmp_ln220_11' <Predicate = (!icmp_ln375)> <Delay = 0.74> <CoreInst = "Cmp">   --->   Core 9 'Cmp' <Latency = 0> <II = 1> <Delay = 0.74> <FuncUnit> <Opcode : 'seteq' 'setne' 'setle' 'setge' 'setlt' 'setgt'> <InPorts = 2> <OutPorts = 1>
ST_20 : Operation 324 [1/1] (0.74ns)   --->   "%icmp_ln218_11 = icmp_ult  i12 %seed_et, i12 %neighbor_16" [./calorimeter.h:218->calorimeter.cpp:392]   --->   Operation 324 'icmp' 'icmp_ln218_11' <Predicate = (!icmp_ln375)> <Delay = 0.74> <CoreInst = "Cmp">   --->   Core 9 'Cmp' <Latency = 0> <II = 1> <Delay = 0.74> <FuncUnit> <Opcode : 'seteq' 'setne' 'setle' 'setge' 'setlt' 'setgt'> <InPorts = 2> <OutPorts = 1>
ST_20 : Operation 325 [1/1] (0.00ns) (grouped into LUT with out node and_ln218_28)   --->   "%xor_ln218_12 = xor i1 %icmp_ln218_11, i1 1" [./calorimeter.h:218->calorimeter.cpp:392]   --->   Operation 325 'xor' 'xor_ln218_12' <Predicate = (!icmp_ln375)> <Delay = 0.00> <CoreInst = "LogicGate">   --->   Core 74 'LogicGate' <Latency = 0> <II = 1> <Delay = 0.12> <FuncUnit> <Opcode : 'and' 'or' 'xor'> <InPorts = 2> <OutPorts = 1>
ST_20 : Operation 326 [1/2] (1.20ns)   --->   "%neighbor_17 = load i11 %towers_addr_18" [./calorimeter.h:216->calorimeter.cpp:392]   --->   Operation 326 'load' 'neighbor_17' <Predicate = (!icmp_ln375)> <Delay = 1.20> <CoreInst = "RAM">   --->   Core 82 'RAM' <Latency = 1> <II = 1> <Delay = 1.20> <Storage> <Opcode : 'load' 'store'> <Ports = 2> <Width = 12> <Depth = 1800> <RAM>
ST_20 : Operation 327 [2/2] (1.20ns)   --->   "%neighbor_18 = load i11 %towers_addr_19" [./calorimeter.h:216->calorimeter.cpp:392]   --->   Operation 327 'load' 'neighbor_18' <Predicate = (!icmp_ln375)> <Delay = 1.20> <CoreInst = "RAM">   --->   Core 82 'RAM' <Latency = 1> <II = 1> <Delay = 1.20> <Storage> <Opcode : 'load' 'store'> <Ports = 2> <Width = 12> <Depth = 1800> <RAM>
ST_20 : Operation 328 [1/1] (0.00ns) (grouped into LUT with out node and_ln218_28)   --->   "%and_ln218_24 = and i1 %xor_ln218_11, i1 %icmp_ln220_11" [./calorimeter.h:218->calorimeter.cpp:392]   --->   Operation 328 'and' 'and_ln218_24' <Predicate = (!icmp_ln375)> <Delay = 0.00> <CoreInst = "LogicGate">   --->   Core 74 'LogicGate' <Latency = 0> <II = 1> <Delay = 0.12> <FuncUnit> <Opcode : 'and' 'or' 'xor'> <InPorts = 2> <OutPorts = 1>
ST_20 : Operation 329 [1/1] (0.74ns)   --->   "%icmp_ln218_39 = icmp_ult  i12 %neighbor_17, i12 %seed_et" [./calorimeter.h:218->calorimeter.cpp:392]   --->   Operation 329 'icmp' 'icmp_ln218_39' <Predicate = (!icmp_ln375)> <Delay = 0.74> <CoreInst = "Cmp">   --->   Core 9 'Cmp' <Latency = 0> <II = 1> <Delay = 0.74> <FuncUnit> <Opcode : 'seteq' 'setne' 'setle' 'setge' 'setlt' 'setgt'> <InPorts = 2> <OutPorts = 1>
ST_20 : Operation 330 [1/1] (0.00ns) (grouped into LUT with out node and_ln218_28)   --->   "%and_ln218_25 = and i1 %icmp_ln218_39, i1 %xor_ln218_12" [./calorimeter.h:218->calorimeter.cpp:392]   --->   Operation 330 'and' 'and_ln218_25' <Predicate = (!icmp_ln375)> <Delay = 0.00> <CoreInst = "LogicGate">   --->   Core 74 'LogicGate' <Latency = 0> <II = 1> <Delay = 0.12> <FuncUnit> <Opcode : 'and' 'or' 'xor'> <InPorts = 2> <OutPorts = 1>
ST_20 : Operation 331 [1/1] (0.00ns) (grouped into LUT with out node and_ln218_28)   --->   "%and_ln218_26 = and i1 %and_ln218_25, i1 %and_ln218_24" [./calorimeter.h:218->calorimeter.cpp:392]   --->   Operation 331 'and' 'and_ln218_26' <Predicate = (!icmp_ln375)> <Delay = 0.00> <CoreInst = "LogicGate">   --->   Core 74 'LogicGate' <Latency = 0> <II = 1> <Delay = 0.12> <FuncUnit> <Opcode : 'and' 'or' 'xor'> <InPorts = 2> <OutPorts = 1>
ST_20 : Operation 332 [1/1] (0.00ns) (grouped into LUT with out node and_ln218_28)   --->   "%and_ln218_27 = and i1 %and_ln218_26, i1 %and_ln218_22" [./calorimeter.h:218->calorimeter.cpp:392]   --->   Operation 332 'and' 'and_ln218_27' <Predicate = (!icmp_ln375)> <Delay = 0.00> <CoreInst = "LogicGate">   --->   Core 74 'LogicGate' <Latency = 0> <II = 1> <Delay = 0.12> <FuncUnit> <Opcode : 'and' 'or' 'xor'> <InPorts = 2> <OutPorts = 1>
ST_20 : Operation 333 [1/1] (0.12ns) (out node of the LUT)   --->   "%and_ln218_28 = and i1 %and_ln218_27, i1 %and_ln218_19" [./calorimeter.h:218->calorimeter.cpp:392]   --->   Operation 333 'and' 'and_ln218_28' <Predicate = (!icmp_ln375)> <Delay = 0.12> <CoreInst = "LogicGate">   --->   Core 74 'LogicGate' <Latency = 0> <II = 1> <Delay = 0.12> <FuncUnit> <Opcode : 'and' 'or' 'xor'> <InPorts = 2> <OutPorts = 1>
ST_20 : Operation 334 [1/1] (0.12ns) (out node of the LUT)   --->   "%and_ln218_29 = and i1 %and_ln218_28, i1 %and_ln218_14" [./calorimeter.h:218->calorimeter.cpp:392]   --->   Operation 334 'and' 'and_ln218_29' <Predicate = (!icmp_ln375)> <Delay = 0.12> <CoreInst = "LogicGate">   --->   Core 74 'LogicGate' <Latency = 0> <II = 1> <Delay = 0.12> <FuncUnit> <Opcode : 'and' 'or' 'xor'> <InPorts = 2> <OutPorts = 1>
ST_20 : Operation 335 [1/1] (0.00ns)   --->   "%zext_ln187 = zext i12 %neighbor_16" [./calorimeter.h:187->calorimeter.cpp:394]   --->   Operation 335 'zext' 'zext_ln187' <Predicate = (!icmp_ln375)> <Delay = 0.00>
ST_20 : Operation 336 [1/1] (0.00ns)   --->   "%zext_ln394 = zext i12 %neighbor_17" [calorimeter.cpp:394]   --->   Operation 336 'zext' 'zext_ln394' <Predicate = (!icmp_ln375)> <Delay = 0.00>
ST_20 : Operation 337 [1/1] (0.74ns)   --->   "%core3_et = add i13 %zext_ln187, i13 %zext_ln394_4" [./calorimeter.h:187->calorimeter.cpp:394]   --->   Operation 337 'add' 'core3_et' <Predicate = (!icmp_ln375)> <Delay = 0.74> <CoreInst = "Adder">   --->   Core 1 'Adder' <Latency = 0> <II = 1> <Delay = 0.75> <FuncUnit> <Opcode : 'add' 'sub'> <InPorts = 2> <OutPorts = 1>
ST_20 : Operation 338 [1/1] (0.00ns)   --->   "%zext_ln395_12 = zext i12 %neighbor_15" [calorimeter.cpp:395]   --->   Operation 338 'zext' 'zext_ln395_12' <Predicate = (!icmp_ln375)> <Delay = 0.00>
ST_20 : Operation 339 [1/1] (0.00ns)   --->   "%zext_ln187_19 = zext i13 %add_ln187_16" [./calorimeter.h:187->calorimeter.cpp:395]   --->   Operation 339 'zext' 'zext_ln187_19' <Predicate = (!icmp_ln375)> <Delay = 0.00>
ST_20 : Operation 340 [1/1] (0.00ns) (grouped into TernaryAdder)   --->   "%add_ln187_17 = add i16 %zext_ln187_19, i16 %add_ln187_15" [./calorimeter.h:187->calorimeter.cpp:395]   --->   Operation 340 'add' 'add_ln187_17' <Predicate = (!icmp_ln375)> <Delay = 0.00> <CoreInst = "TAddSub">   --->   Core 10 'TAddSub' <Latency = 0> <II = 1> <Delay = 0.33> <IPBlock> <Opcode : '' 'add' 'sub'> <InPorts = 3> <OutPorts = 1> <Sync> <CReg>
ST_20 : Operation 341 [1/1] (0.00ns)   --->   "%zext_ln187_20 = zext i13 %add_ln187_18" [./calorimeter.h:187->calorimeter.cpp:395]   --->   Operation 341 'zext' 'zext_ln187_20' <Predicate = (!icmp_ln375)> <Delay = 0.00>
ST_20 : Operation 342 [1/1] (0.74ns)   --->   "%add_ln187_19 = add i13 %zext_ln187, i13 %zext_ln394" [./calorimeter.h:187->calorimeter.cpp:395]   --->   Operation 342 'add' 'add_ln187_19' <Predicate = (!icmp_ln375)> <Delay = 0.74> <CoreInst = "Adder">   --->   Core 1 'Adder' <Latency = 0> <II = 1> <Delay = 0.75> <FuncUnit> <Opcode : 'add' 'sub'> <InPorts = 2> <OutPorts = 1>
ST_20 : Operation 343 [1/1] (0.00ns)   --->   "%zext_ln187_21 = zext i13 %add_ln187_19" [./calorimeter.h:187->calorimeter.cpp:395]   --->   Operation 343 'zext' 'zext_ln187_21' <Predicate = (!icmp_ln375)> <Delay = 0.00>
ST_20 : Operation 344 [1/1] (0.75ns)   --->   "%add_ln187_20 = add i14 %zext_ln187_21, i14 %zext_ln395_12" [./calorimeter.h:187->calorimeter.cpp:395]   --->   Operation 344 'add' 'add_ln187_20' <Predicate = (!icmp_ln375)> <Delay = 0.75> <CoreInst = "Adder">   --->   Core 1 'Adder' <Latency = 0> <II = 1> <Delay = 0.76> <FuncUnit> <Opcode : 'add' 'sub'> <InPorts = 2> <OutPorts = 1>
ST_20 : Operation 345 [1/1] (0.00ns)   --->   "%zext_ln187_22 = zext i14 %add_ln187_20" [./calorimeter.h:187->calorimeter.cpp:395]   --->   Operation 345 'zext' 'zext_ln187_22' <Predicate = (!icmp_ln375)> <Delay = 0.00>
ST_20 : Operation 346 [1/1] (0.76ns)   --->   "%add_ln187_21 = add i15 %zext_ln187_22, i15 %zext_ln187_20" [./calorimeter.h:187->calorimeter.cpp:395]   --->   Operation 346 'add' 'add_ln187_21' <Predicate = (!icmp_ln375)> <Delay = 0.76> <CoreInst = "Adder">   --->   Core 1 'Adder' <Latency = 0> <II = 1> <Delay = 0.77> <FuncUnit> <Opcode : 'add' 'sub'> <InPorts = 2> <OutPorts = 1>
ST_20 : Operation 347 [1/1] (0.00ns)   --->   "%zext_ln187_23 = zext i15 %add_ln187_21" [./calorimeter.h:187->calorimeter.cpp:395]   --->   Operation 347 'zext' 'zext_ln187_23' <Predicate = (!icmp_ln375)> <Delay = 0.00>
ST_20 : Operation 348 [1/1] (0.67ns) (root node of TernaryAdder)   --->   "%sum7_et_9 = add i16 %zext_ln187_23, i16 %add_ln187_17" [./calorimeter.h:187->calorimeter.cpp:395]   --->   Operation 348 'add' 'sum7_et_9' <Predicate = (!icmp_ln375)> <Delay = 0.67> <CoreInst = "TAddSub">   --->   Core 10 'TAddSub' <Latency = 0> <II = 1> <Delay = 0.33> <IPBlock> <Opcode : '' 'add' 'sub'> <InPorts = 3> <OutPorts = 1> <Sync> <CReg>

State 21 <SV = 20> <Delay = 2.70>
ST_21 : Operation 349 [1/1] (0.73ns)   --->   "%add_ln216_18 = add i11 %sub_ln216_2, i11 %sext_ln216_1" [./calorimeter.h:216->calorimeter.cpp:392]   --->   Operation 349 'add' 'add_ln216_18' <Predicate = (!icmp_ln375)> <Delay = 0.73> <CoreInst = "Adder">   --->   Core 1 'Adder' <Latency = 0> <II = 1> <Delay = 0.73> <FuncUnit> <Opcode : 'add' 'sub'> <InPorts = 2> <OutPorts = 1>
ST_21 : Operation 350 [1/1] (0.00ns)   --->   "%zext_ln216_27 = zext i11 %add_ln216_18" [./calorimeter.h:216->calorimeter.cpp:392]   --->   Operation 350 'zext' 'zext_ln216_27' <Predicate = (!icmp_ln375)> <Delay = 0.00>
ST_21 : Operation 351 [1/1] (0.00ns)   --->   "%towers_addr_20 = getelementptr i12 %towers, i64 0, i64 %zext_ln216_27" [./calorimeter.h:216->calorimeter.cpp:392]   --->   Operation 351 'getelementptr' 'towers_addr_20' <Predicate = (!icmp_ln375)> <Delay = 0.00>
ST_21 : Operation 352 [1/2] (1.20ns)   --->   "%neighbor_18 = load i11 %towers_addr_19" [./calorimeter.h:216->calorimeter.cpp:392]   --->   Operation 352 'load' 'neighbor_18' <Predicate = (!icmp_ln375)> <Delay = 1.20> <CoreInst = "RAM">   --->   Core 82 'RAM' <Latency = 1> <II = 1> <Delay = 1.20> <Storage> <Opcode : 'load' 'store'> <Ports = 2> <Width = 12> <Depth = 1800> <RAM>
ST_21 : Operation 353 [2/2] (1.20ns)   --->   "%neighbor_19 = load i11 %towers_addr_20" [./calorimeter.h:216->calorimeter.cpp:392]   --->   Operation 353 'load' 'neighbor_19' <Predicate = (!icmp_ln375)> <Delay = 1.20> <CoreInst = "RAM">   --->   Core 82 'RAM' <Latency = 1> <II = 1> <Delay = 1.20> <Storage> <Opcode : 'load' 'store'> <Ports = 2> <Width = 12> <Depth = 1800> <RAM>
ST_21 : Operation 354 [1/1] (0.00ns)   --->   "%zext_ln183 = zext i12 %neighbor_18" [./calorimeter.h:183->calorimeter.cpp:394]   --->   Operation 354 'zext' 'zext_ln183' <Predicate = (!icmp_ln375)> <Delay = 0.00>
ST_21 : Operation 355 [1/1] (0.00ns)   --->   "%zext_ln187_2 = zext i13 %core3_et" [./calorimeter.h:187->calorimeter.cpp:394]   --->   Operation 355 'zext' 'zext_ln187_2' <Predicate = (!icmp_ln375)> <Delay = 0.00>
ST_21 : Operation 356 [1/1] (0.74ns)   --->   "%add_ln187_1 = add i13 %zext_ln394, i13 %zext_ln183" [./calorimeter.h:187->calorimeter.cpp:394]   --->   Operation 356 'add' 'add_ln187_1' <Predicate = (!icmp_ln375)> <Delay = 0.74> <CoreInst = "Adder">   --->   Core 1 'Adder' <Latency = 0> <II = 1> <Delay = 0.75> <FuncUnit> <Opcode : 'add' 'sub'> <InPorts = 2> <OutPorts = 1>
ST_21 : Operation 357 [1/1] (0.00ns)   --->   "%zext_ln187_3 = zext i13 %add_ln187_1" [./calorimeter.h:187->calorimeter.cpp:394]   --->   Operation 357 'zext' 'zext_ln187_3' <Predicate = (!icmp_ln375)> <Delay = 0.00>
ST_21 : Operation 358 [1/1] (0.75ns)   --->   "%core3_et_1 = add i14 %zext_ln187_3, i14 %zext_ln187_2" [./calorimeter.h:187->calorimeter.cpp:394]   --->   Operation 358 'add' 'core3_et_1' <Predicate = (!icmp_ln375)> <Delay = 0.75> <CoreInst = "Adder">   --->   Core 1 'Adder' <Latency = 0> <II = 1> <Delay = 0.76> <FuncUnit> <Opcode : 'add' 'sub'> <InPorts = 2> <OutPorts = 1>

State 22 <SV = 21> <Delay = 1.93>
ST_22 : Operation 359 [1/1] (0.73ns)   --->   "%add_ln216_25 = add i11 %sub_ln216_2, i11 %sext_ln216_2" [./calorimeter.h:216->calorimeter.cpp:392]   --->   Operation 359 'add' 'add_ln216_25' <Predicate = (!icmp_ln375)> <Delay = 0.73> <CoreInst = "Adder">   --->   Core 1 'Adder' <Latency = 0> <II = 1> <Delay = 0.73> <FuncUnit> <Opcode : 'add' 'sub'> <InPorts = 2> <OutPorts = 1>
ST_22 : Operation 360 [1/1] (0.00ns)   --->   "%zext_ln216_34 = zext i11 %add_ln216_25" [./calorimeter.h:216->calorimeter.cpp:392]   --->   Operation 360 'zext' 'zext_ln216_34' <Predicate = (!icmp_ln375)> <Delay = 0.00>
ST_22 : Operation 361 [1/1] (0.00ns)   --->   "%towers_addr_21 = getelementptr i12 %towers, i64 0, i64 %zext_ln216_34" [./calorimeter.h:216->calorimeter.cpp:392]   --->   Operation 361 'getelementptr' 'towers_addr_21' <Predicate = (!icmp_ln375)> <Delay = 0.00>
ST_22 : Operation 362 [1/2] (1.20ns)   --->   "%neighbor_19 = load i11 %towers_addr_20" [./calorimeter.h:216->calorimeter.cpp:392]   --->   Operation 362 'load' 'neighbor_19' <Predicate = (!icmp_ln375)> <Delay = 1.20> <CoreInst = "RAM">   --->   Core 82 'RAM' <Latency = 1> <II = 1> <Delay = 1.20> <Storage> <Opcode : 'load' 'store'> <Ports = 2> <Width = 12> <Depth = 1800> <RAM>
ST_22 : Operation 363 [2/2] (1.20ns)   --->   "%neighbor_20 = load i11 %towers_addr_21" [./calorimeter.h:216->calorimeter.cpp:392]   --->   Operation 363 'load' 'neighbor_20' <Predicate = (!icmp_ln375)> <Delay = 1.20> <CoreInst = "RAM">   --->   Core 82 'RAM' <Latency = 1> <II = 1> <Delay = 1.20> <Storage> <Opcode : 'load' 'store'> <Ports = 2> <Width = 12> <Depth = 1800> <RAM>

State 23 <SV = 22> <Delay = 2.62>
ST_23 : Operation 364 [1/1] (0.73ns)   --->   "%add_ln216_32 = add i11 %sub_ln389, i11 %zext_ln216_12" [./calorimeter.h:216->calorimeter.cpp:392]   --->   Operation 364 'add' 'add_ln216_32' <Predicate = (!icmp_ln375)> <Delay = 0.73> <CoreInst = "Adder">   --->   Core 1 'Adder' <Latency = 0> <II = 1> <Delay = 0.73> <FuncUnit> <Opcode : 'add' 'sub'> <InPorts = 2> <OutPorts = 1>
ST_23 : Operation 365 [1/1] (0.00ns)   --->   "%zext_ln216_41 = zext i11 %add_ln216_32" [./calorimeter.h:216->calorimeter.cpp:392]   --->   Operation 365 'zext' 'zext_ln216_41' <Predicate = (!icmp_ln375)> <Delay = 0.00>
ST_23 : Operation 366 [1/1] (0.00ns)   --->   "%towers_addr_22 = getelementptr i12 %towers, i64 0, i64 %zext_ln216_41" [./calorimeter.h:216->calorimeter.cpp:392]   --->   Operation 366 'getelementptr' 'towers_addr_22' <Predicate = (!icmp_ln375)> <Delay = 0.00>
ST_23 : Operation 367 [1/2] (1.20ns)   --->   "%neighbor_20 = load i11 %towers_addr_21" [./calorimeter.h:216->calorimeter.cpp:392]   --->   Operation 367 'load' 'neighbor_20' <Predicate = (!icmp_ln375)> <Delay = 1.20> <CoreInst = "RAM">   --->   Core 82 'RAM' <Latency = 1> <II = 1> <Delay = 1.20> <Storage> <Opcode : 'load' 'store'> <Ports = 2> <Width = 12> <Depth = 1800> <RAM>
ST_23 : Operation 368 [2/2] (1.20ns)   --->   "%neighbor_21 = load i11 %towers_addr_22" [./calorimeter.h:216->calorimeter.cpp:392]   --->   Operation 368 'load' 'neighbor_21' <Predicate = (!icmp_ln375)> <Delay = 1.20> <CoreInst = "RAM">   --->   Core 82 'RAM' <Latency = 1> <II = 1> <Delay = 1.20> <Storage> <Opcode : 'load' 'store'> <Ports = 2> <Width = 12> <Depth = 1800> <RAM>
ST_23 : Operation 369 [1/1] (0.74ns)   --->   "%icmp_ln218_40 = icmp_ult  i12 %neighbor_18, i12 %seed_et" [./calorimeter.h:218->calorimeter.cpp:392]   --->   Operation 369 'icmp' 'icmp_ln218_40' <Predicate = (!icmp_ln375)> <Delay = 0.74> <CoreInst = "Cmp">   --->   Core 9 'Cmp' <Latency = 0> <II = 1> <Delay = 0.74> <FuncUnit> <Opcode : 'seteq' 'setne' 'setle' 'setge' 'setlt' 'setgt'> <InPorts = 2> <OutPorts = 1>
ST_23 : Operation 370 [1/1] (0.74ns)   --->   "%icmp_ln218_41 = icmp_ult  i12 %neighbor_19, i12 %seed_et" [./calorimeter.h:218->calorimeter.cpp:392]   --->   Operation 370 'icmp' 'icmp_ln218_41' <Predicate = (!icmp_ln375)> <Delay = 0.74> <CoreInst = "Cmp">   --->   Core 9 'Cmp' <Latency = 0> <II = 1> <Delay = 0.74> <FuncUnit> <Opcode : 'seteq' 'setne' 'setle' 'setge' 'setlt' 'setgt'> <InPorts = 2> <OutPorts = 1>
ST_23 : Operation 371 [1/1] (0.74ns)   --->   "%icmp_ln218_42 = icmp_ult  i12 %neighbor_20, i12 %seed_et" [./calorimeter.h:218->calorimeter.cpp:392]   --->   Operation 371 'icmp' 'icmp_ln218_42' <Predicate = (!icmp_ln375)> <Delay = 0.74> <CoreInst = "Cmp">   --->   Core 9 'Cmp' <Latency = 0> <II = 1> <Delay = 0.74> <FuncUnit> <Opcode : 'seteq' 'setne' 'setle' 'setge' 'setlt' 'setgt'> <InPorts = 2> <OutPorts = 1>
ST_23 : Operation 372 [1/1] (0.00ns)   --->   "%zext_ln394_1 = zext i12 %neighbor_18" [calorimeter.cpp:394]   --->   Operation 372 'zext' 'zext_ln394_1' <Predicate = (!icmp_ln375)> <Delay = 0.00>
ST_23 : Operation 373 [1/1] (0.00ns)   --->   "%zext_ln395_13 = zext i12 %neighbor_19" [calorimeter.cpp:395]   --->   Operation 373 'zext' 'zext_ln395_13' <Predicate = (!icmp_ln375)> <Delay = 0.00>
ST_23 : Operation 374 [1/1] (0.00ns)   --->   "%zext_ln183_1 = zext i12 %neighbor_20" [./calorimeter.h:183->calorimeter.cpp:395]   --->   Operation 374 'zext' 'zext_ln183_1' <Predicate = (!icmp_ln375)> <Delay = 0.00>
ST_23 : Operation 375 [1/1] (0.00ns)   --->   "%zext_ln187_12 = zext i16 %sum7_et_9" [./calorimeter.h:187->calorimeter.cpp:395]   --->   Operation 375 'zext' 'zext_ln187_12' <Predicate = (!icmp_ln375)> <Delay = 0.00>
ST_23 : Operation 376 [1/1] (0.00ns) (grouped into TernaryAdder)   --->   "%add_ln187_23 = add i17 %zext_ln187_12, i17 %zext_ln394_1" [./calorimeter.h:187->calorimeter.cpp:395]   --->   Operation 376 'add' 'add_ln187_23' <Predicate = (!icmp_ln375)> <Delay = 0.00> <CoreInst = "TAddSub">   --->   Core 10 'TAddSub' <Latency = 0> <II = 1> <Delay = 0.33> <IPBlock> <Opcode : '' 'add' 'sub'> <InPorts = 3> <OutPorts = 1> <Sync> <CReg>
ST_23 : Operation 377 [1/1] (0.74ns)   --->   "%add_ln187_24 = add i13 %zext_ln395_13, i13 %zext_ln183_1" [./calorimeter.h:187->calorimeter.cpp:395]   --->   Operation 377 'add' 'add_ln187_24' <Predicate = (!icmp_ln375)> <Delay = 0.74> <CoreInst = "Adder">   --->   Core 1 'Adder' <Latency = 0> <II = 1> <Delay = 0.75> <FuncUnit> <Opcode : 'add' 'sub'> <InPorts = 2> <OutPorts = 1>
ST_23 : Operation 378 [1/1] (0.00ns)   --->   "%zext_ln187_24 = zext i13 %add_ln187_24" [./calorimeter.h:187->calorimeter.cpp:395]   --->   Operation 378 'zext' 'zext_ln187_24' <Predicate = (!icmp_ln375)> <Delay = 0.00>
ST_23 : Operation 379 [1/1] (0.67ns) (root node of TernaryAdder)   --->   "%add_ln187_25 = add i17 %zext_ln187_24, i17 %add_ln187_23" [./calorimeter.h:187->calorimeter.cpp:395]   --->   Operation 379 'add' 'add_ln187_25' <Predicate = (!icmp_ln375)> <Delay = 0.67> <CoreInst = "TAddSub">   --->   Core 10 'TAddSub' <Latency = 0> <II = 1> <Delay = 0.33> <IPBlock> <Opcode : '' 'add' 'sub'> <InPorts = 3> <OutPorts = 1> <Sync> <CReg>

State 24 <SV = 23> <Delay = 2.07>
ST_24 : Operation 380 [1/1] (0.73ns)   --->   "%add_ln216_38 = add i11 %sub_ln389, i11 %zext_ln216_14" [./calorimeter.h:216->calorimeter.cpp:392]   --->   Operation 380 'add' 'add_ln216_38' <Predicate = (!icmp_ln375)> <Delay = 0.73> <CoreInst = "Adder">   --->   Core 1 'Adder' <Latency = 0> <II = 1> <Delay = 0.73> <FuncUnit> <Opcode : 'add' 'sub'> <InPorts = 2> <OutPorts = 1>
ST_24 : Operation 381 [1/1] (0.00ns)   --->   "%zext_ln216_47 = zext i11 %add_ln216_38" [./calorimeter.h:216->calorimeter.cpp:392]   --->   Operation 381 'zext' 'zext_ln216_47' <Predicate = (!icmp_ln375)> <Delay = 0.00>
ST_24 : Operation 382 [1/1] (0.00ns)   --->   "%towers_addr_23 = getelementptr i12 %towers, i64 0, i64 %zext_ln216_47" [./calorimeter.h:216->calorimeter.cpp:392]   --->   Operation 382 'getelementptr' 'towers_addr_23' <Predicate = (!icmp_ln375)> <Delay = 0.00>
ST_24 : Operation 383 [1/2] (1.20ns)   --->   "%neighbor_21 = load i11 %towers_addr_22" [./calorimeter.h:216->calorimeter.cpp:392]   --->   Operation 383 'load' 'neighbor_21' <Predicate = (!icmp_ln375)> <Delay = 1.20> <CoreInst = "RAM">   --->   Core 82 'RAM' <Latency = 1> <II = 1> <Delay = 1.20> <Storage> <Opcode : 'load' 'store'> <Ports = 2> <Width = 12> <Depth = 1800> <RAM>
ST_24 : Operation 384 [2/2] (1.20ns)   --->   "%neighbor_22 = load i11 %towers_addr_23" [./calorimeter.h:216->calorimeter.cpp:392]   --->   Operation 384 'load' 'neighbor_22' <Predicate = (!icmp_ln375)> <Delay = 1.20> <CoreInst = "RAM">   --->   Core 82 'RAM' <Latency = 1> <II = 1> <Delay = 1.20> <Storage> <Opcode : 'load' 'store'> <Ports = 2> <Width = 12> <Depth = 1800> <RAM>
ST_24 : Operation 385 [1/1] (0.00ns) (grouped into LUT with out node and_ln218_32)   --->   "%and_ln218_30 = and i1 %icmp_ln218_41, i1 %icmp_ln218_40" [./calorimeter.h:218->calorimeter.cpp:392]   --->   Operation 385 'and' 'and_ln218_30' <Predicate = (!icmp_ln375)> <Delay = 0.00> <CoreInst = "LogicGate">   --->   Core 74 'LogicGate' <Latency = 0> <II = 1> <Delay = 0.12> <FuncUnit> <Opcode : 'and' 'or' 'xor'> <InPorts = 2> <OutPorts = 1>
ST_24 : Operation 386 [1/1] (0.74ns)   --->   "%icmp_ln218_43 = icmp_ult  i12 %neighbor_21, i12 %seed_et" [./calorimeter.h:218->calorimeter.cpp:392]   --->   Operation 386 'icmp' 'icmp_ln218_43' <Predicate = (!icmp_ln375)> <Delay = 0.74> <CoreInst = "Cmp">   --->   Core 9 'Cmp' <Latency = 0> <II = 1> <Delay = 0.74> <FuncUnit> <Opcode : 'seteq' 'setne' 'setle' 'setge' 'setlt' 'setgt'> <InPorts = 2> <OutPorts = 1>
ST_24 : Operation 387 [1/1] (0.00ns) (grouped into LUT with out node and_ln218_32)   --->   "%and_ln218_31 = and i1 %icmp_ln218_43, i1 %icmp_ln218_42" [./calorimeter.h:218->calorimeter.cpp:392]   --->   Operation 387 'and' 'and_ln218_31' <Predicate = (!icmp_ln375)> <Delay = 0.00> <CoreInst = "LogicGate">   --->   Core 74 'LogicGate' <Latency = 0> <II = 1> <Delay = 0.12> <FuncUnit> <Opcode : 'and' 'or' 'xor'> <InPorts = 2> <OutPorts = 1>
ST_24 : Operation 388 [1/1] (0.12ns) (out node of the LUT)   --->   "%and_ln218_32 = and i1 %and_ln218_31, i1 %and_ln218_30" [./calorimeter.h:218->calorimeter.cpp:392]   --->   Operation 388 'and' 'and_ln218_32' <Predicate = (!icmp_ln375)> <Delay = 0.12> <CoreInst = "LogicGate">   --->   Core 74 'LogicGate' <Latency = 0> <II = 1> <Delay = 0.12> <FuncUnit> <Opcode : 'and' 'or' 'xor'> <InPorts = 2> <OutPorts = 1>

State 25 <SV = 24> <Delay = 1.94>
ST_25 : Operation 389 [1/1] (0.73ns)   --->   "%add_ln216_44 = add i11 %sub_ln389, i11 %zext_ln216_16" [./calorimeter.h:216->calorimeter.cpp:392]   --->   Operation 389 'add' 'add_ln216_44' <Predicate = (!icmp_ln375)> <Delay = 0.73> <CoreInst = "Adder">   --->   Core 1 'Adder' <Latency = 0> <II = 1> <Delay = 0.73> <FuncUnit> <Opcode : 'add' 'sub'> <InPorts = 2> <OutPorts = 1>
ST_25 : Operation 390 [1/1] (0.00ns)   --->   "%zext_ln216_53 = zext i11 %add_ln216_44" [./calorimeter.h:216->calorimeter.cpp:392]   --->   Operation 390 'zext' 'zext_ln216_53' <Predicate = (!icmp_ln375)> <Delay = 0.00>
ST_25 : Operation 391 [1/1] (0.00ns)   --->   "%towers_addr_24 = getelementptr i12 %towers, i64 0, i64 %zext_ln216_53" [./calorimeter.h:216->calorimeter.cpp:392]   --->   Operation 391 'getelementptr' 'towers_addr_24' <Predicate = (!icmp_ln375)> <Delay = 0.00>
ST_25 : Operation 392 [1/2] (1.20ns)   --->   "%neighbor_22 = load i11 %towers_addr_23" [./calorimeter.h:216->calorimeter.cpp:392]   --->   Operation 392 'load' 'neighbor_22' <Predicate = (!icmp_ln375)> <Delay = 1.20> <CoreInst = "RAM">   --->   Core 82 'RAM' <Latency = 1> <II = 1> <Delay = 1.20> <Storage> <Opcode : 'load' 'store'> <Ports = 2> <Width = 12> <Depth = 1800> <RAM>
ST_25 : Operation 393 [2/2] (1.20ns)   --->   "%neighbor_23 = load i11 %towers_addr_24" [./calorimeter.h:216->calorimeter.cpp:392]   --->   Operation 393 'load' 'neighbor_23' <Predicate = (!icmp_ln375)> <Delay = 1.20> <CoreInst = "RAM">   --->   Core 82 'RAM' <Latency = 1> <II = 1> <Delay = 1.20> <Storage> <Opcode : 'load' 'store'> <Ports = 2> <Width = 12> <Depth = 1800> <RAM>
ST_25 : Operation 394 [1/1] (0.74ns)   --->   "%icmp_ln218_44 = icmp_ult  i12 %neighbor_22, i12 %seed_et" [./calorimeter.h:218->calorimeter.cpp:392]   --->   Operation 394 'icmp' 'icmp_ln218_44' <Predicate = (!icmp_ln375)> <Delay = 0.74> <CoreInst = "Cmp">   --->   Core 9 'Cmp' <Latency = 0> <II = 1> <Delay = 0.74> <FuncUnit> <Opcode : 'seteq' 'setne' 'setle' 'setge' 'setlt' 'setgt'> <InPorts = 2> <OutPorts = 1>
ST_25 : Operation 395 [1/1] (0.00ns)   --->   "%zext_ln395_14 = zext i12 %neighbor_21" [calorimeter.cpp:395]   --->   Operation 395 'zext' 'zext_ln395_14' <Predicate = (!icmp_ln375)> <Delay = 0.00>
ST_25 : Operation 396 [1/1] (0.00ns)   --->   "%zext_ln395_15 = zext i12 %neighbor_22" [calorimeter.cpp:395]   --->   Operation 396 'zext' 'zext_ln395_15' <Predicate = (!icmp_ln375)> <Delay = 0.00>
ST_25 : Operation 397 [1/1] (0.74ns)   --->   "%add_ln187_26 = add i13 %zext_ln395_14, i13 %zext_ln395_15" [./calorimeter.h:187->calorimeter.cpp:395]   --->   Operation 397 'add' 'add_ln187_26' <Predicate = (!icmp_ln375)> <Delay = 0.74> <CoreInst = "Adder">   --->   Core 1 'Adder' <Latency = 0> <II = 1> <Delay = 0.75> <FuncUnit> <Opcode : 'add' 'sub'> <InPorts = 2> <OutPorts = 1>

State 26 <SV = 25> <Delay = 1.93>
ST_26 : Operation 398 [1/1] (0.73ns)   --->   "%add_ln216_12 = add i11 %sub_ln389, i11 %sext_ln216" [./calorimeter.h:216->calorimeter.cpp:392]   --->   Operation 398 'add' 'add_ln216_12' <Predicate = (!icmp_ln375)> <Delay = 0.73> <CoreInst = "Adder">   --->   Core 1 'Adder' <Latency = 0> <II = 1> <Delay = 0.73> <FuncUnit> <Opcode : 'add' 'sub'> <InPorts = 2> <OutPorts = 1>
ST_26 : Operation 399 [1/1] (0.00ns)   --->   "%zext_ln216_21 = zext i11 %add_ln216_12" [./calorimeter.h:216->calorimeter.cpp:392]   --->   Operation 399 'zext' 'zext_ln216_21' <Predicate = (!icmp_ln375)> <Delay = 0.00>
ST_26 : Operation 400 [1/1] (0.00ns)   --->   "%towers_addr_25 = getelementptr i12 %towers, i64 0, i64 %zext_ln216_21" [./calorimeter.h:216->calorimeter.cpp:392]   --->   Operation 400 'getelementptr' 'towers_addr_25' <Predicate = (!icmp_ln375)> <Delay = 0.00>
ST_26 : Operation 401 [1/2] (1.20ns)   --->   "%neighbor_23 = load i11 %towers_addr_24" [./calorimeter.h:216->calorimeter.cpp:392]   --->   Operation 401 'load' 'neighbor_23' <Predicate = (!icmp_ln375)> <Delay = 1.20> <CoreInst = "RAM">   --->   Core 82 'RAM' <Latency = 1> <II = 1> <Delay = 1.20> <Storage> <Opcode : 'load' 'store'> <Ports = 2> <Width = 12> <Depth = 1800> <RAM>
ST_26 : Operation 402 [2/2] (1.20ns)   --->   "%neighbor_24 = load i11 %towers_addr_25" [./calorimeter.h:216->calorimeter.cpp:392]   --->   Operation 402 'load' 'neighbor_24' <Predicate = (!icmp_ln375)> <Delay = 1.20> <CoreInst = "RAM">   --->   Core 82 'RAM' <Latency = 1> <II = 1> <Delay = 1.20> <Storage> <Opcode : 'load' 'store'> <Ports = 2> <Width = 12> <Depth = 1800> <RAM>

State 27 <SV = 26> <Delay = 1.93>
ST_27 : Operation 403 [1/1] (0.73ns)   --->   "%add_ln216_19 = add i11 %sub_ln389, i11 %sext_ln216_1" [./calorimeter.h:216->calorimeter.cpp:392]   --->   Operation 403 'add' 'add_ln216_19' <Predicate = (!icmp_ln375)> <Delay = 0.73> <CoreInst = "Adder">   --->   Core 1 'Adder' <Latency = 0> <II = 1> <Delay = 0.73> <FuncUnit> <Opcode : 'add' 'sub'> <InPorts = 2> <OutPorts = 1>
ST_27 : Operation 404 [1/1] (0.00ns)   --->   "%zext_ln216_28 = zext i11 %add_ln216_19" [./calorimeter.h:216->calorimeter.cpp:392]   --->   Operation 404 'zext' 'zext_ln216_28' <Predicate = (!icmp_ln375)> <Delay = 0.00>
ST_27 : Operation 405 [1/1] (0.00ns)   --->   "%towers_addr_26 = getelementptr i12 %towers, i64 0, i64 %zext_ln216_28" [./calorimeter.h:216->calorimeter.cpp:392]   --->   Operation 405 'getelementptr' 'towers_addr_26' <Predicate = (!icmp_ln375)> <Delay = 0.00>
ST_27 : Operation 406 [1/2] (1.20ns)   --->   "%neighbor_24 = load i11 %towers_addr_25" [./calorimeter.h:216->calorimeter.cpp:392]   --->   Operation 406 'load' 'neighbor_24' <Predicate = (!icmp_ln375)> <Delay = 1.20> <CoreInst = "RAM">   --->   Core 82 'RAM' <Latency = 1> <II = 1> <Delay = 1.20> <Storage> <Opcode : 'load' 'store'> <Ports = 2> <Width = 12> <Depth = 1800> <RAM>
ST_27 : Operation 407 [2/2] (1.20ns)   --->   "%neighbor_25 = load i11 %towers_addr_26" [./calorimeter.h:216->calorimeter.cpp:392]   --->   Operation 407 'load' 'neighbor_25' <Predicate = (!icmp_ln375)> <Delay = 1.20> <CoreInst = "RAM">   --->   Core 82 'RAM' <Latency = 1> <II = 1> <Delay = 1.20> <Storage> <Opcode : 'load' 'store'> <Ports = 2> <Width = 12> <Depth = 1800> <RAM>

State 28 <SV = 27> <Delay = 1.93>
ST_28 : Operation 408 [1/1] (0.73ns)   --->   "%add_ln216_26 = add i11 %sub_ln389, i11 %sext_ln216_2" [./calorimeter.h:216->calorimeter.cpp:392]   --->   Operation 408 'add' 'add_ln216_26' <Predicate = (!icmp_ln375)> <Delay = 0.73> <CoreInst = "Adder">   --->   Core 1 'Adder' <Latency = 0> <II = 1> <Delay = 0.73> <FuncUnit> <Opcode : 'add' 'sub'> <InPorts = 2> <OutPorts = 1>
ST_28 : Operation 409 [1/1] (0.00ns)   --->   "%zext_ln216_35 = zext i11 %add_ln216_26" [./calorimeter.h:216->calorimeter.cpp:392]   --->   Operation 409 'zext' 'zext_ln216_35' <Predicate = (!icmp_ln375)> <Delay = 0.00>
ST_28 : Operation 410 [1/1] (0.00ns)   --->   "%towers_addr_27 = getelementptr i12 %towers, i64 0, i64 %zext_ln216_35" [./calorimeter.h:216->calorimeter.cpp:392]   --->   Operation 410 'getelementptr' 'towers_addr_27' <Predicate = (!icmp_ln375)> <Delay = 0.00>
ST_28 : Operation 411 [1/2] (1.20ns)   --->   "%neighbor_25 = load i11 %towers_addr_26" [./calorimeter.h:216->calorimeter.cpp:392]   --->   Operation 411 'load' 'neighbor_25' <Predicate = (!icmp_ln375)> <Delay = 1.20> <CoreInst = "RAM">   --->   Core 82 'RAM' <Latency = 1> <II = 1> <Delay = 1.20> <Storage> <Opcode : 'load' 'store'> <Ports = 2> <Width = 12> <Depth = 1800> <RAM>
ST_28 : Operation 412 [2/2] (1.20ns)   --->   "%neighbor_26 = load i11 %towers_addr_27" [./calorimeter.h:216->calorimeter.cpp:392]   --->   Operation 412 'load' 'neighbor_26' <Predicate = (!icmp_ln375)> <Delay = 1.20> <CoreInst = "RAM">   --->   Core 82 'RAM' <Latency = 1> <II = 1> <Delay = 1.20> <Storage> <Opcode : 'load' 'store'> <Ports = 2> <Width = 12> <Depth = 1800> <RAM>

State 29 <SV = 28> <Delay = 2.67>
ST_29 : Operation 413 [1/1] (0.00ns)   --->   "%p_shl5 = bitconcatenate i11 @_ssdm_op_BitConcatenate.i11.i5.i6, i5 %select_ln375_1, i6 0" [./calorimeter.h:216->calorimeter.cpp:392]   --->   Operation 413 'bitconcatenate' 'p_shl5' <Predicate = (!icmp_ln375)> <Delay = 0.00>
ST_29 : Operation 414 [1/1] (0.00ns)   --->   "%tmp_4 = bitconcatenate i7 @_ssdm_op_BitConcatenate.i7.i5.i2, i5 %select_ln375_1, i2 0" [./calorimeter.h:216->calorimeter.cpp:392]   --->   Operation 414 'bitconcatenate' 'tmp_4' <Predicate = (!icmp_ln375)> <Delay = 0.00>
ST_29 : Operation 415 [1/1] (0.00ns)   --->   "%zext_ln216_3 = zext i7 %tmp_4" [./calorimeter.h:216->calorimeter.cpp:392]   --->   Operation 415 'zext' 'zext_ln216_3' <Predicate = (!icmp_ln375)> <Delay = 0.00>
ST_29 : Operation 416 [1/1] (0.73ns)   --->   "%sub_ln216_3 = sub i11 %p_shl5, i11 %zext_ln216_3" [./calorimeter.h:216->calorimeter.cpp:392]   --->   Operation 416 'sub' 'sub_ln216_3' <Predicate = (!icmp_ln375)> <Delay = 0.73> <CoreInst = "Adder">   --->   Core 1 'Adder' <Latency = 0> <II = 1> <Delay = 0.73> <FuncUnit> <Opcode : 'add' 'sub'> <InPorts = 2> <OutPorts = 1>
ST_29 : Operation 417 [1/1] (0.73ns)   --->   "%add_ln216_33 = add i11 %sub_ln216_3, i11 %zext_ln216_12" [./calorimeter.h:216->calorimeter.cpp:392]   --->   Operation 417 'add' 'add_ln216_33' <Predicate = (!icmp_ln375)> <Delay = 0.73> <CoreInst = "Adder">   --->   Core 1 'Adder' <Latency = 0> <II = 1> <Delay = 0.73> <FuncUnit> <Opcode : 'add' 'sub'> <InPorts = 2> <OutPorts = 1>
ST_29 : Operation 418 [1/1] (0.00ns)   --->   "%zext_ln216_42 = zext i11 %add_ln216_33" [./calorimeter.h:216->calorimeter.cpp:392]   --->   Operation 418 'zext' 'zext_ln216_42' <Predicate = (!icmp_ln375)> <Delay = 0.00>
ST_29 : Operation 419 [1/1] (0.00ns)   --->   "%towers_addr_28 = getelementptr i12 %towers, i64 0, i64 %zext_ln216_42" [./calorimeter.h:216->calorimeter.cpp:392]   --->   Operation 419 'getelementptr' 'towers_addr_28' <Predicate = (!icmp_ln375)> <Delay = 0.00>
ST_29 : Operation 420 [1/1] (0.74ns)   --->   "%icmp_ln218_13 = icmp_ult  i12 %seed_et, i12 %neighbor_25" [./calorimeter.h:218->calorimeter.cpp:392]   --->   Operation 420 'icmp' 'icmp_ln218_13' <Predicate = (!icmp_ln375)> <Delay = 0.74> <CoreInst = "Cmp">   --->   Core 9 'Cmp' <Latency = 0> <II = 1> <Delay = 0.74> <FuncUnit> <Opcode : 'seteq' 'setne' 'setle' 'setge' 'setlt' 'setgt'> <InPorts = 2> <OutPorts = 1>
ST_29 : Operation 421 [1/2] (1.20ns)   --->   "%neighbor_26 = load i11 %towers_addr_27" [./calorimeter.h:216->calorimeter.cpp:392]   --->   Operation 421 'load' 'neighbor_26' <Predicate = (!icmp_ln375)> <Delay = 1.20> <CoreInst = "RAM">   --->   Core 82 'RAM' <Latency = 1> <II = 1> <Delay = 1.20> <Storage> <Opcode : 'load' 'store'> <Ports = 2> <Width = 12> <Depth = 1800> <RAM>
ST_29 : Operation 422 [1/1] (0.74ns)   --->   "%icmp_ln218_14 = icmp_ult  i12 %seed_et, i12 %neighbor_26" [./calorimeter.h:218->calorimeter.cpp:392]   --->   Operation 422 'icmp' 'icmp_ln218_14' <Predicate = (!icmp_ln375)> <Delay = 0.74> <CoreInst = "Cmp">   --->   Core 9 'Cmp' <Latency = 0> <II = 1> <Delay = 0.74> <FuncUnit> <Opcode : 'seteq' 'setne' 'setle' 'setge' 'setlt' 'setgt'> <InPorts = 2> <OutPorts = 1>
ST_29 : Operation 423 [2/2] (1.20ns)   --->   "%neighbor_27 = load i11 %towers_addr_28" [./calorimeter.h:216->calorimeter.cpp:392]   --->   Operation 423 'load' 'neighbor_27' <Predicate = (!icmp_ln375)> <Delay = 1.20> <CoreInst = "RAM">   --->   Core 82 'RAM' <Latency = 1> <II = 1> <Delay = 1.20> <Storage> <Opcode : 'load' 'store'> <Ports = 2> <Width = 12> <Depth = 1800> <RAM>
ST_29 : Operation 424 [1/1] (0.00ns)   --->   "%zext_ln395_16 = zext i12 %neighbor_25" [calorimeter.cpp:395]   --->   Operation 424 'zext' 'zext_ln395_16' <Predicate = (!icmp_ln375)> <Delay = 0.00>
ST_29 : Operation 425 [1/1] (0.00ns)   --->   "%zext_ln395_17 = zext i12 %neighbor_26" [calorimeter.cpp:395]   --->   Operation 425 'zext' 'zext_ln395_17' <Predicate = (!icmp_ln375)> <Delay = 0.00>
ST_29 : Operation 426 [1/1] (0.74ns)   --->   "%add_ln187_30 = add i13 %zext_ln395_16, i13 %zext_ln395_17" [./calorimeter.h:187->calorimeter.cpp:395]   --->   Operation 426 'add' 'add_ln187_30' <Predicate = (!icmp_ln375)> <Delay = 0.74> <CoreInst = "Adder">   --->   Core 1 'Adder' <Latency = 0> <II = 1> <Delay = 0.75> <FuncUnit> <Opcode : 'add' 'sub'> <InPorts = 2> <OutPorts = 1>

State 30 <SV = 29> <Delay = 1.93>
ST_30 : Operation 427 [1/1] (0.73ns)   --->   "%add_ln216_39 = add i11 %sub_ln216_3, i11 %zext_ln216_14" [./calorimeter.h:216->calorimeter.cpp:392]   --->   Operation 427 'add' 'add_ln216_39' <Predicate = (!icmp_ln375)> <Delay = 0.73> <CoreInst = "Adder">   --->   Core 1 'Adder' <Latency = 0> <II = 1> <Delay = 0.73> <FuncUnit> <Opcode : 'add' 'sub'> <InPorts = 2> <OutPorts = 1>
ST_30 : Operation 428 [1/1] (0.00ns)   --->   "%zext_ln216_48 = zext i11 %add_ln216_39" [./calorimeter.h:216->calorimeter.cpp:392]   --->   Operation 428 'zext' 'zext_ln216_48' <Predicate = (!icmp_ln375)> <Delay = 0.00>
ST_30 : Operation 429 [1/1] (0.00ns)   --->   "%towers_addr_29 = getelementptr i12 %towers, i64 0, i64 %zext_ln216_48" [./calorimeter.h:216->calorimeter.cpp:392]   --->   Operation 429 'getelementptr' 'towers_addr_29' <Predicate = (!icmp_ln375)> <Delay = 0.00>
ST_30 : Operation 430 [1/2] (1.20ns)   --->   "%neighbor_27 = load i11 %towers_addr_28" [./calorimeter.h:216->calorimeter.cpp:392]   --->   Operation 430 'load' 'neighbor_27' <Predicate = (!icmp_ln375)> <Delay = 1.20> <CoreInst = "RAM">   --->   Core 82 'RAM' <Latency = 1> <II = 1> <Delay = 1.20> <Storage> <Opcode : 'load' 'store'> <Ports = 2> <Width = 12> <Depth = 1800> <RAM>
ST_30 : Operation 431 [2/2] (1.20ns)   --->   "%neighbor_28 = load i11 %towers_addr_29" [./calorimeter.h:216->calorimeter.cpp:392]   --->   Operation 431 'load' 'neighbor_28' <Predicate = (!icmp_ln375)> <Delay = 1.20> <CoreInst = "RAM">   --->   Core 82 'RAM' <Latency = 1> <II = 1> <Delay = 1.20> <Storage> <Opcode : 'load' 'store'> <Ports = 2> <Width = 12> <Depth = 1800> <RAM>

State 31 <SV = 30> <Delay = 2.70>
ST_31 : Operation 432 [1/1] (0.73ns)   --->   "%add_ln216_45 = add i11 %sub_ln216_3, i11 %zext_ln216_16" [./calorimeter.h:216->calorimeter.cpp:392]   --->   Operation 432 'add' 'add_ln216_45' <Predicate = (!icmp_ln375)> <Delay = 0.73> <CoreInst = "Adder">   --->   Core 1 'Adder' <Latency = 0> <II = 1> <Delay = 0.73> <FuncUnit> <Opcode : 'add' 'sub'> <InPorts = 2> <OutPorts = 1>
ST_31 : Operation 433 [1/1] (0.00ns)   --->   "%zext_ln216_54 = zext i11 %add_ln216_45" [./calorimeter.h:216->calorimeter.cpp:392]   --->   Operation 433 'zext' 'zext_ln216_54' <Predicate = (!icmp_ln375)> <Delay = 0.00>
ST_31 : Operation 434 [1/1] (0.00ns)   --->   "%towers_addr_30 = getelementptr i12 %towers, i64 0, i64 %zext_ln216_54" [./calorimeter.h:216->calorimeter.cpp:392]   --->   Operation 434 'getelementptr' 'towers_addr_30' <Predicate = (!icmp_ln375)> <Delay = 0.00>
ST_31 : Operation 435 [1/1] (0.74ns)   --->   "%icmp_ln218_12 = icmp_ult  i12 %seed_et, i12 %neighbor_24" [./calorimeter.h:218->calorimeter.cpp:392]   --->   Operation 435 'icmp' 'icmp_ln218_12' <Predicate = (!icmp_ln375)> <Delay = 0.74> <CoreInst = "Cmp">   --->   Core 9 'Cmp' <Latency = 0> <II = 1> <Delay = 0.74> <FuncUnit> <Opcode : 'seteq' 'setne' 'setle' 'setge' 'setlt' 'setgt'> <InPorts = 2> <OutPorts = 1>
ST_31 : Operation 436 [1/1] (0.00ns) (grouped into LUT with out node and_ln218_37)   --->   "%xor_ln218_13 = xor i1 %icmp_ln218_12, i1 1" [./calorimeter.h:218->calorimeter.cpp:392]   --->   Operation 436 'xor' 'xor_ln218_13' <Predicate = (!icmp_ln375)> <Delay = 0.00> <CoreInst = "LogicGate">   --->   Core 74 'LogicGate' <Latency = 0> <II = 1> <Delay = 0.12> <FuncUnit> <Opcode : 'and' 'or' 'xor'> <InPorts = 2> <OutPorts = 1>
ST_31 : Operation 437 [1/1] (0.00ns) (grouped into LUT with out node and_ln218_37)   --->   "%xor_ln218_14 = xor i1 %icmp_ln218_13, i1 1" [./calorimeter.h:218->calorimeter.cpp:392]   --->   Operation 437 'xor' 'xor_ln218_14' <Predicate = (!icmp_ln375)> <Delay = 0.00> <CoreInst = "LogicGate">   --->   Core 74 'LogicGate' <Latency = 0> <II = 1> <Delay = 0.12> <FuncUnit> <Opcode : 'and' 'or' 'xor'> <InPorts = 2> <OutPorts = 1>
ST_31 : Operation 438 [1/1] (0.00ns) (grouped into LUT with out node and_ln218_37)   --->   "%xor_ln218_15 = xor i1 %icmp_ln218_14, i1 1" [./calorimeter.h:218->calorimeter.cpp:392]   --->   Operation 438 'xor' 'xor_ln218_15' <Predicate = (!icmp_ln375)> <Delay = 0.00> <CoreInst = "LogicGate">   --->   Core 74 'LogicGate' <Latency = 0> <II = 1> <Delay = 0.12> <FuncUnit> <Opcode : 'and' 'or' 'xor'> <InPorts = 2> <OutPorts = 1>
ST_31 : Operation 439 [1/1] (0.74ns)   --->   "%icmp_ln218_15 = icmp_ult  i12 %seed_et, i12 %neighbor_27" [./calorimeter.h:218->calorimeter.cpp:392]   --->   Operation 439 'icmp' 'icmp_ln218_15' <Predicate = (!icmp_ln375)> <Delay = 0.74> <CoreInst = "Cmp">   --->   Core 9 'Cmp' <Latency = 0> <II = 1> <Delay = 0.74> <FuncUnit> <Opcode : 'seteq' 'setne' 'setle' 'setge' 'setlt' 'setgt'> <InPorts = 2> <OutPorts = 1>
ST_31 : Operation 440 [1/1] (0.00ns) (grouped into LUT with out node and_ln218_37)   --->   "%xor_ln218_16 = xor i1 %icmp_ln218_15, i1 1" [./calorimeter.h:218->calorimeter.cpp:392]   --->   Operation 440 'xor' 'xor_ln218_16' <Predicate = (!icmp_ln375)> <Delay = 0.00> <CoreInst = "LogicGate">   --->   Core 74 'LogicGate' <Latency = 0> <II = 1> <Delay = 0.12> <FuncUnit> <Opcode : 'and' 'or' 'xor'> <InPorts = 2> <OutPorts = 1>
ST_31 : Operation 441 [1/2] (1.20ns)   --->   "%neighbor_28 = load i11 %towers_addr_29" [./calorimeter.h:216->calorimeter.cpp:392]   --->   Operation 441 'load' 'neighbor_28' <Predicate = (!icmp_ln375)> <Delay = 1.20> <CoreInst = "RAM">   --->   Core 82 'RAM' <Latency = 1> <II = 1> <Delay = 1.20> <Storage> <Opcode : 'load' 'store'> <Ports = 2> <Width = 12> <Depth = 1800> <RAM>
ST_31 : Operation 442 [1/1] (0.74ns)   --->   "%icmp_ln218_16 = icmp_ult  i12 %seed_et, i12 %neighbor_28" [./calorimeter.h:218->calorimeter.cpp:392]   --->   Operation 442 'icmp' 'icmp_ln218_16' <Predicate = (!icmp_ln375)> <Delay = 0.74> <CoreInst = "Cmp">   --->   Core 9 'Cmp' <Latency = 0> <II = 1> <Delay = 0.74> <FuncUnit> <Opcode : 'seteq' 'setne' 'setle' 'setge' 'setlt' 'setgt'> <InPorts = 2> <OutPorts = 1>
ST_31 : Operation 443 [1/1] (0.00ns) (grouped into LUT with out node and_ln218_37)   --->   "%xor_ln218_17 = xor i1 %icmp_ln218_16, i1 1" [./calorimeter.h:218->calorimeter.cpp:392]   --->   Operation 443 'xor' 'xor_ln218_17' <Predicate = (!icmp_ln375)> <Delay = 0.00> <CoreInst = "LogicGate">   --->   Core 74 'LogicGate' <Latency = 0> <II = 1> <Delay = 0.12> <FuncUnit> <Opcode : 'and' 'or' 'xor'> <InPorts = 2> <OutPorts = 1>
ST_31 : Operation 444 [2/2] (1.20ns)   --->   "%neighbor_29 = load i11 %towers_addr_30" [./calorimeter.h:216->calorimeter.cpp:392]   --->   Operation 444 'load' 'neighbor_29' <Predicate = (!icmp_ln375)> <Delay = 1.20> <CoreInst = "RAM">   --->   Core 82 'RAM' <Latency = 1> <II = 1> <Delay = 1.20> <Storage> <Opcode : 'load' 'store'> <Ports = 2> <Width = 12> <Depth = 1800> <RAM>
ST_31 : Operation 445 [1/1] (0.00ns) (grouped into LUT with out node and_ln218_37)   --->   "%and_ln218_34 = and i1 %xor_ln218_13, i1 %xor_ln218_14" [./calorimeter.h:218->calorimeter.cpp:392]   --->   Operation 445 'and' 'and_ln218_34' <Predicate = (!icmp_ln375)> <Delay = 0.00> <CoreInst = "LogicGate">   --->   Core 74 'LogicGate' <Latency = 0> <II = 1> <Delay = 0.12> <FuncUnit> <Opcode : 'and' 'or' 'xor'> <InPorts = 2> <OutPorts = 1>
ST_31 : Operation 446 [1/1] (0.00ns) (grouped into LUT with out node and_ln218_37)   --->   "%and_ln218_35 = and i1 %xor_ln218_16, i1 %xor_ln218_17" [./calorimeter.h:218->calorimeter.cpp:392]   --->   Operation 446 'and' 'and_ln218_35' <Predicate = (!icmp_ln375)> <Delay = 0.00> <CoreInst = "LogicGate">   --->   Core 74 'LogicGate' <Latency = 0> <II = 1> <Delay = 0.12> <FuncUnit> <Opcode : 'and' 'or' 'xor'> <InPorts = 2> <OutPorts = 1>
ST_31 : Operation 447 [1/1] (0.00ns) (grouped into LUT with out node and_ln218_37)   --->   "%and_ln218_36 = and i1 %and_ln218_35, i1 %xor_ln218_15" [./calorimeter.h:218->calorimeter.cpp:392]   --->   Operation 447 'and' 'and_ln218_36' <Predicate = (!icmp_ln375)> <Delay = 0.00> <CoreInst = "LogicGate">   --->   Core 74 'LogicGate' <Latency = 0> <II = 1> <Delay = 0.12> <FuncUnit> <Opcode : 'and' 'or' 'xor'> <InPorts = 2> <OutPorts = 1>
ST_31 : Operation 448 [1/1] (0.12ns) (out node of the LUT)   --->   "%and_ln218_37 = and i1 %and_ln218_36, i1 %and_ln218_34" [./calorimeter.h:218->calorimeter.cpp:392]   --->   Operation 448 'and' 'and_ln218_37' <Predicate = (!icmp_ln375)> <Delay = 0.12> <CoreInst = "LogicGate">   --->   Core 74 'LogicGate' <Latency = 0> <II = 1> <Delay = 0.12> <FuncUnit> <Opcode : 'and' 'or' 'xor'> <InPorts = 2> <OutPorts = 1>
ST_31 : Operation 449 [1/1] (0.00ns)   --->   "%zext_ln395_18 = zext i12 %neighbor_27" [calorimeter.cpp:395]   --->   Operation 449 'zext' 'zext_ln395_18' <Predicate = (!icmp_ln375)> <Delay = 0.00>
ST_31 : Operation 450 [1/1] (0.00ns)   --->   "%zext_ln395_19 = zext i12 %neighbor_28" [calorimeter.cpp:395]   --->   Operation 450 'zext' 'zext_ln395_19' <Predicate = (!icmp_ln375)> <Delay = 0.00>
ST_31 : Operation 451 [1/1] (0.00ns)   --->   "%zext_ln187_28 = zext i13 %add_ln187_30" [./calorimeter.h:187->calorimeter.cpp:395]   --->   Operation 451 'zext' 'zext_ln187_28' <Predicate = (!icmp_ln375)> <Delay = 0.00>
ST_31 : Operation 452 [1/1] (0.74ns)   --->   "%add_ln187_31 = add i13 %zext_ln395_18, i13 %zext_ln395_19" [./calorimeter.h:187->calorimeter.cpp:395]   --->   Operation 452 'add' 'add_ln187_31' <Predicate = (!icmp_ln375)> <Delay = 0.74> <CoreInst = "Adder">   --->   Core 1 'Adder' <Latency = 0> <II = 1> <Delay = 0.75> <FuncUnit> <Opcode : 'add' 'sub'> <InPorts = 2> <OutPorts = 1>
ST_31 : Operation 453 [1/1] (0.00ns)   --->   "%zext_ln187_29 = zext i13 %add_ln187_31" [./calorimeter.h:187->calorimeter.cpp:395]   --->   Operation 453 'zext' 'zext_ln187_29' <Predicate = (!icmp_ln375)> <Delay = 0.00>
ST_31 : Operation 454 [1/1] (0.75ns)   --->   "%add_ln187_32 = add i14 %zext_ln187_29, i14 %zext_ln187_28" [./calorimeter.h:187->calorimeter.cpp:395]   --->   Operation 454 'add' 'add_ln187_32' <Predicate = (!icmp_ln375)> <Delay = 0.75> <CoreInst = "Adder">   --->   Core 1 'Adder' <Latency = 0> <II = 1> <Delay = 0.76> <FuncUnit> <Opcode : 'add' 'sub'> <InPorts = 2> <OutPorts = 1>

State 32 <SV = 31> <Delay = 1.93>
ST_32 : Operation 455 [1/1] (0.73ns)   --->   "%add_ln216_3 = add i11 %sub_ln216_3, i11 %zext_ln389_1" [./calorimeter.h:216->calorimeter.cpp:392]   --->   Operation 455 'add' 'add_ln216_3' <Predicate = (!icmp_ln375)> <Delay = 0.73> <CoreInst = "Adder">   --->   Core 1 'Adder' <Latency = 0> <II = 1> <Delay = 0.73> <FuncUnit> <Opcode : 'add' 'sub'> <InPorts = 2> <OutPorts = 1>
ST_32 : Operation 456 [1/1] (0.00ns)   --->   "%zext_ln216_9 = zext i11 %add_ln216_3" [./calorimeter.h:216->calorimeter.cpp:392]   --->   Operation 456 'zext' 'zext_ln216_9' <Predicate = (!icmp_ln375)> <Delay = 0.00>
ST_32 : Operation 457 [1/1] (0.00ns)   --->   "%towers_addr_31 = getelementptr i12 %towers, i64 0, i64 %zext_ln216_9" [./calorimeter.h:216->calorimeter.cpp:392]   --->   Operation 457 'getelementptr' 'towers_addr_31' <Predicate = (!icmp_ln375)> <Delay = 0.00>
ST_32 : Operation 458 [1/2] (1.20ns)   --->   "%neighbor_29 = load i11 %towers_addr_30" [./calorimeter.h:216->calorimeter.cpp:392]   --->   Operation 458 'load' 'neighbor_29' <Predicate = (!icmp_ln375)> <Delay = 1.20> <CoreInst = "RAM">   --->   Core 82 'RAM' <Latency = 1> <II = 1> <Delay = 1.20> <Storage> <Opcode : 'load' 'store'> <Ports = 2> <Width = 12> <Depth = 1800> <RAM>
ST_32 : Operation 459 [2/2] (1.20ns)   --->   "%neighbor_30 = load i11 %towers_addr_31" [./calorimeter.h:216->calorimeter.cpp:392]   --->   Operation 459 'load' 'neighbor_30' <Predicate = (!icmp_ln375)> <Delay = 1.20> <CoreInst = "RAM">   --->   Core 82 'RAM' <Latency = 1> <II = 1> <Delay = 1.20> <Storage> <Opcode : 'load' 'store'> <Ports = 2> <Width = 12> <Depth = 1800> <RAM>

State 33 <SV = 32> <Delay = 3.39>
ST_33 : Operation 460 [1/1] (0.73ns)   --->   "%add_ln216_13 = add i11 %sub_ln216_3, i11 %sext_ln216" [./calorimeter.h:216->calorimeter.cpp:392]   --->   Operation 460 'add' 'add_ln216_13' <Predicate = (!icmp_ln375)> <Delay = 0.73> <CoreInst = "Adder">   --->   Core 1 'Adder' <Latency = 0> <II = 1> <Delay = 0.73> <FuncUnit> <Opcode : 'add' 'sub'> <InPorts = 2> <OutPorts = 1>
ST_33 : Operation 461 [1/1] (0.00ns)   --->   "%zext_ln216_22 = zext i11 %add_ln216_13" [./calorimeter.h:216->calorimeter.cpp:392]   --->   Operation 461 'zext' 'zext_ln216_22' <Predicate = (!icmp_ln375)> <Delay = 0.00>
ST_33 : Operation 462 [1/1] (0.00ns)   --->   "%towers_addr_32 = getelementptr i12 %towers, i64 0, i64 %zext_ln216_22" [./calorimeter.h:216->calorimeter.cpp:392]   --->   Operation 462 'getelementptr' 'towers_addr_32' <Predicate = (!icmp_ln375)> <Delay = 0.00>
ST_33 : Operation 463 [1/1] (0.74ns)   --->   "%icmp_ln218_17 = icmp_ult  i12 %seed_et, i12 %neighbor_29" [./calorimeter.h:218->calorimeter.cpp:392]   --->   Operation 463 'icmp' 'icmp_ln218_17' <Predicate = (!icmp_ln375)> <Delay = 0.74> <CoreInst = "Cmp">   --->   Core 9 'Cmp' <Latency = 0> <II = 1> <Delay = 0.74> <FuncUnit> <Opcode : 'seteq' 'setne' 'setle' 'setge' 'setlt' 'setgt'> <InPorts = 2> <OutPorts = 1>
ST_33 : Operation 464 [1/2] (1.20ns)   --->   "%neighbor_30 = load i11 %towers_addr_31" [./calorimeter.h:216->calorimeter.cpp:392]   --->   Operation 464 'load' 'neighbor_30' <Predicate = (!icmp_ln375)> <Delay = 1.20> <CoreInst = "RAM">   --->   Core 82 'RAM' <Latency = 1> <II = 1> <Delay = 1.20> <Storage> <Opcode : 'load' 'store'> <Ports = 2> <Width = 12> <Depth = 1800> <RAM>
ST_33 : Operation 465 [1/1] (0.74ns)   --->   "%icmp_ln218_18 = icmp_ult  i12 %seed_et, i12 %neighbor_30" [./calorimeter.h:218->calorimeter.cpp:392]   --->   Operation 465 'icmp' 'icmp_ln218_18' <Predicate = (!icmp_ln375)> <Delay = 0.74> <CoreInst = "Cmp">   --->   Core 9 'Cmp' <Latency = 0> <II = 1> <Delay = 0.74> <FuncUnit> <Opcode : 'seteq' 'setne' 'setle' 'setge' 'setlt' 'setgt'> <InPorts = 2> <OutPorts = 1>
ST_33 : Operation 466 [2/2] (1.20ns)   --->   "%neighbor_31 = load i11 %towers_addr_32" [./calorimeter.h:216->calorimeter.cpp:392]   --->   Operation 466 'load' 'neighbor_31' <Predicate = (!icmp_ln375)> <Delay = 1.20> <CoreInst = "RAM">   --->   Core 82 'RAM' <Latency = 1> <II = 1> <Delay = 1.20> <Storage> <Opcode : 'load' 'store'> <Ports = 2> <Width = 12> <Depth = 1800> <RAM>
ST_33 : Operation 467 [1/1] (0.74ns)   --->   "%icmp_ln218_45 = icmp_ult  i12 %neighbor_23, i12 %seed_et" [./calorimeter.h:218->calorimeter.cpp:392]   --->   Operation 467 'icmp' 'icmp_ln218_45' <Predicate = (!icmp_ln375)> <Delay = 0.74> <CoreInst = "Cmp">   --->   Core 9 'Cmp' <Latency = 0> <II = 1> <Delay = 0.74> <FuncUnit> <Opcode : 'seteq' 'setne' 'setle' 'setge' 'setlt' 'setgt'> <InPorts = 2> <OutPorts = 1>
ST_33 : Operation 468 [1/1] (0.00ns)   --->   "%zext_ln394_2 = zext i12 %neighbor_23" [calorimeter.cpp:394]   --->   Operation 468 'zext' 'zext_ln394_2' <Predicate = (!icmp_ln375)> <Delay = 0.00>
ST_33 : Operation 469 [1/1] (0.00ns)   --->   "%zext_ln394_3 = zext i12 %neighbor_23" [calorimeter.cpp:394]   --->   Operation 469 'zext' 'zext_ln394_3' <Predicate = (!icmp_ln375)> <Delay = 0.00>
ST_33 : Operation 470 [1/1] (0.00ns)   --->   "%zext_ln394_5 = zext i12 %neighbor_24" [calorimeter.cpp:394]   --->   Operation 470 'zext' 'zext_ln394_5' <Predicate = (!icmp_ln375)> <Delay = 0.00>
ST_33 : Operation 471 [1/1] (0.00ns)   --->   "%zext_ln394_6 = zext i12 %neighbor_24" [calorimeter.cpp:394]   --->   Operation 471 'zext' 'zext_ln394_6' <Predicate = (!icmp_ln375)> <Delay = 0.00>
ST_33 : Operation 472 [1/1] (0.00ns)   --->   "%zext_ln394_7 = zext i12 %neighbor_29" [calorimeter.cpp:394]   --->   Operation 472 'zext' 'zext_ln394_7' <Predicate = (!icmp_ln375)> <Delay = 0.00>
ST_33 : Operation 473 [1/1] (0.00ns)   --->   "%zext_ln187_1 = zext i12 %neighbor_30" [./calorimeter.h:187->calorimeter.cpp:394]   --->   Operation 473 'zext' 'zext_ln187_1' <Predicate = (!icmp_ln375)> <Delay = 0.00>
ST_33 : Operation 474 [1/1] (0.00ns)   --->   "%zext_ln187_4 = zext i14 %core3_et_1" [./calorimeter.h:187->calorimeter.cpp:394]   --->   Operation 474 'zext' 'zext_ln187_4' <Predicate = (!icmp_ln375)> <Delay = 0.00>
ST_33 : Operation 475 [1/1] (0.00ns) (grouped into TernaryAdder)   --->   "%add_ln187_3 = add i15 %zext_ln187_4, i15 %zext_ln394_3" [./calorimeter.h:187->calorimeter.cpp:394]   --->   Operation 475 'add' 'add_ln187_3' <Predicate = (!icmp_ln375)> <Delay = 0.00> <CoreInst = "TAddSub">   --->   Core 10 'TAddSub' <Latency = 0> <II = 1> <Delay = 0.33> <IPBlock> <Opcode : '' 'add' 'sub'> <InPorts = 3> <OutPorts = 1> <Sync> <CReg>
ST_33 : Operation 476 [1/1] (0.74ns)   --->   "%add_ln187_4 = add i13 %zext_ln394_7, i13 %zext_ln187_1" [./calorimeter.h:187->calorimeter.cpp:394]   --->   Operation 476 'add' 'add_ln187_4' <Predicate = (!icmp_ln375)> <Delay = 0.74> <CoreInst = "Adder">   --->   Core 1 'Adder' <Latency = 0> <II = 1> <Delay = 0.75> <FuncUnit> <Opcode : 'add' 'sub'> <InPorts = 2> <OutPorts = 1>
ST_33 : Operation 477 [1/1] (0.00ns)   --->   "%zext_ln187_5 = zext i13 %add_ln187_4" [./calorimeter.h:187->calorimeter.cpp:394]   --->   Operation 477 'zext' 'zext_ln187_5' <Predicate = (!icmp_ln375)> <Delay = 0.00>
ST_33 : Operation 478 [1/1] (0.75ns)   --->   "%add_ln187_5 = add i14 %zext_ln187_5, i14 %zext_ln394_6" [./calorimeter.h:187->calorimeter.cpp:394]   --->   Operation 478 'add' 'add_ln187_5' <Predicate = (!icmp_ln375)> <Delay = 0.75> <CoreInst = "Adder">   --->   Core 1 'Adder' <Latency = 0> <II = 1> <Delay = 0.76> <FuncUnit> <Opcode : 'add' 'sub'> <InPorts = 2> <OutPorts = 1>
ST_33 : Operation 479 [1/1] (0.00ns)   --->   "%zext_ln187_6 = zext i14 %add_ln187_5" [./calorimeter.h:187->calorimeter.cpp:394]   --->   Operation 479 'zext' 'zext_ln187_6' <Predicate = (!icmp_ln375)> <Delay = 0.00>
ST_33 : Operation 480 [1/1] (0.69ns) (root node of TernaryAdder)   --->   "%core3_et_2 = add i15 %zext_ln187_6, i15 %add_ln187_3" [./calorimeter.h:187->calorimeter.cpp:394]   --->   Operation 480 'add' 'core3_et_2' <Predicate = (!icmp_ln375)> <Delay = 0.69> <CoreInst = "TAddSub">   --->   Core 10 'TAddSub' <Latency = 0> <II = 1> <Delay = 0.33> <IPBlock> <Opcode : '' 'add' 'sub'> <InPorts = 3> <OutPorts = 1> <Sync> <CReg>
ST_33 : Operation 481 [1/1] (0.00ns)   --->   "%zext_ln187_25 = zext i13 %add_ln187_26" [./calorimeter.h:187->calorimeter.cpp:395]   --->   Operation 481 'zext' 'zext_ln187_25' <Predicate = (!icmp_ln375)> <Delay = 0.00>
ST_33 : Operation 482 [1/1] (0.74ns)   --->   "%add_ln187_27 = add i13 %zext_ln394_2, i13 %zext_ln394_5" [./calorimeter.h:187->calorimeter.cpp:395]   --->   Operation 482 'add' 'add_ln187_27' <Predicate = (!icmp_ln375)> <Delay = 0.74> <CoreInst = "Adder">   --->   Core 1 'Adder' <Latency = 0> <II = 1> <Delay = 0.75> <FuncUnit> <Opcode : 'add' 'sub'> <InPorts = 2> <OutPorts = 1>
ST_33 : Operation 483 [1/1] (0.00ns)   --->   "%zext_ln187_26 = zext i13 %add_ln187_27" [./calorimeter.h:187->calorimeter.cpp:395]   --->   Operation 483 'zext' 'zext_ln187_26' <Predicate = (!icmp_ln375)> <Delay = 0.00>
ST_33 : Operation 484 [1/1] (0.75ns)   --->   "%add_ln187_28 = add i14 %zext_ln187_26, i14 %zext_ln187_25" [./calorimeter.h:187->calorimeter.cpp:395]   --->   Operation 484 'add' 'add_ln187_28' <Predicate = (!icmp_ln375)> <Delay = 0.75> <CoreInst = "Adder">   --->   Core 1 'Adder' <Latency = 0> <II = 1> <Delay = 0.76> <FuncUnit> <Opcode : 'add' 'sub'> <InPorts = 2> <OutPorts = 1>

State 34 <SV = 33> <Delay = 1.93>
ST_34 : Operation 485 [1/1] (0.73ns)   --->   "%add_ln216_20 = add i11 %sub_ln216_3, i11 %sext_ln216_1" [./calorimeter.h:216->calorimeter.cpp:392]   --->   Operation 485 'add' 'add_ln216_20' <Predicate = (!icmp_ln375)> <Delay = 0.73> <CoreInst = "Adder">   --->   Core 1 'Adder' <Latency = 0> <II = 1> <Delay = 0.73> <FuncUnit> <Opcode : 'add' 'sub'> <InPorts = 2> <OutPorts = 1>
ST_34 : Operation 486 [1/1] (0.00ns)   --->   "%zext_ln216_29 = zext i11 %add_ln216_20" [./calorimeter.h:216->calorimeter.cpp:392]   --->   Operation 486 'zext' 'zext_ln216_29' <Predicate = (!icmp_ln375)> <Delay = 0.00>
ST_34 : Operation 487 [1/1] (0.00ns)   --->   "%towers_addr_33 = getelementptr i12 %towers, i64 0, i64 %zext_ln216_29" [./calorimeter.h:216->calorimeter.cpp:392]   --->   Operation 487 'getelementptr' 'towers_addr_33' <Predicate = (!icmp_ln375)> <Delay = 0.00>
ST_34 : Operation 488 [1/2] (1.20ns)   --->   "%neighbor_31 = load i11 %towers_addr_32" [./calorimeter.h:216->calorimeter.cpp:392]   --->   Operation 488 'load' 'neighbor_31' <Predicate = (!icmp_ln375)> <Delay = 1.20> <CoreInst = "RAM">   --->   Core 82 'RAM' <Latency = 1> <II = 1> <Delay = 1.20> <Storage> <Opcode : 'load' 'store'> <Ports = 2> <Width = 12> <Depth = 1800> <RAM>
ST_34 : Operation 489 [2/2] (1.20ns)   --->   "%neighbor_32 = load i11 %towers_addr_33" [./calorimeter.h:216->calorimeter.cpp:392]   --->   Operation 489 'load' 'neighbor_32' <Predicate = (!icmp_ln375)> <Delay = 1.20> <CoreInst = "RAM">   --->   Core 82 'RAM' <Latency = 1> <II = 1> <Delay = 1.20> <Storage> <Opcode : 'load' 'store'> <Ports = 2> <Width = 12> <Depth = 1800> <RAM>

State 35 <SV = 34> <Delay = 1.93>
ST_35 : Operation 490 [1/1] (0.73ns)   --->   "%add_ln216_27 = add i11 %sub_ln216_3, i11 %sext_ln216_2" [./calorimeter.h:216->calorimeter.cpp:392]   --->   Operation 490 'add' 'add_ln216_27' <Predicate = (!icmp_ln375)> <Delay = 0.73> <CoreInst = "Adder">   --->   Core 1 'Adder' <Latency = 0> <II = 1> <Delay = 0.73> <FuncUnit> <Opcode : 'add' 'sub'> <InPorts = 2> <OutPorts = 1>
ST_35 : Operation 491 [1/1] (0.00ns)   --->   "%zext_ln216_36 = zext i11 %add_ln216_27" [./calorimeter.h:216->calorimeter.cpp:392]   --->   Operation 491 'zext' 'zext_ln216_36' <Predicate = (!icmp_ln375)> <Delay = 0.00>
ST_35 : Operation 492 [1/1] (0.00ns)   --->   "%towers_addr_34 = getelementptr i12 %towers, i64 0, i64 %zext_ln216_36" [./calorimeter.h:216->calorimeter.cpp:392]   --->   Operation 492 'getelementptr' 'towers_addr_34' <Predicate = (!icmp_ln375)> <Delay = 0.00>
ST_35 : Operation 493 [1/2] (1.20ns)   --->   "%neighbor_32 = load i11 %towers_addr_33" [./calorimeter.h:216->calorimeter.cpp:392]   --->   Operation 493 'load' 'neighbor_32' <Predicate = (!icmp_ln375)> <Delay = 1.20> <CoreInst = "RAM">   --->   Core 82 'RAM' <Latency = 1> <II = 1> <Delay = 1.20> <Storage> <Opcode : 'load' 'store'> <Ports = 2> <Width = 12> <Depth = 1800> <RAM>
ST_35 : Operation 494 [2/2] (1.20ns)   --->   "%neighbor_33 = load i11 %towers_addr_34" [./calorimeter.h:216->calorimeter.cpp:392]   --->   Operation 494 'load' 'neighbor_33' <Predicate = (!icmp_ln375)> <Delay = 1.20> <CoreInst = "RAM">   --->   Core 82 'RAM' <Latency = 1> <II = 1> <Delay = 1.20> <Storage> <Opcode : 'load' 'store'> <Ports = 2> <Width = 12> <Depth = 1800> <RAM>

State 36 <SV = 35> <Delay = 4.92>
ST_36 : Operation 495 [1/1] (0.70ns)   --->   "%empty_100 = add i5 %select_ln375_2, i5 2" [calorimeter.cpp:375]   --->   Operation 495 'add' 'empty_100' <Predicate = (!icmp_ln375)> <Delay = 0.70> <CoreInst = "Adder">   --->   Core 1 'Adder' <Latency = 0> <II = 1> <Delay = 0.70> <FuncUnit> <Opcode : 'add' 'sub'> <InPorts = 2> <OutPorts = 1>
ST_36 : Operation 496 [1/1] (0.00ns)   --->   "%p_shl6 = bitconcatenate i11 @_ssdm_op_BitConcatenate.i11.i5.i6, i5 %empty_100, i6 0" [./calorimeter.h:216->calorimeter.cpp:392]   --->   Operation 496 'bitconcatenate' 'p_shl6' <Predicate = (!icmp_ln375)> <Delay = 0.00>
ST_36 : Operation 497 [1/1] (0.00ns)   --->   "%tmp_5 = bitconcatenate i7 @_ssdm_op_BitConcatenate.i7.i5.i2, i5 %empty_100, i2 0" [./calorimeter.h:216->calorimeter.cpp:392]   --->   Operation 497 'bitconcatenate' 'tmp_5' <Predicate = (!icmp_ln375)> <Delay = 0.00>
ST_36 : Operation 498 [1/1] (0.00ns)   --->   "%zext_ln216_4 = zext i7 %tmp_5" [./calorimeter.h:216->calorimeter.cpp:392]   --->   Operation 498 'zext' 'zext_ln216_4' <Predicate = (!icmp_ln375)> <Delay = 0.00>
ST_36 : Operation 499 [1/1] (0.73ns)   --->   "%sub_ln216_4 = sub i11 %p_shl6, i11 %zext_ln216_4" [./calorimeter.h:216->calorimeter.cpp:392]   --->   Operation 499 'sub' 'sub_ln216_4' <Predicate = (!icmp_ln375)> <Delay = 0.73> <CoreInst = "Adder">   --->   Core 1 'Adder' <Latency = 0> <II = 1> <Delay = 0.73> <FuncUnit> <Opcode : 'add' 'sub'> <InPorts = 2> <OutPorts = 1>
ST_36 : Operation 500 [1/1] (0.73ns)   --->   "%add_ln216_34 = add i11 %sub_ln216_4, i11 %zext_ln216_12" [./calorimeter.h:216->calorimeter.cpp:392]   --->   Operation 500 'add' 'add_ln216_34' <Predicate = (!icmp_ln375)> <Delay = 0.73> <CoreInst = "Adder">   --->   Core 1 'Adder' <Latency = 0> <II = 1> <Delay = 0.73> <FuncUnit> <Opcode : 'add' 'sub'> <InPorts = 2> <OutPorts = 1>
ST_36 : Operation 501 [1/1] (0.00ns)   --->   "%zext_ln216_43 = zext i11 %add_ln216_34" [./calorimeter.h:216->calorimeter.cpp:392]   --->   Operation 501 'zext' 'zext_ln216_43' <Predicate = (!icmp_ln375)> <Delay = 0.00>
ST_36 : Operation 502 [1/1] (0.00ns)   --->   "%towers_addr_35 = getelementptr i12 %towers, i64 0, i64 %zext_ln216_43" [./calorimeter.h:216->calorimeter.cpp:392]   --->   Operation 502 'getelementptr' 'towers_addr_35' <Predicate = (!icmp_ln375)> <Delay = 0.00>
ST_36 : Operation 503 [1/1] (0.74ns)   --->   "%icmp_ln218_19 = icmp_ult  i12 %seed_et, i12 %neighbor_31" [./calorimeter.h:218->calorimeter.cpp:392]   --->   Operation 503 'icmp' 'icmp_ln218_19' <Predicate = (!icmp_ln375)> <Delay = 0.74> <CoreInst = "Cmp">   --->   Core 9 'Cmp' <Latency = 0> <II = 1> <Delay = 0.74> <FuncUnit> <Opcode : 'seteq' 'setne' 'setle' 'setge' 'setlt' 'setgt'> <InPorts = 2> <OutPorts = 1>
ST_36 : Operation 504 [1/1] (0.74ns)   --->   "%icmp_ln218_20 = icmp_ult  i12 %seed_et, i12 %neighbor_32" [./calorimeter.h:218->calorimeter.cpp:392]   --->   Operation 504 'icmp' 'icmp_ln218_20' <Predicate = (!icmp_ln375)> <Delay = 0.74> <CoreInst = "Cmp">   --->   Core 9 'Cmp' <Latency = 0> <II = 1> <Delay = 0.74> <FuncUnit> <Opcode : 'seteq' 'setne' 'setle' 'setge' 'setlt' 'setgt'> <InPorts = 2> <OutPorts = 1>
ST_36 : Operation 505 [1/2] (1.20ns)   --->   "%neighbor_33 = load i11 %towers_addr_34" [./calorimeter.h:216->calorimeter.cpp:392]   --->   Operation 505 'load' 'neighbor_33' <Predicate = (!icmp_ln375)> <Delay = 1.20> <CoreInst = "RAM">   --->   Core 82 'RAM' <Latency = 1> <II = 1> <Delay = 1.20> <Storage> <Opcode : 'load' 'store'> <Ports = 2> <Width = 12> <Depth = 1800> <RAM>
ST_36 : Operation 506 [1/1] (0.74ns)   --->   "%icmp_ln218_21 = icmp_ult  i12 %seed_et, i12 %neighbor_33" [./calorimeter.h:218->calorimeter.cpp:392]   --->   Operation 506 'icmp' 'icmp_ln218_21' <Predicate = (!icmp_ln375)> <Delay = 0.74> <CoreInst = "Cmp">   --->   Core 9 'Cmp' <Latency = 0> <II = 1> <Delay = 0.74> <FuncUnit> <Opcode : 'seteq' 'setne' 'setle' 'setge' 'setlt' 'setgt'> <InPorts = 2> <OutPorts = 1>
ST_36 : Operation 507 [2/2] (1.20ns)   --->   "%neighbor_34 = load i11 %towers_addr_35" [./calorimeter.h:216->calorimeter.cpp:392]   --->   Operation 507 'load' 'neighbor_34' <Predicate = (!icmp_ln375)> <Delay = 1.20> <CoreInst = "RAM">   --->   Core 82 'RAM' <Latency = 1> <II = 1> <Delay = 1.20> <Storage> <Opcode : 'load' 'store'> <Ports = 2> <Width = 12> <Depth = 1800> <RAM>
ST_36 : Operation 508 [1/1] (0.00ns)   --->   "%zext_ln394_8 = zext i15 %core3_et_2" [calorimeter.cpp:394]   --->   Operation 508 'zext' 'zext_ln394_8' <Predicate = (!icmp_ln375)> <Delay = 0.00>
ST_36 : Operation 509 [1/1] (0.00ns)   --->   "%zext_ln187_8 = zext i12 %neighbor_31" [./calorimeter.h:187->calorimeter.cpp:394]   --->   Operation 509 'zext' 'zext_ln187_8' <Predicate = (!icmp_ln375)> <Delay = 0.00>
ST_36 : Operation 510 [1/1] (0.00ns)   --->   "%zext_ln187_7 = zext i12 %neighbor_31" [./calorimeter.h:187->calorimeter.cpp:394]   --->   Operation 510 'zext' 'zext_ln187_7' <Predicate = (!icmp_ln375)> <Delay = 0.00>
ST_36 : Operation 511 [1/1] (0.77ns)   --->   "%core3_et_3 = add i16 %zext_ln394_8, i16 %zext_ln187_7" [./calorimeter.h:187->calorimeter.cpp:394]   --->   Operation 511 'add' 'core3_et_3' <Predicate = (!icmp_ln375)> <Delay = 0.77> <CoreInst = "Adder">   --->   Core 1 'Adder' <Latency = 0> <II = 1> <Delay = 0.78> <FuncUnit> <Opcode : 'add' 'sub'> <InPorts = 2> <OutPorts = 1>
ST_36 : Operation 512 [1/1] (0.00ns)   --->   "%zext_ln395_20 = zext i12 %neighbor_32" [calorimeter.cpp:395]   --->   Operation 512 'zext' 'zext_ln395_20' <Predicate = (!icmp_ln375)> <Delay = 0.00>
ST_36 : Operation 513 [1/1] (0.00ns)   --->   "%zext_ln395_21 = zext i12 %neighbor_33" [calorimeter.cpp:395]   --->   Operation 513 'zext' 'zext_ln395_21' <Predicate = (!icmp_ln375)> <Delay = 0.00>
ST_36 : Operation 514 [1/1] (0.00ns)   --->   "%zext_ln187_27 = zext i14 %add_ln187_28" [./calorimeter.h:187->calorimeter.cpp:395]   --->   Operation 514 'zext' 'zext_ln187_27' <Predicate = (!icmp_ln375)> <Delay = 0.00>
ST_36 : Operation 515 [1/1] (0.00ns) (grouped into TernaryAdder)   --->   "%add_ln187_29 = add i17 %zext_ln187_27, i17 %add_ln187_25" [./calorimeter.h:187->calorimeter.cpp:395]   --->   Operation 515 'add' 'add_ln187_29' <Predicate = (!icmp_ln375)> <Delay = 0.00> <CoreInst = "TAddSub">   --->   Core 10 'TAddSub' <Latency = 0> <II = 1> <Delay = 0.33> <IPBlock> <Opcode : '' 'add' 'sub'> <InPorts = 3> <OutPorts = 1> <Sync> <CReg>
ST_36 : Operation 516 [1/1] (0.00ns)   --->   "%zext_ln187_30 = zext i14 %add_ln187_32" [./calorimeter.h:187->calorimeter.cpp:395]   --->   Operation 516 'zext' 'zext_ln187_30' <Predicate = (!icmp_ln375)> <Delay = 0.00>
ST_36 : Operation 517 [1/1] (0.00ns)   --->   "%zext_ln187_31 = zext i13 %add_ln187_4" [./calorimeter.h:187->calorimeter.cpp:395]   --->   Operation 517 'zext' 'zext_ln187_31' <Predicate = (!icmp_ln375)> <Delay = 0.00>
ST_36 : Operation 518 [1/1] (0.74ns)   --->   "%add_ln187_33 = add i13 %zext_ln395_20, i13 %zext_ln395_21" [./calorimeter.h:187->calorimeter.cpp:395]   --->   Operation 518 'add' 'add_ln187_33' <Predicate = (!icmp_ln375)> <Delay = 0.74> <CoreInst = "Adder">   --->   Core 1 'Adder' <Latency = 0> <II = 1> <Delay = 0.75> <FuncUnit> <Opcode : 'add' 'sub'> <InPorts = 2> <OutPorts = 1>
ST_36 : Operation 519 [1/1] (0.00ns)   --->   "%zext_ln187_32 = zext i13 %add_ln187_33" [./calorimeter.h:187->calorimeter.cpp:395]   --->   Operation 519 'zext' 'zext_ln187_32' <Predicate = (!icmp_ln375)> <Delay = 0.00>
ST_36 : Operation 520 [1/1] (0.75ns)   --->   "%add_ln187_34 = add i14 %zext_ln187_32, i14 %zext_ln187_8" [./calorimeter.h:187->calorimeter.cpp:395]   --->   Operation 520 'add' 'add_ln187_34' <Predicate = (!icmp_ln375)> <Delay = 0.75> <CoreInst = "Adder">   --->   Core 1 'Adder' <Latency = 0> <II = 1> <Delay = 0.76> <FuncUnit> <Opcode : 'add' 'sub'> <InPorts = 2> <OutPorts = 1>
ST_36 : Operation 521 [1/1] (0.00ns)   --->   "%zext_ln187_33 = zext i14 %add_ln187_34" [./calorimeter.h:187->calorimeter.cpp:395]   --->   Operation 521 'zext' 'zext_ln187_33' <Predicate = (!icmp_ln375)> <Delay = 0.00>
ST_36 : Operation 522 [1/1] (0.76ns)   --->   "%add_ln187_35 = add i15 %zext_ln187_33, i15 %zext_ln187_31" [./calorimeter.h:187->calorimeter.cpp:395]   --->   Operation 522 'add' 'add_ln187_35' <Predicate = (!icmp_ln375)> <Delay = 0.76> <CoreInst = "Adder">   --->   Core 1 'Adder' <Latency = 0> <II = 1> <Delay = 0.77> <FuncUnit> <Opcode : 'add' 'sub'> <InPorts = 2> <OutPorts = 1>
ST_36 : Operation 523 [1/1] (0.00ns)   --->   "%zext_ln187_34 = zext i15 %add_ln187_35" [./calorimeter.h:187->calorimeter.cpp:395]   --->   Operation 523 'zext' 'zext_ln187_34' <Predicate = (!icmp_ln375)> <Delay = 0.00>
ST_36 : Operation 524 [1/1] (0.77ns)   --->   "%add_ln187_36 = add i16 %zext_ln187_34, i16 %zext_ln187_30" [./calorimeter.h:187->calorimeter.cpp:395]   --->   Operation 524 'add' 'add_ln187_36' <Predicate = (!icmp_ln375)> <Delay = 0.77> <CoreInst = "Adder">   --->   Core 1 'Adder' <Latency = 0> <II = 1> <Delay = 0.78> <FuncUnit> <Opcode : 'add' 'sub'> <InPorts = 2> <OutPorts = 1>
ST_36 : Operation 525 [1/1] (0.00ns)   --->   "%zext_ln187_35 = zext i16 %add_ln187_36" [./calorimeter.h:187->calorimeter.cpp:395]   --->   Operation 525 'zext' 'zext_ln187_35' <Predicate = (!icmp_ln375)> <Delay = 0.00>
ST_36 : Operation 526 [1/1] (0.67ns) (root node of TernaryAdder)   --->   "%sum7_et_10 = add i17 %zext_ln187_35, i17 %add_ln187_29" [./calorimeter.h:187->calorimeter.cpp:395]   --->   Operation 526 'add' 'sum7_et_10' <Predicate = (!icmp_ln375)> <Delay = 0.67> <CoreInst = "TAddSub">   --->   Core 10 'TAddSub' <Latency = 0> <II = 1> <Delay = 0.33> <IPBlock> <Opcode : '' 'add' 'sub'> <InPorts = 3> <OutPorts = 1> <Sync> <CReg>

State 37 <SV = 36> <Delay = 1.93>
ST_37 : Operation 527 [1/1] (0.73ns)   --->   "%add_ln216_40 = add i11 %sub_ln216_4, i11 %zext_ln216_14" [./calorimeter.h:216->calorimeter.cpp:392]   --->   Operation 527 'add' 'add_ln216_40' <Predicate = (!icmp_ln375)> <Delay = 0.73> <CoreInst = "Adder">   --->   Core 1 'Adder' <Latency = 0> <II = 1> <Delay = 0.73> <FuncUnit> <Opcode : 'add' 'sub'> <InPorts = 2> <OutPorts = 1>
ST_37 : Operation 528 [1/1] (0.00ns)   --->   "%zext_ln216_49 = zext i11 %add_ln216_40" [./calorimeter.h:216->calorimeter.cpp:392]   --->   Operation 528 'zext' 'zext_ln216_49' <Predicate = (!icmp_ln375)> <Delay = 0.00>
ST_37 : Operation 529 [1/1] (0.00ns)   --->   "%towers_addr_36 = getelementptr i12 %towers, i64 0, i64 %zext_ln216_49" [./calorimeter.h:216->calorimeter.cpp:392]   --->   Operation 529 'getelementptr' 'towers_addr_36' <Predicate = (!icmp_ln375)> <Delay = 0.00>
ST_37 : Operation 530 [1/2] (1.20ns)   --->   "%neighbor_34 = load i11 %towers_addr_35" [./calorimeter.h:216->calorimeter.cpp:392]   --->   Operation 530 'load' 'neighbor_34' <Predicate = (!icmp_ln375)> <Delay = 1.20> <CoreInst = "RAM">   --->   Core 82 'RAM' <Latency = 1> <II = 1> <Delay = 1.20> <Storage> <Opcode : 'load' 'store'> <Ports = 2> <Width = 12> <Depth = 1800> <RAM>
ST_37 : Operation 531 [2/2] (1.20ns)   --->   "%neighbor_35 = load i11 %towers_addr_36" [./calorimeter.h:216->calorimeter.cpp:392]   --->   Operation 531 'load' 'neighbor_35' <Predicate = (!icmp_ln375)> <Delay = 1.20> <CoreInst = "RAM">   --->   Core 82 'RAM' <Latency = 1> <II = 1> <Delay = 1.20> <Storage> <Opcode : 'load' 'store'> <Ports = 2> <Width = 12> <Depth = 1800> <RAM>

State 38 <SV = 37> <Delay = 1.93>
ST_38 : Operation 532 [1/1] (0.73ns)   --->   "%add_ln216_46 = add i11 %sub_ln216_4, i11 %zext_ln216_16" [./calorimeter.h:216->calorimeter.cpp:392]   --->   Operation 532 'add' 'add_ln216_46' <Predicate = (!icmp_ln375)> <Delay = 0.73> <CoreInst = "Adder">   --->   Core 1 'Adder' <Latency = 0> <II = 1> <Delay = 0.73> <FuncUnit> <Opcode : 'add' 'sub'> <InPorts = 2> <OutPorts = 1>
ST_38 : Operation 533 [1/1] (0.00ns)   --->   "%zext_ln216_55 = zext i11 %add_ln216_46" [./calorimeter.h:216->calorimeter.cpp:392]   --->   Operation 533 'zext' 'zext_ln216_55' <Predicate = (!icmp_ln375)> <Delay = 0.00>
ST_38 : Operation 534 [1/1] (0.00ns)   --->   "%towers_addr_37 = getelementptr i12 %towers, i64 0, i64 %zext_ln216_55" [./calorimeter.h:216->calorimeter.cpp:392]   --->   Operation 534 'getelementptr' 'towers_addr_37' <Predicate = (!icmp_ln375)> <Delay = 0.00>
ST_38 : Operation 535 [1/2] (1.20ns)   --->   "%neighbor_35 = load i11 %towers_addr_36" [./calorimeter.h:216->calorimeter.cpp:392]   --->   Operation 535 'load' 'neighbor_35' <Predicate = (!icmp_ln375)> <Delay = 1.20> <CoreInst = "RAM">   --->   Core 82 'RAM' <Latency = 1> <II = 1> <Delay = 1.20> <Storage> <Opcode : 'load' 'store'> <Ports = 2> <Width = 12> <Depth = 1800> <RAM>
ST_38 : Operation 536 [2/2] (1.20ns)   --->   "%neighbor_36 = load i11 %towers_addr_37" [./calorimeter.h:216->calorimeter.cpp:392]   --->   Operation 536 'load' 'neighbor_36' <Predicate = (!icmp_ln375)> <Delay = 1.20> <CoreInst = "RAM">   --->   Core 82 'RAM' <Latency = 1> <II = 1> <Delay = 1.20> <Storage> <Opcode : 'load' 'store'> <Ports = 2> <Width = 12> <Depth = 1800> <RAM>

State 39 <SV = 38> <Delay = 1.94>
ST_39 : Operation 537 [1/1] (0.73ns)   --->   "%add_ln216_4 = add i11 %sub_ln216_4, i11 %zext_ln389_1" [./calorimeter.h:216->calorimeter.cpp:392]   --->   Operation 537 'add' 'add_ln216_4' <Predicate = (!icmp_ln375)> <Delay = 0.73> <CoreInst = "Adder">   --->   Core 1 'Adder' <Latency = 0> <II = 1> <Delay = 0.73> <FuncUnit> <Opcode : 'add' 'sub'> <InPorts = 2> <OutPorts = 1>
ST_39 : Operation 538 [1/1] (0.00ns)   --->   "%zext_ln216_10 = zext i11 %add_ln216_4" [./calorimeter.h:216->calorimeter.cpp:392]   --->   Operation 538 'zext' 'zext_ln216_10' <Predicate = (!icmp_ln375)> <Delay = 0.00>
ST_39 : Operation 539 [1/1] (0.00ns)   --->   "%towers_addr_38 = getelementptr i12 %towers, i64 0, i64 %zext_ln216_10" [./calorimeter.h:216->calorimeter.cpp:392]   --->   Operation 539 'getelementptr' 'towers_addr_38' <Predicate = (!icmp_ln375)> <Delay = 0.00>
ST_39 : Operation 540 [1/1] (0.74ns)   --->   "%icmp_ln218_23 = icmp_ult  i12 %seed_et, i12 %neighbor_35" [./calorimeter.h:218->calorimeter.cpp:392]   --->   Operation 540 'icmp' 'icmp_ln218_23' <Predicate = (!icmp_ln375)> <Delay = 0.74> <CoreInst = "Cmp">   --->   Core 9 'Cmp' <Latency = 0> <II = 1> <Delay = 0.74> <FuncUnit> <Opcode : 'seteq' 'setne' 'setle' 'setge' 'setlt' 'setgt'> <InPorts = 2> <OutPorts = 1>
ST_39 : Operation 541 [1/2] (1.20ns)   --->   "%neighbor_36 = load i11 %towers_addr_37" [./calorimeter.h:216->calorimeter.cpp:392]   --->   Operation 541 'load' 'neighbor_36' <Predicate = (!icmp_ln375)> <Delay = 1.20> <CoreInst = "RAM">   --->   Core 82 'RAM' <Latency = 1> <II = 1> <Delay = 1.20> <Storage> <Opcode : 'load' 'store'> <Ports = 2> <Width = 12> <Depth = 1800> <RAM>
ST_39 : Operation 542 [1/1] (0.74ns)   --->   "%icmp_ln218_24 = icmp_ult  i12 %seed_et, i12 %neighbor_36" [./calorimeter.h:218->calorimeter.cpp:392]   --->   Operation 542 'icmp' 'icmp_ln218_24' <Predicate = (!icmp_ln375)> <Delay = 0.74> <CoreInst = "Cmp">   --->   Core 9 'Cmp' <Latency = 0> <II = 1> <Delay = 0.74> <FuncUnit> <Opcode : 'seteq' 'setne' 'setle' 'setge' 'setlt' 'setgt'> <InPorts = 2> <OutPorts = 1>
ST_39 : Operation 543 [2/2] (1.20ns)   --->   "%neighbor_37 = load i11 %towers_addr_38" [./calorimeter.h:216->calorimeter.cpp:392]   --->   Operation 543 'load' 'neighbor_37' <Predicate = (!icmp_ln375)> <Delay = 1.20> <CoreInst = "RAM">   --->   Core 82 'RAM' <Latency = 1> <II = 1> <Delay = 1.20> <Storage> <Opcode : 'load' 'store'> <Ports = 2> <Width = 12> <Depth = 1800> <RAM>
ST_39 : Operation 544 [1/1] (0.00ns)   --->   "%zext_ln395_23 = zext i12 %neighbor_35" [calorimeter.cpp:395]   --->   Operation 544 'zext' 'zext_ln395_23' <Predicate = (!icmp_ln375)> <Delay = 0.00>
ST_39 : Operation 545 [1/1] (0.00ns)   --->   "%zext_ln395_24 = zext i12 %neighbor_36" [calorimeter.cpp:395]   --->   Operation 545 'zext' 'zext_ln395_24' <Predicate = (!icmp_ln375)> <Delay = 0.00>
ST_39 : Operation 546 [1/1] (0.74ns)   --->   "%add_ln187_47 = add i13 %zext_ln395_24, i13 %zext_ln395_23" [./calorimeter.h:187->calorimeter.cpp:395]   --->   Operation 546 'add' 'add_ln187_47' <Predicate = (!icmp_ln375)> <Delay = 0.74> <CoreInst = "Adder">   --->   Core 1 'Adder' <Latency = 0> <II = 1> <Delay = 0.75> <FuncUnit> <Opcode : 'add' 'sub'> <InPorts = 2> <OutPorts = 1>

State 40 <SV = 39> <Delay = 2.19>
ST_40 : Operation 547 [1/1] (0.73ns)   --->   "%add_ln216_14 = add i11 %sub_ln216_4, i11 %sext_ln216" [./calorimeter.h:216->calorimeter.cpp:392]   --->   Operation 547 'add' 'add_ln216_14' <Predicate = (!icmp_ln375)> <Delay = 0.73> <CoreInst = "Adder">   --->   Core 1 'Adder' <Latency = 0> <II = 1> <Delay = 0.73> <FuncUnit> <Opcode : 'add' 'sub'> <InPorts = 2> <OutPorts = 1>
ST_40 : Operation 548 [1/1] (0.00ns)   --->   "%zext_ln216_23 = zext i11 %add_ln216_14" [./calorimeter.h:216->calorimeter.cpp:392]   --->   Operation 548 'zext' 'zext_ln216_23' <Predicate = (!icmp_ln375)> <Delay = 0.00>
ST_40 : Operation 549 [1/1] (0.00ns)   --->   "%towers_addr_39 = getelementptr i12 %towers, i64 0, i64 %zext_ln216_23" [./calorimeter.h:216->calorimeter.cpp:392]   --->   Operation 549 'getelementptr' 'towers_addr_39' <Predicate = (!icmp_ln375)> <Delay = 0.00>
ST_40 : Operation 550 [1/1] (0.00ns) (grouped into LUT with out node and_ln218_47)   --->   "%xor_ln218_18 = xor i1 %icmp_ln218_17, i1 1" [./calorimeter.h:218->calorimeter.cpp:392]   --->   Operation 550 'xor' 'xor_ln218_18' <Predicate = (!icmp_ln375)> <Delay = 0.00> <CoreInst = "LogicGate">   --->   Core 74 'LogicGate' <Latency = 0> <II = 1> <Delay = 0.12> <FuncUnit> <Opcode : 'and' 'or' 'xor'> <InPorts = 2> <OutPorts = 1>
ST_40 : Operation 551 [1/1] (0.00ns) (grouped into LUT with out node and_ln218_47)   --->   "%xor_ln218_19 = xor i1 %icmp_ln218_18, i1 1" [./calorimeter.h:218->calorimeter.cpp:392]   --->   Operation 551 'xor' 'xor_ln218_19' <Predicate = (!icmp_ln375)> <Delay = 0.00> <CoreInst = "LogicGate">   --->   Core 74 'LogicGate' <Latency = 0> <II = 1> <Delay = 0.12> <FuncUnit> <Opcode : 'and' 'or' 'xor'> <InPorts = 2> <OutPorts = 1>
ST_40 : Operation 552 [1/1] (0.00ns) (grouped into LUT with out node and_ln218_47)   --->   "%xor_ln218_20 = xor i1 %icmp_ln218_19, i1 1" [./calorimeter.h:218->calorimeter.cpp:392]   --->   Operation 552 'xor' 'xor_ln218_20' <Predicate = (!icmp_ln375)> <Delay = 0.00> <CoreInst = "LogicGate">   --->   Core 74 'LogicGate' <Latency = 0> <II = 1> <Delay = 0.12> <FuncUnit> <Opcode : 'and' 'or' 'xor'> <InPorts = 2> <OutPorts = 1>
ST_40 : Operation 553 [1/1] (0.00ns) (grouped into LUT with out node and_ln218_47)   --->   "%xor_ln218_21 = xor i1 %icmp_ln218_20, i1 1" [./calorimeter.h:218->calorimeter.cpp:392]   --->   Operation 553 'xor' 'xor_ln218_21' <Predicate = (!icmp_ln375)> <Delay = 0.00> <CoreInst = "LogicGate">   --->   Core 74 'LogicGate' <Latency = 0> <II = 1> <Delay = 0.12> <FuncUnit> <Opcode : 'and' 'or' 'xor'> <InPorts = 2> <OutPorts = 1>
ST_40 : Operation 554 [1/1] (0.00ns) (grouped into LUT with out node and_ln218_46)   --->   "%xor_ln218_22 = xor i1 %icmp_ln218_21, i1 1" [./calorimeter.h:218->calorimeter.cpp:392]   --->   Operation 554 'xor' 'xor_ln218_22' <Predicate = (!icmp_ln375)> <Delay = 0.00> <CoreInst = "LogicGate">   --->   Core 74 'LogicGate' <Latency = 0> <II = 1> <Delay = 0.12> <FuncUnit> <Opcode : 'and' 'or' 'xor'> <InPorts = 2> <OutPorts = 1>
ST_40 : Operation 555 [1/1] (0.74ns)   --->   "%icmp_ln218_22 = icmp_ult  i12 %seed_et, i12 %neighbor_34" [./calorimeter.h:218->calorimeter.cpp:392]   --->   Operation 555 'icmp' 'icmp_ln218_22' <Predicate = (!icmp_ln375)> <Delay = 0.74> <CoreInst = "Cmp">   --->   Core 9 'Cmp' <Latency = 0> <II = 1> <Delay = 0.74> <FuncUnit> <Opcode : 'seteq' 'setne' 'setle' 'setge' 'setlt' 'setgt'> <InPorts = 2> <OutPorts = 1>
ST_40 : Operation 556 [1/1] (0.00ns) (grouped into LUT with out node and_ln218_46)   --->   "%xor_ln218_23 = xor i1 %icmp_ln218_22, i1 1" [./calorimeter.h:218->calorimeter.cpp:392]   --->   Operation 556 'xor' 'xor_ln218_23' <Predicate = (!icmp_ln375)> <Delay = 0.00> <CoreInst = "LogicGate">   --->   Core 74 'LogicGate' <Latency = 0> <II = 1> <Delay = 0.12> <FuncUnit> <Opcode : 'and' 'or' 'xor'> <InPorts = 2> <OutPorts = 1>
ST_40 : Operation 557 [1/1] (0.00ns) (grouped into LUT with out node and_ln218_46)   --->   "%xor_ln218_24 = xor i1 %icmp_ln218_23, i1 1" [./calorimeter.h:218->calorimeter.cpp:392]   --->   Operation 557 'xor' 'xor_ln218_24' <Predicate = (!icmp_ln375)> <Delay = 0.00> <CoreInst = "LogicGate">   --->   Core 74 'LogicGate' <Latency = 0> <II = 1> <Delay = 0.12> <FuncUnit> <Opcode : 'and' 'or' 'xor'> <InPorts = 2> <OutPorts = 1>
ST_40 : Operation 558 [1/1] (0.00ns) (grouped into LUT with out node and_ln218_46)   --->   "%xor_ln218_25 = xor i1 %icmp_ln218_24, i1 1" [./calorimeter.h:218->calorimeter.cpp:392]   --->   Operation 558 'xor' 'xor_ln218_25' <Predicate = (!icmp_ln375)> <Delay = 0.00> <CoreInst = "LogicGate">   --->   Core 74 'LogicGate' <Latency = 0> <II = 1> <Delay = 0.12> <FuncUnit> <Opcode : 'and' 'or' 'xor'> <InPorts = 2> <OutPorts = 1>
ST_40 : Operation 559 [1/2] (1.20ns)   --->   "%neighbor_37 = load i11 %towers_addr_38" [./calorimeter.h:216->calorimeter.cpp:392]   --->   Operation 559 'load' 'neighbor_37' <Predicate = (!icmp_ln375)> <Delay = 1.20> <CoreInst = "RAM">   --->   Core 82 'RAM' <Latency = 1> <II = 1> <Delay = 1.20> <Storage> <Opcode : 'load' 'store'> <Ports = 2> <Width = 12> <Depth = 1800> <RAM>
ST_40 : Operation 560 [1/1] (0.74ns)   --->   "%icmp_ln218_25 = icmp_ult  i12 %seed_et, i12 %neighbor_37" [./calorimeter.h:218->calorimeter.cpp:392]   --->   Operation 560 'icmp' 'icmp_ln218_25' <Predicate = (!icmp_ln375)> <Delay = 0.74> <CoreInst = "Cmp">   --->   Core 9 'Cmp' <Latency = 0> <II = 1> <Delay = 0.74> <FuncUnit> <Opcode : 'seteq' 'setne' 'setle' 'setge' 'setlt' 'setgt'> <InPorts = 2> <OutPorts = 1>
ST_40 : Operation 561 [1/1] (0.00ns) (grouped into LUT with out node and_ln218_46)   --->   "%xor_ln218_26 = xor i1 %icmp_ln218_25, i1 1" [./calorimeter.h:218->calorimeter.cpp:392]   --->   Operation 561 'xor' 'xor_ln218_26' <Predicate = (!icmp_ln375)> <Delay = 0.00> <CoreInst = "LogicGate">   --->   Core 74 'LogicGate' <Latency = 0> <II = 1> <Delay = 0.12> <FuncUnit> <Opcode : 'and' 'or' 'xor'> <InPorts = 2> <OutPorts = 1>
ST_40 : Operation 562 [2/2] (1.20ns)   --->   "%neighbor_38 = load i11 %towers_addr_39" [./calorimeter.h:216->calorimeter.cpp:392]   --->   Operation 562 'load' 'neighbor_38' <Predicate = (!icmp_ln375)> <Delay = 1.20> <CoreInst = "RAM">   --->   Core 82 'RAM' <Latency = 1> <II = 1> <Delay = 1.20> <Storage> <Opcode : 'load' 'store'> <Ports = 2> <Width = 12> <Depth = 1800> <RAM>
ST_40 : Operation 563 [1/1] (0.00ns) (grouped into LUT with out node and_ln218_47)   --->   "%and_ln218_40 = and i1 %xor_ln218_18, i1 %xor_ln218_19" [./calorimeter.h:218->calorimeter.cpp:392]   --->   Operation 563 'and' 'and_ln218_40' <Predicate = (!icmp_ln375)> <Delay = 0.00> <CoreInst = "LogicGate">   --->   Core 74 'LogicGate' <Latency = 0> <II = 1> <Delay = 0.12> <FuncUnit> <Opcode : 'and' 'or' 'xor'> <InPorts = 2> <OutPorts = 1>
ST_40 : Operation 564 [1/1] (0.00ns) (grouped into LUT with out node and_ln218_47)   --->   "%and_ln218_41 = and i1 %xor_ln218_20, i1 %xor_ln218_21" [./calorimeter.h:218->calorimeter.cpp:392]   --->   Operation 564 'and' 'and_ln218_41' <Predicate = (!icmp_ln375)> <Delay = 0.00> <CoreInst = "LogicGate">   --->   Core 74 'LogicGate' <Latency = 0> <II = 1> <Delay = 0.12> <FuncUnit> <Opcode : 'and' 'or' 'xor'> <InPorts = 2> <OutPorts = 1>
ST_40 : Operation 565 [1/1] (0.00ns) (grouped into LUT with out node and_ln218_47)   --->   "%and_ln218_42 = and i1 %and_ln218_41, i1 %and_ln218_40" [./calorimeter.h:218->calorimeter.cpp:392]   --->   Operation 565 'and' 'and_ln218_42' <Predicate = (!icmp_ln375)> <Delay = 0.00> <CoreInst = "LogicGate">   --->   Core 74 'LogicGate' <Latency = 0> <II = 1> <Delay = 0.12> <FuncUnit> <Opcode : 'and' 'or' 'xor'> <InPorts = 2> <OutPorts = 1>
ST_40 : Operation 566 [1/1] (0.00ns) (grouped into LUT with out node and_ln218_46)   --->   "%and_ln218_43 = and i1 %xor_ln218_22, i1 %xor_ln218_23" [./calorimeter.h:218->calorimeter.cpp:392]   --->   Operation 566 'and' 'and_ln218_43' <Predicate = (!icmp_ln375)> <Delay = 0.00> <CoreInst = "LogicGate">   --->   Core 74 'LogicGate' <Latency = 0> <II = 1> <Delay = 0.12> <FuncUnit> <Opcode : 'and' 'or' 'xor'> <InPorts = 2> <OutPorts = 1>
ST_40 : Operation 567 [1/1] (0.00ns) (grouped into LUT with out node and_ln218_46)   --->   "%and_ln218_44 = and i1 %xor_ln218_25, i1 %xor_ln218_26" [./calorimeter.h:218->calorimeter.cpp:392]   --->   Operation 567 'and' 'and_ln218_44' <Predicate = (!icmp_ln375)> <Delay = 0.00> <CoreInst = "LogicGate">   --->   Core 74 'LogicGate' <Latency = 0> <II = 1> <Delay = 0.12> <FuncUnit> <Opcode : 'and' 'or' 'xor'> <InPorts = 2> <OutPorts = 1>
ST_40 : Operation 568 [1/1] (0.00ns) (grouped into LUT with out node and_ln218_46)   --->   "%and_ln218_45 = and i1 %and_ln218_44, i1 %xor_ln218_24" [./calorimeter.h:218->calorimeter.cpp:392]   --->   Operation 568 'and' 'and_ln218_45' <Predicate = (!icmp_ln375)> <Delay = 0.00> <CoreInst = "LogicGate">   --->   Core 74 'LogicGate' <Latency = 0> <II = 1> <Delay = 0.12> <FuncUnit> <Opcode : 'and' 'or' 'xor'> <InPorts = 2> <OutPorts = 1>
ST_40 : Operation 569 [1/1] (0.12ns) (out node of the LUT)   --->   "%and_ln218_46 = and i1 %and_ln218_45, i1 %and_ln218_43" [./calorimeter.h:218->calorimeter.cpp:392]   --->   Operation 569 'and' 'and_ln218_46' <Predicate = (!icmp_ln375)> <Delay = 0.12> <CoreInst = "LogicGate">   --->   Core 74 'LogicGate' <Latency = 0> <II = 1> <Delay = 0.12> <FuncUnit> <Opcode : 'and' 'or' 'xor'> <InPorts = 2> <OutPorts = 1>
ST_40 : Operation 570 [1/1] (0.12ns) (out node of the LUT)   --->   "%and_ln218_47 = and i1 %and_ln218_46, i1 %and_ln218_42" [./calorimeter.h:218->calorimeter.cpp:392]   --->   Operation 570 'and' 'and_ln218_47' <Predicate = (!icmp_ln375)> <Delay = 0.12> <CoreInst = "LogicGate">   --->   Core 74 'LogicGate' <Latency = 0> <II = 1> <Delay = 0.12> <FuncUnit> <Opcode : 'and' 'or' 'xor'> <InPorts = 2> <OutPorts = 1>

State 41 <SV = 40> <Delay = 1.94>
ST_41 : Operation 571 [1/1] (0.73ns)   --->   "%add_ln216_21 = add i11 %sub_ln216_4, i11 %sext_ln216_1" [./calorimeter.h:216->calorimeter.cpp:392]   --->   Operation 571 'add' 'add_ln216_21' <Predicate = (!icmp_ln375)> <Delay = 0.73> <CoreInst = "Adder">   --->   Core 1 'Adder' <Latency = 0> <II = 1> <Delay = 0.73> <FuncUnit> <Opcode : 'add' 'sub'> <InPorts = 2> <OutPorts = 1>
ST_41 : Operation 572 [1/1] (0.00ns)   --->   "%zext_ln216_30 = zext i11 %add_ln216_21" [./calorimeter.h:216->calorimeter.cpp:392]   --->   Operation 572 'zext' 'zext_ln216_30' <Predicate = (!icmp_ln375)> <Delay = 0.00>
ST_41 : Operation 573 [1/1] (0.00ns)   --->   "%towers_addr_40 = getelementptr i12 %towers, i64 0, i64 %zext_ln216_30" [./calorimeter.h:216->calorimeter.cpp:392]   --->   Operation 573 'getelementptr' 'towers_addr_40' <Predicate = (!icmp_ln375)> <Delay = 0.00>
ST_41 : Operation 574 [1/2] (1.20ns)   --->   "%neighbor_38 = load i11 %towers_addr_39" [./calorimeter.h:216->calorimeter.cpp:392]   --->   Operation 574 'load' 'neighbor_38' <Predicate = (!icmp_ln375)> <Delay = 1.20> <CoreInst = "RAM">   --->   Core 82 'RAM' <Latency = 1> <II = 1> <Delay = 1.20> <Storage> <Opcode : 'load' 'store'> <Ports = 2> <Width = 12> <Depth = 1800> <RAM>
ST_41 : Operation 575 [1/1] (0.74ns)   --->   "%icmp_ln218_26 = icmp_ult  i12 %seed_et, i12 %neighbor_38" [./calorimeter.h:218->calorimeter.cpp:392]   --->   Operation 575 'icmp' 'icmp_ln218_26' <Predicate = (!icmp_ln375)> <Delay = 0.74> <CoreInst = "Cmp">   --->   Core 9 'Cmp' <Latency = 0> <II = 1> <Delay = 0.74> <FuncUnit> <Opcode : 'seteq' 'setne' 'setle' 'setge' 'setlt' 'setgt'> <InPorts = 2> <OutPorts = 1>
ST_41 : Operation 576 [2/2] (1.20ns)   --->   "%neighbor_39 = load i11 %towers_addr_40" [./calorimeter.h:216->calorimeter.cpp:392]   --->   Operation 576 'load' 'neighbor_39' <Predicate = (!icmp_ln375)> <Delay = 1.20> <CoreInst = "RAM">   --->   Core 82 'RAM' <Latency = 1> <II = 1> <Delay = 1.20> <Storage> <Opcode : 'load' 'store'> <Ports = 2> <Width = 12> <Depth = 1800> <RAM>
ST_41 : Operation 577 [1/1] (0.00ns)   --->   "%zext_ln395_25 = zext i12 %neighbor_37" [calorimeter.cpp:395]   --->   Operation 577 'zext' 'zext_ln395_25' <Predicate = (!icmp_ln375)> <Delay = 0.00>
ST_41 : Operation 578 [1/1] (0.00ns)   --->   "%zext_ln395_26 = zext i12 %neighbor_38" [calorimeter.cpp:395]   --->   Operation 578 'zext' 'zext_ln395_26' <Predicate = (!icmp_ln375)> <Delay = 0.00>
ST_41 : Operation 579 [1/1] (0.74ns)   --->   "%add_ln187_49 = add i13 %zext_ln395_26, i13 %zext_ln395_25" [./calorimeter.h:187->calorimeter.cpp:395]   --->   Operation 579 'add' 'add_ln187_49' <Predicate = (!icmp_ln375)> <Delay = 0.74> <CoreInst = "Adder">   --->   Core 1 'Adder' <Latency = 0> <II = 1> <Delay = 0.75> <FuncUnit> <Opcode : 'add' 'sub'> <InPorts = 2> <OutPorts = 1>

State 42 <SV = 41> <Delay = 1.94>
ST_42 : Operation 580 [1/1] (0.73ns)   --->   "%add_ln216_28 = add i11 %sub_ln216_4, i11 %sext_ln216_2" [./calorimeter.h:216->calorimeter.cpp:392]   --->   Operation 580 'add' 'add_ln216_28' <Predicate = (!icmp_ln375)> <Delay = 0.73> <CoreInst = "Adder">   --->   Core 1 'Adder' <Latency = 0> <II = 1> <Delay = 0.73> <FuncUnit> <Opcode : 'add' 'sub'> <InPorts = 2> <OutPorts = 1>
ST_42 : Operation 581 [1/1] (0.00ns)   --->   "%zext_ln216_37 = zext i11 %add_ln216_28" [./calorimeter.h:216->calorimeter.cpp:392]   --->   Operation 581 'zext' 'zext_ln216_37' <Predicate = (!icmp_ln375)> <Delay = 0.00>
ST_42 : Operation 582 [1/1] (0.00ns)   --->   "%towers_addr_41 = getelementptr i12 %towers, i64 0, i64 %zext_ln216_37" [./calorimeter.h:216->calorimeter.cpp:392]   --->   Operation 582 'getelementptr' 'towers_addr_41' <Predicate = (!icmp_ln375)> <Delay = 0.00>
ST_42 : Operation 583 [1/2] (1.20ns)   --->   "%neighbor_39 = load i11 %towers_addr_40" [./calorimeter.h:216->calorimeter.cpp:392]   --->   Operation 583 'load' 'neighbor_39' <Predicate = (!icmp_ln375)> <Delay = 1.20> <CoreInst = "RAM">   --->   Core 82 'RAM' <Latency = 1> <II = 1> <Delay = 1.20> <Storage> <Opcode : 'load' 'store'> <Ports = 2> <Width = 12> <Depth = 1800> <RAM>
ST_42 : Operation 584 [1/1] (0.74ns)   --->   "%icmp_ln218_27 = icmp_ult  i12 %seed_et, i12 %neighbor_39" [./calorimeter.h:218->calorimeter.cpp:392]   --->   Operation 584 'icmp' 'icmp_ln218_27' <Predicate = (!icmp_ln375)> <Delay = 0.74> <CoreInst = "Cmp">   --->   Core 9 'Cmp' <Latency = 0> <II = 1> <Delay = 0.74> <FuncUnit> <Opcode : 'seteq' 'setne' 'setle' 'setge' 'setlt' 'setgt'> <InPorts = 2> <OutPorts = 1>
ST_42 : Operation 585 [2/2] (1.20ns)   --->   "%neighbor_40 = load i11 %towers_addr_41" [./calorimeter.h:216->calorimeter.cpp:392]   --->   Operation 585 'load' 'neighbor_40' <Predicate = (!icmp_ln375)> <Delay = 1.20> <CoreInst = "RAM">   --->   Core 82 'RAM' <Latency = 1> <II = 1> <Delay = 1.20> <Storage> <Opcode : 'load' 'store'> <Ports = 2> <Width = 12> <Depth = 1800> <RAM>
ST_42 : Operation 586 [1/1] (0.00ns)   --->   "%zext_ln184 = zext i12 %neighbor_2" [./calorimeter.h:184->calorimeter.cpp:395]   --->   Operation 586 'zext' 'zext_ln184' <Predicate = (!icmp_ln375)> <Delay = 0.00>
ST_42 : Operation 587 [1/1] (0.00ns)   --->   "%zext_ln395_27 = zext i12 %neighbor_39" [calorimeter.cpp:395]   --->   Operation 587 'zext' 'zext_ln395_27' <Predicate = (!icmp_ln375)> <Delay = 0.00>
ST_42 : Operation 588 [1/1] (0.74ns)   --->   "%add_ln187_50 = add i13 %zext_ln395_27, i13 %zext_ln184" [./calorimeter.h:187->calorimeter.cpp:395]   --->   Operation 588 'add' 'add_ln187_50' <Predicate = (!icmp_ln375)> <Delay = 0.74> <CoreInst = "Adder">   --->   Core 1 'Adder' <Latency = 0> <II = 1> <Delay = 0.75> <FuncUnit> <Opcode : 'add' 'sub'> <InPorts = 2> <OutPorts = 1>

State 43 <SV = 42> <Delay = 3.38>
ST_43 : Operation 589 [1/1] (0.70ns)   --->   "%empty_101 = add i5 %select_ln375_2, i5 3" [calorimeter.cpp:375]   --->   Operation 589 'add' 'empty_101' <Predicate = (!icmp_ln375)> <Delay = 0.70> <CoreInst = "Adder">   --->   Core 1 'Adder' <Latency = 0> <II = 1> <Delay = 0.70> <FuncUnit> <Opcode : 'add' 'sub'> <InPorts = 2> <OutPorts = 1>
ST_43 : Operation 590 [1/1] (0.00ns)   --->   "%p_shl7 = bitconcatenate i11 @_ssdm_op_BitConcatenate.i11.i5.i6, i5 %empty_101, i6 0" [./calorimeter.h:216->calorimeter.cpp:392]   --->   Operation 590 'bitconcatenate' 'p_shl7' <Predicate = (!icmp_ln375)> <Delay = 0.00>
ST_43 : Operation 591 [1/1] (0.00ns)   --->   "%tmp_6 = bitconcatenate i7 @_ssdm_op_BitConcatenate.i7.i5.i2, i5 %empty_101, i2 0" [./calorimeter.h:216->calorimeter.cpp:392]   --->   Operation 591 'bitconcatenate' 'tmp_6' <Predicate = (!icmp_ln375)> <Delay = 0.00>
ST_43 : Operation 592 [1/1] (0.00ns)   --->   "%zext_ln216_5 = zext i7 %tmp_6" [./calorimeter.h:216->calorimeter.cpp:392]   --->   Operation 592 'zext' 'zext_ln216_5' <Predicate = (!icmp_ln375)> <Delay = 0.00>
ST_43 : Operation 593 [1/1] (0.73ns)   --->   "%sub_ln216_5 = sub i11 %p_shl7, i11 %zext_ln216_5" [./calorimeter.h:216->calorimeter.cpp:392]   --->   Operation 593 'sub' 'sub_ln216_5' <Predicate = (!icmp_ln375)> <Delay = 0.73> <CoreInst = "Adder">   --->   Core 1 'Adder' <Latency = 0> <II = 1> <Delay = 0.73> <FuncUnit> <Opcode : 'add' 'sub'> <InPorts = 2> <OutPorts = 1>
ST_43 : Operation 594 [1/1] (0.73ns)   --->   "%add_ln216_5 = add i11 %sub_ln216_5, i11 %zext_ln389_1" [./calorimeter.h:216->calorimeter.cpp:392]   --->   Operation 594 'add' 'add_ln216_5' <Predicate = (!icmp_ln375)> <Delay = 0.73> <CoreInst = "Adder">   --->   Core 1 'Adder' <Latency = 0> <II = 1> <Delay = 0.73> <FuncUnit> <Opcode : 'add' 'sub'> <InPorts = 2> <OutPorts = 1>
ST_43 : Operation 595 [1/1] (0.73ns)   --->   "%add_ln216_15 = add i11 %sub_ln216_5, i11 %sext_ln216" [./calorimeter.h:216->calorimeter.cpp:392]   --->   Operation 595 'add' 'add_ln216_15' <Predicate = (!icmp_ln375)> <Delay = 0.73> <CoreInst = "Adder">   --->   Core 1 'Adder' <Latency = 0> <II = 1> <Delay = 0.73> <FuncUnit> <Opcode : 'add' 'sub'> <InPorts = 2> <OutPorts = 1>
ST_43 : Operation 596 [1/1] (0.73ns)   --->   "%add_ln216_22 = add i11 %sub_ln216_5, i11 %sext_ln216_1" [./calorimeter.h:216->calorimeter.cpp:392]   --->   Operation 596 'add' 'add_ln216_22' <Predicate = (!icmp_ln375)> <Delay = 0.73> <CoreInst = "Adder">   --->   Core 1 'Adder' <Latency = 0> <II = 1> <Delay = 0.73> <FuncUnit> <Opcode : 'add' 'sub'> <InPorts = 2> <OutPorts = 1>
ST_43 : Operation 597 [1/1] (0.73ns)   --->   "%add_ln216_29 = add i11 %sub_ln216_5, i11 %sext_ln216_2" [./calorimeter.h:216->calorimeter.cpp:392]   --->   Operation 597 'add' 'add_ln216_29' <Predicate = (!icmp_ln375)> <Delay = 0.73> <CoreInst = "Adder">   --->   Core 1 'Adder' <Latency = 0> <II = 1> <Delay = 0.73> <FuncUnit> <Opcode : 'add' 'sub'> <InPorts = 2> <OutPorts = 1>
ST_43 : Operation 598 [1/1] (0.73ns)   --->   "%add_ln216_35 = add i11 %sub_ln216_5, i11 %zext_ln216_12" [./calorimeter.h:216->calorimeter.cpp:392]   --->   Operation 598 'add' 'add_ln216_35' <Predicate = (!icmp_ln375)> <Delay = 0.73> <CoreInst = "Adder">   --->   Core 1 'Adder' <Latency = 0> <II = 1> <Delay = 0.73> <FuncUnit> <Opcode : 'add' 'sub'> <InPorts = 2> <OutPorts = 1>
ST_43 : Operation 599 [1/1] (0.00ns)   --->   "%zext_ln216_44 = zext i11 %add_ln216_35" [./calorimeter.h:216->calorimeter.cpp:392]   --->   Operation 599 'zext' 'zext_ln216_44' <Predicate = (!icmp_ln375)> <Delay = 0.00>
ST_43 : Operation 600 [1/1] (0.00ns)   --->   "%towers_addr_42 = getelementptr i12 %towers, i64 0, i64 %zext_ln216_44" [./calorimeter.h:216->calorimeter.cpp:392]   --->   Operation 600 'getelementptr' 'towers_addr_42' <Predicate = (!icmp_ln375)> <Delay = 0.00>
ST_43 : Operation 601 [1/1] (0.73ns)   --->   "%add_ln216_41 = add i11 %sub_ln216_5, i11 %zext_ln216_14" [./calorimeter.h:216->calorimeter.cpp:392]   --->   Operation 601 'add' 'add_ln216_41' <Predicate = (!icmp_ln375)> <Delay = 0.73> <CoreInst = "Adder">   --->   Core 1 'Adder' <Latency = 0> <II = 1> <Delay = 0.73> <FuncUnit> <Opcode : 'add' 'sub'> <InPorts = 2> <OutPorts = 1>
ST_43 : Operation 602 [1/1] (0.73ns)   --->   "%add_ln216_47 = add i11 %sub_ln216_5, i11 %zext_ln216_16" [./calorimeter.h:216->calorimeter.cpp:392]   --->   Operation 602 'add' 'add_ln216_47' <Predicate = (!icmp_ln375)> <Delay = 0.73> <CoreInst = "Adder">   --->   Core 1 'Adder' <Latency = 0> <II = 1> <Delay = 0.73> <FuncUnit> <Opcode : 'add' 'sub'> <InPorts = 2> <OutPorts = 1>
ST_43 : Operation 603 [1/2] (1.20ns)   --->   "%neighbor_40 = load i11 %towers_addr_41" [./calorimeter.h:216->calorimeter.cpp:392]   --->   Operation 603 'load' 'neighbor_40' <Predicate = (!icmp_ln375)> <Delay = 1.20> <CoreInst = "RAM">   --->   Core 82 'RAM' <Latency = 1> <II = 1> <Delay = 1.20> <Storage> <Opcode : 'load' 'store'> <Ports = 2> <Width = 12> <Depth = 1800> <RAM>
ST_43 : Operation 604 [1/1] (0.74ns)   --->   "%icmp_ln218_28 = icmp_ult  i12 %seed_et, i12 %neighbor_40" [./calorimeter.h:218->calorimeter.cpp:392]   --->   Operation 604 'icmp' 'icmp_ln218_28' <Predicate = (!icmp_ln375)> <Delay = 0.74> <CoreInst = "Cmp">   --->   Core 9 'Cmp' <Latency = 0> <II = 1> <Delay = 0.74> <FuncUnit> <Opcode : 'seteq' 'setne' 'setle' 'setge' 'setlt' 'setgt'> <InPorts = 2> <OutPorts = 1>
ST_43 : Operation 605 [2/2] (1.20ns)   --->   "%neighbor_41 = load i11 %towers_addr_42" [./calorimeter.h:216->calorimeter.cpp:392]   --->   Operation 605 'load' 'neighbor_41' <Predicate = (!icmp_ln375)> <Delay = 1.20> <CoreInst = "RAM">   --->   Core 82 'RAM' <Latency = 1> <II = 1> <Delay = 1.20> <Storage> <Opcode : 'load' 'store'> <Ports = 2> <Width = 12> <Depth = 1800> <RAM>
ST_43 : Operation 606 [1/1] (0.00ns)   --->   "%zext_ln395_28 = zext i12 %neighbor_40" [calorimeter.cpp:395]   --->   Operation 606 'zext' 'zext_ln395_28' <Predicate = (!icmp_ln375)> <Delay = 0.00>
ST_43 : Operation 607 [1/1] (0.00ns)   --->   "%zext_ln187_45 = zext i13 %add_ln187_49" [./calorimeter.h:187->calorimeter.cpp:395]   --->   Operation 607 'zext' 'zext_ln187_45' <Predicate = (!icmp_ln375)> <Delay = 0.00>
ST_43 : Operation 608 [1/1] (0.00ns)   --->   "%zext_ln187_46 = zext i13 %add_ln187_50" [./calorimeter.h:187->calorimeter.cpp:395]   --->   Operation 608 'zext' 'zext_ln187_46' <Predicate = (!icmp_ln375)> <Delay = 0.00>
ST_43 : Operation 609 [1/1] (0.75ns)   --->   "%add_ln187_51 = add i14 %zext_ln187_46, i14 %zext_ln395_28" [./calorimeter.h:187->calorimeter.cpp:395]   --->   Operation 609 'add' 'add_ln187_51' <Predicate = (!icmp_ln375)> <Delay = 0.75> <CoreInst = "Adder">   --->   Core 1 'Adder' <Latency = 0> <II = 1> <Delay = 0.76> <FuncUnit> <Opcode : 'add' 'sub'> <InPorts = 2> <OutPorts = 1>
ST_43 : Operation 610 [1/1] (0.00ns)   --->   "%zext_ln187_47 = zext i14 %add_ln187_51" [./calorimeter.h:187->calorimeter.cpp:395]   --->   Operation 610 'zext' 'zext_ln187_47' <Predicate = (!icmp_ln375)> <Delay = 0.00>
ST_43 : Operation 611 [1/1] (0.76ns)   --->   "%add_ln187_52 = add i15 %zext_ln187_47, i15 %zext_ln187_45" [./calorimeter.h:187->calorimeter.cpp:395]   --->   Operation 611 'add' 'add_ln187_52' <Predicate = (!icmp_ln375)> <Delay = 0.76> <CoreInst = "Adder">   --->   Core 1 'Adder' <Latency = 0> <II = 1> <Delay = 0.77> <FuncUnit> <Opcode : 'add' 'sub'> <InPorts = 2> <OutPorts = 1>

State 44 <SV = 43> <Delay = 1.20>
ST_44 : Operation 612 [1/1] (0.00ns)   --->   "%zext_ln216_50 = zext i11 %add_ln216_41" [./calorimeter.h:216->calorimeter.cpp:392]   --->   Operation 612 'zext' 'zext_ln216_50' <Predicate = (!icmp_ln375)> <Delay = 0.00>
ST_44 : Operation 613 [1/1] (0.00ns)   --->   "%towers_addr_43 = getelementptr i12 %towers, i64 0, i64 %zext_ln216_50" [./calorimeter.h:216->calorimeter.cpp:392]   --->   Operation 613 'getelementptr' 'towers_addr_43' <Predicate = (!icmp_ln375)> <Delay = 0.00>
ST_44 : Operation 614 [1/2] (1.20ns)   --->   "%neighbor_41 = load i11 %towers_addr_42" [./calorimeter.h:216->calorimeter.cpp:392]   --->   Operation 614 'load' 'neighbor_41' <Predicate = (!icmp_ln375)> <Delay = 1.20> <CoreInst = "RAM">   --->   Core 82 'RAM' <Latency = 1> <II = 1> <Delay = 1.20> <Storage> <Opcode : 'load' 'store'> <Ports = 2> <Width = 12> <Depth = 1800> <RAM>
ST_44 : Operation 615 [2/2] (1.20ns)   --->   "%neighbor_42 = load i11 %towers_addr_43" [./calorimeter.h:216->calorimeter.cpp:392]   --->   Operation 615 'load' 'neighbor_42' <Predicate = (!icmp_ln375)> <Delay = 1.20> <CoreInst = "RAM">   --->   Core 82 'RAM' <Latency = 1> <II = 1> <Delay = 1.20> <Storage> <Opcode : 'load' 'store'> <Ports = 2> <Width = 12> <Depth = 1800> <RAM>

State 45 <SV = 44> <Delay = 1.20>
ST_45 : Operation 616 [1/1] (0.00ns)   --->   "%zext_ln216_56 = zext i11 %add_ln216_47" [./calorimeter.h:216->calorimeter.cpp:392]   --->   Operation 616 'zext' 'zext_ln216_56' <Predicate = (!icmp_ln375)> <Delay = 0.00>
ST_45 : Operation 617 [1/1] (0.00ns)   --->   "%towers_addr_44 = getelementptr i12 %towers, i64 0, i64 %zext_ln216_56" [./calorimeter.h:216->calorimeter.cpp:392]   --->   Operation 617 'getelementptr' 'towers_addr_44' <Predicate = (!icmp_ln375)> <Delay = 0.00>
ST_45 : Operation 618 [1/2] (1.20ns)   --->   "%neighbor_42 = load i11 %towers_addr_43" [./calorimeter.h:216->calorimeter.cpp:392]   --->   Operation 618 'load' 'neighbor_42' <Predicate = (!icmp_ln375)> <Delay = 1.20> <CoreInst = "RAM">   --->   Core 82 'RAM' <Latency = 1> <II = 1> <Delay = 1.20> <Storage> <Opcode : 'load' 'store'> <Ports = 2> <Width = 12> <Depth = 1800> <RAM>
ST_45 : Operation 619 [2/2] (1.20ns)   --->   "%neighbor_43 = load i11 %towers_addr_44" [./calorimeter.h:216->calorimeter.cpp:392]   --->   Operation 619 'load' 'neighbor_43' <Predicate = (!icmp_ln375)> <Delay = 1.20> <CoreInst = "RAM">   --->   Core 82 'RAM' <Latency = 1> <II = 1> <Delay = 1.20> <Storage> <Opcode : 'load' 'store'> <Ports = 2> <Width = 12> <Depth = 1800> <RAM>

State 46 <SV = 45> <Delay = 3.47>
ST_46 : Operation 620 [1/1] (0.00ns)   --->   "%zext_ln216_11 = zext i11 %add_ln216_5" [./calorimeter.h:216->calorimeter.cpp:392]   --->   Operation 620 'zext' 'zext_ln216_11' <Predicate = (!icmp_ln375)> <Delay = 0.00>
ST_46 : Operation 621 [1/1] (0.00ns)   --->   "%towers_addr_45 = getelementptr i12 %towers, i64 0, i64 %zext_ln216_11" [./calorimeter.h:216->calorimeter.cpp:392]   --->   Operation 621 'getelementptr' 'towers_addr_45' <Predicate = (!icmp_ln375)> <Delay = 0.00>
ST_46 : Operation 622 [1/2] (1.20ns)   --->   "%neighbor_43 = load i11 %towers_addr_44" [./calorimeter.h:216->calorimeter.cpp:392]   --->   Operation 622 'load' 'neighbor_43' <Predicate = (!icmp_ln375)> <Delay = 1.20> <CoreInst = "RAM">   --->   Core 82 'RAM' <Latency = 1> <II = 1> <Delay = 1.20> <Storage> <Opcode : 'load' 'store'> <Ports = 2> <Width = 12> <Depth = 1800> <RAM>
ST_46 : Operation 623 [1/1] (0.74ns)   --->   "%icmp_ln218_31 = icmp_ult  i12 %seed_et, i12 %neighbor_43" [./calorimeter.h:218->calorimeter.cpp:392]   --->   Operation 623 'icmp' 'icmp_ln218_31' <Predicate = (!icmp_ln375)> <Delay = 0.74> <CoreInst = "Cmp">   --->   Core 9 'Cmp' <Latency = 0> <II = 1> <Delay = 0.74> <FuncUnit> <Opcode : 'seteq' 'setne' 'setle' 'setge' 'setlt' 'setgt'> <InPorts = 2> <OutPorts = 1>
ST_46 : Operation 624 [2/2] (1.20ns)   --->   "%neighbor_44 = load i11 %towers_addr_45" [./calorimeter.h:216->calorimeter.cpp:392]   --->   Operation 624 'load' 'neighbor_44' <Predicate = (!icmp_ln375)> <Delay = 1.20> <CoreInst = "RAM">   --->   Core 82 'RAM' <Latency = 1> <II = 1> <Delay = 1.20> <Storage> <Opcode : 'load' 'store'> <Ports = 2> <Width = 12> <Depth = 1800> <RAM>
ST_46 : Operation 625 [1/1] (0.00ns)   --->   "%zext_ln395_22 = zext i12 %neighbor_34" [calorimeter.cpp:395]   --->   Operation 625 'zext' 'zext_ln395_22' <Predicate = (!icmp_ln375)> <Delay = 0.00>
ST_46 : Operation 626 [1/1] (0.00ns)   --->   "%zext_ln395_31 = zext i12 %neighbor_43" [calorimeter.cpp:395]   --->   Operation 626 'zext' 'zext_ln395_31' <Predicate = (!icmp_ln375)> <Delay = 0.00>
ST_46 : Operation 627 [1/1] (0.74ns)   --->   "%add_ln187_46 = add i13 %zext_ln395_31, i13 %zext_ln395_22" [./calorimeter.h:187->calorimeter.cpp:395]   --->   Operation 627 'add' 'add_ln187_46' <Predicate = (!icmp_ln375)> <Delay = 0.74> <CoreInst = "Adder">   --->   Core 1 'Adder' <Latency = 0> <II = 1> <Delay = 0.75> <FuncUnit> <Opcode : 'add' 'sub'> <InPorts = 2> <OutPorts = 1>
ST_46 : Operation 628 [1/1] (0.00ns)   --->   "%zext_ln187_42 = zext i13 %add_ln187_46" [./calorimeter.h:187->calorimeter.cpp:395]   --->   Operation 628 'zext' 'zext_ln187_42' <Predicate = (!icmp_ln375)> <Delay = 0.00>
ST_46 : Operation 629 [1/1] (0.00ns)   --->   "%zext_ln187_43 = zext i13 %add_ln187_47" [./calorimeter.h:187->calorimeter.cpp:395]   --->   Operation 629 'zext' 'zext_ln187_43' <Predicate = (!icmp_ln375)> <Delay = 0.00>
ST_46 : Operation 630 [1/1] (0.75ns)   --->   "%add_ln187_48 = add i14 %zext_ln187_43, i14 %zext_ln187_42" [./calorimeter.h:187->calorimeter.cpp:395]   --->   Operation 630 'add' 'add_ln187_48' <Predicate = (!icmp_ln375)> <Delay = 0.75> <CoreInst = "Adder">   --->   Core 1 'Adder' <Latency = 0> <II = 1> <Delay = 0.76> <FuncUnit> <Opcode : 'add' 'sub'> <InPorts = 2> <OutPorts = 1>
ST_46 : Operation 631 [1/1] (0.00ns)   --->   "%zext_ln187_44 = zext i14 %add_ln187_48" [./calorimeter.h:187->calorimeter.cpp:395]   --->   Operation 631 'zext' 'zext_ln187_44' <Predicate = (!icmp_ln375)> <Delay = 0.00>
ST_46 : Operation 632 [1/1] (0.00ns)   --->   "%zext_ln187_48 = zext i15 %add_ln187_52" [./calorimeter.h:187->calorimeter.cpp:395]   --->   Operation 632 'zext' 'zext_ln187_48' <Predicate = (!icmp_ln375)> <Delay = 0.00>
ST_46 : Operation 633 [1/1] (0.77ns)   --->   "%add_ln187_53 = add i16 %zext_ln187_48, i16 %zext_ln187_44" [./calorimeter.h:187->calorimeter.cpp:395]   --->   Operation 633 'add' 'add_ln187_53' <Predicate = (!icmp_ln375)> <Delay = 0.77> <CoreInst = "Adder">   --->   Core 1 'Adder' <Latency = 0> <II = 1> <Delay = 0.78> <FuncUnit> <Opcode : 'add' 'sub'> <InPorts = 2> <OutPorts = 1>

State 47 <SV = 46> <Delay = 2.70>
ST_47 : Operation 634 [1/1] (0.00ns)   --->   "%zext_ln216_24 = zext i11 %add_ln216_15" [./calorimeter.h:216->calorimeter.cpp:392]   --->   Operation 634 'zext' 'zext_ln216_24' <Predicate = (!icmp_ln375)> <Delay = 0.00>
ST_47 : Operation 635 [1/1] (0.00ns)   --->   "%towers_addr_46 = getelementptr i12 %towers, i64 0, i64 %zext_ln216_24" [./calorimeter.h:216->calorimeter.cpp:392]   --->   Operation 635 'getelementptr' 'towers_addr_46' <Predicate = (!icmp_ln375)> <Delay = 0.00>
ST_47 : Operation 636 [1/1] (0.74ns)   --->   "%icmp_ln218_29 = icmp_ult  i12 %seed_et, i12 %neighbor_41" [./calorimeter.h:218->calorimeter.cpp:392]   --->   Operation 636 'icmp' 'icmp_ln218_29' <Predicate = (!icmp_ln375)> <Delay = 0.74> <CoreInst = "Cmp">   --->   Core 9 'Cmp' <Latency = 0> <II = 1> <Delay = 0.74> <FuncUnit> <Opcode : 'seteq' 'setne' 'setle' 'setge' 'setlt' 'setgt'> <InPorts = 2> <OutPorts = 1>
ST_47 : Operation 637 [1/1] (0.74ns)   --->   "%icmp_ln218_30 = icmp_ult  i12 %seed_et, i12 %neighbor_42" [./calorimeter.h:218->calorimeter.cpp:392]   --->   Operation 637 'icmp' 'icmp_ln218_30' <Predicate = (!icmp_ln375)> <Delay = 0.74> <CoreInst = "Cmp">   --->   Core 9 'Cmp' <Latency = 0> <II = 1> <Delay = 0.74> <FuncUnit> <Opcode : 'seteq' 'setne' 'setle' 'setge' 'setlt' 'setgt'> <InPorts = 2> <OutPorts = 1>
ST_47 : Operation 638 [1/2] (1.20ns)   --->   "%neighbor_44 = load i11 %towers_addr_45" [./calorimeter.h:216->calorimeter.cpp:392]   --->   Operation 638 'load' 'neighbor_44' <Predicate = (!icmp_ln375)> <Delay = 1.20> <CoreInst = "RAM">   --->   Core 82 'RAM' <Latency = 1> <II = 1> <Delay = 1.20> <Storage> <Opcode : 'load' 'store'> <Ports = 2> <Width = 12> <Depth = 1800> <RAM>
ST_47 : Operation 639 [1/1] (0.74ns)   --->   "%icmp_ln218_32 = icmp_ult  i12 %seed_et, i12 %neighbor_44" [./calorimeter.h:218->calorimeter.cpp:392]   --->   Operation 639 'icmp' 'icmp_ln218_32' <Predicate = (!icmp_ln375)> <Delay = 0.74> <CoreInst = "Cmp">   --->   Core 9 'Cmp' <Latency = 0> <II = 1> <Delay = 0.74> <FuncUnit> <Opcode : 'seteq' 'setne' 'setle' 'setge' 'setlt' 'setgt'> <InPorts = 2> <OutPorts = 1>
ST_47 : Operation 640 [2/2] (1.20ns)   --->   "%neighbor_45 = load i11 %towers_addr_46" [./calorimeter.h:216->calorimeter.cpp:392]   --->   Operation 640 'load' 'neighbor_45' <Predicate = (!icmp_ln375)> <Delay = 1.20> <CoreInst = "RAM">   --->   Core 82 'RAM' <Latency = 1> <II = 1> <Delay = 1.20> <Storage> <Opcode : 'load' 'store'> <Ports = 2> <Width = 12> <Depth = 1800> <RAM>
ST_47 : Operation 641 [1/1] (0.00ns)   --->   "%zext_ln395_29 = zext i12 %neighbor_41" [calorimeter.cpp:395]   --->   Operation 641 'zext' 'zext_ln395_29' <Predicate = (!icmp_ln375)> <Delay = 0.00>
ST_47 : Operation 642 [1/1] (0.00ns)   --->   "%zext_ln395_30 = zext i12 %neighbor_42" [calorimeter.cpp:395]   --->   Operation 642 'zext' 'zext_ln395_30' <Predicate = (!icmp_ln375)> <Delay = 0.00>
ST_47 : Operation 643 [1/1] (0.00ns)   --->   "%zext_ln395_32 = zext i12 %neighbor_44" [calorimeter.cpp:395]   --->   Operation 643 'zext' 'zext_ln395_32' <Predicate = (!icmp_ln375)> <Delay = 0.00>
ST_47 : Operation 644 [1/1] (0.74ns)   --->   "%add_ln187_42 = add i13 %zext_ln395_29, i13 %zext_ln395_32" [./calorimeter.h:187->calorimeter.cpp:395]   --->   Operation 644 'add' 'add_ln187_42' <Predicate = (!icmp_ln375)> <Delay = 0.74> <CoreInst = "Adder">   --->   Core 1 'Adder' <Latency = 0> <II = 1> <Delay = 0.75> <FuncUnit> <Opcode : 'add' 'sub'> <InPorts = 2> <OutPorts = 1>
ST_47 : Operation 645 [1/1] (0.00ns)   --->   "%zext_ln187_39 = zext i13 %add_ln187_42" [./calorimeter.h:187->calorimeter.cpp:395]   --->   Operation 645 'zext' 'zext_ln187_39' <Predicate = (!icmp_ln375)> <Delay = 0.00>
ST_47 : Operation 646 [1/1] (0.75ns)   --->   "%add_ln187_43 = add i14 %zext_ln187_39, i14 %zext_ln395_30" [./calorimeter.h:187->calorimeter.cpp:395]   --->   Operation 646 'add' 'add_ln187_43' <Predicate = (!icmp_ln375)> <Delay = 0.75> <CoreInst = "Adder">   --->   Core 1 'Adder' <Latency = 0> <II = 1> <Delay = 0.76> <FuncUnit> <Opcode : 'add' 'sub'> <InPorts = 2> <OutPorts = 1>

State 48 <SV = 47> <Delay = 1.20>
ST_48 : Operation 647 [1/1] (0.00ns)   --->   "%zext_ln216_31 = zext i11 %add_ln216_22" [./calorimeter.h:216->calorimeter.cpp:392]   --->   Operation 647 'zext' 'zext_ln216_31' <Predicate = (!icmp_ln375)> <Delay = 0.00>
ST_48 : Operation 648 [1/1] (0.00ns)   --->   "%towers_addr_47 = getelementptr i12 %towers, i64 0, i64 %zext_ln216_31" [./calorimeter.h:216->calorimeter.cpp:392]   --->   Operation 648 'getelementptr' 'towers_addr_47' <Predicate = (!icmp_ln375)> <Delay = 0.00>
ST_48 : Operation 649 [1/2] (1.20ns)   --->   "%neighbor_45 = load i11 %towers_addr_46" [./calorimeter.h:216->calorimeter.cpp:392]   --->   Operation 649 'load' 'neighbor_45' <Predicate = (!icmp_ln375)> <Delay = 1.20> <CoreInst = "RAM">   --->   Core 82 'RAM' <Latency = 1> <II = 1> <Delay = 1.20> <Storage> <Opcode : 'load' 'store'> <Ports = 2> <Width = 12> <Depth = 1800> <RAM>
ST_48 : Operation 650 [2/2] (1.20ns)   --->   "%neighbor_46 = load i11 %towers_addr_47" [./calorimeter.h:216->calorimeter.cpp:392]   --->   Operation 650 'load' 'neighbor_46' <Predicate = (!icmp_ln375)> <Delay = 1.20> <CoreInst = "RAM">   --->   Core 82 'RAM' <Latency = 1> <II = 1> <Delay = 1.20> <Storage> <Opcode : 'load' 'store'> <Ports = 2> <Width = 12> <Depth = 1800> <RAM>

State 49 <SV = 48> <Delay = 2.71>
ST_49 : Operation 651 [1/1] (0.00ns)   --->   "%zext_ln216_38 = zext i11 %add_ln216_29" [./calorimeter.h:216->calorimeter.cpp:392]   --->   Operation 651 'zext' 'zext_ln216_38' <Predicate = (!icmp_ln375)> <Delay = 0.00>
ST_49 : Operation 652 [1/1] (0.00ns)   --->   "%towers_addr_48 = getelementptr i12 %towers, i64 0, i64 %zext_ln216_38" [./calorimeter.h:216->calorimeter.cpp:392]   --->   Operation 652 'getelementptr' 'towers_addr_48' <Predicate = (!icmp_ln375)> <Delay = 0.00>
ST_49 : Operation 653 [1/1] (0.00ns) (grouped into LUT with out node and_ln218_56)   --->   "%xor_ln218_27 = xor i1 %icmp_ln218_26, i1 1" [./calorimeter.h:218->calorimeter.cpp:392]   --->   Operation 653 'xor' 'xor_ln218_27' <Predicate = (!icmp_ln375)> <Delay = 0.00> <CoreInst = "LogicGate">   --->   Core 74 'LogicGate' <Latency = 0> <II = 1> <Delay = 0.12> <FuncUnit> <Opcode : 'and' 'or' 'xor'> <InPorts = 2> <OutPorts = 1>
ST_49 : Operation 654 [1/1] (0.00ns) (grouped into LUT with out node and_ln218_56)   --->   "%xor_ln218_28 = xor i1 %icmp_ln218_27, i1 1" [./calorimeter.h:218->calorimeter.cpp:392]   --->   Operation 654 'xor' 'xor_ln218_28' <Predicate = (!icmp_ln375)> <Delay = 0.00> <CoreInst = "LogicGate">   --->   Core 74 'LogicGate' <Latency = 0> <II = 1> <Delay = 0.12> <FuncUnit> <Opcode : 'and' 'or' 'xor'> <InPorts = 2> <OutPorts = 1>
ST_49 : Operation 655 [1/1] (0.00ns) (grouped into LUT with out node and_ln218_56)   --->   "%xor_ln218_29 = xor i1 %icmp_ln218_28, i1 1" [./calorimeter.h:218->calorimeter.cpp:392]   --->   Operation 655 'xor' 'xor_ln218_29' <Predicate = (!icmp_ln375)> <Delay = 0.00> <CoreInst = "LogicGate">   --->   Core 74 'LogicGate' <Latency = 0> <II = 1> <Delay = 0.12> <FuncUnit> <Opcode : 'and' 'or' 'xor'> <InPorts = 2> <OutPorts = 1>
ST_49 : Operation 656 [1/1] (0.00ns) (grouped into LUT with out node and_ln218_56)   --->   "%xor_ln218_30 = xor i1 %icmp_ln218_29, i1 1" [./calorimeter.h:218->calorimeter.cpp:392]   --->   Operation 656 'xor' 'xor_ln218_30' <Predicate = (!icmp_ln375)> <Delay = 0.00> <CoreInst = "LogicGate">   --->   Core 74 'LogicGate' <Latency = 0> <II = 1> <Delay = 0.12> <FuncUnit> <Opcode : 'and' 'or' 'xor'> <InPorts = 2> <OutPorts = 1>
ST_49 : Operation 657 [1/1] (0.00ns) (grouped into LUT with out node and_ln218_54)   --->   "%xor_ln218_31 = xor i1 %icmp_ln218_30, i1 1" [./calorimeter.h:218->calorimeter.cpp:392]   --->   Operation 657 'xor' 'xor_ln218_31' <Predicate = (!icmp_ln375)> <Delay = 0.00> <CoreInst = "LogicGate">   --->   Core 74 'LogicGate' <Latency = 0> <II = 1> <Delay = 0.12> <FuncUnit> <Opcode : 'and' 'or' 'xor'> <InPorts = 2> <OutPorts = 1>
ST_49 : Operation 658 [1/1] (0.00ns) (grouped into LUT with out node and_ln218_54)   --->   "%xor_ln218_32 = xor i1 %icmp_ln218_31, i1 1" [./calorimeter.h:218->calorimeter.cpp:392]   --->   Operation 658 'xor' 'xor_ln218_32' <Predicate = (!icmp_ln375)> <Delay = 0.00> <CoreInst = "LogicGate">   --->   Core 74 'LogicGate' <Latency = 0> <II = 1> <Delay = 0.12> <FuncUnit> <Opcode : 'and' 'or' 'xor'> <InPorts = 2> <OutPorts = 1>
ST_49 : Operation 659 [1/1] (0.00ns) (grouped into LUT with out node and_ln218_54)   --->   "%xor_ln218_33 = xor i1 %icmp_ln218_32, i1 1" [./calorimeter.h:218->calorimeter.cpp:392]   --->   Operation 659 'xor' 'xor_ln218_33' <Predicate = (!icmp_ln375)> <Delay = 0.00> <CoreInst = "LogicGate">   --->   Core 74 'LogicGate' <Latency = 0> <II = 1> <Delay = 0.12> <FuncUnit> <Opcode : 'and' 'or' 'xor'> <InPorts = 2> <OutPorts = 1>
ST_49 : Operation 660 [1/1] (0.74ns)   --->   "%icmp_ln218_33 = icmp_ult  i12 %seed_et, i12 %neighbor_45" [./calorimeter.h:218->calorimeter.cpp:392]   --->   Operation 660 'icmp' 'icmp_ln218_33' <Predicate = (!icmp_ln375)> <Delay = 0.74> <CoreInst = "Cmp">   --->   Core 9 'Cmp' <Latency = 0> <II = 1> <Delay = 0.74> <FuncUnit> <Opcode : 'seteq' 'setne' 'setle' 'setge' 'setlt' 'setgt'> <InPorts = 2> <OutPorts = 1>
ST_49 : Operation 661 [1/1] (0.00ns) (grouped into LUT with out node and_ln218_54)   --->   "%xor_ln218_34 = xor i1 %icmp_ln218_33, i1 1" [./calorimeter.h:218->calorimeter.cpp:392]   --->   Operation 661 'xor' 'xor_ln218_34' <Predicate = (!icmp_ln375)> <Delay = 0.00> <CoreInst = "LogicGate">   --->   Core 74 'LogicGate' <Latency = 0> <II = 1> <Delay = 0.12> <FuncUnit> <Opcode : 'and' 'or' 'xor'> <InPorts = 2> <OutPorts = 1>
ST_49 : Operation 662 [1/2] (1.20ns)   --->   "%neighbor_46 = load i11 %towers_addr_47" [./calorimeter.h:216->calorimeter.cpp:392]   --->   Operation 662 'load' 'neighbor_46' <Predicate = (!icmp_ln375)> <Delay = 1.20> <CoreInst = "RAM">   --->   Core 82 'RAM' <Latency = 1> <II = 1> <Delay = 1.20> <Storage> <Opcode : 'load' 'store'> <Ports = 2> <Width = 12> <Depth = 1800> <RAM>
ST_49 : Operation 663 [1/1] (0.74ns)   --->   "%icmp_ln218_34 = icmp_ult  i12 %seed_et, i12 %neighbor_46" [./calorimeter.h:218->calorimeter.cpp:392]   --->   Operation 663 'icmp' 'icmp_ln218_34' <Predicate = (!icmp_ln375)> <Delay = 0.74> <CoreInst = "Cmp">   --->   Core 9 'Cmp' <Latency = 0> <II = 1> <Delay = 0.74> <FuncUnit> <Opcode : 'seteq' 'setne' 'setle' 'setge' 'setlt' 'setgt'> <InPorts = 2> <OutPorts = 1>
ST_49 : Operation 664 [1/1] (0.00ns) (grouped into LUT with out node and_ln218_54)   --->   "%xor_ln218_35 = xor i1 %icmp_ln218_34, i1 1" [./calorimeter.h:218->calorimeter.cpp:392]   --->   Operation 664 'xor' 'xor_ln218_35' <Predicate = (!icmp_ln375)> <Delay = 0.00> <CoreInst = "LogicGate">   --->   Core 74 'LogicGate' <Latency = 0> <II = 1> <Delay = 0.12> <FuncUnit> <Opcode : 'and' 'or' 'xor'> <InPorts = 2> <OutPorts = 1>
ST_49 : Operation 665 [1/1] (0.00ns) (grouped into LUT with out node xor_ln218)   --->   "%and_ln218_33 = and i1 %icmp_ln218_45, i1 %icmp_ln218_44" [./calorimeter.h:218->calorimeter.cpp:392]   --->   Operation 665 'and' 'and_ln218_33' <Predicate = (!icmp_ln375)> <Delay = 0.00> <CoreInst = "LogicGate">   --->   Core 74 'LogicGate' <Latency = 0> <II = 1> <Delay = 0.12> <FuncUnit> <Opcode : 'and' 'or' 'xor'> <InPorts = 2> <OutPorts = 1>
ST_49 : Operation 666 [1/1] (0.00ns) (grouped into LUT with out node xor_ln218)   --->   "%and_ln218_38 = and i1 %and_ln218_37, i1 %and_ln218_33" [./calorimeter.h:218->calorimeter.cpp:392]   --->   Operation 666 'and' 'and_ln218_38' <Predicate = (!icmp_ln375)> <Delay = 0.00> <CoreInst = "LogicGate">   --->   Core 74 'LogicGate' <Latency = 0> <II = 1> <Delay = 0.12> <FuncUnit> <Opcode : 'and' 'or' 'xor'> <InPorts = 2> <OutPorts = 1>
ST_49 : Operation 667 [1/1] (0.00ns) (grouped into LUT with out node xor_ln218)   --->   "%and_ln218_39 = and i1 %and_ln218_38, i1 %and_ln218_32" [./calorimeter.h:218->calorimeter.cpp:392]   --->   Operation 667 'and' 'and_ln218_39' <Predicate = (!icmp_ln375)> <Delay = 0.00> <CoreInst = "LogicGate">   --->   Core 74 'LogicGate' <Latency = 0> <II = 1> <Delay = 0.12> <FuncUnit> <Opcode : 'and' 'or' 'xor'> <InPorts = 2> <OutPorts = 1>
ST_49 : Operation 668 [1/1] (0.00ns) (grouped into LUT with out node and_ln218_56)   --->   "%and_ln218_48 = and i1 %xor_ln218_27, i1 %xor_ln218_28" [./calorimeter.h:218->calorimeter.cpp:392]   --->   Operation 668 'and' 'and_ln218_48' <Predicate = (!icmp_ln375)> <Delay = 0.00> <CoreInst = "LogicGate">   --->   Core 74 'LogicGate' <Latency = 0> <II = 1> <Delay = 0.12> <FuncUnit> <Opcode : 'and' 'or' 'xor'> <InPorts = 2> <OutPorts = 1>
ST_49 : Operation 669 [1/1] (0.00ns) (grouped into LUT with out node and_ln218_56)   --->   "%and_ln218_49 = and i1 %xor_ln218_29, i1 %xor_ln218_30" [./calorimeter.h:218->calorimeter.cpp:392]   --->   Operation 669 'and' 'and_ln218_49' <Predicate = (!icmp_ln375)> <Delay = 0.00> <CoreInst = "LogicGate">   --->   Core 74 'LogicGate' <Latency = 0> <II = 1> <Delay = 0.12> <FuncUnit> <Opcode : 'and' 'or' 'xor'> <InPorts = 2> <OutPorts = 1>
ST_49 : Operation 670 [1/1] (0.00ns) (grouped into LUT with out node and_ln218_56)   --->   "%and_ln218_50 = and i1 %and_ln218_49, i1 %and_ln218_48" [./calorimeter.h:218->calorimeter.cpp:392]   --->   Operation 670 'and' 'and_ln218_50' <Predicate = (!icmp_ln375)> <Delay = 0.00> <CoreInst = "LogicGate">   --->   Core 74 'LogicGate' <Latency = 0> <II = 1> <Delay = 0.12> <FuncUnit> <Opcode : 'and' 'or' 'xor'> <InPorts = 2> <OutPorts = 1>
ST_49 : Operation 671 [1/1] (0.00ns) (grouped into LUT with out node and_ln218_54)   --->   "%and_ln218_51 = and i1 %xor_ln218_31, i1 %xor_ln218_32" [./calorimeter.h:218->calorimeter.cpp:392]   --->   Operation 671 'and' 'and_ln218_51' <Predicate = (!icmp_ln375)> <Delay = 0.00> <CoreInst = "LogicGate">   --->   Core 74 'LogicGate' <Latency = 0> <II = 1> <Delay = 0.12> <FuncUnit> <Opcode : 'and' 'or' 'xor'> <InPorts = 2> <OutPorts = 1>
ST_49 : Operation 672 [1/1] (0.00ns) (grouped into LUT with out node and_ln218_54)   --->   "%and_ln218_52 = and i1 %xor_ln218_34, i1 %xor_ln218_35" [./calorimeter.h:218->calorimeter.cpp:392]   --->   Operation 672 'and' 'and_ln218_52' <Predicate = (!icmp_ln375)> <Delay = 0.00> <CoreInst = "LogicGate">   --->   Core 74 'LogicGate' <Latency = 0> <II = 1> <Delay = 0.12> <FuncUnit> <Opcode : 'and' 'or' 'xor'> <InPorts = 2> <OutPorts = 1>
ST_49 : Operation 673 [1/1] (0.00ns) (grouped into LUT with out node and_ln218_54)   --->   "%and_ln218_53 = and i1 %and_ln218_52, i1 %xor_ln218_33" [./calorimeter.h:218->calorimeter.cpp:392]   --->   Operation 673 'and' 'and_ln218_53' <Predicate = (!icmp_ln375)> <Delay = 0.00> <CoreInst = "LogicGate">   --->   Core 74 'LogicGate' <Latency = 0> <II = 1> <Delay = 0.12> <FuncUnit> <Opcode : 'and' 'or' 'xor'> <InPorts = 2> <OutPorts = 1>
ST_49 : Operation 674 [1/1] (0.12ns) (out node of the LUT)   --->   "%and_ln218_54 = and i1 %and_ln218_53, i1 %and_ln218_51" [./calorimeter.h:218->calorimeter.cpp:392]   --->   Operation 674 'and' 'and_ln218_54' <Predicate = (!icmp_ln375)> <Delay = 0.12> <CoreInst = "LogicGate">   --->   Core 74 'LogicGate' <Latency = 0> <II = 1> <Delay = 0.12> <FuncUnit> <Opcode : 'and' 'or' 'xor'> <InPorts = 2> <OutPorts = 1>
ST_49 : Operation 675 [1/1] (0.00ns) (grouped into LUT with out node and_ln218_56)   --->   "%and_ln218_55 = and i1 %and_ln218_54, i1 %and_ln218_50" [./calorimeter.h:218->calorimeter.cpp:392]   --->   Operation 675 'and' 'and_ln218_55' <Predicate = (!icmp_ln375)> <Delay = 0.00> <CoreInst = "LogicGate">   --->   Core 74 'LogicGate' <Latency = 0> <II = 1> <Delay = 0.12> <FuncUnit> <Opcode : 'and' 'or' 'xor'> <InPorts = 2> <OutPorts = 1>
ST_49 : Operation 676 [1/1] (0.12ns) (out node of the LUT)   --->   "%and_ln218_56 = and i1 %and_ln218_55, i1 %and_ln218_47" [./calorimeter.h:218->calorimeter.cpp:392]   --->   Operation 676 'and' 'and_ln218_56' <Predicate = (!icmp_ln375)> <Delay = 0.12> <CoreInst = "LogicGate">   --->   Core 74 'LogicGate' <Latency = 0> <II = 1> <Delay = 0.12> <FuncUnit> <Opcode : 'and' 'or' 'xor'> <InPorts = 2> <OutPorts = 1>
ST_49 : Operation 677 [1/1] (0.00ns) (grouped into LUT with out node xor_ln218)   --->   "%and_ln218_57 = and i1 %and_ln218_56, i1 %and_ln218_39" [./calorimeter.h:218->calorimeter.cpp:392]   --->   Operation 677 'and' 'and_ln218_57' <Predicate = (!icmp_ln375)> <Delay = 0.00> <CoreInst = "LogicGate">   --->   Core 74 'LogicGate' <Latency = 0> <II = 1> <Delay = 0.12> <FuncUnit> <Opcode : 'and' 'or' 'xor'> <InPorts = 2> <OutPorts = 1>
ST_49 : Operation 678 [1/1] (0.00ns) (grouped into LUT with out node xor_ln218)   --->   "%and_ln218_23 = and i1 %and_ln218_57, i1 %and_ln218_29" [./calorimeter.h:218->calorimeter.cpp:392]   --->   Operation 678 'and' 'and_ln218_23' <Predicate = (!icmp_ln375)> <Delay = 0.00> <CoreInst = "LogicGate">   --->   Core 74 'LogicGate' <Latency = 0> <II = 1> <Delay = 0.12> <FuncUnit> <Opcode : 'and' 'or' 'xor'> <InPorts = 2> <OutPorts = 1>
ST_49 : Operation 679 [2/2] (1.20ns)   --->   "%neighbor_47 = load i11 %towers_addr_48" [./calorimeter.h:216->calorimeter.cpp:392]   --->   Operation 679 'load' 'neighbor_47' <Predicate = (!icmp_ln375)> <Delay = 1.20> <CoreInst = "RAM">   --->   Core 82 'RAM' <Latency = 1> <II = 1> <Delay = 1.20> <Storage> <Opcode : 'load' 'store'> <Ports = 2> <Width = 12> <Depth = 1800> <RAM>
ST_49 : Operation 680 [1/1] (0.12ns) (out node of the LUT)   --->   "%xor_ln218 = xor i1 %and_ln218_23, i1 1" [./calorimeter.h:218->calorimeter.cpp:392]   --->   Operation 680 'xor' 'xor_ln218' <Predicate = (!icmp_ln375)> <Delay = 0.12> <CoreInst = "LogicGate">   --->   Core 74 'LogicGate' <Latency = 0> <II = 1> <Delay = 0.12> <FuncUnit> <Opcode : 'and' 'or' 'xor'> <InPorts = 2> <OutPorts = 1>
ST_49 : Operation 681 [1/1] (0.00ns)   --->   "%zext_ln187_14 = zext i12 %neighbor_45" [./calorimeter.h:187->calorimeter.cpp:395]   --->   Operation 681 'zext' 'zext_ln187_14' <Predicate = (!icmp_ln375)> <Delay = 0.00>
ST_49 : Operation 682 [1/1] (0.00ns)   --->   "%zext_ln187_15 = zext i12 %neighbor_46" [./calorimeter.h:187->calorimeter.cpp:395]   --->   Operation 682 'zext' 'zext_ln187_15' <Predicate = (!icmp_ln375)> <Delay = 0.00>
ST_49 : Operation 683 [1/1] (0.74ns)   --->   "%add_ln187_41 = add i13 %zext_ln187_15, i13 %zext_ln187_14" [./calorimeter.h:187->calorimeter.cpp:395]   --->   Operation 683 'add' 'add_ln187_41' <Predicate = (!icmp_ln375)> <Delay = 0.74> <CoreInst = "Adder">   --->   Core 1 'Adder' <Latency = 0> <II = 1> <Delay = 0.75> <FuncUnit> <Opcode : 'add' 'sub'> <InPorts = 2> <OutPorts = 1>
ST_49 : Operation 684 [1/1] (0.00ns)   --->   "%zext_ln187_38 = zext i13 %add_ln187_41" [./calorimeter.h:187->calorimeter.cpp:395]   --->   Operation 684 'zext' 'zext_ln187_38' <Predicate = (!icmp_ln375)> <Delay = 0.00>
ST_49 : Operation 685 [1/1] (0.00ns)   --->   "%zext_ln187_40 = zext i14 %add_ln187_43" [./calorimeter.h:187->calorimeter.cpp:395]   --->   Operation 685 'zext' 'zext_ln187_40' <Predicate = (!icmp_ln375)> <Delay = 0.00>
ST_49 : Operation 686 [1/1] (0.76ns)   --->   "%add_ln187_44 = add i15 %zext_ln187_40, i15 %zext_ln187_38" [./calorimeter.h:187->calorimeter.cpp:395]   --->   Operation 686 'add' 'add_ln187_44' <Predicate = (!icmp_ln375)> <Delay = 0.76> <CoreInst = "Adder">   --->   Core 1 'Adder' <Latency = 0> <II = 1> <Delay = 0.77> <FuncUnit> <Opcode : 'add' 'sub'> <InPorts = 2> <OutPorts = 1>

State 50 <SV = 49> <Delay = 7.20>
ST_50 : Operation 687 [1/1] (0.00ns)   --->   "%specloopname_ln0 = specloopname void @_ssdm_op_SpecLoopName, void @VITIS_LOOP_375_1_VITIS_LOOP_376_2_str"   --->   Operation 687 'specloopname' 'specloopname_ln0' <Predicate = true> <Delay = 0.00>
ST_50 : Operation 688 [1/1] (0.00ns)   --->   "%speclooptripcount_ln0 = speclooptripcount void @_ssdm_op_SpecLoopTripCount, i64 1440, i64 1440, i64 1440"   --->   Operation 688 'speclooptripcount' 'speclooptripcount_ln0' <Predicate = true> <Delay = 0.00>
ST_50 : Operation 689 [1/1] (0.00ns)   --->   "%specpipeline_ln377 = specpipeline void @_ssdm_op_SpecPipeline, i32 1, i32 0, i32 0, i32 0, void @empty_14" [calorimeter.cpp:377]   --->   Operation 689 'specpipeline' 'specpipeline_ln377' <Predicate = true> <Delay = 0.00>
ST_50 : Operation 690 [1/2] (1.20ns)   --->   "%neighbor_47 = load i11 %towers_addr_48" [./calorimeter.h:216->calorimeter.cpp:392]   --->   Operation 690 'load' 'neighbor_47' <Predicate = true> <Delay = 1.20> <CoreInst = "RAM">   --->   Core 82 'RAM' <Latency = 1> <II = 1> <Delay = 1.20> <Storage> <Opcode : 'load' 'store'> <Ports = 2> <Width = 12> <Depth = 1800> <RAM>
ST_50 : Operation 691 [1/1] (0.74ns)   --->   "%icmp_ln218_46 = icmp_ugt  i12 %neighbor_47, i12 %seed_et" [./calorimeter.h:218->calorimeter.cpp:392]   --->   Operation 691 'icmp' 'icmp_ln218_46' <Predicate = true> <Delay = 0.74> <CoreInst = "Cmp">   --->   Core 9 'Cmp' <Latency = 0> <II = 1> <Delay = 0.74> <FuncUnit> <Opcode : 'seteq' 'setne' 'setle' 'setge' 'setlt' 'setgt'> <InPorts = 2> <OutPorts = 1>
ST_50 : Operation 692 [1/1] (0.00ns)   --->   "%zext_ln394_9 = zext i16 %core3_et_3" [calorimeter.cpp:394]   --->   Operation 692 'zext' 'zext_ln394_9' <Predicate = true> <Delay = 0.00>
ST_50 : Operation 693 [1/1] (0.00ns)   --->   "%zext_ln395 = zext i12 %neighbor" [calorimeter.cpp:395]   --->   Operation 693 'zext' 'zext_ln395' <Predicate = true> <Delay = 0.00>
ST_50 : Operation 694 [1/1] (0.00ns)   --->   "%zext_ln395_1 = zext i12 %neighbor_1" [calorimeter.cpp:395]   --->   Operation 694 'zext' 'zext_ln395_1' <Predicate = true> <Delay = 0.00>
ST_50 : Operation 695 [1/1] (0.00ns)   --->   "%zext_ln187_13 = zext i17 %sum7_et_10" [./calorimeter.h:187->calorimeter.cpp:395]   --->   Operation 695 'zext' 'zext_ln187_13' <Predicate = true> <Delay = 0.00>
ST_50 : Operation 696 [1/1] (0.00ns)   --->   "%zext_ln187_36 = zext i12 %neighbor_47" [./calorimeter.h:187->calorimeter.cpp:395]   --->   Operation 696 'zext' 'zext_ln187_36' <Predicate = true> <Delay = 0.00>
ST_50 : Operation 697 [1/1] (0.00ns) (grouped into TernaryAdder)   --->   "%add_ln187_38 = add i18 %zext_ln187_13, i18 %zext_ln395" [./calorimeter.h:187->calorimeter.cpp:395]   --->   Operation 697 'add' 'add_ln187_38' <Predicate = true> <Delay = 0.00> <CoreInst = "TAddSub">   --->   Core 10 'TAddSub' <Latency = 0> <II = 1> <Delay = 0.33> <IPBlock> <Opcode : '' 'add' 'sub'> <InPorts = 3> <OutPorts = 1> <Sync> <CReg>
ST_50 : Operation 698 [1/1] (0.74ns)   --->   "%add_ln187_39 = add i13 %zext_ln395_1, i13 %zext_ln187_36" [./calorimeter.h:187->calorimeter.cpp:395]   --->   Operation 698 'add' 'add_ln187_39' <Predicate = true> <Delay = 0.74> <CoreInst = "Adder">   --->   Core 1 'Adder' <Latency = 0> <II = 1> <Delay = 0.75> <FuncUnit> <Opcode : 'add' 'sub'> <InPorts = 2> <OutPorts = 1>
ST_50 : Operation 699 [1/1] (0.00ns)   --->   "%zext_ln187_37 = zext i13 %add_ln187_39" [./calorimeter.h:187->calorimeter.cpp:395]   --->   Operation 699 'zext' 'zext_ln187_37' <Predicate = true> <Delay = 0.00>
ST_50 : Operation 700 [1/1] (0.68ns) (root node of TernaryAdder)   --->   "%add_ln187_40 = add i18 %zext_ln187_37, i18 %add_ln187_38" [./calorimeter.h:187->calorimeter.cpp:395]   --->   Operation 700 'add' 'add_ln187_40' <Predicate = true> <Delay = 0.68> <CoreInst = "TAddSub">   --->   Core 10 'TAddSub' <Latency = 0> <II = 1> <Delay = 0.33> <IPBlock> <Opcode : '' 'add' 'sub'> <InPorts = 3> <OutPorts = 1> <Sync> <CReg>
ST_50 : Operation 701 [1/1] (0.00ns)   --->   "%zext_ln187_41 = zext i15 %add_ln187_44" [./calorimeter.h:187->calorimeter.cpp:395]   --->   Operation 701 'zext' 'zext_ln187_41' <Predicate = true> <Delay = 0.00>
ST_50 : Operation 702 [1/1] (0.00ns) (grouped into TernaryAdder)   --->   "%add_ln187_45 = add i18 %zext_ln187_41, i18 %add_ln187_40" [./calorimeter.h:187->calorimeter.cpp:395]   --->   Operation 702 'add' 'add_ln187_45' <Predicate = true> <Delay = 0.00> <CoreInst = "TAddSub">   --->   Core 10 'TAddSub' <Latency = 0> <II = 1> <Delay = 0.33> <IPBlock> <Opcode : '' 'add' 'sub'> <InPorts = 3> <OutPorts = 1> <Sync> <CReg>
ST_50 : Operation 703 [1/1] (0.00ns)   --->   "%zext_ln187_49 = zext i16 %add_ln187_53" [./calorimeter.h:187->calorimeter.cpp:395]   --->   Operation 703 'zext' 'zext_ln187_49' <Predicate = true> <Delay = 0.00>
ST_50 : Operation 704 [1/1] (0.68ns) (root node of TernaryAdder)   --->   "%sum7_et_11 = add i18 %zext_ln187_49, i18 %add_ln187_45" [./calorimeter.h:187->calorimeter.cpp:395]   --->   Operation 704 'add' 'sum7_et_11' <Predicate = true> <Delay = 0.68> <CoreInst = "TAddSub">   --->   Core 10 'TAddSub' <Latency = 0> <II = 1> <Delay = 0.33> <IPBlock> <Opcode : '' 'add' 'sub'> <InPorts = 3> <OutPorts = 1> <Sync> <CReg>
ST_50 : Operation 705 [1/1] (0.00ns)   --->   "%zext_ln395_33 = zext i18 %sum7_et_11" [calorimeter.cpp:395]   --->   Operation 705 'zext' 'zext_ln395_33' <Predicate = true> <Delay = 0.00>
ST_50 : Operation 706 [1/1] (0.00ns)   --->   "%zext_ln395_34 = zext i18 %sum7_et_11" [calorimeter.cpp:395]   --->   Operation 706 'zext' 'zext_ln395_34' <Predicate = true> <Delay = 0.00>
ST_50 : Operation 707 [1/1] (0.79ns)   --->   "%ring7_et = sub i19 %zext_ln395_34, i19 %zext_ln394_9" [calorimeter.cpp:396]   --->   Operation 707 'sub' 'ring7_et' <Predicate = true> <Delay = 0.79> <CoreInst = "Adder">   --->   Core 1 'Adder' <Latency = 0> <II = 1> <Delay = 0.80> <FuncUnit> <Opcode : 'add' 'sub'> <InPorts = 2> <OutPorts = 1>
ST_50 : Operation 708 [1/1] (0.80ns)   --->   "%icmp_ln398 = icmp_ult  i20 %zext_ln395_33, i20 %cluster_threshold_read" [calorimeter.cpp:398]   --->   Operation 708 'icmp' 'icmp_ln398' <Predicate = true> <Delay = 0.80> <CoreInst = "Cmp">   --->   Core 9 'Cmp' <Latency = 0> <II = 1> <Delay = 0.80> <FuncUnit> <Opcode : 'seteq' 'setne' 'setle' 'setge' 'setlt' 'setgt'> <InPorts = 2> <OutPorts = 1>
ST_50 : Operation 709 [1/1] (0.00ns)   --->   "%tmp_10 = bitconcatenate i22 @_ssdm_op_BitConcatenate.i22.i19.i3, i19 %ring7_et, i3 0" [./calorimeter.h:274->calorimeter.cpp:399]   --->   Operation 709 'bitconcatenate' 'tmp_10' <Predicate = true> <Delay = 0.00>
ST_50 : Operation 710 [1/1] (0.00ns)   --->   "%sext_ln274 = sext i22 %tmp_10" [./calorimeter.h:274->calorimeter.cpp:399]   --->   Operation 710 'sext' 'sext_ln274' <Predicate = true> <Delay = 0.00>
ST_50 : Operation 711 [1/1] (0.00ns)   --->   "%tmp_11 = bitconcatenate i20 @_ssdm_op_BitConcatenate.i20.i19.i1, i19 %ring7_et, i1 0" [./calorimeter.h:274->calorimeter.cpp:399]   --->   Operation 711 'bitconcatenate' 'tmp_11' <Predicate = true> <Delay = 0.00>
ST_50 : Operation 712 [1/1] (0.00ns)   --->   "%sext_ln274_1 = sext i20 %tmp_11" [./calorimeter.h:274->calorimeter.cpp:399]   --->   Operation 712 'sext' 'sext_ln274_1' <Predicate = true> <Delay = 0.00>
ST_50 : Operation 713 [1/1] (0.00ns)   --->   "%zext_ln274 = zext i21 %sext_ln274_1" [./calorimeter.h:274->calorimeter.cpp:399]   --->   Operation 713 'zext' 'zext_ln274' <Predicate = true> <Delay = 0.00>
ST_50 : Operation 714 [1/1] (0.82ns)   --->   "%ring_lhs = sub i23 %sext_ln274, i23 %zext_ln274" [./calorimeter.h:274->calorimeter.cpp:399]   --->   Operation 714 'sub' 'ring_lhs' <Predicate = true> <Delay = 0.82> <CoreInst = "Adder">   --->   Core 1 'Adder' <Latency = 0> <II = 1> <Delay = 0.82> <FuncUnit> <Opcode : 'add' 'sub'> <InPorts = 2> <OutPorts = 1>
ST_50 : Operation 715 [1/1] (0.00ns)   --->   "%zext_ln275 = zext i16 %core3_et_3" [./calorimeter.h:275->calorimeter.cpp:399]   --->   Operation 715 'zext' 'zext_ln275' <Predicate = true> <Delay = 0.00>
ST_50 : Operation 716 [1/1] (0.82ns)   --->   "%icmp_ln277 = icmp_ugt  i23 %ring_lhs, i23 %zext_ln275" [./calorimeter.h:277->calorimeter.cpp:399]   --->   Operation 716 'icmp' 'icmp_ln277' <Predicate = true> <Delay = 0.82> <CoreInst = "Cmp">   --->   Core 9 'Cmp' <Latency = 0> <II = 1> <Delay = 0.82> <FuncUnit> <Opcode : 'seteq' 'setne' 'setle' 'setge' 'setlt' 'setgt'> <InPorts = 2> <OutPorts = 1>
ST_50 : Operation 717 [1/1] (0.00ns) (grouped into LUT with out node candidate_et)   --->   "%select_ln398 = select i1 %icmp_ln277, i18 %sum7_et_11, i18 0" [calorimeter.cpp:398]   --->   Operation 717 'select' 'select_ln398' <Predicate = true> <Delay = 0.00> <CoreInst = "Sel">   --->   Core 73 'Sel' <Latency = 0> <II = 1> <Delay = 0.29> <FuncUnit> <Opcode : 'select'> <InPorts = 3> <OutPorts = 1>
ST_50 : Operation 718 [1/1] (0.00ns) (grouped into LUT with out node candidate_isolation_et)   --->   "%select_ln398_1 = select i1 %icmp_ln277, i19 %ring7_et, i19 0" [calorimeter.cpp:398]   --->   Operation 718 'select' 'select_ln398_1' <Predicate = true> <Delay = 0.00> <CoreInst = "Sel">   --->   Core 73 'Sel' <Latency = 0> <II = 1> <Delay = 0.31> <FuncUnit> <Opcode : 'select'> <InPorts = 3> <OutPorts = 1>
ST_50 : Operation 719 [1/1] (0.00ns) (grouped into LUT with out node or_ln398_2)   --->   "%or_ln398 = or i1 %icmp_ln391, i1 %xor_ln218" [calorimeter.cpp:398]   --->   Operation 719 'or' 'or_ln398' <Predicate = true> <Delay = 0.00> <CoreInst = "LogicGate">   --->   Core 74 'LogicGate' <Latency = 0> <II = 1> <Delay = 0.12> <FuncUnit> <Opcode : 'and' 'or' 'xor'> <InPorts = 2> <OutPorts = 1>
ST_50 : Operation 720 [1/1] (0.00ns) (grouped into LUT with out node or_ln398_2)   --->   "%or_ln398_1 = or i1 %icmp_ln218_46, i1 %icmp_ln398" [calorimeter.cpp:398]   --->   Operation 720 'or' 'or_ln398_1' <Predicate = true> <Delay = 0.00> <CoreInst = "LogicGate">   --->   Core 74 'LogicGate' <Latency = 0> <II = 1> <Delay = 0.12> <FuncUnit> <Opcode : 'and' 'or' 'xor'> <InPorts = 2> <OutPorts = 1>
ST_50 : Operation 721 [1/1] (0.12ns) (out node of the LUT)   --->   "%or_ln398_2 = or i1 %or_ln398_1, i1 %or_ln398" [calorimeter.cpp:398]   --->   Operation 721 'or' 'or_ln398_2' <Predicate = true> <Delay = 0.12> <CoreInst = "LogicGate">   --->   Core 74 'LogicGate' <Latency = 0> <II = 1> <Delay = 0.12> <FuncUnit> <Opcode : 'and' 'or' 'xor'> <InPorts = 2> <OutPorts = 1>
ST_50 : Operation 722 [1/1] (0.29ns) (out node of the LUT)   --->   "%candidate_et = select i1 %or_ln398_2, i18 0, i18 %select_ln398" [calorimeter.cpp:398]   --->   Operation 722 'select' 'candidate_et' <Predicate = true> <Delay = 0.29> <CoreInst = "Sel">   --->   Core 73 'Sel' <Latency = 0> <II = 1> <Delay = 0.29> <FuncUnit> <Opcode : 'select'> <InPorts = 3> <OutPorts = 1>
ST_50 : Operation 723 [1/1] (0.31ns) (out node of the LUT)   --->   "%candidate_isolation_et = select i1 %or_ln398_2, i19 0, i19 %select_ln398_1" [calorimeter.cpp:398]   --->   Operation 723 'select' 'candidate_isolation_et' <Predicate = true> <Delay = 0.31> <CoreInst = "Sel">   --->   Core 73 'Sel' <Latency = 0> <II = 1> <Delay = 0.31> <FuncUnit> <Opcode : 'select'> <InPorts = 3> <OutPorts = 1>
ST_50 : Operation 724 [1/1] (0.00ns) (grouped into LUT with out node candidate_valid)   --->   "%not_sel_tmp1 = xor i1 %or_ln398_2, i1 1" [calorimeter.cpp:398]   --->   Operation 724 'xor' 'not_sel_tmp1' <Predicate = true> <Delay = 0.00> <CoreInst = "LogicGate">   --->   Core 74 'LogicGate' <Latency = 0> <II = 1> <Delay = 0.12> <FuncUnit> <Opcode : 'and' 'or' 'xor'> <InPorts = 2> <OutPorts = 1>
ST_50 : Operation 725 [1/1] (0.12ns) (out node of the LUT)   --->   "%candidate_valid = and i1 %icmp_ln277, i1 %not_sel_tmp1" [./calorimeter.h:277->calorimeter.cpp:399]   --->   Operation 725 'and' 'candidate_valid' <Predicate = true> <Delay = 0.12> <CoreInst = "LogicGate">   --->   Core 74 'LogicGate' <Latency = 0> <II = 1> <Delay = 0.12> <FuncUnit> <Opcode : 'and' 'or' 'xor'> <InPorts = 2> <OutPorts = 1>
ST_50 : Operation 726 [1/1] (0.00ns)   --->   "%zext_ln379 = zext i18 %candidate_et" [calorimeter.cpp:379]   --->   Operation 726 'zext' 'zext_ln379' <Predicate = true> <Delay = 0.00>
ST_50 : Operation 727 [1/1] (0.00ns)   --->   "%sext_ln411 = sext i19 %candidate_isolation_et" [calorimeter.cpp:411]   --->   Operation 727 'sext' 'sext_ln411' <Predicate = true> <Delay = 0.00>
ST_50 : Operation 728 [1/1] (0.00ns)   --->   "%or_ln411_s = bitconcatenate i61 @_ssdm_op_BitConcatenate.i61.i1.i8.i6.i1.i5.i20.i20, i1 %candidate_valid, i8 119, i6 %select_ln375, i1 0, i5 %select_ln375_2, i20 %sext_ln411, i20 %zext_ln379" [calorimeter.cpp:411]   --->   Operation 728 'bitconcatenate' 'or_ln411_s' <Predicate = true> <Delay = 0.00>
ST_50 : Operation 729 [1/1] (1.13ns)   --->   "%write_ln411 = write void @_ssdm_op_Write.ap_fifo.volatile.i61P0A, i61 %jet_cluster_stream, i61 %or_ln411_s" [calorimeter.cpp:411]   --->   Operation 729 'write' 'write_ln411' <Predicate = true> <Delay = 1.13> <CoreInst = "FIFO">   --->   Core 77 'FIFO' <Latency = 0> <II = 1> <Delay = 1.13> <Storage> <Opcode : 'read' 'write' 'nbread' 'nbwrite'> <Ports = 0> <Width = 61> <Depth = 64> <FIFO>
ST_50 : Operation 730 [1/1] (0.00ns)   --->   "%br_ln376 = br void %for.body4" [calorimeter.cpp:376]   --->   Operation 730 'br' 'br_ln376' <Predicate = true> <Delay = 0.00>


============================================================
+ Verbose Summary: Binding
============================================================
STG Binding: 
---------------- STG Properties BEGIN ----------------
- Is combinational: 0
- Is one-state seq: 0
- Is datapath-only: 0
- Is pipelined: 0
- Is top level: 0
Port [ Return ] is wired: 1; IO mode=ap_ctrl_hs:ce=0
Port [ towers]:  wired=1; compound=1; hidden=0; nouse=0; global=0; static=0; extern=0; dir=0; type=1; pingpong=0; private_global=0; MemPort=[31]; IO mode=bram:ce=0
Port [ seed_threshold]:  wired=1; compound=0; hidden=0; nouse=0; global=0; static=0; extern=0; dir=0; type=0; pingpong=0; private_global=0; IO mode=ap_none:ce=0
Port [ cluster_threshold]:  wired=1; compound=0; hidden=0; nouse=0; global=0; static=0; extern=0; dir=0; type=0; pingpong=0; private_global=0; IO mode=ap_none:ce=0
Port [ jet_cluster_stream]:  wired=1; compound=1; hidden=0; nouse=0; global=0; static=0; extern=0; dir=1; type=3; pingpong=0; private_global=0; IO mode=ap_fifo:ce=0
---------------- STG Properties END ------------------

---------------- Datapath Model BEGIN ----------------

<LifeTime>
<method=bitvector/>
phi_idx_3              (alloca           ) [ 011111100000000000000000000000000000000000000000000]
eta                    (alloca           ) [ 010000000000000000000000000000000000000000000000000]
indvar_flatten         (alloca           ) [ 010000000000000000000000000000000000000000000000000]
specshared_ln0         (specshared       ) [ 000000000000000000000000000000000000000000000000000]
specbindport_ln0       (specbindport     ) [ 000000000000000000000000000000000000000000000000000]
specinterface_ln0      (specinterface    ) [ 000000000000000000000000000000000000000000000000000]
specinterface_ln0      (specinterface    ) [ 000000000000000000000000000000000000000000000000000]
cluster_threshold_read (read             ) [ 011111111111111111111111111111111111111111111111111]
seed_threshold_read    (read             ) [ 001000000000000000000000000000000000000000000000000]
store_ln0              (store            ) [ 000000000000000000000000000000000000000000000000000]
store_ln375            (store            ) [ 000000000000000000000000000000000000000000000000000]
store_ln184            (store            ) [ 000000000000000000000000000000000000000000000000000]
br_ln375               (br               ) [ 000000000000000000000000000000000000000000000000000]
indvar_flatten_load    (load             ) [ 000000000000000000000000000000000000000000000000000]
icmp_ln375             (icmp             ) [ 011111111111111111111111111111111111111111111111110]
add_ln375_1            (add              ) [ 000000000000000000000000000000000000000000000000000]
br_ln375               (br               ) [ 000000000000000000000000000000000000000000000000000]
phi_idx_3_load         (load             ) [ 000000000000000000000000000000000000000000000000000]
eta_load               (load             ) [ 000000000000000000000000000000000000000000000000000]
icmp_ln376             (icmp             ) [ 000000000000000000000000000000000000000000000000000]
select_ln375           (select           ) [ 011111111111111111111111111111111111111111111111111]
add_ln375              (add              ) [ 000000000000000000000000000000000000000000000000000]
add_ln375_2            (add              ) [ 000000000000000000000000000000000000000000000000000]
select_ln375_1         (select           ) [ 001111111111111111111111111111000000000000000000000]
select_ln375_2         (select           ) [ 011111111111111111111111111111111111111111111111111]
p_shl1                 (bitconcatenate   ) [ 000000000000000000000000000000000000000000000000000]
tmp                    (bitconcatenate   ) [ 000000000000000000000000000000000000000000000000000]
zext_ln389             (zext             ) [ 000000000000000000000000000000000000000000000000000]
sub_ln389              (sub              ) [ 001111111111111111111111111110000000000000000000000]
zext_ln389_1           (zext             ) [ 001111111111111111111111111111111111111111110000000]
add_ln389              (add              ) [ 000000000000000000000000000000000000000000000000000]
zext_ln389_2           (zext             ) [ 000000000000000000000000000000000000000000000000000]
towers_addr            (getelementptr    ) [ 001000000000000000000000000000000000000000000000000]
store_ln375            (store            ) [ 000000000000000000000000000000000000000000000000000]
store_ln375            (store            ) [ 000000000000000000000000000000000000000000000000000]
empty                  (add              ) [ 000000000000000000000000000000000000000000000000000]
p_shl2                 (bitconcatenate   ) [ 000000000000000000000000000000000000000000000000000]
tmp_1                  (bitconcatenate   ) [ 000000000000000000000000000000000000000000000000000]
zext_ln216             (zext             ) [ 000000000000000000000000000000000000000000000000000]
sub_ln216              (sub              ) [ 000111111000000000000000000000000000000000000000000]
zext_ln376             (zext             ) [ 000111111000000000000000000000000000000000000000000]
seed_et                (load             ) [ 010111111111111111111111111111111111111111111111111]
icmp_ln391             (icmp             ) [ 010111111111111111111111111111111111111111111111111]
add_ln213              (add              ) [ 000000000000000000000000000000000000000000000000000]
tmp_7                  (bitselect        ) [ 000000000000000000000000000000000000000000000000000]
add_ln161              (add              ) [ 000000000000000000000000000000000000000000000000000]
phi_idx                (select           ) [ 000000000000000000000000000000000000000000000000000]
zext_ln216_12          (zext             ) [ 000111111111111111111111111111111111111111110000000]
add_ln216_6            (add              ) [ 000000000000000000000000000000000000000000000000000]
zext_ln216_13          (zext             ) [ 000000000000000000000000000000000000000000000000000]
towers_addr_1          (getelementptr    ) [ 000100000000000000000000000000000000000000000000000]
neighbor               (load             ) [ 010011111111111111111111111111111111111111111111111]
add_ln213_3            (add              ) [ 000000000000000000000000000000000000000000000000000]
tmp_8                  (bitselect        ) [ 000000000000000000000000000000000000000000000000000]
add_ln161_1            (add              ) [ 000000000000000000000000000000000000000000000000000]
phi_idx_7              (select           ) [ 000000000000000000000000000000000000000000000000000]
zext_ln216_14          (zext             ) [ 000011111111111111111111111111111111111111110000000]
add_ln216_7            (add              ) [ 000000000000000000000000000000000000000000000000000]
zext_ln216_15          (zext             ) [ 000000000000000000000000000000000000000000000000000]
towers_addr_2          (getelementptr    ) [ 000010000000000000000000000000000000000000000000000]
neighbor_1             (load             ) [ 010001111111111111111111111111111111111111111111111]
add_ln213_4            (add              ) [ 000000000000000000000000000000000000000000000000000]
tmp_9                  (bitselect        ) [ 000000000000000000000000000000000000000000000000000]
add_ln161_2            (add              ) [ 000000000000000000000000000000000000000000000000000]
phi_idx_8              (select           ) [ 000000000000000000000000000000000000000000000000000]
zext_ln216_16          (zext             ) [ 000001111111111111111111111111111111111111110000000]
add_ln216_8            (add              ) [ 000000000000000000000000000000000000000000000000000]
zext_ln216_17          (zext             ) [ 000000000000000000000000000000000000000000000000000]
towers_addr_3          (getelementptr    ) [ 000001000000000000000000000000000000000000000000000]
add_ln216              (add              ) [ 000000000000000000000000000000000000000000000000000]
zext_ln216_6           (zext             ) [ 000000000000000000000000000000000000000000000000000]
towers_addr_4          (getelementptr    ) [ 000000100000000000000000000000000000000000000000000]
neighbor_2             (load             ) [ 000000111111111111111111111111111111111111100000000]
neighbor_3             (load             ) [ 000000011111100000000000000000000000000000000000000]
phi                    (add              ) [ 000000000000000000000000000000000000000000000000000]
icmp_ln162             (icmp             ) [ 000000000000000000000000000000000000000000000000000]
add_ln163              (add              ) [ 000000000000000000000000000000000000000000000000000]
zext_ln162             (zext             ) [ 000000000000000000000000000000000000000000000000000]
phi_idx_9              (select           ) [ 000000000000000000000000000000000000000000000000000]
sext_ln216             (sext             ) [ 000000011111111111111111111111111111111111110000000]
add_ln216_9            (add              ) [ 000000000000000000000000000000000000000000000000000]
zext_ln216_18          (zext             ) [ 000000000000000000000000000000000000000000000000000]
towers_addr_5          (getelementptr    ) [ 000000010000000000000000000000000000000000000000000]
store_ln184            (store            ) [ 000000000000000000000000000000000000000000000000000]
neighbor_4             (load             ) [ 000000001000000000000000000000000000000000000000000]
add_ln213_1            (add              ) [ 000000000000000000000000000000000000000000000000000]
icmp_ln162_1           (icmp             ) [ 000000000000000000000000000000000000000000000000000]
add_ln163_1            (add              ) [ 000000000000000000000000000000000000000000000000000]
zext_ln162_1           (zext             ) [ 000000000000000000000000000000000000000000000000000]
phi_idx_10             (select           ) [ 000000000000000000000000000000000000000000000000000]
sext_ln216_1           (sext             ) [ 000000001111111111111111111111111111111111110000000]
add_ln216_16           (add              ) [ 000000000000000000000000000000000000000000000000000]
zext_ln216_25          (zext             ) [ 000000000000000000000000000000000000000000000000000]
towers_addr_6          (getelementptr    ) [ 000000001000000000000000000000000000000000000000000]
is_max                 (icmp             ) [ 000000000000000000000000000000000000000000000000000]
icmp_ln220             (icmp             ) [ 000000000000000000000000000000000000000000000000000]
icmp_ln218             (icmp             ) [ 000000000000000000000000000000000000000000000000000]
xor_ln218_1            (xor              ) [ 000000000000000000000000000000000000000000000000000]
icmp_ln220_1           (icmp             ) [ 000000000000000000000000000000000000000000000000000]
icmp_ln218_1           (icmp             ) [ 000000000000000000000000000000000000000000000000000]
xor_ln218_2            (xor              ) [ 000000000000000000000000000000000000000000000000000]
icmp_ln220_2           (icmp             ) [ 000000000000000000000000000000000000000000000000000]
icmp_ln218_2           (icmp             ) [ 000000000000000000000000000000000000000000000000000]
xor_ln218_3            (xor              ) [ 000000000000000000000000000000000000000000000000000]
icmp_ln220_3           (icmp             ) [ 000000000000000000000000000000000000000000000000000]
icmp_ln218_3           (icmp             ) [ 000000000100000000000000000000000000000000000000000]
neighbor_5             (load             ) [ 000000000000000000000000000000000000000000000000000]
icmp_ln220_4           (icmp             ) [ 000000000100000000000000000000000000000000000000000]
icmp_ln218_4           (icmp             ) [ 000000000100000000000000000000000000000000000000000]
add_ln213_2            (add              ) [ 000000000000000000000000000000000000000000000000000]
icmp_ln162_2           (icmp             ) [ 000000000000000000000000000000000000000000000000000]
add_ln163_2            (add              ) [ 000000000000000000000000000000000000000000000000000]
zext_ln162_2           (zext             ) [ 000000000000000000000000000000000000000000000000000]
phi_idx_11             (select           ) [ 000000000000000000000000000000000000000000000000000]
sext_ln216_2           (sext             ) [ 000000000111111111111111111111111111111111110000000]
add_ln216_23           (add              ) [ 000000000000000000000000000000000000000000000000000]
zext_ln216_32          (zext             ) [ 000000000000000000000000000000000000000000000000000]
towers_addr_7          (getelementptr    ) [ 000000000100000000000000000000000000000000000000000]
and_ln218              (and              ) [ 000000000000000000000000000000000000000000000000000]
and_ln218_1            (and              ) [ 000000000000000000000000000000000000000000000000000]
and_ln218_2            (and              ) [ 000000000000000000000000000000000000000000000000000]
and_ln218_3            (and              ) [ 000000000000000000000000000000000000000000000000000]
and_ln218_4            (and              ) [ 000000000000000000000000000000000000000000000000000]
and_ln218_5            (and              ) [ 000000000000000000000000000000000000000000000000000]
and_ln218_6            (and              ) [ 000000000111000000000000000000000000000000000000000]
zext_ln184_1           (zext             ) [ 000000000000000000000000000000000000000000000000000]
zext_ln184_2           (zext             ) [ 000000000000000000000000000000000000000000000000000]
add_ln187_9            (add              ) [ 000000000111100000000000000000000000000000000000000]
empty_98               (add              ) [ 000000000000000000000000000000000000000000000000000]
p_shl3                 (bitconcatenate   ) [ 000000000000000000000000000000000000000000000000000]
tmp_2                  (bitconcatenate   ) [ 000000000000000000000000000000000000000000000000000]
zext_ln216_1           (zext             ) [ 000000000000000000000000000000000000000000000000000]
sub_ln216_1            (sub              ) [ 000000000011111100000000000000000000000000000000000]
xor_ln218_4            (xor              ) [ 000000000000000000000000000000000000000000000000000]
xor_ln218_5            (xor              ) [ 000000000000000000000000000000000000000000000000000]
neighbor_6             (load             ) [ 000000000011100000000000000000000000000000000000000]
icmp_ln220_5           (icmp             ) [ 000000000000000000000000000000000000000000000000000]
add_ln216_30           (add              ) [ 000000000000000000000000000000000000000000000000000]
zext_ln216_39          (zext             ) [ 000000000000000000000000000000000000000000000000000]
towers_addr_8          (getelementptr    ) [ 000000000010000000000000000000000000000000000000000]
and_ln218_7            (and              ) [ 000000000000000000000000000000000000000000000000000]
and_ln218_8            (and              ) [ 000000000000000000000000000000000000000000000000000]
and_ln218_9            (and              ) [ 000000000011000000000000000000000000000000000000000]
neighbor_7             (load             ) [ 000000000001100000000000000000000000000000000000000]
add_ln216_36           (add              ) [ 000000000000000000000000000000000000000000000000000]
zext_ln216_45          (zext             ) [ 000000000000000000000000000000000000000000000000000]
towers_addr_9          (getelementptr    ) [ 000000000001000000000000000000000000000000000000000]
icmp_ln218_5           (icmp             ) [ 000000000000000000000000000000000000000000000000000]
xor_ln218_6            (xor              ) [ 000000000000000000000000000000000000000000000000000]
icmp_ln220_6           (icmp             ) [ 000000000000000000000000000000000000000000000000000]
icmp_ln218_6           (icmp             ) [ 000000000000000000000000000000000000000000000000000]
xor_ln218_7            (xor              ) [ 000000000000000000000000000000000000000000000000000]
neighbor_8             (load             ) [ 000000000000100000000000000000000000000000000000000]
add_ln216_42           (add              ) [ 000000000000000000000000000000000000000000000000000]
zext_ln216_51          (zext             ) [ 000000000000000000000000000000000000000000000000000]
towers_addr_10         (getelementptr    ) [ 000000000000100000000000000000000000000000000000000]
and_ln218_10           (and              ) [ 000000000000000000000000000000000000000000000000000]
icmp_ln218_35          (icmp             ) [ 000000000000000000000000000000000000000000000000000]
and_ln218_11           (and              ) [ 000000000000000000000000000000000000000000000000000]
and_ln218_12           (and              ) [ 000000000000000000000000000000000000000000000000000]
and_ln218_13           (and              ) [ 000000000000000000000000000000000000000000000000000]
and_ln218_14           (and              ) [ 000000000000111111111000000000000000000000000000000]
add_ln216_1            (add              ) [ 000000000000000000000000000000000000000000000000000]
zext_ln216_7           (zext             ) [ 000000000000000000000000000000000000000000000000000]
towers_addr_11         (getelementptr    ) [ 000000000000010000000000000000000000000000000000000]
neighbor_9             (load             ) [ 000000000000000000000000000000000000000000000000000]
icmp_ln218_36          (icmp             ) [ 000000000000011110000000000000000000000000000000000]
zext_ln394_4           (zext             ) [ 000000000000011111111000000000000000000000000000000]
zext_ln395_2           (zext             ) [ 000000000000000000000000000000000000000000000000000]
zext_ln395_3           (zext             ) [ 000000000000000000000000000000000000000000000000000]
zext_ln395_4           (zext             ) [ 000000000000000000000000000000000000000000000000000]
zext_ln395_5           (zext             ) [ 000000000000000000000000000000000000000000000000000]
zext_ln395_6           (zext             ) [ 000000000000000000000000000000000000000000000000000]
sum7_et                (add              ) [ 000000000000000000000000000000000000000000000000000]
zext_ln187_9           (zext             ) [ 000000000000000000000000000000000000000000000000000]
zext_ln187_16          (zext             ) [ 000000000000000000000000000000000000000000000000000]
sum7_et_7              (add              ) [ 000000000000000000000000000000000000000000000000000]
zext_ln187_10          (zext             ) [ 000000000000000000000000000000000000000000000000000]
add_ln187_11           (add              ) [ 000000000000000000000000000000000000000000000000000]
add_ln187_12           (add              ) [ 000000000000000000000000000000000000000000000000000]
zext_ln187_17          (zext             ) [ 000000000000000000000000000000000000000000000000000]
add_ln187_13           (add              ) [ 000000000000000000000000000000000000000000000000000]
zext_ln187_18          (zext             ) [ 000000000000000000000000000000000000000000000000000]
sum7_et_8              (add              ) [ 000000000000010000000000000000000000000000000000000]
add_ln216_10           (add              ) [ 000000000000000000000000000000000000000000000000000]
zext_ln216_19          (zext             ) [ 000000000000000000000000000000000000000000000000000]
towers_addr_12         (getelementptr    ) [ 000000000000001000000000000000000000000000000000000]
neighbor_10            (load             ) [ 000000000000000000000000000000000000000000000000000]
icmp_ln218_37          (icmp             ) [ 000000000000001110000000000000000000000000000000000]
zext_ln395_7           (zext             ) [ 000000000000000000000000000000000000000000000000000]
zext_ln187_11          (zext             ) [ 000000000000000000000000000000000000000000000000000]
add_ln187_15           (add              ) [ 000000000000001111111000000000000000000000000000000]
add_ln216_17           (add              ) [ 000000000000000000000000000000000000000000000000000]
zext_ln216_26          (zext             ) [ 000000000000000000000000000000000000000000000000000]
towers_addr_13         (getelementptr    ) [ 000000000000000100000000000000000000000000000000000]
neighbor_11            (load             ) [ 000000000000000100000000000000000000000000000000000]
add_ln216_24           (add              ) [ 000000000000000000000000000000000000000000000000000]
zext_ln216_33          (zext             ) [ 000000000000000000000000000000000000000000000000000]
towers_addr_14         (getelementptr    ) [ 000000000000000010000000000000000000000000000000000]
neighbor_12            (load             ) [ 000000000000000000000000000000000000000000000000000]
icmp_ln220_7           (icmp             ) [ 000000000000000010000000000000000000000000000000000]
icmp_ln218_7           (icmp             ) [ 000000000000000010000000000000000000000000000000000]
icmp_ln218_38          (icmp             ) [ 000000000000000010000000000000000000000000000000000]
zext_ln395_8           (zext             ) [ 000000000000000000000000000000000000000000000000000]
zext_ln395_9           (zext             ) [ 000000000000000000000000000000000000000000000000000]
add_ln187_16           (add              ) [ 000000000000000011111000000000000000000000000000000]
empty_99               (add              ) [ 000000000000000000000000000000000000000000000000000]
p_shl4                 (bitconcatenate   ) [ 000000000000000000000000000000000000000000000000000]
tmp_3                  (bitconcatenate   ) [ 000000000000000000000000000000000000000000000000000]
zext_ln216_2           (zext             ) [ 000000000000000000000000000000000000000000000000000]
sub_ln216_2            (sub              ) [ 000000000000000001111110000000000000000000000000000]
add_ln216_31           (add              ) [ 000000000000000000000000000000000000000000000000000]
zext_ln216_40          (zext             ) [ 000000000000000000000000000000000000000000000000000]
towers_addr_15         (getelementptr    ) [ 000000000000000001000000000000000000000000000000000]
xor_ln218_8            (xor              ) [ 000000000000000000000000000000000000000000000000000]
neighbor_13            (load             ) [ 000000000000000001000000000000000000000000000000000]
icmp_ln220_8           (icmp             ) [ 000000000000000000000000000000000000000000000000000]
and_ln218_15           (and              ) [ 000000000000000000000000000000000000000000000000000]
and_ln218_16           (and              ) [ 000000000000000000000000000000000000000000000000000]
and_ln218_17           (and              ) [ 000000000000000000000000000000000000000000000000000]
and_ln218_18           (and              ) [ 000000000000000000000000000000000000000000000000000]
and_ln218_19           (and              ) [ 000000000000000001111000000000000000000000000000000]
add_ln216_37           (add              ) [ 000000000000000000000000000000000000000000000000000]
zext_ln216_46          (zext             ) [ 000000000000000000000000000000000000000000000000000]
towers_addr_16         (getelementptr    ) [ 000000000000000000100000000000000000000000000000000]
icmp_ln218_8           (icmp             ) [ 000000000000000000100000000000000000000000000000000]
neighbor_14            (load             ) [ 000000000000000000000000000000000000000000000000000]
icmp_ln220_9           (icmp             ) [ 000000000000000000100000000000000000000000000000000]
icmp_ln218_9           (icmp             ) [ 000000000000000000100000000000000000000000000000000]
zext_ln395_10          (zext             ) [ 000000000000000000000000000000000000000000000000000]
zext_ln395_11          (zext             ) [ 000000000000000000000000000000000000000000000000000]
add_ln187_18           (add              ) [ 000000000000000000111000000000000000000000000000000]
add_ln216_43           (add              ) [ 000000000000000000000000000000000000000000000000000]
zext_ln216_52          (zext             ) [ 000000000000000000000000000000000000000000000000000]
towers_addr_17         (getelementptr    ) [ 000000000000000000010000000000000000000000000000000]
xor_ln218_9            (xor              ) [ 000000000000000000000000000000000000000000000000000]
xor_ln218_10           (xor              ) [ 000000000000000000000000000000000000000000000000000]
neighbor_15            (load             ) [ 000000000000000000011000000000000000000000000000000]
icmp_ln220_10          (icmp             ) [ 000000000000000000000000000000000000000000000000000]
and_ln218_20           (and              ) [ 000000000000000000000000000000000000000000000000000]
and_ln218_21           (and              ) [ 000000000000000000000000000000000000000000000000000]
and_ln218_22           (and              ) [ 000000000000000000011000000000000000000000000000000]
add_ln216_2            (add              ) [ 000000000000000000000000000000000000000000000000000]
zext_ln216_8           (zext             ) [ 000000000000000000000000000000000000000000000000000]
towers_addr_18         (getelementptr    ) [ 000000000000000000001000000000000000000000000000000]
neighbor_16            (load             ) [ 000000000000000000001000000000000000000000000000000]
add_ln216_11           (add              ) [ 000000000000000000000000000000000000000000000000000]
zext_ln216_20          (zext             ) [ 000000000000000000000000000000000000000000000000000]
towers_addr_19         (getelementptr    ) [ 000000000000000000000100000000000000000000000000000]
icmp_ln218_10          (icmp             ) [ 000000000000000000000000000000000000000000000000000]
xor_ln218_11           (xor              ) [ 000000000000000000000000000000000000000000000000000]
icmp_ln220_11          (icmp             ) [ 000000000000000000000000000000000000000000000000000]
icmp_ln218_11          (icmp             ) [ 000000000000000000000000000000000000000000000000000]
xor_ln218_12           (xor              ) [ 000000000000000000000000000000000000000000000000000]
neighbor_17            (load             ) [ 000000000000000000000000000000000000000000000000000]
and_ln218_24           (and              ) [ 000000000000000000000000000000000000000000000000000]
icmp_ln218_39          (icmp             ) [ 000000000000000000000000000000000000000000000000000]
and_ln218_25           (and              ) [ 000000000000000000000000000000000000000000000000000]
and_ln218_26           (and              ) [ 000000000000000000000000000000000000000000000000000]
and_ln218_27           (and              ) [ 000000000000000000000000000000000000000000000000000]
and_ln218_28           (and              ) [ 000000000000000000000000000000000000000000000000000]
and_ln218_29           (and              ) [ 000000000000000000000111111111111111111111111111110]
zext_ln187             (zext             ) [ 000000000000000000000000000000000000000000000000000]
zext_ln394             (zext             ) [ 000000000000000000000100000000000000000000000000000]
core3_et               (add              ) [ 000000000000000000000100000000000000000000000000000]
zext_ln395_12          (zext             ) [ 000000000000000000000000000000000000000000000000000]
zext_ln187_19          (zext             ) [ 000000000000000000000000000000000000000000000000000]
add_ln187_17           (add              ) [ 000000000000000000000000000000000000000000000000000]
zext_ln187_20          (zext             ) [ 000000000000000000000000000000000000000000000000000]
add_ln187_19           (add              ) [ 000000000000000000000000000000000000000000000000000]
zext_ln187_21          (zext             ) [ 000000000000000000000000000000000000000000000000000]
add_ln187_20           (add              ) [ 000000000000000000000000000000000000000000000000000]
zext_ln187_22          (zext             ) [ 000000000000000000000000000000000000000000000000000]
add_ln187_21           (add              ) [ 000000000000000000000000000000000000000000000000000]
zext_ln187_23          (zext             ) [ 000000000000000000000000000000000000000000000000000]
sum7_et_9              (add              ) [ 000000000000000000000111000000000000000000000000000]
add_ln216_18           (add              ) [ 000000000000000000000000000000000000000000000000000]
zext_ln216_27          (zext             ) [ 000000000000000000000000000000000000000000000000000]
towers_addr_20         (getelementptr    ) [ 000000000000000000000010000000000000000000000000000]
neighbor_18            (load             ) [ 000000000000000000000011000000000000000000000000000]
zext_ln183             (zext             ) [ 000000000000000000000000000000000000000000000000000]
zext_ln187_2           (zext             ) [ 000000000000000000000000000000000000000000000000000]
add_ln187_1            (add              ) [ 000000000000000000000000000000000000000000000000000]
zext_ln187_3           (zext             ) [ 000000000000000000000000000000000000000000000000000]
core3_et_1             (add              ) [ 000000000000000000000011111111111100000000000000000]
add_ln216_25           (add              ) [ 000000000000000000000000000000000000000000000000000]
zext_ln216_34          (zext             ) [ 000000000000000000000000000000000000000000000000000]
towers_addr_21         (getelementptr    ) [ 000000000000000000000001000000000000000000000000000]
neighbor_19            (load             ) [ 000000000000000000000001000000000000000000000000000]
add_ln216_32           (add              ) [ 000000000000000000000000000000000000000000000000000]
zext_ln216_41          (zext             ) [ 000000000000000000000000000000000000000000000000000]
towers_addr_22         (getelementptr    ) [ 000000000000000000000000100000000000000000000000000]
neighbor_20            (load             ) [ 000000000000000000000000000000000000000000000000000]
icmp_ln218_40          (icmp             ) [ 000000000000000000000000100000000000000000000000000]
icmp_ln218_41          (icmp             ) [ 000000000000000000000000100000000000000000000000000]
icmp_ln218_42          (icmp             ) [ 000000000000000000000000100000000000000000000000000]
zext_ln394_1           (zext             ) [ 000000000000000000000000000000000000000000000000000]
zext_ln395_13          (zext             ) [ 000000000000000000000000000000000000000000000000000]
zext_ln183_1           (zext             ) [ 000000000000000000000000000000000000000000000000000]
zext_ln187_12          (zext             ) [ 000000000000000000000000000000000000000000000000000]
add_ln187_23           (add              ) [ 000000000000000000000000000000000000000000000000000]
add_ln187_24           (add              ) [ 000000000000000000000000000000000000000000000000000]
zext_ln187_24          (zext             ) [ 000000000000000000000000000000000000000000000000000]
add_ln187_25           (add              ) [ 000000000000000000000000111111111111100000000000000]
add_ln216_38           (add              ) [ 000000000000000000000000000000000000000000000000000]
zext_ln216_47          (zext             ) [ 000000000000000000000000000000000000000000000000000]
towers_addr_23         (getelementptr    ) [ 000000000000000000000000010000000000000000000000000]
neighbor_21            (load             ) [ 000000000000000000000000010000000000000000000000000]
and_ln218_30           (and              ) [ 000000000000000000000000000000000000000000000000000]
icmp_ln218_43          (icmp             ) [ 000000000000000000000000000000000000000000000000000]
and_ln218_31           (and              ) [ 000000000000000000000000000000000000000000000000000]
and_ln218_32           (and              ) [ 000000000000000000000000011111111111111111111111110]
add_ln216_44           (add              ) [ 000000000000000000000000000000000000000000000000000]
zext_ln216_53          (zext             ) [ 000000000000000000000000000000000000000000000000000]
towers_addr_24         (getelementptr    ) [ 000000000000000000000000001000000000000000000000000]
neighbor_22            (load             ) [ 000000000000000000000000000000000000000000000000000]
icmp_ln218_44          (icmp             ) [ 000000000000000000000000001111111111111111111111110]
zext_ln395_14          (zext             ) [ 000000000000000000000000000000000000000000000000000]
zext_ln395_15          (zext             ) [ 000000000000000000000000000000000000000000000000000]
add_ln187_26           (add              ) [ 000000000000000000000000001111111100000000000000000]
add_ln216_12           (add              ) [ 000000000000000000000000000000000000000000000000000]
zext_ln216_21          (zext             ) [ 000000000000000000000000000000000000000000000000000]
towers_addr_25         (getelementptr    ) [ 000000000000000000000000000100000000000000000000000]
neighbor_23            (load             ) [ 000000000000000000000000000111111100000000000000000]
add_ln216_19           (add              ) [ 000000000000000000000000000000000000000000000000000]
zext_ln216_28          (zext             ) [ 000000000000000000000000000000000000000000000000000]
towers_addr_26         (getelementptr    ) [ 000000000000000000000000000010000000000000000000000]
neighbor_24            (load             ) [ 000000000000000000000000000011111100000000000000000]
add_ln216_26           (add              ) [ 000000000000000000000000000000000000000000000000000]
zext_ln216_35          (zext             ) [ 000000000000000000000000000000000000000000000000000]
towers_addr_27         (getelementptr    ) [ 000000000000000000000000000001000000000000000000000]
neighbor_25            (load             ) [ 000000000000000000000000000001000000000000000000000]
p_shl5                 (bitconcatenate   ) [ 000000000000000000000000000000000000000000000000000]
tmp_4                  (bitconcatenate   ) [ 000000000000000000000000000000000000000000000000000]
zext_ln216_3           (zext             ) [ 000000000000000000000000000000000000000000000000000]
sub_ln216_3            (sub              ) [ 000000000000000000000000000000111111000000000000000]
add_ln216_33           (add              ) [ 000000000000000000000000000000000000000000000000000]
zext_ln216_42          (zext             ) [ 000000000000000000000000000000000000000000000000000]
towers_addr_28         (getelementptr    ) [ 000000000000000000000000000000100000000000000000000]
icmp_ln218_13          (icmp             ) [ 000000000000000000000000000000110000000000000000000]
neighbor_26            (load             ) [ 000000000000000000000000000000000000000000000000000]
icmp_ln218_14          (icmp             ) [ 000000000000000000000000000000110000000000000000000]
zext_ln395_16          (zext             ) [ 000000000000000000000000000000000000000000000000000]
zext_ln395_17          (zext             ) [ 000000000000000000000000000000000000000000000000000]
add_ln187_30           (add              ) [ 000000000000000000000000000000110000000000000000000]
add_ln216_39           (add              ) [ 000000000000000000000000000000000000000000000000000]
zext_ln216_48          (zext             ) [ 000000000000000000000000000000000000000000000000000]
towers_addr_29         (getelementptr    ) [ 000000000000000000000000000000010000000000000000000]
neighbor_27            (load             ) [ 000000000000000000000000000000010000000000000000000]
add_ln216_45           (add              ) [ 000000000000000000000000000000000000000000000000000]
zext_ln216_54          (zext             ) [ 000000000000000000000000000000000000000000000000000]
towers_addr_30         (getelementptr    ) [ 000000000000000000000000000000001000000000000000000]
icmp_ln218_12          (icmp             ) [ 000000000000000000000000000000000000000000000000000]
xor_ln218_13           (xor              ) [ 000000000000000000000000000000000000000000000000000]
xor_ln218_14           (xor              ) [ 000000000000000000000000000000000000000000000000000]
xor_ln218_15           (xor              ) [ 000000000000000000000000000000000000000000000000000]
icmp_ln218_15          (icmp             ) [ 000000000000000000000000000000000000000000000000000]
xor_ln218_16           (xor              ) [ 000000000000000000000000000000000000000000000000000]
neighbor_28            (load             ) [ 000000000000000000000000000000000000000000000000000]
icmp_ln218_16          (icmp             ) [ 000000000000000000000000000000000000000000000000000]
xor_ln218_17           (xor              ) [ 000000000000000000000000000000000000000000000000000]
and_ln218_34           (and              ) [ 000000000000000000000000000000000000000000000000000]
and_ln218_35           (and              ) [ 000000000000000000000000000000000000000000000000000]
and_ln218_36           (and              ) [ 000000000000000000000000000000000000000000000000000]
and_ln218_37           (and              ) [ 000000000000000000000000000000001111111111111111110]
zext_ln395_18          (zext             ) [ 000000000000000000000000000000000000000000000000000]
zext_ln395_19          (zext             ) [ 000000000000000000000000000000000000000000000000000]
zext_ln187_28          (zext             ) [ 000000000000000000000000000000000000000000000000000]
add_ln187_31           (add              ) [ 000000000000000000000000000000000000000000000000000]
zext_ln187_29          (zext             ) [ 000000000000000000000000000000000000000000000000000]
add_ln187_32           (add              ) [ 000000000000000000000000000000001111100000000000000]
add_ln216_3            (add              ) [ 000000000000000000000000000000000000000000000000000]
zext_ln216_9           (zext             ) [ 000000000000000000000000000000000000000000000000000]
towers_addr_31         (getelementptr    ) [ 000000000000000000000000000000000100000000000000000]
neighbor_29            (load             ) [ 000000000000000000000000000000000100000000000000000]
add_ln216_13           (add              ) [ 000000000000000000000000000000000000000000000000000]
zext_ln216_22          (zext             ) [ 000000000000000000000000000000000000000000000000000]
towers_addr_32         (getelementptr    ) [ 000000000000000000000000000000000010000000000000000]
icmp_ln218_17          (icmp             ) [ 000000000000000000000000000000000011111110000000000]
neighbor_30            (load             ) [ 000000000000000000000000000000000000000000000000000]
icmp_ln218_18          (icmp             ) [ 000000000000000000000000000000000011111110000000000]
icmp_ln218_45          (icmp             ) [ 000000000000000000000000000000000011111111111111110]
zext_ln394_2           (zext             ) [ 000000000000000000000000000000000000000000000000000]
zext_ln394_3           (zext             ) [ 000000000000000000000000000000000000000000000000000]
zext_ln394_5           (zext             ) [ 000000000000000000000000000000000000000000000000000]
zext_ln394_6           (zext             ) [ 000000000000000000000000000000000000000000000000000]
zext_ln394_7           (zext             ) [ 000000000000000000000000000000000000000000000000000]
zext_ln187_1           (zext             ) [ 000000000000000000000000000000000000000000000000000]
zext_ln187_4           (zext             ) [ 000000000000000000000000000000000000000000000000000]
add_ln187_3            (add              ) [ 000000000000000000000000000000000000000000000000000]
add_ln187_4            (add              ) [ 000000000000000000000000000000000011100000000000000]
zext_ln187_5           (zext             ) [ 000000000000000000000000000000000000000000000000000]
add_ln187_5            (add              ) [ 000000000000000000000000000000000000000000000000000]
zext_ln187_6           (zext             ) [ 000000000000000000000000000000000000000000000000000]
core3_et_2             (add              ) [ 000000000000000000000000000000000011100000000000000]
zext_ln187_25          (zext             ) [ 000000000000000000000000000000000000000000000000000]
add_ln187_27           (add              ) [ 000000000000000000000000000000000000000000000000000]
zext_ln187_26          (zext             ) [ 000000000000000000000000000000000000000000000000000]
add_ln187_28           (add              ) [ 000000000000000000000000000000000011100000000000000]
add_ln216_20           (add              ) [ 000000000000000000000000000000000000000000000000000]
zext_ln216_29          (zext             ) [ 000000000000000000000000000000000000000000000000000]
towers_addr_33         (getelementptr    ) [ 000000000000000000000000000000000001000000000000000]
neighbor_31            (load             ) [ 000000000000000000000000000000000001100000000000000]
add_ln216_27           (add              ) [ 000000000000000000000000000000000000000000000000000]
zext_ln216_36          (zext             ) [ 000000000000000000000000000000000000000000000000000]
towers_addr_34         (getelementptr    ) [ 000000000000000000000000000000000000100000000000000]
neighbor_32            (load             ) [ 000000000000000000000000000000000000100000000000000]
empty_100              (add              ) [ 000000000000000000000000000000000000000000000000000]
p_shl6                 (bitconcatenate   ) [ 000000000000000000000000000000000000000000000000000]
tmp_5                  (bitconcatenate   ) [ 000000000000000000000000000000000000000000000000000]
zext_ln216_4           (zext             ) [ 000000000000000000000000000000000000000000000000000]
sub_ln216_4            (sub              ) [ 000000000000000000000000000000000000011111100000000]
add_ln216_34           (add              ) [ 000000000000000000000000000000000000000000000000000]
zext_ln216_43          (zext             ) [ 000000000000000000000000000000000000000000000000000]
towers_addr_35         (getelementptr    ) [ 000000000000000000000000000000000000010000000000000]
icmp_ln218_19          (icmp             ) [ 000000000000000000000000000000000000011110000000000]
icmp_ln218_20          (icmp             ) [ 000000000000000000000000000000000000011110000000000]
neighbor_33            (load             ) [ 000000000000000000000000000000000000000000000000000]
icmp_ln218_21          (icmp             ) [ 000000000000000000000000000000000000011110000000000]
zext_ln394_8           (zext             ) [ 000000000000000000000000000000000000000000000000000]
zext_ln187_8           (zext             ) [ 000000000000000000000000000000000000000000000000000]
zext_ln187_7           (zext             ) [ 000000000000000000000000000000000000000000000000000]
core3_et_3             (add              ) [ 010000000000000000000000000000000000011111111111111]
zext_ln395_20          (zext             ) [ 000000000000000000000000000000000000000000000000000]
zext_ln395_21          (zext             ) [ 000000000000000000000000000000000000000000000000000]
zext_ln187_27          (zext             ) [ 000000000000000000000000000000000000000000000000000]
add_ln187_29           (add              ) [ 000000000000000000000000000000000000000000000000000]
zext_ln187_30          (zext             ) [ 000000000000000000000000000000000000000000000000000]
zext_ln187_31          (zext             ) [ 000000000000000000000000000000000000000000000000000]
add_ln187_33           (add              ) [ 000000000000000000000000000000000000000000000000000]
zext_ln187_32          (zext             ) [ 000000000000000000000000000000000000000000000000000]
add_ln187_34           (add              ) [ 000000000000000000000000000000000000000000000000000]
zext_ln187_33          (zext             ) [ 000000000000000000000000000000000000000000000000000]
add_ln187_35           (add              ) [ 000000000000000000000000000000000000000000000000000]
zext_ln187_34          (zext             ) [ 000000000000000000000000000000000000000000000000000]
add_ln187_36           (add              ) [ 000000000000000000000000000000000000000000000000000]
zext_ln187_35          (zext             ) [ 000000000000000000000000000000000000000000000000000]
sum7_et_10             (add              ) [ 010000000000000000000000000000000000011111111111111]
add_ln216_40           (add              ) [ 000000000000000000000000000000000000000000000000000]
zext_ln216_49          (zext             ) [ 000000000000000000000000000000000000000000000000000]
towers_addr_36         (getelementptr    ) [ 000000000000000000000000000000000000001000000000000]
neighbor_34            (load             ) [ 000000000000000000000000000000000000001111111110000]
add_ln216_46           (add              ) [ 000000000000000000000000000000000000000000000000000]
zext_ln216_55          (zext             ) [ 000000000000000000000000000000000000000000000000000]
towers_addr_37         (getelementptr    ) [ 000000000000000000000000000000000000000100000000000]
neighbor_35            (load             ) [ 000000000000000000000000000000000000000100000000000]
add_ln216_4            (add              ) [ 000000000000000000000000000000000000000000000000000]
zext_ln216_10          (zext             ) [ 000000000000000000000000000000000000000000000000000]
towers_addr_38         (getelementptr    ) [ 000000000000000000000000000000000000000010000000000]
icmp_ln218_23          (icmp             ) [ 000000000000000000000000000000000000000010000000000]
neighbor_36            (load             ) [ 000000000000000000000000000000000000000000000000000]
icmp_ln218_24          (icmp             ) [ 000000000000000000000000000000000000000010000000000]
zext_ln395_23          (zext             ) [ 000000000000000000000000000000000000000000000000000]
zext_ln395_24          (zext             ) [ 000000000000000000000000000000000000000000000000000]
add_ln187_47           (add              ) [ 000000000000000000000000000000000000000011111110000]
add_ln216_14           (add              ) [ 000000000000000000000000000000000000000000000000000]
zext_ln216_23          (zext             ) [ 000000000000000000000000000000000000000000000000000]
towers_addr_39         (getelementptr    ) [ 000000000000000000000000000000000000000001000000000]
xor_ln218_18           (xor              ) [ 000000000000000000000000000000000000000000000000000]
xor_ln218_19           (xor              ) [ 000000000000000000000000000000000000000000000000000]
xor_ln218_20           (xor              ) [ 000000000000000000000000000000000000000000000000000]
xor_ln218_21           (xor              ) [ 000000000000000000000000000000000000000000000000000]
xor_ln218_22           (xor              ) [ 000000000000000000000000000000000000000000000000000]
icmp_ln218_22          (icmp             ) [ 000000000000000000000000000000000000000000000000000]
xor_ln218_23           (xor              ) [ 000000000000000000000000000000000000000000000000000]
xor_ln218_24           (xor              ) [ 000000000000000000000000000000000000000000000000000]
xor_ln218_25           (xor              ) [ 000000000000000000000000000000000000000000000000000]
neighbor_37            (load             ) [ 000000000000000000000000000000000000000001000000000]
icmp_ln218_25          (icmp             ) [ 000000000000000000000000000000000000000000000000000]
xor_ln218_26           (xor              ) [ 000000000000000000000000000000000000000000000000000]
and_ln218_40           (and              ) [ 000000000000000000000000000000000000000000000000000]
and_ln218_41           (and              ) [ 000000000000000000000000000000000000000000000000000]
and_ln218_42           (and              ) [ 000000000000000000000000000000000000000000000000000]
and_ln218_43           (and              ) [ 000000000000000000000000000000000000000000000000000]
and_ln218_44           (and              ) [ 000000000000000000000000000000000000000000000000000]
and_ln218_45           (and              ) [ 000000000000000000000000000000000000000000000000000]
and_ln218_46           (and              ) [ 000000000000000000000000000000000000000000000000000]
and_ln218_47           (and              ) [ 000000000000000000000000000000000000000001111111110]
add_ln216_21           (add              ) [ 000000000000000000000000000000000000000000000000000]
zext_ln216_30          (zext             ) [ 000000000000000000000000000000000000000000000000000]
towers_addr_40         (getelementptr    ) [ 000000000000000000000000000000000000000000100000000]
neighbor_38            (load             ) [ 000000000000000000000000000000000000000000000000000]
icmp_ln218_26          (icmp             ) [ 000000000000000000000000000000000000000000111111110]
zext_ln395_25          (zext             ) [ 000000000000000000000000000000000000000000000000000]
zext_ln395_26          (zext             ) [ 000000000000000000000000000000000000000000000000000]
add_ln187_49           (add              ) [ 000000000000000000000000000000000000000000110000000]
add_ln216_28           (add              ) [ 000000000000000000000000000000000000000000000000000]
zext_ln216_37          (zext             ) [ 000000000000000000000000000000000000000000000000000]
towers_addr_41         (getelementptr    ) [ 000000000000000000000000000000000000000000010000000]
neighbor_39            (load             ) [ 000000000000000000000000000000000000000000000000000]
icmp_ln218_27          (icmp             ) [ 000000000000000000000000000000000000000000011111110]
zext_ln184             (zext             ) [ 000000000000000000000000000000000000000000000000000]
zext_ln395_27          (zext             ) [ 000000000000000000000000000000000000000000000000000]
add_ln187_50           (add              ) [ 000000000000000000000000000000000000000000010000000]
empty_101              (add              ) [ 000000000000000000000000000000000000000000000000000]
p_shl7                 (bitconcatenate   ) [ 000000000000000000000000000000000000000000000000000]
tmp_6                  (bitconcatenate   ) [ 000000000000000000000000000000000000000000000000000]
zext_ln216_5           (zext             ) [ 000000000000000000000000000000000000000000000000000]
sub_ln216_5            (sub              ) [ 000000000000000000000000000000000000000000000000000]
add_ln216_5            (add              ) [ 000000000000000000000000000000000000000000001110000]
add_ln216_15           (add              ) [ 000000000000000000000000000000000000000000001111000]
add_ln216_22           (add              ) [ 000000000000000000000000000000000000000000001111100]
add_ln216_29           (add              ) [ 000000000000000000000000000000000000000000001111110]
add_ln216_35           (add              ) [ 000000000000000000000000000000000000000000000000000]
zext_ln216_44          (zext             ) [ 000000000000000000000000000000000000000000000000000]
towers_addr_42         (getelementptr    ) [ 000000000000000000000000000000000000000000001000000]
add_ln216_41           (add              ) [ 000000000000000000000000000000000000000000001000000]
add_ln216_47           (add              ) [ 000000000000000000000000000000000000000000001100000]
neighbor_40            (load             ) [ 000000000000000000000000000000000000000000000000000]
icmp_ln218_28          (icmp             ) [ 000000000000000000000000000000000000000000001111110]
zext_ln395_28          (zext             ) [ 000000000000000000000000000000000000000000000000000]
zext_ln187_45          (zext             ) [ 000000000000000000000000000000000000000000000000000]
zext_ln187_46          (zext             ) [ 000000000000000000000000000000000000000000000000000]
add_ln187_51           (add              ) [ 000000000000000000000000000000000000000000000000000]
zext_ln187_47          (zext             ) [ 000000000000000000000000000000000000000000000000000]
add_ln187_52           (add              ) [ 000000000000000000000000000000000000000000001110000]
zext_ln216_50          (zext             ) [ 000000000000000000000000000000000000000000000000000]
towers_addr_43         (getelementptr    ) [ 000000000000000000000000000000000000000000000100000]
neighbor_41            (load             ) [ 000000000000000000000000000000000000000000000111000]
zext_ln216_56          (zext             ) [ 000000000000000000000000000000000000000000000000000]
towers_addr_44         (getelementptr    ) [ 000000000000000000000000000000000000000000000010000]
neighbor_42            (load             ) [ 000000000000000000000000000000000000000000000011000]
zext_ln216_11          (zext             ) [ 000000000000000000000000000000000000000000000000000]
towers_addr_45         (getelementptr    ) [ 000000000000000000000000000000000000000000000001000]
neighbor_43            (load             ) [ 000000000000000000000000000000000000000000000000000]
icmp_ln218_31          (icmp             ) [ 000000000000000000000000000000000000000000000001110]
zext_ln395_22          (zext             ) [ 000000000000000000000000000000000000000000000000000]
zext_ln395_31          (zext             ) [ 000000000000000000000000000000000000000000000000000]
add_ln187_46           (add              ) [ 000000000000000000000000000000000000000000000000000]
zext_ln187_42          (zext             ) [ 000000000000000000000000000000000000000000000000000]
zext_ln187_43          (zext             ) [ 000000000000000000000000000000000000000000000000000]
add_ln187_48           (add              ) [ 000000000000000000000000000000000000000000000000000]
zext_ln187_44          (zext             ) [ 000000000000000000000000000000000000000000000000000]
zext_ln187_48          (zext             ) [ 000000000000000000000000000000000000000000000000000]
add_ln187_53           (add              ) [ 010000000000000000000000000000000000000000000001111]
zext_ln216_24          (zext             ) [ 000000000000000000000000000000000000000000000000000]
towers_addr_46         (getelementptr    ) [ 000000000000000000000000000000000000000000000000100]
icmp_ln218_29          (icmp             ) [ 000000000000000000000000000000000000000000000000110]
icmp_ln218_30          (icmp             ) [ 000000000000000000000000000000000000000000000000110]
neighbor_44            (load             ) [ 000000000000000000000000000000000000000000000000000]
icmp_ln218_32          (icmp             ) [ 000000000000000000000000000000000000000000000000110]
zext_ln395_29          (zext             ) [ 000000000000000000000000000000000000000000000000000]
zext_ln395_30          (zext             ) [ 000000000000000000000000000000000000000000000000000]
zext_ln395_32          (zext             ) [ 000000000000000000000000000000000000000000000000000]
add_ln187_42           (add              ) [ 000000000000000000000000000000000000000000000000000]
zext_ln187_39          (zext             ) [ 000000000000000000000000000000000000000000000000000]
add_ln187_43           (add              ) [ 000000000000000000000000000000000000000000000000110]
zext_ln216_31          (zext             ) [ 000000000000000000000000000000000000000000000000000]
towers_addr_47         (getelementptr    ) [ 000000000000000000000000000000000000000000000000010]
neighbor_45            (load             ) [ 000000000000000000000000000000000000000000000000010]
zext_ln216_38          (zext             ) [ 000000000000000000000000000000000000000000000000000]
towers_addr_48         (getelementptr    ) [ 010000000000000000000000000000000000000000000000001]
xor_ln218_27           (xor              ) [ 000000000000000000000000000000000000000000000000000]
xor_ln218_28           (xor              ) [ 000000000000000000000000000000000000000000000000000]
xor_ln218_29           (xor              ) [ 000000000000000000000000000000000000000000000000000]
xor_ln218_30           (xor              ) [ 000000000000000000000000000000000000000000000000000]
xor_ln218_31           (xor              ) [ 000000000000000000000000000000000000000000000000000]
xor_ln218_32           (xor              ) [ 000000000000000000000000000000000000000000000000000]
xor_ln218_33           (xor              ) [ 000000000000000000000000000000000000000000000000000]
icmp_ln218_33          (icmp             ) [ 000000000000000000000000000000000000000000000000000]
xor_ln218_34           (xor              ) [ 000000000000000000000000000000000000000000000000000]
neighbor_46            (load             ) [ 000000000000000000000000000000000000000000000000000]
icmp_ln218_34          (icmp             ) [ 000000000000000000000000000000000000000000000000000]
xor_ln218_35           (xor              ) [ 000000000000000000000000000000000000000000000000000]
and_ln218_33           (and              ) [ 000000000000000000000000000000000000000000000000000]
and_ln218_38           (and              ) [ 000000000000000000000000000000000000000000000000000]
and_ln218_39           (and              ) [ 000000000000000000000000000000000000000000000000000]
and_ln218_48           (and              ) [ 000000000000000000000000000000000000000000000000000]
and_ln218_49           (and              ) [ 000000000000000000000000000000000000000000000000000]
and_ln218_50           (and              ) [ 000000000000000000000000000000000000000000000000000]
and_ln218_51           (and              ) [ 000000000000000000000000000000000000000000000000000]
and_ln218_52           (and              ) [ 000000000000000000000000000000000000000000000000000]
and_ln218_53           (and              ) [ 000000000000000000000000000000000000000000000000000]
and_ln218_54           (and              ) [ 000000000000000000000000000000000000000000000000000]
and_ln218_55           (and              ) [ 000000000000000000000000000000000000000000000000000]
and_ln218_56           (and              ) [ 000000000000000000000000000000000000000000000000000]
and_ln218_57           (and              ) [ 000000000000000000000000000000000000000000000000000]
and_ln218_23           (and              ) [ 000000000000000000000000000000000000000000000000000]
xor_ln218              (xor              ) [ 010000000000000000000000000000000000000000000000001]
zext_ln187_14          (zext             ) [ 000000000000000000000000000000000000000000000000000]
zext_ln187_15          (zext             ) [ 000000000000000000000000000000000000000000000000000]
add_ln187_41           (add              ) [ 000000000000000000000000000000000000000000000000000]
zext_ln187_38          (zext             ) [ 000000000000000000000000000000000000000000000000000]
zext_ln187_40          (zext             ) [ 000000000000000000000000000000000000000000000000000]
add_ln187_44           (add              ) [ 010000000000000000000000000000000000000000000000001]
specloopname_ln0       (specloopname     ) [ 000000000000000000000000000000000000000000000000000]
speclooptripcount_ln0  (speclooptripcount) [ 000000000000000000000000000000000000000000000000000]
specpipeline_ln377     (specpipeline     ) [ 000000000000000000000000000000000000000000000000000]
neighbor_47            (load             ) [ 000000000000000000000000000000000000000000000000000]
icmp_ln218_46          (icmp             ) [ 000000000000000000000000000000000000000000000000000]
zext_ln394_9           (zext             ) [ 000000000000000000000000000000000000000000000000000]
zext_ln395             (zext             ) [ 000000000000000000000000000000000000000000000000000]
zext_ln395_1           (zext             ) [ 000000000000000000000000000000000000000000000000000]
zext_ln187_13          (zext             ) [ 000000000000000000000000000000000000000000000000000]
zext_ln187_36          (zext             ) [ 000000000000000000000000000000000000000000000000000]
add_ln187_38           (add              ) [ 000000000000000000000000000000000000000000000000000]
add_ln187_39           (add              ) [ 000000000000000000000000000000000000000000000000000]
zext_ln187_37          (zext             ) [ 000000000000000000000000000000000000000000000000000]
add_ln187_40           (add              ) [ 000000000000000000000000000000000000000000000000000]
zext_ln187_41          (zext             ) [ 000000000000000000000000000000000000000000000000000]
add_ln187_45           (add              ) [ 000000000000000000000000000000000000000000000000000]
zext_ln187_49          (zext             ) [ 000000000000000000000000000000000000000000000000000]
sum7_et_11             (add              ) [ 000000000000000000000000000000000000000000000000000]
zext_ln395_33          (zext             ) [ 000000000000000000000000000000000000000000000000000]
zext_ln395_34          (zext             ) [ 000000000000000000000000000000000000000000000000000]
ring7_et               (sub              ) [ 000000000000000000000000000000000000000000000000000]
icmp_ln398             (icmp             ) [ 000000000000000000000000000000000000000000000000000]
tmp_10                 (bitconcatenate   ) [ 000000000000000000000000000000000000000000000000000]
sext_ln274             (sext             ) [ 000000000000000000000000000000000000000000000000000]
tmp_11                 (bitconcatenate   ) [ 000000000000000000000000000000000000000000000000000]
sext_ln274_1           (sext             ) [ 000000000000000000000000000000000000000000000000000]
zext_ln274             (zext             ) [ 000000000000000000000000000000000000000000000000000]
ring_lhs               (sub              ) [ 000000000000000000000000000000000000000000000000000]
zext_ln275             (zext             ) [ 000000000000000000000000000000000000000000000000000]
icmp_ln277             (icmp             ) [ 000000000000000000000000000000000000000000000000000]
select_ln398           (select           ) [ 000000000000000000000000000000000000000000000000000]
select_ln398_1         (select           ) [ 000000000000000000000000000000000000000000000000000]
or_ln398               (or               ) [ 000000000000000000000000000000000000000000000000000]
or_ln398_1             (or               ) [ 000000000000000000000000000000000000000000000000000]
or_ln398_2             (or               ) [ 000000000000000000000000000000000000000000000000000]
candidate_et           (select           ) [ 000000000000000000000000000000000000000000000000000]
candidate_isolation_et (select           ) [ 000000000000000000000000000000000000000000000000000]
not_sel_tmp1           (xor              ) [ 000000000000000000000000000000000000000000000000000]
candidate_valid        (and              ) [ 000000000000000000000000000000000000000000000000000]
zext_ln379             (zext             ) [ 000000000000000000000000000000000000000000000000000]
sext_ln411             (sext             ) [ 000000000000000000000000000000000000000000000000000]
or_ln411_s             (bitconcatenate   ) [ 000000000000000000000000000000000000000000000000000]
write_ln411            (write            ) [ 000000000000000000000000000000000000000000000000000]
br_ln376               (br               ) [ 000000000000000000000000000000000000000000000000000]
ret_ln414              (ret              ) [ 000000000000000000000000000000000000000000000000000]
</LifeTime>

<model>

<comp_list>
<comp id="0" class="1000" name="towers">
<pin_list>
<pin id="1" dir="1" index="0" bw="1" slack="0"/>
</pin_list>
<bind>
<StgValue><ssdm name="towers"/><MemPortTyVec>3 1 </MemPortTyVec>
</StgValue>
</bind>
</comp>

<comp id="2" class="1000" name="seed_threshold">
<pin_list>
<pin id="3" dir="1" index="0" bw="1" slack="0"/>
</pin_list>
<bind>
<StgValue><ssdm name="seed_threshold"/></StgValue>
</bind>
</comp>

<comp id="4" class="1000" name="cluster_threshold">
<pin_list>
<pin id="5" dir="1" index="0" bw="1" slack="0"/>
</pin_list>
<bind>
<StgValue><ssdm name="cluster_threshold"/></StgValue>
</bind>
</comp>

<comp id="6" class="1000" name="jet_cluster_stream">
<pin_list>
<pin id="7" dir="1" index="0" bw="1" slack="0"/>
</pin_list>
<bind>
<StgValue><ssdm name="jet_cluster_stream"/></StgValue>
</bind>
</comp>

<comp id="8" class="1001" name="const_8">
<pin_list>
<pin id="9" dir="1" index="0" bw="1" slack="0"/>
</pin_list>
<bind>
<StgValue><ssdm name=""/></StgValue>
</bind>
</comp>

<comp id="10" class="1001" name="const_10">
<pin_list>
<pin id="11" dir="1" index="0" bw="1" slack="2147483647"/>
</pin_list>
<bind>
<StgValue><ssdm name="_ssdm_op_SpecShared"/></StgValue>
</bind>
</comp>

<comp id="12" class="1001" name="const_12">
<pin_list>
<pin id="13" dir="1" index="0" bw="1" slack="2147483647"/>
</pin_list>
<bind>
<StgValue><ssdm name="p_str"/></StgValue>
</bind>
</comp>

<comp id="14" class="1001" name="const_14">
<pin_list>
<pin id="15" dir="1" index="0" bw="1" slack="2147483647"/>
</pin_list>
<bind>
<StgValue><ssdm name="_ssdm_op_SpecBindPort"/></StgValue>
</bind>
</comp>

<comp id="16" class="1001" name="const_16">
<pin_list>
<pin id="17" dir="1" index="0" bw="1" slack="2147483647"/>
</pin_list>
<bind>
<StgValue><ssdm name="_ssdm_op_SpecInterface"/></StgValue>
</bind>
</comp>

<comp id="18" class="1001" name="const_18">
<pin_list>
<pin id="19" dir="1" index="0" bw="1" slack="2147483647"/>
</pin_list>
<bind>
<StgValue><ssdm name="empty_8"/></StgValue>
</bind>
</comp>

<comp id="20" class="1001" name="const_20">
<pin_list>
<pin id="21" dir="1" index="0" bw="1" slack="2147483647"/>
</pin_list>
<bind>
<StgValue><ssdm name=""/></StgValue>
</bind>
</comp>

<comp id="22" class="1001" name="const_22">
<pin_list>
<pin id="23" dir="1" index="0" bw="1" slack="2147483647"/>
</pin_list>
<bind>
<StgValue><ssdm name="empty_14"/></StgValue>
</bind>
</comp>

<comp id="24" class="1001" name="const_24">
<pin_list>
<pin id="25" dir="1" index="0" bw="1" slack="2147483647"/>
</pin_list>
<bind>
<StgValue><ssdm name=""/></StgValue>
</bind>
</comp>

<comp id="26" class="1001" name="const_26">
<pin_list>
<pin id="27" dir="1" index="0" bw="1" slack="2147483647"/>
</pin_list>
<bind>
<StgValue><ssdm name="empty_13"/></StgValue>
</bind>
</comp>

<comp id="28" class="1001" name="const_28">
<pin_list>
<pin id="29" dir="1" index="0" bw="1" slack="0"/>
</pin_list>
<bind>
<StgValue><ssdm name="_ssdm_op_Read.ap_auto.i20"/></StgValue>
</bind>
</comp>

<comp id="30" class="1001" name="const_30">
<pin_list>
<pin id="31" dir="1" index="0" bw="1" slack="0"/>
</pin_list>
<bind>
<StgValue><ssdm name="_ssdm_op_Read.ap_auto.i12"/></StgValue>
</bind>
</comp>

<comp id="32" class="1001" name="const_32">
<pin_list>
<pin id="33" dir="1" index="0" bw="1" slack="0"/>
</pin_list>
<bind>
<StgValue><ssdm name=""/></StgValue>
</bind>
</comp>

<comp id="34" class="1001" name="const_34">
<pin_list>
<pin id="35" dir="1" index="0" bw="1" slack="0"/>
</pin_list>
<bind>
<StgValue><ssdm name=""/></StgValue>
</bind>
</comp>

<comp id="36" class="1001" name="const_36">
<pin_list>
<pin id="37" dir="1" index="0" bw="1" slack="0"/>
</pin_list>
<bind>
<StgValue><ssdm name=""/></StgValue>
</bind>
</comp>

<comp id="38" class="1001" name="const_38">
<pin_list>
<pin id="39" dir="1" index="0" bw="1" slack="0"/>
</pin_list>
<bind>
<StgValue><ssdm name=""/></StgValue>
</bind>
</comp>

<comp id="40" class="1001" name="const_40">
<pin_list>
<pin id="41" dir="1" index="0" bw="1" slack="0"/>
</pin_list>
<bind>
<StgValue><ssdm name=""/></StgValue>
</bind>
</comp>

<comp id="42" class="1001" name="const_42">
<pin_list>
<pin id="43" dir="1" index="0" bw="1" slack="0"/>
</pin_list>
<bind>
<StgValue><ssdm name=""/></StgValue>
</bind>
</comp>

<comp id="44" class="1001" name="const_44">
<pin_list>
<pin id="45" dir="1" index="0" bw="1" slack="0"/>
</pin_list>
<bind>
<StgValue><ssdm name=""/></StgValue>
</bind>
</comp>

<comp id="46" class="1001" name="const_46">
<pin_list>
<pin id="47" dir="1" index="0" bw="1" slack="0"/>
</pin_list>
<bind>
<StgValue><ssdm name=""/></StgValue>
</bind>
</comp>

<comp id="48" class="1001" name="const_48">
<pin_list>
<pin id="49" dir="1" index="0" bw="1" slack="0"/>
</pin_list>
<bind>
<StgValue><ssdm name="_ssdm_op_BitConcatenate.i11.i5.i6"/></StgValue>
</bind>
</comp>

<comp id="50" class="1001" name="const_50">
<pin_list>
<pin id="51" dir="1" index="0" bw="1" slack="0"/>
</pin_list>
<bind>
<StgValue><ssdm name="_ssdm_op_BitConcatenate.i7.i5.i2"/></StgValue>
</bind>
</comp>

<comp id="52" class="1001" name="const_52">
<pin_list>
<pin id="53" dir="1" index="0" bw="1" slack="0"/>
</pin_list>
<bind>
<StgValue><ssdm name=""/></StgValue>
</bind>
</comp>

<comp id="54" class="1001" name="const_54">
<pin_list>
<pin id="55" dir="1" index="0" bw="1" slack="0"/>
</pin_list>
<bind>
<StgValue><ssdm name=""/></StgValue>
</bind>
</comp>

<comp id="56" class="1001" name="const_56">
<pin_list>
<pin id="57" dir="1" index="0" bw="1" slack="0"/>
</pin_list>
<bind>
<StgValue><ssdm name=""/></StgValue>
</bind>
</comp>

<comp id="58" class="1001" name="const_58">
<pin_list>
<pin id="59" dir="1" index="0" bw="1" slack="0"/>
</pin_list>
<bind>
<StgValue><ssdm name=""/></StgValue>
</bind>
</comp>

<comp id="60" class="1001" name="const_60">
<pin_list>
<pin id="61" dir="1" index="0" bw="1" slack="0"/>
</pin_list>
<bind>
<StgValue><ssdm name="_ssdm_op_BitSelect.i1.i7.i32"/></StgValue>
</bind>
</comp>

<comp id="62" class="1001" name="const_62">
<pin_list>
<pin id="63" dir="1" index="0" bw="1" slack="0"/>
</pin_list>
<bind>
<StgValue><ssdm name=""/></StgValue>
</bind>
</comp>

<comp id="64" class="1001" name="const_64">
<pin_list>
<pin id="65" dir="1" index="0" bw="1" slack="0"/>
</pin_list>
<bind>
<StgValue><ssdm name=""/></StgValue>
</bind>
</comp>

<comp id="66" class="1001" name="const_66">
<pin_list>
<pin id="67" dir="1" index="0" bw="1" slack="0"/>
</pin_list>
<bind>
<StgValue><ssdm name=""/></StgValue>
</bind>
</comp>

<comp id="68" class="1001" name="const_68">
<pin_list>
<pin id="69" dir="1" index="0" bw="1" slack="0"/>
</pin_list>
<bind>
<StgValue><ssdm name=""/></StgValue>
</bind>
</comp>

<comp id="70" class="1001" name="const_70">
<pin_list>
<pin id="71" dir="1" index="0" bw="1" slack="0"/>
</pin_list>
<bind>
<StgValue><ssdm name=""/></StgValue>
</bind>
</comp>

<comp id="72" class="1001" name="const_72">
<pin_list>
<pin id="73" dir="1" index="0" bw="1" slack="0"/>
</pin_list>
<bind>
<StgValue><ssdm name=""/></StgValue>
</bind>
</comp>

<comp id="74" class="1001" name="const_74">
<pin_list>
<pin id="75" dir="1" index="0" bw="1" slack="0"/>
</pin_list>
<bind>
<StgValue><ssdm name=""/></StgValue>
</bind>
</comp>

<comp id="76" class="1001" name="const_76">
<pin_list>
<pin id="77" dir="1" index="0" bw="1" slack="0"/>
</pin_list>
<bind>
<StgValue><ssdm name=""/></StgValue>
</bind>
</comp>

<comp id="78" class="1001" name="const_78">
<pin_list>
<pin id="79" dir="1" index="0" bw="1" slack="0"/>
</pin_list>
<bind>
<StgValue><ssdm name=""/></StgValue>
</bind>
</comp>

<comp id="80" class="1001" name="const_80">
<pin_list>
<pin id="81" dir="1" index="0" bw="1" slack="0"/>
</pin_list>
<bind>
<StgValue><ssdm name=""/></StgValue>
</bind>
</comp>

<comp id="82" class="1001" name="const_82">
<pin_list>
<pin id="83" dir="1" index="0" bw="1" slack="0"/>
</pin_list>
<bind>
<StgValue><ssdm name=""/></StgValue>
</bind>
</comp>

<comp id="84" class="1001" name="const_84">
<pin_list>
<pin id="85" dir="1" index="0" bw="1" slack="0"/>
</pin_list>
<bind>
<StgValue><ssdm name=""/></StgValue>
</bind>
</comp>

<comp id="86" class="1001" name="const_86">
<pin_list>
<pin id="87" dir="1" index="0" bw="1" slack="0"/>
</pin_list>
<bind>
<StgValue><ssdm name=""/></StgValue>
</bind>
</comp>

<comp id="88" class="1001" name="const_88">
<pin_list>
<pin id="89" dir="1" index="0" bw="1" slack="0"/>
</pin_list>
<bind>
<StgValue><ssdm name=""/></StgValue>
</bind>
</comp>

<comp id="90" class="1001" name="const_90">
<pin_list>
<pin id="91" dir="1" index="0" bw="1" slack="0"/>
</pin_list>
<bind>
<StgValue><ssdm name=""/></StgValue>
</bind>
</comp>

<comp id="92" class="1001" name="const_92">
<pin_list>
<pin id="93" dir="1" index="0" bw="1" slack="0"/>
</pin_list>
<bind>
<StgValue><ssdm name=""/></StgValue>
</bind>
</comp>

<comp id="94" class="1001" name="const_94">
<pin_list>
<pin id="95" dir="1" index="0" bw="1" slack="2147483647"/>
</pin_list>
<bind>
<StgValue><ssdm name="_ssdm_op_SpecLoopName"/></StgValue>
</bind>
</comp>

<comp id="96" class="1001" name="const_96">
<pin_list>
<pin id="97" dir="1" index="0" bw="1" slack="2147483647"/>
</pin_list>
<bind>
<StgValue><ssdm name="VITIS_LOOP_375_1_VITIS_LOOP_376_2_str"/></StgValue>
</bind>
</comp>

<comp id="98" class="1001" name="const_98">
<pin_list>
<pin id="99" dir="1" index="0" bw="1" slack="2147483647"/>
</pin_list>
<bind>
<StgValue><ssdm name="_ssdm_op_SpecLoopTripCount"/></StgValue>
</bind>
</comp>

<comp id="100" class="1001" name="const_100">
<pin_list>
<pin id="101" dir="1" index="0" bw="1" slack="2147483647"/>
</pin_list>
<bind>
<StgValue><ssdm name=""/></StgValue>
</bind>
</comp>

<comp id="102" class="1001" name="const_102">
<pin_list>
<pin id="103" dir="1" index="0" bw="1" slack="2147483647"/>
</pin_list>
<bind>
<StgValue><ssdm name="_ssdm_op_SpecPipeline"/></StgValue>
</bind>
</comp>

<comp id="104" class="1001" name="const_104">
<pin_list>
<pin id="105" dir="1" index="0" bw="1" slack="0"/>
</pin_list>
<bind>
<StgValue><ssdm name="_ssdm_op_BitConcatenate.i22.i19.i3"/></StgValue>
</bind>
</comp>

<comp id="106" class="1001" name="const_106">
<pin_list>
<pin id="107" dir="1" index="0" bw="1" slack="0"/>
</pin_list>
<bind>
<StgValue><ssdm name=""/></StgValue>
</bind>
</comp>

<comp id="108" class="1001" name="const_108">
<pin_list>
<pin id="109" dir="1" index="0" bw="1" slack="0"/>
</pin_list>
<bind>
<StgValue><ssdm name="_ssdm_op_BitConcatenate.i20.i19.i1"/></StgValue>
</bind>
</comp>

<comp id="110" class="1001" name="const_110">
<pin_list>
<pin id="111" dir="1" index="0" bw="1" slack="0"/>
</pin_list>
<bind>
<StgValue><ssdm name=""/></StgValue>
</bind>
</comp>

<comp id="112" class="1001" name="const_112">
<pin_list>
<pin id="113" dir="1" index="0" bw="1" slack="0"/>
</pin_list>
<bind>
<StgValue><ssdm name=""/></StgValue>
</bind>
</comp>

<comp id="114" class="1001" name="const_114">
<pin_list>
<pin id="115" dir="1" index="0" bw="1" slack="0"/>
</pin_list>
<bind>
<StgValue><ssdm name=""/></StgValue>
</bind>
</comp>

<comp id="116" class="1001" name="const_116">
<pin_list>
<pin id="117" dir="1" index="0" bw="1" slack="0"/>
</pin_list>
<bind>
<StgValue><ssdm name="_ssdm_op_BitConcatenate.i61.i1.i8.i6.i1.i5.i20.i20"/></StgValue>
</bind>
</comp>

<comp id="118" class="1001" name="const_118">
<pin_list>
<pin id="119" dir="1" index="0" bw="1" slack="0"/>
</pin_list>
<bind>
<StgValue><ssdm name=""/></StgValue>
</bind>
</comp>

<comp id="120" class="1001" name="const_120">
<pin_list>
<pin id="121" dir="1" index="0" bw="1" slack="0"/>
</pin_list>
<bind>
<StgValue><ssdm name="_ssdm_op_Write.ap_fifo.volatile.i61P0A"/></StgValue>
</bind>
</comp>

<comp id="122" class="1004" name="phi_idx_3_fu_122">
<pin_list>
<pin id="123" dir="0" index="0" bw="1" slack="0"/>
<pin id="124" dir="1" index="1" bw="6" slack="0"/>
</pin_list>
<bind>
<opcode="alloca(26) " fcode="alloca"/>
<opset="phi_idx_3/1 "/>
</bind>
</comp>

<comp id="126" class="1004" name="eta_fu_126">
<pin_list>
<pin id="127" dir="0" index="0" bw="1" slack="0"/>
<pin id="128" dir="1" index="1" bw="5" slack="0"/>
</pin_list>
<bind>
<opcode="alloca(26) " fcode="alloca"/>
<opset="eta/1 "/>
</bind>
</comp>

<comp id="130" class="1004" name="indvar_flatten_fu_130">
<pin_list>
<pin id="131" dir="0" index="0" bw="1" slack="0"/>
<pin id="132" dir="1" index="1" bw="11" slack="0"/>
</pin_list>
<bind>
<opcode="alloca(26) " fcode="alloca"/>
<opset="indvar_flatten/1 "/>
</bind>
</comp>

<comp id="134" class="1004" name="cluster_threshold_read_read_fu_134">
<pin_list>
<pin id="135" dir="0" index="0" bw="20" slack="0"/>
<pin id="136" dir="0" index="1" bw="20" slack="0"/>
<pin id="137" dir="1" index="2" bw="20" slack="49"/>
</pin_list>
<bind>
<opcode="read(1150) " fcode="read"/>
<opset="cluster_threshold_read/1 "/>
</bind>
</comp>

<comp id="140" class="1004" name="seed_threshold_read_read_fu_140">
<pin_list>
<pin id="141" dir="0" index="0" bw="12" slack="0"/>
<pin id="142" dir="0" index="1" bw="12" slack="0"/>
<pin id="143" dir="1" index="2" bw="12" slack="1"/>
</pin_list>
<bind>
<opcode="read(1150) " fcode="read"/>
<opset="seed_threshold_read/1 "/>
</bind>
</comp>

<comp id="146" class="1004" name="write_ln411_write_fu_146">
<pin_list>
<pin id="147" dir="0" index="0" bw="0" slack="0"/>
<pin id="148" dir="0" index="1" bw="61" slack="0"/>
<pin id="149" dir="0" index="2" bw="61" slack="0"/>
<pin id="150" dir="1" index="3" bw="0" slack="2147483647"/>
</pin_list>
<bind>
<opcode="write(1151) " fcode="write"/>
<opset="write_ln411/50 "/>
</bind>
</comp>

<comp id="153" class="1004" name="towers_addr_gep_fu_153">
<pin_list>
<pin id="154" dir="0" index="0" bw="12" slack="0"/>
<pin id="155" dir="0" index="1" bw="1" slack="0"/>
<pin id="156" dir="0" index="2" bw="11" slack="0"/>
<pin id="157" dir="1" index="3" bw="11" slack="0"/>
</pin_list>
<bind>
<opcode="getelementptr(29) " fcode="getelementptr"/>
<opset="towers_addr/1 "/>
</bind>
</comp>

<comp id="160" class="1004" name="grp_access_fu_160">
<pin_list>
<pin id="161" dir="0" index="0" bw="11" slack="2147483647"/>
<pin id="162" dir="0" index="1" bw="12" slack="2147483647"/>
<pin id="163" dir="0" index="2" bw="0" slack="0"/>
<pin id="165" dir="0" index="4" bw="11" slack="2147483647"/>
<pin id="166" dir="0" index="5" bw="12" slack="2147483647"/>
<pin id="167" dir="0" index="6" bw="0" slack="2147483647"/>
<pin id="164" dir="1" index="3" bw="12" slack="2147483647"/>
<pin id="168" dir="1" index="7" bw="12" slack="0"/>
</pin_list>
<bind>
<opcode="load(27) " fcode="load"/>
<opset="seed_et/1 neighbor/2 neighbor_1/3 neighbor_2/4 neighbor_3/5 neighbor_4/6 neighbor_5/7 neighbor_6/8 neighbor_7/9 neighbor_8/10 neighbor_9/11 neighbor_10/12 neighbor_11/13 neighbor_12/14 neighbor_13/15 neighbor_14/16 neighbor_15/17 neighbor_16/18 neighbor_17/19 neighbor_18/20 neighbor_19/21 neighbor_20/22 neighbor_21/23 neighbor_22/24 neighbor_23/25 neighbor_24/26 neighbor_25/27 neighbor_26/28 neighbor_27/29 neighbor_28/30 neighbor_29/31 neighbor_30/32 neighbor_31/33 neighbor_32/34 neighbor_33/35 neighbor_34/36 neighbor_35/37 neighbor_36/38 neighbor_37/39 neighbor_38/40 neighbor_39/41 neighbor_40/42 neighbor_41/43 neighbor_42/44 neighbor_43/45 neighbor_44/46 neighbor_45/47 neighbor_46/48 neighbor_47/49 "/>
</bind>
</comp>

<comp id="170" class="1004" name="towers_addr_1_gep_fu_170">
<pin_list>
<pin id="171" dir="0" index="0" bw="12" slack="0"/>
<pin id="172" dir="0" index="1" bw="1" slack="0"/>
<pin id="173" dir="0" index="2" bw="11" slack="0"/>
<pin id="174" dir="1" index="3" bw="11" slack="0"/>
</pin_list>
<bind>
<opcode="getelementptr(29) " fcode="getelementptr"/>
<opset="towers_addr_1/2 "/>
</bind>
</comp>

<comp id="178" class="1004" name="towers_addr_2_gep_fu_178">
<pin_list>
<pin id="179" dir="0" index="0" bw="12" slack="0"/>
<pin id="180" dir="0" index="1" bw="1" slack="0"/>
<pin id="181" dir="0" index="2" bw="11" slack="0"/>
<pin id="182" dir="1" index="3" bw="11" slack="0"/>
</pin_list>
<bind>
<opcode="getelementptr(29) " fcode="getelementptr"/>
<opset="towers_addr_2/3 "/>
</bind>
</comp>

<comp id="186" class="1004" name="towers_addr_3_gep_fu_186">
<pin_list>
<pin id="187" dir="0" index="0" bw="12" slack="0"/>
<pin id="188" dir="0" index="1" bw="1" slack="0"/>
<pin id="189" dir="0" index="2" bw="11" slack="0"/>
<pin id="190" dir="1" index="3" bw="11" slack="0"/>
</pin_list>
<bind>
<opcode="getelementptr(29) " fcode="getelementptr"/>
<opset="towers_addr_3/4 "/>
</bind>
</comp>

<comp id="194" class="1004" name="towers_addr_4_gep_fu_194">
<pin_list>
<pin id="195" dir="0" index="0" bw="12" slack="0"/>
<pin id="196" dir="0" index="1" bw="1" slack="0"/>
<pin id="197" dir="0" index="2" bw="11" slack="0"/>
<pin id="198" dir="1" index="3" bw="11" slack="0"/>
</pin_list>
<bind>
<opcode="getelementptr(29) " fcode="getelementptr"/>
<opset="towers_addr_4/5 "/>
</bind>
</comp>

<comp id="202" class="1004" name="towers_addr_5_gep_fu_202">
<pin_list>
<pin id="203" dir="0" index="0" bw="12" slack="0"/>
<pin id="204" dir="0" index="1" bw="1" slack="0"/>
<pin id="205" dir="0" index="2" bw="11" slack="0"/>
<pin id="206" dir="1" index="3" bw="11" slack="0"/>
</pin_list>
<bind>
<opcode="getelementptr(29) " fcode="getelementptr"/>
<opset="towers_addr_5/6 "/>
</bind>
</comp>

<comp id="210" class="1004" name="towers_addr_6_gep_fu_210">
<pin_list>
<pin id="211" dir="0" index="0" bw="12" slack="0"/>
<pin id="212" dir="0" index="1" bw="1" slack="0"/>
<pin id="213" dir="0" index="2" bw="11" slack="0"/>
<pin id="214" dir="1" index="3" bw="11" slack="0"/>
</pin_list>
<bind>
<opcode="getelementptr(29) " fcode="getelementptr"/>
<opset="towers_addr_6/7 "/>
</bind>
</comp>

<comp id="218" class="1004" name="towers_addr_7_gep_fu_218">
<pin_list>
<pin id="219" dir="0" index="0" bw="12" slack="0"/>
<pin id="220" dir="0" index="1" bw="1" slack="0"/>
<pin id="221" dir="0" index="2" bw="11" slack="0"/>
<pin id="222" dir="1" index="3" bw="11" slack="0"/>
</pin_list>
<bind>
<opcode="getelementptr(29) " fcode="getelementptr"/>
<opset="towers_addr_7/8 "/>
</bind>
</comp>

<comp id="226" class="1004" name="towers_addr_8_gep_fu_226">
<pin_list>
<pin id="227" dir="0" index="0" bw="12" slack="0"/>
<pin id="228" dir="0" index="1" bw="1" slack="0"/>
<pin id="229" dir="0" index="2" bw="11" slack="0"/>
<pin id="230" dir="1" index="3" bw="11" slack="0"/>
</pin_list>
<bind>
<opcode="getelementptr(29) " fcode="getelementptr"/>
<opset="towers_addr_8/9 "/>
</bind>
</comp>

<comp id="234" class="1004" name="towers_addr_9_gep_fu_234">
<pin_list>
<pin id="235" dir="0" index="0" bw="12" slack="0"/>
<pin id="236" dir="0" index="1" bw="1" slack="0"/>
<pin id="237" dir="0" index="2" bw="11" slack="0"/>
<pin id="238" dir="1" index="3" bw="11" slack="0"/>
</pin_list>
<bind>
<opcode="getelementptr(29) " fcode="getelementptr"/>
<opset="towers_addr_9/10 "/>
</bind>
</comp>

<comp id="242" class="1004" name="towers_addr_10_gep_fu_242">
<pin_list>
<pin id="243" dir="0" index="0" bw="12" slack="0"/>
<pin id="244" dir="0" index="1" bw="1" slack="0"/>
<pin id="245" dir="0" index="2" bw="11" slack="0"/>
<pin id="246" dir="1" index="3" bw="11" slack="0"/>
</pin_list>
<bind>
<opcode="getelementptr(29) " fcode="getelementptr"/>
<opset="towers_addr_10/11 "/>
</bind>
</comp>

<comp id="250" class="1004" name="towers_addr_11_gep_fu_250">
<pin_list>
<pin id="251" dir="0" index="0" bw="12" slack="0"/>
<pin id="252" dir="0" index="1" bw="1" slack="0"/>
<pin id="253" dir="0" index="2" bw="11" slack="0"/>
<pin id="254" dir="1" index="3" bw="11" slack="0"/>
</pin_list>
<bind>
<opcode="getelementptr(29) " fcode="getelementptr"/>
<opset="towers_addr_11/12 "/>
</bind>
</comp>

<comp id="258" class="1004" name="towers_addr_12_gep_fu_258">
<pin_list>
<pin id="259" dir="0" index="0" bw="12" slack="0"/>
<pin id="260" dir="0" index="1" bw="1" slack="0"/>
<pin id="261" dir="0" index="2" bw="11" slack="0"/>
<pin id="262" dir="1" index="3" bw="11" slack="0"/>
</pin_list>
<bind>
<opcode="getelementptr(29) " fcode="getelementptr"/>
<opset="towers_addr_12/13 "/>
</bind>
</comp>

<comp id="266" class="1004" name="towers_addr_13_gep_fu_266">
<pin_list>
<pin id="267" dir="0" index="0" bw="12" slack="0"/>
<pin id="268" dir="0" index="1" bw="1" slack="0"/>
<pin id="269" dir="0" index="2" bw="11" slack="0"/>
<pin id="270" dir="1" index="3" bw="11" slack="0"/>
</pin_list>
<bind>
<opcode="getelementptr(29) " fcode="getelementptr"/>
<opset="towers_addr_13/14 "/>
</bind>
</comp>

<comp id="274" class="1004" name="towers_addr_14_gep_fu_274">
<pin_list>
<pin id="275" dir="0" index="0" bw="12" slack="0"/>
<pin id="276" dir="0" index="1" bw="1" slack="0"/>
<pin id="277" dir="0" index="2" bw="11" slack="0"/>
<pin id="278" dir="1" index="3" bw="11" slack="0"/>
</pin_list>
<bind>
<opcode="getelementptr(29) " fcode="getelementptr"/>
<opset="towers_addr_14/15 "/>
</bind>
</comp>

<comp id="282" class="1004" name="towers_addr_15_gep_fu_282">
<pin_list>
<pin id="283" dir="0" index="0" bw="12" slack="0"/>
<pin id="284" dir="0" index="1" bw="1" slack="0"/>
<pin id="285" dir="0" index="2" bw="11" slack="0"/>
<pin id="286" dir="1" index="3" bw="11" slack="0"/>
</pin_list>
<bind>
<opcode="getelementptr(29) " fcode="getelementptr"/>
<opset="towers_addr_15/16 "/>
</bind>
</comp>

<comp id="290" class="1004" name="towers_addr_16_gep_fu_290">
<pin_list>
<pin id="291" dir="0" index="0" bw="12" slack="0"/>
<pin id="292" dir="0" index="1" bw="1" slack="0"/>
<pin id="293" dir="0" index="2" bw="11" slack="0"/>
<pin id="294" dir="1" index="3" bw="11" slack="0"/>
</pin_list>
<bind>
<opcode="getelementptr(29) " fcode="getelementptr"/>
<opset="towers_addr_16/17 "/>
</bind>
</comp>

<comp id="298" class="1004" name="towers_addr_17_gep_fu_298">
<pin_list>
<pin id="299" dir="0" index="0" bw="12" slack="0"/>
<pin id="300" dir="0" index="1" bw="1" slack="0"/>
<pin id="301" dir="0" index="2" bw="11" slack="0"/>
<pin id="302" dir="1" index="3" bw="11" slack="0"/>
</pin_list>
<bind>
<opcode="getelementptr(29) " fcode="getelementptr"/>
<opset="towers_addr_17/18 "/>
</bind>
</comp>

<comp id="306" class="1004" name="towers_addr_18_gep_fu_306">
<pin_list>
<pin id="307" dir="0" index="0" bw="12" slack="0"/>
<pin id="308" dir="0" index="1" bw="1" slack="0"/>
<pin id="309" dir="0" index="2" bw="11" slack="0"/>
<pin id="310" dir="1" index="3" bw="11" slack="0"/>
</pin_list>
<bind>
<opcode="getelementptr(29) " fcode="getelementptr"/>
<opset="towers_addr_18/19 "/>
</bind>
</comp>

<comp id="314" class="1004" name="towers_addr_19_gep_fu_314">
<pin_list>
<pin id="315" dir="0" index="0" bw="12" slack="0"/>
<pin id="316" dir="0" index="1" bw="1" slack="0"/>
<pin id="317" dir="0" index="2" bw="11" slack="0"/>
<pin id="318" dir="1" index="3" bw="11" slack="0"/>
</pin_list>
<bind>
<opcode="getelementptr(29) " fcode="getelementptr"/>
<opset="towers_addr_19/20 "/>
</bind>
</comp>

<comp id="322" class="1004" name="towers_addr_20_gep_fu_322">
<pin_list>
<pin id="323" dir="0" index="0" bw="12" slack="0"/>
<pin id="324" dir="0" index="1" bw="1" slack="0"/>
<pin id="325" dir="0" index="2" bw="11" slack="0"/>
<pin id="326" dir="1" index="3" bw="11" slack="0"/>
</pin_list>
<bind>
<opcode="getelementptr(29) " fcode="getelementptr"/>
<opset="towers_addr_20/21 "/>
</bind>
</comp>

<comp id="330" class="1004" name="towers_addr_21_gep_fu_330">
<pin_list>
<pin id="331" dir="0" index="0" bw="12" slack="0"/>
<pin id="332" dir="0" index="1" bw="1" slack="0"/>
<pin id="333" dir="0" index="2" bw="11" slack="0"/>
<pin id="334" dir="1" index="3" bw="11" slack="0"/>
</pin_list>
<bind>
<opcode="getelementptr(29) " fcode="getelementptr"/>
<opset="towers_addr_21/22 "/>
</bind>
</comp>

<comp id="338" class="1004" name="towers_addr_22_gep_fu_338">
<pin_list>
<pin id="339" dir="0" index="0" bw="12" slack="0"/>
<pin id="340" dir="0" index="1" bw="1" slack="0"/>
<pin id="341" dir="0" index="2" bw="11" slack="0"/>
<pin id="342" dir="1" index="3" bw="11" slack="0"/>
</pin_list>
<bind>
<opcode="getelementptr(29) " fcode="getelementptr"/>
<opset="towers_addr_22/23 "/>
</bind>
</comp>

<comp id="346" class="1004" name="towers_addr_23_gep_fu_346">
<pin_list>
<pin id="347" dir="0" index="0" bw="12" slack="0"/>
<pin id="348" dir="0" index="1" bw="1" slack="0"/>
<pin id="349" dir="0" index="2" bw="11" slack="0"/>
<pin id="350" dir="1" index="3" bw="11" slack="0"/>
</pin_list>
<bind>
<opcode="getelementptr(29) " fcode="getelementptr"/>
<opset="towers_addr_23/24 "/>
</bind>
</comp>

<comp id="354" class="1004" name="towers_addr_24_gep_fu_354">
<pin_list>
<pin id="355" dir="0" index="0" bw="12" slack="0"/>
<pin id="356" dir="0" index="1" bw="1" slack="0"/>
<pin id="357" dir="0" index="2" bw="11" slack="0"/>
<pin id="358" dir="1" index="3" bw="11" slack="0"/>
</pin_list>
<bind>
<opcode="getelementptr(29) " fcode="getelementptr"/>
<opset="towers_addr_24/25 "/>
</bind>
</comp>

<comp id="362" class="1004" name="towers_addr_25_gep_fu_362">
<pin_list>
<pin id="363" dir="0" index="0" bw="12" slack="0"/>
<pin id="364" dir="0" index="1" bw="1" slack="0"/>
<pin id="365" dir="0" index="2" bw="11" slack="0"/>
<pin id="366" dir="1" index="3" bw="11" slack="0"/>
</pin_list>
<bind>
<opcode="getelementptr(29) " fcode="getelementptr"/>
<opset="towers_addr_25/26 "/>
</bind>
</comp>

<comp id="370" class="1004" name="towers_addr_26_gep_fu_370">
<pin_list>
<pin id="371" dir="0" index="0" bw="12" slack="0"/>
<pin id="372" dir="0" index="1" bw="1" slack="0"/>
<pin id="373" dir="0" index="2" bw="11" slack="0"/>
<pin id="374" dir="1" index="3" bw="11" slack="0"/>
</pin_list>
<bind>
<opcode="getelementptr(29) " fcode="getelementptr"/>
<opset="towers_addr_26/27 "/>
</bind>
</comp>

<comp id="378" class="1004" name="towers_addr_27_gep_fu_378">
<pin_list>
<pin id="379" dir="0" index="0" bw="12" slack="0"/>
<pin id="380" dir="0" index="1" bw="1" slack="0"/>
<pin id="381" dir="0" index="2" bw="11" slack="0"/>
<pin id="382" dir="1" index="3" bw="11" slack="0"/>
</pin_list>
<bind>
<opcode="getelementptr(29) " fcode="getelementptr"/>
<opset="towers_addr_27/28 "/>
</bind>
</comp>

<comp id="386" class="1004" name="towers_addr_28_gep_fu_386">
<pin_list>
<pin id="387" dir="0" index="0" bw="12" slack="0"/>
<pin id="388" dir="0" index="1" bw="1" slack="0"/>
<pin id="389" dir="0" index="2" bw="11" slack="0"/>
<pin id="390" dir="1" index="3" bw="11" slack="0"/>
</pin_list>
<bind>
<opcode="getelementptr(29) " fcode="getelementptr"/>
<opset="towers_addr_28/29 "/>
</bind>
</comp>

<comp id="394" class="1004" name="towers_addr_29_gep_fu_394">
<pin_list>
<pin id="395" dir="0" index="0" bw="12" slack="0"/>
<pin id="396" dir="0" index="1" bw="1" slack="0"/>
<pin id="397" dir="0" index="2" bw="11" slack="0"/>
<pin id="398" dir="1" index="3" bw="11" slack="0"/>
</pin_list>
<bind>
<opcode="getelementptr(29) " fcode="getelementptr"/>
<opset="towers_addr_29/30 "/>
</bind>
</comp>

<comp id="402" class="1004" name="towers_addr_30_gep_fu_402">
<pin_list>
<pin id="403" dir="0" index="0" bw="12" slack="0"/>
<pin id="404" dir="0" index="1" bw="1" slack="0"/>
<pin id="405" dir="0" index="2" bw="11" slack="0"/>
<pin id="406" dir="1" index="3" bw="11" slack="0"/>
</pin_list>
<bind>
<opcode="getelementptr(29) " fcode="getelementptr"/>
<opset="towers_addr_30/31 "/>
</bind>
</comp>

<comp id="410" class="1004" name="towers_addr_31_gep_fu_410">
<pin_list>
<pin id="411" dir="0" index="0" bw="12" slack="0"/>
<pin id="412" dir="0" index="1" bw="1" slack="0"/>
<pin id="413" dir="0" index="2" bw="11" slack="0"/>
<pin id="414" dir="1" index="3" bw="11" slack="0"/>
</pin_list>
<bind>
<opcode="getelementptr(29) " fcode="getelementptr"/>
<opset="towers_addr_31/32 "/>
</bind>
</comp>

<comp id="418" class="1004" name="towers_addr_32_gep_fu_418">
<pin_list>
<pin id="419" dir="0" index="0" bw="12" slack="0"/>
<pin id="420" dir="0" index="1" bw="1" slack="0"/>
<pin id="421" dir="0" index="2" bw="11" slack="0"/>
<pin id="422" dir="1" index="3" bw="11" slack="0"/>
</pin_list>
<bind>
<opcode="getelementptr(29) " fcode="getelementptr"/>
<opset="towers_addr_32/33 "/>
</bind>
</comp>

<comp id="426" class="1004" name="towers_addr_33_gep_fu_426">
<pin_list>
<pin id="427" dir="0" index="0" bw="12" slack="0"/>
<pin id="428" dir="0" index="1" bw="1" slack="0"/>
<pin id="429" dir="0" index="2" bw="11" slack="0"/>
<pin id="430" dir="1" index="3" bw="11" slack="0"/>
</pin_list>
<bind>
<opcode="getelementptr(29) " fcode="getelementptr"/>
<opset="towers_addr_33/34 "/>
</bind>
</comp>

<comp id="434" class="1004" name="towers_addr_34_gep_fu_434">
<pin_list>
<pin id="435" dir="0" index="0" bw="12" slack="0"/>
<pin id="436" dir="0" index="1" bw="1" slack="0"/>
<pin id="437" dir="0" index="2" bw="11" slack="0"/>
<pin id="438" dir="1" index="3" bw="11" slack="0"/>
</pin_list>
<bind>
<opcode="getelementptr(29) " fcode="getelementptr"/>
<opset="towers_addr_34/35 "/>
</bind>
</comp>

<comp id="442" class="1004" name="towers_addr_35_gep_fu_442">
<pin_list>
<pin id="443" dir="0" index="0" bw="12" slack="0"/>
<pin id="444" dir="0" index="1" bw="1" slack="0"/>
<pin id="445" dir="0" index="2" bw="11" slack="0"/>
<pin id="446" dir="1" index="3" bw="11" slack="0"/>
</pin_list>
<bind>
<opcode="getelementptr(29) " fcode="getelementptr"/>
<opset="towers_addr_35/36 "/>
</bind>
</comp>

<comp id="450" class="1004" name="towers_addr_36_gep_fu_450">
<pin_list>
<pin id="451" dir="0" index="0" bw="12" slack="0"/>
<pin id="452" dir="0" index="1" bw="1" slack="0"/>
<pin id="453" dir="0" index="2" bw="11" slack="0"/>
<pin id="454" dir="1" index="3" bw="11" slack="0"/>
</pin_list>
<bind>
<opcode="getelementptr(29) " fcode="getelementptr"/>
<opset="towers_addr_36/37 "/>
</bind>
</comp>

<comp id="458" class="1004" name="towers_addr_37_gep_fu_458">
<pin_list>
<pin id="459" dir="0" index="0" bw="12" slack="0"/>
<pin id="460" dir="0" index="1" bw="1" slack="0"/>
<pin id="461" dir="0" index="2" bw="11" slack="0"/>
<pin id="462" dir="1" index="3" bw="11" slack="0"/>
</pin_list>
<bind>
<opcode="getelementptr(29) " fcode="getelementptr"/>
<opset="towers_addr_37/38 "/>
</bind>
</comp>

<comp id="466" class="1004" name="towers_addr_38_gep_fu_466">
<pin_list>
<pin id="467" dir="0" index="0" bw="12" slack="0"/>
<pin id="468" dir="0" index="1" bw="1" slack="0"/>
<pin id="469" dir="0" index="2" bw="11" slack="0"/>
<pin id="470" dir="1" index="3" bw="11" slack="0"/>
</pin_list>
<bind>
<opcode="getelementptr(29) " fcode="getelementptr"/>
<opset="towers_addr_38/39 "/>
</bind>
</comp>

<comp id="474" class="1004" name="towers_addr_39_gep_fu_474">
<pin_list>
<pin id="475" dir="0" index="0" bw="12" slack="0"/>
<pin id="476" dir="0" index="1" bw="1" slack="0"/>
<pin id="477" dir="0" index="2" bw="11" slack="0"/>
<pin id="478" dir="1" index="3" bw="11" slack="0"/>
</pin_list>
<bind>
<opcode="getelementptr(29) " fcode="getelementptr"/>
<opset="towers_addr_39/40 "/>
</bind>
</comp>

<comp id="482" class="1004" name="towers_addr_40_gep_fu_482">
<pin_list>
<pin id="483" dir="0" index="0" bw="12" slack="0"/>
<pin id="484" dir="0" index="1" bw="1" slack="0"/>
<pin id="485" dir="0" index="2" bw="11" slack="0"/>
<pin id="486" dir="1" index="3" bw="11" slack="0"/>
</pin_list>
<bind>
<opcode="getelementptr(29) " fcode="getelementptr"/>
<opset="towers_addr_40/41 "/>
</bind>
</comp>

<comp id="490" class="1004" name="towers_addr_41_gep_fu_490">
<pin_list>
<pin id="491" dir="0" index="0" bw="12" slack="0"/>
<pin id="492" dir="0" index="1" bw="1" slack="0"/>
<pin id="493" dir="0" index="2" bw="11" slack="0"/>
<pin id="494" dir="1" index="3" bw="11" slack="0"/>
</pin_list>
<bind>
<opcode="getelementptr(29) " fcode="getelementptr"/>
<opset="towers_addr_41/42 "/>
</bind>
</comp>

<comp id="498" class="1004" name="towers_addr_42_gep_fu_498">
<pin_list>
<pin id="499" dir="0" index="0" bw="12" slack="0"/>
<pin id="500" dir="0" index="1" bw="1" slack="0"/>
<pin id="501" dir="0" index="2" bw="11" slack="0"/>
<pin id="502" dir="1" index="3" bw="11" slack="0"/>
</pin_list>
<bind>
<opcode="getelementptr(29) " fcode="getelementptr"/>
<opset="towers_addr_42/43 "/>
</bind>
</comp>

<comp id="506" class="1004" name="towers_addr_43_gep_fu_506">
<pin_list>
<pin id="507" dir="0" index="0" bw="12" slack="0"/>
<pin id="508" dir="0" index="1" bw="1" slack="0"/>
<pin id="509" dir="0" index="2" bw="11" slack="0"/>
<pin id="510" dir="1" index="3" bw="11" slack="0"/>
</pin_list>
<bind>
<opcode="getelementptr(29) " fcode="getelementptr"/>
<opset="towers_addr_43/44 "/>
</bind>
</comp>

<comp id="514" class="1004" name="towers_addr_44_gep_fu_514">
<pin_list>
<pin id="515" dir="0" index="0" bw="12" slack="0"/>
<pin id="516" dir="0" index="1" bw="1" slack="0"/>
<pin id="517" dir="0" index="2" bw="11" slack="0"/>
<pin id="518" dir="1" index="3" bw="11" slack="0"/>
</pin_list>
<bind>
<opcode="getelementptr(29) " fcode="getelementptr"/>
<opset="towers_addr_44/45 "/>
</bind>
</comp>

<comp id="522" class="1004" name="towers_addr_45_gep_fu_522">
<pin_list>
<pin id="523" dir="0" index="0" bw="12" slack="0"/>
<pin id="524" dir="0" index="1" bw="1" slack="0"/>
<pin id="525" dir="0" index="2" bw="11" slack="0"/>
<pin id="526" dir="1" index="3" bw="11" slack="0"/>
</pin_list>
<bind>
<opcode="getelementptr(29) " fcode="getelementptr"/>
<opset="towers_addr_45/46 "/>
</bind>
</comp>

<comp id="530" class="1004" name="towers_addr_46_gep_fu_530">
<pin_list>
<pin id="531" dir="0" index="0" bw="12" slack="0"/>
<pin id="532" dir="0" index="1" bw="1" slack="0"/>
<pin id="533" dir="0" index="2" bw="11" slack="0"/>
<pin id="534" dir="1" index="3" bw="11" slack="0"/>
</pin_list>
<bind>
<opcode="getelementptr(29) " fcode="getelementptr"/>
<opset="towers_addr_46/47 "/>
</bind>
</comp>

<comp id="538" class="1004" name="towers_addr_47_gep_fu_538">
<pin_list>
<pin id="539" dir="0" index="0" bw="12" slack="0"/>
<pin id="540" dir="0" index="1" bw="1" slack="0"/>
<pin id="541" dir="0" index="2" bw="11" slack="0"/>
<pin id="542" dir="1" index="3" bw="11" slack="0"/>
</pin_list>
<bind>
<opcode="getelementptr(29) " fcode="getelementptr"/>
<opset="towers_addr_47/48 "/>
</bind>
</comp>

<comp id="546" class="1004" name="towers_addr_48_gep_fu_546">
<pin_list>
<pin id="547" dir="0" index="0" bw="12" slack="0"/>
<pin id="548" dir="0" index="1" bw="1" slack="0"/>
<pin id="549" dir="0" index="2" bw="11" slack="0"/>
<pin id="550" dir="1" index="3" bw="11" slack="0"/>
</pin_list>
<bind>
<opcode="getelementptr(29) " fcode="getelementptr"/>
<opset="towers_addr_48/49 "/>
</bind>
</comp>

<comp id="554" class="1004" name="grp_fu_554">
<pin_list>
<pin id="555" dir="0" index="0" bw="12" slack="0"/>
<pin id="556" dir="0" index="1" bw="12" slack="6"/>
<pin id="557" dir="1" index="2" bw="1" slack="0"/>
</pin_list>
<bind>
<opcode="icmp(45) " fcode="icmp"/>
<opset="icmp_ln220_4/8 icmp_ln220_5/9 icmp_ln220_7/15 icmp_ln220_8/16 icmp_ln220_9/17 icmp_ln220_10/18 "/>
</bind>
</comp>

<comp id="559" class="1004" name="grp_fu_559">
<pin_list>
<pin id="560" dir="0" index="0" bw="12" slack="6"/>
<pin id="561" dir="0" index="1" bw="12" slack="0"/>
<pin id="562" dir="1" index="2" bw="1" slack="0"/>
</pin_list>
<bind>
<opcode="icmp(45) " fcode="icmp"/>
<opset="icmp_ln218_4/8 icmp_ln218_7/15 icmp_ln218_9/17 icmp_ln218_14/29 icmp_ln218_16/31 icmp_ln218_18/33 icmp_ln218_21/36 icmp_ln218_24/39 icmp_ln218_25/40 icmp_ln218_26/41 icmp_ln218_27/42 icmp_ln218_28/43 icmp_ln218_31/46 icmp_ln218_32/47 icmp_ln218_34/49 "/>
</bind>
</comp>

<comp id="564" class="1004" name="grp_fu_564">
<pin_list>
<pin id="565" dir="0" index="0" bw="12" slack="0"/>
<pin id="566" dir="0" index="1" bw="12" slack="9"/>
<pin id="567" dir="1" index="2" bw="1" slack="0"/>
</pin_list>
<bind>
<opcode="icmp(45) " fcode="icmp"/>
<opset="icmp_ln218_35/11 icmp_ln218_36/12 icmp_ln218_37/13 icmp_ln218_39/20 icmp_ln218_42/23 icmp_ln218_43/24 icmp_ln218_44/25 "/>
</bind>
</comp>

<comp id="569" class="1005" name="reg_569">
<pin_list>
<pin id="570" dir="0" index="0" bw="12" slack="1"/>
<pin id="571" dir="1" index="1" bw="12" slack="1"/>
</pin_list>
<bind>
<opset="neighbor_2 neighbor_41 neighbor_45 "/>
</bind>
</comp>

<comp id="573" class="1005" name="reg_573">
<pin_list>
<pin id="574" dir="0" index="0" bw="12" slack="1"/>
<pin id="575" dir="1" index="1" bw="12" slack="1"/>
</pin_list>
<bind>
<opset="neighbor_3 neighbor_11 neighbor_13 neighbor_15 neighbor_18 neighbor_21 neighbor_23 neighbor_31 neighbor_34 "/>
</bind>
</comp>

<comp id="577" class="1005" name="reg_577">
<pin_list>
<pin id="578" dir="0" index="0" bw="12" slack="1"/>
<pin id="579" dir="1" index="1" bw="12" slack="1"/>
</pin_list>
<bind>
<opset="neighbor_4 neighbor_6 neighbor_16 neighbor_19 neighbor_24 neighbor_32 neighbor_35 neighbor_37 neighbor_42 "/>
</bind>
</comp>

<comp id="581" class="1005" name="reg_581">
<pin_list>
<pin id="582" dir="0" index="0" bw="12" slack="1"/>
<pin id="583" dir="1" index="1" bw="12" slack="1"/>
</pin_list>
<bind>
<opset="neighbor_7 neighbor_25 neighbor_27 neighbor_29 "/>
</bind>
</comp>

<comp id="585" class="1004" name="grp_fu_585">
<pin_list>
<pin id="586" dir="0" index="0" bw="12" slack="6"/>
<pin id="587" dir="0" index="1" bw="12" slack="1"/>
<pin id="588" dir="1" index="2" bw="1" slack="0"/>
</pin_list>
<bind>
<opcode="icmp(45) " fcode="icmp"/>
<opset="icmp_ln218_1/8 icmp_ln218_29/47 icmp_ln218_33/49 "/>
</bind>
</comp>

<comp id="590" class="1004" name="grp_fu_590">
<pin_list>
<pin id="591" dir="0" index="0" bw="12" slack="6"/>
<pin id="592" dir="0" index="1" bw="12" slack="1"/>
<pin id="593" dir="1" index="2" bw="1" slack="0"/>
</pin_list>
<bind>
<opcode="icmp(45) " fcode="icmp"/>
<opset="icmp_ln218_2/8 icmp_ln218_8/17 icmp_ln218_10/20 icmp_ln218_19/36 icmp_ln218_22/40 "/>
</bind>
</comp>

<comp id="595" class="1004" name="grp_fu_595">
<pin_list>
<pin id="596" dir="0" index="0" bw="12" slack="1"/>
<pin id="597" dir="0" index="1" bw="12" slack="6"/>
<pin id="598" dir="1" index="2" bw="1" slack="0"/>
</pin_list>
<bind>
<opcode="icmp(45) " fcode="icmp"/>
<opset="icmp_ln220_3/8 icmp_ln220_11/20 "/>
</bind>
</comp>

<comp id="600" class="1004" name="grp_fu_600">
<pin_list>
<pin id="601" dir="0" index="0" bw="12" slack="6"/>
<pin id="602" dir="0" index="1" bw="12" slack="1"/>
<pin id="603" dir="1" index="2" bw="1" slack="0"/>
</pin_list>
<bind>
<opcode="icmp(45) " fcode="icmp"/>
<opset="icmp_ln218_3/8 icmp_ln218_5/11 icmp_ln218_11/20 icmp_ln218_12/31 icmp_ln218_20/36 icmp_ln218_23/39 icmp_ln218_30/47 "/>
</bind>
</comp>

<comp id="605" class="1004" name="grp_fu_605">
<pin_list>
<pin id="606" dir="0" index="0" bw="12" slack="9"/>
<pin id="607" dir="0" index="1" bw="12" slack="1"/>
<pin id="608" dir="1" index="2" bw="1" slack="0"/>
</pin_list>
<bind>
<opcode="icmp(45) " fcode="icmp"/>
<opset="icmp_ln218_6/11 icmp_ln218_13/29 icmp_ln218_15/31 icmp_ln218_17/33 "/>
</bind>
</comp>

<comp id="610" class="1004" name="grp_fu_610">
<pin_list>
<pin id="611" dir="0" index="0" bw="12" slack="1"/>
<pin id="612" dir="0" index="1" bw="12" slack="13"/>
<pin id="613" dir="1" index="2" bw="1" slack="1"/>
</pin_list>
<bind>
<opcode="icmp(45) " fcode="icmp"/>
<opset="icmp_ln218_38/15 icmp_ln218_40/23 icmp_ln218_45/33 "/>
</bind>
</comp>

<comp id="615" class="1004" name="store_ln0_store_fu_615">
<pin_list>
<pin id="616" dir="0" index="0" bw="1" slack="0"/>
<pin id="617" dir="0" index="1" bw="11" slack="0"/>
<pin id="618" dir="1" index="2" bw="0" slack="2147483647"/>
</pin_list>
<bind>
<opcode="store(28) " fcode="store"/>
<opset="store_ln0/1 "/>
</bind>
</comp>

<comp id="620" class="1004" name="store_ln375_store_fu_620">
<pin_list>
<pin id="621" dir="0" index="0" bw="3" slack="0"/>
<pin id="622" dir="0" index="1" bw="5" slack="0"/>
<pin id="623" dir="1" index="2" bw="0" slack="2147483647"/>
</pin_list>
<bind>
<opcode="store(28) " fcode="store"/>
<opset="store_ln375/1 "/>
</bind>
</comp>

<comp id="625" class="1004" name="store_ln184_store_fu_625">
<pin_list>
<pin id="626" dir="0" index="0" bw="1" slack="0"/>
<pin id="627" dir="0" index="1" bw="6" slack="0"/>
<pin id="628" dir="1" index="2" bw="0" slack="2147483647"/>
</pin_list>
<bind>
<opcode="store(28) " fcode="store"/>
<opset="store_ln184/1 "/>
</bind>
</comp>

<comp id="630" class="1004" name="indvar_flatten_load_load_fu_630">
<pin_list>
<pin id="631" dir="0" index="0" bw="11" slack="0"/>
<pin id="632" dir="1" index="1" bw="11" slack="0"/>
</pin_list>
<bind>
<opcode="load(27) " fcode="load"/>
<opset="indvar_flatten_load/1 "/>
</bind>
</comp>

<comp id="633" class="1004" name="icmp_ln375_fu_633">
<pin_list>
<pin id="634" dir="0" index="0" bw="11" slack="0"/>
<pin id="635" dir="0" index="1" bw="11" slack="0"/>
<pin id="636" dir="1" index="2" bw="1" slack="1"/>
</pin_list>
<bind>
<opcode="icmp(45) " fcode="icmp"/>
<opset="icmp_ln375/1 "/>
</bind>
</comp>

<comp id="639" class="1004" name="add_ln375_1_fu_639">
<pin_list>
<pin id="640" dir="0" index="0" bw="11" slack="0"/>
<pin id="641" dir="0" index="1" bw="1" slack="0"/>
<pin id="642" dir="1" index="2" bw="11" slack="0"/>
</pin_list>
<bind>
<opcode="add(8) " fcode="add"/>
<opset="add_ln375_1/1 "/>
</bind>
</comp>

<comp id="645" class="1004" name="phi_idx_3_load_load_fu_645">
<pin_list>
<pin id="646" dir="0" index="0" bw="6" slack="0"/>
<pin id="647" dir="1" index="1" bw="6" slack="0"/>
</pin_list>
<bind>
<opcode="load(27) " fcode="load"/>
<opset="phi_idx_3_load/1 "/>
</bind>
</comp>

<comp id="648" class="1004" name="eta_load_load_fu_648">
<pin_list>
<pin id="649" dir="0" index="0" bw="5" slack="0"/>
<pin id="650" dir="1" index="1" bw="5" slack="0"/>
</pin_list>
<bind>
<opcode="load(27) " fcode="load"/>
<opset="eta_load/1 "/>
</bind>
</comp>

<comp id="651" class="1004" name="icmp_ln376_fu_651">
<pin_list>
<pin id="652" dir="0" index="0" bw="6" slack="0"/>
<pin id="653" dir="0" index="1" bw="6" slack="0"/>
<pin id="654" dir="1" index="2" bw="1" slack="0"/>
</pin_list>
<bind>
<opcode="icmp(45) " fcode="icmp"/>
<opset="icmp_ln376/1 "/>
</bind>
</comp>

<comp id="657" class="1004" name="select_ln375_fu_657">
<pin_list>
<pin id="658" dir="0" index="0" bw="1" slack="0"/>
<pin id="659" dir="0" index="1" bw="6" slack="0"/>
<pin id="660" dir="0" index="2" bw="6" slack="0"/>
<pin id="661" dir="1" index="3" bw="6" slack="0"/>
</pin_list>
<bind>
<opcode="select(49) " fcode="select"/>
<opset="select_ln375/1 "/>
</bind>
</comp>

<comp id="665" class="1004" name="add_ln375_fu_665">
<pin_list>
<pin id="666" dir="0" index="0" bw="5" slack="0"/>
<pin id="667" dir="0" index="1" bw="3" slack="0"/>
<pin id="668" dir="1" index="2" bw="5" slack="0"/>
</pin_list>
<bind>
<opcode="add(8) " fcode="add"/>
<opset="add_ln375/1 "/>
</bind>
</comp>

<comp id="671" class="1004" name="add_ln375_2_fu_671">
<pin_list>
<pin id="672" dir="0" index="0" bw="5" slack="0"/>
<pin id="673" dir="0" index="1" bw="1" slack="0"/>
<pin id="674" dir="1" index="2" bw="5" slack="0"/>
</pin_list>
<bind>
<opcode="add(8) " fcode="add"/>
<opset="add_ln375_2/1 "/>
</bind>
</comp>

<comp id="677" class="1004" name="select_ln375_1_fu_677">
<pin_list>
<pin id="678" dir="0" index="0" bw="1" slack="0"/>
<pin id="679" dir="0" index="1" bw="5" slack="0"/>
<pin id="680" dir="0" index="2" bw="5" slack="0"/>
<pin id="681" dir="1" index="3" bw="5" slack="28"/>
</pin_list>
<bind>
<opcode="select(49) " fcode="select"/>
<opset="select_ln375_1/1 "/>
</bind>
</comp>

<comp id="685" class="1004" name="select_ln375_2_fu_685">
<pin_list>
<pin id="686" dir="0" index="0" bw="1" slack="0"/>
<pin id="687" dir="0" index="1" bw="5" slack="0"/>
<pin id="688" dir="0" index="2" bw="5" slack="0"/>
<pin id="689" dir="1" index="3" bw="5" slack="0"/>
</pin_list>
<bind>
<opcode="select(49) " fcode="select"/>
<opset="select_ln375_2/1 "/>
</bind>
</comp>

<comp id="693" class="1004" name="p_shl1_fu_693">
<pin_list>
<pin id="694" dir="0" index="0" bw="11" slack="0"/>
<pin id="695" dir="0" index="1" bw="5" slack="0"/>
<pin id="696" dir="0" index="2" bw="1" slack="0"/>
<pin id="697" dir="1" index="3" bw="11" slack="0"/>
</pin_list>
<bind>
<opcode="bitconcatenate(1004) " fcode="bitconcatenate"/>
<opset="p_shl1/1 "/>
</bind>
</comp>

<comp id="701" class="1004" name="tmp_fu_701">
<pin_list>
<pin id="702" dir="0" index="0" bw="7" slack="0"/>
<pin id="703" dir="0" index="1" bw="5" slack="0"/>
<pin id="704" dir="0" index="2" bw="1" slack="0"/>
<pin id="705" dir="1" index="3" bw="7" slack="0"/>
</pin_list>
<bind>
<opcode="bitconcatenate(1004) " fcode="bitconcatenate"/>
<opset="tmp/1 "/>
</bind>
</comp>

<comp id="709" class="1004" name="zext_ln389_fu_709">
<pin_list>
<pin id="710" dir="0" index="0" bw="7" slack="0"/>
<pin id="711" dir="1" index="1" bw="11" slack="0"/>
</pin_list>
<bind>
<opcode="zext(34) " fcode="zext"/>
<opset="zext_ln389/1 "/>
</bind>
</comp>

<comp id="713" class="1004" name="sub_ln389_fu_713">
<pin_list>
<pin id="714" dir="0" index="0" bw="11" slack="0"/>
<pin id="715" dir="0" index="1" bw="7" slack="0"/>
<pin id="716" dir="1" index="2" bw="11" slack="0"/>
</pin_list>
<bind>
<opcode="sub(10) " fcode="sub"/>
<opset="sub_ln389/1 "/>
</bind>
</comp>

<comp id="719" class="1004" name="zext_ln389_1_fu_719">
<pin_list>
<pin id="720" dir="0" index="0" bw="6" slack="0"/>
<pin id="721" dir="1" index="1" bw="11" slack="0"/>
</pin_list>
<bind>
<opcode="zext(34) " fcode="zext"/>
<opset="zext_ln389_1/1 "/>
</bind>
</comp>

<comp id="723" class="1004" name="add_ln389_fu_723">
<pin_list>
<pin id="724" dir="0" index="0" bw="11" slack="0"/>
<pin id="725" dir="0" index="1" bw="6" slack="0"/>
<pin id="726" dir="1" index="2" bw="11" slack="0"/>
</pin_list>
<bind>
<opcode="add(8) " fcode="add"/>
<opset="add_ln389/1 "/>
</bind>
</comp>

<comp id="729" class="1004" name="zext_ln389_2_fu_729">
<pin_list>
<pin id="730" dir="0" index="0" bw="11" slack="0"/>
<pin id="731" dir="1" index="1" bw="64" slack="0"/>
</pin_list>
<bind>
<opcode="zext(34) " fcode="zext"/>
<opset="zext_ln389_2/1 "/>
</bind>
</comp>

<comp id="734" class="1004" name="store_ln375_store_fu_734">
<pin_list>
<pin id="735" dir="0" index="0" bw="11" slack="0"/>
<pin id="736" dir="0" index="1" bw="11" slack="0"/>
<pin id="737" dir="1" index="2" bw="0" slack="2147483647"/>
</pin_list>
<bind>
<opcode="store(28) " fcode="store"/>
<opset="store_ln375/1 "/>
</bind>
</comp>

<comp id="739" class="1004" name="store_ln375_store_fu_739">
<pin_list>
<pin id="740" dir="0" index="0" bw="5" slack="0"/>
<pin id="741" dir="0" index="1" bw="5" slack="0"/>
<pin id="742" dir="1" index="2" bw="0" slack="2147483647"/>
</pin_list>
<bind>
<opcode="store(28) " fcode="store"/>
<opset="store_ln375/1 "/>
</bind>
</comp>

<comp id="744" class="1004" name="empty_fu_744">
<pin_list>
<pin id="745" dir="0" index="0" bw="5" slack="1"/>
<pin id="746" dir="0" index="1" bw="3" slack="0"/>
<pin id="747" dir="1" index="2" bw="5" slack="0"/>
</pin_list>
<bind>
<opcode="add(8) " fcode="add"/>
<opset="empty/2 "/>
</bind>
</comp>

<comp id="749" class="1004" name="p_shl2_fu_749">
<pin_list>
<pin id="750" dir="0" index="0" bw="11" slack="0"/>
<pin id="751" dir="0" index="1" bw="5" slack="0"/>
<pin id="752" dir="0" index="2" bw="1" slack="0"/>
<pin id="753" dir="1" index="3" bw="11" slack="0"/>
</pin_list>
<bind>
<opcode="bitconcatenate(1004) " fcode="bitconcatenate"/>
<opset="p_shl2/2 "/>
</bind>
</comp>

<comp id="757" class="1004" name="tmp_1_fu_757">
<pin_list>
<pin id="758" dir="0" index="0" bw="7" slack="0"/>
<pin id="759" dir="0" index="1" bw="5" slack="0"/>
<pin id="760" dir="0" index="2" bw="1" slack="0"/>
<pin id="761" dir="1" index="3" bw="7" slack="0"/>
</pin_list>
<bind>
<opcode="bitconcatenate(1004) " fcode="bitconcatenate"/>
<opset="tmp_1/2 "/>
</bind>
</comp>

<comp id="765" class="1004" name="zext_ln216_fu_765">
<pin_list>
<pin id="766" dir="0" index="0" bw="7" slack="0"/>
<pin id="767" dir="1" index="1" bw="11" slack="0"/>
</pin_list>
<bind>
<opcode="zext(34) " fcode="zext"/>
<opset="zext_ln216/2 "/>
</bind>
</comp>

<comp id="769" class="1004" name="sub_ln216_fu_769">
<pin_list>
<pin id="770" dir="0" index="0" bw="11" slack="0"/>
<pin id="771" dir="0" index="1" bw="7" slack="0"/>
<pin id="772" dir="1" index="2" bw="11" slack="0"/>
</pin_list>
<bind>
<opcode="sub(10) " fcode="sub"/>
<opset="sub_ln216/2 "/>
</bind>
</comp>

<comp id="775" class="1004" name="zext_ln376_fu_775">
<pin_list>
<pin id="776" dir="0" index="0" bw="6" slack="1"/>
<pin id="777" dir="1" index="1" bw="7" slack="0"/>
</pin_list>
<bind>
<opcode="zext(34) " fcode="zext"/>
<opset="zext_ln376/2 "/>
</bind>
</comp>

<comp id="778" class="1004" name="icmp_ln391_fu_778">
<pin_list>
<pin id="779" dir="0" index="0" bw="12" slack="0"/>
<pin id="780" dir="0" index="1" bw="12" slack="1"/>
<pin id="781" dir="1" index="2" bw="1" slack="48"/>
</pin_list>
<bind>
<opcode="icmp(45) " fcode="icmp"/>
<opset="icmp_ln391/2 "/>
</bind>
</comp>

<comp id="783" class="1004" name="add_ln213_fu_783">
<pin_list>
<pin id="784" dir="0" index="0" bw="6" slack="0"/>
<pin id="785" dir="0" index="1" bw="3" slack="0"/>
<pin id="786" dir="1" index="2" bw="7" slack="0"/>
</pin_list>
<bind>
<opcode="add(8) " fcode="add"/>
<opset="add_ln213/2 "/>
</bind>
</comp>

<comp id="789" class="1004" name="tmp_7_fu_789">
<pin_list>
<pin id="790" dir="0" index="0" bw="1" slack="0"/>
<pin id="791" dir="0" index="1" bw="7" slack="0"/>
<pin id="792" dir="0" index="2" bw="4" slack="0"/>
<pin id="793" dir="1" index="3" bw="1" slack="0"/>
</pin_list>
<bind>
<opcode="bitselect(1000) " fcode="bitselect"/>
<opset="tmp_7/2 "/>
</bind>
</comp>

<comp id="797" class="1004" name="add_ln161_fu_797">
<pin_list>
<pin id="798" dir="0" index="0" bw="6" slack="0"/>
<pin id="799" dir="0" index="1" bw="7" slack="0"/>
<pin id="800" dir="1" index="2" bw="7" slack="0"/>
</pin_list>
<bind>
<opcode="add(8) " fcode="add"/>
<opset="add_ln161/2 "/>
</bind>
</comp>

<comp id="803" class="1004" name="phi_idx_fu_803">
<pin_list>
<pin id="804" dir="0" index="0" bw="1" slack="0"/>
<pin id="805" dir="0" index="1" bw="7" slack="0"/>
<pin id="806" dir="0" index="2" bw="7" slack="0"/>
<pin id="807" dir="1" index="3" bw="7" slack="0"/>
</pin_list>
<bind>
<opcode="select(49) " fcode="select"/>
<opset="phi_idx/2 "/>
</bind>
</comp>

<comp id="811" class="1004" name="zext_ln216_12_fu_811">
<pin_list>
<pin id="812" dir="0" index="0" bw="7" slack="0"/>
<pin id="813" dir="1" index="1" bw="11" slack="0"/>
</pin_list>
<bind>
<opcode="zext(34) " fcode="zext"/>
<opset="zext_ln216_12/2 "/>
</bind>
</comp>

<comp id="815" class="1004" name="add_ln216_6_fu_815">
<pin_list>
<pin id="816" dir="0" index="0" bw="11" slack="0"/>
<pin id="817" dir="0" index="1" bw="7" slack="0"/>
<pin id="818" dir="1" index="2" bw="11" slack="0"/>
</pin_list>
<bind>
<opcode="add(8) " fcode="add"/>
<opset="add_ln216_6/2 "/>
</bind>
</comp>

<comp id="821" class="1004" name="zext_ln216_13_fu_821">
<pin_list>
<pin id="822" dir="0" index="0" bw="11" slack="0"/>
<pin id="823" dir="1" index="1" bw="64" slack="0"/>
</pin_list>
<bind>
<opcode="zext(34) " fcode="zext"/>
<opset="zext_ln216_13/2 "/>
</bind>
</comp>

<comp id="826" class="1004" name="add_ln213_3_fu_826">
<pin_list>
<pin id="827" dir="0" index="0" bw="6" slack="1"/>
<pin id="828" dir="0" index="1" bw="2" slack="0"/>
<pin id="829" dir="1" index="2" bw="7" slack="0"/>
</pin_list>
<bind>
<opcode="add(8) " fcode="add"/>
<opset="add_ln213_3/3 "/>
</bind>
</comp>

<comp id="831" class="1004" name="tmp_8_fu_831">
<pin_list>
<pin id="832" dir="0" index="0" bw="1" slack="0"/>
<pin id="833" dir="0" index="1" bw="7" slack="0"/>
<pin id="834" dir="0" index="2" bw="4" slack="0"/>
<pin id="835" dir="1" index="3" bw="1" slack="0"/>
</pin_list>
<bind>
<opcode="bitselect(1000) " fcode="bitselect"/>
<opset="tmp_8/3 "/>
</bind>
</comp>

<comp id="839" class="1004" name="add_ln161_1_fu_839">
<pin_list>
<pin id="840" dir="0" index="0" bw="6" slack="1"/>
<pin id="841" dir="0" index="1" bw="7" slack="0"/>
<pin id="842" dir="1" index="2" bw="7" slack="0"/>
</pin_list>
<bind>
<opcode="add(8) " fcode="add"/>
<opset="add_ln161_1/3 "/>
</bind>
</comp>

<comp id="844" class="1004" name="phi_idx_7_fu_844">
<pin_list>
<pin id="845" dir="0" index="0" bw="1" slack="0"/>
<pin id="846" dir="0" index="1" bw="7" slack="0"/>
<pin id="847" dir="0" index="2" bw="7" slack="0"/>
<pin id="848" dir="1" index="3" bw="7" slack="0"/>
</pin_list>
<bind>
<opcode="select(49) " fcode="select"/>
<opset="phi_idx_7/3 "/>
</bind>
</comp>

<comp id="852" class="1004" name="zext_ln216_14_fu_852">
<pin_list>
<pin id="853" dir="0" index="0" bw="7" slack="0"/>
<pin id="854" dir="1" index="1" bw="11" slack="0"/>
</pin_list>
<bind>
<opcode="zext(34) " fcode="zext"/>
<opset="zext_ln216_14/3 "/>
</bind>
</comp>

<comp id="856" class="1004" name="add_ln216_7_fu_856">
<pin_list>
<pin id="857" dir="0" index="0" bw="11" slack="1"/>
<pin id="858" dir="0" index="1" bw="7" slack="0"/>
<pin id="859" dir="1" index="2" bw="11" slack="0"/>
</pin_list>
<bind>
<opcode="add(8) " fcode="add"/>
<opset="add_ln216_7/3 "/>
</bind>
</comp>

<comp id="861" class="1004" name="zext_ln216_15_fu_861">
<pin_list>
<pin id="862" dir="0" index="0" bw="11" slack="0"/>
<pin id="863" dir="1" index="1" bw="64" slack="0"/>
</pin_list>
<bind>
<opcode="zext(34) " fcode="zext"/>
<opset="zext_ln216_15/3 "/>
</bind>
</comp>

<comp id="866" class="1004" name="add_ln213_4_fu_866">
<pin_list>
<pin id="867" dir="0" index="0" bw="6" slack="2"/>
<pin id="868" dir="0" index="1" bw="1" slack="0"/>
<pin id="869" dir="1" index="2" bw="7" slack="0"/>
</pin_list>
<bind>
<opcode="add(8) " fcode="add"/>
<opset="add_ln213_4/4 "/>
</bind>
</comp>

<comp id="871" class="1004" name="tmp_9_fu_871">
<pin_list>
<pin id="872" dir="0" index="0" bw="1" slack="0"/>
<pin id="873" dir="0" index="1" bw="7" slack="0"/>
<pin id="874" dir="0" index="2" bw="4" slack="0"/>
<pin id="875" dir="1" index="3" bw="1" slack="0"/>
</pin_list>
<bind>
<opcode="bitselect(1000) " fcode="bitselect"/>
<opset="tmp_9/4 "/>
</bind>
</comp>

<comp id="879" class="1004" name="add_ln161_2_fu_879">
<pin_list>
<pin id="880" dir="0" index="0" bw="6" slack="2"/>
<pin id="881" dir="0" index="1" bw="7" slack="0"/>
<pin id="882" dir="1" index="2" bw="7" slack="0"/>
</pin_list>
<bind>
<opcode="add(8) " fcode="add"/>
<opset="add_ln161_2/4 "/>
</bind>
</comp>

<comp id="884" class="1004" name="phi_idx_8_fu_884">
<pin_list>
<pin id="885" dir="0" index="0" bw="1" slack="0"/>
<pin id="886" dir="0" index="1" bw="7" slack="0"/>
<pin id="887" dir="0" index="2" bw="7" slack="0"/>
<pin id="888" dir="1" index="3" bw="7" slack="0"/>
</pin_list>
<bind>
<opcode="select(49) " fcode="select"/>
<opset="phi_idx_8/4 "/>
</bind>
</comp>

<comp id="892" class="1004" name="zext_ln216_16_fu_892">
<pin_list>
<pin id="893" dir="0" index="0" bw="7" slack="0"/>
<pin id="894" dir="1" index="1" bw="11" slack="0"/>
</pin_list>
<bind>
<opcode="zext(34) " fcode="zext"/>
<opset="zext_ln216_16/4 "/>
</bind>
</comp>

<comp id="896" class="1004" name="add_ln216_8_fu_896">
<pin_list>
<pin id="897" dir="0" index="0" bw="11" slack="2"/>
<pin id="898" dir="0" index="1" bw="7" slack="0"/>
<pin id="899" dir="1" index="2" bw="11" slack="0"/>
</pin_list>
<bind>
<opcode="add(8) " fcode="add"/>
<opset="add_ln216_8/4 "/>
</bind>
</comp>

<comp id="901" class="1004" name="zext_ln216_17_fu_901">
<pin_list>
<pin id="902" dir="0" index="0" bw="11" slack="0"/>
<pin id="903" dir="1" index="1" bw="64" slack="0"/>
</pin_list>
<bind>
<opcode="zext(34) " fcode="zext"/>
<opset="zext_ln216_17/4 "/>
</bind>
</comp>

<comp id="906" class="1004" name="add_ln216_fu_906">
<pin_list>
<pin id="907" dir="0" index="0" bw="11" slack="3"/>
<pin id="908" dir="0" index="1" bw="6" slack="4"/>
<pin id="909" dir="1" index="2" bw="11" slack="0"/>
</pin_list>
<bind>
<opcode="add(8) " fcode="add"/>
<opset="add_ln216/5 "/>
</bind>
</comp>

<comp id="910" class="1004" name="zext_ln216_6_fu_910">
<pin_list>
<pin id="911" dir="0" index="0" bw="11" slack="0"/>
<pin id="912" dir="1" index="1" bw="64" slack="0"/>
</pin_list>
<bind>
<opcode="zext(34) " fcode="zext"/>
<opset="zext_ln216_6/5 "/>
</bind>
</comp>

<comp id="915" class="1004" name="phi_fu_915">
<pin_list>
<pin id="916" dir="0" index="0" bw="6" slack="5"/>
<pin id="917" dir="0" index="1" bw="1" slack="0"/>
<pin id="918" dir="1" index="2" bw="6" slack="0"/>
</pin_list>
<bind>
<opcode="add(8) " fcode="add"/>
<opset="phi/6 "/>
</bind>
</comp>

<comp id="920" class="1004" name="icmp_ln162_fu_920">
<pin_list>
<pin id="921" dir="0" index="0" bw="6" slack="0"/>
<pin id="922" dir="0" index="1" bw="6" slack="0"/>
<pin id="923" dir="1" index="2" bw="1" slack="0"/>
</pin_list>
<bind>
<opcode="icmp(45) " fcode="icmp"/>
<opset="icmp_ln162/6 "/>
</bind>
</comp>

<comp id="926" class="1004" name="add_ln163_fu_926">
<pin_list>
<pin id="927" dir="0" index="0" bw="6" slack="4"/>
<pin id="928" dir="0" index="1" bw="7" slack="0"/>
<pin id="929" dir="1" index="2" bw="7" slack="0"/>
</pin_list>
<bind>
<opcode="add(8) " fcode="add"/>
<opset="add_ln163/6 "/>
</bind>
</comp>

<comp id="931" class="1004" name="zext_ln162_fu_931">
<pin_list>
<pin id="932" dir="0" index="0" bw="6" slack="0"/>
<pin id="933" dir="1" index="1" bw="7" slack="0"/>
</pin_list>
<bind>
<opcode="zext(34) " fcode="zext"/>
<opset="zext_ln162/6 "/>
</bind>
</comp>

<comp id="935" class="1004" name="phi_idx_9_fu_935">
<pin_list>
<pin id="936" dir="0" index="0" bw="1" slack="0"/>
<pin id="937" dir="0" index="1" bw="7" slack="0"/>
<pin id="938" dir="0" index="2" bw="7" slack="0"/>
<pin id="939" dir="1" index="3" bw="7" slack="0"/>
</pin_list>
<bind>
<opcode="select(49) " fcode="select"/>
<opset="phi_idx_9/6 "/>
</bind>
</comp>

<comp id="943" class="1004" name="sext_ln216_fu_943">
<pin_list>
<pin id="944" dir="0" index="0" bw="7" slack="0"/>
<pin id="945" dir="1" index="1" bw="11" slack="0"/>
</pin_list>
<bind>
<opcode="sext(35) " fcode="sext"/>
<opset="sext_ln216/6 "/>
</bind>
</comp>

<comp id="947" class="1004" name="add_ln216_9_fu_947">
<pin_list>
<pin id="948" dir="0" index="0" bw="11" slack="4"/>
<pin id="949" dir="0" index="1" bw="7" slack="0"/>
<pin id="950" dir="1" index="2" bw="11" slack="0"/>
</pin_list>
<bind>
<opcode="add(8) " fcode="add"/>
<opset="add_ln216_9/6 "/>
</bind>
</comp>

<comp id="952" class="1004" name="zext_ln216_18_fu_952">
<pin_list>
<pin id="953" dir="0" index="0" bw="11" slack="0"/>
<pin id="954" dir="1" index="1" bw="64" slack="0"/>
</pin_list>
<bind>
<opcode="zext(34) " fcode="zext"/>
<opset="zext_ln216_18/6 "/>
</bind>
</comp>

<comp id="957" class="1004" name="store_ln184_store_fu_957">
<pin_list>
<pin id="958" dir="0" index="0" bw="6" slack="0"/>
<pin id="959" dir="0" index="1" bw="6" slack="5"/>
<pin id="960" dir="1" index="2" bw="0" slack="2147483647"/>
</pin_list>
<bind>
<opcode="store(28) " fcode="store"/>
<opset="store_ln184/6 "/>
</bind>
</comp>

<comp id="962" class="1004" name="add_ln213_1_fu_962">
<pin_list>
<pin id="963" dir="0" index="0" bw="6" slack="6"/>
<pin id="964" dir="0" index="1" bw="3" slack="0"/>
<pin id="965" dir="1" index="2" bw="6" slack="0"/>
</pin_list>
<bind>
<opcode="add(8) " fcode="add"/>
<opset="add_ln213_1/7 "/>
</bind>
</comp>

<comp id="967" class="1004" name="icmp_ln162_1_fu_967">
<pin_list>
<pin id="968" dir="0" index="0" bw="6" slack="0"/>
<pin id="969" dir="0" index="1" bw="6" slack="0"/>
<pin id="970" dir="1" index="2" bw="1" slack="0"/>
</pin_list>
<bind>
<opcode="icmp(45) " fcode="icmp"/>
<opset="icmp_ln162_1/7 "/>
</bind>
</comp>

<comp id="973" class="1004" name="add_ln163_1_fu_973">
<pin_list>
<pin id="974" dir="0" index="0" bw="6" slack="5"/>
<pin id="975" dir="0" index="1" bw="7" slack="0"/>
<pin id="976" dir="1" index="2" bw="7" slack="0"/>
</pin_list>
<bind>
<opcode="add(8) " fcode="add"/>
<opset="add_ln163_1/7 "/>
</bind>
</comp>

<comp id="978" class="1004" name="zext_ln162_1_fu_978">
<pin_list>
<pin id="979" dir="0" index="0" bw="6" slack="0"/>
<pin id="980" dir="1" index="1" bw="7" slack="0"/>
</pin_list>
<bind>
<opcode="zext(34) " fcode="zext"/>
<opset="zext_ln162_1/7 "/>
</bind>
</comp>

<comp id="982" class="1004" name="phi_idx_10_fu_982">
<pin_list>
<pin id="983" dir="0" index="0" bw="1" slack="0"/>
<pin id="984" dir="0" index="1" bw="7" slack="0"/>
<pin id="985" dir="0" index="2" bw="7" slack="0"/>
<pin id="986" dir="1" index="3" bw="7" slack="0"/>
</pin_list>
<bind>
<opcode="select(49) " fcode="select"/>
<opset="phi_idx_10/7 "/>
</bind>
</comp>

<comp id="990" class="1004" name="sext_ln216_1_fu_990">
<pin_list>
<pin id="991" dir="0" index="0" bw="7" slack="0"/>
<pin id="992" dir="1" index="1" bw="11" slack="0"/>
</pin_list>
<bind>
<opcode="sext(35) " fcode="sext"/>
<opset="sext_ln216_1/7 "/>
</bind>
</comp>

<comp id="994" class="1004" name="add_ln216_16_fu_994">
<pin_list>
<pin id="995" dir="0" index="0" bw="11" slack="5"/>
<pin id="996" dir="0" index="1" bw="7" slack="0"/>
<pin id="997" dir="1" index="2" bw="11" slack="0"/>
</pin_list>
<bind>
<opcode="add(8) " fcode="add"/>
<opset="add_ln216_16/7 "/>
</bind>
</comp>

<comp id="999" class="1004" name="zext_ln216_25_fu_999">
<pin_list>
<pin id="1000" dir="0" index="0" bw="11" slack="0"/>
<pin id="1001" dir="1" index="1" bw="64" slack="0"/>
</pin_list>
<bind>
<opcode="zext(34) " fcode="zext"/>
<opset="zext_ln216_25/7 "/>
</bind>
</comp>

<comp id="1004" class="1004" name="is_max_fu_1004">
<pin_list>
<pin id="1005" dir="0" index="0" bw="12" slack="5"/>
<pin id="1006" dir="0" index="1" bw="12" slack="6"/>
<pin id="1007" dir="1" index="2" bw="1" slack="0"/>
</pin_list>
<bind>
<opcode="icmp(45) " fcode="icmp"/>
<opset="is_max/8 "/>
</bind>
</comp>

<comp id="1008" class="1004" name="icmp_ln220_fu_1008">
<pin_list>
<pin id="1009" dir="0" index="0" bw="12" slack="4"/>
<pin id="1010" dir="0" index="1" bw="12" slack="6"/>
<pin id="1011" dir="1" index="2" bw="1" slack="0"/>
</pin_list>
<bind>
<opcode="icmp(45) " fcode="icmp"/>
<opset="icmp_ln220/8 "/>
</bind>
</comp>

<comp id="1012" class="1004" name="icmp_ln218_fu_1012">
<pin_list>
<pin id="1013" dir="0" index="0" bw="12" slack="6"/>
<pin id="1014" dir="0" index="1" bw="12" slack="4"/>
<pin id="1015" dir="1" index="2" bw="1" slack="0"/>
</pin_list>
<bind>
<opcode="icmp(45) " fcode="icmp"/>
<opset="icmp_ln218/8 "/>
</bind>
</comp>

<comp id="1016" class="1004" name="xor_ln218_1_fu_1016">
<pin_list>
<pin id="1017" dir="0" index="0" bw="1" slack="0"/>
<pin id="1018" dir="0" index="1" bw="1" slack="0"/>
<pin id="1019" dir="1" index="2" bw="1" slack="0"/>
</pin_list>
<bind>
<opcode="xor(25) " fcode="xor"/>
<opset="xor_ln218_1/8 "/>
</bind>
</comp>

<comp id="1022" class="1004" name="icmp_ln220_1_fu_1022">
<pin_list>
<pin id="1023" dir="0" index="0" bw="12" slack="3"/>
<pin id="1024" dir="0" index="1" bw="12" slack="6"/>
<pin id="1025" dir="1" index="2" bw="1" slack="0"/>
</pin_list>
<bind>
<opcode="icmp(45) " fcode="icmp"/>
<opset="icmp_ln220_1/8 "/>
</bind>
</comp>

<comp id="1027" class="1004" name="xor_ln218_2_fu_1027">
<pin_list>
<pin id="1028" dir="0" index="0" bw="1" slack="0"/>
<pin id="1029" dir="0" index="1" bw="1" slack="0"/>
<pin id="1030" dir="1" index="2" bw="1" slack="0"/>
</pin_list>
<bind>
<opcode="xor(25) " fcode="xor"/>
<opset="xor_ln218_2/8 "/>
</bind>
</comp>

<comp id="1033" class="1004" name="icmp_ln220_2_fu_1033">
<pin_list>
<pin id="1034" dir="0" index="0" bw="12" slack="2"/>
<pin id="1035" dir="0" index="1" bw="12" slack="6"/>
<pin id="1036" dir="1" index="2" bw="1" slack="0"/>
</pin_list>
<bind>
<opcode="icmp(45) " fcode="icmp"/>
<opset="icmp_ln220_2/8 "/>
</bind>
</comp>

<comp id="1038" class="1004" name="xor_ln218_3_fu_1038">
<pin_list>
<pin id="1039" dir="0" index="0" bw="1" slack="0"/>
<pin id="1040" dir="0" index="1" bw="1" slack="0"/>
<pin id="1041" dir="1" index="2" bw="1" slack="0"/>
</pin_list>
<bind>
<opcode="xor(25) " fcode="xor"/>
<opset="xor_ln218_3/8 "/>
</bind>
</comp>

<comp id="1044" class="1004" name="add_ln213_2_fu_1044">
<pin_list>
<pin id="1045" dir="0" index="0" bw="6" slack="7"/>
<pin id="1046" dir="0" index="1" bw="3" slack="0"/>
<pin id="1047" dir="1" index="2" bw="6" slack="0"/>
</pin_list>
<bind>
<opcode="add(8) " fcode="add"/>
<opset="add_ln213_2/8 "/>
</bind>
</comp>

<comp id="1049" class="1004" name="icmp_ln162_2_fu_1049">
<pin_list>
<pin id="1050" dir="0" index="0" bw="6" slack="0"/>
<pin id="1051" dir="0" index="1" bw="6" slack="0"/>
<pin id="1052" dir="1" index="2" bw="1" slack="0"/>
</pin_list>
<bind>
<opcode="icmp(45) " fcode="icmp"/>
<opset="icmp_ln162_2/8 "/>
</bind>
</comp>

<comp id="1055" class="1004" name="add_ln163_2_fu_1055">
<pin_list>
<pin id="1056" dir="0" index="0" bw="6" slack="6"/>
<pin id="1057" dir="0" index="1" bw="7" slack="0"/>
<pin id="1058" dir="1" index="2" bw="7" slack="0"/>
</pin_list>
<bind>
<opcode="add(8) " fcode="add"/>
<opset="add_ln163_2/8 "/>
</bind>
</comp>

<comp id="1060" class="1004" name="zext_ln162_2_fu_1060">
<pin_list>
<pin id="1061" dir="0" index="0" bw="6" slack="0"/>
<pin id="1062" dir="1" index="1" bw="7" slack="0"/>
</pin_list>
<bind>
<opcode="zext(34) " fcode="zext"/>
<opset="zext_ln162_2/8 "/>
</bind>
</comp>

<comp id="1064" class="1004" name="phi_idx_11_fu_1064">
<pin_list>
<pin id="1065" dir="0" index="0" bw="1" slack="0"/>
<pin id="1066" dir="0" index="1" bw="7" slack="0"/>
<pin id="1067" dir="0" index="2" bw="7" slack="0"/>
<pin id="1068" dir="1" index="3" bw="7" slack="0"/>
</pin_list>
<bind>
<opcode="select(49) " fcode="select"/>
<opset="phi_idx_11/8 "/>
</bind>
</comp>

<comp id="1072" class="1004" name="sext_ln216_2_fu_1072">
<pin_list>
<pin id="1073" dir="0" index="0" bw="7" slack="0"/>
<pin id="1074" dir="1" index="1" bw="11" slack="0"/>
</pin_list>
<bind>
<opcode="sext(35) " fcode="sext"/>
<opset="sext_ln216_2/8 "/>
</bind>
</comp>

<comp id="1076" class="1004" name="add_ln216_23_fu_1076">
<pin_list>
<pin id="1077" dir="0" index="0" bw="11" slack="6"/>
<pin id="1078" dir="0" index="1" bw="7" slack="0"/>
<pin id="1079" dir="1" index="2" bw="11" slack="0"/>
</pin_list>
<bind>
<opcode="add(8) " fcode="add"/>
<opset="add_ln216_23/8 "/>
</bind>
</comp>

<comp id="1081" class="1004" name="zext_ln216_32_fu_1081">
<pin_list>
<pin id="1082" dir="0" index="0" bw="11" slack="0"/>
<pin id="1083" dir="1" index="1" bw="64" slack="0"/>
</pin_list>
<bind>
<opcode="zext(34) " fcode="zext"/>
<opset="zext_ln216_32/8 "/>
</bind>
</comp>

<comp id="1086" class="1004" name="and_ln218_fu_1086">
<pin_list>
<pin id="1087" dir="0" index="0" bw="1" slack="0"/>
<pin id="1088" dir="0" index="1" bw="1" slack="0"/>
<pin id="1089" dir="1" index="2" bw="1" slack="0"/>
</pin_list>
<bind>
<opcode="and(23) " fcode="and"/>
<opset="and_ln218/8 "/>
</bind>
</comp>

<comp id="1092" class="1004" name="and_ln218_1_fu_1092">
<pin_list>
<pin id="1093" dir="0" index="0" bw="1" slack="0"/>
<pin id="1094" dir="0" index="1" bw="1" slack="0"/>
<pin id="1095" dir="1" index="2" bw="1" slack="0"/>
</pin_list>
<bind>
<opcode="and(23) " fcode="and"/>
<opset="and_ln218_1/8 "/>
</bind>
</comp>

<comp id="1098" class="1004" name="and_ln218_2_fu_1098">
<pin_list>
<pin id="1099" dir="0" index="0" bw="1" slack="0"/>
<pin id="1100" dir="0" index="1" bw="1" slack="0"/>
<pin id="1101" dir="1" index="2" bw="1" slack="0"/>
</pin_list>
<bind>
<opcode="and(23) " fcode="and"/>
<opset="and_ln218_2/8 "/>
</bind>
</comp>

<comp id="1104" class="1004" name="and_ln218_3_fu_1104">
<pin_list>
<pin id="1105" dir="0" index="0" bw="1" slack="0"/>
<pin id="1106" dir="0" index="1" bw="1" slack="0"/>
<pin id="1107" dir="1" index="2" bw="1" slack="0"/>
</pin_list>
<bind>
<opcode="and(23) " fcode="and"/>
<opset="and_ln218_3/8 "/>
</bind>
</comp>

<comp id="1110" class="1004" name="and_ln218_4_fu_1110">
<pin_list>
<pin id="1111" dir="0" index="0" bw="1" slack="0"/>
<pin id="1112" dir="0" index="1" bw="1" slack="0"/>
<pin id="1113" dir="1" index="2" bw="1" slack="0"/>
</pin_list>
<bind>
<opcode="and(23) " fcode="and"/>
<opset="and_ln218_4/8 "/>
</bind>
</comp>

<comp id="1116" class="1004" name="and_ln218_5_fu_1116">
<pin_list>
<pin id="1117" dir="0" index="0" bw="1" slack="0"/>
<pin id="1118" dir="0" index="1" bw="1" slack="0"/>
<pin id="1119" dir="1" index="2" bw="1" slack="0"/>
</pin_list>
<bind>
<opcode="and(23) " fcode="and"/>
<opset="and_ln218_5/8 "/>
</bind>
</comp>

<comp id="1122" class="1004" name="and_ln218_6_fu_1122">
<pin_list>
<pin id="1123" dir="0" index="0" bw="1" slack="0"/>
<pin id="1124" dir="0" index="1" bw="1" slack="0"/>
<pin id="1125" dir="1" index="2" bw="1" slack="3"/>
</pin_list>
<bind>
<opcode="and(23) " fcode="and"/>
<opset="and_ln218_6/8 "/>
</bind>
</comp>

<comp id="1128" class="1004" name="zext_ln184_1_fu_1128">
<pin_list>
<pin id="1129" dir="0" index="0" bw="12" slack="1"/>
<pin id="1130" dir="1" index="1" bw="13" slack="0"/>
</pin_list>
<bind>
<opcode="zext(34) " fcode="zext"/>
<opset="zext_ln184_1/8 "/>
</bind>
</comp>

<comp id="1132" class="1004" name="zext_ln184_2_fu_1132">
<pin_list>
<pin id="1133" dir="0" index="0" bw="12" slack="0"/>
<pin id="1134" dir="1" index="1" bw="13" slack="0"/>
</pin_list>
<bind>
<opcode="zext(34) " fcode="zext"/>
<opset="zext_ln184_2/8 "/>
</bind>
</comp>

<comp id="1136" class="1004" name="add_ln187_9_fu_1136">
<pin_list>
<pin id="1137" dir="0" index="0" bw="12" slack="0"/>
<pin id="1138" dir="0" index="1" bw="12" slack="0"/>
<pin id="1139" dir="1" index="2" bw="13" slack="4"/>
</pin_list>
<bind>
<opcode="add(8) " fcode="add"/>
<opset="add_ln187_9/8 "/>
</bind>
</comp>

<comp id="1142" class="1004" name="empty_98_fu_1142">
<pin_list>
<pin id="1143" dir="0" index="0" bw="5" slack="8"/>
<pin id="1144" dir="0" index="1" bw="2" slack="0"/>
<pin id="1145" dir="1" index="2" bw="5" slack="0"/>
</pin_list>
<bind>
<opcode="add(8) " fcode="add"/>
<opset="empty_98/9 "/>
</bind>
</comp>

<comp id="1147" class="1004" name="p_shl3_fu_1147">
<pin_list>
<pin id="1148" dir="0" index="0" bw="11" slack="0"/>
<pin id="1149" dir="0" index="1" bw="5" slack="0"/>
<pin id="1150" dir="0" index="2" bw="1" slack="0"/>
<pin id="1151" dir="1" index="3" bw="11" slack="0"/>
</pin_list>
<bind>
<opcode="bitconcatenate(1004) " fcode="bitconcatenate"/>
<opset="p_shl3/9 "/>
</bind>
</comp>

<comp id="1155" class="1004" name="tmp_2_fu_1155">
<pin_list>
<pin id="1156" dir="0" index="0" bw="7" slack="0"/>
<pin id="1157" dir="0" index="1" bw="5" slack="0"/>
<pin id="1158" dir="0" index="2" bw="1" slack="0"/>
<pin id="1159" dir="1" index="3" bw="7" slack="0"/>
</pin_list>
<bind>
<opcode="bitconcatenate(1004) " fcode="bitconcatenate"/>
<opset="tmp_2/9 "/>
</bind>
</comp>

<comp id="1163" class="1004" name="zext_ln216_1_fu_1163">
<pin_list>
<pin id="1164" dir="0" index="0" bw="7" slack="0"/>
<pin id="1165" dir="1" index="1" bw="11" slack="0"/>
</pin_list>
<bind>
<opcode="zext(34) " fcode="zext"/>
<opset="zext_ln216_1/9 "/>
</bind>
</comp>

<comp id="1167" class="1004" name="sub_ln216_1_fu_1167">
<pin_list>
<pin id="1168" dir="0" index="0" bw="11" slack="0"/>
<pin id="1169" dir="0" index="1" bw="7" slack="0"/>
<pin id="1170" dir="1" index="2" bw="11" slack="0"/>
</pin_list>
<bind>
<opcode="sub(10) " fcode="sub"/>
<opset="sub_ln216_1/9 "/>
</bind>
</comp>

<comp id="1173" class="1004" name="xor_ln218_4_fu_1173">
<pin_list>
<pin id="1174" dir="0" index="0" bw="1" slack="1"/>
<pin id="1175" dir="0" index="1" bw="1" slack="0"/>
<pin id="1176" dir="1" index="2" bw="1" slack="0"/>
</pin_list>
<bind>
<opcode="xor(25) " fcode="xor"/>
<opset="xor_ln218_4/9 "/>
</bind>
</comp>

<comp id="1178" class="1004" name="xor_ln218_5_fu_1178">
<pin_list>
<pin id="1179" dir="0" index="0" bw="1" slack="1"/>
<pin id="1180" dir="0" index="1" bw="1" slack="0"/>
<pin id="1181" dir="1" index="2" bw="1" slack="0"/>
</pin_list>
<bind>
<opcode="xor(25) " fcode="xor"/>
<opset="xor_ln218_5/9 "/>
</bind>
</comp>

<comp id="1183" class="1004" name="add_ln216_30_fu_1183">
<pin_list>
<pin id="1184" dir="0" index="0" bw="11" slack="0"/>
<pin id="1185" dir="0" index="1" bw="7" slack="7"/>
<pin id="1186" dir="1" index="2" bw="11" slack="0"/>
</pin_list>
<bind>
<opcode="add(8) " fcode="add"/>
<opset="add_ln216_30/9 "/>
</bind>
</comp>

<comp id="1188" class="1004" name="zext_ln216_39_fu_1188">
<pin_list>
<pin id="1189" dir="0" index="0" bw="11" slack="0"/>
<pin id="1190" dir="1" index="1" bw="64" slack="0"/>
</pin_list>
<bind>
<opcode="zext(34) " fcode="zext"/>
<opset="zext_ln216_39/9 "/>
</bind>
</comp>

<comp id="1193" class="1004" name="and_ln218_7_fu_1193">
<pin_list>
<pin id="1194" dir="0" index="0" bw="1" slack="0"/>
<pin id="1195" dir="0" index="1" bw="1" slack="1"/>
<pin id="1196" dir="1" index="2" bw="1" slack="0"/>
</pin_list>
<bind>
<opcode="and(23) " fcode="and"/>
<opset="and_ln218_7/9 "/>
</bind>
</comp>

<comp id="1198" class="1004" name="and_ln218_8_fu_1198">
<pin_list>
<pin id="1199" dir="0" index="0" bw="1" slack="0"/>
<pin id="1200" dir="0" index="1" bw="1" slack="0"/>
<pin id="1201" dir="1" index="2" bw="1" slack="0"/>
</pin_list>
<bind>
<opcode="and(23) " fcode="and"/>
<opset="and_ln218_8/9 "/>
</bind>
</comp>

<comp id="1204" class="1004" name="and_ln218_9_fu_1204">
<pin_list>
<pin id="1205" dir="0" index="0" bw="1" slack="0"/>
<pin id="1206" dir="0" index="1" bw="1" slack="0"/>
<pin id="1207" dir="1" index="2" bw="1" slack="2"/>
</pin_list>
<bind>
<opcode="and(23) " fcode="and"/>
<opset="and_ln218_9/9 "/>
</bind>
</comp>

<comp id="1210" class="1004" name="add_ln216_36_fu_1210">
<pin_list>
<pin id="1211" dir="0" index="0" bw="11" slack="1"/>
<pin id="1212" dir="0" index="1" bw="7" slack="7"/>
<pin id="1213" dir="1" index="2" bw="11" slack="0"/>
</pin_list>
<bind>
<opcode="add(8) " fcode="add"/>
<opset="add_ln216_36/10 "/>
</bind>
</comp>

<comp id="1214" class="1004" name="zext_ln216_45_fu_1214">
<pin_list>
<pin id="1215" dir="0" index="0" bw="11" slack="0"/>
<pin id="1216" dir="1" index="1" bw="64" slack="0"/>
</pin_list>
<bind>
<opcode="zext(34) " fcode="zext"/>
<opset="zext_ln216_45/10 "/>
</bind>
</comp>

<comp id="1219" class="1004" name="xor_ln218_6_fu_1219">
<pin_list>
<pin id="1220" dir="0" index="0" bw="1" slack="0"/>
<pin id="1221" dir="0" index="1" bw="1" slack="0"/>
<pin id="1222" dir="1" index="2" bw="1" slack="0"/>
</pin_list>
<bind>
<opcode="xor(25) " fcode="xor"/>
<opset="xor_ln218_6/11 "/>
</bind>
</comp>

<comp id="1225" class="1004" name="icmp_ln220_6_fu_1225">
<pin_list>
<pin id="1226" dir="0" index="0" bw="12" slack="1"/>
<pin id="1227" dir="0" index="1" bw="12" slack="9"/>
<pin id="1228" dir="1" index="2" bw="1" slack="0"/>
</pin_list>
<bind>
<opcode="icmp(45) " fcode="icmp"/>
<opset="icmp_ln220_6/11 "/>
</bind>
</comp>

<comp id="1230" class="1004" name="xor_ln218_7_fu_1230">
<pin_list>
<pin id="1231" dir="0" index="0" bw="1" slack="0"/>
<pin id="1232" dir="0" index="1" bw="1" slack="0"/>
<pin id="1233" dir="1" index="2" bw="1" slack="0"/>
</pin_list>
<bind>
<opcode="xor(25) " fcode="xor"/>
<opset="xor_ln218_7/11 "/>
</bind>
</comp>

<comp id="1236" class="1004" name="add_ln216_42_fu_1236">
<pin_list>
<pin id="1237" dir="0" index="0" bw="11" slack="2"/>
<pin id="1238" dir="0" index="1" bw="7" slack="7"/>
<pin id="1239" dir="1" index="2" bw="11" slack="0"/>
</pin_list>
<bind>
<opcode="add(8) " fcode="add"/>
<opset="add_ln216_42/11 "/>
</bind>
</comp>

<comp id="1240" class="1004" name="zext_ln216_51_fu_1240">
<pin_list>
<pin id="1241" dir="0" index="0" bw="11" slack="0"/>
<pin id="1242" dir="1" index="1" bw="64" slack="0"/>
</pin_list>
<bind>
<opcode="zext(34) " fcode="zext"/>
<opset="zext_ln216_51/11 "/>
</bind>
</comp>

<comp id="1245" class="1004" name="and_ln218_10_fu_1245">
<pin_list>
<pin id="1246" dir="0" index="0" bw="1" slack="0"/>
<pin id="1247" dir="0" index="1" bw="1" slack="0"/>
<pin id="1248" dir="1" index="2" bw="1" slack="0"/>
</pin_list>
<bind>
<opcode="and(23) " fcode="and"/>
<opset="and_ln218_10/11 "/>
</bind>
</comp>

<comp id="1251" class="1004" name="and_ln218_11_fu_1251">
<pin_list>
<pin id="1252" dir="0" index="0" bw="1" slack="0"/>
<pin id="1253" dir="0" index="1" bw="1" slack="0"/>
<pin id="1254" dir="1" index="2" bw="1" slack="0"/>
</pin_list>
<bind>
<opcode="and(23) " fcode="and"/>
<opset="and_ln218_11/11 "/>
</bind>
</comp>

<comp id="1257" class="1004" name="and_ln218_12_fu_1257">
<pin_list>
<pin id="1258" dir="0" index="0" bw="1" slack="0"/>
<pin id="1259" dir="0" index="1" bw="1" slack="0"/>
<pin id="1260" dir="1" index="2" bw="1" slack="0"/>
</pin_list>
<bind>
<opcode="and(23) " fcode="and"/>
<opset="and_ln218_12/11 "/>
</bind>
</comp>

<comp id="1263" class="1004" name="and_ln218_13_fu_1263">
<pin_list>
<pin id="1264" dir="0" index="0" bw="1" slack="0"/>
<pin id="1265" dir="0" index="1" bw="1" slack="2"/>
<pin id="1266" dir="1" index="2" bw="1" slack="0"/>
</pin_list>
<bind>
<opcode="and(23) " fcode="and"/>
<opset="and_ln218_13/11 "/>
</bind>
</comp>

<comp id="1268" class="1004" name="and_ln218_14_fu_1268">
<pin_list>
<pin id="1269" dir="0" index="0" bw="1" slack="0"/>
<pin id="1270" dir="0" index="1" bw="1" slack="3"/>
<pin id="1271" dir="1" index="2" bw="1" slack="9"/>
</pin_list>
<bind>
<opcode="and(23) " fcode="and"/>
<opset="and_ln218_14/11 "/>
</bind>
</comp>

<comp id="1273" class="1004" name="add_ln216_1_fu_1273">
<pin_list>
<pin id="1274" dir="0" index="0" bw="11" slack="3"/>
<pin id="1275" dir="0" index="1" bw="6" slack="11"/>
<pin id="1276" dir="1" index="2" bw="11" slack="0"/>
</pin_list>
<bind>
<opcode="add(8) " fcode="add"/>
<opset="add_ln216_1/12 "/>
</bind>
</comp>

<comp id="1277" class="1004" name="zext_ln216_7_fu_1277">
<pin_list>
<pin id="1278" dir="0" index="0" bw="11" slack="0"/>
<pin id="1279" dir="1" index="1" bw="64" slack="0"/>
</pin_list>
<bind>
<opcode="zext(34) " fcode="zext"/>
<opset="zext_ln216_7/12 "/>
</bind>
</comp>

<comp id="1282" class="1004" name="zext_ln394_4_fu_1282">
<pin_list>
<pin id="1283" dir="0" index="0" bw="12" slack="10"/>
<pin id="1284" dir="1" index="1" bw="13" slack="0"/>
</pin_list>
<bind>
<opcode="zext(34) " fcode="zext"/>
<opset="zext_ln394_4/12 "/>
</bind>
</comp>

<comp id="1285" class="1004" name="zext_ln395_2_fu_1285">
<pin_list>
<pin id="1286" dir="0" index="0" bw="12" slack="6"/>
<pin id="1287" dir="1" index="1" bw="13" slack="0"/>
</pin_list>
<bind>
<opcode="zext(34) " fcode="zext"/>
<opset="zext_ln395_2/12 "/>
</bind>
</comp>

<comp id="1289" class="1004" name="zext_ln395_3_fu_1289">
<pin_list>
<pin id="1290" dir="0" index="0" bw="12" slack="3"/>
<pin id="1291" dir="1" index="1" bw="15" slack="0"/>
</pin_list>
<bind>
<opcode="zext(34) " fcode="zext"/>
<opset="zext_ln395_3/12 "/>
</bind>
</comp>

<comp id="1293" class="1004" name="zext_ln395_4_fu_1293">
<pin_list>
<pin id="1294" dir="0" index="0" bw="12" slack="2"/>
<pin id="1295" dir="1" index="1" bw="14" slack="0"/>
</pin_list>
<bind>
<opcode="zext(34) " fcode="zext"/>
<opset="zext_ln395_4/12 "/>
</bind>
</comp>

<comp id="1297" class="1004" name="zext_ln395_5_fu_1297">
<pin_list>
<pin id="1298" dir="0" index="0" bw="12" slack="1"/>
<pin id="1299" dir="1" index="1" bw="13" slack="0"/>
</pin_list>
<bind>
<opcode="zext(34) " fcode="zext"/>
<opset="zext_ln395_5/12 "/>
</bind>
</comp>

<comp id="1300" class="1004" name="zext_ln395_6_fu_1300">
<pin_list>
<pin id="1301" dir="0" index="0" bw="12" slack="0"/>
<pin id="1302" dir="1" index="1" bw="13" slack="0"/>
</pin_list>
<bind>
<opcode="zext(34) " fcode="zext"/>
<opset="zext_ln395_6/12 "/>
</bind>
</comp>

<comp id="1304" class="1004" name="sum7_et_fu_1304">
<pin_list>
<pin id="1305" dir="0" index="0" bw="12" slack="0"/>
<pin id="1306" dir="0" index="1" bw="12" slack="0"/>
<pin id="1307" dir="1" index="2" bw="13" slack="0"/>
</pin_list>
<bind>
<opcode="add(8) " fcode="add"/>
<opset="sum7_et/12 "/>
</bind>
</comp>

<comp id="1310" class="1004" name="zext_ln187_9_fu_1310">
<pin_list>
<pin id="1311" dir="0" index="0" bw="13" slack="0"/>
<pin id="1312" dir="1" index="1" bw="14" slack="0"/>
</pin_list>
<bind>
<opcode="zext(34) " fcode="zext"/>
<opset="zext_ln187_9/12 "/>
</bind>
</comp>

<comp id="1314" class="1004" name="zext_ln187_16_fu_1314">
<pin_list>
<pin id="1315" dir="0" index="0" bw="13" slack="4"/>
<pin id="1316" dir="1" index="1" bw="14" slack="0"/>
</pin_list>
<bind>
<opcode="zext(34) " fcode="zext"/>
<opset="zext_ln187_16/12 "/>
</bind>
</comp>

<comp id="1317" class="1004" name="sum7_et_7_fu_1317">
<pin_list>
<pin id="1318" dir="0" index="0" bw="13" slack="0"/>
<pin id="1319" dir="0" index="1" bw="13" slack="0"/>
<pin id="1320" dir="1" index="2" bw="14" slack="0"/>
</pin_list>
<bind>
<opcode="add(8) " fcode="add"/>
<opset="sum7_et_7/12 "/>
</bind>
</comp>

<comp id="1323" class="1004" name="zext_ln187_10_fu_1323">
<pin_list>
<pin id="1324" dir="0" index="0" bw="14" slack="0"/>
<pin id="1325" dir="1" index="1" bw="15" slack="0"/>
</pin_list>
<bind>
<opcode="zext(34) " fcode="zext"/>
<opset="zext_ln187_10/12 "/>
</bind>
</comp>

<comp id="1327" class="1004" name="add_ln187_11_fu_1327">
<pin_list>
<pin id="1328" dir="0" index="0" bw="14" slack="0"/>
<pin id="1329" dir="0" index="1" bw="12" slack="0"/>
<pin id="1330" dir="1" index="2" bw="15" slack="0"/>
</pin_list>
<bind>
<opcode="add(8) " fcode="add"/>
<opset="add_ln187_11/12 "/>
</bind>
</comp>

<comp id="1333" class="1004" name="add_ln187_12_fu_1333">
<pin_list>
<pin id="1334" dir="0" index="0" bw="12" slack="0"/>
<pin id="1335" dir="0" index="1" bw="12" slack="0"/>
<pin id="1336" dir="1" index="2" bw="13" slack="0"/>
</pin_list>
<bind>
<opcode="add(8) " fcode="add"/>
<opset="add_ln187_12/12 "/>
</bind>
</comp>

<comp id="1339" class="1004" name="zext_ln187_17_fu_1339">
<pin_list>
<pin id="1340" dir="0" index="0" bw="13" slack="0"/>
<pin id="1341" dir="1" index="1" bw="14" slack="0"/>
</pin_list>
<bind>
<opcode="zext(34) " fcode="zext"/>
<opset="zext_ln187_17/12 "/>
</bind>
</comp>

<comp id="1343" class="1004" name="add_ln187_13_fu_1343">
<pin_list>
<pin id="1344" dir="0" index="0" bw="13" slack="0"/>
<pin id="1345" dir="0" index="1" bw="12" slack="0"/>
<pin id="1346" dir="1" index="2" bw="14" slack="0"/>
</pin_list>
<bind>
<opcode="add(8) " fcode="add"/>
<opset="add_ln187_13/12 "/>
</bind>
</comp>

<comp id="1349" class="1004" name="zext_ln187_18_fu_1349">
<pin_list>
<pin id="1350" dir="0" index="0" bw="14" slack="0"/>
<pin id="1351" dir="1" index="1" bw="15" slack="0"/>
</pin_list>
<bind>
<opcode="zext(34) " fcode="zext"/>
<opset="zext_ln187_18/12 "/>
</bind>
</comp>

<comp id="1353" class="1004" name="sum7_et_8_fu_1353">
<pin_list>
<pin id="1354" dir="0" index="0" bw="14" slack="0"/>
<pin id="1355" dir="0" index="1" bw="15" slack="0"/>
<pin id="1356" dir="1" index="2" bw="15" slack="1"/>
</pin_list>
<bind>
<opcode="add(8) " fcode="add"/>
<opset="sum7_et_8/12 "/>
</bind>
</comp>

<comp id="1359" class="1004" name="add_ln216_10_fu_1359">
<pin_list>
<pin id="1360" dir="0" index="0" bw="11" slack="4"/>
<pin id="1361" dir="0" index="1" bw="7" slack="7"/>
<pin id="1362" dir="1" index="2" bw="11" slack="0"/>
</pin_list>
<bind>
<opcode="add(8) " fcode="add"/>
<opset="add_ln216_10/13 "/>
</bind>
</comp>

<comp id="1363" class="1004" name="zext_ln216_19_fu_1363">
<pin_list>
<pin id="1364" dir="0" index="0" bw="11" slack="0"/>
<pin id="1365" dir="1" index="1" bw="64" slack="0"/>
</pin_list>
<bind>
<opcode="zext(34) " fcode="zext"/>
<opset="zext_ln216_19/13 "/>
</bind>
</comp>

<comp id="1368" class="1004" name="zext_ln395_7_fu_1368">
<pin_list>
<pin id="1369" dir="0" index="0" bw="12" slack="0"/>
<pin id="1370" dir="1" index="1" bw="16" slack="0"/>
</pin_list>
<bind>
<opcode="zext(34) " fcode="zext"/>
<opset="zext_ln395_7/13 "/>
</bind>
</comp>

<comp id="1372" class="1004" name="zext_ln187_11_fu_1372">
<pin_list>
<pin id="1373" dir="0" index="0" bw="15" slack="1"/>
<pin id="1374" dir="1" index="1" bw="16" slack="0"/>
</pin_list>
<bind>
<opcode="zext(34) " fcode="zext"/>
<opset="zext_ln187_11/13 "/>
</bind>
</comp>

<comp id="1375" class="1004" name="add_ln187_15_fu_1375">
<pin_list>
<pin id="1376" dir="0" index="0" bw="15" slack="0"/>
<pin id="1377" dir="0" index="1" bw="12" slack="0"/>
<pin id="1378" dir="1" index="2" bw="16" slack="7"/>
</pin_list>
<bind>
<opcode="add(8) " fcode="add"/>
<opset="add_ln187_15/13 "/>
</bind>
</comp>

<comp id="1381" class="1004" name="add_ln216_17_fu_1381">
<pin_list>
<pin id="1382" dir="0" index="0" bw="11" slack="5"/>
<pin id="1383" dir="0" index="1" bw="7" slack="7"/>
<pin id="1384" dir="1" index="2" bw="11" slack="0"/>
</pin_list>
<bind>
<opcode="add(8) " fcode="add"/>
<opset="add_ln216_17/14 "/>
</bind>
</comp>

<comp id="1385" class="1004" name="zext_ln216_26_fu_1385">
<pin_list>
<pin id="1386" dir="0" index="0" bw="11" slack="0"/>
<pin id="1387" dir="1" index="1" bw="64" slack="0"/>
</pin_list>
<bind>
<opcode="zext(34) " fcode="zext"/>
<opset="zext_ln216_26/14 "/>
</bind>
</comp>

<comp id="1390" class="1004" name="add_ln216_24_fu_1390">
<pin_list>
<pin id="1391" dir="0" index="0" bw="11" slack="6"/>
<pin id="1392" dir="0" index="1" bw="7" slack="7"/>
<pin id="1393" dir="1" index="2" bw="11" slack="0"/>
</pin_list>
<bind>
<opcode="add(8) " fcode="add"/>
<opset="add_ln216_24/15 "/>
</bind>
</comp>

<comp id="1394" class="1004" name="zext_ln216_33_fu_1394">
<pin_list>
<pin id="1395" dir="0" index="0" bw="11" slack="0"/>
<pin id="1396" dir="1" index="1" bw="64" slack="0"/>
</pin_list>
<bind>
<opcode="zext(34) " fcode="zext"/>
<opset="zext_ln216_33/15 "/>
</bind>
</comp>

<comp id="1399" class="1004" name="zext_ln395_8_fu_1399">
<pin_list>
<pin id="1400" dir="0" index="0" bw="12" slack="1"/>
<pin id="1401" dir="1" index="1" bw="13" slack="0"/>
</pin_list>
<bind>
<opcode="zext(34) " fcode="zext"/>
<opset="zext_ln395_8/15 "/>
</bind>
</comp>

<comp id="1403" class="1004" name="zext_ln395_9_fu_1403">
<pin_list>
<pin id="1404" dir="0" index="0" bw="12" slack="0"/>
<pin id="1405" dir="1" index="1" bw="13" slack="0"/>
</pin_list>
<bind>
<opcode="zext(34) " fcode="zext"/>
<opset="zext_ln395_9/15 "/>
</bind>
</comp>

<comp id="1407" class="1004" name="add_ln187_16_fu_1407">
<pin_list>
<pin id="1408" dir="0" index="0" bw="12" slack="0"/>
<pin id="1409" dir="0" index="1" bw="12" slack="0"/>
<pin id="1410" dir="1" index="2" bw="13" slack="5"/>
</pin_list>
<bind>
<opcode="add(8) " fcode="add"/>
<opset="add_ln187_16/15 "/>
</bind>
</comp>

<comp id="1413" class="1004" name="empty_99_fu_1413">
<pin_list>
<pin id="1414" dir="0" index="0" bw="5" slack="15"/>
<pin id="1415" dir="0" index="1" bw="1" slack="0"/>
<pin id="1416" dir="1" index="2" bw="5" slack="0"/>
</pin_list>
<bind>
<opcode="add(8) " fcode="add"/>
<opset="empty_99/16 "/>
</bind>
</comp>

<comp id="1418" class="1004" name="p_shl4_fu_1418">
<pin_list>
<pin id="1419" dir="0" index="0" bw="11" slack="0"/>
<pin id="1420" dir="0" index="1" bw="5" slack="0"/>
<pin id="1421" dir="0" index="2" bw="1" slack="0"/>
<pin id="1422" dir="1" index="3" bw="11" slack="0"/>
</pin_list>
<bind>
<opcode="bitconcatenate(1004) " fcode="bitconcatenate"/>
<opset="p_shl4/16 "/>
</bind>
</comp>

<comp id="1426" class="1004" name="tmp_3_fu_1426">
<pin_list>
<pin id="1427" dir="0" index="0" bw="7" slack="0"/>
<pin id="1428" dir="0" index="1" bw="5" slack="0"/>
<pin id="1429" dir="0" index="2" bw="1" slack="0"/>
<pin id="1430" dir="1" index="3" bw="7" slack="0"/>
</pin_list>
<bind>
<opcode="bitconcatenate(1004) " fcode="bitconcatenate"/>
<opset="tmp_3/16 "/>
</bind>
</comp>

<comp id="1434" class="1004" name="zext_ln216_2_fu_1434">
<pin_list>
<pin id="1435" dir="0" index="0" bw="7" slack="0"/>
<pin id="1436" dir="1" index="1" bw="11" slack="0"/>
</pin_list>
<bind>
<opcode="zext(34) " fcode="zext"/>
<opset="zext_ln216_2/16 "/>
</bind>
</comp>

<comp id="1438" class="1004" name="sub_ln216_2_fu_1438">
<pin_list>
<pin id="1439" dir="0" index="0" bw="11" slack="0"/>
<pin id="1440" dir="0" index="1" bw="7" slack="0"/>
<pin id="1441" dir="1" index="2" bw="11" slack="0"/>
</pin_list>
<bind>
<opcode="sub(10) " fcode="sub"/>
<opset="sub_ln216_2/16 "/>
</bind>
</comp>

<comp id="1444" class="1004" name="add_ln216_31_fu_1444">
<pin_list>
<pin id="1445" dir="0" index="0" bw="11" slack="0"/>
<pin id="1446" dir="0" index="1" bw="7" slack="14"/>
<pin id="1447" dir="1" index="2" bw="11" slack="0"/>
</pin_list>
<bind>
<opcode="add(8) " fcode="add"/>
<opset="add_ln216_31/16 "/>
</bind>
</comp>

<comp id="1449" class="1004" name="zext_ln216_40_fu_1449">
<pin_list>
<pin id="1450" dir="0" index="0" bw="11" slack="0"/>
<pin id="1451" dir="1" index="1" bw="64" slack="0"/>
</pin_list>
<bind>
<opcode="zext(34) " fcode="zext"/>
<opset="zext_ln216_40/16 "/>
</bind>
</comp>

<comp id="1454" class="1004" name="xor_ln218_8_fu_1454">
<pin_list>
<pin id="1455" dir="0" index="0" bw="1" slack="1"/>
<pin id="1456" dir="0" index="1" bw="1" slack="0"/>
<pin id="1457" dir="1" index="2" bw="1" slack="0"/>
</pin_list>
<bind>
<opcode="xor(25) " fcode="xor"/>
<opset="xor_ln218_8/16 "/>
</bind>
</comp>

<comp id="1459" class="1004" name="and_ln218_15_fu_1459">
<pin_list>
<pin id="1460" dir="0" index="0" bw="1" slack="3"/>
<pin id="1461" dir="0" index="1" bw="1" slack="4"/>
<pin id="1462" dir="1" index="2" bw="1" slack="0"/>
</pin_list>
<bind>
<opcode="and(23) " fcode="and"/>
<opset="and_ln218_15/16 "/>
</bind>
</comp>

<comp id="1463" class="1004" name="and_ln218_16_fu_1463">
<pin_list>
<pin id="1464" dir="0" index="0" bw="1" slack="0"/>
<pin id="1465" dir="0" index="1" bw="1" slack="0"/>
<pin id="1466" dir="1" index="2" bw="1" slack="0"/>
</pin_list>
<bind>
<opcode="and(23) " fcode="and"/>
<opset="and_ln218_16/16 "/>
</bind>
</comp>

<comp id="1469" class="1004" name="and_ln218_17_fu_1469">
<pin_list>
<pin id="1470" dir="0" index="0" bw="1" slack="0"/>
<pin id="1471" dir="0" index="1" bw="1" slack="1"/>
<pin id="1472" dir="1" index="2" bw="1" slack="0"/>
</pin_list>
<bind>
<opcode="and(23) " fcode="and"/>
<opset="and_ln218_17/16 "/>
</bind>
</comp>

<comp id="1474" class="1004" name="and_ln218_18_fu_1474">
<pin_list>
<pin id="1475" dir="0" index="0" bw="1" slack="0"/>
<pin id="1476" dir="0" index="1" bw="1" slack="1"/>
<pin id="1477" dir="1" index="2" bw="1" slack="0"/>
</pin_list>
<bind>
<opcode="and(23) " fcode="and"/>
<opset="and_ln218_18/16 "/>
</bind>
</comp>

<comp id="1479" class="1004" name="and_ln218_19_fu_1479">
<pin_list>
<pin id="1480" dir="0" index="0" bw="1" slack="0"/>
<pin id="1481" dir="0" index="1" bw="1" slack="0"/>
<pin id="1482" dir="1" index="2" bw="1" slack="4"/>
</pin_list>
<bind>
<opcode="and(23) " fcode="and"/>
<opset="and_ln218_19/16 "/>
</bind>
</comp>

<comp id="1485" class="1004" name="add_ln216_37_fu_1485">
<pin_list>
<pin id="1486" dir="0" index="0" bw="11" slack="1"/>
<pin id="1487" dir="0" index="1" bw="7" slack="14"/>
<pin id="1488" dir="1" index="2" bw="11" slack="0"/>
</pin_list>
<bind>
<opcode="add(8) " fcode="add"/>
<opset="add_ln216_37/17 "/>
</bind>
</comp>

<comp id="1489" class="1004" name="zext_ln216_46_fu_1489">
<pin_list>
<pin id="1490" dir="0" index="0" bw="11" slack="0"/>
<pin id="1491" dir="1" index="1" bw="64" slack="0"/>
</pin_list>
<bind>
<opcode="zext(34) " fcode="zext"/>
<opset="zext_ln216_46/17 "/>
</bind>
</comp>

<comp id="1494" class="1004" name="zext_ln395_10_fu_1494">
<pin_list>
<pin id="1495" dir="0" index="0" bw="12" slack="1"/>
<pin id="1496" dir="1" index="1" bw="13" slack="0"/>
</pin_list>
<bind>
<opcode="zext(34) " fcode="zext"/>
<opset="zext_ln395_10/17 "/>
</bind>
</comp>

<comp id="1498" class="1004" name="zext_ln395_11_fu_1498">
<pin_list>
<pin id="1499" dir="0" index="0" bw="12" slack="0"/>
<pin id="1500" dir="1" index="1" bw="13" slack="0"/>
</pin_list>
<bind>
<opcode="zext(34) " fcode="zext"/>
<opset="zext_ln395_11/17 "/>
</bind>
</comp>

<comp id="1502" class="1004" name="add_ln187_18_fu_1502">
<pin_list>
<pin id="1503" dir="0" index="0" bw="12" slack="0"/>
<pin id="1504" dir="0" index="1" bw="12" slack="0"/>
<pin id="1505" dir="1" index="2" bw="13" slack="3"/>
</pin_list>
<bind>
<opcode="add(8) " fcode="add"/>
<opset="add_ln187_18/17 "/>
</bind>
</comp>

<comp id="1508" class="1004" name="add_ln216_43_fu_1508">
<pin_list>
<pin id="1509" dir="0" index="0" bw="11" slack="2"/>
<pin id="1510" dir="0" index="1" bw="7" slack="14"/>
<pin id="1511" dir="1" index="2" bw="11" slack="0"/>
</pin_list>
<bind>
<opcode="add(8) " fcode="add"/>
<opset="add_ln216_43/18 "/>
</bind>
</comp>

<comp id="1512" class="1004" name="zext_ln216_52_fu_1512">
<pin_list>
<pin id="1513" dir="0" index="0" bw="11" slack="0"/>
<pin id="1514" dir="1" index="1" bw="64" slack="0"/>
</pin_list>
<bind>
<opcode="zext(34) " fcode="zext"/>
<opset="zext_ln216_52/18 "/>
</bind>
</comp>

<comp id="1517" class="1004" name="xor_ln218_9_fu_1517">
<pin_list>
<pin id="1518" dir="0" index="0" bw="1" slack="1"/>
<pin id="1519" dir="0" index="1" bw="1" slack="0"/>
<pin id="1520" dir="1" index="2" bw="1" slack="0"/>
</pin_list>
<bind>
<opcode="xor(25) " fcode="xor"/>
<opset="xor_ln218_9/18 "/>
</bind>
</comp>

<comp id="1522" class="1004" name="xor_ln218_10_fu_1522">
<pin_list>
<pin id="1523" dir="0" index="0" bw="1" slack="1"/>
<pin id="1524" dir="0" index="1" bw="1" slack="0"/>
<pin id="1525" dir="1" index="2" bw="1" slack="0"/>
</pin_list>
<bind>
<opcode="xor(25) " fcode="xor"/>
<opset="xor_ln218_10/18 "/>
</bind>
</comp>

<comp id="1527" class="1004" name="and_ln218_20_fu_1527">
<pin_list>
<pin id="1528" dir="0" index="0" bw="1" slack="0"/>
<pin id="1529" dir="0" index="1" bw="1" slack="1"/>
<pin id="1530" dir="1" index="2" bw="1" slack="0"/>
</pin_list>
<bind>
<opcode="and(23) " fcode="and"/>
<opset="and_ln218_20/18 "/>
</bind>
</comp>

<comp id="1532" class="1004" name="and_ln218_21_fu_1532">
<pin_list>
<pin id="1533" dir="0" index="0" bw="1" slack="0"/>
<pin id="1534" dir="0" index="1" bw="1" slack="0"/>
<pin id="1535" dir="1" index="2" bw="1" slack="0"/>
</pin_list>
<bind>
<opcode="and(23) " fcode="and"/>
<opset="and_ln218_21/18 "/>
</bind>
</comp>

<comp id="1538" class="1004" name="and_ln218_22_fu_1538">
<pin_list>
<pin id="1539" dir="0" index="0" bw="1" slack="0"/>
<pin id="1540" dir="0" index="1" bw="1" slack="0"/>
<pin id="1541" dir="1" index="2" bw="1" slack="2"/>
</pin_list>
<bind>
<opcode="and(23) " fcode="and"/>
<opset="and_ln218_22/18 "/>
</bind>
</comp>

<comp id="1544" class="1004" name="add_ln216_2_fu_1544">
<pin_list>
<pin id="1545" dir="0" index="0" bw="11" slack="3"/>
<pin id="1546" dir="0" index="1" bw="6" slack="18"/>
<pin id="1547" dir="1" index="2" bw="11" slack="0"/>
</pin_list>
<bind>
<opcode="add(8) " fcode="add"/>
<opset="add_ln216_2/19 "/>
</bind>
</comp>

<comp id="1548" class="1004" name="zext_ln216_8_fu_1548">
<pin_list>
<pin id="1549" dir="0" index="0" bw="11" slack="0"/>
<pin id="1550" dir="1" index="1" bw="64" slack="0"/>
</pin_list>
<bind>
<opcode="zext(34) " fcode="zext"/>
<opset="zext_ln216_8/19 "/>
</bind>
</comp>

<comp id="1553" class="1004" name="add_ln216_11_fu_1553">
<pin_list>
<pin id="1554" dir="0" index="0" bw="11" slack="4"/>
<pin id="1555" dir="0" index="1" bw="7" slack="14"/>
<pin id="1556" dir="1" index="2" bw="11" slack="0"/>
</pin_list>
<bind>
<opcode="add(8) " fcode="add"/>
<opset="add_ln216_11/20 "/>
</bind>
</comp>

<comp id="1557" class="1004" name="zext_ln216_20_fu_1557">
<pin_list>
<pin id="1558" dir="0" index="0" bw="11" slack="0"/>
<pin id="1559" dir="1" index="1" bw="64" slack="0"/>
</pin_list>
<bind>
<opcode="zext(34) " fcode="zext"/>
<opset="zext_ln216_20/20 "/>
</bind>
</comp>

<comp id="1562" class="1004" name="xor_ln218_11_fu_1562">
<pin_list>
<pin id="1563" dir="0" index="0" bw="1" slack="0"/>
<pin id="1564" dir="0" index="1" bw="1" slack="0"/>
<pin id="1565" dir="1" index="2" bw="1" slack="0"/>
</pin_list>
<bind>
<opcode="xor(25) " fcode="xor"/>
<opset="xor_ln218_11/20 "/>
</bind>
</comp>

<comp id="1568" class="1004" name="xor_ln218_12_fu_1568">
<pin_list>
<pin id="1569" dir="0" index="0" bw="1" slack="0"/>
<pin id="1570" dir="0" index="1" bw="1" slack="0"/>
<pin id="1571" dir="1" index="2" bw="1" slack="0"/>
</pin_list>
<bind>
<opcode="xor(25) " fcode="xor"/>
<opset="xor_ln218_12/20 "/>
</bind>
</comp>

<comp id="1574" class="1004" name="and_ln218_24_fu_1574">
<pin_list>
<pin id="1575" dir="0" index="0" bw="1" slack="0"/>
<pin id="1576" dir="0" index="1" bw="1" slack="0"/>
<pin id="1577" dir="1" index="2" bw="1" slack="0"/>
</pin_list>
<bind>
<opcode="and(23) " fcode="and"/>
<opset="and_ln218_24/20 "/>
</bind>
</comp>

<comp id="1580" class="1004" name="and_ln218_25_fu_1580">
<pin_list>
<pin id="1581" dir="0" index="0" bw="1" slack="0"/>
<pin id="1582" dir="0" index="1" bw="1" slack="0"/>
<pin id="1583" dir="1" index="2" bw="1" slack="0"/>
</pin_list>
<bind>
<opcode="and(23) " fcode="and"/>
<opset="and_ln218_25/20 "/>
</bind>
</comp>

<comp id="1586" class="1004" name="and_ln218_26_fu_1586">
<pin_list>
<pin id="1587" dir="0" index="0" bw="1" slack="0"/>
<pin id="1588" dir="0" index="1" bw="1" slack="0"/>
<pin id="1589" dir="1" index="2" bw="1" slack="0"/>
</pin_list>
<bind>
<opcode="and(23) " fcode="and"/>
<opset="and_ln218_26/20 "/>
</bind>
</comp>

<comp id="1592" class="1004" name="and_ln218_27_fu_1592">
<pin_list>
<pin id="1593" dir="0" index="0" bw="1" slack="0"/>
<pin id="1594" dir="0" index="1" bw="1" slack="2"/>
<pin id="1595" dir="1" index="2" bw="1" slack="0"/>
</pin_list>
<bind>
<opcode="and(23) " fcode="and"/>
<opset="and_ln218_27/20 "/>
</bind>
</comp>

<comp id="1597" class="1004" name="and_ln218_28_fu_1597">
<pin_list>
<pin id="1598" dir="0" index="0" bw="1" slack="0"/>
<pin id="1599" dir="0" index="1" bw="1" slack="4"/>
<pin id="1600" dir="1" index="2" bw="1" slack="0"/>
</pin_list>
<bind>
<opcode="and(23) " fcode="and"/>
<opset="and_ln218_28/20 "/>
</bind>
</comp>

<comp id="1602" class="1004" name="and_ln218_29_fu_1602">
<pin_list>
<pin id="1603" dir="0" index="0" bw="1" slack="0"/>
<pin id="1604" dir="0" index="1" bw="1" slack="9"/>
<pin id="1605" dir="1" index="2" bw="1" slack="29"/>
</pin_list>
<bind>
<opcode="and(23) " fcode="and"/>
<opset="and_ln218_29/20 "/>
</bind>
</comp>

<comp id="1607" class="1004" name="zext_ln187_fu_1607">
<pin_list>
<pin id="1608" dir="0" index="0" bw="12" slack="1"/>
<pin id="1609" dir="1" index="1" bw="13" slack="0"/>
</pin_list>
<bind>
<opcode="zext(34) " fcode="zext"/>
<opset="zext_ln187/20 "/>
</bind>
</comp>

<comp id="1611" class="1004" name="zext_ln394_fu_1611">
<pin_list>
<pin id="1612" dir="0" index="0" bw="12" slack="0"/>
<pin id="1613" dir="1" index="1" bw="13" slack="0"/>
</pin_list>
<bind>
<opcode="zext(34) " fcode="zext"/>
<opset="zext_ln394/20 "/>
</bind>
</comp>

<comp id="1615" class="1004" name="core3_et_fu_1615">
<pin_list>
<pin id="1616" dir="0" index="0" bw="12" slack="0"/>
<pin id="1617" dir="0" index="1" bw="12" slack="8"/>
<pin id="1618" dir="1" index="2" bw="13" slack="1"/>
</pin_list>
<bind>
<opcode="add(8) " fcode="add"/>
<opset="core3_et/20 "/>
</bind>
</comp>

<comp id="1620" class="1004" name="zext_ln395_12_fu_1620">
<pin_list>
<pin id="1621" dir="0" index="0" bw="12" slack="2"/>
<pin id="1622" dir="1" index="1" bw="14" slack="0"/>
</pin_list>
<bind>
<opcode="zext(34) " fcode="zext"/>
<opset="zext_ln395_12/20 "/>
</bind>
</comp>

<comp id="1624" class="1004" name="zext_ln187_19_fu_1624">
<pin_list>
<pin id="1625" dir="0" index="0" bw="13" slack="5"/>
<pin id="1626" dir="1" index="1" bw="16" slack="0"/>
</pin_list>
<bind>
<opcode="zext(34) " fcode="zext"/>
<opset="zext_ln187_19/20 "/>
</bind>
</comp>

<comp id="1627" class="1004" name="add_ln187_17_fu_1627">
<pin_list>
<pin id="1628" dir="0" index="0" bw="13" slack="0"/>
<pin id="1629" dir="0" index="1" bw="16" slack="7"/>
<pin id="1630" dir="1" index="2" bw="16" slack="0"/>
</pin_list>
<bind>
<opcode="add(8) " fcode="add"/>
<opset="add_ln187_17/20 "/>
</bind>
</comp>

<comp id="1632" class="1004" name="zext_ln187_20_fu_1632">
<pin_list>
<pin id="1633" dir="0" index="0" bw="13" slack="3"/>
<pin id="1634" dir="1" index="1" bw="15" slack="0"/>
</pin_list>
<bind>
<opcode="zext(34) " fcode="zext"/>
<opset="zext_ln187_20/20 "/>
</bind>
</comp>

<comp id="1635" class="1004" name="add_ln187_19_fu_1635">
<pin_list>
<pin id="1636" dir="0" index="0" bw="12" slack="0"/>
<pin id="1637" dir="0" index="1" bw="12" slack="0"/>
<pin id="1638" dir="1" index="2" bw="13" slack="0"/>
</pin_list>
<bind>
<opcode="add(8) " fcode="add"/>
<opset="add_ln187_19/20 "/>
</bind>
</comp>

<comp id="1641" class="1004" name="zext_ln187_21_fu_1641">
<pin_list>
<pin id="1642" dir="0" index="0" bw="13" slack="0"/>
<pin id="1643" dir="1" index="1" bw="14" slack="0"/>
</pin_list>
<bind>
<opcode="zext(34) " fcode="zext"/>
<opset="zext_ln187_21/20 "/>
</bind>
</comp>

<comp id="1645" class="1004" name="add_ln187_20_fu_1645">
<pin_list>
<pin id="1646" dir="0" index="0" bw="13" slack="0"/>
<pin id="1647" dir="0" index="1" bw="12" slack="0"/>
<pin id="1648" dir="1" index="2" bw="14" slack="0"/>
</pin_list>
<bind>
<opcode="add(8) " fcode="add"/>
<opset="add_ln187_20/20 "/>
</bind>
</comp>

<comp id="1651" class="1004" name="zext_ln187_22_fu_1651">
<pin_list>
<pin id="1652" dir="0" index="0" bw="14" slack="0"/>
<pin id="1653" dir="1" index="1" bw="15" slack="0"/>
</pin_list>
<bind>
<opcode="zext(34) " fcode="zext"/>
<opset="zext_ln187_22/20 "/>
</bind>
</comp>

<comp id="1655" class="1004" name="add_ln187_21_fu_1655">
<pin_list>
<pin id="1656" dir="0" index="0" bw="14" slack="0"/>
<pin id="1657" dir="0" index="1" bw="13" slack="0"/>
<pin id="1658" dir="1" index="2" bw="15" slack="0"/>
</pin_list>
<bind>
<opcode="add(8) " fcode="add"/>
<opset="add_ln187_21/20 "/>
</bind>
</comp>

<comp id="1661" class="1004" name="zext_ln187_23_fu_1661">
<pin_list>
<pin id="1662" dir="0" index="0" bw="15" slack="0"/>
<pin id="1663" dir="1" index="1" bw="16" slack="0"/>
</pin_list>
<bind>
<opcode="zext(34) " fcode="zext"/>
<opset="zext_ln187_23/20 "/>
</bind>
</comp>

<comp id="1665" class="1004" name="sum7_et_9_fu_1665">
<pin_list>
<pin id="1666" dir="0" index="0" bw="15" slack="0"/>
<pin id="1667" dir="0" index="1" bw="16" slack="0"/>
<pin id="1668" dir="1" index="2" bw="16" slack="3"/>
</pin_list>
<bind>
<opcode="add(8) " fcode="add"/>
<opset="sum7_et_9/20 "/>
</bind>
</comp>

<comp id="1671" class="1004" name="add_ln216_18_fu_1671">
<pin_list>
<pin id="1672" dir="0" index="0" bw="11" slack="5"/>
<pin id="1673" dir="0" index="1" bw="7" slack="14"/>
<pin id="1674" dir="1" index="2" bw="11" slack="0"/>
</pin_list>
<bind>
<opcode="add(8) " fcode="add"/>
<opset="add_ln216_18/21 "/>
</bind>
</comp>

<comp id="1675" class="1004" name="zext_ln216_27_fu_1675">
<pin_list>
<pin id="1676" dir="0" index="0" bw="11" slack="0"/>
<pin id="1677" dir="1" index="1" bw="64" slack="0"/>
</pin_list>
<bind>
<opcode="zext(34) " fcode="zext"/>
<opset="zext_ln216_27/21 "/>
</bind>
</comp>

<comp id="1680" class="1004" name="zext_ln183_fu_1680">
<pin_list>
<pin id="1681" dir="0" index="0" bw="12" slack="0"/>
<pin id="1682" dir="1" index="1" bw="13" slack="0"/>
</pin_list>
<bind>
<opcode="zext(34) " fcode="zext"/>
<opset="zext_ln183/21 "/>
</bind>
</comp>

<comp id="1684" class="1004" name="zext_ln187_2_fu_1684">
<pin_list>
<pin id="1685" dir="0" index="0" bw="13" slack="1"/>
<pin id="1686" dir="1" index="1" bw="14" slack="0"/>
</pin_list>
<bind>
<opcode="zext(34) " fcode="zext"/>
<opset="zext_ln187_2/21 "/>
</bind>
</comp>

<comp id="1687" class="1004" name="add_ln187_1_fu_1687">
<pin_list>
<pin id="1688" dir="0" index="0" bw="12" slack="1"/>
<pin id="1689" dir="0" index="1" bw="12" slack="0"/>
<pin id="1690" dir="1" index="2" bw="13" slack="0"/>
</pin_list>
<bind>
<opcode="add(8) " fcode="add"/>
<opset="add_ln187_1/21 "/>
</bind>
</comp>

<comp id="1692" class="1004" name="zext_ln187_3_fu_1692">
<pin_list>
<pin id="1693" dir="0" index="0" bw="13" slack="0"/>
<pin id="1694" dir="1" index="1" bw="14" slack="0"/>
</pin_list>
<bind>
<opcode="zext(34) " fcode="zext"/>
<opset="zext_ln187_3/21 "/>
</bind>
</comp>

<comp id="1696" class="1004" name="core3_et_1_fu_1696">
<pin_list>
<pin id="1697" dir="0" index="0" bw="13" slack="0"/>
<pin id="1698" dir="0" index="1" bw="13" slack="0"/>
<pin id="1699" dir="1" index="2" bw="14" slack="12"/>
</pin_list>
<bind>
<opcode="add(8) " fcode="add"/>
<opset="core3_et_1/21 "/>
</bind>
</comp>

<comp id="1702" class="1004" name="add_ln216_25_fu_1702">
<pin_list>
<pin id="1703" dir="0" index="0" bw="11" slack="6"/>
<pin id="1704" dir="0" index="1" bw="7" slack="14"/>
<pin id="1705" dir="1" index="2" bw="11" slack="0"/>
</pin_list>
<bind>
<opcode="add(8) " fcode="add"/>
<opset="add_ln216_25/22 "/>
</bind>
</comp>

<comp id="1706" class="1004" name="zext_ln216_34_fu_1706">
<pin_list>
<pin id="1707" dir="0" index="0" bw="11" slack="0"/>
<pin id="1708" dir="1" index="1" bw="64" slack="0"/>
</pin_list>
<bind>
<opcode="zext(34) " fcode="zext"/>
<opset="zext_ln216_34/22 "/>
</bind>
</comp>

<comp id="1711" class="1004" name="add_ln216_32_fu_1711">
<pin_list>
<pin id="1712" dir="0" index="0" bw="11" slack="22"/>
<pin id="1713" dir="0" index="1" bw="7" slack="21"/>
<pin id="1714" dir="1" index="2" bw="11" slack="0"/>
</pin_list>
<bind>
<opcode="add(8) " fcode="add"/>
<opset="add_ln216_32/23 "/>
</bind>
</comp>

<comp id="1715" class="1004" name="zext_ln216_41_fu_1715">
<pin_list>
<pin id="1716" dir="0" index="0" bw="11" slack="0"/>
<pin id="1717" dir="1" index="1" bw="64" slack="0"/>
</pin_list>
<bind>
<opcode="zext(34) " fcode="zext"/>
<opset="zext_ln216_41/23 "/>
</bind>
</comp>

<comp id="1720" class="1004" name="icmp_ln218_41_fu_1720">
<pin_list>
<pin id="1721" dir="0" index="0" bw="12" slack="1"/>
<pin id="1722" dir="0" index="1" bw="12" slack="21"/>
<pin id="1723" dir="1" index="2" bw="1" slack="1"/>
</pin_list>
<bind>
<opcode="icmp(45) " fcode="icmp"/>
<opset="icmp_ln218_41/23 "/>
</bind>
</comp>

<comp id="1725" class="1004" name="zext_ln394_1_fu_1725">
<pin_list>
<pin id="1726" dir="0" index="0" bw="12" slack="2"/>
<pin id="1727" dir="1" index="1" bw="17" slack="0"/>
</pin_list>
<bind>
<opcode="zext(34) " fcode="zext"/>
<opset="zext_ln394_1/23 "/>
</bind>
</comp>

<comp id="1729" class="1004" name="zext_ln395_13_fu_1729">
<pin_list>
<pin id="1730" dir="0" index="0" bw="12" slack="1"/>
<pin id="1731" dir="1" index="1" bw="13" slack="0"/>
</pin_list>
<bind>
<opcode="zext(34) " fcode="zext"/>
<opset="zext_ln395_13/23 "/>
</bind>
</comp>

<comp id="1733" class="1004" name="zext_ln183_1_fu_1733">
<pin_list>
<pin id="1734" dir="0" index="0" bw="12" slack="0"/>
<pin id="1735" dir="1" index="1" bw="13" slack="0"/>
</pin_list>
<bind>
<opcode="zext(34) " fcode="zext"/>
<opset="zext_ln183_1/23 "/>
</bind>
</comp>

<comp id="1737" class="1004" name="zext_ln187_12_fu_1737">
<pin_list>
<pin id="1738" dir="0" index="0" bw="16" slack="3"/>
<pin id="1739" dir="1" index="1" bw="17" slack="0"/>
</pin_list>
<bind>
<opcode="zext(34) " fcode="zext"/>
<opset="zext_ln187_12/23 "/>
</bind>
</comp>

<comp id="1740" class="1004" name="add_ln187_23_fu_1740">
<pin_list>
<pin id="1741" dir="0" index="0" bw="16" slack="0"/>
<pin id="1742" dir="0" index="1" bw="12" slack="0"/>
<pin id="1743" dir="1" index="2" bw="17" slack="0"/>
</pin_list>
<bind>
<opcode="add(8) " fcode="add"/>
<opset="add_ln187_23/23 "/>
</bind>
</comp>

<comp id="1746" class="1004" name="add_ln187_24_fu_1746">
<pin_list>
<pin id="1747" dir="0" index="0" bw="12" slack="0"/>
<pin id="1748" dir="0" index="1" bw="12" slack="0"/>
<pin id="1749" dir="1" index="2" bw="13" slack="0"/>
</pin_list>
<bind>
<opcode="add(8) " fcode="add"/>
<opset="add_ln187_24/23 "/>
</bind>
</comp>

<comp id="1752" class="1004" name="zext_ln187_24_fu_1752">
<pin_list>
<pin id="1753" dir="0" index="0" bw="13" slack="0"/>
<pin id="1754" dir="1" index="1" bw="17" slack="0"/>
</pin_list>
<bind>
<opcode="zext(34) " fcode="zext"/>
<opset="zext_ln187_24/23 "/>
</bind>
</comp>

<comp id="1756" class="1004" name="add_ln187_25_fu_1756">
<pin_list>
<pin id="1757" dir="0" index="0" bw="13" slack="0"/>
<pin id="1758" dir="0" index="1" bw="17" slack="0"/>
<pin id="1759" dir="1" index="2" bw="17" slack="13"/>
</pin_list>
<bind>
<opcode="add(8) " fcode="add"/>
<opset="add_ln187_25/23 "/>
</bind>
</comp>

<comp id="1762" class="1004" name="add_ln216_38_fu_1762">
<pin_list>
<pin id="1763" dir="0" index="0" bw="11" slack="23"/>
<pin id="1764" dir="0" index="1" bw="7" slack="21"/>
<pin id="1765" dir="1" index="2" bw="11" slack="0"/>
</pin_list>
<bind>
<opcode="add(8) " fcode="add"/>
<opset="add_ln216_38/24 "/>
</bind>
</comp>

<comp id="1766" class="1004" name="zext_ln216_47_fu_1766">
<pin_list>
<pin id="1767" dir="0" index="0" bw="11" slack="0"/>
<pin id="1768" dir="1" index="1" bw="64" slack="0"/>
</pin_list>
<bind>
<opcode="zext(34) " fcode="zext"/>
<opset="zext_ln216_47/24 "/>
</bind>
</comp>

<comp id="1771" class="1004" name="and_ln218_30_fu_1771">
<pin_list>
<pin id="1772" dir="0" index="0" bw="1" slack="1"/>
<pin id="1773" dir="0" index="1" bw="1" slack="1"/>
<pin id="1774" dir="1" index="2" bw="1" slack="0"/>
</pin_list>
<bind>
<opcode="and(23) " fcode="and"/>
<opset="and_ln218_30/24 "/>
</bind>
</comp>

<comp id="1775" class="1004" name="and_ln218_31_fu_1775">
<pin_list>
<pin id="1776" dir="0" index="0" bw="1" slack="0"/>
<pin id="1777" dir="0" index="1" bw="1" slack="1"/>
<pin id="1778" dir="1" index="2" bw="1" slack="0"/>
</pin_list>
<bind>
<opcode="and(23) " fcode="and"/>
<opset="and_ln218_31/24 "/>
</bind>
</comp>

<comp id="1780" class="1004" name="and_ln218_32_fu_1780">
<pin_list>
<pin id="1781" dir="0" index="0" bw="1" slack="0"/>
<pin id="1782" dir="0" index="1" bw="1" slack="0"/>
<pin id="1783" dir="1" index="2" bw="1" slack="25"/>
</pin_list>
<bind>
<opcode="and(23) " fcode="and"/>
<opset="and_ln218_32/24 "/>
</bind>
</comp>

<comp id="1786" class="1004" name="add_ln216_44_fu_1786">
<pin_list>
<pin id="1787" dir="0" index="0" bw="11" slack="24"/>
<pin id="1788" dir="0" index="1" bw="7" slack="21"/>
<pin id="1789" dir="1" index="2" bw="11" slack="0"/>
</pin_list>
<bind>
<opcode="add(8) " fcode="add"/>
<opset="add_ln216_44/25 "/>
</bind>
</comp>

<comp id="1790" class="1004" name="zext_ln216_53_fu_1790">
<pin_list>
<pin id="1791" dir="0" index="0" bw="11" slack="0"/>
<pin id="1792" dir="1" index="1" bw="64" slack="0"/>
</pin_list>
<bind>
<opcode="zext(34) " fcode="zext"/>
<opset="zext_ln216_53/25 "/>
</bind>
</comp>

<comp id="1795" class="1004" name="zext_ln395_14_fu_1795">
<pin_list>
<pin id="1796" dir="0" index="0" bw="12" slack="1"/>
<pin id="1797" dir="1" index="1" bw="13" slack="0"/>
</pin_list>
<bind>
<opcode="zext(34) " fcode="zext"/>
<opset="zext_ln395_14/25 "/>
</bind>
</comp>

<comp id="1799" class="1004" name="zext_ln395_15_fu_1799">
<pin_list>
<pin id="1800" dir="0" index="0" bw="12" slack="0"/>
<pin id="1801" dir="1" index="1" bw="13" slack="0"/>
</pin_list>
<bind>
<opcode="zext(34) " fcode="zext"/>
<opset="zext_ln395_15/25 "/>
</bind>
</comp>

<comp id="1803" class="1004" name="add_ln187_26_fu_1803">
<pin_list>
<pin id="1804" dir="0" index="0" bw="12" slack="0"/>
<pin id="1805" dir="0" index="1" bw="12" slack="0"/>
<pin id="1806" dir="1" index="2" bw="13" slack="8"/>
</pin_list>
<bind>
<opcode="add(8) " fcode="add"/>
<opset="add_ln187_26/25 "/>
</bind>
</comp>

<comp id="1809" class="1004" name="add_ln216_12_fu_1809">
<pin_list>
<pin id="1810" dir="0" index="0" bw="11" slack="25"/>
<pin id="1811" dir="0" index="1" bw="7" slack="20"/>
<pin id="1812" dir="1" index="2" bw="11" slack="0"/>
</pin_list>
<bind>
<opcode="add(8) " fcode="add"/>
<opset="add_ln216_12/26 "/>
</bind>
</comp>

<comp id="1813" class="1004" name="zext_ln216_21_fu_1813">
<pin_list>
<pin id="1814" dir="0" index="0" bw="11" slack="0"/>
<pin id="1815" dir="1" index="1" bw="64" slack="0"/>
</pin_list>
<bind>
<opcode="zext(34) " fcode="zext"/>
<opset="zext_ln216_21/26 "/>
</bind>
</comp>

<comp id="1818" class="1004" name="add_ln216_19_fu_1818">
<pin_list>
<pin id="1819" dir="0" index="0" bw="11" slack="26"/>
<pin id="1820" dir="0" index="1" bw="7" slack="20"/>
<pin id="1821" dir="1" index="2" bw="11" slack="0"/>
</pin_list>
<bind>
<opcode="add(8) " fcode="add"/>
<opset="add_ln216_19/27 "/>
</bind>
</comp>

<comp id="1822" class="1004" name="zext_ln216_28_fu_1822">
<pin_list>
<pin id="1823" dir="0" index="0" bw="11" slack="0"/>
<pin id="1824" dir="1" index="1" bw="64" slack="0"/>
</pin_list>
<bind>
<opcode="zext(34) " fcode="zext"/>
<opset="zext_ln216_28/27 "/>
</bind>
</comp>

<comp id="1827" class="1004" name="add_ln216_26_fu_1827">
<pin_list>
<pin id="1828" dir="0" index="0" bw="11" slack="27"/>
<pin id="1829" dir="0" index="1" bw="7" slack="20"/>
<pin id="1830" dir="1" index="2" bw="11" slack="0"/>
</pin_list>
<bind>
<opcode="add(8) " fcode="add"/>
<opset="add_ln216_26/28 "/>
</bind>
</comp>

<comp id="1831" class="1004" name="zext_ln216_35_fu_1831">
<pin_list>
<pin id="1832" dir="0" index="0" bw="11" slack="0"/>
<pin id="1833" dir="1" index="1" bw="64" slack="0"/>
</pin_list>
<bind>
<opcode="zext(34) " fcode="zext"/>
<opset="zext_ln216_35/28 "/>
</bind>
</comp>

<comp id="1836" class="1004" name="p_shl5_fu_1836">
<pin_list>
<pin id="1837" dir="0" index="0" bw="11" slack="0"/>
<pin id="1838" dir="0" index="1" bw="5" slack="28"/>
<pin id="1839" dir="0" index="2" bw="1" slack="0"/>
<pin id="1840" dir="1" index="3" bw="11" slack="0"/>
</pin_list>
<bind>
<opcode="bitconcatenate(1004) " fcode="bitconcatenate"/>
<opset="p_shl5/29 "/>
</bind>
</comp>

<comp id="1843" class="1004" name="tmp_4_fu_1843">
<pin_list>
<pin id="1844" dir="0" index="0" bw="7" slack="0"/>
<pin id="1845" dir="0" index="1" bw="5" slack="28"/>
<pin id="1846" dir="0" index="2" bw="1" slack="0"/>
<pin id="1847" dir="1" index="3" bw="7" slack="0"/>
</pin_list>
<bind>
<opcode="bitconcatenate(1004) " fcode="bitconcatenate"/>
<opset="tmp_4/29 "/>
</bind>
</comp>

<comp id="1850" class="1004" name="zext_ln216_3_fu_1850">
<pin_list>
<pin id="1851" dir="0" index="0" bw="7" slack="0"/>
<pin id="1852" dir="1" index="1" bw="11" slack="0"/>
</pin_list>
<bind>
<opcode="zext(34) " fcode="zext"/>
<opset="zext_ln216_3/29 "/>
</bind>
</comp>

<comp id="1854" class="1004" name="sub_ln216_3_fu_1854">
<pin_list>
<pin id="1855" dir="0" index="0" bw="11" slack="0"/>
<pin id="1856" dir="0" index="1" bw="7" slack="0"/>
<pin id="1857" dir="1" index="2" bw="11" slack="0"/>
</pin_list>
<bind>
<opcode="sub(10) " fcode="sub"/>
<opset="sub_ln216_3/29 "/>
</bind>
</comp>

<comp id="1860" class="1004" name="add_ln216_33_fu_1860">
<pin_list>
<pin id="1861" dir="0" index="0" bw="11" slack="0"/>
<pin id="1862" dir="0" index="1" bw="7" slack="27"/>
<pin id="1863" dir="1" index="2" bw="11" slack="0"/>
</pin_list>
<bind>
<opcode="add(8) " fcode="add"/>
<opset="add_ln216_33/29 "/>
</bind>
</comp>

<comp id="1865" class="1004" name="zext_ln216_42_fu_1865">
<pin_list>
<pin id="1866" dir="0" index="0" bw="11" slack="0"/>
<pin id="1867" dir="1" index="1" bw="64" slack="0"/>
</pin_list>
<bind>
<opcode="zext(34) " fcode="zext"/>
<opset="zext_ln216_42/29 "/>
</bind>
</comp>

<comp id="1870" class="1004" name="zext_ln395_16_fu_1870">
<pin_list>
<pin id="1871" dir="0" index="0" bw="12" slack="1"/>
<pin id="1872" dir="1" index="1" bw="13" slack="0"/>
</pin_list>
<bind>
<opcode="zext(34) " fcode="zext"/>
<opset="zext_ln395_16/29 "/>
</bind>
</comp>

<comp id="1874" class="1004" name="zext_ln395_17_fu_1874">
<pin_list>
<pin id="1875" dir="0" index="0" bw="12" slack="0"/>
<pin id="1876" dir="1" index="1" bw="13" slack="0"/>
</pin_list>
<bind>
<opcode="zext(34) " fcode="zext"/>
<opset="zext_ln395_17/29 "/>
</bind>
</comp>

<comp id="1878" class="1004" name="add_ln187_30_fu_1878">
<pin_list>
<pin id="1879" dir="0" index="0" bw="12" slack="0"/>
<pin id="1880" dir="0" index="1" bw="12" slack="0"/>
<pin id="1881" dir="1" index="2" bw="13" slack="2"/>
</pin_list>
<bind>
<opcode="add(8) " fcode="add"/>
<opset="add_ln187_30/29 "/>
</bind>
</comp>

<comp id="1884" class="1004" name="add_ln216_39_fu_1884">
<pin_list>
<pin id="1885" dir="0" index="0" bw="11" slack="1"/>
<pin id="1886" dir="0" index="1" bw="7" slack="27"/>
<pin id="1887" dir="1" index="2" bw="11" slack="0"/>
</pin_list>
<bind>
<opcode="add(8) " fcode="add"/>
<opset="add_ln216_39/30 "/>
</bind>
</comp>

<comp id="1888" class="1004" name="zext_ln216_48_fu_1888">
<pin_list>
<pin id="1889" dir="0" index="0" bw="11" slack="0"/>
<pin id="1890" dir="1" index="1" bw="64" slack="0"/>
</pin_list>
<bind>
<opcode="zext(34) " fcode="zext"/>
<opset="zext_ln216_48/30 "/>
</bind>
</comp>

<comp id="1893" class="1004" name="add_ln216_45_fu_1893">
<pin_list>
<pin id="1894" dir="0" index="0" bw="11" slack="2"/>
<pin id="1895" dir="0" index="1" bw="7" slack="27"/>
<pin id="1896" dir="1" index="2" bw="11" slack="0"/>
</pin_list>
<bind>
<opcode="add(8) " fcode="add"/>
<opset="add_ln216_45/31 "/>
</bind>
</comp>

<comp id="1897" class="1004" name="zext_ln216_54_fu_1897">
<pin_list>
<pin id="1898" dir="0" index="0" bw="11" slack="0"/>
<pin id="1899" dir="1" index="1" bw="64" slack="0"/>
</pin_list>
<bind>
<opcode="zext(34) " fcode="zext"/>
<opset="zext_ln216_54/31 "/>
</bind>
</comp>

<comp id="1902" class="1004" name="xor_ln218_13_fu_1902">
<pin_list>
<pin id="1903" dir="0" index="0" bw="1" slack="0"/>
<pin id="1904" dir="0" index="1" bw="1" slack="0"/>
<pin id="1905" dir="1" index="2" bw="1" slack="0"/>
</pin_list>
<bind>
<opcode="xor(25) " fcode="xor"/>
<opset="xor_ln218_13/31 "/>
</bind>
</comp>

<comp id="1908" class="1004" name="xor_ln218_14_fu_1908">
<pin_list>
<pin id="1909" dir="0" index="0" bw="1" slack="2"/>
<pin id="1910" dir="0" index="1" bw="1" slack="0"/>
<pin id="1911" dir="1" index="2" bw="1" slack="0"/>
</pin_list>
<bind>
<opcode="xor(25) " fcode="xor"/>
<opset="xor_ln218_14/31 "/>
</bind>
</comp>

<comp id="1913" class="1004" name="xor_ln218_15_fu_1913">
<pin_list>
<pin id="1914" dir="0" index="0" bw="1" slack="2"/>
<pin id="1915" dir="0" index="1" bw="1" slack="0"/>
<pin id="1916" dir="1" index="2" bw="1" slack="0"/>
</pin_list>
<bind>
<opcode="xor(25) " fcode="xor"/>
<opset="xor_ln218_15/31 "/>
</bind>
</comp>

<comp id="1918" class="1004" name="xor_ln218_16_fu_1918">
<pin_list>
<pin id="1919" dir="0" index="0" bw="1" slack="0"/>
<pin id="1920" dir="0" index="1" bw="1" slack="0"/>
<pin id="1921" dir="1" index="2" bw="1" slack="0"/>
</pin_list>
<bind>
<opcode="xor(25) " fcode="xor"/>
<opset="xor_ln218_16/31 "/>
</bind>
</comp>

<comp id="1924" class="1004" name="xor_ln218_17_fu_1924">
<pin_list>
<pin id="1925" dir="0" index="0" bw="1" slack="0"/>
<pin id="1926" dir="0" index="1" bw="1" slack="0"/>
<pin id="1927" dir="1" index="2" bw="1" slack="0"/>
</pin_list>
<bind>
<opcode="xor(25) " fcode="xor"/>
<opset="xor_ln218_17/31 "/>
</bind>
</comp>

<comp id="1930" class="1004" name="and_ln218_34_fu_1930">
<pin_list>
<pin id="1931" dir="0" index="0" bw="1" slack="0"/>
<pin id="1932" dir="0" index="1" bw="1" slack="0"/>
<pin id="1933" dir="1" index="2" bw="1" slack="0"/>
</pin_list>
<bind>
<opcode="and(23) " fcode="and"/>
<opset="and_ln218_34/31 "/>
</bind>
</comp>

<comp id="1936" class="1004" name="and_ln218_35_fu_1936">
<pin_list>
<pin id="1937" dir="0" index="0" bw="1" slack="0"/>
<pin id="1938" dir="0" index="1" bw="1" slack="0"/>
<pin id="1939" dir="1" index="2" bw="1" slack="0"/>
</pin_list>
<bind>
<opcode="and(23) " fcode="and"/>
<opset="and_ln218_35/31 "/>
</bind>
</comp>

<comp id="1942" class="1004" name="and_ln218_36_fu_1942">
<pin_list>
<pin id="1943" dir="0" index="0" bw="1" slack="0"/>
<pin id="1944" dir="0" index="1" bw="1" slack="0"/>
<pin id="1945" dir="1" index="2" bw="1" slack="0"/>
</pin_list>
<bind>
<opcode="and(23) " fcode="and"/>
<opset="and_ln218_36/31 "/>
</bind>
</comp>

<comp id="1948" class="1004" name="and_ln218_37_fu_1948">
<pin_list>
<pin id="1949" dir="0" index="0" bw="1" slack="0"/>
<pin id="1950" dir="0" index="1" bw="1" slack="0"/>
<pin id="1951" dir="1" index="2" bw="1" slack="18"/>
</pin_list>
<bind>
<opcode="and(23) " fcode="and"/>
<opset="and_ln218_37/31 "/>
</bind>
</comp>

<comp id="1954" class="1004" name="zext_ln395_18_fu_1954">
<pin_list>
<pin id="1955" dir="0" index="0" bw="12" slack="1"/>
<pin id="1956" dir="1" index="1" bw="13" slack="0"/>
</pin_list>
<bind>
<opcode="zext(34) " fcode="zext"/>
<opset="zext_ln395_18/31 "/>
</bind>
</comp>

<comp id="1958" class="1004" name="zext_ln395_19_fu_1958">
<pin_list>
<pin id="1959" dir="0" index="0" bw="12" slack="0"/>
<pin id="1960" dir="1" index="1" bw="13" slack="0"/>
</pin_list>
<bind>
<opcode="zext(34) " fcode="zext"/>
<opset="zext_ln395_19/31 "/>
</bind>
</comp>

<comp id="1962" class="1004" name="zext_ln187_28_fu_1962">
<pin_list>
<pin id="1963" dir="0" index="0" bw="13" slack="2"/>
<pin id="1964" dir="1" index="1" bw="14" slack="0"/>
</pin_list>
<bind>
<opcode="zext(34) " fcode="zext"/>
<opset="zext_ln187_28/31 "/>
</bind>
</comp>

<comp id="1965" class="1004" name="add_ln187_31_fu_1965">
<pin_list>
<pin id="1966" dir="0" index="0" bw="12" slack="0"/>
<pin id="1967" dir="0" index="1" bw="12" slack="0"/>
<pin id="1968" dir="1" index="2" bw="13" slack="0"/>
</pin_list>
<bind>
<opcode="add(8) " fcode="add"/>
<opset="add_ln187_31/31 "/>
</bind>
</comp>

<comp id="1971" class="1004" name="zext_ln187_29_fu_1971">
<pin_list>
<pin id="1972" dir="0" index="0" bw="13" slack="0"/>
<pin id="1973" dir="1" index="1" bw="14" slack="0"/>
</pin_list>
<bind>
<opcode="zext(34) " fcode="zext"/>
<opset="zext_ln187_29/31 "/>
</bind>
</comp>

<comp id="1975" class="1004" name="add_ln187_32_fu_1975">
<pin_list>
<pin id="1976" dir="0" index="0" bw="13" slack="0"/>
<pin id="1977" dir="0" index="1" bw="13" slack="0"/>
<pin id="1978" dir="1" index="2" bw="14" slack="5"/>
</pin_list>
<bind>
<opcode="add(8) " fcode="add"/>
<opset="add_ln187_32/31 "/>
</bind>
</comp>

<comp id="1981" class="1004" name="add_ln216_3_fu_1981">
<pin_list>
<pin id="1982" dir="0" index="0" bw="11" slack="3"/>
<pin id="1983" dir="0" index="1" bw="6" slack="31"/>
<pin id="1984" dir="1" index="2" bw="11" slack="0"/>
</pin_list>
<bind>
<opcode="add(8) " fcode="add"/>
<opset="add_ln216_3/32 "/>
</bind>
</comp>

<comp id="1985" class="1004" name="zext_ln216_9_fu_1985">
<pin_list>
<pin id="1986" dir="0" index="0" bw="11" slack="0"/>
<pin id="1987" dir="1" index="1" bw="64" slack="0"/>
</pin_list>
<bind>
<opcode="zext(34) " fcode="zext"/>
<opset="zext_ln216_9/32 "/>
</bind>
</comp>

<comp id="1990" class="1004" name="add_ln216_13_fu_1990">
<pin_list>
<pin id="1991" dir="0" index="0" bw="11" slack="4"/>
<pin id="1992" dir="0" index="1" bw="7" slack="27"/>
<pin id="1993" dir="1" index="2" bw="11" slack="0"/>
</pin_list>
<bind>
<opcode="add(8) " fcode="add"/>
<opset="add_ln216_13/33 "/>
</bind>
</comp>

<comp id="1994" class="1004" name="zext_ln216_22_fu_1994">
<pin_list>
<pin id="1995" dir="0" index="0" bw="11" slack="0"/>
<pin id="1996" dir="1" index="1" bw="64" slack="0"/>
</pin_list>
<bind>
<opcode="zext(34) " fcode="zext"/>
<opset="zext_ln216_22/33 "/>
</bind>
</comp>

<comp id="1999" class="1004" name="zext_ln394_2_fu_1999">
<pin_list>
<pin id="2000" dir="0" index="0" bw="12" slack="7"/>
<pin id="2001" dir="1" index="1" bw="13" slack="0"/>
</pin_list>
<bind>
<opcode="zext(34) " fcode="zext"/>
<opset="zext_ln394_2/33 "/>
</bind>
</comp>

<comp id="2003" class="1004" name="zext_ln394_3_fu_2003">
<pin_list>
<pin id="2004" dir="0" index="0" bw="12" slack="7"/>
<pin id="2005" dir="1" index="1" bw="15" slack="0"/>
</pin_list>
<bind>
<opcode="zext(34) " fcode="zext"/>
<opset="zext_ln394_3/33 "/>
</bind>
</comp>

<comp id="2007" class="1004" name="zext_ln394_5_fu_2007">
<pin_list>
<pin id="2008" dir="0" index="0" bw="12" slack="6"/>
<pin id="2009" dir="1" index="1" bw="13" slack="0"/>
</pin_list>
<bind>
<opcode="zext(34) " fcode="zext"/>
<opset="zext_ln394_5/33 "/>
</bind>
</comp>

<comp id="2011" class="1004" name="zext_ln394_6_fu_2011">
<pin_list>
<pin id="2012" dir="0" index="0" bw="12" slack="6"/>
<pin id="2013" dir="1" index="1" bw="14" slack="0"/>
</pin_list>
<bind>
<opcode="zext(34) " fcode="zext"/>
<opset="zext_ln394_6/33 "/>
</bind>
</comp>

<comp id="2015" class="1004" name="zext_ln394_7_fu_2015">
<pin_list>
<pin id="2016" dir="0" index="0" bw="12" slack="1"/>
<pin id="2017" dir="1" index="1" bw="13" slack="0"/>
</pin_list>
<bind>
<opcode="zext(34) " fcode="zext"/>
<opset="zext_ln394_7/33 "/>
</bind>
</comp>

<comp id="2019" class="1004" name="zext_ln187_1_fu_2019">
<pin_list>
<pin id="2020" dir="0" index="0" bw="12" slack="0"/>
<pin id="2021" dir="1" index="1" bw="13" slack="0"/>
</pin_list>
<bind>
<opcode="zext(34) " fcode="zext"/>
<opset="zext_ln187_1/33 "/>
</bind>
</comp>

<comp id="2023" class="1004" name="zext_ln187_4_fu_2023">
<pin_list>
<pin id="2024" dir="0" index="0" bw="14" slack="12"/>
<pin id="2025" dir="1" index="1" bw="15" slack="0"/>
</pin_list>
<bind>
<opcode="zext(34) " fcode="zext"/>
<opset="zext_ln187_4/33 "/>
</bind>
</comp>

<comp id="2026" class="1004" name="add_ln187_3_fu_2026">
<pin_list>
<pin id="2027" dir="0" index="0" bw="14" slack="0"/>
<pin id="2028" dir="0" index="1" bw="12" slack="0"/>
<pin id="2029" dir="1" index="2" bw="15" slack="0"/>
</pin_list>
<bind>
<opcode="add(8) " fcode="add"/>
<opset="add_ln187_3/33 "/>
</bind>
</comp>

<comp id="2032" class="1004" name="add_ln187_4_fu_2032">
<pin_list>
<pin id="2033" dir="0" index="0" bw="12" slack="0"/>
<pin id="2034" dir="0" index="1" bw="12" slack="0"/>
<pin id="2035" dir="1" index="2" bw="13" slack="0"/>
</pin_list>
<bind>
<opcode="add(8) " fcode="add"/>
<opset="add_ln187_4/33 "/>
</bind>
</comp>

<comp id="2038" class="1004" name="zext_ln187_5_fu_2038">
<pin_list>
<pin id="2039" dir="0" index="0" bw="13" slack="0"/>
<pin id="2040" dir="1" index="1" bw="14" slack="0"/>
</pin_list>
<bind>
<opcode="zext(34) " fcode="zext"/>
<opset="zext_ln187_5/33 "/>
</bind>
</comp>

<comp id="2042" class="1004" name="add_ln187_5_fu_2042">
<pin_list>
<pin id="2043" dir="0" index="0" bw="13" slack="0"/>
<pin id="2044" dir="0" index="1" bw="12" slack="0"/>
<pin id="2045" dir="1" index="2" bw="14" slack="0"/>
</pin_list>
<bind>
<opcode="add(8) " fcode="add"/>
<opset="add_ln187_5/33 "/>
</bind>
</comp>

<comp id="2048" class="1004" name="zext_ln187_6_fu_2048">
<pin_list>
<pin id="2049" dir="0" index="0" bw="14" slack="0"/>
<pin id="2050" dir="1" index="1" bw="15" slack="0"/>
</pin_list>
<bind>
<opcode="zext(34) " fcode="zext"/>
<opset="zext_ln187_6/33 "/>
</bind>
</comp>

<comp id="2052" class="1004" name="core3_et_2_fu_2052">
<pin_list>
<pin id="2053" dir="0" index="0" bw="14" slack="0"/>
<pin id="2054" dir="0" index="1" bw="15" slack="0"/>
<pin id="2055" dir="1" index="2" bw="15" slack="3"/>
</pin_list>
<bind>
<opcode="add(8) " fcode="add"/>
<opset="core3_et_2/33 "/>
</bind>
</comp>

<comp id="2058" class="1004" name="zext_ln187_25_fu_2058">
<pin_list>
<pin id="2059" dir="0" index="0" bw="13" slack="8"/>
<pin id="2060" dir="1" index="1" bw="14" slack="0"/>
</pin_list>
<bind>
<opcode="zext(34) " fcode="zext"/>
<opset="zext_ln187_25/33 "/>
</bind>
</comp>

<comp id="2061" class="1004" name="add_ln187_27_fu_2061">
<pin_list>
<pin id="2062" dir="0" index="0" bw="12" slack="0"/>
<pin id="2063" dir="0" index="1" bw="12" slack="0"/>
<pin id="2064" dir="1" index="2" bw="13" slack="0"/>
</pin_list>
<bind>
<opcode="add(8) " fcode="add"/>
<opset="add_ln187_27/33 "/>
</bind>
</comp>

<comp id="2067" class="1004" name="zext_ln187_26_fu_2067">
<pin_list>
<pin id="2068" dir="0" index="0" bw="13" slack="0"/>
<pin id="2069" dir="1" index="1" bw="14" slack="0"/>
</pin_list>
<bind>
<opcode="zext(34) " fcode="zext"/>
<opset="zext_ln187_26/33 "/>
</bind>
</comp>

<comp id="2071" class="1004" name="add_ln187_28_fu_2071">
<pin_list>
<pin id="2072" dir="0" index="0" bw="13" slack="0"/>
<pin id="2073" dir="0" index="1" bw="13" slack="0"/>
<pin id="2074" dir="1" index="2" bw="14" slack="3"/>
</pin_list>
<bind>
<opcode="add(8) " fcode="add"/>
<opset="add_ln187_28/33 "/>
</bind>
</comp>

<comp id="2077" class="1004" name="add_ln216_20_fu_2077">
<pin_list>
<pin id="2078" dir="0" index="0" bw="11" slack="5"/>
<pin id="2079" dir="0" index="1" bw="7" slack="27"/>
<pin id="2080" dir="1" index="2" bw="11" slack="0"/>
</pin_list>
<bind>
<opcode="add(8) " fcode="add"/>
<opset="add_ln216_20/34 "/>
</bind>
</comp>

<comp id="2081" class="1004" name="zext_ln216_29_fu_2081">
<pin_list>
<pin id="2082" dir="0" index="0" bw="11" slack="0"/>
<pin id="2083" dir="1" index="1" bw="64" slack="0"/>
</pin_list>
<bind>
<opcode="zext(34) " fcode="zext"/>
<opset="zext_ln216_29/34 "/>
</bind>
</comp>

<comp id="2086" class="1004" name="add_ln216_27_fu_2086">
<pin_list>
<pin id="2087" dir="0" index="0" bw="11" slack="6"/>
<pin id="2088" dir="0" index="1" bw="7" slack="27"/>
<pin id="2089" dir="1" index="2" bw="11" slack="0"/>
</pin_list>
<bind>
<opcode="add(8) " fcode="add"/>
<opset="add_ln216_27/35 "/>
</bind>
</comp>

<comp id="2090" class="1004" name="zext_ln216_36_fu_2090">
<pin_list>
<pin id="2091" dir="0" index="0" bw="11" slack="0"/>
<pin id="2092" dir="1" index="1" bw="64" slack="0"/>
</pin_list>
<bind>
<opcode="zext(34) " fcode="zext"/>
<opset="zext_ln216_36/35 "/>
</bind>
</comp>

<comp id="2095" class="1004" name="empty_100_fu_2095">
<pin_list>
<pin id="2096" dir="0" index="0" bw="5" slack="35"/>
<pin id="2097" dir="0" index="1" bw="3" slack="0"/>
<pin id="2098" dir="1" index="2" bw="5" slack="0"/>
</pin_list>
<bind>
<opcode="add(8) " fcode="add"/>
<opset="empty_100/36 "/>
</bind>
</comp>

<comp id="2100" class="1004" name="p_shl6_fu_2100">
<pin_list>
<pin id="2101" dir="0" index="0" bw="11" slack="0"/>
<pin id="2102" dir="0" index="1" bw="5" slack="0"/>
<pin id="2103" dir="0" index="2" bw="1" slack="0"/>
<pin id="2104" dir="1" index="3" bw="11" slack="0"/>
</pin_list>
<bind>
<opcode="bitconcatenate(1004) " fcode="bitconcatenate"/>
<opset="p_shl6/36 "/>
</bind>
</comp>

<comp id="2108" class="1004" name="tmp_5_fu_2108">
<pin_list>
<pin id="2109" dir="0" index="0" bw="7" slack="0"/>
<pin id="2110" dir="0" index="1" bw="5" slack="0"/>
<pin id="2111" dir="0" index="2" bw="1" slack="0"/>
<pin id="2112" dir="1" index="3" bw="7" slack="0"/>
</pin_list>
<bind>
<opcode="bitconcatenate(1004) " fcode="bitconcatenate"/>
<opset="tmp_5/36 "/>
</bind>
</comp>

<comp id="2116" class="1004" name="zext_ln216_4_fu_2116">
<pin_list>
<pin id="2117" dir="0" index="0" bw="7" slack="0"/>
<pin id="2118" dir="1" index="1" bw="11" slack="0"/>
</pin_list>
<bind>
<opcode="zext(34) " fcode="zext"/>
<opset="zext_ln216_4/36 "/>
</bind>
</comp>

<comp id="2120" class="1004" name="sub_ln216_4_fu_2120">
<pin_list>
<pin id="2121" dir="0" index="0" bw="11" slack="0"/>
<pin id="2122" dir="0" index="1" bw="7" slack="0"/>
<pin id="2123" dir="1" index="2" bw="11" slack="0"/>
</pin_list>
<bind>
<opcode="sub(10) " fcode="sub"/>
<opset="sub_ln216_4/36 "/>
</bind>
</comp>

<comp id="2126" class="1004" name="add_ln216_34_fu_2126">
<pin_list>
<pin id="2127" dir="0" index="0" bw="11" slack="0"/>
<pin id="2128" dir="0" index="1" bw="7" slack="34"/>
<pin id="2129" dir="1" index="2" bw="11" slack="0"/>
</pin_list>
<bind>
<opcode="add(8) " fcode="add"/>
<opset="add_ln216_34/36 "/>
</bind>
</comp>

<comp id="2131" class="1004" name="zext_ln216_43_fu_2131">
<pin_list>
<pin id="2132" dir="0" index="0" bw="11" slack="0"/>
<pin id="2133" dir="1" index="1" bw="64" slack="0"/>
</pin_list>
<bind>
<opcode="zext(34) " fcode="zext"/>
<opset="zext_ln216_43/36 "/>
</bind>
</comp>

<comp id="2136" class="1004" name="zext_ln394_8_fu_2136">
<pin_list>
<pin id="2137" dir="0" index="0" bw="15" slack="3"/>
<pin id="2138" dir="1" index="1" bw="16" slack="0"/>
</pin_list>
<bind>
<opcode="zext(34) " fcode="zext"/>
<opset="zext_ln394_8/36 "/>
</bind>
</comp>

<comp id="2139" class="1004" name="zext_ln187_8_fu_2139">
<pin_list>
<pin id="2140" dir="0" index="0" bw="12" slack="2"/>
<pin id="2141" dir="1" index="1" bw="14" slack="0"/>
</pin_list>
<bind>
<opcode="zext(34) " fcode="zext"/>
<opset="zext_ln187_8/36 "/>
</bind>
</comp>

<comp id="2143" class="1004" name="zext_ln187_7_fu_2143">
<pin_list>
<pin id="2144" dir="0" index="0" bw="12" slack="2"/>
<pin id="2145" dir="1" index="1" bw="16" slack="0"/>
</pin_list>
<bind>
<opcode="zext(34) " fcode="zext"/>
<opset="zext_ln187_7/36 "/>
</bind>
</comp>

<comp id="2147" class="1004" name="core3_et_3_fu_2147">
<pin_list>
<pin id="2148" dir="0" index="0" bw="15" slack="0"/>
<pin id="2149" dir="0" index="1" bw="12" slack="0"/>
<pin id="2150" dir="1" index="2" bw="16" slack="14"/>
</pin_list>
<bind>
<opcode="add(8) " fcode="add"/>
<opset="core3_et_3/36 "/>
</bind>
</comp>

<comp id="2153" class="1004" name="zext_ln395_20_fu_2153">
<pin_list>
<pin id="2154" dir="0" index="0" bw="12" slack="1"/>
<pin id="2155" dir="1" index="1" bw="13" slack="0"/>
</pin_list>
<bind>
<opcode="zext(34) " fcode="zext"/>
<opset="zext_ln395_20/36 "/>
</bind>
</comp>

<comp id="2157" class="1004" name="zext_ln395_21_fu_2157">
<pin_list>
<pin id="2158" dir="0" index="0" bw="12" slack="0"/>
<pin id="2159" dir="1" index="1" bw="13" slack="0"/>
</pin_list>
<bind>
<opcode="zext(34) " fcode="zext"/>
<opset="zext_ln395_21/36 "/>
</bind>
</comp>

<comp id="2161" class="1004" name="zext_ln187_27_fu_2161">
<pin_list>
<pin id="2162" dir="0" index="0" bw="14" slack="3"/>
<pin id="2163" dir="1" index="1" bw="17" slack="0"/>
</pin_list>
<bind>
<opcode="zext(34) " fcode="zext"/>
<opset="zext_ln187_27/36 "/>
</bind>
</comp>

<comp id="2164" class="1004" name="add_ln187_29_fu_2164">
<pin_list>
<pin id="2165" dir="0" index="0" bw="14" slack="0"/>
<pin id="2166" dir="0" index="1" bw="17" slack="13"/>
<pin id="2167" dir="1" index="2" bw="17" slack="0"/>
</pin_list>
<bind>
<opcode="add(8) " fcode="add"/>
<opset="add_ln187_29/36 "/>
</bind>
</comp>

<comp id="2169" class="1004" name="zext_ln187_30_fu_2169">
<pin_list>
<pin id="2170" dir="0" index="0" bw="14" slack="5"/>
<pin id="2171" dir="1" index="1" bw="16" slack="0"/>
</pin_list>
<bind>
<opcode="zext(34) " fcode="zext"/>
<opset="zext_ln187_30/36 "/>
</bind>
</comp>

<comp id="2172" class="1004" name="zext_ln187_31_fu_2172">
<pin_list>
<pin id="2173" dir="0" index="0" bw="13" slack="3"/>
<pin id="2174" dir="1" index="1" bw="15" slack="0"/>
</pin_list>
<bind>
<opcode="zext(34) " fcode="zext"/>
<opset="zext_ln187_31/36 "/>
</bind>
</comp>

<comp id="2175" class="1004" name="add_ln187_33_fu_2175">
<pin_list>
<pin id="2176" dir="0" index="0" bw="12" slack="0"/>
<pin id="2177" dir="0" index="1" bw="12" slack="0"/>
<pin id="2178" dir="1" index="2" bw="13" slack="0"/>
</pin_list>
<bind>
<opcode="add(8) " fcode="add"/>
<opset="add_ln187_33/36 "/>
</bind>
</comp>

<comp id="2181" class="1004" name="zext_ln187_32_fu_2181">
<pin_list>
<pin id="2182" dir="0" index="0" bw="13" slack="0"/>
<pin id="2183" dir="1" index="1" bw="14" slack="0"/>
</pin_list>
<bind>
<opcode="zext(34) " fcode="zext"/>
<opset="zext_ln187_32/36 "/>
</bind>
</comp>

<comp id="2185" class="1004" name="add_ln187_34_fu_2185">
<pin_list>
<pin id="2186" dir="0" index="0" bw="13" slack="0"/>
<pin id="2187" dir="0" index="1" bw="12" slack="0"/>
<pin id="2188" dir="1" index="2" bw="14" slack="0"/>
</pin_list>
<bind>
<opcode="add(8) " fcode="add"/>
<opset="add_ln187_34/36 "/>
</bind>
</comp>

<comp id="2191" class="1004" name="zext_ln187_33_fu_2191">
<pin_list>
<pin id="2192" dir="0" index="0" bw="14" slack="0"/>
<pin id="2193" dir="1" index="1" bw="15" slack="0"/>
</pin_list>
<bind>
<opcode="zext(34) " fcode="zext"/>
<opset="zext_ln187_33/36 "/>
</bind>
</comp>

<comp id="2195" class="1004" name="add_ln187_35_fu_2195">
<pin_list>
<pin id="2196" dir="0" index="0" bw="14" slack="0"/>
<pin id="2197" dir="0" index="1" bw="13" slack="0"/>
<pin id="2198" dir="1" index="2" bw="15" slack="0"/>
</pin_list>
<bind>
<opcode="add(8) " fcode="add"/>
<opset="add_ln187_35/36 "/>
</bind>
</comp>

<comp id="2201" class="1004" name="zext_ln187_34_fu_2201">
<pin_list>
<pin id="2202" dir="0" index="0" bw="15" slack="0"/>
<pin id="2203" dir="1" index="1" bw="16" slack="0"/>
</pin_list>
<bind>
<opcode="zext(34) " fcode="zext"/>
<opset="zext_ln187_34/36 "/>
</bind>
</comp>

<comp id="2205" class="1004" name="add_ln187_36_fu_2205">
<pin_list>
<pin id="2206" dir="0" index="0" bw="15" slack="0"/>
<pin id="2207" dir="0" index="1" bw="14" slack="0"/>
<pin id="2208" dir="1" index="2" bw="16" slack="0"/>
</pin_list>
<bind>
<opcode="add(8) " fcode="add"/>
<opset="add_ln187_36/36 "/>
</bind>
</comp>

<comp id="2211" class="1004" name="zext_ln187_35_fu_2211">
<pin_list>
<pin id="2212" dir="0" index="0" bw="16" slack="0"/>
<pin id="2213" dir="1" index="1" bw="17" slack="0"/>
</pin_list>
<bind>
<opcode="zext(34) " fcode="zext"/>
<opset="zext_ln187_35/36 "/>
</bind>
</comp>

<comp id="2215" class="1004" name="sum7_et_10_fu_2215">
<pin_list>
<pin id="2216" dir="0" index="0" bw="16" slack="0"/>
<pin id="2217" dir="0" index="1" bw="17" slack="0"/>
<pin id="2218" dir="1" index="2" bw="17" slack="14"/>
</pin_list>
<bind>
<opcode="add(8) " fcode="add"/>
<opset="sum7_et_10/36 "/>
</bind>
</comp>

<comp id="2221" class="1004" name="add_ln216_40_fu_2221">
<pin_list>
<pin id="2222" dir="0" index="0" bw="11" slack="1"/>
<pin id="2223" dir="0" index="1" bw="7" slack="34"/>
<pin id="2224" dir="1" index="2" bw="11" slack="0"/>
</pin_list>
<bind>
<opcode="add(8) " fcode="add"/>
<opset="add_ln216_40/37 "/>
</bind>
</comp>

<comp id="2225" class="1004" name="zext_ln216_49_fu_2225">
<pin_list>
<pin id="2226" dir="0" index="0" bw="11" slack="0"/>
<pin id="2227" dir="1" index="1" bw="64" slack="0"/>
</pin_list>
<bind>
<opcode="zext(34) " fcode="zext"/>
<opset="zext_ln216_49/37 "/>
</bind>
</comp>

<comp id="2230" class="1004" name="add_ln216_46_fu_2230">
<pin_list>
<pin id="2231" dir="0" index="0" bw="11" slack="2"/>
<pin id="2232" dir="0" index="1" bw="7" slack="34"/>
<pin id="2233" dir="1" index="2" bw="11" slack="0"/>
</pin_list>
<bind>
<opcode="add(8) " fcode="add"/>
<opset="add_ln216_46/38 "/>
</bind>
</comp>

<comp id="2234" class="1004" name="zext_ln216_55_fu_2234">
<pin_list>
<pin id="2235" dir="0" index="0" bw="11" slack="0"/>
<pin id="2236" dir="1" index="1" bw="64" slack="0"/>
</pin_list>
<bind>
<opcode="zext(34) " fcode="zext"/>
<opset="zext_ln216_55/38 "/>
</bind>
</comp>

<comp id="2239" class="1004" name="add_ln216_4_fu_2239">
<pin_list>
<pin id="2240" dir="0" index="0" bw="11" slack="3"/>
<pin id="2241" dir="0" index="1" bw="6" slack="38"/>
<pin id="2242" dir="1" index="2" bw="11" slack="0"/>
</pin_list>
<bind>
<opcode="add(8) " fcode="add"/>
<opset="add_ln216_4/39 "/>
</bind>
</comp>

<comp id="2243" class="1004" name="zext_ln216_10_fu_2243">
<pin_list>
<pin id="2244" dir="0" index="0" bw="11" slack="0"/>
<pin id="2245" dir="1" index="1" bw="64" slack="0"/>
</pin_list>
<bind>
<opcode="zext(34) " fcode="zext"/>
<opset="zext_ln216_10/39 "/>
</bind>
</comp>

<comp id="2248" class="1004" name="zext_ln395_23_fu_2248">
<pin_list>
<pin id="2249" dir="0" index="0" bw="12" slack="1"/>
<pin id="2250" dir="1" index="1" bw="13" slack="0"/>
</pin_list>
<bind>
<opcode="zext(34) " fcode="zext"/>
<opset="zext_ln395_23/39 "/>
</bind>
</comp>

<comp id="2252" class="1004" name="zext_ln395_24_fu_2252">
<pin_list>
<pin id="2253" dir="0" index="0" bw="12" slack="0"/>
<pin id="2254" dir="1" index="1" bw="13" slack="0"/>
</pin_list>
<bind>
<opcode="zext(34) " fcode="zext"/>
<opset="zext_ln395_24/39 "/>
</bind>
</comp>

<comp id="2256" class="1004" name="add_ln187_47_fu_2256">
<pin_list>
<pin id="2257" dir="0" index="0" bw="12" slack="0"/>
<pin id="2258" dir="0" index="1" bw="12" slack="0"/>
<pin id="2259" dir="1" index="2" bw="13" slack="7"/>
</pin_list>
<bind>
<opcode="add(8) " fcode="add"/>
<opset="add_ln187_47/39 "/>
</bind>
</comp>

<comp id="2262" class="1004" name="add_ln216_14_fu_2262">
<pin_list>
<pin id="2263" dir="0" index="0" bw="11" slack="4"/>
<pin id="2264" dir="0" index="1" bw="7" slack="34"/>
<pin id="2265" dir="1" index="2" bw="11" slack="0"/>
</pin_list>
<bind>
<opcode="add(8) " fcode="add"/>
<opset="add_ln216_14/40 "/>
</bind>
</comp>

<comp id="2266" class="1004" name="zext_ln216_23_fu_2266">
<pin_list>
<pin id="2267" dir="0" index="0" bw="11" slack="0"/>
<pin id="2268" dir="1" index="1" bw="64" slack="0"/>
</pin_list>
<bind>
<opcode="zext(34) " fcode="zext"/>
<opset="zext_ln216_23/40 "/>
</bind>
</comp>

<comp id="2271" class="1004" name="xor_ln218_18_fu_2271">
<pin_list>
<pin id="2272" dir="0" index="0" bw="1" slack="7"/>
<pin id="2273" dir="0" index="1" bw="1" slack="0"/>
<pin id="2274" dir="1" index="2" bw="1" slack="0"/>
</pin_list>
<bind>
<opcode="xor(25) " fcode="xor"/>
<opset="xor_ln218_18/40 "/>
</bind>
</comp>

<comp id="2276" class="1004" name="xor_ln218_19_fu_2276">
<pin_list>
<pin id="2277" dir="0" index="0" bw="1" slack="7"/>
<pin id="2278" dir="0" index="1" bw="1" slack="0"/>
<pin id="2279" dir="1" index="2" bw="1" slack="0"/>
</pin_list>
<bind>
<opcode="xor(25) " fcode="xor"/>
<opset="xor_ln218_19/40 "/>
</bind>
</comp>

<comp id="2281" class="1004" name="xor_ln218_20_fu_2281">
<pin_list>
<pin id="2282" dir="0" index="0" bw="1" slack="4"/>
<pin id="2283" dir="0" index="1" bw="1" slack="0"/>
<pin id="2284" dir="1" index="2" bw="1" slack="0"/>
</pin_list>
<bind>
<opcode="xor(25) " fcode="xor"/>
<opset="xor_ln218_20/40 "/>
</bind>
</comp>

<comp id="2286" class="1004" name="xor_ln218_21_fu_2286">
<pin_list>
<pin id="2287" dir="0" index="0" bw="1" slack="4"/>
<pin id="2288" dir="0" index="1" bw="1" slack="0"/>
<pin id="2289" dir="1" index="2" bw="1" slack="0"/>
</pin_list>
<bind>
<opcode="xor(25) " fcode="xor"/>
<opset="xor_ln218_21/40 "/>
</bind>
</comp>

<comp id="2291" class="1004" name="xor_ln218_22_fu_2291">
<pin_list>
<pin id="2292" dir="0" index="0" bw="1" slack="4"/>
<pin id="2293" dir="0" index="1" bw="1" slack="0"/>
<pin id="2294" dir="1" index="2" bw="1" slack="0"/>
</pin_list>
<bind>
<opcode="xor(25) " fcode="xor"/>
<opset="xor_ln218_22/40 "/>
</bind>
</comp>

<comp id="2296" class="1004" name="xor_ln218_23_fu_2296">
<pin_list>
<pin id="2297" dir="0" index="0" bw="1" slack="0"/>
<pin id="2298" dir="0" index="1" bw="1" slack="0"/>
<pin id="2299" dir="1" index="2" bw="1" slack="0"/>
</pin_list>
<bind>
<opcode="xor(25) " fcode="xor"/>
<opset="xor_ln218_23/40 "/>
</bind>
</comp>

<comp id="2302" class="1004" name="xor_ln218_24_fu_2302">
<pin_list>
<pin id="2303" dir="0" index="0" bw="1" slack="1"/>
<pin id="2304" dir="0" index="1" bw="1" slack="0"/>
<pin id="2305" dir="1" index="2" bw="1" slack="0"/>
</pin_list>
<bind>
<opcode="xor(25) " fcode="xor"/>
<opset="xor_ln218_24/40 "/>
</bind>
</comp>

<comp id="2307" class="1004" name="xor_ln218_25_fu_2307">
<pin_list>
<pin id="2308" dir="0" index="0" bw="1" slack="1"/>
<pin id="2309" dir="0" index="1" bw="1" slack="0"/>
<pin id="2310" dir="1" index="2" bw="1" slack="0"/>
</pin_list>
<bind>
<opcode="xor(25) " fcode="xor"/>
<opset="xor_ln218_25/40 "/>
</bind>
</comp>

<comp id="2312" class="1004" name="xor_ln218_26_fu_2312">
<pin_list>
<pin id="2313" dir="0" index="0" bw="1" slack="0"/>
<pin id="2314" dir="0" index="1" bw="1" slack="0"/>
<pin id="2315" dir="1" index="2" bw="1" slack="0"/>
</pin_list>
<bind>
<opcode="xor(25) " fcode="xor"/>
<opset="xor_ln218_26/40 "/>
</bind>
</comp>

<comp id="2318" class="1004" name="and_ln218_40_fu_2318">
<pin_list>
<pin id="2319" dir="0" index="0" bw="1" slack="0"/>
<pin id="2320" dir="0" index="1" bw="1" slack="0"/>
<pin id="2321" dir="1" index="2" bw="1" slack="0"/>
</pin_list>
<bind>
<opcode="and(23) " fcode="and"/>
<opset="and_ln218_40/40 "/>
</bind>
</comp>

<comp id="2324" class="1004" name="and_ln218_41_fu_2324">
<pin_list>
<pin id="2325" dir="0" index="0" bw="1" slack="0"/>
<pin id="2326" dir="0" index="1" bw="1" slack="0"/>
<pin id="2327" dir="1" index="2" bw="1" slack="0"/>
</pin_list>
<bind>
<opcode="and(23) " fcode="and"/>
<opset="and_ln218_41/40 "/>
</bind>
</comp>

<comp id="2330" class="1004" name="and_ln218_42_fu_2330">
<pin_list>
<pin id="2331" dir="0" index="0" bw="1" slack="0"/>
<pin id="2332" dir="0" index="1" bw="1" slack="0"/>
<pin id="2333" dir="1" index="2" bw="1" slack="0"/>
</pin_list>
<bind>
<opcode="and(23) " fcode="and"/>
<opset="and_ln218_42/40 "/>
</bind>
</comp>

<comp id="2336" class="1004" name="and_ln218_43_fu_2336">
<pin_list>
<pin id="2337" dir="0" index="0" bw="1" slack="0"/>
<pin id="2338" dir="0" index="1" bw="1" slack="0"/>
<pin id="2339" dir="1" index="2" bw="1" slack="0"/>
</pin_list>
<bind>
<opcode="and(23) " fcode="and"/>
<opset="and_ln218_43/40 "/>
</bind>
</comp>

<comp id="2342" class="1004" name="and_ln218_44_fu_2342">
<pin_list>
<pin id="2343" dir="0" index="0" bw="1" slack="0"/>
<pin id="2344" dir="0" index="1" bw="1" slack="0"/>
<pin id="2345" dir="1" index="2" bw="1" slack="0"/>
</pin_list>
<bind>
<opcode="and(23) " fcode="and"/>
<opset="and_ln218_44/40 "/>
</bind>
</comp>

<comp id="2348" class="1004" name="and_ln218_45_fu_2348">
<pin_list>
<pin id="2349" dir="0" index="0" bw="1" slack="0"/>
<pin id="2350" dir="0" index="1" bw="1" slack="0"/>
<pin id="2351" dir="1" index="2" bw="1" slack="0"/>
</pin_list>
<bind>
<opcode="and(23) " fcode="and"/>
<opset="and_ln218_45/40 "/>
</bind>
</comp>

<comp id="2354" class="1004" name="and_ln218_46_fu_2354">
<pin_list>
<pin id="2355" dir="0" index="0" bw="1" slack="0"/>
<pin id="2356" dir="0" index="1" bw="1" slack="0"/>
<pin id="2357" dir="1" index="2" bw="1" slack="0"/>
</pin_list>
<bind>
<opcode="and(23) " fcode="and"/>
<opset="and_ln218_46/40 "/>
</bind>
</comp>

<comp id="2360" class="1004" name="and_ln218_47_fu_2360">
<pin_list>
<pin id="2361" dir="0" index="0" bw="1" slack="0"/>
<pin id="2362" dir="0" index="1" bw="1" slack="0"/>
<pin id="2363" dir="1" index="2" bw="1" slack="9"/>
</pin_list>
<bind>
<opcode="and(23) " fcode="and"/>
<opset="and_ln218_47/40 "/>
</bind>
</comp>

<comp id="2366" class="1004" name="add_ln216_21_fu_2366">
<pin_list>
<pin id="2367" dir="0" index="0" bw="11" slack="5"/>
<pin id="2368" dir="0" index="1" bw="7" slack="34"/>
<pin id="2369" dir="1" index="2" bw="11" slack="0"/>
</pin_list>
<bind>
<opcode="add(8) " fcode="add"/>
<opset="add_ln216_21/41 "/>
</bind>
</comp>

<comp id="2370" class="1004" name="zext_ln216_30_fu_2370">
<pin_list>
<pin id="2371" dir="0" index="0" bw="11" slack="0"/>
<pin id="2372" dir="1" index="1" bw="64" slack="0"/>
</pin_list>
<bind>
<opcode="zext(34) " fcode="zext"/>
<opset="zext_ln216_30/41 "/>
</bind>
</comp>

<comp id="2375" class="1004" name="zext_ln395_25_fu_2375">
<pin_list>
<pin id="2376" dir="0" index="0" bw="12" slack="1"/>
<pin id="2377" dir="1" index="1" bw="13" slack="0"/>
</pin_list>
<bind>
<opcode="zext(34) " fcode="zext"/>
<opset="zext_ln395_25/41 "/>
</bind>
</comp>

<comp id="2379" class="1004" name="zext_ln395_26_fu_2379">
<pin_list>
<pin id="2380" dir="0" index="0" bw="12" slack="0"/>
<pin id="2381" dir="1" index="1" bw="13" slack="0"/>
</pin_list>
<bind>
<opcode="zext(34) " fcode="zext"/>
<opset="zext_ln395_26/41 "/>
</bind>
</comp>

<comp id="2383" class="1004" name="add_ln187_49_fu_2383">
<pin_list>
<pin id="2384" dir="0" index="0" bw="12" slack="0"/>
<pin id="2385" dir="0" index="1" bw="12" slack="0"/>
<pin id="2386" dir="1" index="2" bw="13" slack="2"/>
</pin_list>
<bind>
<opcode="add(8) " fcode="add"/>
<opset="add_ln187_49/41 "/>
</bind>
</comp>

<comp id="2389" class="1004" name="add_ln216_28_fu_2389">
<pin_list>
<pin id="2390" dir="0" index="0" bw="11" slack="6"/>
<pin id="2391" dir="0" index="1" bw="7" slack="34"/>
<pin id="2392" dir="1" index="2" bw="11" slack="0"/>
</pin_list>
<bind>
<opcode="add(8) " fcode="add"/>
<opset="add_ln216_28/42 "/>
</bind>
</comp>

<comp id="2393" class="1004" name="zext_ln216_37_fu_2393">
<pin_list>
<pin id="2394" dir="0" index="0" bw="11" slack="0"/>
<pin id="2395" dir="1" index="1" bw="64" slack="0"/>
</pin_list>
<bind>
<opcode="zext(34) " fcode="zext"/>
<opset="zext_ln216_37/42 "/>
</bind>
</comp>

<comp id="2398" class="1004" name="zext_ln184_fu_2398">
<pin_list>
<pin id="2399" dir="0" index="0" bw="12" slack="37"/>
<pin id="2400" dir="1" index="1" bw="13" slack="0"/>
</pin_list>
<bind>
<opcode="zext(34) " fcode="zext"/>
<opset="zext_ln184/42 "/>
</bind>
</comp>

<comp id="2402" class="1004" name="zext_ln395_27_fu_2402">
<pin_list>
<pin id="2403" dir="0" index="0" bw="12" slack="0"/>
<pin id="2404" dir="1" index="1" bw="13" slack="0"/>
</pin_list>
<bind>
<opcode="zext(34) " fcode="zext"/>
<opset="zext_ln395_27/42 "/>
</bind>
</comp>

<comp id="2406" class="1004" name="add_ln187_50_fu_2406">
<pin_list>
<pin id="2407" dir="0" index="0" bw="12" slack="0"/>
<pin id="2408" dir="0" index="1" bw="12" slack="0"/>
<pin id="2409" dir="1" index="2" bw="13" slack="1"/>
</pin_list>
<bind>
<opcode="add(8) " fcode="add"/>
<opset="add_ln187_50/42 "/>
</bind>
</comp>

<comp id="2412" class="1004" name="empty_101_fu_2412">
<pin_list>
<pin id="2413" dir="0" index="0" bw="5" slack="42"/>
<pin id="2414" dir="0" index="1" bw="3" slack="0"/>
<pin id="2415" dir="1" index="2" bw="5" slack="0"/>
</pin_list>
<bind>
<opcode="add(8) " fcode="add"/>
<opset="empty_101/43 "/>
</bind>
</comp>

<comp id="2417" class="1004" name="p_shl7_fu_2417">
<pin_list>
<pin id="2418" dir="0" index="0" bw="11" slack="0"/>
<pin id="2419" dir="0" index="1" bw="5" slack="0"/>
<pin id="2420" dir="0" index="2" bw="1" slack="0"/>
<pin id="2421" dir="1" index="3" bw="11" slack="0"/>
</pin_list>
<bind>
<opcode="bitconcatenate(1004) " fcode="bitconcatenate"/>
<opset="p_shl7/43 "/>
</bind>
</comp>

<comp id="2425" class="1004" name="tmp_6_fu_2425">
<pin_list>
<pin id="2426" dir="0" index="0" bw="7" slack="0"/>
<pin id="2427" dir="0" index="1" bw="5" slack="0"/>
<pin id="2428" dir="0" index="2" bw="1" slack="0"/>
<pin id="2429" dir="1" index="3" bw="7" slack="0"/>
</pin_list>
<bind>
<opcode="bitconcatenate(1004) " fcode="bitconcatenate"/>
<opset="tmp_6/43 "/>
</bind>
</comp>

<comp id="2433" class="1004" name="zext_ln216_5_fu_2433">
<pin_list>
<pin id="2434" dir="0" index="0" bw="7" slack="0"/>
<pin id="2435" dir="1" index="1" bw="11" slack="0"/>
</pin_list>
<bind>
<opcode="zext(34) " fcode="zext"/>
<opset="zext_ln216_5/43 "/>
</bind>
</comp>

<comp id="2437" class="1004" name="sub_ln216_5_fu_2437">
<pin_list>
<pin id="2438" dir="0" index="0" bw="11" slack="0"/>
<pin id="2439" dir="0" index="1" bw="7" slack="0"/>
<pin id="2440" dir="1" index="2" bw="11" slack="0"/>
</pin_list>
<bind>
<opcode="sub(10) " fcode="sub"/>
<opset="sub_ln216_5/43 "/>
</bind>
</comp>

<comp id="2443" class="1004" name="add_ln216_5_fu_2443">
<pin_list>
<pin id="2444" dir="0" index="0" bw="11" slack="0"/>
<pin id="2445" dir="0" index="1" bw="6" slack="42"/>
<pin id="2446" dir="1" index="2" bw="11" slack="3"/>
</pin_list>
<bind>
<opcode="add(8) " fcode="add"/>
<opset="add_ln216_5/43 "/>
</bind>
</comp>

<comp id="2448" class="1004" name="add_ln216_15_fu_2448">
<pin_list>
<pin id="2449" dir="0" index="0" bw="11" slack="0"/>
<pin id="2450" dir="0" index="1" bw="7" slack="37"/>
<pin id="2451" dir="1" index="2" bw="11" slack="4"/>
</pin_list>
<bind>
<opcode="add(8) " fcode="add"/>
<opset="add_ln216_15/43 "/>
</bind>
</comp>

<comp id="2453" class="1004" name="add_ln216_22_fu_2453">
<pin_list>
<pin id="2454" dir="0" index="0" bw="11" slack="0"/>
<pin id="2455" dir="0" index="1" bw="7" slack="36"/>
<pin id="2456" dir="1" index="2" bw="11" slack="5"/>
</pin_list>
<bind>
<opcode="add(8) " fcode="add"/>
<opset="add_ln216_22/43 "/>
</bind>
</comp>

<comp id="2458" class="1004" name="add_ln216_29_fu_2458">
<pin_list>
<pin id="2459" dir="0" index="0" bw="11" slack="0"/>
<pin id="2460" dir="0" index="1" bw="7" slack="35"/>
<pin id="2461" dir="1" index="2" bw="11" slack="6"/>
</pin_list>
<bind>
<opcode="add(8) " fcode="add"/>
<opset="add_ln216_29/43 "/>
</bind>
</comp>

<comp id="2463" class="1004" name="add_ln216_35_fu_2463">
<pin_list>
<pin id="2464" dir="0" index="0" bw="11" slack="0"/>
<pin id="2465" dir="0" index="1" bw="7" slack="41"/>
<pin id="2466" dir="1" index="2" bw="11" slack="0"/>
</pin_list>
<bind>
<opcode="add(8) " fcode="add"/>
<opset="add_ln216_35/43 "/>
</bind>
</comp>

<comp id="2468" class="1004" name="zext_ln216_44_fu_2468">
<pin_list>
<pin id="2469" dir="0" index="0" bw="11" slack="0"/>
<pin id="2470" dir="1" index="1" bw="64" slack="0"/>
</pin_list>
<bind>
<opcode="zext(34) " fcode="zext"/>
<opset="zext_ln216_44/43 "/>
</bind>
</comp>

<comp id="2473" class="1004" name="add_ln216_41_fu_2473">
<pin_list>
<pin id="2474" dir="0" index="0" bw="11" slack="0"/>
<pin id="2475" dir="0" index="1" bw="7" slack="40"/>
<pin id="2476" dir="1" index="2" bw="11" slack="1"/>
</pin_list>
<bind>
<opcode="add(8) " fcode="add"/>
<opset="add_ln216_41/43 "/>
</bind>
</comp>

<comp id="2478" class="1004" name="add_ln216_47_fu_2478">
<pin_list>
<pin id="2479" dir="0" index="0" bw="11" slack="0"/>
<pin id="2480" dir="0" index="1" bw="7" slack="39"/>
<pin id="2481" dir="1" index="2" bw="11" slack="2"/>
</pin_list>
<bind>
<opcode="add(8) " fcode="add"/>
<opset="add_ln216_47/43 "/>
</bind>
</comp>

<comp id="2483" class="1004" name="zext_ln395_28_fu_2483">
<pin_list>
<pin id="2484" dir="0" index="0" bw="12" slack="0"/>
<pin id="2485" dir="1" index="1" bw="14" slack="0"/>
</pin_list>
<bind>
<opcode="zext(34) " fcode="zext"/>
<opset="zext_ln395_28/43 "/>
</bind>
</comp>

<comp id="2487" class="1004" name="zext_ln187_45_fu_2487">
<pin_list>
<pin id="2488" dir="0" index="0" bw="13" slack="2"/>
<pin id="2489" dir="1" index="1" bw="15" slack="0"/>
</pin_list>
<bind>
<opcode="zext(34) " fcode="zext"/>
<opset="zext_ln187_45/43 "/>
</bind>
</comp>

<comp id="2490" class="1004" name="zext_ln187_46_fu_2490">
<pin_list>
<pin id="2491" dir="0" index="0" bw="13" slack="1"/>
<pin id="2492" dir="1" index="1" bw="14" slack="0"/>
</pin_list>
<bind>
<opcode="zext(34) " fcode="zext"/>
<opset="zext_ln187_46/43 "/>
</bind>
</comp>

<comp id="2493" class="1004" name="add_ln187_51_fu_2493">
<pin_list>
<pin id="2494" dir="0" index="0" bw="13" slack="0"/>
<pin id="2495" dir="0" index="1" bw="12" slack="0"/>
<pin id="2496" dir="1" index="2" bw="14" slack="0"/>
</pin_list>
<bind>
<opcode="add(8) " fcode="add"/>
<opset="add_ln187_51/43 "/>
</bind>
</comp>

<comp id="2499" class="1004" name="zext_ln187_47_fu_2499">
<pin_list>
<pin id="2500" dir="0" index="0" bw="14" slack="0"/>
<pin id="2501" dir="1" index="1" bw="15" slack="0"/>
</pin_list>
<bind>
<opcode="zext(34) " fcode="zext"/>
<opset="zext_ln187_47/43 "/>
</bind>
</comp>

<comp id="2503" class="1004" name="add_ln187_52_fu_2503">
<pin_list>
<pin id="2504" dir="0" index="0" bw="14" slack="0"/>
<pin id="2505" dir="0" index="1" bw="13" slack="0"/>
<pin id="2506" dir="1" index="2" bw="15" slack="3"/>
</pin_list>
<bind>
<opcode="add(8) " fcode="add"/>
<opset="add_ln187_52/43 "/>
</bind>
</comp>

<comp id="2509" class="1004" name="zext_ln216_50_fu_2509">
<pin_list>
<pin id="2510" dir="0" index="0" bw="11" slack="1"/>
<pin id="2511" dir="1" index="1" bw="64" slack="0"/>
</pin_list>
<bind>
<opcode="zext(34) " fcode="zext"/>
<opset="zext_ln216_50/44 "/>
</bind>
</comp>

<comp id="2513" class="1004" name="zext_ln216_56_fu_2513">
<pin_list>
<pin id="2514" dir="0" index="0" bw="11" slack="2"/>
<pin id="2515" dir="1" index="1" bw="64" slack="0"/>
</pin_list>
<bind>
<opcode="zext(34) " fcode="zext"/>
<opset="zext_ln216_56/45 "/>
</bind>
</comp>

<comp id="2517" class="1004" name="zext_ln216_11_fu_2517">
<pin_list>
<pin id="2518" dir="0" index="0" bw="11" slack="3"/>
<pin id="2519" dir="1" index="1" bw="64" slack="0"/>
</pin_list>
<bind>
<opcode="zext(34) " fcode="zext"/>
<opset="zext_ln216_11/46 "/>
</bind>
</comp>

<comp id="2521" class="1004" name="zext_ln395_22_fu_2521">
<pin_list>
<pin id="2522" dir="0" index="0" bw="12" slack="9"/>
<pin id="2523" dir="1" index="1" bw="13" slack="0"/>
</pin_list>
<bind>
<opcode="zext(34) " fcode="zext"/>
<opset="zext_ln395_22/46 "/>
</bind>
</comp>

<comp id="2525" class="1004" name="zext_ln395_31_fu_2525">
<pin_list>
<pin id="2526" dir="0" index="0" bw="12" slack="0"/>
<pin id="2527" dir="1" index="1" bw="13" slack="0"/>
</pin_list>
<bind>
<opcode="zext(34) " fcode="zext"/>
<opset="zext_ln395_31/46 "/>
</bind>
</comp>

<comp id="2529" class="1004" name="add_ln187_46_fu_2529">
<pin_list>
<pin id="2530" dir="0" index="0" bw="12" slack="0"/>
<pin id="2531" dir="0" index="1" bw="12" slack="0"/>
<pin id="2532" dir="1" index="2" bw="13" slack="0"/>
</pin_list>
<bind>
<opcode="add(8) " fcode="add"/>
<opset="add_ln187_46/46 "/>
</bind>
</comp>

<comp id="2535" class="1004" name="zext_ln187_42_fu_2535">
<pin_list>
<pin id="2536" dir="0" index="0" bw="13" slack="0"/>
<pin id="2537" dir="1" index="1" bw="14" slack="0"/>
</pin_list>
<bind>
<opcode="zext(34) " fcode="zext"/>
<opset="zext_ln187_42/46 "/>
</bind>
</comp>

<comp id="2539" class="1004" name="zext_ln187_43_fu_2539">
<pin_list>
<pin id="2540" dir="0" index="0" bw="13" slack="7"/>
<pin id="2541" dir="1" index="1" bw="14" slack="0"/>
</pin_list>
<bind>
<opcode="zext(34) " fcode="zext"/>
<opset="zext_ln187_43/46 "/>
</bind>
</comp>

<comp id="2542" class="1004" name="add_ln187_48_fu_2542">
<pin_list>
<pin id="2543" dir="0" index="0" bw="13" slack="0"/>
<pin id="2544" dir="0" index="1" bw="13" slack="0"/>
<pin id="2545" dir="1" index="2" bw="14" slack="0"/>
</pin_list>
<bind>
<opcode="add(8) " fcode="add"/>
<opset="add_ln187_48/46 "/>
</bind>
</comp>

<comp id="2548" class="1004" name="zext_ln187_44_fu_2548">
<pin_list>
<pin id="2549" dir="0" index="0" bw="14" slack="0"/>
<pin id="2550" dir="1" index="1" bw="16" slack="0"/>
</pin_list>
<bind>
<opcode="zext(34) " fcode="zext"/>
<opset="zext_ln187_44/46 "/>
</bind>
</comp>

<comp id="2552" class="1004" name="zext_ln187_48_fu_2552">
<pin_list>
<pin id="2553" dir="0" index="0" bw="15" slack="3"/>
<pin id="2554" dir="1" index="1" bw="16" slack="0"/>
</pin_list>
<bind>
<opcode="zext(34) " fcode="zext"/>
<opset="zext_ln187_48/46 "/>
</bind>
</comp>

<comp id="2555" class="1004" name="add_ln187_53_fu_2555">
<pin_list>
<pin id="2556" dir="0" index="0" bw="15" slack="0"/>
<pin id="2557" dir="0" index="1" bw="14" slack="0"/>
<pin id="2558" dir="1" index="2" bw="16" slack="4"/>
</pin_list>
<bind>
<opcode="add(8) " fcode="add"/>
<opset="add_ln187_53/46 "/>
</bind>
</comp>

<comp id="2561" class="1004" name="zext_ln216_24_fu_2561">
<pin_list>
<pin id="2562" dir="0" index="0" bw="11" slack="4"/>
<pin id="2563" dir="1" index="1" bw="64" slack="0"/>
</pin_list>
<bind>
<opcode="zext(34) " fcode="zext"/>
<opset="zext_ln216_24/47 "/>
</bind>
</comp>

<comp id="2565" class="1004" name="zext_ln395_29_fu_2565">
<pin_list>
<pin id="2566" dir="0" index="0" bw="12" slack="3"/>
<pin id="2567" dir="1" index="1" bw="13" slack="0"/>
</pin_list>
<bind>
<opcode="zext(34) " fcode="zext"/>
<opset="zext_ln395_29/47 "/>
</bind>
</comp>

<comp id="2569" class="1004" name="zext_ln395_30_fu_2569">
<pin_list>
<pin id="2570" dir="0" index="0" bw="12" slack="2"/>
<pin id="2571" dir="1" index="1" bw="14" slack="0"/>
</pin_list>
<bind>
<opcode="zext(34) " fcode="zext"/>
<opset="zext_ln395_30/47 "/>
</bind>
</comp>

<comp id="2573" class="1004" name="zext_ln395_32_fu_2573">
<pin_list>
<pin id="2574" dir="0" index="0" bw="12" slack="0"/>
<pin id="2575" dir="1" index="1" bw="13" slack="0"/>
</pin_list>
<bind>
<opcode="zext(34) " fcode="zext"/>
<opset="zext_ln395_32/47 "/>
</bind>
</comp>

<comp id="2577" class="1004" name="add_ln187_42_fu_2577">
<pin_list>
<pin id="2578" dir="0" index="0" bw="12" slack="0"/>
<pin id="2579" dir="0" index="1" bw="12" slack="0"/>
<pin id="2580" dir="1" index="2" bw="13" slack="0"/>
</pin_list>
<bind>
<opcode="add(8) " fcode="add"/>
<opset="add_ln187_42/47 "/>
</bind>
</comp>

<comp id="2583" class="1004" name="zext_ln187_39_fu_2583">
<pin_list>
<pin id="2584" dir="0" index="0" bw="13" slack="0"/>
<pin id="2585" dir="1" index="1" bw="14" slack="0"/>
</pin_list>
<bind>
<opcode="zext(34) " fcode="zext"/>
<opset="zext_ln187_39/47 "/>
</bind>
</comp>

<comp id="2587" class="1004" name="add_ln187_43_fu_2587">
<pin_list>
<pin id="2588" dir="0" index="0" bw="13" slack="0"/>
<pin id="2589" dir="0" index="1" bw="12" slack="0"/>
<pin id="2590" dir="1" index="2" bw="14" slack="2"/>
</pin_list>
<bind>
<opcode="add(8) " fcode="add"/>
<opset="add_ln187_43/47 "/>
</bind>
</comp>

<comp id="2593" class="1004" name="zext_ln216_31_fu_2593">
<pin_list>
<pin id="2594" dir="0" index="0" bw="11" slack="5"/>
<pin id="2595" dir="1" index="1" bw="64" slack="0"/>
</pin_list>
<bind>
<opcode="zext(34) " fcode="zext"/>
<opset="zext_ln216_31/48 "/>
</bind>
</comp>

<comp id="2597" class="1004" name="zext_ln216_38_fu_2597">
<pin_list>
<pin id="2598" dir="0" index="0" bw="11" slack="6"/>
<pin id="2599" dir="1" index="1" bw="64" slack="0"/>
</pin_list>
<bind>
<opcode="zext(34) " fcode="zext"/>
<opset="zext_ln216_38/49 "/>
</bind>
</comp>

<comp id="2601" class="1004" name="xor_ln218_27_fu_2601">
<pin_list>
<pin id="2602" dir="0" index="0" bw="1" slack="8"/>
<pin id="2603" dir="0" index="1" bw="1" slack="0"/>
<pin id="2604" dir="1" index="2" bw="1" slack="0"/>
</pin_list>
<bind>
<opcode="xor(25) " fcode="xor"/>
<opset="xor_ln218_27/49 "/>
</bind>
</comp>

<comp id="2606" class="1004" name="xor_ln218_28_fu_2606">
<pin_list>
<pin id="2607" dir="0" index="0" bw="1" slack="7"/>
<pin id="2608" dir="0" index="1" bw="1" slack="0"/>
<pin id="2609" dir="1" index="2" bw="1" slack="0"/>
</pin_list>
<bind>
<opcode="xor(25) " fcode="xor"/>
<opset="xor_ln218_28/49 "/>
</bind>
</comp>

<comp id="2611" class="1004" name="xor_ln218_29_fu_2611">
<pin_list>
<pin id="2612" dir="0" index="0" bw="1" slack="6"/>
<pin id="2613" dir="0" index="1" bw="1" slack="0"/>
<pin id="2614" dir="1" index="2" bw="1" slack="0"/>
</pin_list>
<bind>
<opcode="xor(25) " fcode="xor"/>
<opset="xor_ln218_29/49 "/>
</bind>
</comp>

<comp id="2616" class="1004" name="xor_ln218_30_fu_2616">
<pin_list>
<pin id="2617" dir="0" index="0" bw="1" slack="2"/>
<pin id="2618" dir="0" index="1" bw="1" slack="0"/>
<pin id="2619" dir="1" index="2" bw="1" slack="0"/>
</pin_list>
<bind>
<opcode="xor(25) " fcode="xor"/>
<opset="xor_ln218_30/49 "/>
</bind>
</comp>

<comp id="2621" class="1004" name="xor_ln218_31_fu_2621">
<pin_list>
<pin id="2622" dir="0" index="0" bw="1" slack="2"/>
<pin id="2623" dir="0" index="1" bw="1" slack="0"/>
<pin id="2624" dir="1" index="2" bw="1" slack="0"/>
</pin_list>
<bind>
<opcode="xor(25) " fcode="xor"/>
<opset="xor_ln218_31/49 "/>
</bind>
</comp>

<comp id="2626" class="1004" name="xor_ln218_32_fu_2626">
<pin_list>
<pin id="2627" dir="0" index="0" bw="1" slack="3"/>
<pin id="2628" dir="0" index="1" bw="1" slack="0"/>
<pin id="2629" dir="1" index="2" bw="1" slack="0"/>
</pin_list>
<bind>
<opcode="xor(25) " fcode="xor"/>
<opset="xor_ln218_32/49 "/>
</bind>
</comp>

<comp id="2631" class="1004" name="xor_ln218_33_fu_2631">
<pin_list>
<pin id="2632" dir="0" index="0" bw="1" slack="2"/>
<pin id="2633" dir="0" index="1" bw="1" slack="0"/>
<pin id="2634" dir="1" index="2" bw="1" slack="0"/>
</pin_list>
<bind>
<opcode="xor(25) " fcode="xor"/>
<opset="xor_ln218_33/49 "/>
</bind>
</comp>

<comp id="2636" class="1004" name="xor_ln218_34_fu_2636">
<pin_list>
<pin id="2637" dir="0" index="0" bw="1" slack="0"/>
<pin id="2638" dir="0" index="1" bw="1" slack="0"/>
<pin id="2639" dir="1" index="2" bw="1" slack="0"/>
</pin_list>
<bind>
<opcode="xor(25) " fcode="xor"/>
<opset="xor_ln218_34/49 "/>
</bind>
</comp>

<comp id="2642" class="1004" name="xor_ln218_35_fu_2642">
<pin_list>
<pin id="2643" dir="0" index="0" bw="1" slack="0"/>
<pin id="2644" dir="0" index="1" bw="1" slack="0"/>
<pin id="2645" dir="1" index="2" bw="1" slack="0"/>
</pin_list>
<bind>
<opcode="xor(25) " fcode="xor"/>
<opset="xor_ln218_35/49 "/>
</bind>
</comp>

<comp id="2648" class="1004" name="and_ln218_33_fu_2648">
<pin_list>
<pin id="2649" dir="0" index="0" bw="1" slack="16"/>
<pin id="2650" dir="0" index="1" bw="1" slack="24"/>
<pin id="2651" dir="1" index="2" bw="1" slack="0"/>
</pin_list>
<bind>
<opcode="and(23) " fcode="and"/>
<opset="and_ln218_33/49 "/>
</bind>
</comp>

<comp id="2652" class="1004" name="and_ln218_38_fu_2652">
<pin_list>
<pin id="2653" dir="0" index="0" bw="1" slack="18"/>
<pin id="2654" dir="0" index="1" bw="1" slack="0"/>
<pin id="2655" dir="1" index="2" bw="1" slack="0"/>
</pin_list>
<bind>
<opcode="and(23) " fcode="and"/>
<opset="and_ln218_38/49 "/>
</bind>
</comp>

<comp id="2657" class="1004" name="and_ln218_39_fu_2657">
<pin_list>
<pin id="2658" dir="0" index="0" bw="1" slack="0"/>
<pin id="2659" dir="0" index="1" bw="1" slack="25"/>
<pin id="2660" dir="1" index="2" bw="1" slack="0"/>
</pin_list>
<bind>
<opcode="and(23) " fcode="and"/>
<opset="and_ln218_39/49 "/>
</bind>
</comp>

<comp id="2662" class="1004" name="and_ln218_48_fu_2662">
<pin_list>
<pin id="2663" dir="0" index="0" bw="1" slack="0"/>
<pin id="2664" dir="0" index="1" bw="1" slack="0"/>
<pin id="2665" dir="1" index="2" bw="1" slack="0"/>
</pin_list>
<bind>
<opcode="and(23) " fcode="and"/>
<opset="and_ln218_48/49 "/>
</bind>
</comp>

<comp id="2668" class="1004" name="and_ln218_49_fu_2668">
<pin_list>
<pin id="2669" dir="0" index="0" bw="1" slack="0"/>
<pin id="2670" dir="0" index="1" bw="1" slack="0"/>
<pin id="2671" dir="1" index="2" bw="1" slack="0"/>
</pin_list>
<bind>
<opcode="and(23) " fcode="and"/>
<opset="and_ln218_49/49 "/>
</bind>
</comp>

<comp id="2674" class="1004" name="and_ln218_50_fu_2674">
<pin_list>
<pin id="2675" dir="0" index="0" bw="1" slack="0"/>
<pin id="2676" dir="0" index="1" bw="1" slack="0"/>
<pin id="2677" dir="1" index="2" bw="1" slack="0"/>
</pin_list>
<bind>
<opcode="and(23) " fcode="and"/>
<opset="and_ln218_50/49 "/>
</bind>
</comp>

<comp id="2680" class="1004" name="and_ln218_51_fu_2680">
<pin_list>
<pin id="2681" dir="0" index="0" bw="1" slack="0"/>
<pin id="2682" dir="0" index="1" bw="1" slack="0"/>
<pin id="2683" dir="1" index="2" bw="1" slack="0"/>
</pin_list>
<bind>
<opcode="and(23) " fcode="and"/>
<opset="and_ln218_51/49 "/>
</bind>
</comp>

<comp id="2686" class="1004" name="and_ln218_52_fu_2686">
<pin_list>
<pin id="2687" dir="0" index="0" bw="1" slack="0"/>
<pin id="2688" dir="0" index="1" bw="1" slack="0"/>
<pin id="2689" dir="1" index="2" bw="1" slack="0"/>
</pin_list>
<bind>
<opcode="and(23) " fcode="and"/>
<opset="and_ln218_52/49 "/>
</bind>
</comp>

<comp id="2692" class="1004" name="and_ln218_53_fu_2692">
<pin_list>
<pin id="2693" dir="0" index="0" bw="1" slack="0"/>
<pin id="2694" dir="0" index="1" bw="1" slack="0"/>
<pin id="2695" dir="1" index="2" bw="1" slack="0"/>
</pin_list>
<bind>
<opcode="and(23) " fcode="and"/>
<opset="and_ln218_53/49 "/>
</bind>
</comp>

<comp id="2698" class="1004" name="and_ln218_54_fu_2698">
<pin_list>
<pin id="2699" dir="0" index="0" bw="1" slack="0"/>
<pin id="2700" dir="0" index="1" bw="1" slack="0"/>
<pin id="2701" dir="1" index="2" bw="1" slack="0"/>
</pin_list>
<bind>
<opcode="and(23) " fcode="and"/>
<opset="and_ln218_54/49 "/>
</bind>
</comp>

<comp id="2704" class="1004" name="and_ln218_55_fu_2704">
<pin_list>
<pin id="2705" dir="0" index="0" bw="1" slack="0"/>
<pin id="2706" dir="0" index="1" bw="1" slack="0"/>
<pin id="2707" dir="1" index="2" bw="1" slack="0"/>
</pin_list>
<bind>
<opcode="and(23) " fcode="and"/>
<opset="and_ln218_55/49 "/>
</bind>
</comp>

<comp id="2710" class="1004" name="and_ln218_56_fu_2710">
<pin_list>
<pin id="2711" dir="0" index="0" bw="1" slack="0"/>
<pin id="2712" dir="0" index="1" bw="1" slack="9"/>
<pin id="2713" dir="1" index="2" bw="1" slack="0"/>
</pin_list>
<bind>
<opcode="and(23) " fcode="and"/>
<opset="and_ln218_56/49 "/>
</bind>
</comp>

<comp id="2715" class="1004" name="and_ln218_57_fu_2715">
<pin_list>
<pin id="2716" dir="0" index="0" bw="1" slack="0"/>
<pin id="2717" dir="0" index="1" bw="1" slack="0"/>
<pin id="2718" dir="1" index="2" bw="1" slack="0"/>
</pin_list>
<bind>
<opcode="and(23) " fcode="and"/>
<opset="and_ln218_57/49 "/>
</bind>
</comp>

<comp id="2721" class="1004" name="and_ln218_23_fu_2721">
<pin_list>
<pin id="2722" dir="0" index="0" bw="1" slack="0"/>
<pin id="2723" dir="0" index="1" bw="1" slack="29"/>
<pin id="2724" dir="1" index="2" bw="1" slack="0"/>
</pin_list>
<bind>
<opcode="and(23) " fcode="and"/>
<opset="and_ln218_23/49 "/>
</bind>
</comp>

<comp id="2726" class="1004" name="xor_ln218_fu_2726">
<pin_list>
<pin id="2727" dir="0" index="0" bw="1" slack="0"/>
<pin id="2728" dir="0" index="1" bw="1" slack="0"/>
<pin id="2729" dir="1" index="2" bw="1" slack="1"/>
</pin_list>
<bind>
<opcode="xor(25) " fcode="xor"/>
<opset="xor_ln218/49 "/>
</bind>
</comp>

<comp id="2732" class="1004" name="zext_ln187_14_fu_2732">
<pin_list>
<pin id="2733" dir="0" index="0" bw="12" slack="1"/>
<pin id="2734" dir="1" index="1" bw="13" slack="0"/>
</pin_list>
<bind>
<opcode="zext(34) " fcode="zext"/>
<opset="zext_ln187_14/49 "/>
</bind>
</comp>

<comp id="2736" class="1004" name="zext_ln187_15_fu_2736">
<pin_list>
<pin id="2737" dir="0" index="0" bw="12" slack="0"/>
<pin id="2738" dir="1" index="1" bw="13" slack="0"/>
</pin_list>
<bind>
<opcode="zext(34) " fcode="zext"/>
<opset="zext_ln187_15/49 "/>
</bind>
</comp>

<comp id="2740" class="1004" name="add_ln187_41_fu_2740">
<pin_list>
<pin id="2741" dir="0" index="0" bw="12" slack="0"/>
<pin id="2742" dir="0" index="1" bw="12" slack="0"/>
<pin id="2743" dir="1" index="2" bw="13" slack="0"/>
</pin_list>
<bind>
<opcode="add(8) " fcode="add"/>
<opset="add_ln187_41/49 "/>
</bind>
</comp>

<comp id="2746" class="1004" name="zext_ln187_38_fu_2746">
<pin_list>
<pin id="2747" dir="0" index="0" bw="13" slack="0"/>
<pin id="2748" dir="1" index="1" bw="15" slack="0"/>
</pin_list>
<bind>
<opcode="zext(34) " fcode="zext"/>
<opset="zext_ln187_38/49 "/>
</bind>
</comp>

<comp id="2750" class="1004" name="zext_ln187_40_fu_2750">
<pin_list>
<pin id="2751" dir="0" index="0" bw="14" slack="2"/>
<pin id="2752" dir="1" index="1" bw="15" slack="0"/>
</pin_list>
<bind>
<opcode="zext(34) " fcode="zext"/>
<opset="zext_ln187_40/49 "/>
</bind>
</comp>

<comp id="2753" class="1004" name="add_ln187_44_fu_2753">
<pin_list>
<pin id="2754" dir="0" index="0" bw="14" slack="0"/>
<pin id="2755" dir="0" index="1" bw="13" slack="0"/>
<pin id="2756" dir="1" index="2" bw="15" slack="1"/>
</pin_list>
<bind>
<opcode="add(8) " fcode="add"/>
<opset="add_ln187_44/49 "/>
</bind>
</comp>

<comp id="2759" class="1004" name="icmp_ln218_46_fu_2759">
<pin_list>
<pin id="2760" dir="0" index="0" bw="12" slack="0"/>
<pin id="2761" dir="0" index="1" bw="12" slack="48"/>
<pin id="2762" dir="1" index="2" bw="1" slack="0"/>
</pin_list>
<bind>
<opcode="icmp(45) " fcode="icmp"/>
<opset="icmp_ln218_46/50 "/>
</bind>
</comp>

<comp id="2764" class="1004" name="zext_ln394_9_fu_2764">
<pin_list>
<pin id="2765" dir="0" index="0" bw="16" slack="14"/>
<pin id="2766" dir="1" index="1" bw="19" slack="0"/>
</pin_list>
<bind>
<opcode="zext(34) " fcode="zext"/>
<opset="zext_ln394_9/50 "/>
</bind>
</comp>

<comp id="2767" class="1004" name="zext_ln395_fu_2767">
<pin_list>
<pin id="2768" dir="0" index="0" bw="12" slack="47"/>
<pin id="2769" dir="1" index="1" bw="18" slack="0"/>
</pin_list>
<bind>
<opcode="zext(34) " fcode="zext"/>
<opset="zext_ln395/50 "/>
</bind>
</comp>

<comp id="2770" class="1004" name="zext_ln395_1_fu_2770">
<pin_list>
<pin id="2771" dir="0" index="0" bw="12" slack="46"/>
<pin id="2772" dir="1" index="1" bw="13" slack="0"/>
</pin_list>
<bind>
<opcode="zext(34) " fcode="zext"/>
<opset="zext_ln395_1/50 "/>
</bind>
</comp>

<comp id="2773" class="1004" name="zext_ln187_13_fu_2773">
<pin_list>
<pin id="2774" dir="0" index="0" bw="17" slack="14"/>
<pin id="2775" dir="1" index="1" bw="18" slack="0"/>
</pin_list>
<bind>
<opcode="zext(34) " fcode="zext"/>
<opset="zext_ln187_13/50 "/>
</bind>
</comp>

<comp id="2776" class="1004" name="zext_ln187_36_fu_2776">
<pin_list>
<pin id="2777" dir="0" index="0" bw="12" slack="0"/>
<pin id="2778" dir="1" index="1" bw="13" slack="0"/>
</pin_list>
<bind>
<opcode="zext(34) " fcode="zext"/>
<opset="zext_ln187_36/50 "/>
</bind>
</comp>

<comp id="2780" class="1004" name="add_ln187_38_fu_2780">
<pin_list>
<pin id="2781" dir="0" index="0" bw="17" slack="0"/>
<pin id="2782" dir="0" index="1" bw="12" slack="0"/>
<pin id="2783" dir="1" index="2" bw="18" slack="0"/>
</pin_list>
<bind>
<opcode="add(8) " fcode="add"/>
<opset="add_ln187_38/50 "/>
</bind>
</comp>

<comp id="2786" class="1004" name="add_ln187_39_fu_2786">
<pin_list>
<pin id="2787" dir="0" index="0" bw="12" slack="0"/>
<pin id="2788" dir="0" index="1" bw="12" slack="0"/>
<pin id="2789" dir="1" index="2" bw="13" slack="0"/>
</pin_list>
<bind>
<opcode="add(8) " fcode="add"/>
<opset="add_ln187_39/50 "/>
</bind>
</comp>

<comp id="2792" class="1004" name="zext_ln187_37_fu_2792">
<pin_list>
<pin id="2793" dir="0" index="0" bw="13" slack="0"/>
<pin id="2794" dir="1" index="1" bw="18" slack="0"/>
</pin_list>
<bind>
<opcode="zext(34) " fcode="zext"/>
<opset="zext_ln187_37/50 "/>
</bind>
</comp>

<comp id="2796" class="1004" name="add_ln187_40_fu_2796">
<pin_list>
<pin id="2797" dir="0" index="0" bw="13" slack="0"/>
<pin id="2798" dir="0" index="1" bw="18" slack="0"/>
<pin id="2799" dir="1" index="2" bw="18" slack="0"/>
</pin_list>
<bind>
<opcode="add(8) " fcode="add"/>
<opset="add_ln187_40/50 "/>
</bind>
</comp>

<comp id="2802" class="1004" name="zext_ln187_41_fu_2802">
<pin_list>
<pin id="2803" dir="0" index="0" bw="15" slack="1"/>
<pin id="2804" dir="1" index="1" bw="18" slack="0"/>
</pin_list>
<bind>
<opcode="zext(34) " fcode="zext"/>
<opset="zext_ln187_41/50 "/>
</bind>
</comp>

<comp id="2805" class="1004" name="add_ln187_45_fu_2805">
<pin_list>
<pin id="2806" dir="0" index="0" bw="15" slack="0"/>
<pin id="2807" dir="0" index="1" bw="18" slack="0"/>
<pin id="2808" dir="1" index="2" bw="18" slack="0"/>
</pin_list>
<bind>
<opcode="add(8) " fcode="add"/>
<opset="add_ln187_45/50 "/>
</bind>
</comp>

<comp id="2811" class="1004" name="zext_ln187_49_fu_2811">
<pin_list>
<pin id="2812" dir="0" index="0" bw="16" slack="4"/>
<pin id="2813" dir="1" index="1" bw="18" slack="0"/>
</pin_list>
<bind>
<opcode="zext(34) " fcode="zext"/>
<opset="zext_ln187_49/50 "/>
</bind>
</comp>

<comp id="2814" class="1004" name="sum7_et_11_fu_2814">
<pin_list>
<pin id="2815" dir="0" index="0" bw="16" slack="0"/>
<pin id="2816" dir="0" index="1" bw="18" slack="0"/>
<pin id="2817" dir="1" index="2" bw="18" slack="0"/>
</pin_list>
<bind>
<opcode="add(8) " fcode="add"/>
<opset="sum7_et_11/50 "/>
</bind>
</comp>

<comp id="2820" class="1004" name="zext_ln395_33_fu_2820">
<pin_list>
<pin id="2821" dir="0" index="0" bw="18" slack="0"/>
<pin id="2822" dir="1" index="1" bw="20" slack="0"/>
</pin_list>
<bind>
<opcode="zext(34) " fcode="zext"/>
<opset="zext_ln395_33/50 "/>
</bind>
</comp>

<comp id="2824" class="1004" name="zext_ln395_34_fu_2824">
<pin_list>
<pin id="2825" dir="0" index="0" bw="18" slack="0"/>
<pin id="2826" dir="1" index="1" bw="19" slack="0"/>
</pin_list>
<bind>
<opcode="zext(34) " fcode="zext"/>
<opset="zext_ln395_34/50 "/>
</bind>
</comp>

<comp id="2828" class="1004" name="ring7_et_fu_2828">
<pin_list>
<pin id="2829" dir="0" index="0" bw="18" slack="0"/>
<pin id="2830" dir="0" index="1" bw="16" slack="0"/>
<pin id="2831" dir="1" index="2" bw="19" slack="0"/>
</pin_list>
<bind>
<opcode="sub(10) " fcode="sub"/>
<opset="ring7_et/50 "/>
</bind>
</comp>

<comp id="2834" class="1004" name="icmp_ln398_fu_2834">
<pin_list>
<pin id="2835" dir="0" index="0" bw="20" slack="0"/>
<pin id="2836" dir="0" index="1" bw="20" slack="49"/>
<pin id="2837" dir="1" index="2" bw="1" slack="0"/>
</pin_list>
<bind>
<opcode="icmp(45) " fcode="icmp"/>
<opset="icmp_ln398/50 "/>
</bind>
</comp>

<comp id="2839" class="1004" name="tmp_10_fu_2839">
<pin_list>
<pin id="2840" dir="0" index="0" bw="22" slack="0"/>
<pin id="2841" dir="0" index="1" bw="19" slack="0"/>
<pin id="2842" dir="0" index="2" bw="1" slack="0"/>
<pin id="2843" dir="1" index="3" bw="22" slack="0"/>
</pin_list>
<bind>
<opcode="bitconcatenate(1004) " fcode="bitconcatenate"/>
<opset="tmp_10/50 "/>
</bind>
</comp>

<comp id="2847" class="1004" name="sext_ln274_fu_2847">
<pin_list>
<pin id="2848" dir="0" index="0" bw="22" slack="0"/>
<pin id="2849" dir="1" index="1" bw="23" slack="0"/>
</pin_list>
<bind>
<opcode="sext(35) " fcode="sext"/>
<opset="sext_ln274/50 "/>
</bind>
</comp>

<comp id="2851" class="1004" name="tmp_11_fu_2851">
<pin_list>
<pin id="2852" dir="0" index="0" bw="20" slack="0"/>
<pin id="2853" dir="0" index="1" bw="19" slack="0"/>
<pin id="2854" dir="0" index="2" bw="1" slack="0"/>
<pin id="2855" dir="1" index="3" bw="20" slack="0"/>
</pin_list>
<bind>
<opcode="bitconcatenate(1004) " fcode="bitconcatenate"/>
<opset="tmp_11/50 "/>
</bind>
</comp>

<comp id="2859" class="1004" name="sext_ln274_1_fu_2859">
<pin_list>
<pin id="2860" dir="0" index="0" bw="20" slack="0"/>
<pin id="2861" dir="1" index="1" bw="21" slack="0"/>
</pin_list>
<bind>
<opcode="sext(35) " fcode="sext"/>
<opset="sext_ln274_1/50 "/>
</bind>
</comp>

<comp id="2863" class="1004" name="zext_ln274_fu_2863">
<pin_list>
<pin id="2864" dir="0" index="0" bw="20" slack="0"/>
<pin id="2865" dir="1" index="1" bw="23" slack="0"/>
</pin_list>
<bind>
<opcode="zext(34) " fcode="zext"/>
<opset="zext_ln274/50 "/>
</bind>
</comp>

<comp id="2867" class="1004" name="ring_lhs_fu_2867">
<pin_list>
<pin id="2868" dir="0" index="0" bw="22" slack="0"/>
<pin id="2869" dir="0" index="1" bw="21" slack="0"/>
<pin id="2870" dir="1" index="2" bw="23" slack="0"/>
</pin_list>
<bind>
<opcode="sub(10) " fcode="sub"/>
<opset="ring_lhs/50 "/>
</bind>
</comp>

<comp id="2873" class="1004" name="zext_ln275_fu_2873">
<pin_list>
<pin id="2874" dir="0" index="0" bw="16" slack="14"/>
<pin id="2875" dir="1" index="1" bw="23" slack="0"/>
</pin_list>
<bind>
<opcode="zext(34) " fcode="zext"/>
<opset="zext_ln275/50 "/>
</bind>
</comp>

<comp id="2876" class="1004" name="icmp_ln277_fu_2876">
<pin_list>
<pin id="2877" dir="0" index="0" bw="23" slack="0"/>
<pin id="2878" dir="0" index="1" bw="23" slack="0"/>
<pin id="2879" dir="1" index="2" bw="1" slack="0"/>
</pin_list>
<bind>
<opcode="icmp(45) " fcode="icmp"/>
<opset="icmp_ln277/50 "/>
</bind>
</comp>

<comp id="2882" class="1004" name="select_ln398_fu_2882">
<pin_list>
<pin id="2883" dir="0" index="0" bw="1" slack="0"/>
<pin id="2884" dir="0" index="1" bw="18" slack="0"/>
<pin id="2885" dir="0" index="2" bw="18" slack="0"/>
<pin id="2886" dir="1" index="3" bw="18" slack="0"/>
</pin_list>
<bind>
<opcode="select(49) " fcode="select"/>
<opset="select_ln398/50 "/>
</bind>
</comp>

<comp id="2890" class="1004" name="select_ln398_1_fu_2890">
<pin_list>
<pin id="2891" dir="0" index="0" bw="1" slack="0"/>
<pin id="2892" dir="0" index="1" bw="19" slack="0"/>
<pin id="2893" dir="0" index="2" bw="19" slack="0"/>
<pin id="2894" dir="1" index="3" bw="19" slack="0"/>
</pin_list>
<bind>
<opcode="select(49) " fcode="select"/>
<opset="select_ln398_1/50 "/>
</bind>
</comp>

<comp id="2898" class="1004" name="or_ln398_fu_2898">
<pin_list>
<pin id="2899" dir="0" index="0" bw="1" slack="48"/>
<pin id="2900" dir="0" index="1" bw="1" slack="1"/>
<pin id="2901" dir="1" index="2" bw="1" slack="0"/>
</pin_list>
<bind>
<opcode="or(24) " fcode="or"/>
<opset="or_ln398/50 "/>
</bind>
</comp>

<comp id="2902" class="1004" name="or_ln398_1_fu_2902">
<pin_list>
<pin id="2903" dir="0" index="0" bw="1" slack="0"/>
<pin id="2904" dir="0" index="1" bw="1" slack="0"/>
<pin id="2905" dir="1" index="2" bw="1" slack="0"/>
</pin_list>
<bind>
<opcode="or(24) " fcode="or"/>
<opset="or_ln398_1/50 "/>
</bind>
</comp>

<comp id="2908" class="1004" name="or_ln398_2_fu_2908">
<pin_list>
<pin id="2909" dir="0" index="0" bw="1" slack="0"/>
<pin id="2910" dir="0" index="1" bw="1" slack="0"/>
<pin id="2911" dir="1" index="2" bw="1" slack="0"/>
</pin_list>
<bind>
<opcode="or(24) " fcode="or"/>
<opset="or_ln398_2/50 "/>
</bind>
</comp>

<comp id="2914" class="1004" name="candidate_et_fu_2914">
<pin_list>
<pin id="2915" dir="0" index="0" bw="1" slack="0"/>
<pin id="2916" dir="0" index="1" bw="18" slack="0"/>
<pin id="2917" dir="0" index="2" bw="18" slack="0"/>
<pin id="2918" dir="1" index="3" bw="18" slack="0"/>
</pin_list>
<bind>
<opcode="select(49) " fcode="select"/>
<opset="candidate_et/50 "/>
</bind>
</comp>

<comp id="2922" class="1004" name="candidate_isolation_et_fu_2922">
<pin_list>
<pin id="2923" dir="0" index="0" bw="1" slack="0"/>
<pin id="2924" dir="0" index="1" bw="19" slack="0"/>
<pin id="2925" dir="0" index="2" bw="19" slack="0"/>
<pin id="2926" dir="1" index="3" bw="19" slack="0"/>
</pin_list>
<bind>
<opcode="select(49) " fcode="select"/>
<opset="candidate_isolation_et/50 "/>
</bind>
</comp>

<comp id="2930" class="1004" name="not_sel_tmp1_fu_2930">
<pin_list>
<pin id="2931" dir="0" index="0" bw="1" slack="0"/>
<pin id="2932" dir="0" index="1" bw="1" slack="0"/>
<pin id="2933" dir="1" index="2" bw="1" slack="0"/>
</pin_list>
<bind>
<opcode="xor(25) " fcode="xor"/>
<opset="not_sel_tmp1/50 "/>
</bind>
</comp>

<comp id="2936" class="1004" name="candidate_valid_fu_2936">
<pin_list>
<pin id="2937" dir="0" index="0" bw="1" slack="0"/>
<pin id="2938" dir="0" index="1" bw="1" slack="0"/>
<pin id="2939" dir="1" index="2" bw="1" slack="0"/>
</pin_list>
<bind>
<opcode="and(23) " fcode="and"/>
<opset="candidate_valid/50 "/>
</bind>
</comp>

<comp id="2942" class="1004" name="zext_ln379_fu_2942">
<pin_list>
<pin id="2943" dir="0" index="0" bw="18" slack="0"/>
<pin id="2944" dir="1" index="1" bw="20" slack="0"/>
</pin_list>
<bind>
<opcode="zext(34) " fcode="zext"/>
<opset="zext_ln379/50 "/>
</bind>
</comp>

<comp id="2946" class="1004" name="sext_ln411_fu_2946">
<pin_list>
<pin id="2947" dir="0" index="0" bw="19" slack="0"/>
<pin id="2948" dir="1" index="1" bw="20" slack="0"/>
</pin_list>
<bind>
<opcode="sext(35) " fcode="sext"/>
<opset="sext_ln411/50 "/>
</bind>
</comp>

<comp id="2950" class="1004" name="or_ln411_s_fu_2950">
<pin_list>
<pin id="2951" dir="0" index="0" bw="61" slack="0"/>
<pin id="2952" dir="0" index="1" bw="1" slack="0"/>
<pin id="2953" dir="0" index="2" bw="8" slack="0"/>
<pin id="2954" dir="0" index="3" bw="6" slack="49"/>
<pin id="2955" dir="0" index="4" bw="1" slack="0"/>
<pin id="2956" dir="0" index="5" bw="5" slack="49"/>
<pin id="2957" dir="0" index="6" bw="19" slack="0"/>
<pin id="2958" dir="0" index="7" bw="18" slack="0"/>
<pin id="2959" dir="1" index="8" bw="61" slack="0"/>
</pin_list>
<bind>
<opcode="bitconcatenate(1004) " fcode="bitconcatenate"/>
<opset="or_ln411_s/50 "/>
</bind>
</comp>

<comp id="2967" class="1005" name="phi_idx_3_reg_2967">
<pin_list>
<pin id="2968" dir="0" index="0" bw="6" slack="0"/>
<pin id="2969" dir="1" index="1" bw="6" slack="0"/>
</pin_list>
<bind>
<opset="phi_idx_3 "/>
</bind>
</comp>

<comp id="2974" class="1005" name="eta_reg_2974">
<pin_list>
<pin id="2975" dir="0" index="0" bw="5" slack="0"/>
<pin id="2976" dir="1" index="1" bw="5" slack="0"/>
</pin_list>
<bind>
<opset="eta "/>
</bind>
</comp>

<comp id="2981" class="1005" name="indvar_flatten_reg_2981">
<pin_list>
<pin id="2982" dir="0" index="0" bw="11" slack="0"/>
<pin id="2983" dir="1" index="1" bw="11" slack="0"/>
</pin_list>
<bind>
<opset="indvar_flatten "/>
</bind>
</comp>

<comp id="2988" class="1005" name="cluster_threshold_read_reg_2988">
<pin_list>
<pin id="2989" dir="0" index="0" bw="20" slack="49"/>
<pin id="2990" dir="1" index="1" bw="20" slack="49"/>
</pin_list>
<bind>
<opset="cluster_threshold_read "/>
</bind>
</comp>

<comp id="2993" class="1005" name="seed_threshold_read_reg_2993">
<pin_list>
<pin id="2994" dir="0" index="0" bw="12" slack="1"/>
<pin id="2995" dir="1" index="1" bw="12" slack="1"/>
</pin_list>
<bind>
<opset="seed_threshold_read "/>
</bind>
</comp>

<comp id="2998" class="1005" name="icmp_ln375_reg_2998">
<pin_list>
<pin id="2999" dir="0" index="0" bw="1" slack="1"/>
<pin id="3000" dir="1" index="1" bw="1" slack="2147483647"/>
</pin_list>
<bind>
<opset="icmp_ln375 "/>
</bind>
</comp>

<comp id="3002" class="1005" name="select_ln375_reg_3002">
<pin_list>
<pin id="3003" dir="0" index="0" bw="6" slack="1"/>
<pin id="3004" dir="1" index="1" bw="6" slack="1"/>
</pin_list>
<bind>
<opset="select_ln375 "/>
</bind>
</comp>

<comp id="3011" class="1005" name="select_ln375_1_reg_3011">
<pin_list>
<pin id="3012" dir="0" index="0" bw="5" slack="28"/>
<pin id="3013" dir="1" index="1" bw="5" slack="28"/>
</pin_list>
<bind>
<opset="select_ln375_1 "/>
</bind>
</comp>

<comp id="3017" class="1005" name="select_ln375_2_reg_3017">
<pin_list>
<pin id="3018" dir="0" index="0" bw="5" slack="1"/>
<pin id="3019" dir="1" index="1" bw="5" slack="1"/>
</pin_list>
<bind>
<opset="select_ln375_2 "/>
</bind>
</comp>

<comp id="3027" class="1005" name="sub_ln389_reg_3027">
<pin_list>
<pin id="3028" dir="0" index="0" bw="11" slack="22"/>
<pin id="3029" dir="1" index="1" bw="11" slack="22"/>
</pin_list>
<bind>
<opset="sub_ln389 "/>
</bind>
</comp>

<comp id="3037" class="1005" name="zext_ln389_1_reg_3037">
<pin_list>
<pin id="3038" dir="0" index="0" bw="11" slack="4"/>
<pin id="3039" dir="1" index="1" bw="11" slack="4"/>
</pin_list>
<bind>
<opset="zext_ln389_1 "/>
</bind>
</comp>

<comp id="3047" class="1005" name="towers_addr_reg_3047">
<pin_list>
<pin id="3048" dir="0" index="0" bw="11" slack="1"/>
<pin id="3049" dir="1" index="1" bw="11" slack="1"/>
</pin_list>
<bind>
<opset="towers_addr "/>
</bind>
</comp>

<comp id="3052" class="1005" name="sub_ln216_reg_3052">
<pin_list>
<pin id="3053" dir="0" index="0" bw="11" slack="1"/>
<pin id="3054" dir="1" index="1" bw="11" slack="1"/>
</pin_list>
<bind>
<opset="sub_ln216 "/>
</bind>
</comp>

<comp id="3062" class="1005" name="zext_ln376_reg_3062">
<pin_list>
<pin id="3063" dir="0" index="0" bw="7" slack="1"/>
<pin id="3064" dir="1" index="1" bw="7" slack="1"/>
</pin_list>
<bind>
<opset="zext_ln376 "/>
</bind>
</comp>

<comp id="3073" class="1005" name="seed_et_reg_3073">
<pin_list>
<pin id="3074" dir="0" index="0" bw="12" slack="6"/>
<pin id="3075" dir="1" index="1" bw="12" slack="6"/>
</pin_list>
<bind>
<opset="seed_et "/>
</bind>
</comp>

<comp id="3095" class="1005" name="icmp_ln391_reg_3095">
<pin_list>
<pin id="3096" dir="0" index="0" bw="1" slack="48"/>
<pin id="3097" dir="1" index="1" bw="1" slack="48"/>
</pin_list>
<bind>
<opset="icmp_ln391 "/>
</bind>
</comp>

<comp id="3100" class="1005" name="zext_ln216_12_reg_3100">
<pin_list>
<pin id="3101" dir="0" index="0" bw="11" slack="7"/>
<pin id="3102" dir="1" index="1" bw="11" slack="7"/>
</pin_list>
<bind>
<opset="zext_ln216_12 "/>
</bind>
</comp>

<comp id="3110" class="1005" name="towers_addr_1_reg_3110">
<pin_list>
<pin id="3111" dir="0" index="0" bw="11" slack="1"/>
<pin id="3112" dir="1" index="1" bw="11" slack="1"/>
</pin_list>
<bind>
<opset="towers_addr_1 "/>
</bind>
</comp>

<comp id="3115" class="1005" name="neighbor_reg_3115">
<pin_list>
<pin id="3116" dir="0" index="0" bw="12" slack="5"/>
<pin id="3117" dir="1" index="1" bw="12" slack="5"/>
</pin_list>
<bind>
<opset="neighbor "/>
</bind>
</comp>

<comp id="3121" class="1005" name="zext_ln216_14_reg_3121">
<pin_list>
<pin id="3122" dir="0" index="0" bw="11" slack="7"/>
<pin id="3123" dir="1" index="1" bw="11" slack="7"/>
</pin_list>
<bind>
<opset="zext_ln216_14 "/>
</bind>
</comp>

<comp id="3131" class="1005" name="towers_addr_2_reg_3131">
<pin_list>
<pin id="3132" dir="0" index="0" bw="11" slack="1"/>
<pin id="3133" dir="1" index="1" bw="11" slack="1"/>
</pin_list>
<bind>
<opset="towers_addr_2 "/>
</bind>
</comp>

<comp id="3136" class="1005" name="neighbor_1_reg_3136">
<pin_list>
<pin id="3137" dir="0" index="0" bw="12" slack="4"/>
<pin id="3138" dir="1" index="1" bw="12" slack="4"/>
</pin_list>
<bind>
<opset="neighbor_1 "/>
</bind>
</comp>

<comp id="3143" class="1005" name="zext_ln216_16_reg_3143">
<pin_list>
<pin id="3144" dir="0" index="0" bw="11" slack="7"/>
<pin id="3145" dir="1" index="1" bw="11" slack="7"/>
</pin_list>
<bind>
<opset="zext_ln216_16 "/>
</bind>
</comp>

<comp id="3153" class="1005" name="towers_addr_3_reg_3153">
<pin_list>
<pin id="3154" dir="0" index="0" bw="11" slack="1"/>
<pin id="3155" dir="1" index="1" bw="11" slack="1"/>
</pin_list>
<bind>
<opset="towers_addr_3 "/>
</bind>
</comp>

<comp id="3158" class="1005" name="towers_addr_4_reg_3158">
<pin_list>
<pin id="3159" dir="0" index="0" bw="11" slack="1"/>
<pin id="3160" dir="1" index="1" bw="11" slack="1"/>
</pin_list>
<bind>
<opset="towers_addr_4 "/>
</bind>
</comp>

<comp id="3163" class="1005" name="sext_ln216_reg_3163">
<pin_list>
<pin id="3164" dir="0" index="0" bw="11" slack="7"/>
<pin id="3165" dir="1" index="1" bw="11" slack="7"/>
</pin_list>
<bind>
<opset="sext_ln216 "/>
</bind>
</comp>

<comp id="3173" class="1005" name="towers_addr_5_reg_3173">
<pin_list>
<pin id="3174" dir="0" index="0" bw="11" slack="1"/>
<pin id="3175" dir="1" index="1" bw="11" slack="1"/>
</pin_list>
<bind>
<opset="towers_addr_5 "/>
</bind>
</comp>

<comp id="3178" class="1005" name="sext_ln216_1_reg_3178">
<pin_list>
<pin id="3179" dir="0" index="0" bw="11" slack="7"/>
<pin id="3180" dir="1" index="1" bw="11" slack="7"/>
</pin_list>
<bind>
<opset="sext_ln216_1 "/>
</bind>
</comp>

<comp id="3188" class="1005" name="towers_addr_6_reg_3188">
<pin_list>
<pin id="3189" dir="0" index="0" bw="11" slack="1"/>
<pin id="3190" dir="1" index="1" bw="11" slack="1"/>
</pin_list>
<bind>
<opset="towers_addr_6 "/>
</bind>
</comp>

<comp id="3193" class="1005" name="icmp_ln218_3_reg_3193">
<pin_list>
<pin id="3194" dir="0" index="0" bw="1" slack="1"/>
<pin id="3195" dir="1" index="1" bw="1" slack="1"/>
</pin_list>
<bind>
<opset="icmp_ln218_3 "/>
</bind>
</comp>

<comp id="3198" class="1005" name="icmp_ln220_4_reg_3198">
<pin_list>
<pin id="3199" dir="0" index="0" bw="1" slack="1"/>
<pin id="3200" dir="1" index="1" bw="1" slack="1"/>
</pin_list>
<bind>
<opset="icmp_ln220_4 "/>
</bind>
</comp>

<comp id="3203" class="1005" name="icmp_ln218_4_reg_3203">
<pin_list>
<pin id="3204" dir="0" index="0" bw="1" slack="1"/>
<pin id="3205" dir="1" index="1" bw="1" slack="1"/>
</pin_list>
<bind>
<opset="icmp_ln218_4 "/>
</bind>
</comp>

<comp id="3208" class="1005" name="sext_ln216_2_reg_3208">
<pin_list>
<pin id="3209" dir="0" index="0" bw="11" slack="7"/>
<pin id="3210" dir="1" index="1" bw="11" slack="7"/>
</pin_list>
<bind>
<opset="sext_ln216_2 "/>
</bind>
</comp>

<comp id="3218" class="1005" name="towers_addr_7_reg_3218">
<pin_list>
<pin id="3219" dir="0" index="0" bw="11" slack="1"/>
<pin id="3220" dir="1" index="1" bw="11" slack="1"/>
</pin_list>
<bind>
<opset="towers_addr_7 "/>
</bind>
</comp>

<comp id="3223" class="1005" name="and_ln218_6_reg_3223">
<pin_list>
<pin id="3224" dir="0" index="0" bw="1" slack="3"/>
<pin id="3225" dir="1" index="1" bw="1" slack="3"/>
</pin_list>
<bind>
<opset="and_ln218_6 "/>
</bind>
</comp>

<comp id="3228" class="1005" name="add_ln187_9_reg_3228">
<pin_list>
<pin id="3229" dir="0" index="0" bw="13" slack="4"/>
<pin id="3230" dir="1" index="1" bw="13" slack="4"/>
</pin_list>
<bind>
<opset="add_ln187_9 "/>
</bind>
</comp>

<comp id="3233" class="1005" name="sub_ln216_1_reg_3233">
<pin_list>
<pin id="3234" dir="0" index="0" bw="11" slack="1"/>
<pin id="3235" dir="1" index="1" bw="11" slack="1"/>
</pin_list>
<bind>
<opset="sub_ln216_1 "/>
</bind>
</comp>

<comp id="3243" class="1005" name="towers_addr_8_reg_3243">
<pin_list>
<pin id="3244" dir="0" index="0" bw="11" slack="1"/>
<pin id="3245" dir="1" index="1" bw="11" slack="1"/>
</pin_list>
<bind>
<opset="towers_addr_8 "/>
</bind>
</comp>

<comp id="3248" class="1005" name="and_ln218_9_reg_3248">
<pin_list>
<pin id="3249" dir="0" index="0" bw="1" slack="2"/>
<pin id="3250" dir="1" index="1" bw="1" slack="2"/>
</pin_list>
<bind>
<opset="and_ln218_9 "/>
</bind>
</comp>

<comp id="3253" class="1005" name="towers_addr_9_reg_3253">
<pin_list>
<pin id="3254" dir="0" index="0" bw="11" slack="1"/>
<pin id="3255" dir="1" index="1" bw="11" slack="1"/>
</pin_list>
<bind>
<opset="towers_addr_9 "/>
</bind>
</comp>

<comp id="3258" class="1005" name="neighbor_8_reg_3258">
<pin_list>
<pin id="3259" dir="0" index="0" bw="12" slack="1"/>
<pin id="3260" dir="1" index="1" bw="12" slack="1"/>
</pin_list>
<bind>
<opset="neighbor_8 "/>
</bind>
</comp>

<comp id="3263" class="1005" name="towers_addr_10_reg_3263">
<pin_list>
<pin id="3264" dir="0" index="0" bw="11" slack="1"/>
<pin id="3265" dir="1" index="1" bw="11" slack="1"/>
</pin_list>
<bind>
<opset="towers_addr_10 "/>
</bind>
</comp>

<comp id="3268" class="1005" name="and_ln218_14_reg_3268">
<pin_list>
<pin id="3269" dir="0" index="0" bw="1" slack="9"/>
<pin id="3270" dir="1" index="1" bw="1" slack="9"/>
</pin_list>
<bind>
<opset="and_ln218_14 "/>
</bind>
</comp>

<comp id="3273" class="1005" name="towers_addr_11_reg_3273">
<pin_list>
<pin id="3274" dir="0" index="0" bw="11" slack="1"/>
<pin id="3275" dir="1" index="1" bw="11" slack="1"/>
</pin_list>
<bind>
<opset="towers_addr_11 "/>
</bind>
</comp>

<comp id="3278" class="1005" name="icmp_ln218_36_reg_3278">
<pin_list>
<pin id="3279" dir="0" index="0" bw="1" slack="4"/>
<pin id="3280" dir="1" index="1" bw="1" slack="4"/>
</pin_list>
<bind>
<opset="icmp_ln218_36 "/>
</bind>
</comp>

<comp id="3283" class="1005" name="zext_ln394_4_reg_3283">
<pin_list>
<pin id="3284" dir="0" index="0" bw="13" slack="8"/>
<pin id="3285" dir="1" index="1" bw="13" slack="8"/>
</pin_list>
<bind>
<opset="zext_ln394_4 "/>
</bind>
</comp>

<comp id="3288" class="1005" name="sum7_et_8_reg_3288">
<pin_list>
<pin id="3289" dir="0" index="0" bw="15" slack="1"/>
<pin id="3290" dir="1" index="1" bw="15" slack="1"/>
</pin_list>
<bind>
<opset="sum7_et_8 "/>
</bind>
</comp>

<comp id="3293" class="1005" name="towers_addr_12_reg_3293">
<pin_list>
<pin id="3294" dir="0" index="0" bw="11" slack="1"/>
<pin id="3295" dir="1" index="1" bw="11" slack="1"/>
</pin_list>
<bind>
<opset="towers_addr_12 "/>
</bind>
</comp>

<comp id="3298" class="1005" name="icmp_ln218_37_reg_3298">
<pin_list>
<pin id="3299" dir="0" index="0" bw="1" slack="3"/>
<pin id="3300" dir="1" index="1" bw="1" slack="3"/>
</pin_list>
<bind>
<opset="icmp_ln218_37 "/>
</bind>
</comp>

<comp id="3303" class="1005" name="add_ln187_15_reg_3303">
<pin_list>
<pin id="3304" dir="0" index="0" bw="16" slack="7"/>
<pin id="3305" dir="1" index="1" bw="16" slack="7"/>
</pin_list>
<bind>
<opset="add_ln187_15 "/>
</bind>
</comp>

<comp id="3308" class="1005" name="towers_addr_13_reg_3308">
<pin_list>
<pin id="3309" dir="0" index="0" bw="11" slack="1"/>
<pin id="3310" dir="1" index="1" bw="11" slack="1"/>
</pin_list>
<bind>
<opset="towers_addr_13 "/>
</bind>
</comp>

<comp id="3313" class="1005" name="towers_addr_14_reg_3313">
<pin_list>
<pin id="3314" dir="0" index="0" bw="11" slack="1"/>
<pin id="3315" dir="1" index="1" bw="11" slack="1"/>
</pin_list>
<bind>
<opset="towers_addr_14 "/>
</bind>
</comp>

<comp id="3318" class="1005" name="icmp_ln220_7_reg_3318">
<pin_list>
<pin id="3319" dir="0" index="0" bw="1" slack="1"/>
<pin id="3320" dir="1" index="1" bw="1" slack="1"/>
</pin_list>
<bind>
<opset="icmp_ln220_7 "/>
</bind>
</comp>

<comp id="3323" class="1005" name="icmp_ln218_7_reg_3323">
<pin_list>
<pin id="3324" dir="0" index="0" bw="1" slack="1"/>
<pin id="3325" dir="1" index="1" bw="1" slack="1"/>
</pin_list>
<bind>
<opset="icmp_ln218_7 "/>
</bind>
</comp>

<comp id="3328" class="1005" name="icmp_ln218_38_reg_3328">
<pin_list>
<pin id="3329" dir="0" index="0" bw="1" slack="1"/>
<pin id="3330" dir="1" index="1" bw="1" slack="1"/>
</pin_list>
<bind>
<opset="icmp_ln218_38 "/>
</bind>
</comp>

<comp id="3333" class="1005" name="add_ln187_16_reg_3333">
<pin_list>
<pin id="3334" dir="0" index="0" bw="13" slack="5"/>
<pin id="3335" dir="1" index="1" bw="13" slack="5"/>
</pin_list>
<bind>
<opset="add_ln187_16 "/>
</bind>
</comp>

<comp id="3338" class="1005" name="sub_ln216_2_reg_3338">
<pin_list>
<pin id="3339" dir="0" index="0" bw="11" slack="1"/>
<pin id="3340" dir="1" index="1" bw="11" slack="1"/>
</pin_list>
<bind>
<opset="sub_ln216_2 "/>
</bind>
</comp>

<comp id="3348" class="1005" name="towers_addr_15_reg_3348">
<pin_list>
<pin id="3349" dir="0" index="0" bw="11" slack="1"/>
<pin id="3350" dir="1" index="1" bw="11" slack="1"/>
</pin_list>
<bind>
<opset="towers_addr_15 "/>
</bind>
</comp>

<comp id="3353" class="1005" name="and_ln218_19_reg_3353">
<pin_list>
<pin id="3354" dir="0" index="0" bw="1" slack="4"/>
<pin id="3355" dir="1" index="1" bw="1" slack="4"/>
</pin_list>
<bind>
<opset="and_ln218_19 "/>
</bind>
</comp>

<comp id="3358" class="1005" name="towers_addr_16_reg_3358">
<pin_list>
<pin id="3359" dir="0" index="0" bw="11" slack="1"/>
<pin id="3360" dir="1" index="1" bw="11" slack="1"/>
</pin_list>
<bind>
<opset="towers_addr_16 "/>
</bind>
</comp>

<comp id="3363" class="1005" name="icmp_ln218_8_reg_3363">
<pin_list>
<pin id="3364" dir="0" index="0" bw="1" slack="1"/>
<pin id="3365" dir="1" index="1" bw="1" slack="1"/>
</pin_list>
<bind>
<opset="icmp_ln218_8 "/>
</bind>
</comp>

<comp id="3368" class="1005" name="icmp_ln220_9_reg_3368">
<pin_list>
<pin id="3369" dir="0" index="0" bw="1" slack="1"/>
<pin id="3370" dir="1" index="1" bw="1" slack="1"/>
</pin_list>
<bind>
<opset="icmp_ln220_9 "/>
</bind>
</comp>

<comp id="3373" class="1005" name="icmp_ln218_9_reg_3373">
<pin_list>
<pin id="3374" dir="0" index="0" bw="1" slack="1"/>
<pin id="3375" dir="1" index="1" bw="1" slack="1"/>
</pin_list>
<bind>
<opset="icmp_ln218_9 "/>
</bind>
</comp>

<comp id="3378" class="1005" name="add_ln187_18_reg_3378">
<pin_list>
<pin id="3379" dir="0" index="0" bw="13" slack="3"/>
<pin id="3380" dir="1" index="1" bw="13" slack="3"/>
</pin_list>
<bind>
<opset="add_ln187_18 "/>
</bind>
</comp>

<comp id="3383" class="1005" name="towers_addr_17_reg_3383">
<pin_list>
<pin id="3384" dir="0" index="0" bw="11" slack="1"/>
<pin id="3385" dir="1" index="1" bw="11" slack="1"/>
</pin_list>
<bind>
<opset="towers_addr_17 "/>
</bind>
</comp>

<comp id="3388" class="1005" name="and_ln218_22_reg_3388">
<pin_list>
<pin id="3389" dir="0" index="0" bw="1" slack="2"/>
<pin id="3390" dir="1" index="1" bw="1" slack="2"/>
</pin_list>
<bind>
<opset="and_ln218_22 "/>
</bind>
</comp>

<comp id="3393" class="1005" name="towers_addr_18_reg_3393">
<pin_list>
<pin id="3394" dir="0" index="0" bw="11" slack="1"/>
<pin id="3395" dir="1" index="1" bw="11" slack="1"/>
</pin_list>
<bind>
<opset="towers_addr_18 "/>
</bind>
</comp>

<comp id="3398" class="1005" name="towers_addr_19_reg_3398">
<pin_list>
<pin id="3399" dir="0" index="0" bw="11" slack="1"/>
<pin id="3400" dir="1" index="1" bw="11" slack="1"/>
</pin_list>
<bind>
<opset="towers_addr_19 "/>
</bind>
</comp>

<comp id="3403" class="1005" name="and_ln218_29_reg_3403">
<pin_list>
<pin id="3404" dir="0" index="0" bw="1" slack="29"/>
<pin id="3405" dir="1" index="1" bw="1" slack="29"/>
</pin_list>
<bind>
<opset="and_ln218_29 "/>
</bind>
</comp>

<comp id="3408" class="1005" name="zext_ln394_reg_3408">
<pin_list>
<pin id="3409" dir="0" index="0" bw="13" slack="1"/>
<pin id="3410" dir="1" index="1" bw="13" slack="1"/>
</pin_list>
<bind>
<opset="zext_ln394 "/>
</bind>
</comp>

<comp id="3413" class="1005" name="core3_et_reg_3413">
<pin_list>
<pin id="3414" dir="0" index="0" bw="13" slack="1"/>
<pin id="3415" dir="1" index="1" bw="13" slack="1"/>
</pin_list>
<bind>
<opset="core3_et "/>
</bind>
</comp>

<comp id="3418" class="1005" name="sum7_et_9_reg_3418">
<pin_list>
<pin id="3419" dir="0" index="0" bw="16" slack="3"/>
<pin id="3420" dir="1" index="1" bw="16" slack="3"/>
</pin_list>
<bind>
<opset="sum7_et_9 "/>
</bind>
</comp>

<comp id="3423" class="1005" name="towers_addr_20_reg_3423">
<pin_list>
<pin id="3424" dir="0" index="0" bw="11" slack="1"/>
<pin id="3425" dir="1" index="1" bw="11" slack="1"/>
</pin_list>
<bind>
<opset="towers_addr_20 "/>
</bind>
</comp>

<comp id="3428" class="1005" name="core3_et_1_reg_3428">
<pin_list>
<pin id="3429" dir="0" index="0" bw="14" slack="12"/>
<pin id="3430" dir="1" index="1" bw="14" slack="12"/>
</pin_list>
<bind>
<opset="core3_et_1 "/>
</bind>
</comp>

<comp id="3433" class="1005" name="towers_addr_21_reg_3433">
<pin_list>
<pin id="3434" dir="0" index="0" bw="11" slack="1"/>
<pin id="3435" dir="1" index="1" bw="11" slack="1"/>
</pin_list>
<bind>
<opset="towers_addr_21 "/>
</bind>
</comp>

<comp id="3438" class="1005" name="towers_addr_22_reg_3438">
<pin_list>
<pin id="3439" dir="0" index="0" bw="11" slack="1"/>
<pin id="3440" dir="1" index="1" bw="11" slack="1"/>
</pin_list>
<bind>
<opset="towers_addr_22 "/>
</bind>
</comp>

<comp id="3443" class="1005" name="icmp_ln218_40_reg_3443">
<pin_list>
<pin id="3444" dir="0" index="0" bw="1" slack="1"/>
<pin id="3445" dir="1" index="1" bw="1" slack="1"/>
</pin_list>
<bind>
<opset="icmp_ln218_40 "/>
</bind>
</comp>

<comp id="3448" class="1005" name="icmp_ln218_41_reg_3448">
<pin_list>
<pin id="3449" dir="0" index="0" bw="1" slack="1"/>
<pin id="3450" dir="1" index="1" bw="1" slack="1"/>
</pin_list>
<bind>
<opset="icmp_ln218_41 "/>
</bind>
</comp>

<comp id="3453" class="1005" name="icmp_ln218_42_reg_3453">
<pin_list>
<pin id="3454" dir="0" index="0" bw="1" slack="1"/>
<pin id="3455" dir="1" index="1" bw="1" slack="1"/>
</pin_list>
<bind>
<opset="icmp_ln218_42 "/>
</bind>
</comp>

<comp id="3458" class="1005" name="add_ln187_25_reg_3458">
<pin_list>
<pin id="3459" dir="0" index="0" bw="17" slack="13"/>
<pin id="3460" dir="1" index="1" bw="17" slack="13"/>
</pin_list>
<bind>
<opset="add_ln187_25 "/>
</bind>
</comp>

<comp id="3463" class="1005" name="towers_addr_23_reg_3463">
<pin_list>
<pin id="3464" dir="0" index="0" bw="11" slack="1"/>
<pin id="3465" dir="1" index="1" bw="11" slack="1"/>
</pin_list>
<bind>
<opset="towers_addr_23 "/>
</bind>
</comp>

<comp id="3468" class="1005" name="and_ln218_32_reg_3468">
<pin_list>
<pin id="3469" dir="0" index="0" bw="1" slack="25"/>
<pin id="3470" dir="1" index="1" bw="1" slack="25"/>
</pin_list>
<bind>
<opset="and_ln218_32 "/>
</bind>
</comp>

<comp id="3473" class="1005" name="towers_addr_24_reg_3473">
<pin_list>
<pin id="3474" dir="0" index="0" bw="11" slack="1"/>
<pin id="3475" dir="1" index="1" bw="11" slack="1"/>
</pin_list>
<bind>
<opset="towers_addr_24 "/>
</bind>
</comp>

<comp id="3478" class="1005" name="icmp_ln218_44_reg_3478">
<pin_list>
<pin id="3479" dir="0" index="0" bw="1" slack="24"/>
<pin id="3480" dir="1" index="1" bw="1" slack="24"/>
</pin_list>
<bind>
<opset="icmp_ln218_44 "/>
</bind>
</comp>

<comp id="3483" class="1005" name="add_ln187_26_reg_3483">
<pin_list>
<pin id="3484" dir="0" index="0" bw="13" slack="8"/>
<pin id="3485" dir="1" index="1" bw="13" slack="8"/>
</pin_list>
<bind>
<opset="add_ln187_26 "/>
</bind>
</comp>

<comp id="3488" class="1005" name="towers_addr_25_reg_3488">
<pin_list>
<pin id="3489" dir="0" index="0" bw="11" slack="1"/>
<pin id="3490" dir="1" index="1" bw="11" slack="1"/>
</pin_list>
<bind>
<opset="towers_addr_25 "/>
</bind>
</comp>

<comp id="3493" class="1005" name="towers_addr_26_reg_3493">
<pin_list>
<pin id="3494" dir="0" index="0" bw="11" slack="1"/>
<pin id="3495" dir="1" index="1" bw="11" slack="1"/>
</pin_list>
<bind>
<opset="towers_addr_26 "/>
</bind>
</comp>

<comp id="3498" class="1005" name="towers_addr_27_reg_3498">
<pin_list>
<pin id="3499" dir="0" index="0" bw="11" slack="1"/>
<pin id="3500" dir="1" index="1" bw="11" slack="1"/>
</pin_list>
<bind>
<opset="towers_addr_27 "/>
</bind>
</comp>

<comp id="3503" class="1005" name="sub_ln216_3_reg_3503">
<pin_list>
<pin id="3504" dir="0" index="0" bw="11" slack="1"/>
<pin id="3505" dir="1" index="1" bw="11" slack="1"/>
</pin_list>
<bind>
<opset="sub_ln216_3 "/>
</bind>
</comp>

<comp id="3513" class="1005" name="towers_addr_28_reg_3513">
<pin_list>
<pin id="3514" dir="0" index="0" bw="11" slack="1"/>
<pin id="3515" dir="1" index="1" bw="11" slack="1"/>
</pin_list>
<bind>
<opset="towers_addr_28 "/>
</bind>
</comp>

<comp id="3518" class="1005" name="icmp_ln218_13_reg_3518">
<pin_list>
<pin id="3519" dir="0" index="0" bw="1" slack="2"/>
<pin id="3520" dir="1" index="1" bw="1" slack="2"/>
</pin_list>
<bind>
<opset="icmp_ln218_13 "/>
</bind>
</comp>

<comp id="3523" class="1005" name="icmp_ln218_14_reg_3523">
<pin_list>
<pin id="3524" dir="0" index="0" bw="1" slack="2"/>
<pin id="3525" dir="1" index="1" bw="1" slack="2"/>
</pin_list>
<bind>
<opset="icmp_ln218_14 "/>
</bind>
</comp>

<comp id="3528" class="1005" name="add_ln187_30_reg_3528">
<pin_list>
<pin id="3529" dir="0" index="0" bw="13" slack="2"/>
<pin id="3530" dir="1" index="1" bw="13" slack="2"/>
</pin_list>
<bind>
<opset="add_ln187_30 "/>
</bind>
</comp>

<comp id="3533" class="1005" name="towers_addr_29_reg_3533">
<pin_list>
<pin id="3534" dir="0" index="0" bw="11" slack="1"/>
<pin id="3535" dir="1" index="1" bw="11" slack="1"/>
</pin_list>
<bind>
<opset="towers_addr_29 "/>
</bind>
</comp>

<comp id="3538" class="1005" name="towers_addr_30_reg_3538">
<pin_list>
<pin id="3539" dir="0" index="0" bw="11" slack="1"/>
<pin id="3540" dir="1" index="1" bw="11" slack="1"/>
</pin_list>
<bind>
<opset="towers_addr_30 "/>
</bind>
</comp>

<comp id="3543" class="1005" name="and_ln218_37_reg_3543">
<pin_list>
<pin id="3544" dir="0" index="0" bw="1" slack="18"/>
<pin id="3545" dir="1" index="1" bw="1" slack="18"/>
</pin_list>
<bind>
<opset="and_ln218_37 "/>
</bind>
</comp>

<comp id="3548" class="1005" name="add_ln187_32_reg_3548">
<pin_list>
<pin id="3549" dir="0" index="0" bw="14" slack="5"/>
<pin id="3550" dir="1" index="1" bw="14" slack="5"/>
</pin_list>
<bind>
<opset="add_ln187_32 "/>
</bind>
</comp>

<comp id="3553" class="1005" name="towers_addr_31_reg_3553">
<pin_list>
<pin id="3554" dir="0" index="0" bw="11" slack="1"/>
<pin id="3555" dir="1" index="1" bw="11" slack="1"/>
</pin_list>
<bind>
<opset="towers_addr_31 "/>
</bind>
</comp>

<comp id="3558" class="1005" name="towers_addr_32_reg_3558">
<pin_list>
<pin id="3559" dir="0" index="0" bw="11" slack="1"/>
<pin id="3560" dir="1" index="1" bw="11" slack="1"/>
</pin_list>
<bind>
<opset="towers_addr_32 "/>
</bind>
</comp>

<comp id="3563" class="1005" name="icmp_ln218_17_reg_3563">
<pin_list>
<pin id="3564" dir="0" index="0" bw="1" slack="7"/>
<pin id="3565" dir="1" index="1" bw="1" slack="7"/>
</pin_list>
<bind>
<opset="icmp_ln218_17 "/>
</bind>
</comp>

<comp id="3568" class="1005" name="icmp_ln218_18_reg_3568">
<pin_list>
<pin id="3569" dir="0" index="0" bw="1" slack="7"/>
<pin id="3570" dir="1" index="1" bw="1" slack="7"/>
</pin_list>
<bind>
<opset="icmp_ln218_18 "/>
</bind>
</comp>

<comp id="3573" class="1005" name="icmp_ln218_45_reg_3573">
<pin_list>
<pin id="3574" dir="0" index="0" bw="1" slack="16"/>
<pin id="3575" dir="1" index="1" bw="1" slack="16"/>
</pin_list>
<bind>
<opset="icmp_ln218_45 "/>
</bind>
</comp>

<comp id="3578" class="1005" name="add_ln187_4_reg_3578">
<pin_list>
<pin id="3579" dir="0" index="0" bw="13" slack="3"/>
<pin id="3580" dir="1" index="1" bw="13" slack="3"/>
</pin_list>
<bind>
<opset="add_ln187_4 "/>
</bind>
</comp>

<comp id="3583" class="1005" name="core3_et_2_reg_3583">
<pin_list>
<pin id="3584" dir="0" index="0" bw="15" slack="3"/>
<pin id="3585" dir="1" index="1" bw="15" slack="3"/>
</pin_list>
<bind>
<opset="core3_et_2 "/>
</bind>
</comp>

<comp id="3588" class="1005" name="add_ln187_28_reg_3588">
<pin_list>
<pin id="3589" dir="0" index="0" bw="14" slack="3"/>
<pin id="3590" dir="1" index="1" bw="14" slack="3"/>
</pin_list>
<bind>
<opset="add_ln187_28 "/>
</bind>
</comp>

<comp id="3593" class="1005" name="towers_addr_33_reg_3593">
<pin_list>
<pin id="3594" dir="0" index="0" bw="11" slack="1"/>
<pin id="3595" dir="1" index="1" bw="11" slack="1"/>
</pin_list>
<bind>
<opset="towers_addr_33 "/>
</bind>
</comp>

<comp id="3598" class="1005" name="towers_addr_34_reg_3598">
<pin_list>
<pin id="3599" dir="0" index="0" bw="11" slack="1"/>
<pin id="3600" dir="1" index="1" bw="11" slack="1"/>
</pin_list>
<bind>
<opset="towers_addr_34 "/>
</bind>
</comp>

<comp id="3603" class="1005" name="sub_ln216_4_reg_3603">
<pin_list>
<pin id="3604" dir="0" index="0" bw="11" slack="1"/>
<pin id="3605" dir="1" index="1" bw="11" slack="1"/>
</pin_list>
<bind>
<opset="sub_ln216_4 "/>
</bind>
</comp>

<comp id="3613" class="1005" name="towers_addr_35_reg_3613">
<pin_list>
<pin id="3614" dir="0" index="0" bw="11" slack="1"/>
<pin id="3615" dir="1" index="1" bw="11" slack="1"/>
</pin_list>
<bind>
<opset="towers_addr_35 "/>
</bind>
</comp>

<comp id="3618" class="1005" name="icmp_ln218_19_reg_3618">
<pin_list>
<pin id="3619" dir="0" index="0" bw="1" slack="4"/>
<pin id="3620" dir="1" index="1" bw="1" slack="4"/>
</pin_list>
<bind>
<opset="icmp_ln218_19 "/>
</bind>
</comp>

<comp id="3623" class="1005" name="icmp_ln218_20_reg_3623">
<pin_list>
<pin id="3624" dir="0" index="0" bw="1" slack="4"/>
<pin id="3625" dir="1" index="1" bw="1" slack="4"/>
</pin_list>
<bind>
<opset="icmp_ln218_20 "/>
</bind>
</comp>

<comp id="3628" class="1005" name="icmp_ln218_21_reg_3628">
<pin_list>
<pin id="3629" dir="0" index="0" bw="1" slack="4"/>
<pin id="3630" dir="1" index="1" bw="1" slack="4"/>
</pin_list>
<bind>
<opset="icmp_ln218_21 "/>
</bind>
</comp>

<comp id="3633" class="1005" name="core3_et_3_reg_3633">
<pin_list>
<pin id="3634" dir="0" index="0" bw="16" slack="14"/>
<pin id="3635" dir="1" index="1" bw="16" slack="14"/>
</pin_list>
<bind>
<opset="core3_et_3 "/>
</bind>
</comp>

<comp id="3639" class="1005" name="sum7_et_10_reg_3639">
<pin_list>
<pin id="3640" dir="0" index="0" bw="17" slack="14"/>
<pin id="3641" dir="1" index="1" bw="17" slack="14"/>
</pin_list>
<bind>
<opset="sum7_et_10 "/>
</bind>
</comp>

<comp id="3644" class="1005" name="towers_addr_36_reg_3644">
<pin_list>
<pin id="3645" dir="0" index="0" bw="11" slack="1"/>
<pin id="3646" dir="1" index="1" bw="11" slack="1"/>
</pin_list>
<bind>
<opset="towers_addr_36 "/>
</bind>
</comp>

<comp id="3649" class="1005" name="towers_addr_37_reg_3649">
<pin_list>
<pin id="3650" dir="0" index="0" bw="11" slack="1"/>
<pin id="3651" dir="1" index="1" bw="11" slack="1"/>
</pin_list>
<bind>
<opset="towers_addr_37 "/>
</bind>
</comp>

<comp id="3654" class="1005" name="towers_addr_38_reg_3654">
<pin_list>
<pin id="3655" dir="0" index="0" bw="11" slack="1"/>
<pin id="3656" dir="1" index="1" bw="11" slack="1"/>
</pin_list>
<bind>
<opset="towers_addr_38 "/>
</bind>
</comp>

<comp id="3659" class="1005" name="icmp_ln218_23_reg_3659">
<pin_list>
<pin id="3660" dir="0" index="0" bw="1" slack="1"/>
<pin id="3661" dir="1" index="1" bw="1" slack="1"/>
</pin_list>
<bind>
<opset="icmp_ln218_23 "/>
</bind>
</comp>

<comp id="3664" class="1005" name="icmp_ln218_24_reg_3664">
<pin_list>
<pin id="3665" dir="0" index="0" bw="1" slack="1"/>
<pin id="3666" dir="1" index="1" bw="1" slack="1"/>
</pin_list>
<bind>
<opset="icmp_ln218_24 "/>
</bind>
</comp>

<comp id="3669" class="1005" name="add_ln187_47_reg_3669">
<pin_list>
<pin id="3670" dir="0" index="0" bw="13" slack="7"/>
<pin id="3671" dir="1" index="1" bw="13" slack="7"/>
</pin_list>
<bind>
<opset="add_ln187_47 "/>
</bind>
</comp>

<comp id="3674" class="1005" name="towers_addr_39_reg_3674">
<pin_list>
<pin id="3675" dir="0" index="0" bw="11" slack="1"/>
<pin id="3676" dir="1" index="1" bw="11" slack="1"/>
</pin_list>
<bind>
<opset="towers_addr_39 "/>
</bind>
</comp>

<comp id="3679" class="1005" name="and_ln218_47_reg_3679">
<pin_list>
<pin id="3680" dir="0" index="0" bw="1" slack="9"/>
<pin id="3681" dir="1" index="1" bw="1" slack="9"/>
</pin_list>
<bind>
<opset="and_ln218_47 "/>
</bind>
</comp>

<comp id="3684" class="1005" name="towers_addr_40_reg_3684">
<pin_list>
<pin id="3685" dir="0" index="0" bw="11" slack="1"/>
<pin id="3686" dir="1" index="1" bw="11" slack="1"/>
</pin_list>
<bind>
<opset="towers_addr_40 "/>
</bind>
</comp>

<comp id="3689" class="1005" name="icmp_ln218_26_reg_3689">
<pin_list>
<pin id="3690" dir="0" index="0" bw="1" slack="8"/>
<pin id="3691" dir="1" index="1" bw="1" slack="8"/>
</pin_list>
<bind>
<opset="icmp_ln218_26 "/>
</bind>
</comp>

<comp id="3694" class="1005" name="add_ln187_49_reg_3694">
<pin_list>
<pin id="3695" dir="0" index="0" bw="13" slack="2"/>
<pin id="3696" dir="1" index="1" bw="13" slack="2"/>
</pin_list>
<bind>
<opset="add_ln187_49 "/>
</bind>
</comp>

<comp id="3699" class="1005" name="towers_addr_41_reg_3699">
<pin_list>
<pin id="3700" dir="0" index="0" bw="11" slack="1"/>
<pin id="3701" dir="1" index="1" bw="11" slack="1"/>
</pin_list>
<bind>
<opset="towers_addr_41 "/>
</bind>
</comp>

<comp id="3704" class="1005" name="icmp_ln218_27_reg_3704">
<pin_list>
<pin id="3705" dir="0" index="0" bw="1" slack="7"/>
<pin id="3706" dir="1" index="1" bw="1" slack="7"/>
</pin_list>
<bind>
<opset="icmp_ln218_27 "/>
</bind>
</comp>

<comp id="3709" class="1005" name="add_ln187_50_reg_3709">
<pin_list>
<pin id="3710" dir="0" index="0" bw="13" slack="1"/>
<pin id="3711" dir="1" index="1" bw="13" slack="1"/>
</pin_list>
<bind>
<opset="add_ln187_50 "/>
</bind>
</comp>

<comp id="3714" class="1005" name="add_ln216_5_reg_3714">
<pin_list>
<pin id="3715" dir="0" index="0" bw="11" slack="3"/>
<pin id="3716" dir="1" index="1" bw="11" slack="3"/>
</pin_list>
<bind>
<opset="add_ln216_5 "/>
</bind>
</comp>

<comp id="3719" class="1005" name="add_ln216_15_reg_3719">
<pin_list>
<pin id="3720" dir="0" index="0" bw="11" slack="4"/>
<pin id="3721" dir="1" index="1" bw="11" slack="4"/>
</pin_list>
<bind>
<opset="add_ln216_15 "/>
</bind>
</comp>

<comp id="3724" class="1005" name="add_ln216_22_reg_3724">
<pin_list>
<pin id="3725" dir="0" index="0" bw="11" slack="5"/>
<pin id="3726" dir="1" index="1" bw="11" slack="5"/>
</pin_list>
<bind>
<opset="add_ln216_22 "/>
</bind>
</comp>

<comp id="3729" class="1005" name="add_ln216_29_reg_3729">
<pin_list>
<pin id="3730" dir="0" index="0" bw="11" slack="6"/>
<pin id="3731" dir="1" index="1" bw="11" slack="6"/>
</pin_list>
<bind>
<opset="add_ln216_29 "/>
</bind>
</comp>

<comp id="3734" class="1005" name="towers_addr_42_reg_3734">
<pin_list>
<pin id="3735" dir="0" index="0" bw="11" slack="1"/>
<pin id="3736" dir="1" index="1" bw="11" slack="1"/>
</pin_list>
<bind>
<opset="towers_addr_42 "/>
</bind>
</comp>

<comp id="3739" class="1005" name="add_ln216_41_reg_3739">
<pin_list>
<pin id="3740" dir="0" index="0" bw="11" slack="1"/>
<pin id="3741" dir="1" index="1" bw="11" slack="1"/>
</pin_list>
<bind>
<opset="add_ln216_41 "/>
</bind>
</comp>

<comp id="3744" class="1005" name="add_ln216_47_reg_3744">
<pin_list>
<pin id="3745" dir="0" index="0" bw="11" slack="2"/>
<pin id="3746" dir="1" index="1" bw="11" slack="2"/>
</pin_list>
<bind>
<opset="add_ln216_47 "/>
</bind>
</comp>

<comp id="3749" class="1005" name="icmp_ln218_28_reg_3749">
<pin_list>
<pin id="3750" dir="0" index="0" bw="1" slack="6"/>
<pin id="3751" dir="1" index="1" bw="1" slack="6"/>
</pin_list>
<bind>
<opset="icmp_ln218_28 "/>
</bind>
</comp>

<comp id="3754" class="1005" name="add_ln187_52_reg_3754">
<pin_list>
<pin id="3755" dir="0" index="0" bw="15" slack="3"/>
<pin id="3756" dir="1" index="1" bw="15" slack="3"/>
</pin_list>
<bind>
<opset="add_ln187_52 "/>
</bind>
</comp>

<comp id="3759" class="1005" name="towers_addr_43_reg_3759">
<pin_list>
<pin id="3760" dir="0" index="0" bw="11" slack="1"/>
<pin id="3761" dir="1" index="1" bw="11" slack="1"/>
</pin_list>
<bind>
<opset="towers_addr_43 "/>
</bind>
</comp>

<comp id="3764" class="1005" name="towers_addr_44_reg_3764">
<pin_list>
<pin id="3765" dir="0" index="0" bw="11" slack="1"/>
<pin id="3766" dir="1" index="1" bw="11" slack="1"/>
</pin_list>
<bind>
<opset="towers_addr_44 "/>
</bind>
</comp>

<comp id="3769" class="1005" name="towers_addr_45_reg_3769">
<pin_list>
<pin id="3770" dir="0" index="0" bw="11" slack="1"/>
<pin id="3771" dir="1" index="1" bw="11" slack="1"/>
</pin_list>
<bind>
<opset="towers_addr_45 "/>
</bind>
</comp>

<comp id="3774" class="1005" name="icmp_ln218_31_reg_3774">
<pin_list>
<pin id="3775" dir="0" index="0" bw="1" slack="3"/>
<pin id="3776" dir="1" index="1" bw="1" slack="3"/>
</pin_list>
<bind>
<opset="icmp_ln218_31 "/>
</bind>
</comp>

<comp id="3779" class="1005" name="add_ln187_53_reg_3779">
<pin_list>
<pin id="3780" dir="0" index="0" bw="16" slack="4"/>
<pin id="3781" dir="1" index="1" bw="16" slack="4"/>
</pin_list>
<bind>
<opset="add_ln187_53 "/>
</bind>
</comp>

<comp id="3784" class="1005" name="towers_addr_46_reg_3784">
<pin_list>
<pin id="3785" dir="0" index="0" bw="11" slack="1"/>
<pin id="3786" dir="1" index="1" bw="11" slack="1"/>
</pin_list>
<bind>
<opset="towers_addr_46 "/>
</bind>
</comp>

<comp id="3789" class="1005" name="icmp_ln218_29_reg_3789">
<pin_list>
<pin id="3790" dir="0" index="0" bw="1" slack="2"/>
<pin id="3791" dir="1" index="1" bw="1" slack="2"/>
</pin_list>
<bind>
<opset="icmp_ln218_29 "/>
</bind>
</comp>

<comp id="3794" class="1005" name="icmp_ln218_30_reg_3794">
<pin_list>
<pin id="3795" dir="0" index="0" bw="1" slack="2"/>
<pin id="3796" dir="1" index="1" bw="1" slack="2"/>
</pin_list>
<bind>
<opset="icmp_ln218_30 "/>
</bind>
</comp>

<comp id="3799" class="1005" name="icmp_ln218_32_reg_3799">
<pin_list>
<pin id="3800" dir="0" index="0" bw="1" slack="2"/>
<pin id="3801" dir="1" index="1" bw="1" slack="2"/>
</pin_list>
<bind>
<opset="icmp_ln218_32 "/>
</bind>
</comp>

<comp id="3804" class="1005" name="add_ln187_43_reg_3804">
<pin_list>
<pin id="3805" dir="0" index="0" bw="14" slack="2"/>
<pin id="3806" dir="1" index="1" bw="14" slack="2"/>
</pin_list>
<bind>
<opset="add_ln187_43 "/>
</bind>
</comp>

<comp id="3809" class="1005" name="towers_addr_47_reg_3809">
<pin_list>
<pin id="3810" dir="0" index="0" bw="11" slack="1"/>
<pin id="3811" dir="1" index="1" bw="11" slack="1"/>
</pin_list>
<bind>
<opset="towers_addr_47 "/>
</bind>
</comp>

<comp id="3814" class="1005" name="towers_addr_48_reg_3814">
<pin_list>
<pin id="3815" dir="0" index="0" bw="11" slack="1"/>
<pin id="3816" dir="1" index="1" bw="11" slack="1"/>
</pin_list>
<bind>
<opset="towers_addr_48 "/>
</bind>
</comp>

<comp id="3819" class="1005" name="xor_ln218_reg_3819">
<pin_list>
<pin id="3820" dir="0" index="0" bw="1" slack="1"/>
<pin id="3821" dir="1" index="1" bw="1" slack="1"/>
</pin_list>
<bind>
<opset="xor_ln218 "/>
</bind>
</comp>

<comp id="3824" class="1005" name="add_ln187_44_reg_3824">
<pin_list>
<pin id="3825" dir="0" index="0" bw="15" slack="1"/>
<pin id="3826" dir="1" index="1" bw="15" slack="1"/>
</pin_list>
<bind>
<opset="add_ln187_44 "/>
</bind>
</comp>

</comp_list>

<net_list>
<net id="125"><net_src comp="8" pin="0"/><net_sink comp="122" pin=0"/></net>

<net id="129"><net_src comp="8" pin="0"/><net_sink comp="126" pin=0"/></net>

<net id="133"><net_src comp="8" pin="0"/><net_sink comp="130" pin=0"/></net>

<net id="138"><net_src comp="28" pin="0"/><net_sink comp="134" pin=0"/></net>

<net id="139"><net_src comp="4" pin="0"/><net_sink comp="134" pin=1"/></net>

<net id="144"><net_src comp="30" pin="0"/><net_sink comp="140" pin=0"/></net>

<net id="145"><net_src comp="2" pin="0"/><net_sink comp="140" pin=1"/></net>

<net id="151"><net_src comp="120" pin="0"/><net_sink comp="146" pin=0"/></net>

<net id="152"><net_src comp="6" pin="0"/><net_sink comp="146" pin=1"/></net>

<net id="158"><net_src comp="0" pin="0"/><net_sink comp="153" pin=0"/></net>

<net id="159"><net_src comp="54" pin="0"/><net_sink comp="153" pin=1"/></net>

<net id="169"><net_src comp="153" pin="3"/><net_sink comp="160" pin=2"/></net>

<net id="175"><net_src comp="0" pin="0"/><net_sink comp="170" pin=0"/></net>

<net id="176"><net_src comp="54" pin="0"/><net_sink comp="170" pin=1"/></net>

<net id="177"><net_src comp="170" pin="3"/><net_sink comp="160" pin=2"/></net>

<net id="183"><net_src comp="0" pin="0"/><net_sink comp="178" pin=0"/></net>

<net id="184"><net_src comp="54" pin="0"/><net_sink comp="178" pin=1"/></net>

<net id="185"><net_src comp="178" pin="3"/><net_sink comp="160" pin=2"/></net>

<net id="191"><net_src comp="0" pin="0"/><net_sink comp="186" pin=0"/></net>

<net id="192"><net_src comp="54" pin="0"/><net_sink comp="186" pin=1"/></net>

<net id="193"><net_src comp="186" pin="3"/><net_sink comp="160" pin=2"/></net>

<net id="199"><net_src comp="0" pin="0"/><net_sink comp="194" pin=0"/></net>

<net id="200"><net_src comp="54" pin="0"/><net_sink comp="194" pin=1"/></net>

<net id="201"><net_src comp="194" pin="3"/><net_sink comp="160" pin=2"/></net>

<net id="207"><net_src comp="0" pin="0"/><net_sink comp="202" pin=0"/></net>

<net id="208"><net_src comp="54" pin="0"/><net_sink comp="202" pin=1"/></net>

<net id="209"><net_src comp="202" pin="3"/><net_sink comp="160" pin=2"/></net>

<net id="215"><net_src comp="0" pin="0"/><net_sink comp="210" pin=0"/></net>

<net id="216"><net_src comp="54" pin="0"/><net_sink comp="210" pin=1"/></net>

<net id="217"><net_src comp="210" pin="3"/><net_sink comp="160" pin=2"/></net>

<net id="223"><net_src comp="0" pin="0"/><net_sink comp="218" pin=0"/></net>

<net id="224"><net_src comp="54" pin="0"/><net_sink comp="218" pin=1"/></net>

<net id="225"><net_src comp="218" pin="3"/><net_sink comp="160" pin=2"/></net>

<net id="231"><net_src comp="0" pin="0"/><net_sink comp="226" pin=0"/></net>

<net id="232"><net_src comp="54" pin="0"/><net_sink comp="226" pin=1"/></net>

<net id="233"><net_src comp="226" pin="3"/><net_sink comp="160" pin=2"/></net>

<net id="239"><net_src comp="0" pin="0"/><net_sink comp="234" pin=0"/></net>

<net id="240"><net_src comp="54" pin="0"/><net_sink comp="234" pin=1"/></net>

<net id="241"><net_src comp="234" pin="3"/><net_sink comp="160" pin=2"/></net>

<net id="247"><net_src comp="0" pin="0"/><net_sink comp="242" pin=0"/></net>

<net id="248"><net_src comp="54" pin="0"/><net_sink comp="242" pin=1"/></net>

<net id="249"><net_src comp="242" pin="3"/><net_sink comp="160" pin=2"/></net>

<net id="255"><net_src comp="0" pin="0"/><net_sink comp="250" pin=0"/></net>

<net id="256"><net_src comp="54" pin="0"/><net_sink comp="250" pin=1"/></net>

<net id="257"><net_src comp="250" pin="3"/><net_sink comp="160" pin=2"/></net>

<net id="263"><net_src comp="0" pin="0"/><net_sink comp="258" pin=0"/></net>

<net id="264"><net_src comp="54" pin="0"/><net_sink comp="258" pin=1"/></net>

<net id="265"><net_src comp="258" pin="3"/><net_sink comp="160" pin=2"/></net>

<net id="271"><net_src comp="0" pin="0"/><net_sink comp="266" pin=0"/></net>

<net id="272"><net_src comp="54" pin="0"/><net_sink comp="266" pin=1"/></net>

<net id="273"><net_src comp="266" pin="3"/><net_sink comp="160" pin=2"/></net>

<net id="279"><net_src comp="0" pin="0"/><net_sink comp="274" pin=0"/></net>

<net id="280"><net_src comp="54" pin="0"/><net_sink comp="274" pin=1"/></net>

<net id="281"><net_src comp="274" pin="3"/><net_sink comp="160" pin=2"/></net>

<net id="287"><net_src comp="0" pin="0"/><net_sink comp="282" pin=0"/></net>

<net id="288"><net_src comp="54" pin="0"/><net_sink comp="282" pin=1"/></net>

<net id="289"><net_src comp="282" pin="3"/><net_sink comp="160" pin=2"/></net>

<net id="295"><net_src comp="0" pin="0"/><net_sink comp="290" pin=0"/></net>

<net id="296"><net_src comp="54" pin="0"/><net_sink comp="290" pin=1"/></net>

<net id="297"><net_src comp="290" pin="3"/><net_sink comp="160" pin=2"/></net>

<net id="303"><net_src comp="0" pin="0"/><net_sink comp="298" pin=0"/></net>

<net id="304"><net_src comp="54" pin="0"/><net_sink comp="298" pin=1"/></net>

<net id="305"><net_src comp="298" pin="3"/><net_sink comp="160" pin=2"/></net>

<net id="311"><net_src comp="0" pin="0"/><net_sink comp="306" pin=0"/></net>

<net id="312"><net_src comp="54" pin="0"/><net_sink comp="306" pin=1"/></net>

<net id="313"><net_src comp="306" pin="3"/><net_sink comp="160" pin=2"/></net>

<net id="319"><net_src comp="0" pin="0"/><net_sink comp="314" pin=0"/></net>

<net id="320"><net_src comp="54" pin="0"/><net_sink comp="314" pin=1"/></net>

<net id="321"><net_src comp="314" pin="3"/><net_sink comp="160" pin=2"/></net>

<net id="327"><net_src comp="0" pin="0"/><net_sink comp="322" pin=0"/></net>

<net id="328"><net_src comp="54" pin="0"/><net_sink comp="322" pin=1"/></net>

<net id="329"><net_src comp="322" pin="3"/><net_sink comp="160" pin=2"/></net>

<net id="335"><net_src comp="0" pin="0"/><net_sink comp="330" pin=0"/></net>

<net id="336"><net_src comp="54" pin="0"/><net_sink comp="330" pin=1"/></net>

<net id="337"><net_src comp="330" pin="3"/><net_sink comp="160" pin=2"/></net>

<net id="343"><net_src comp="0" pin="0"/><net_sink comp="338" pin=0"/></net>

<net id="344"><net_src comp="54" pin="0"/><net_sink comp="338" pin=1"/></net>

<net id="345"><net_src comp="338" pin="3"/><net_sink comp="160" pin=2"/></net>

<net id="351"><net_src comp="0" pin="0"/><net_sink comp="346" pin=0"/></net>

<net id="352"><net_src comp="54" pin="0"/><net_sink comp="346" pin=1"/></net>

<net id="353"><net_src comp="346" pin="3"/><net_sink comp="160" pin=2"/></net>

<net id="359"><net_src comp="0" pin="0"/><net_sink comp="354" pin=0"/></net>

<net id="360"><net_src comp="54" pin="0"/><net_sink comp="354" pin=1"/></net>

<net id="361"><net_src comp="354" pin="3"/><net_sink comp="160" pin=2"/></net>

<net id="367"><net_src comp="0" pin="0"/><net_sink comp="362" pin=0"/></net>

<net id="368"><net_src comp="54" pin="0"/><net_sink comp="362" pin=1"/></net>

<net id="369"><net_src comp="362" pin="3"/><net_sink comp="160" pin=2"/></net>

<net id="375"><net_src comp="0" pin="0"/><net_sink comp="370" pin=0"/></net>

<net id="376"><net_src comp="54" pin="0"/><net_sink comp="370" pin=1"/></net>

<net id="377"><net_src comp="370" pin="3"/><net_sink comp="160" pin=2"/></net>

<net id="383"><net_src comp="0" pin="0"/><net_sink comp="378" pin=0"/></net>

<net id="384"><net_src comp="54" pin="0"/><net_sink comp="378" pin=1"/></net>

<net id="385"><net_src comp="378" pin="3"/><net_sink comp="160" pin=2"/></net>

<net id="391"><net_src comp="0" pin="0"/><net_sink comp="386" pin=0"/></net>

<net id="392"><net_src comp="54" pin="0"/><net_sink comp="386" pin=1"/></net>

<net id="393"><net_src comp="386" pin="3"/><net_sink comp="160" pin=2"/></net>

<net id="399"><net_src comp="0" pin="0"/><net_sink comp="394" pin=0"/></net>

<net id="400"><net_src comp="54" pin="0"/><net_sink comp="394" pin=1"/></net>

<net id="401"><net_src comp="394" pin="3"/><net_sink comp="160" pin=2"/></net>

<net id="407"><net_src comp="0" pin="0"/><net_sink comp="402" pin=0"/></net>

<net id="408"><net_src comp="54" pin="0"/><net_sink comp="402" pin=1"/></net>

<net id="409"><net_src comp="402" pin="3"/><net_sink comp="160" pin=2"/></net>

<net id="415"><net_src comp="0" pin="0"/><net_sink comp="410" pin=0"/></net>

<net id="416"><net_src comp="54" pin="0"/><net_sink comp="410" pin=1"/></net>

<net id="417"><net_src comp="410" pin="3"/><net_sink comp="160" pin=2"/></net>

<net id="423"><net_src comp="0" pin="0"/><net_sink comp="418" pin=0"/></net>

<net id="424"><net_src comp="54" pin="0"/><net_sink comp="418" pin=1"/></net>

<net id="425"><net_src comp="418" pin="3"/><net_sink comp="160" pin=2"/></net>

<net id="431"><net_src comp="0" pin="0"/><net_sink comp="426" pin=0"/></net>

<net id="432"><net_src comp="54" pin="0"/><net_sink comp="426" pin=1"/></net>

<net id="433"><net_src comp="426" pin="3"/><net_sink comp="160" pin=2"/></net>

<net id="439"><net_src comp="0" pin="0"/><net_sink comp="434" pin=0"/></net>

<net id="440"><net_src comp="54" pin="0"/><net_sink comp="434" pin=1"/></net>

<net id="441"><net_src comp="434" pin="3"/><net_sink comp="160" pin=2"/></net>

<net id="447"><net_src comp="0" pin="0"/><net_sink comp="442" pin=0"/></net>

<net id="448"><net_src comp="54" pin="0"/><net_sink comp="442" pin=1"/></net>

<net id="449"><net_src comp="442" pin="3"/><net_sink comp="160" pin=2"/></net>

<net id="455"><net_src comp="0" pin="0"/><net_sink comp="450" pin=0"/></net>

<net id="456"><net_src comp="54" pin="0"/><net_sink comp="450" pin=1"/></net>

<net id="457"><net_src comp="450" pin="3"/><net_sink comp="160" pin=2"/></net>

<net id="463"><net_src comp="0" pin="0"/><net_sink comp="458" pin=0"/></net>

<net id="464"><net_src comp="54" pin="0"/><net_sink comp="458" pin=1"/></net>

<net id="465"><net_src comp="458" pin="3"/><net_sink comp="160" pin=2"/></net>

<net id="471"><net_src comp="0" pin="0"/><net_sink comp="466" pin=0"/></net>

<net id="472"><net_src comp="54" pin="0"/><net_sink comp="466" pin=1"/></net>

<net id="473"><net_src comp="466" pin="3"/><net_sink comp="160" pin=2"/></net>

<net id="479"><net_src comp="0" pin="0"/><net_sink comp="474" pin=0"/></net>

<net id="480"><net_src comp="54" pin="0"/><net_sink comp="474" pin=1"/></net>

<net id="481"><net_src comp="474" pin="3"/><net_sink comp="160" pin=2"/></net>

<net id="487"><net_src comp="0" pin="0"/><net_sink comp="482" pin=0"/></net>

<net id="488"><net_src comp="54" pin="0"/><net_sink comp="482" pin=1"/></net>

<net id="489"><net_src comp="482" pin="3"/><net_sink comp="160" pin=2"/></net>

<net id="495"><net_src comp="0" pin="0"/><net_sink comp="490" pin=0"/></net>

<net id="496"><net_src comp="54" pin="0"/><net_sink comp="490" pin=1"/></net>

<net id="497"><net_src comp="490" pin="3"/><net_sink comp="160" pin=2"/></net>

<net id="503"><net_src comp="0" pin="0"/><net_sink comp="498" pin=0"/></net>

<net id="504"><net_src comp="54" pin="0"/><net_sink comp="498" pin=1"/></net>

<net id="505"><net_src comp="498" pin="3"/><net_sink comp="160" pin=2"/></net>

<net id="511"><net_src comp="0" pin="0"/><net_sink comp="506" pin=0"/></net>

<net id="512"><net_src comp="54" pin="0"/><net_sink comp="506" pin=1"/></net>

<net id="513"><net_src comp="506" pin="3"/><net_sink comp="160" pin=2"/></net>

<net id="519"><net_src comp="0" pin="0"/><net_sink comp="514" pin=0"/></net>

<net id="520"><net_src comp="54" pin="0"/><net_sink comp="514" pin=1"/></net>

<net id="521"><net_src comp="514" pin="3"/><net_sink comp="160" pin=2"/></net>

<net id="527"><net_src comp="0" pin="0"/><net_sink comp="522" pin=0"/></net>

<net id="528"><net_src comp="54" pin="0"/><net_sink comp="522" pin=1"/></net>

<net id="529"><net_src comp="522" pin="3"/><net_sink comp="160" pin=2"/></net>

<net id="535"><net_src comp="0" pin="0"/><net_sink comp="530" pin=0"/></net>

<net id="536"><net_src comp="54" pin="0"/><net_sink comp="530" pin=1"/></net>

<net id="537"><net_src comp="530" pin="3"/><net_sink comp="160" pin=2"/></net>

<net id="543"><net_src comp="0" pin="0"/><net_sink comp="538" pin=0"/></net>

<net id="544"><net_src comp="54" pin="0"/><net_sink comp="538" pin=1"/></net>

<net id="545"><net_src comp="538" pin="3"/><net_sink comp="160" pin=2"/></net>

<net id="551"><net_src comp="0" pin="0"/><net_sink comp="546" pin=0"/></net>

<net id="552"><net_src comp="54" pin="0"/><net_sink comp="546" pin=1"/></net>

<net id="553"><net_src comp="546" pin="3"/><net_sink comp="160" pin=2"/></net>

<net id="558"><net_src comp="160" pin="7"/><net_sink comp="554" pin=0"/></net>

<net id="563"><net_src comp="160" pin="7"/><net_sink comp="559" pin=1"/></net>

<net id="568"><net_src comp="160" pin="7"/><net_sink comp="564" pin=0"/></net>

<net id="572"><net_src comp="160" pin="7"/><net_sink comp="569" pin=0"/></net>

<net id="576"><net_src comp="160" pin="7"/><net_sink comp="573" pin=0"/></net>

<net id="580"><net_src comp="160" pin="7"/><net_sink comp="577" pin=0"/></net>

<net id="584"><net_src comp="160" pin="7"/><net_sink comp="581" pin=0"/></net>

<net id="589"><net_src comp="569" pin="1"/><net_sink comp="585" pin=1"/></net>

<net id="594"><net_src comp="573" pin="1"/><net_sink comp="590" pin=1"/></net>

<net id="599"><net_src comp="577" pin="1"/><net_sink comp="595" pin=0"/></net>

<net id="604"><net_src comp="577" pin="1"/><net_sink comp="600" pin=1"/></net>

<net id="609"><net_src comp="581" pin="1"/><net_sink comp="605" pin=1"/></net>

<net id="614"><net_src comp="573" pin="1"/><net_sink comp="610" pin=0"/></net>

<net id="619"><net_src comp="32" pin="0"/><net_sink comp="615" pin=0"/></net>

<net id="624"><net_src comp="34" pin="0"/><net_sink comp="620" pin=0"/></net>

<net id="629"><net_src comp="36" pin="0"/><net_sink comp="625" pin=0"/></net>

<net id="637"><net_src comp="630" pin="1"/><net_sink comp="633" pin=0"/></net>

<net id="638"><net_src comp="38" pin="0"/><net_sink comp="633" pin=1"/></net>

<net id="643"><net_src comp="630" pin="1"/><net_sink comp="639" pin=0"/></net>

<net id="644"><net_src comp="40" pin="0"/><net_sink comp="639" pin=1"/></net>

<net id="655"><net_src comp="645" pin="1"/><net_sink comp="651" pin=0"/></net>

<net id="656"><net_src comp="42" pin="0"/><net_sink comp="651" pin=1"/></net>

<net id="662"><net_src comp="651" pin="2"/><net_sink comp="657" pin=0"/></net>

<net id="663"><net_src comp="36" pin="0"/><net_sink comp="657" pin=1"/></net>

<net id="664"><net_src comp="645" pin="1"/><net_sink comp="657" pin=2"/></net>

<net id="669"><net_src comp="648" pin="1"/><net_sink comp="665" pin=0"/></net>

<net id="670"><net_src comp="44" pin="0"/><net_sink comp="665" pin=1"/></net>

<net id="675"><net_src comp="648" pin="1"/><net_sink comp="671" pin=0"/></net>

<net id="676"><net_src comp="46" pin="0"/><net_sink comp="671" pin=1"/></net>

<net id="682"><net_src comp="651" pin="2"/><net_sink comp="677" pin=0"/></net>

<net id="683"><net_src comp="665" pin="2"/><net_sink comp="677" pin=1"/></net>

<net id="684"><net_src comp="671" pin="2"/><net_sink comp="677" pin=2"/></net>

<net id="690"><net_src comp="651" pin="2"/><net_sink comp="685" pin=0"/></net>

<net id="691"><net_src comp="671" pin="2"/><net_sink comp="685" pin=1"/></net>

<net id="692"><net_src comp="648" pin="1"/><net_sink comp="685" pin=2"/></net>

<net id="698"><net_src comp="48" pin="0"/><net_sink comp="693" pin=0"/></net>

<net id="699"><net_src comp="685" pin="3"/><net_sink comp="693" pin=1"/></net>

<net id="700"><net_src comp="36" pin="0"/><net_sink comp="693" pin=2"/></net>

<net id="706"><net_src comp="50" pin="0"/><net_sink comp="701" pin=0"/></net>

<net id="707"><net_src comp="685" pin="3"/><net_sink comp="701" pin=1"/></net>

<net id="708"><net_src comp="52" pin="0"/><net_sink comp="701" pin=2"/></net>

<net id="712"><net_src comp="701" pin="3"/><net_sink comp="709" pin=0"/></net>

<net id="717"><net_src comp="693" pin="3"/><net_sink comp="713" pin=0"/></net>

<net id="718"><net_src comp="709" pin="1"/><net_sink comp="713" pin=1"/></net>

<net id="722"><net_src comp="657" pin="3"/><net_sink comp="719" pin=0"/></net>

<net id="727"><net_src comp="713" pin="2"/><net_sink comp="723" pin=0"/></net>

<net id="728"><net_src comp="719" pin="1"/><net_sink comp="723" pin=1"/></net>

<net id="732"><net_src comp="723" pin="2"/><net_sink comp="729" pin=0"/></net>

<net id="733"><net_src comp="729" pin="1"/><net_sink comp="153" pin=2"/></net>

<net id="738"><net_src comp="639" pin="2"/><net_sink comp="734" pin=0"/></net>

<net id="743"><net_src comp="685" pin="3"/><net_sink comp="739" pin=0"/></net>

<net id="748"><net_src comp="56" pin="0"/><net_sink comp="744" pin=1"/></net>

<net id="754"><net_src comp="48" pin="0"/><net_sink comp="749" pin=0"/></net>

<net id="755"><net_src comp="744" pin="2"/><net_sink comp="749" pin=1"/></net>

<net id="756"><net_src comp="36" pin="0"/><net_sink comp="749" pin=2"/></net>

<net id="762"><net_src comp="50" pin="0"/><net_sink comp="757" pin=0"/></net>

<net id="763"><net_src comp="744" pin="2"/><net_sink comp="757" pin=1"/></net>

<net id="764"><net_src comp="52" pin="0"/><net_sink comp="757" pin=2"/></net>

<net id="768"><net_src comp="757" pin="3"/><net_sink comp="765" pin=0"/></net>

<net id="773"><net_src comp="749" pin="3"/><net_sink comp="769" pin=0"/></net>

<net id="774"><net_src comp="765" pin="1"/><net_sink comp="769" pin=1"/></net>

<net id="782"><net_src comp="160" pin="7"/><net_sink comp="778" pin=0"/></net>

<net id="787"><net_src comp="775" pin="1"/><net_sink comp="783" pin=0"/></net>

<net id="788"><net_src comp="58" pin="0"/><net_sink comp="783" pin=1"/></net>

<net id="794"><net_src comp="60" pin="0"/><net_sink comp="789" pin=0"/></net>

<net id="795"><net_src comp="783" pin="2"/><net_sink comp="789" pin=1"/></net>

<net id="796"><net_src comp="62" pin="0"/><net_sink comp="789" pin=2"/></net>

<net id="801"><net_src comp="775" pin="1"/><net_sink comp="797" pin=0"/></net>

<net id="802"><net_src comp="64" pin="0"/><net_sink comp="797" pin=1"/></net>

<net id="808"><net_src comp="789" pin="3"/><net_sink comp="803" pin=0"/></net>

<net id="809"><net_src comp="797" pin="2"/><net_sink comp="803" pin=1"/></net>

<net id="810"><net_src comp="783" pin="2"/><net_sink comp="803" pin=2"/></net>

<net id="814"><net_src comp="803" pin="3"/><net_sink comp="811" pin=0"/></net>

<net id="819"><net_src comp="769" pin="2"/><net_sink comp="815" pin=0"/></net>

<net id="820"><net_src comp="811" pin="1"/><net_sink comp="815" pin=1"/></net>

<net id="824"><net_src comp="815" pin="2"/><net_sink comp="821" pin=0"/></net>

<net id="825"><net_src comp="821" pin="1"/><net_sink comp="170" pin=2"/></net>

<net id="830"><net_src comp="66" pin="0"/><net_sink comp="826" pin=1"/></net>

<net id="836"><net_src comp="60" pin="0"/><net_sink comp="831" pin=0"/></net>

<net id="837"><net_src comp="826" pin="2"/><net_sink comp="831" pin=1"/></net>

<net id="838"><net_src comp="62" pin="0"/><net_sink comp="831" pin=2"/></net>

<net id="843"><net_src comp="68" pin="0"/><net_sink comp="839" pin=1"/></net>

<net id="849"><net_src comp="831" pin="3"/><net_sink comp="844" pin=0"/></net>

<net id="850"><net_src comp="839" pin="2"/><net_sink comp="844" pin=1"/></net>

<net id="851"><net_src comp="826" pin="2"/><net_sink comp="844" pin=2"/></net>

<net id="855"><net_src comp="844" pin="3"/><net_sink comp="852" pin=0"/></net>

<net id="860"><net_src comp="852" pin="1"/><net_sink comp="856" pin=1"/></net>

<net id="864"><net_src comp="856" pin="2"/><net_sink comp="861" pin=0"/></net>

<net id="865"><net_src comp="861" pin="1"/><net_sink comp="178" pin=2"/></net>

<net id="870"><net_src comp="70" pin="0"/><net_sink comp="866" pin=1"/></net>

<net id="876"><net_src comp="60" pin="0"/><net_sink comp="871" pin=0"/></net>

<net id="877"><net_src comp="866" pin="2"/><net_sink comp="871" pin=1"/></net>

<net id="878"><net_src comp="62" pin="0"/><net_sink comp="871" pin=2"/></net>

<net id="883"><net_src comp="72" pin="0"/><net_sink comp="879" pin=1"/></net>

<net id="889"><net_src comp="871" pin="3"/><net_sink comp="884" pin=0"/></net>

<net id="890"><net_src comp="879" pin="2"/><net_sink comp="884" pin=1"/></net>

<net id="891"><net_src comp="866" pin="2"/><net_sink comp="884" pin=2"/></net>

<net id="895"><net_src comp="884" pin="3"/><net_sink comp="892" pin=0"/></net>

<net id="900"><net_src comp="892" pin="1"/><net_sink comp="896" pin=1"/></net>

<net id="904"><net_src comp="896" pin="2"/><net_sink comp="901" pin=0"/></net>

<net id="905"><net_src comp="901" pin="1"/><net_sink comp="186" pin=2"/></net>

<net id="913"><net_src comp="906" pin="2"/><net_sink comp="910" pin=0"/></net>

<net id="914"><net_src comp="910" pin="1"/><net_sink comp="194" pin=2"/></net>

<net id="919"><net_src comp="74" pin="0"/><net_sink comp="915" pin=1"/></net>

<net id="924"><net_src comp="915" pin="2"/><net_sink comp="920" pin=0"/></net>

<net id="925"><net_src comp="76" pin="0"/><net_sink comp="920" pin=1"/></net>

<net id="930"><net_src comp="78" pin="0"/><net_sink comp="926" pin=1"/></net>

<net id="934"><net_src comp="915" pin="2"/><net_sink comp="931" pin=0"/></net>

<net id="940"><net_src comp="920" pin="2"/><net_sink comp="935" pin=0"/></net>

<net id="941"><net_src comp="926" pin="2"/><net_sink comp="935" pin=1"/></net>

<net id="942"><net_src comp="931" pin="1"/><net_sink comp="935" pin=2"/></net>

<net id="946"><net_src comp="935" pin="3"/><net_sink comp="943" pin=0"/></net>

<net id="951"><net_src comp="943" pin="1"/><net_sink comp="947" pin=1"/></net>

<net id="955"><net_src comp="947" pin="2"/><net_sink comp="952" pin=0"/></net>

<net id="956"><net_src comp="952" pin="1"/><net_sink comp="202" pin=2"/></net>

<net id="961"><net_src comp="915" pin="2"/><net_sink comp="957" pin=0"/></net>

<net id="966"><net_src comp="80" pin="0"/><net_sink comp="962" pin=1"/></net>

<net id="971"><net_src comp="962" pin="2"/><net_sink comp="967" pin=0"/></net>

<net id="972"><net_src comp="76" pin="0"/><net_sink comp="967" pin=1"/></net>

<net id="977"><net_src comp="82" pin="0"/><net_sink comp="973" pin=1"/></net>

<net id="981"><net_src comp="962" pin="2"/><net_sink comp="978" pin=0"/></net>

<net id="987"><net_src comp="967" pin="2"/><net_sink comp="982" pin=0"/></net>

<net id="988"><net_src comp="973" pin="2"/><net_sink comp="982" pin=1"/></net>

<net id="989"><net_src comp="978" pin="1"/><net_sink comp="982" pin=2"/></net>

<net id="993"><net_src comp="982" pin="3"/><net_sink comp="990" pin=0"/></net>

<net id="998"><net_src comp="990" pin="1"/><net_sink comp="994" pin=1"/></net>

<net id="1002"><net_src comp="994" pin="2"/><net_sink comp="999" pin=0"/></net>

<net id="1003"><net_src comp="999" pin="1"/><net_sink comp="210" pin=2"/></net>

<net id="1020"><net_src comp="1012" pin="2"/><net_sink comp="1016" pin=0"/></net>

<net id="1021"><net_src comp="84" pin="0"/><net_sink comp="1016" pin=1"/></net>

<net id="1026"><net_src comp="569" pin="1"/><net_sink comp="1022" pin=0"/></net>

<net id="1031"><net_src comp="585" pin="2"/><net_sink comp="1027" pin=0"/></net>

<net id="1032"><net_src comp="84" pin="0"/><net_sink comp="1027" pin=1"/></net>

<net id="1037"><net_src comp="573" pin="1"/><net_sink comp="1033" pin=0"/></net>

<net id="1042"><net_src comp="590" pin="2"/><net_sink comp="1038" pin=0"/></net>

<net id="1043"><net_src comp="84" pin="0"/><net_sink comp="1038" pin=1"/></net>

<net id="1048"><net_src comp="86" pin="0"/><net_sink comp="1044" pin=1"/></net>

<net id="1053"><net_src comp="1044" pin="2"/><net_sink comp="1049" pin=0"/></net>

<net id="1054"><net_src comp="76" pin="0"/><net_sink comp="1049" pin=1"/></net>

<net id="1059"><net_src comp="88" pin="0"/><net_sink comp="1055" pin=1"/></net>

<net id="1063"><net_src comp="1044" pin="2"/><net_sink comp="1060" pin=0"/></net>

<net id="1069"><net_src comp="1049" pin="2"/><net_sink comp="1064" pin=0"/></net>

<net id="1070"><net_src comp="1055" pin="2"/><net_sink comp="1064" pin=1"/></net>

<net id="1071"><net_src comp="1060" pin="1"/><net_sink comp="1064" pin=2"/></net>

<net id="1075"><net_src comp="1064" pin="3"/><net_sink comp="1072" pin=0"/></net>

<net id="1080"><net_src comp="1072" pin="1"/><net_sink comp="1076" pin=1"/></net>

<net id="1084"><net_src comp="1076" pin="2"/><net_sink comp="1081" pin=0"/></net>

<net id="1085"><net_src comp="1081" pin="1"/><net_sink comp="218" pin=2"/></net>

<net id="1090"><net_src comp="1004" pin="2"/><net_sink comp="1086" pin=0"/></net>

<net id="1091"><net_src comp="1008" pin="2"/><net_sink comp="1086" pin=1"/></net>

<net id="1096"><net_src comp="1016" pin="2"/><net_sink comp="1092" pin=0"/></net>

<net id="1097"><net_src comp="1022" pin="2"/><net_sink comp="1092" pin=1"/></net>

<net id="1102"><net_src comp="1092" pin="2"/><net_sink comp="1098" pin=0"/></net>

<net id="1103"><net_src comp="1086" pin="2"/><net_sink comp="1098" pin=1"/></net>

<net id="1108"><net_src comp="1027" pin="2"/><net_sink comp="1104" pin=0"/></net>

<net id="1109"><net_src comp="1033" pin="2"/><net_sink comp="1104" pin=1"/></net>

<net id="1114"><net_src comp="1038" pin="2"/><net_sink comp="1110" pin=0"/></net>

<net id="1115"><net_src comp="595" pin="2"/><net_sink comp="1110" pin=1"/></net>

<net id="1120"><net_src comp="1110" pin="2"/><net_sink comp="1116" pin=0"/></net>

<net id="1121"><net_src comp="1104" pin="2"/><net_sink comp="1116" pin=1"/></net>

<net id="1126"><net_src comp="1116" pin="2"/><net_sink comp="1122" pin=0"/></net>

<net id="1127"><net_src comp="1098" pin="2"/><net_sink comp="1122" pin=1"/></net>

<net id="1131"><net_src comp="577" pin="1"/><net_sink comp="1128" pin=0"/></net>

<net id="1135"><net_src comp="160" pin="7"/><net_sink comp="1132" pin=0"/></net>

<net id="1140"><net_src comp="1128" pin="1"/><net_sink comp="1136" pin=0"/></net>

<net id="1141"><net_src comp="1132" pin="1"/><net_sink comp="1136" pin=1"/></net>

<net id="1146"><net_src comp="90" pin="0"/><net_sink comp="1142" pin=1"/></net>

<net id="1152"><net_src comp="48" pin="0"/><net_sink comp="1147" pin=0"/></net>

<net id="1153"><net_src comp="1142" pin="2"/><net_sink comp="1147" pin=1"/></net>

<net id="1154"><net_src comp="36" pin="0"/><net_sink comp="1147" pin=2"/></net>

<net id="1160"><net_src comp="50" pin="0"/><net_sink comp="1155" pin=0"/></net>

<net id="1161"><net_src comp="1142" pin="2"/><net_sink comp="1155" pin=1"/></net>

<net id="1162"><net_src comp="52" pin="0"/><net_sink comp="1155" pin=2"/></net>

<net id="1166"><net_src comp="1155" pin="3"/><net_sink comp="1163" pin=0"/></net>

<net id="1171"><net_src comp="1147" pin="3"/><net_sink comp="1167" pin=0"/></net>

<net id="1172"><net_src comp="1163" pin="1"/><net_sink comp="1167" pin=1"/></net>

<net id="1177"><net_src comp="84" pin="0"/><net_sink comp="1173" pin=1"/></net>

<net id="1182"><net_src comp="84" pin="0"/><net_sink comp="1178" pin=1"/></net>

<net id="1187"><net_src comp="1167" pin="2"/><net_sink comp="1183" pin=0"/></net>

<net id="1191"><net_src comp="1183" pin="2"/><net_sink comp="1188" pin=0"/></net>

<net id="1192"><net_src comp="1188" pin="1"/><net_sink comp="226" pin=2"/></net>

<net id="1197"><net_src comp="1173" pin="2"/><net_sink comp="1193" pin=0"/></net>

<net id="1202"><net_src comp="1178" pin="2"/><net_sink comp="1198" pin=0"/></net>

<net id="1203"><net_src comp="554" pin="2"/><net_sink comp="1198" pin=1"/></net>

<net id="1208"><net_src comp="1198" pin="2"/><net_sink comp="1204" pin=0"/></net>

<net id="1209"><net_src comp="1193" pin="2"/><net_sink comp="1204" pin=1"/></net>

<net id="1217"><net_src comp="1210" pin="2"/><net_sink comp="1214" pin=0"/></net>

<net id="1218"><net_src comp="1214" pin="1"/><net_sink comp="234" pin=2"/></net>

<net id="1223"><net_src comp="600" pin="2"/><net_sink comp="1219" pin=0"/></net>

<net id="1224"><net_src comp="84" pin="0"/><net_sink comp="1219" pin=1"/></net>

<net id="1229"><net_src comp="581" pin="1"/><net_sink comp="1225" pin=0"/></net>

<net id="1234"><net_src comp="605" pin="2"/><net_sink comp="1230" pin=0"/></net>

<net id="1235"><net_src comp="84" pin="0"/><net_sink comp="1230" pin=1"/></net>

<net id="1243"><net_src comp="1236" pin="2"/><net_sink comp="1240" pin=0"/></net>

<net id="1244"><net_src comp="1240" pin="1"/><net_sink comp="242" pin=2"/></net>

<net id="1249"><net_src comp="1219" pin="2"/><net_sink comp="1245" pin=0"/></net>

<net id="1250"><net_src comp="1225" pin="2"/><net_sink comp="1245" pin=1"/></net>

<net id="1255"><net_src comp="564" pin="2"/><net_sink comp="1251" pin=0"/></net>

<net id="1256"><net_src comp="1230" pin="2"/><net_sink comp="1251" pin=1"/></net>

<net id="1261"><net_src comp="1251" pin="2"/><net_sink comp="1257" pin=0"/></net>

<net id="1262"><net_src comp="1245" pin="2"/><net_sink comp="1257" pin=1"/></net>

<net id="1267"><net_src comp="1257" pin="2"/><net_sink comp="1263" pin=0"/></net>

<net id="1272"><net_src comp="1263" pin="2"/><net_sink comp="1268" pin=0"/></net>

<net id="1280"><net_src comp="1273" pin="2"/><net_sink comp="1277" pin=0"/></net>

<net id="1281"><net_src comp="1277" pin="1"/><net_sink comp="250" pin=2"/></net>

<net id="1288"><net_src comp="573" pin="1"/><net_sink comp="1285" pin=0"/></net>

<net id="1292"><net_src comp="577" pin="1"/><net_sink comp="1289" pin=0"/></net>

<net id="1296"><net_src comp="581" pin="1"/><net_sink comp="1293" pin=0"/></net>

<net id="1303"><net_src comp="160" pin="7"/><net_sink comp="1300" pin=0"/></net>

<net id="1308"><net_src comp="1285" pin="1"/><net_sink comp="1304" pin=0"/></net>

<net id="1309"><net_src comp="1282" pin="1"/><net_sink comp="1304" pin=1"/></net>

<net id="1313"><net_src comp="1304" pin="2"/><net_sink comp="1310" pin=0"/></net>

<net id="1321"><net_src comp="1314" pin="1"/><net_sink comp="1317" pin=0"/></net>

<net id="1322"><net_src comp="1310" pin="1"/><net_sink comp="1317" pin=1"/></net>

<net id="1326"><net_src comp="1317" pin="2"/><net_sink comp="1323" pin=0"/></net>

<net id="1331"><net_src comp="1323" pin="1"/><net_sink comp="1327" pin=0"/></net>

<net id="1332"><net_src comp="1289" pin="1"/><net_sink comp="1327" pin=1"/></net>

<net id="1337"><net_src comp="1297" pin="1"/><net_sink comp="1333" pin=0"/></net>

<net id="1338"><net_src comp="1300" pin="1"/><net_sink comp="1333" pin=1"/></net>

<net id="1342"><net_src comp="1333" pin="2"/><net_sink comp="1339" pin=0"/></net>

<net id="1347"><net_src comp="1339" pin="1"/><net_sink comp="1343" pin=0"/></net>

<net id="1348"><net_src comp="1293" pin="1"/><net_sink comp="1343" pin=1"/></net>

<net id="1352"><net_src comp="1343" pin="2"/><net_sink comp="1349" pin=0"/></net>

<net id="1357"><net_src comp="1349" pin="1"/><net_sink comp="1353" pin=0"/></net>

<net id="1358"><net_src comp="1327" pin="2"/><net_sink comp="1353" pin=1"/></net>

<net id="1366"><net_src comp="1359" pin="2"/><net_sink comp="1363" pin=0"/></net>

<net id="1367"><net_src comp="1363" pin="1"/><net_sink comp="258" pin=2"/></net>

<net id="1371"><net_src comp="160" pin="7"/><net_sink comp="1368" pin=0"/></net>

<net id="1379"><net_src comp="1372" pin="1"/><net_sink comp="1375" pin=0"/></net>

<net id="1380"><net_src comp="1368" pin="1"/><net_sink comp="1375" pin=1"/></net>

<net id="1388"><net_src comp="1381" pin="2"/><net_sink comp="1385" pin=0"/></net>

<net id="1389"><net_src comp="1385" pin="1"/><net_sink comp="266" pin=2"/></net>

<net id="1397"><net_src comp="1390" pin="2"/><net_sink comp="1394" pin=0"/></net>

<net id="1398"><net_src comp="1394" pin="1"/><net_sink comp="274" pin=2"/></net>

<net id="1402"><net_src comp="573" pin="1"/><net_sink comp="1399" pin=0"/></net>

<net id="1406"><net_src comp="160" pin="7"/><net_sink comp="1403" pin=0"/></net>

<net id="1411"><net_src comp="1399" pin="1"/><net_sink comp="1407" pin=0"/></net>

<net id="1412"><net_src comp="1403" pin="1"/><net_sink comp="1407" pin=1"/></net>

<net id="1417"><net_src comp="92" pin="0"/><net_sink comp="1413" pin=1"/></net>

<net id="1423"><net_src comp="48" pin="0"/><net_sink comp="1418" pin=0"/></net>

<net id="1424"><net_src comp="1413" pin="2"/><net_sink comp="1418" pin=1"/></net>

<net id="1425"><net_src comp="36" pin="0"/><net_sink comp="1418" pin=2"/></net>

<net id="1431"><net_src comp="50" pin="0"/><net_sink comp="1426" pin=0"/></net>

<net id="1432"><net_src comp="1413" pin="2"/><net_sink comp="1426" pin=1"/></net>

<net id="1433"><net_src comp="52" pin="0"/><net_sink comp="1426" pin=2"/></net>

<net id="1437"><net_src comp="1426" pin="3"/><net_sink comp="1434" pin=0"/></net>

<net id="1442"><net_src comp="1418" pin="3"/><net_sink comp="1438" pin=0"/></net>

<net id="1443"><net_src comp="1434" pin="1"/><net_sink comp="1438" pin=1"/></net>

<net id="1448"><net_src comp="1438" pin="2"/><net_sink comp="1444" pin=0"/></net>

<net id="1452"><net_src comp="1444" pin="2"/><net_sink comp="1449" pin=0"/></net>

<net id="1453"><net_src comp="1449" pin="1"/><net_sink comp="282" pin=2"/></net>

<net id="1458"><net_src comp="84" pin="0"/><net_sink comp="1454" pin=1"/></net>

<net id="1467"><net_src comp="1454" pin="2"/><net_sink comp="1463" pin=0"/></net>

<net id="1468"><net_src comp="554" pin="2"/><net_sink comp="1463" pin=1"/></net>

<net id="1473"><net_src comp="1463" pin="2"/><net_sink comp="1469" pin=0"/></net>

<net id="1478"><net_src comp="1469" pin="2"/><net_sink comp="1474" pin=0"/></net>

<net id="1483"><net_src comp="1474" pin="2"/><net_sink comp="1479" pin=0"/></net>

<net id="1484"><net_src comp="1459" pin="2"/><net_sink comp="1479" pin=1"/></net>

<net id="1492"><net_src comp="1485" pin="2"/><net_sink comp="1489" pin=0"/></net>

<net id="1493"><net_src comp="1489" pin="1"/><net_sink comp="290" pin=2"/></net>

<net id="1497"><net_src comp="573" pin="1"/><net_sink comp="1494" pin=0"/></net>

<net id="1501"><net_src comp="160" pin="7"/><net_sink comp="1498" pin=0"/></net>

<net id="1506"><net_src comp="1494" pin="1"/><net_sink comp="1502" pin=0"/></net>

<net id="1507"><net_src comp="1498" pin="1"/><net_sink comp="1502" pin=1"/></net>

<net id="1515"><net_src comp="1508" pin="2"/><net_sink comp="1512" pin=0"/></net>

<net id="1516"><net_src comp="1512" pin="1"/><net_sink comp="298" pin=2"/></net>

<net id="1521"><net_src comp="84" pin="0"/><net_sink comp="1517" pin=1"/></net>

<net id="1526"><net_src comp="84" pin="0"/><net_sink comp="1522" pin=1"/></net>

<net id="1531"><net_src comp="1517" pin="2"/><net_sink comp="1527" pin=0"/></net>

<net id="1536"><net_src comp="1522" pin="2"/><net_sink comp="1532" pin=0"/></net>

<net id="1537"><net_src comp="554" pin="2"/><net_sink comp="1532" pin=1"/></net>

<net id="1542"><net_src comp="1532" pin="2"/><net_sink comp="1538" pin=0"/></net>

<net id="1543"><net_src comp="1527" pin="2"/><net_sink comp="1538" pin=1"/></net>

<net id="1551"><net_src comp="1544" pin="2"/><net_sink comp="1548" pin=0"/></net>

<net id="1552"><net_src comp="1548" pin="1"/><net_sink comp="306" pin=2"/></net>

<net id="1560"><net_src comp="1553" pin="2"/><net_sink comp="1557" pin=0"/></net>

<net id="1561"><net_src comp="1557" pin="1"/><net_sink comp="314" pin=2"/></net>

<net id="1566"><net_src comp="590" pin="2"/><net_sink comp="1562" pin=0"/></net>

<net id="1567"><net_src comp="84" pin="0"/><net_sink comp="1562" pin=1"/></net>

<net id="1572"><net_src comp="600" pin="2"/><net_sink comp="1568" pin=0"/></net>

<net id="1573"><net_src comp="84" pin="0"/><net_sink comp="1568" pin=1"/></net>

<net id="1578"><net_src comp="1562" pin="2"/><net_sink comp="1574" pin=0"/></net>

<net id="1579"><net_src comp="595" pin="2"/><net_sink comp="1574" pin=1"/></net>

<net id="1584"><net_src comp="564" pin="2"/><net_sink comp="1580" pin=0"/></net>

<net id="1585"><net_src comp="1568" pin="2"/><net_sink comp="1580" pin=1"/></net>

<net id="1590"><net_src comp="1580" pin="2"/><net_sink comp="1586" pin=0"/></net>

<net id="1591"><net_src comp="1574" pin="2"/><net_sink comp="1586" pin=1"/></net>

<net id="1596"><net_src comp="1586" pin="2"/><net_sink comp="1592" pin=0"/></net>

<net id="1601"><net_src comp="1592" pin="2"/><net_sink comp="1597" pin=0"/></net>

<net id="1606"><net_src comp="1597" pin="2"/><net_sink comp="1602" pin=0"/></net>

<net id="1610"><net_src comp="577" pin="1"/><net_sink comp="1607" pin=0"/></net>

<net id="1614"><net_src comp="160" pin="7"/><net_sink comp="1611" pin=0"/></net>

<net id="1619"><net_src comp="1607" pin="1"/><net_sink comp="1615" pin=0"/></net>

<net id="1623"><net_src comp="573" pin="1"/><net_sink comp="1620" pin=0"/></net>

<net id="1631"><net_src comp="1624" pin="1"/><net_sink comp="1627" pin=0"/></net>

<net id="1639"><net_src comp="1607" pin="1"/><net_sink comp="1635" pin=0"/></net>

<net id="1640"><net_src comp="1611" pin="1"/><net_sink comp="1635" pin=1"/></net>

<net id="1644"><net_src comp="1635" pin="2"/><net_sink comp="1641" pin=0"/></net>

<net id="1649"><net_src comp="1641" pin="1"/><net_sink comp="1645" pin=0"/></net>

<net id="1650"><net_src comp="1620" pin="1"/><net_sink comp="1645" pin=1"/></net>

<net id="1654"><net_src comp="1645" pin="2"/><net_sink comp="1651" pin=0"/></net>

<net id="1659"><net_src comp="1651" pin="1"/><net_sink comp="1655" pin=0"/></net>

<net id="1660"><net_src comp="1632" pin="1"/><net_sink comp="1655" pin=1"/></net>

<net id="1664"><net_src comp="1655" pin="2"/><net_sink comp="1661" pin=0"/></net>

<net id="1669"><net_src comp="1661" pin="1"/><net_sink comp="1665" pin=0"/></net>

<net id="1670"><net_src comp="1627" pin="2"/><net_sink comp="1665" pin=1"/></net>

<net id="1678"><net_src comp="1671" pin="2"/><net_sink comp="1675" pin=0"/></net>

<net id="1679"><net_src comp="1675" pin="1"/><net_sink comp="322" pin=2"/></net>

<net id="1683"><net_src comp="160" pin="7"/><net_sink comp="1680" pin=0"/></net>

<net id="1691"><net_src comp="1680" pin="1"/><net_sink comp="1687" pin=1"/></net>

<net id="1695"><net_src comp="1687" pin="2"/><net_sink comp="1692" pin=0"/></net>

<net id="1700"><net_src comp="1692" pin="1"/><net_sink comp="1696" pin=0"/></net>

<net id="1701"><net_src comp="1684" pin="1"/><net_sink comp="1696" pin=1"/></net>

<net id="1709"><net_src comp="1702" pin="2"/><net_sink comp="1706" pin=0"/></net>

<net id="1710"><net_src comp="1706" pin="1"/><net_sink comp="330" pin=2"/></net>

<net id="1718"><net_src comp="1711" pin="2"/><net_sink comp="1715" pin=0"/></net>

<net id="1719"><net_src comp="1715" pin="1"/><net_sink comp="338" pin=2"/></net>

<net id="1724"><net_src comp="577" pin="1"/><net_sink comp="1720" pin=0"/></net>

<net id="1728"><net_src comp="573" pin="1"/><net_sink comp="1725" pin=0"/></net>

<net id="1732"><net_src comp="577" pin="1"/><net_sink comp="1729" pin=0"/></net>

<net id="1736"><net_src comp="160" pin="7"/><net_sink comp="1733" pin=0"/></net>

<net id="1744"><net_src comp="1737" pin="1"/><net_sink comp="1740" pin=0"/></net>

<net id="1745"><net_src comp="1725" pin="1"/><net_sink comp="1740" pin=1"/></net>

<net id="1750"><net_src comp="1729" pin="1"/><net_sink comp="1746" pin=0"/></net>

<net id="1751"><net_src comp="1733" pin="1"/><net_sink comp="1746" pin=1"/></net>

<net id="1755"><net_src comp="1746" pin="2"/><net_sink comp="1752" pin=0"/></net>

<net id="1760"><net_src comp="1752" pin="1"/><net_sink comp="1756" pin=0"/></net>

<net id="1761"><net_src comp="1740" pin="2"/><net_sink comp="1756" pin=1"/></net>

<net id="1769"><net_src comp="1762" pin="2"/><net_sink comp="1766" pin=0"/></net>

<net id="1770"><net_src comp="1766" pin="1"/><net_sink comp="346" pin=2"/></net>

<net id="1779"><net_src comp="564" pin="2"/><net_sink comp="1775" pin=0"/></net>

<net id="1784"><net_src comp="1775" pin="2"/><net_sink comp="1780" pin=0"/></net>

<net id="1785"><net_src comp="1771" pin="2"/><net_sink comp="1780" pin=1"/></net>

<net id="1793"><net_src comp="1786" pin="2"/><net_sink comp="1790" pin=0"/></net>

<net id="1794"><net_src comp="1790" pin="1"/><net_sink comp="354" pin=2"/></net>

<net id="1798"><net_src comp="573" pin="1"/><net_sink comp="1795" pin=0"/></net>

<net id="1802"><net_src comp="160" pin="7"/><net_sink comp="1799" pin=0"/></net>

<net id="1807"><net_src comp="1795" pin="1"/><net_sink comp="1803" pin=0"/></net>

<net id="1808"><net_src comp="1799" pin="1"/><net_sink comp="1803" pin=1"/></net>

<net id="1816"><net_src comp="1809" pin="2"/><net_sink comp="1813" pin=0"/></net>

<net id="1817"><net_src comp="1813" pin="1"/><net_sink comp="362" pin=2"/></net>

<net id="1825"><net_src comp="1818" pin="2"/><net_sink comp="1822" pin=0"/></net>

<net id="1826"><net_src comp="1822" pin="1"/><net_sink comp="370" pin=2"/></net>

<net id="1834"><net_src comp="1827" pin="2"/><net_sink comp="1831" pin=0"/></net>

<net id="1835"><net_src comp="1831" pin="1"/><net_sink comp="378" pin=2"/></net>

<net id="1841"><net_src comp="48" pin="0"/><net_sink comp="1836" pin=0"/></net>

<net id="1842"><net_src comp="36" pin="0"/><net_sink comp="1836" pin=2"/></net>

<net id="1848"><net_src comp="50" pin="0"/><net_sink comp="1843" pin=0"/></net>

<net id="1849"><net_src comp="52" pin="0"/><net_sink comp="1843" pin=2"/></net>

<net id="1853"><net_src comp="1843" pin="3"/><net_sink comp="1850" pin=0"/></net>

<net id="1858"><net_src comp="1836" pin="3"/><net_sink comp="1854" pin=0"/></net>

<net id="1859"><net_src comp="1850" pin="1"/><net_sink comp="1854" pin=1"/></net>

<net id="1864"><net_src comp="1854" pin="2"/><net_sink comp="1860" pin=0"/></net>

<net id="1868"><net_src comp="1860" pin="2"/><net_sink comp="1865" pin=0"/></net>

<net id="1869"><net_src comp="1865" pin="1"/><net_sink comp="386" pin=2"/></net>

<net id="1873"><net_src comp="581" pin="1"/><net_sink comp="1870" pin=0"/></net>

<net id="1877"><net_src comp="160" pin="7"/><net_sink comp="1874" pin=0"/></net>

<net id="1882"><net_src comp="1870" pin="1"/><net_sink comp="1878" pin=0"/></net>

<net id="1883"><net_src comp="1874" pin="1"/><net_sink comp="1878" pin=1"/></net>

<net id="1891"><net_src comp="1884" pin="2"/><net_sink comp="1888" pin=0"/></net>

<net id="1892"><net_src comp="1888" pin="1"/><net_sink comp="394" pin=2"/></net>

<net id="1900"><net_src comp="1893" pin="2"/><net_sink comp="1897" pin=0"/></net>

<net id="1901"><net_src comp="1897" pin="1"/><net_sink comp="402" pin=2"/></net>

<net id="1906"><net_src comp="600" pin="2"/><net_sink comp="1902" pin=0"/></net>

<net id="1907"><net_src comp="84" pin="0"/><net_sink comp="1902" pin=1"/></net>

<net id="1912"><net_src comp="84" pin="0"/><net_sink comp="1908" pin=1"/></net>

<net id="1917"><net_src comp="84" pin="0"/><net_sink comp="1913" pin=1"/></net>

<net id="1922"><net_src comp="605" pin="2"/><net_sink comp="1918" pin=0"/></net>

<net id="1923"><net_src comp="84" pin="0"/><net_sink comp="1918" pin=1"/></net>

<net id="1928"><net_src comp="559" pin="2"/><net_sink comp="1924" pin=0"/></net>

<net id="1929"><net_src comp="84" pin="0"/><net_sink comp="1924" pin=1"/></net>

<net id="1934"><net_src comp="1902" pin="2"/><net_sink comp="1930" pin=0"/></net>

<net id="1935"><net_src comp="1908" pin="2"/><net_sink comp="1930" pin=1"/></net>

<net id="1940"><net_src comp="1918" pin="2"/><net_sink comp="1936" pin=0"/></net>

<net id="1941"><net_src comp="1924" pin="2"/><net_sink comp="1936" pin=1"/></net>

<net id="1946"><net_src comp="1936" pin="2"/><net_sink comp="1942" pin=0"/></net>

<net id="1947"><net_src comp="1913" pin="2"/><net_sink comp="1942" pin=1"/></net>

<net id="1952"><net_src comp="1942" pin="2"/><net_sink comp="1948" pin=0"/></net>

<net id="1953"><net_src comp="1930" pin="2"/><net_sink comp="1948" pin=1"/></net>

<net id="1957"><net_src comp="581" pin="1"/><net_sink comp="1954" pin=0"/></net>

<net id="1961"><net_src comp="160" pin="7"/><net_sink comp="1958" pin=0"/></net>

<net id="1969"><net_src comp="1954" pin="1"/><net_sink comp="1965" pin=0"/></net>

<net id="1970"><net_src comp="1958" pin="1"/><net_sink comp="1965" pin=1"/></net>

<net id="1974"><net_src comp="1965" pin="2"/><net_sink comp="1971" pin=0"/></net>

<net id="1979"><net_src comp="1971" pin="1"/><net_sink comp="1975" pin=0"/></net>

<net id="1980"><net_src comp="1962" pin="1"/><net_sink comp="1975" pin=1"/></net>

<net id="1988"><net_src comp="1981" pin="2"/><net_sink comp="1985" pin=0"/></net>

<net id="1989"><net_src comp="1985" pin="1"/><net_sink comp="410" pin=2"/></net>

<net id="1997"><net_src comp="1990" pin="2"/><net_sink comp="1994" pin=0"/></net>

<net id="1998"><net_src comp="1994" pin="1"/><net_sink comp="418" pin=2"/></net>

<net id="2002"><net_src comp="573" pin="1"/><net_sink comp="1999" pin=0"/></net>

<net id="2006"><net_src comp="573" pin="1"/><net_sink comp="2003" pin=0"/></net>

<net id="2010"><net_src comp="577" pin="1"/><net_sink comp="2007" pin=0"/></net>

<net id="2014"><net_src comp="577" pin="1"/><net_sink comp="2011" pin=0"/></net>

<net id="2018"><net_src comp="581" pin="1"/><net_sink comp="2015" pin=0"/></net>

<net id="2022"><net_src comp="160" pin="7"/><net_sink comp="2019" pin=0"/></net>

<net id="2030"><net_src comp="2023" pin="1"/><net_sink comp="2026" pin=0"/></net>

<net id="2031"><net_src comp="2003" pin="1"/><net_sink comp="2026" pin=1"/></net>

<net id="2036"><net_src comp="2015" pin="1"/><net_sink comp="2032" pin=0"/></net>

<net id="2037"><net_src comp="2019" pin="1"/><net_sink comp="2032" pin=1"/></net>

<net id="2041"><net_src comp="2032" pin="2"/><net_sink comp="2038" pin=0"/></net>

<net id="2046"><net_src comp="2038" pin="1"/><net_sink comp="2042" pin=0"/></net>

<net id="2047"><net_src comp="2011" pin="1"/><net_sink comp="2042" pin=1"/></net>

<net id="2051"><net_src comp="2042" pin="2"/><net_sink comp="2048" pin=0"/></net>

<net id="2056"><net_src comp="2048" pin="1"/><net_sink comp="2052" pin=0"/></net>

<net id="2057"><net_src comp="2026" pin="2"/><net_sink comp="2052" pin=1"/></net>

<net id="2065"><net_src comp="1999" pin="1"/><net_sink comp="2061" pin=0"/></net>

<net id="2066"><net_src comp="2007" pin="1"/><net_sink comp="2061" pin=1"/></net>

<net id="2070"><net_src comp="2061" pin="2"/><net_sink comp="2067" pin=0"/></net>

<net id="2075"><net_src comp="2067" pin="1"/><net_sink comp="2071" pin=0"/></net>

<net id="2076"><net_src comp="2058" pin="1"/><net_sink comp="2071" pin=1"/></net>

<net id="2084"><net_src comp="2077" pin="2"/><net_sink comp="2081" pin=0"/></net>

<net id="2085"><net_src comp="2081" pin="1"/><net_sink comp="426" pin=2"/></net>

<net id="2093"><net_src comp="2086" pin="2"/><net_sink comp="2090" pin=0"/></net>

<net id="2094"><net_src comp="2090" pin="1"/><net_sink comp="434" pin=2"/></net>

<net id="2099"><net_src comp="44" pin="0"/><net_sink comp="2095" pin=1"/></net>

<net id="2105"><net_src comp="48" pin="0"/><net_sink comp="2100" pin=0"/></net>

<net id="2106"><net_src comp="2095" pin="2"/><net_sink comp="2100" pin=1"/></net>

<net id="2107"><net_src comp="36" pin="0"/><net_sink comp="2100" pin=2"/></net>

<net id="2113"><net_src comp="50" pin="0"/><net_sink comp="2108" pin=0"/></net>

<net id="2114"><net_src comp="2095" pin="2"/><net_sink comp="2108" pin=1"/></net>

<net id="2115"><net_src comp="52" pin="0"/><net_sink comp="2108" pin=2"/></net>

<net id="2119"><net_src comp="2108" pin="3"/><net_sink comp="2116" pin=0"/></net>

<net id="2124"><net_src comp="2100" pin="3"/><net_sink comp="2120" pin=0"/></net>

<net id="2125"><net_src comp="2116" pin="1"/><net_sink comp="2120" pin=1"/></net>

<net id="2130"><net_src comp="2120" pin="2"/><net_sink comp="2126" pin=0"/></net>

<net id="2134"><net_src comp="2126" pin="2"/><net_sink comp="2131" pin=0"/></net>

<net id="2135"><net_src comp="2131" pin="1"/><net_sink comp="442" pin=2"/></net>

<net id="2142"><net_src comp="573" pin="1"/><net_sink comp="2139" pin=0"/></net>

<net id="2146"><net_src comp="573" pin="1"/><net_sink comp="2143" pin=0"/></net>

<net id="2151"><net_src comp="2136" pin="1"/><net_sink comp="2147" pin=0"/></net>

<net id="2152"><net_src comp="2143" pin="1"/><net_sink comp="2147" pin=1"/></net>

<net id="2156"><net_src comp="577" pin="1"/><net_sink comp="2153" pin=0"/></net>

<net id="2160"><net_src comp="160" pin="7"/><net_sink comp="2157" pin=0"/></net>

<net id="2168"><net_src comp="2161" pin="1"/><net_sink comp="2164" pin=0"/></net>

<net id="2179"><net_src comp="2153" pin="1"/><net_sink comp="2175" pin=0"/></net>

<net id="2180"><net_src comp="2157" pin="1"/><net_sink comp="2175" pin=1"/></net>

<net id="2184"><net_src comp="2175" pin="2"/><net_sink comp="2181" pin=0"/></net>

<net id="2189"><net_src comp="2181" pin="1"/><net_sink comp="2185" pin=0"/></net>

<net id="2190"><net_src comp="2139" pin="1"/><net_sink comp="2185" pin=1"/></net>

<net id="2194"><net_src comp="2185" pin="2"/><net_sink comp="2191" pin=0"/></net>

<net id="2199"><net_src comp="2191" pin="1"/><net_sink comp="2195" pin=0"/></net>

<net id="2200"><net_src comp="2172" pin="1"/><net_sink comp="2195" pin=1"/></net>

<net id="2204"><net_src comp="2195" pin="2"/><net_sink comp="2201" pin=0"/></net>

<net id="2209"><net_src comp="2201" pin="1"/><net_sink comp="2205" pin=0"/></net>

<net id="2210"><net_src comp="2169" pin="1"/><net_sink comp="2205" pin=1"/></net>

<net id="2214"><net_src comp="2205" pin="2"/><net_sink comp="2211" pin=0"/></net>

<net id="2219"><net_src comp="2211" pin="1"/><net_sink comp="2215" pin=0"/></net>

<net id="2220"><net_src comp="2164" pin="2"/><net_sink comp="2215" pin=1"/></net>

<net id="2228"><net_src comp="2221" pin="2"/><net_sink comp="2225" pin=0"/></net>

<net id="2229"><net_src comp="2225" pin="1"/><net_sink comp="450" pin=2"/></net>

<net id="2237"><net_src comp="2230" pin="2"/><net_sink comp="2234" pin=0"/></net>

<net id="2238"><net_src comp="2234" pin="1"/><net_sink comp="458" pin=2"/></net>

<net id="2246"><net_src comp="2239" pin="2"/><net_sink comp="2243" pin=0"/></net>

<net id="2247"><net_src comp="2243" pin="1"/><net_sink comp="466" pin=2"/></net>

<net id="2251"><net_src comp="577" pin="1"/><net_sink comp="2248" pin=0"/></net>

<net id="2255"><net_src comp="160" pin="7"/><net_sink comp="2252" pin=0"/></net>

<net id="2260"><net_src comp="2252" pin="1"/><net_sink comp="2256" pin=0"/></net>

<net id="2261"><net_src comp="2248" pin="1"/><net_sink comp="2256" pin=1"/></net>

<net id="2269"><net_src comp="2262" pin="2"/><net_sink comp="2266" pin=0"/></net>

<net id="2270"><net_src comp="2266" pin="1"/><net_sink comp="474" pin=2"/></net>

<net id="2275"><net_src comp="84" pin="0"/><net_sink comp="2271" pin=1"/></net>

<net id="2280"><net_src comp="84" pin="0"/><net_sink comp="2276" pin=1"/></net>

<net id="2285"><net_src comp="84" pin="0"/><net_sink comp="2281" pin=1"/></net>

<net id="2290"><net_src comp="84" pin="0"/><net_sink comp="2286" pin=1"/></net>

<net id="2295"><net_src comp="84" pin="0"/><net_sink comp="2291" pin=1"/></net>

<net id="2300"><net_src comp="590" pin="2"/><net_sink comp="2296" pin=0"/></net>

<net id="2301"><net_src comp="84" pin="0"/><net_sink comp="2296" pin=1"/></net>

<net id="2306"><net_src comp="84" pin="0"/><net_sink comp="2302" pin=1"/></net>

<net id="2311"><net_src comp="84" pin="0"/><net_sink comp="2307" pin=1"/></net>

<net id="2316"><net_src comp="559" pin="2"/><net_sink comp="2312" pin=0"/></net>

<net id="2317"><net_src comp="84" pin="0"/><net_sink comp="2312" pin=1"/></net>

<net id="2322"><net_src comp="2271" pin="2"/><net_sink comp="2318" pin=0"/></net>

<net id="2323"><net_src comp="2276" pin="2"/><net_sink comp="2318" pin=1"/></net>

<net id="2328"><net_src comp="2281" pin="2"/><net_sink comp="2324" pin=0"/></net>

<net id="2329"><net_src comp="2286" pin="2"/><net_sink comp="2324" pin=1"/></net>

<net id="2334"><net_src comp="2324" pin="2"/><net_sink comp="2330" pin=0"/></net>

<net id="2335"><net_src comp="2318" pin="2"/><net_sink comp="2330" pin=1"/></net>

<net id="2340"><net_src comp="2291" pin="2"/><net_sink comp="2336" pin=0"/></net>

<net id="2341"><net_src comp="2296" pin="2"/><net_sink comp="2336" pin=1"/></net>

<net id="2346"><net_src comp="2307" pin="2"/><net_sink comp="2342" pin=0"/></net>

<net id="2347"><net_src comp="2312" pin="2"/><net_sink comp="2342" pin=1"/></net>

<net id="2352"><net_src comp="2342" pin="2"/><net_sink comp="2348" pin=0"/></net>

<net id="2353"><net_src comp="2302" pin="2"/><net_sink comp="2348" pin=1"/></net>

<net id="2358"><net_src comp="2348" pin="2"/><net_sink comp="2354" pin=0"/></net>

<net id="2359"><net_src comp="2336" pin="2"/><net_sink comp="2354" pin=1"/></net>

<net id="2364"><net_src comp="2354" pin="2"/><net_sink comp="2360" pin=0"/></net>

<net id="2365"><net_src comp="2330" pin="2"/><net_sink comp="2360" pin=1"/></net>

<net id="2373"><net_src comp="2366" pin="2"/><net_sink comp="2370" pin=0"/></net>

<net id="2374"><net_src comp="2370" pin="1"/><net_sink comp="482" pin=2"/></net>

<net id="2378"><net_src comp="577" pin="1"/><net_sink comp="2375" pin=0"/></net>

<net id="2382"><net_src comp="160" pin="7"/><net_sink comp="2379" pin=0"/></net>

<net id="2387"><net_src comp="2379" pin="1"/><net_sink comp="2383" pin=0"/></net>

<net id="2388"><net_src comp="2375" pin="1"/><net_sink comp="2383" pin=1"/></net>

<net id="2396"><net_src comp="2389" pin="2"/><net_sink comp="2393" pin=0"/></net>

<net id="2397"><net_src comp="2393" pin="1"/><net_sink comp="490" pin=2"/></net>

<net id="2401"><net_src comp="569" pin="1"/><net_sink comp="2398" pin=0"/></net>

<net id="2405"><net_src comp="160" pin="7"/><net_sink comp="2402" pin=0"/></net>

<net id="2410"><net_src comp="2402" pin="1"/><net_sink comp="2406" pin=0"/></net>

<net id="2411"><net_src comp="2398" pin="1"/><net_sink comp="2406" pin=1"/></net>

<net id="2416"><net_src comp="34" pin="0"/><net_sink comp="2412" pin=1"/></net>

<net id="2422"><net_src comp="48" pin="0"/><net_sink comp="2417" pin=0"/></net>

<net id="2423"><net_src comp="2412" pin="2"/><net_sink comp="2417" pin=1"/></net>

<net id="2424"><net_src comp="36" pin="0"/><net_sink comp="2417" pin=2"/></net>

<net id="2430"><net_src comp="50" pin="0"/><net_sink comp="2425" pin=0"/></net>

<net id="2431"><net_src comp="2412" pin="2"/><net_sink comp="2425" pin=1"/></net>

<net id="2432"><net_src comp="52" pin="0"/><net_sink comp="2425" pin=2"/></net>

<net id="2436"><net_src comp="2425" pin="3"/><net_sink comp="2433" pin=0"/></net>

<net id="2441"><net_src comp="2417" pin="3"/><net_sink comp="2437" pin=0"/></net>

<net id="2442"><net_src comp="2433" pin="1"/><net_sink comp="2437" pin=1"/></net>

<net id="2447"><net_src comp="2437" pin="2"/><net_sink comp="2443" pin=0"/></net>

<net id="2452"><net_src comp="2437" pin="2"/><net_sink comp="2448" pin=0"/></net>

<net id="2457"><net_src comp="2437" pin="2"/><net_sink comp="2453" pin=0"/></net>

<net id="2462"><net_src comp="2437" pin="2"/><net_sink comp="2458" pin=0"/></net>

<net id="2467"><net_src comp="2437" pin="2"/><net_sink comp="2463" pin=0"/></net>

<net id="2471"><net_src comp="2463" pin="2"/><net_sink comp="2468" pin=0"/></net>

<net id="2472"><net_src comp="2468" pin="1"/><net_sink comp="498" pin=2"/></net>

<net id="2477"><net_src comp="2437" pin="2"/><net_sink comp="2473" pin=0"/></net>

<net id="2482"><net_src comp="2437" pin="2"/><net_sink comp="2478" pin=0"/></net>

<net id="2486"><net_src comp="160" pin="7"/><net_sink comp="2483" pin=0"/></net>

<net id="2497"><net_src comp="2490" pin="1"/><net_sink comp="2493" pin=0"/></net>

<net id="2498"><net_src comp="2483" pin="1"/><net_sink comp="2493" pin=1"/></net>

<net id="2502"><net_src comp="2493" pin="2"/><net_sink comp="2499" pin=0"/></net>

<net id="2507"><net_src comp="2499" pin="1"/><net_sink comp="2503" pin=0"/></net>

<net id="2508"><net_src comp="2487" pin="1"/><net_sink comp="2503" pin=1"/></net>

<net id="2512"><net_src comp="2509" pin="1"/><net_sink comp="506" pin=2"/></net>

<net id="2516"><net_src comp="2513" pin="1"/><net_sink comp="514" pin=2"/></net>

<net id="2520"><net_src comp="2517" pin="1"/><net_sink comp="522" pin=2"/></net>

<net id="2524"><net_src comp="573" pin="1"/><net_sink comp="2521" pin=0"/></net>

<net id="2528"><net_src comp="160" pin="7"/><net_sink comp="2525" pin=0"/></net>

<net id="2533"><net_src comp="2525" pin="1"/><net_sink comp="2529" pin=0"/></net>

<net id="2534"><net_src comp="2521" pin="1"/><net_sink comp="2529" pin=1"/></net>

<net id="2538"><net_src comp="2529" pin="2"/><net_sink comp="2535" pin=0"/></net>

<net id="2546"><net_src comp="2539" pin="1"/><net_sink comp="2542" pin=0"/></net>

<net id="2547"><net_src comp="2535" pin="1"/><net_sink comp="2542" pin=1"/></net>

<net id="2551"><net_src comp="2542" pin="2"/><net_sink comp="2548" pin=0"/></net>

<net id="2559"><net_src comp="2552" pin="1"/><net_sink comp="2555" pin=0"/></net>

<net id="2560"><net_src comp="2548" pin="1"/><net_sink comp="2555" pin=1"/></net>

<net id="2564"><net_src comp="2561" pin="1"/><net_sink comp="530" pin=2"/></net>

<net id="2568"><net_src comp="569" pin="1"/><net_sink comp="2565" pin=0"/></net>

<net id="2572"><net_src comp="577" pin="1"/><net_sink comp="2569" pin=0"/></net>

<net id="2576"><net_src comp="160" pin="7"/><net_sink comp="2573" pin=0"/></net>

<net id="2581"><net_src comp="2565" pin="1"/><net_sink comp="2577" pin=0"/></net>

<net id="2582"><net_src comp="2573" pin="1"/><net_sink comp="2577" pin=1"/></net>

<net id="2586"><net_src comp="2577" pin="2"/><net_sink comp="2583" pin=0"/></net>

<net id="2591"><net_src comp="2583" pin="1"/><net_sink comp="2587" pin=0"/></net>

<net id="2592"><net_src comp="2569" pin="1"/><net_sink comp="2587" pin=1"/></net>

<net id="2596"><net_src comp="2593" pin="1"/><net_sink comp="538" pin=2"/></net>

<net id="2600"><net_src comp="2597" pin="1"/><net_sink comp="546" pin=2"/></net>

<net id="2605"><net_src comp="84" pin="0"/><net_sink comp="2601" pin=1"/></net>

<net id="2610"><net_src comp="84" pin="0"/><net_sink comp="2606" pin=1"/></net>

<net id="2615"><net_src comp="84" pin="0"/><net_sink comp="2611" pin=1"/></net>

<net id="2620"><net_src comp="84" pin="0"/><net_sink comp="2616" pin=1"/></net>

<net id="2625"><net_src comp="84" pin="0"/><net_sink comp="2621" pin=1"/></net>

<net id="2630"><net_src comp="84" pin="0"/><net_sink comp="2626" pin=1"/></net>

<net id="2635"><net_src comp="84" pin="0"/><net_sink comp="2631" pin=1"/></net>

<net id="2640"><net_src comp="585" pin="2"/><net_sink comp="2636" pin=0"/></net>

<net id="2641"><net_src comp="84" pin="0"/><net_sink comp="2636" pin=1"/></net>

<net id="2646"><net_src comp="559" pin="2"/><net_sink comp="2642" pin=0"/></net>

<net id="2647"><net_src comp="84" pin="0"/><net_sink comp="2642" pin=1"/></net>

<net id="2656"><net_src comp="2648" pin="2"/><net_sink comp="2652" pin=1"/></net>

<net id="2661"><net_src comp="2652" pin="2"/><net_sink comp="2657" pin=0"/></net>

<net id="2666"><net_src comp="2601" pin="2"/><net_sink comp="2662" pin=0"/></net>

<net id="2667"><net_src comp="2606" pin="2"/><net_sink comp="2662" pin=1"/></net>

<net id="2672"><net_src comp="2611" pin="2"/><net_sink comp="2668" pin=0"/></net>

<net id="2673"><net_src comp="2616" pin="2"/><net_sink comp="2668" pin=1"/></net>

<net id="2678"><net_src comp="2668" pin="2"/><net_sink comp="2674" pin=0"/></net>

<net id="2679"><net_src comp="2662" pin="2"/><net_sink comp="2674" pin=1"/></net>

<net id="2684"><net_src comp="2621" pin="2"/><net_sink comp="2680" pin=0"/></net>

<net id="2685"><net_src comp="2626" pin="2"/><net_sink comp="2680" pin=1"/></net>

<net id="2690"><net_src comp="2636" pin="2"/><net_sink comp="2686" pin=0"/></net>

<net id="2691"><net_src comp="2642" pin="2"/><net_sink comp="2686" pin=1"/></net>

<net id="2696"><net_src comp="2686" pin="2"/><net_sink comp="2692" pin=0"/></net>

<net id="2697"><net_src comp="2631" pin="2"/><net_sink comp="2692" pin=1"/></net>

<net id="2702"><net_src comp="2692" pin="2"/><net_sink comp="2698" pin=0"/></net>

<net id="2703"><net_src comp="2680" pin="2"/><net_sink comp="2698" pin=1"/></net>

<net id="2708"><net_src comp="2698" pin="2"/><net_sink comp="2704" pin=0"/></net>

<net id="2709"><net_src comp="2674" pin="2"/><net_sink comp="2704" pin=1"/></net>

<net id="2714"><net_src comp="2704" pin="2"/><net_sink comp="2710" pin=0"/></net>

<net id="2719"><net_src comp="2710" pin="2"/><net_sink comp="2715" pin=0"/></net>

<net id="2720"><net_src comp="2657" pin="2"/><net_sink comp="2715" pin=1"/></net>

<net id="2725"><net_src comp="2715" pin="2"/><net_sink comp="2721" pin=0"/></net>

<net id="2730"><net_src comp="2721" pin="2"/><net_sink comp="2726" pin=0"/></net>

<net id="2731"><net_src comp="84" pin="0"/><net_sink comp="2726" pin=1"/></net>

<net id="2735"><net_src comp="569" pin="1"/><net_sink comp="2732" pin=0"/></net>

<net id="2739"><net_src comp="160" pin="7"/><net_sink comp="2736" pin=0"/></net>

<net id="2744"><net_src comp="2736" pin="1"/><net_sink comp="2740" pin=0"/></net>

<net id="2745"><net_src comp="2732" pin="1"/><net_sink comp="2740" pin=1"/></net>

<net id="2749"><net_src comp="2740" pin="2"/><net_sink comp="2746" pin=0"/></net>

<net id="2757"><net_src comp="2750" pin="1"/><net_sink comp="2753" pin=0"/></net>

<net id="2758"><net_src comp="2746" pin="1"/><net_sink comp="2753" pin=1"/></net>

<net id="2763"><net_src comp="160" pin="7"/><net_sink comp="2759" pin=0"/></net>

<net id="2779"><net_src comp="160" pin="7"/><net_sink comp="2776" pin=0"/></net>

<net id="2784"><net_src comp="2773" pin="1"/><net_sink comp="2780" pin=0"/></net>

<net id="2785"><net_src comp="2767" pin="1"/><net_sink comp="2780" pin=1"/></net>

<net id="2790"><net_src comp="2770" pin="1"/><net_sink comp="2786" pin=0"/></net>

<net id="2791"><net_src comp="2776" pin="1"/><net_sink comp="2786" pin=1"/></net>

<net id="2795"><net_src comp="2786" pin="2"/><net_sink comp="2792" pin=0"/></net>

<net id="2800"><net_src comp="2792" pin="1"/><net_sink comp="2796" pin=0"/></net>

<net id="2801"><net_src comp="2780" pin="2"/><net_sink comp="2796" pin=1"/></net>

<net id="2809"><net_src comp="2802" pin="1"/><net_sink comp="2805" pin=0"/></net>

<net id="2810"><net_src comp="2796" pin="2"/><net_sink comp="2805" pin=1"/></net>

<net id="2818"><net_src comp="2811" pin="1"/><net_sink comp="2814" pin=0"/></net>

<net id="2819"><net_src comp="2805" pin="2"/><net_sink comp="2814" pin=1"/></net>

<net id="2823"><net_src comp="2814" pin="2"/><net_sink comp="2820" pin=0"/></net>

<net id="2827"><net_src comp="2814" pin="2"/><net_sink comp="2824" pin=0"/></net>

<net id="2832"><net_src comp="2824" pin="1"/><net_sink comp="2828" pin=0"/></net>

<net id="2833"><net_src comp="2764" pin="1"/><net_sink comp="2828" pin=1"/></net>

<net id="2838"><net_src comp="2820" pin="1"/><net_sink comp="2834" pin=0"/></net>

<net id="2844"><net_src comp="104" pin="0"/><net_sink comp="2839" pin=0"/></net>

<net id="2845"><net_src comp="2828" pin="2"/><net_sink comp="2839" pin=1"/></net>

<net id="2846"><net_src comp="106" pin="0"/><net_sink comp="2839" pin=2"/></net>

<net id="2850"><net_src comp="2839" pin="3"/><net_sink comp="2847" pin=0"/></net>

<net id="2856"><net_src comp="108" pin="0"/><net_sink comp="2851" pin=0"/></net>

<net id="2857"><net_src comp="2828" pin="2"/><net_sink comp="2851" pin=1"/></net>

<net id="2858"><net_src comp="110" pin="0"/><net_sink comp="2851" pin=2"/></net>

<net id="2862"><net_src comp="2851" pin="3"/><net_sink comp="2859" pin=0"/></net>

<net id="2866"><net_src comp="2859" pin="1"/><net_sink comp="2863" pin=0"/></net>

<net id="2871"><net_src comp="2847" pin="1"/><net_sink comp="2867" pin=0"/></net>

<net id="2872"><net_src comp="2863" pin="1"/><net_sink comp="2867" pin=1"/></net>

<net id="2880"><net_src comp="2867" pin="2"/><net_sink comp="2876" pin=0"/></net>

<net id="2881"><net_src comp="2873" pin="1"/><net_sink comp="2876" pin=1"/></net>

<net id="2887"><net_src comp="2876" pin="2"/><net_sink comp="2882" pin=0"/></net>

<net id="2888"><net_src comp="2814" pin="2"/><net_sink comp="2882" pin=1"/></net>

<net id="2889"><net_src comp="112" pin="0"/><net_sink comp="2882" pin=2"/></net>

<net id="2895"><net_src comp="2876" pin="2"/><net_sink comp="2890" pin=0"/></net>

<net id="2896"><net_src comp="2828" pin="2"/><net_sink comp="2890" pin=1"/></net>

<net id="2897"><net_src comp="114" pin="0"/><net_sink comp="2890" pin=2"/></net>

<net id="2906"><net_src comp="2759" pin="2"/><net_sink comp="2902" pin=0"/></net>

<net id="2907"><net_src comp="2834" pin="2"/><net_sink comp="2902" pin=1"/></net>

<net id="2912"><net_src comp="2902" pin="2"/><net_sink comp="2908" pin=0"/></net>

<net id="2913"><net_src comp="2898" pin="2"/><net_sink comp="2908" pin=1"/></net>

<net id="2919"><net_src comp="2908" pin="2"/><net_sink comp="2914" pin=0"/></net>

<net id="2920"><net_src comp="112" pin="0"/><net_sink comp="2914" pin=1"/></net>

<net id="2921"><net_src comp="2882" pin="3"/><net_sink comp="2914" pin=2"/></net>

<net id="2927"><net_src comp="2908" pin="2"/><net_sink comp="2922" pin=0"/></net>

<net id="2928"><net_src comp="114" pin="0"/><net_sink comp="2922" pin=1"/></net>

<net id="2929"><net_src comp="2890" pin="3"/><net_sink comp="2922" pin=2"/></net>

<net id="2934"><net_src comp="2908" pin="2"/><net_sink comp="2930" pin=0"/></net>

<net id="2935"><net_src comp="84" pin="0"/><net_sink comp="2930" pin=1"/></net>

<net id="2940"><net_src comp="2876" pin="2"/><net_sink comp="2936" pin=0"/></net>

<net id="2941"><net_src comp="2930" pin="2"/><net_sink comp="2936" pin=1"/></net>

<net id="2945"><net_src comp="2914" pin="3"/><net_sink comp="2942" pin=0"/></net>

<net id="2949"><net_src comp="2922" pin="3"/><net_sink comp="2946" pin=0"/></net>

<net id="2960"><net_src comp="116" pin="0"/><net_sink comp="2950" pin=0"/></net>

<net id="2961"><net_src comp="2936" pin="2"/><net_sink comp="2950" pin=1"/></net>

<net id="2962"><net_src comp="118" pin="0"/><net_sink comp="2950" pin=2"/></net>

<net id="2963"><net_src comp="110" pin="0"/><net_sink comp="2950" pin=4"/></net>

<net id="2964"><net_src comp="2946" pin="1"/><net_sink comp="2950" pin=6"/></net>

<net id="2965"><net_src comp="2942" pin="1"/><net_sink comp="2950" pin=7"/></net>

<net id="2966"><net_src comp="2950" pin="8"/><net_sink comp="146" pin=2"/></net>

<net id="2970"><net_src comp="122" pin="1"/><net_sink comp="2967" pin=0"/></net>

<net id="2971"><net_src comp="2967" pin="1"/><net_sink comp="625" pin=1"/></net>

<net id="2972"><net_src comp="2967" pin="1"/><net_sink comp="645" pin=0"/></net>

<net id="2973"><net_src comp="2967" pin="1"/><net_sink comp="957" pin=1"/></net>

<net id="2977"><net_src comp="126" pin="1"/><net_sink comp="2974" pin=0"/></net>

<net id="2978"><net_src comp="2974" pin="1"/><net_sink comp="620" pin=1"/></net>

<net id="2979"><net_src comp="2974" pin="1"/><net_sink comp="648" pin=0"/></net>

<net id="2980"><net_src comp="2974" pin="1"/><net_sink comp="739" pin=1"/></net>

<net id="2984"><net_src comp="130" pin="1"/><net_sink comp="2981" pin=0"/></net>

<net id="2985"><net_src comp="2981" pin="1"/><net_sink comp="615" pin=1"/></net>

<net id="2986"><net_src comp="2981" pin="1"/><net_sink comp="630" pin=0"/></net>

<net id="2987"><net_src comp="2981" pin="1"/><net_sink comp="734" pin=1"/></net>

<net id="2991"><net_src comp="134" pin="2"/><net_sink comp="2988" pin=0"/></net>

<net id="2992"><net_src comp="2988" pin="1"/><net_sink comp="2834" pin=1"/></net>

<net id="2996"><net_src comp="140" pin="2"/><net_sink comp="2993" pin=0"/></net>

<net id="2997"><net_src comp="2993" pin="1"/><net_sink comp="778" pin=1"/></net>

<net id="3001"><net_src comp="633" pin="2"/><net_sink comp="2998" pin=0"/></net>

<net id="3005"><net_src comp="657" pin="3"/><net_sink comp="3002" pin=0"/></net>

<net id="3006"><net_src comp="3002" pin="1"/><net_sink comp="775" pin=0"/></net>

<net id="3007"><net_src comp="3002" pin="1"/><net_sink comp="915" pin=0"/></net>

<net id="3008"><net_src comp="3002" pin="1"/><net_sink comp="962" pin=0"/></net>

<net id="3009"><net_src comp="3002" pin="1"/><net_sink comp="1044" pin=0"/></net>

<net id="3010"><net_src comp="3002" pin="1"/><net_sink comp="2950" pin=3"/></net>

<net id="3014"><net_src comp="677" pin="3"/><net_sink comp="3011" pin=0"/></net>

<net id="3015"><net_src comp="3011" pin="1"/><net_sink comp="1836" pin=1"/></net>

<net id="3016"><net_src comp="3011" pin="1"/><net_sink comp="1843" pin=1"/></net>

<net id="3020"><net_src comp="685" pin="3"/><net_sink comp="3017" pin=0"/></net>

<net id="3021"><net_src comp="3017" pin="1"/><net_sink comp="744" pin=0"/></net>

<net id="3022"><net_src comp="3017" pin="1"/><net_sink comp="1142" pin=0"/></net>

<net id="3023"><net_src comp="3017" pin="1"/><net_sink comp="1413" pin=0"/></net>

<net id="3024"><net_src comp="3017" pin="1"/><net_sink comp="2095" pin=0"/></net>

<net id="3025"><net_src comp="3017" pin="1"/><net_sink comp="2412" pin=0"/></net>

<net id="3026"><net_src comp="3017" pin="1"/><net_sink comp="2950" pin=5"/></net>

<net id="3030"><net_src comp="713" pin="2"/><net_sink comp="3027" pin=0"/></net>

<net id="3031"><net_src comp="3027" pin="1"/><net_sink comp="1711" pin=0"/></net>

<net id="3032"><net_src comp="3027" pin="1"/><net_sink comp="1762" pin=0"/></net>

<net id="3033"><net_src comp="3027" pin="1"/><net_sink comp="1786" pin=0"/></net>

<net id="3034"><net_src comp="3027" pin="1"/><net_sink comp="1809" pin=0"/></net>

<net id="3035"><net_src comp="3027" pin="1"/><net_sink comp="1818" pin=0"/></net>

<net id="3036"><net_src comp="3027" pin="1"/><net_sink comp="1827" pin=0"/></net>

<net id="3040"><net_src comp="719" pin="1"/><net_sink comp="3037" pin=0"/></net>

<net id="3041"><net_src comp="3037" pin="1"/><net_sink comp="906" pin=1"/></net>

<net id="3042"><net_src comp="3037" pin="1"/><net_sink comp="1273" pin=1"/></net>

<net id="3043"><net_src comp="3037" pin="1"/><net_sink comp="1544" pin=1"/></net>

<net id="3044"><net_src comp="3037" pin="1"/><net_sink comp="1981" pin=1"/></net>

<net id="3045"><net_src comp="3037" pin="1"/><net_sink comp="2239" pin=1"/></net>

<net id="3046"><net_src comp="3037" pin="1"/><net_sink comp="2443" pin=1"/></net>

<net id="3050"><net_src comp="153" pin="3"/><net_sink comp="3047" pin=0"/></net>

<net id="3051"><net_src comp="3047" pin="1"/><net_sink comp="160" pin=2"/></net>

<net id="3055"><net_src comp="769" pin="2"/><net_sink comp="3052" pin=0"/></net>

<net id="3056"><net_src comp="3052" pin="1"/><net_sink comp="856" pin=0"/></net>

<net id="3057"><net_src comp="3052" pin="1"/><net_sink comp="896" pin=0"/></net>

<net id="3058"><net_src comp="3052" pin="1"/><net_sink comp="906" pin=0"/></net>

<net id="3059"><net_src comp="3052" pin="1"/><net_sink comp="947" pin=0"/></net>

<net id="3060"><net_src comp="3052" pin="1"/><net_sink comp="994" pin=0"/></net>

<net id="3061"><net_src comp="3052" pin="1"/><net_sink comp="1076" pin=0"/></net>

<net id="3065"><net_src comp="775" pin="1"/><net_sink comp="3062" pin=0"/></net>

<net id="3066"><net_src comp="3062" pin="1"/><net_sink comp="826" pin=0"/></net>

<net id="3067"><net_src comp="3062" pin="1"/><net_sink comp="839" pin=0"/></net>

<net id="3068"><net_src comp="3062" pin="1"/><net_sink comp="866" pin=0"/></net>

<net id="3069"><net_src comp="3062" pin="1"/><net_sink comp="879" pin=0"/></net>

<net id="3070"><net_src comp="3062" pin="1"/><net_sink comp="926" pin=0"/></net>

<net id="3071"><net_src comp="3062" pin="1"/><net_sink comp="973" pin=0"/></net>

<net id="3072"><net_src comp="3062" pin="1"/><net_sink comp="1055" pin=0"/></net>

<net id="3076"><net_src comp="160" pin="7"/><net_sink comp="3073" pin=0"/></net>

<net id="3077"><net_src comp="3073" pin="1"/><net_sink comp="1004" pin=1"/></net>

<net id="3078"><net_src comp="3073" pin="1"/><net_sink comp="1008" pin=1"/></net>

<net id="3079"><net_src comp="3073" pin="1"/><net_sink comp="1012" pin=0"/></net>

<net id="3080"><net_src comp="3073" pin="1"/><net_sink comp="1022" pin=1"/></net>

<net id="3081"><net_src comp="3073" pin="1"/><net_sink comp="585" pin=0"/></net>

<net id="3082"><net_src comp="3073" pin="1"/><net_sink comp="1033" pin=1"/></net>

<net id="3083"><net_src comp="3073" pin="1"/><net_sink comp="590" pin=0"/></net>

<net id="3084"><net_src comp="3073" pin="1"/><net_sink comp="595" pin=1"/></net>

<net id="3085"><net_src comp="3073" pin="1"/><net_sink comp="600" pin=0"/></net>

<net id="3086"><net_src comp="3073" pin="1"/><net_sink comp="554" pin=1"/></net>

<net id="3087"><net_src comp="3073" pin="1"/><net_sink comp="559" pin=0"/></net>

<net id="3088"><net_src comp="3073" pin="1"/><net_sink comp="1225" pin=1"/></net>

<net id="3089"><net_src comp="3073" pin="1"/><net_sink comp="605" pin=0"/></net>

<net id="3090"><net_src comp="3073" pin="1"/><net_sink comp="564" pin=1"/></net>

<net id="3091"><net_src comp="3073" pin="1"/><net_sink comp="1282" pin=0"/></net>

<net id="3092"><net_src comp="3073" pin="1"/><net_sink comp="610" pin=1"/></net>

<net id="3093"><net_src comp="3073" pin="1"/><net_sink comp="1720" pin=1"/></net>

<net id="3094"><net_src comp="3073" pin="1"/><net_sink comp="2759" pin=1"/></net>

<net id="3098"><net_src comp="778" pin="2"/><net_sink comp="3095" pin=0"/></net>

<net id="3099"><net_src comp="3095" pin="1"/><net_sink comp="2898" pin=0"/></net>

<net id="3103"><net_src comp="811" pin="1"/><net_sink comp="3100" pin=0"/></net>

<net id="3104"><net_src comp="3100" pin="1"/><net_sink comp="1183" pin=1"/></net>

<net id="3105"><net_src comp="3100" pin="1"/><net_sink comp="1444" pin=1"/></net>

<net id="3106"><net_src comp="3100" pin="1"/><net_sink comp="1711" pin=1"/></net>

<net id="3107"><net_src comp="3100" pin="1"/><net_sink comp="1860" pin=1"/></net>

<net id="3108"><net_src comp="3100" pin="1"/><net_sink comp="2126" pin=1"/></net>

<net id="3109"><net_src comp="3100" pin="1"/><net_sink comp="2463" pin=1"/></net>

<net id="3113"><net_src comp="170" pin="3"/><net_sink comp="3110" pin=0"/></net>

<net id="3114"><net_src comp="3110" pin="1"/><net_sink comp="160" pin=2"/></net>

<net id="3118"><net_src comp="160" pin="7"/><net_sink comp="3115" pin=0"/></net>

<net id="3119"><net_src comp="3115" pin="1"/><net_sink comp="1004" pin=0"/></net>

<net id="3120"><net_src comp="3115" pin="1"/><net_sink comp="2767" pin=0"/></net>

<net id="3124"><net_src comp="852" pin="1"/><net_sink comp="3121" pin=0"/></net>

<net id="3125"><net_src comp="3121" pin="1"/><net_sink comp="1210" pin=1"/></net>

<net id="3126"><net_src comp="3121" pin="1"/><net_sink comp="1485" pin=1"/></net>

<net id="3127"><net_src comp="3121" pin="1"/><net_sink comp="1762" pin=1"/></net>

<net id="3128"><net_src comp="3121" pin="1"/><net_sink comp="1884" pin=1"/></net>

<net id="3129"><net_src comp="3121" pin="1"/><net_sink comp="2221" pin=1"/></net>

<net id="3130"><net_src comp="3121" pin="1"/><net_sink comp="2473" pin=1"/></net>

<net id="3134"><net_src comp="178" pin="3"/><net_sink comp="3131" pin=0"/></net>

<net id="3135"><net_src comp="3131" pin="1"/><net_sink comp="160" pin=2"/></net>

<net id="3139"><net_src comp="160" pin="7"/><net_sink comp="3136" pin=0"/></net>

<net id="3140"><net_src comp="3136" pin="1"/><net_sink comp="1008" pin=0"/></net>

<net id="3141"><net_src comp="3136" pin="1"/><net_sink comp="1012" pin=1"/></net>

<net id="3142"><net_src comp="3136" pin="1"/><net_sink comp="2770" pin=0"/></net>

<net id="3146"><net_src comp="892" pin="1"/><net_sink comp="3143" pin=0"/></net>

<net id="3147"><net_src comp="3143" pin="1"/><net_sink comp="1236" pin=1"/></net>

<net id="3148"><net_src comp="3143" pin="1"/><net_sink comp="1508" pin=1"/></net>

<net id="3149"><net_src comp="3143" pin="1"/><net_sink comp="1786" pin=1"/></net>

<net id="3150"><net_src comp="3143" pin="1"/><net_sink comp="1893" pin=1"/></net>

<net id="3151"><net_src comp="3143" pin="1"/><net_sink comp="2230" pin=1"/></net>

<net id="3152"><net_src comp="3143" pin="1"/><net_sink comp="2478" pin=1"/></net>

<net id="3156"><net_src comp="186" pin="3"/><net_sink comp="3153" pin=0"/></net>

<net id="3157"><net_src comp="3153" pin="1"/><net_sink comp="160" pin=2"/></net>

<net id="3161"><net_src comp="194" pin="3"/><net_sink comp="3158" pin=0"/></net>

<net id="3162"><net_src comp="3158" pin="1"/><net_sink comp="160" pin=2"/></net>

<net id="3166"><net_src comp="943" pin="1"/><net_sink comp="3163" pin=0"/></net>

<net id="3167"><net_src comp="3163" pin="1"/><net_sink comp="1359" pin=1"/></net>

<net id="3168"><net_src comp="3163" pin="1"/><net_sink comp="1553" pin=1"/></net>

<net id="3169"><net_src comp="3163" pin="1"/><net_sink comp="1809" pin=1"/></net>

<net id="3170"><net_src comp="3163" pin="1"/><net_sink comp="1990" pin=1"/></net>

<net id="3171"><net_src comp="3163" pin="1"/><net_sink comp="2262" pin=1"/></net>

<net id="3172"><net_src comp="3163" pin="1"/><net_sink comp="2448" pin=1"/></net>

<net id="3176"><net_src comp="202" pin="3"/><net_sink comp="3173" pin=0"/></net>

<net id="3177"><net_src comp="3173" pin="1"/><net_sink comp="160" pin=2"/></net>

<net id="3181"><net_src comp="990" pin="1"/><net_sink comp="3178" pin=0"/></net>

<net id="3182"><net_src comp="3178" pin="1"/><net_sink comp="1381" pin=1"/></net>

<net id="3183"><net_src comp="3178" pin="1"/><net_sink comp="1671" pin=1"/></net>

<net id="3184"><net_src comp="3178" pin="1"/><net_sink comp="1818" pin=1"/></net>

<net id="3185"><net_src comp="3178" pin="1"/><net_sink comp="2077" pin=1"/></net>

<net id="3186"><net_src comp="3178" pin="1"/><net_sink comp="2366" pin=1"/></net>

<net id="3187"><net_src comp="3178" pin="1"/><net_sink comp="2453" pin=1"/></net>

<net id="3191"><net_src comp="210" pin="3"/><net_sink comp="3188" pin=0"/></net>

<net id="3192"><net_src comp="3188" pin="1"/><net_sink comp="160" pin=2"/></net>

<net id="3196"><net_src comp="600" pin="2"/><net_sink comp="3193" pin=0"/></net>

<net id="3197"><net_src comp="3193" pin="1"/><net_sink comp="1173" pin=0"/></net>

<net id="3201"><net_src comp="554" pin="2"/><net_sink comp="3198" pin=0"/></net>

<net id="3202"><net_src comp="3198" pin="1"/><net_sink comp="1193" pin=1"/></net>

<net id="3206"><net_src comp="559" pin="2"/><net_sink comp="3203" pin=0"/></net>

<net id="3207"><net_src comp="3203" pin="1"/><net_sink comp="1178" pin=0"/></net>

<net id="3211"><net_src comp="1072" pin="1"/><net_sink comp="3208" pin=0"/></net>

<net id="3212"><net_src comp="3208" pin="1"/><net_sink comp="1390" pin=1"/></net>

<net id="3213"><net_src comp="3208" pin="1"/><net_sink comp="1702" pin=1"/></net>

<net id="3214"><net_src comp="3208" pin="1"/><net_sink comp="1827" pin=1"/></net>

<net id="3215"><net_src comp="3208" pin="1"/><net_sink comp="2086" pin=1"/></net>

<net id="3216"><net_src comp="3208" pin="1"/><net_sink comp="2389" pin=1"/></net>

<net id="3217"><net_src comp="3208" pin="1"/><net_sink comp="2458" pin=1"/></net>

<net id="3221"><net_src comp="218" pin="3"/><net_sink comp="3218" pin=0"/></net>

<net id="3222"><net_src comp="3218" pin="1"/><net_sink comp="160" pin=2"/></net>

<net id="3226"><net_src comp="1122" pin="2"/><net_sink comp="3223" pin=0"/></net>

<net id="3227"><net_src comp="3223" pin="1"/><net_sink comp="1268" pin=1"/></net>

<net id="3231"><net_src comp="1136" pin="2"/><net_sink comp="3228" pin=0"/></net>

<net id="3232"><net_src comp="3228" pin="1"/><net_sink comp="1314" pin=0"/></net>

<net id="3236"><net_src comp="1167" pin="2"/><net_sink comp="3233" pin=0"/></net>

<net id="3237"><net_src comp="3233" pin="1"/><net_sink comp="1210" pin=0"/></net>

<net id="3238"><net_src comp="3233" pin="1"/><net_sink comp="1236" pin=0"/></net>

<net id="3239"><net_src comp="3233" pin="1"/><net_sink comp="1273" pin=0"/></net>

<net id="3240"><net_src comp="3233" pin="1"/><net_sink comp="1359" pin=0"/></net>

<net id="3241"><net_src comp="3233" pin="1"/><net_sink comp="1381" pin=0"/></net>

<net id="3242"><net_src comp="3233" pin="1"/><net_sink comp="1390" pin=0"/></net>

<net id="3246"><net_src comp="226" pin="3"/><net_sink comp="3243" pin=0"/></net>

<net id="3247"><net_src comp="3243" pin="1"/><net_sink comp="160" pin=2"/></net>

<net id="3251"><net_src comp="1204" pin="2"/><net_sink comp="3248" pin=0"/></net>

<net id="3252"><net_src comp="3248" pin="1"/><net_sink comp="1263" pin=1"/></net>

<net id="3256"><net_src comp="234" pin="3"/><net_sink comp="3253" pin=0"/></net>

<net id="3257"><net_src comp="3253" pin="1"/><net_sink comp="160" pin=2"/></net>

<net id="3261"><net_src comp="160" pin="7"/><net_sink comp="3258" pin=0"/></net>

<net id="3262"><net_src comp="3258" pin="1"/><net_sink comp="1297" pin=0"/></net>

<net id="3266"><net_src comp="242" pin="3"/><net_sink comp="3263" pin=0"/></net>

<net id="3267"><net_src comp="3263" pin="1"/><net_sink comp="160" pin=2"/></net>

<net id="3271"><net_src comp="1268" pin="2"/><net_sink comp="3268" pin=0"/></net>

<net id="3272"><net_src comp="3268" pin="1"/><net_sink comp="1602" pin=1"/></net>

<net id="3276"><net_src comp="250" pin="3"/><net_sink comp="3273" pin=0"/></net>

<net id="3277"><net_src comp="3273" pin="1"/><net_sink comp="160" pin=2"/></net>

<net id="3281"><net_src comp="564" pin="2"/><net_sink comp="3278" pin=0"/></net>

<net id="3282"><net_src comp="3278" pin="1"/><net_sink comp="1459" pin=1"/></net>

<net id="3286"><net_src comp="1282" pin="1"/><net_sink comp="3283" pin=0"/></net>

<net id="3287"><net_src comp="3283" pin="1"/><net_sink comp="1615" pin=1"/></net>

<net id="3291"><net_src comp="1353" pin="2"/><net_sink comp="3288" pin=0"/></net>

<net id="3292"><net_src comp="3288" pin="1"/><net_sink comp="1372" pin=0"/></net>

<net id="3296"><net_src comp="258" pin="3"/><net_sink comp="3293" pin=0"/></net>

<net id="3297"><net_src comp="3293" pin="1"/><net_sink comp="160" pin=2"/></net>

<net id="3301"><net_src comp="564" pin="2"/><net_sink comp="3298" pin=0"/></net>

<net id="3302"><net_src comp="3298" pin="1"/><net_sink comp="1459" pin=0"/></net>

<net id="3306"><net_src comp="1375" pin="2"/><net_sink comp="3303" pin=0"/></net>

<net id="3307"><net_src comp="3303" pin="1"/><net_sink comp="1627" pin=1"/></net>

<net id="3311"><net_src comp="266" pin="3"/><net_sink comp="3308" pin=0"/></net>

<net id="3312"><net_src comp="3308" pin="1"/><net_sink comp="160" pin=2"/></net>

<net id="3316"><net_src comp="274" pin="3"/><net_sink comp="3313" pin=0"/></net>

<net id="3317"><net_src comp="3313" pin="1"/><net_sink comp="160" pin=2"/></net>

<net id="3321"><net_src comp="554" pin="2"/><net_sink comp="3318" pin=0"/></net>

<net id="3322"><net_src comp="3318" pin="1"/><net_sink comp="1469" pin=1"/></net>

<net id="3326"><net_src comp="559" pin="2"/><net_sink comp="3323" pin=0"/></net>

<net id="3327"><net_src comp="3323" pin="1"/><net_sink comp="1454" pin=0"/></net>

<net id="3331"><net_src comp="610" pin="2"/><net_sink comp="3328" pin=0"/></net>

<net id="3332"><net_src comp="3328" pin="1"/><net_sink comp="1474" pin=1"/></net>

<net id="3336"><net_src comp="1407" pin="2"/><net_sink comp="3333" pin=0"/></net>

<net id="3337"><net_src comp="3333" pin="1"/><net_sink comp="1624" pin=0"/></net>

<net id="3341"><net_src comp="1438" pin="2"/><net_sink comp="3338" pin=0"/></net>

<net id="3342"><net_src comp="3338" pin="1"/><net_sink comp="1485" pin=0"/></net>

<net id="3343"><net_src comp="3338" pin="1"/><net_sink comp="1508" pin=0"/></net>

<net id="3344"><net_src comp="3338" pin="1"/><net_sink comp="1544" pin=0"/></net>

<net id="3345"><net_src comp="3338" pin="1"/><net_sink comp="1553" pin=0"/></net>

<net id="3346"><net_src comp="3338" pin="1"/><net_sink comp="1671" pin=0"/></net>

<net id="3347"><net_src comp="3338" pin="1"/><net_sink comp="1702" pin=0"/></net>

<net id="3351"><net_src comp="282" pin="3"/><net_sink comp="3348" pin=0"/></net>

<net id="3352"><net_src comp="3348" pin="1"/><net_sink comp="160" pin=2"/></net>

<net id="3356"><net_src comp="1479" pin="2"/><net_sink comp="3353" pin=0"/></net>

<net id="3357"><net_src comp="3353" pin="1"/><net_sink comp="1597" pin=1"/></net>

<net id="3361"><net_src comp="290" pin="3"/><net_sink comp="3358" pin=0"/></net>

<net id="3362"><net_src comp="3358" pin="1"/><net_sink comp="160" pin=2"/></net>

<net id="3366"><net_src comp="590" pin="2"/><net_sink comp="3363" pin=0"/></net>

<net id="3367"><net_src comp="3363" pin="1"/><net_sink comp="1517" pin=0"/></net>

<net id="3371"><net_src comp="554" pin="2"/><net_sink comp="3368" pin=0"/></net>

<net id="3372"><net_src comp="3368" pin="1"/><net_sink comp="1527" pin=1"/></net>

<net id="3376"><net_src comp="559" pin="2"/><net_sink comp="3373" pin=0"/></net>

<net id="3377"><net_src comp="3373" pin="1"/><net_sink comp="1522" pin=0"/></net>

<net id="3381"><net_src comp="1502" pin="2"/><net_sink comp="3378" pin=0"/></net>

<net id="3382"><net_src comp="3378" pin="1"/><net_sink comp="1632" pin=0"/></net>

<net id="3386"><net_src comp="298" pin="3"/><net_sink comp="3383" pin=0"/></net>

<net id="3387"><net_src comp="3383" pin="1"/><net_sink comp="160" pin=2"/></net>

<net id="3391"><net_src comp="1538" pin="2"/><net_sink comp="3388" pin=0"/></net>

<net id="3392"><net_src comp="3388" pin="1"/><net_sink comp="1592" pin=1"/></net>

<net id="3396"><net_src comp="306" pin="3"/><net_sink comp="3393" pin=0"/></net>

<net id="3397"><net_src comp="3393" pin="1"/><net_sink comp="160" pin=2"/></net>

<net id="3401"><net_src comp="314" pin="3"/><net_sink comp="3398" pin=0"/></net>

<net id="3402"><net_src comp="3398" pin="1"/><net_sink comp="160" pin=2"/></net>

<net id="3406"><net_src comp="1602" pin="2"/><net_sink comp="3403" pin=0"/></net>

<net id="3407"><net_src comp="3403" pin="1"/><net_sink comp="2721" pin=1"/></net>

<net id="3411"><net_src comp="1611" pin="1"/><net_sink comp="3408" pin=0"/></net>

<net id="3412"><net_src comp="3408" pin="1"/><net_sink comp="1687" pin=0"/></net>

<net id="3416"><net_src comp="1615" pin="2"/><net_sink comp="3413" pin=0"/></net>

<net id="3417"><net_src comp="3413" pin="1"/><net_sink comp="1684" pin=0"/></net>

<net id="3421"><net_src comp="1665" pin="2"/><net_sink comp="3418" pin=0"/></net>

<net id="3422"><net_src comp="3418" pin="1"/><net_sink comp="1737" pin=0"/></net>

<net id="3426"><net_src comp="322" pin="3"/><net_sink comp="3423" pin=0"/></net>

<net id="3427"><net_src comp="3423" pin="1"/><net_sink comp="160" pin=2"/></net>

<net id="3431"><net_src comp="1696" pin="2"/><net_sink comp="3428" pin=0"/></net>

<net id="3432"><net_src comp="3428" pin="1"/><net_sink comp="2023" pin=0"/></net>

<net id="3436"><net_src comp="330" pin="3"/><net_sink comp="3433" pin=0"/></net>

<net id="3437"><net_src comp="3433" pin="1"/><net_sink comp="160" pin=2"/></net>

<net id="3441"><net_src comp="338" pin="3"/><net_sink comp="3438" pin=0"/></net>

<net id="3442"><net_src comp="3438" pin="1"/><net_sink comp="160" pin=2"/></net>

<net id="3446"><net_src comp="610" pin="2"/><net_sink comp="3443" pin=0"/></net>

<net id="3447"><net_src comp="3443" pin="1"/><net_sink comp="1771" pin=1"/></net>

<net id="3451"><net_src comp="1720" pin="2"/><net_sink comp="3448" pin=0"/></net>

<net id="3452"><net_src comp="3448" pin="1"/><net_sink comp="1771" pin=0"/></net>

<net id="3456"><net_src comp="564" pin="2"/><net_sink comp="3453" pin=0"/></net>

<net id="3457"><net_src comp="3453" pin="1"/><net_sink comp="1775" pin=1"/></net>

<net id="3461"><net_src comp="1756" pin="2"/><net_sink comp="3458" pin=0"/></net>

<net id="3462"><net_src comp="3458" pin="1"/><net_sink comp="2164" pin=1"/></net>

<net id="3466"><net_src comp="346" pin="3"/><net_sink comp="3463" pin=0"/></net>

<net id="3467"><net_src comp="3463" pin="1"/><net_sink comp="160" pin=2"/></net>

<net id="3471"><net_src comp="1780" pin="2"/><net_sink comp="3468" pin=0"/></net>

<net id="3472"><net_src comp="3468" pin="1"/><net_sink comp="2657" pin=1"/></net>

<net id="3476"><net_src comp="354" pin="3"/><net_sink comp="3473" pin=0"/></net>

<net id="3477"><net_src comp="3473" pin="1"/><net_sink comp="160" pin=2"/></net>

<net id="3481"><net_src comp="564" pin="2"/><net_sink comp="3478" pin=0"/></net>

<net id="3482"><net_src comp="3478" pin="1"/><net_sink comp="2648" pin=1"/></net>

<net id="3486"><net_src comp="1803" pin="2"/><net_sink comp="3483" pin=0"/></net>

<net id="3487"><net_src comp="3483" pin="1"/><net_sink comp="2058" pin=0"/></net>

<net id="3491"><net_src comp="362" pin="3"/><net_sink comp="3488" pin=0"/></net>

<net id="3492"><net_src comp="3488" pin="1"/><net_sink comp="160" pin=2"/></net>

<net id="3496"><net_src comp="370" pin="3"/><net_sink comp="3493" pin=0"/></net>

<net id="3497"><net_src comp="3493" pin="1"/><net_sink comp="160" pin=2"/></net>

<net id="3501"><net_src comp="378" pin="3"/><net_sink comp="3498" pin=0"/></net>

<net id="3502"><net_src comp="3498" pin="1"/><net_sink comp="160" pin=2"/></net>

<net id="3506"><net_src comp="1854" pin="2"/><net_sink comp="3503" pin=0"/></net>

<net id="3507"><net_src comp="3503" pin="1"/><net_sink comp="1884" pin=0"/></net>

<net id="3508"><net_src comp="3503" pin="1"/><net_sink comp="1893" pin=0"/></net>

<net id="3509"><net_src comp="3503" pin="1"/><net_sink comp="1981" pin=0"/></net>

<net id="3510"><net_src comp="3503" pin="1"/><net_sink comp="1990" pin=0"/></net>

<net id="3511"><net_src comp="3503" pin="1"/><net_sink comp="2077" pin=0"/></net>

<net id="3512"><net_src comp="3503" pin="1"/><net_sink comp="2086" pin=0"/></net>

<net id="3516"><net_src comp="386" pin="3"/><net_sink comp="3513" pin=0"/></net>

<net id="3517"><net_src comp="3513" pin="1"/><net_sink comp="160" pin=2"/></net>

<net id="3521"><net_src comp="605" pin="2"/><net_sink comp="3518" pin=0"/></net>

<net id="3522"><net_src comp="3518" pin="1"/><net_sink comp="1908" pin=0"/></net>

<net id="3526"><net_src comp="559" pin="2"/><net_sink comp="3523" pin=0"/></net>

<net id="3527"><net_src comp="3523" pin="1"/><net_sink comp="1913" pin=0"/></net>

<net id="3531"><net_src comp="1878" pin="2"/><net_sink comp="3528" pin=0"/></net>

<net id="3532"><net_src comp="3528" pin="1"/><net_sink comp="1962" pin=0"/></net>

<net id="3536"><net_src comp="394" pin="3"/><net_sink comp="3533" pin=0"/></net>

<net id="3537"><net_src comp="3533" pin="1"/><net_sink comp="160" pin=2"/></net>

<net id="3541"><net_src comp="402" pin="3"/><net_sink comp="3538" pin=0"/></net>

<net id="3542"><net_src comp="3538" pin="1"/><net_sink comp="160" pin=2"/></net>

<net id="3546"><net_src comp="1948" pin="2"/><net_sink comp="3543" pin=0"/></net>

<net id="3547"><net_src comp="3543" pin="1"/><net_sink comp="2652" pin=0"/></net>

<net id="3551"><net_src comp="1975" pin="2"/><net_sink comp="3548" pin=0"/></net>

<net id="3552"><net_src comp="3548" pin="1"/><net_sink comp="2169" pin=0"/></net>

<net id="3556"><net_src comp="410" pin="3"/><net_sink comp="3553" pin=0"/></net>

<net id="3557"><net_src comp="3553" pin="1"/><net_sink comp="160" pin=2"/></net>

<net id="3561"><net_src comp="418" pin="3"/><net_sink comp="3558" pin=0"/></net>

<net id="3562"><net_src comp="3558" pin="1"/><net_sink comp="160" pin=2"/></net>

<net id="3566"><net_src comp="605" pin="2"/><net_sink comp="3563" pin=0"/></net>

<net id="3567"><net_src comp="3563" pin="1"/><net_sink comp="2271" pin=0"/></net>

<net id="3571"><net_src comp="559" pin="2"/><net_sink comp="3568" pin=0"/></net>

<net id="3572"><net_src comp="3568" pin="1"/><net_sink comp="2276" pin=0"/></net>

<net id="3576"><net_src comp="610" pin="2"/><net_sink comp="3573" pin=0"/></net>

<net id="3577"><net_src comp="3573" pin="1"/><net_sink comp="2648" pin=0"/></net>

<net id="3581"><net_src comp="2032" pin="2"/><net_sink comp="3578" pin=0"/></net>

<net id="3582"><net_src comp="3578" pin="1"/><net_sink comp="2172" pin=0"/></net>

<net id="3586"><net_src comp="2052" pin="2"/><net_sink comp="3583" pin=0"/></net>

<net id="3587"><net_src comp="3583" pin="1"/><net_sink comp="2136" pin=0"/></net>

<net id="3591"><net_src comp="2071" pin="2"/><net_sink comp="3588" pin=0"/></net>

<net id="3592"><net_src comp="3588" pin="1"/><net_sink comp="2161" pin=0"/></net>

<net id="3596"><net_src comp="426" pin="3"/><net_sink comp="3593" pin=0"/></net>

<net id="3597"><net_src comp="3593" pin="1"/><net_sink comp="160" pin=2"/></net>

<net id="3601"><net_src comp="434" pin="3"/><net_sink comp="3598" pin=0"/></net>

<net id="3602"><net_src comp="3598" pin="1"/><net_sink comp="160" pin=2"/></net>

<net id="3606"><net_src comp="2120" pin="2"/><net_sink comp="3603" pin=0"/></net>

<net id="3607"><net_src comp="3603" pin="1"/><net_sink comp="2221" pin=0"/></net>

<net id="3608"><net_src comp="3603" pin="1"/><net_sink comp="2230" pin=0"/></net>

<net id="3609"><net_src comp="3603" pin="1"/><net_sink comp="2239" pin=0"/></net>

<net id="3610"><net_src comp="3603" pin="1"/><net_sink comp="2262" pin=0"/></net>

<net id="3611"><net_src comp="3603" pin="1"/><net_sink comp="2366" pin=0"/></net>

<net id="3612"><net_src comp="3603" pin="1"/><net_sink comp="2389" pin=0"/></net>

<net id="3616"><net_src comp="442" pin="3"/><net_sink comp="3613" pin=0"/></net>

<net id="3617"><net_src comp="3613" pin="1"/><net_sink comp="160" pin=2"/></net>

<net id="3621"><net_src comp="590" pin="2"/><net_sink comp="3618" pin=0"/></net>

<net id="3622"><net_src comp="3618" pin="1"/><net_sink comp="2281" pin=0"/></net>

<net id="3626"><net_src comp="600" pin="2"/><net_sink comp="3623" pin=0"/></net>

<net id="3627"><net_src comp="3623" pin="1"/><net_sink comp="2286" pin=0"/></net>

<net id="3631"><net_src comp="559" pin="2"/><net_sink comp="3628" pin=0"/></net>

<net id="3632"><net_src comp="3628" pin="1"/><net_sink comp="2291" pin=0"/></net>

<net id="3636"><net_src comp="2147" pin="2"/><net_sink comp="3633" pin=0"/></net>

<net id="3637"><net_src comp="3633" pin="1"/><net_sink comp="2764" pin=0"/></net>

<net id="3638"><net_src comp="3633" pin="1"/><net_sink comp="2873" pin=0"/></net>

<net id="3642"><net_src comp="2215" pin="2"/><net_sink comp="3639" pin=0"/></net>

<net id="3643"><net_src comp="3639" pin="1"/><net_sink comp="2773" pin=0"/></net>

<net id="3647"><net_src comp="450" pin="3"/><net_sink comp="3644" pin=0"/></net>

<net id="3648"><net_src comp="3644" pin="1"/><net_sink comp="160" pin=2"/></net>

<net id="3652"><net_src comp="458" pin="3"/><net_sink comp="3649" pin=0"/></net>

<net id="3653"><net_src comp="3649" pin="1"/><net_sink comp="160" pin=2"/></net>

<net id="3657"><net_src comp="466" pin="3"/><net_sink comp="3654" pin=0"/></net>

<net id="3658"><net_src comp="3654" pin="1"/><net_sink comp="160" pin=2"/></net>

<net id="3662"><net_src comp="600" pin="2"/><net_sink comp="3659" pin=0"/></net>

<net id="3663"><net_src comp="3659" pin="1"/><net_sink comp="2302" pin=0"/></net>

<net id="3667"><net_src comp="559" pin="2"/><net_sink comp="3664" pin=0"/></net>

<net id="3668"><net_src comp="3664" pin="1"/><net_sink comp="2307" pin=0"/></net>

<net id="3672"><net_src comp="2256" pin="2"/><net_sink comp="3669" pin=0"/></net>

<net id="3673"><net_src comp="3669" pin="1"/><net_sink comp="2539" pin=0"/></net>

<net id="3677"><net_src comp="474" pin="3"/><net_sink comp="3674" pin=0"/></net>

<net id="3678"><net_src comp="3674" pin="1"/><net_sink comp="160" pin=2"/></net>

<net id="3682"><net_src comp="2360" pin="2"/><net_sink comp="3679" pin=0"/></net>

<net id="3683"><net_src comp="3679" pin="1"/><net_sink comp="2710" pin=1"/></net>

<net id="3687"><net_src comp="482" pin="3"/><net_sink comp="3684" pin=0"/></net>

<net id="3688"><net_src comp="3684" pin="1"/><net_sink comp="160" pin=2"/></net>

<net id="3692"><net_src comp="559" pin="2"/><net_sink comp="3689" pin=0"/></net>

<net id="3693"><net_src comp="3689" pin="1"/><net_sink comp="2601" pin=0"/></net>

<net id="3697"><net_src comp="2383" pin="2"/><net_sink comp="3694" pin=0"/></net>

<net id="3698"><net_src comp="3694" pin="1"/><net_sink comp="2487" pin=0"/></net>

<net id="3702"><net_src comp="490" pin="3"/><net_sink comp="3699" pin=0"/></net>

<net id="3703"><net_src comp="3699" pin="1"/><net_sink comp="160" pin=2"/></net>

<net id="3707"><net_src comp="559" pin="2"/><net_sink comp="3704" pin=0"/></net>

<net id="3708"><net_src comp="3704" pin="1"/><net_sink comp="2606" pin=0"/></net>

<net id="3712"><net_src comp="2406" pin="2"/><net_sink comp="3709" pin=0"/></net>

<net id="3713"><net_src comp="3709" pin="1"/><net_sink comp="2490" pin=0"/></net>

<net id="3717"><net_src comp="2443" pin="2"/><net_sink comp="3714" pin=0"/></net>

<net id="3718"><net_src comp="3714" pin="1"/><net_sink comp="2517" pin=0"/></net>

<net id="3722"><net_src comp="2448" pin="2"/><net_sink comp="3719" pin=0"/></net>

<net id="3723"><net_src comp="3719" pin="1"/><net_sink comp="2561" pin=0"/></net>

<net id="3727"><net_src comp="2453" pin="2"/><net_sink comp="3724" pin=0"/></net>

<net id="3728"><net_src comp="3724" pin="1"/><net_sink comp="2593" pin=0"/></net>

<net id="3732"><net_src comp="2458" pin="2"/><net_sink comp="3729" pin=0"/></net>

<net id="3733"><net_src comp="3729" pin="1"/><net_sink comp="2597" pin=0"/></net>

<net id="3737"><net_src comp="498" pin="3"/><net_sink comp="3734" pin=0"/></net>

<net id="3738"><net_src comp="3734" pin="1"/><net_sink comp="160" pin=2"/></net>

<net id="3742"><net_src comp="2473" pin="2"/><net_sink comp="3739" pin=0"/></net>

<net id="3743"><net_src comp="3739" pin="1"/><net_sink comp="2509" pin=0"/></net>

<net id="3747"><net_src comp="2478" pin="2"/><net_sink comp="3744" pin=0"/></net>

<net id="3748"><net_src comp="3744" pin="1"/><net_sink comp="2513" pin=0"/></net>

<net id="3752"><net_src comp="559" pin="2"/><net_sink comp="3749" pin=0"/></net>

<net id="3753"><net_src comp="3749" pin="1"/><net_sink comp="2611" pin=0"/></net>

<net id="3757"><net_src comp="2503" pin="2"/><net_sink comp="3754" pin=0"/></net>

<net id="3758"><net_src comp="3754" pin="1"/><net_sink comp="2552" pin=0"/></net>

<net id="3762"><net_src comp="506" pin="3"/><net_sink comp="3759" pin=0"/></net>

<net id="3763"><net_src comp="3759" pin="1"/><net_sink comp="160" pin=2"/></net>

<net id="3767"><net_src comp="514" pin="3"/><net_sink comp="3764" pin=0"/></net>

<net id="3768"><net_src comp="3764" pin="1"/><net_sink comp="160" pin=2"/></net>

<net id="3772"><net_src comp="522" pin="3"/><net_sink comp="3769" pin=0"/></net>

<net id="3773"><net_src comp="3769" pin="1"/><net_sink comp="160" pin=2"/></net>

<net id="3777"><net_src comp="559" pin="2"/><net_sink comp="3774" pin=0"/></net>

<net id="3778"><net_src comp="3774" pin="1"/><net_sink comp="2626" pin=0"/></net>

<net id="3782"><net_src comp="2555" pin="2"/><net_sink comp="3779" pin=0"/></net>

<net id="3783"><net_src comp="3779" pin="1"/><net_sink comp="2811" pin=0"/></net>

<net id="3787"><net_src comp="530" pin="3"/><net_sink comp="3784" pin=0"/></net>

<net id="3788"><net_src comp="3784" pin="1"/><net_sink comp="160" pin=2"/></net>

<net id="3792"><net_src comp="585" pin="2"/><net_sink comp="3789" pin=0"/></net>

<net id="3793"><net_src comp="3789" pin="1"/><net_sink comp="2616" pin=0"/></net>

<net id="3797"><net_src comp="600" pin="2"/><net_sink comp="3794" pin=0"/></net>

<net id="3798"><net_src comp="3794" pin="1"/><net_sink comp="2621" pin=0"/></net>

<net id="3802"><net_src comp="559" pin="2"/><net_sink comp="3799" pin=0"/></net>

<net id="3803"><net_src comp="3799" pin="1"/><net_sink comp="2631" pin=0"/></net>

<net id="3807"><net_src comp="2587" pin="2"/><net_sink comp="3804" pin=0"/></net>

<net id="3808"><net_src comp="3804" pin="1"/><net_sink comp="2750" pin=0"/></net>

<net id="3812"><net_src comp="538" pin="3"/><net_sink comp="3809" pin=0"/></net>

<net id="3813"><net_src comp="3809" pin="1"/><net_sink comp="160" pin=2"/></net>

<net id="3817"><net_src comp="546" pin="3"/><net_sink comp="3814" pin=0"/></net>

<net id="3818"><net_src comp="3814" pin="1"/><net_sink comp="160" pin=2"/></net>

<net id="3822"><net_src comp="2726" pin="2"/><net_sink comp="3819" pin=0"/></net>

<net id="3823"><net_src comp="3819" pin="1"/><net_sink comp="2898" pin=1"/></net>

<net id="3827"><net_src comp="2753" pin="2"/><net_sink comp="3824" pin=0"/></net>

<net id="3828"><net_src comp="3824" pin="1"/><net_sink comp="2802" pin=0"/></net>

</net_list>

</model> 
---------------- Datapath Model END ------------------

* FSMD analyzer results:
  - Output states:
	Port: towers | {}
	Port: jet_cluster_stream | {50 }
 - Input state : 
	Port: produce_jet_cluster_stream : towers | {1 2 3 4 5 6 7 8 9 10 11 12 13 14 15 16 17 18 19 20 21 22 23 24 25 26 27 28 29 30 31 32 33 34 35 36 37 38 39 40 41 42 43 44 45 46 47 48 49 50 }
	Port: produce_jet_cluster_stream : seed_threshold | {1 }
	Port: produce_jet_cluster_stream : cluster_threshold | {1 }
  - Chain level:
	State 1
		store_ln0 : 1
		store_ln375 : 1
		store_ln184 : 1
		indvar_flatten_load : 1
		icmp_ln375 : 2
		add_ln375_1 : 2
		br_ln375 : 3
		phi_idx_3_load : 1
		eta_load : 1
		icmp_ln376 : 2
		select_ln375 : 3
		add_ln375 : 2
		add_ln375_2 : 2
		select_ln375_1 : 3
		select_ln375_2 : 3
		p_shl1 : 4
		tmp : 4
		zext_ln389 : 5
		sub_ln389 : 6
		zext_ln389_1 : 4
		add_ln389 : 7
		zext_ln389_2 : 8
		towers_addr : 9
		seed_et : 10
		store_ln375 : 3
		store_ln375 : 4
	State 2
		p_shl2 : 1
		tmp_1 : 1
		zext_ln216 : 2
		sub_ln216 : 3
		icmp_ln391 : 1
		add_ln213 : 1
		tmp_7 : 2
		add_ln161 : 1
		phi_idx : 3
		zext_ln216_12 : 4
		add_ln216_6 : 5
		zext_ln216_13 : 6
		towers_addr_1 : 7
		neighbor : 8
	State 3
		tmp_8 : 1
		phi_idx_7 : 2
		zext_ln216_14 : 3
		add_ln216_7 : 4
		zext_ln216_15 : 5
		towers_addr_2 : 6
		neighbor_1 : 7
	State 4
		tmp_9 : 1
		phi_idx_8 : 2
		zext_ln216_16 : 3
		add_ln216_8 : 4
		zext_ln216_17 : 5
		towers_addr_3 : 6
		neighbor_2 : 7
	State 5
		zext_ln216_6 : 1
		towers_addr_4 : 2
		neighbor_3 : 3
	State 6
		icmp_ln162 : 1
		zext_ln162 : 1
		phi_idx_9 : 2
		sext_ln216 : 3
		add_ln216_9 : 4
		zext_ln216_18 : 5
		towers_addr_5 : 6
		neighbor_4 : 7
		store_ln184 : 1
	State 7
		icmp_ln162_1 : 1
		zext_ln162_1 : 1
		phi_idx_10 : 2
		sext_ln216_1 : 3
		add_ln216_16 : 4
		zext_ln216_25 : 5
		towers_addr_6 : 6
		neighbor_5 : 7
	State 8
		xor_ln218_1 : 1
		xor_ln218_2 : 1
		xor_ln218_3 : 1
		icmp_ln220_4 : 1
		icmp_ln218_4 : 1
		icmp_ln162_2 : 1
		zext_ln162_2 : 1
		phi_idx_11 : 2
		sext_ln216_2 : 3
		add_ln216_23 : 4
		zext_ln216_32 : 5
		towers_addr_7 : 6
		neighbor_6 : 7
		and_ln218 : 1
		and_ln218_1 : 1
		and_ln218_2 : 1
		and_ln218_3 : 1
		and_ln218_4 : 1
		and_ln218_5 : 1
		and_ln218_6 : 1
		zext_ln184_2 : 1
		add_ln187_9 : 2
	State 9
		p_shl3 : 1
		tmp_2 : 1
		zext_ln216_1 : 2
		sub_ln216_1 : 3
		icmp_ln220_5 : 1
		add_ln216_30 : 4
		zext_ln216_39 : 5
		towers_addr_8 : 6
		neighbor_7 : 7
		and_ln218_8 : 2
		and_ln218_9 : 2
	State 10
		zext_ln216_45 : 1
		towers_addr_9 : 2
		neighbor_8 : 3
	State 11
		xor_ln218_6 : 1
		xor_ln218_7 : 1
		zext_ln216_51 : 1
		towers_addr_10 : 2
		neighbor_9 : 3
		and_ln218_10 : 1
		icmp_ln218_35 : 1
		and_ln218_11 : 2
		and_ln218_12 : 2
		and_ln218_13 : 2
		and_ln218_14 : 2
	State 12
		zext_ln216_7 : 1
		towers_addr_11 : 2
		neighbor_10 : 3
		icmp_ln218_36 : 1
		zext_ln395_6 : 1
		sum7_et : 1
		zext_ln187_9 : 2
		sum7_et_7 : 3
		zext_ln187_10 : 4
		add_ln187_11 : 5
		add_ln187_12 : 2
		zext_ln187_17 : 3
		add_ln187_13 : 4
		zext_ln187_18 : 5
		sum7_et_8 : 6
	State 13
		zext_ln216_19 : 1
		towers_addr_12 : 2
		neighbor_11 : 3
		icmp_ln218_37 : 1
		zext_ln395_7 : 1
		add_ln187_15 : 2
	State 14
		zext_ln216_26 : 1
		towers_addr_13 : 2
		neighbor_12 : 3
	State 15
		zext_ln216_33 : 1
		towers_addr_14 : 2
		icmp_ln220_7 : 1
		icmp_ln218_7 : 1
		neighbor_13 : 3
		zext_ln395_9 : 1
		add_ln187_16 : 2
	State 16
		p_shl4 : 1
		tmp_3 : 1
		zext_ln216_2 : 2
		sub_ln216_2 : 3
		add_ln216_31 : 4
		zext_ln216_40 : 5
		towers_addr_15 : 6
		icmp_ln220_8 : 1
		neighbor_14 : 7
		and_ln218_16 : 2
		and_ln218_17 : 2
		and_ln218_18 : 2
		and_ln218_19 : 2
	State 17
		zext_ln216_46 : 1
		towers_addr_16 : 2
		icmp_ln220_9 : 1
		icmp_ln218_9 : 1
		neighbor_15 : 3
		zext_ln395_11 : 1
		add_ln187_18 : 2
	State 18
		zext_ln216_52 : 1
		towers_addr_17 : 2
		icmp_ln220_10 : 1
		neighbor_16 : 3
		and_ln218_21 : 2
		and_ln218_22 : 2
	State 19
		zext_ln216_8 : 1
		towers_addr_18 : 2
		neighbor_17 : 3
	State 20
		zext_ln216_20 : 1
		towers_addr_19 : 2
		xor_ln218_11 : 1
		xor_ln218_12 : 1
		neighbor_18 : 3
		and_ln218_24 : 1
		icmp_ln218_39 : 1
		and_ln218_25 : 2
		and_ln218_26 : 2
		and_ln218_27 : 2
		and_ln218_28 : 2
		and_ln218_29 : 2
		zext_ln394 : 1
		core3_et : 1
		add_ln187_17 : 1
		add_ln187_19 : 2
		zext_ln187_21 : 3
		add_ln187_20 : 4
		zext_ln187_22 : 5
		add_ln187_21 : 6
		zext_ln187_23 : 7
		sum7_et_9 : 8
	State 21
		zext_ln216_27 : 1
		towers_addr_20 : 2
		neighbor_19 : 3
		zext_ln183 : 1
		add_ln187_1 : 2
		zext_ln187_3 : 3
		core3_et_1 : 4
	State 22
		zext_ln216_34 : 1
		towers_addr_21 : 2
		neighbor_20 : 3
	State 23
		zext_ln216_41 : 1
		towers_addr_22 : 2
		neighbor_21 : 3
		icmp_ln218_42 : 1
		zext_ln183_1 : 1
		add_ln187_23 : 1
		add_ln187_24 : 2
		zext_ln187_24 : 3
		add_ln187_25 : 4
	State 24
		zext_ln216_47 : 1
		towers_addr_23 : 2
		neighbor_22 : 3
		icmp_ln218_43 : 1
		and_ln218_31 : 2
		and_ln218_32 : 2
	State 25
		zext_ln216_53 : 1
		towers_addr_24 : 2
		neighbor_23 : 3
		icmp_ln218_44 : 1
		zext_ln395_15 : 1
		add_ln187_26 : 2
	State 26
		zext_ln216_21 : 1
		towers_addr_25 : 2
		neighbor_24 : 3
	State 27
		zext_ln216_28 : 1
		towers_addr_26 : 2
		neighbor_25 : 3
	State 28
		zext_ln216_35 : 1
		towers_addr_27 : 2
		neighbor_26 : 3
	State 29
		zext_ln216_3 : 1
		sub_ln216_3 : 2
		add_ln216_33 : 3
		zext_ln216_42 : 4
		towers_addr_28 : 5
		icmp_ln218_14 : 1
		neighbor_27 : 6
		zext_ln395_17 : 1
		add_ln187_30 : 2
	State 30
		zext_ln216_48 : 1
		towers_addr_29 : 2
		neighbor_28 : 3
	State 31
		zext_ln216_54 : 1
		towers_addr_30 : 2
		xor_ln218_13 : 1
		xor_ln218_16 : 1
		icmp_ln218_16 : 1
		xor_ln218_17 : 2
		neighbor_29 : 3
		and_ln218_34 : 1
		and_ln218_35 : 2
		and_ln218_36 : 2
		and_ln218_37 : 2
		zext_ln395_19 : 1
		add_ln187_31 : 2
		zext_ln187_29 : 3
		add_ln187_32 : 4
	State 32
		zext_ln216_9 : 1
		towers_addr_31 : 2
		neighbor_30 : 3
	State 33
		zext_ln216_22 : 1
		towers_addr_32 : 2
		icmp_ln218_18 : 1
		neighbor_31 : 3
		zext_ln187_1 : 1
		add_ln187_3 : 1
		add_ln187_4 : 2
		zext_ln187_5 : 3
		add_ln187_5 : 4
		zext_ln187_6 : 5
		core3_et_2 : 6
		add_ln187_27 : 1
		zext_ln187_26 : 2
		add_ln187_28 : 3
	State 34
		zext_ln216_29 : 1
		towers_addr_33 : 2
		neighbor_32 : 3
	State 35
		zext_ln216_36 : 1
		towers_addr_34 : 2
		neighbor_33 : 3
	State 36
		p_shl6 : 1
		tmp_5 : 1
		zext_ln216_4 : 2
		sub_ln216_4 : 3
		add_ln216_34 : 4
		zext_ln216_43 : 5
		towers_addr_35 : 6
		icmp_ln218_21 : 1
		neighbor_34 : 7
		core3_et_3 : 1
		zext_ln395_21 : 1
		add_ln187_29 : 1
		add_ln187_33 : 2
		zext_ln187_32 : 3
		add_ln187_34 : 4
		zext_ln187_33 : 5
		add_ln187_35 : 6
		zext_ln187_34 : 7
		add_ln187_36 : 8
		zext_ln187_35 : 9
		sum7_et_10 : 10
	State 37
		zext_ln216_49 : 1
		towers_addr_36 : 2
		neighbor_35 : 3
	State 38
		zext_ln216_55 : 1
		towers_addr_37 : 2
		neighbor_36 : 3
	State 39
		zext_ln216_10 : 1
		towers_addr_38 : 2
		icmp_ln218_24 : 1
		neighbor_37 : 3
		zext_ln395_24 : 1
		add_ln187_47 : 2
	State 40
		zext_ln216_23 : 1
		towers_addr_39 : 2
		xor_ln218_23 : 1
		icmp_ln218_25 : 1
		xor_ln218_26 : 2
		neighbor_38 : 3
		and_ln218_43 : 1
		and_ln218_44 : 2
		and_ln218_45 : 2
		and_ln218_46 : 2
		and_ln218_47 : 2
	State 41
		zext_ln216_30 : 1
		towers_addr_40 : 2
		icmp_ln218_26 : 1
		neighbor_39 : 3
		zext_ln395_26 : 1
		add_ln187_49 : 2
	State 42
		zext_ln216_37 : 1
		towers_addr_41 : 2
		icmp_ln218_27 : 1
		neighbor_40 : 3
		zext_ln395_27 : 1
		add_ln187_50 : 2
	State 43
		p_shl7 : 1
		tmp_6 : 1
		zext_ln216_5 : 2
		sub_ln216_5 : 3
		add_ln216_5 : 4
		add_ln216_15 : 4
		add_ln216_22 : 4
		add_ln216_29 : 4
		add_ln216_35 : 4
		zext_ln216_44 : 5
		towers_addr_42 : 6
		add_ln216_41 : 4
		add_ln216_47 : 4
		icmp_ln218_28 : 1
		neighbor_41 : 7
		zext_ln395_28 : 1
		add_ln187_51 : 2
		zext_ln187_47 : 3
		add_ln187_52 : 4
	State 44
		towers_addr_43 : 1
		neighbor_42 : 2
	State 45
		towers_addr_44 : 1
		neighbor_43 : 2
	State 46
		towers_addr_45 : 1
		icmp_ln218_31 : 1
		neighbor_44 : 2
		zext_ln395_31 : 1
		add_ln187_46 : 2
		zext_ln187_42 : 3
		add_ln187_48 : 4
		zext_ln187_44 : 5
		add_ln187_53 : 6
	State 47
		towers_addr_46 : 1
		icmp_ln218_32 : 1
		neighbor_45 : 2
		zext_ln395_32 : 1
		add_ln187_42 : 2
		zext_ln187_39 : 3
		add_ln187_43 : 4
	State 48
		towers_addr_47 : 1
		neighbor_46 : 2
	State 49
		towers_addr_48 : 1
		xor_ln218_34 : 1
		icmp_ln218_34 : 1
		xor_ln218_35 : 2
		and_ln218_52 : 2
		and_ln218_53 : 2
		and_ln218_54 : 2
		and_ln218_55 : 2
		and_ln218_56 : 2
		and_ln218_57 : 2
		and_ln218_23 : 2
		neighbor_47 : 2
		xor_ln218 : 2
		zext_ln187_15 : 1
		add_ln187_41 : 2
		zext_ln187_38 : 3
		add_ln187_44 : 4
	State 50
		icmp_ln218_46 : 1
		zext_ln187_36 : 1
		add_ln187_38 : 1
		add_ln187_39 : 2
		zext_ln187_37 : 3
		add_ln187_40 : 4
		add_ln187_45 : 5
		sum7_et_11 : 6
		zext_ln395_33 : 7
		zext_ln395_34 : 7
		ring7_et : 8
		icmp_ln398 : 8
		tmp_10 : 9
		sext_ln274 : 10
		tmp_11 : 9
		sext_ln274_1 : 10
		zext_ln274 : 11
		ring_lhs : 12
		icmp_ln277 : 13
		select_ln398 : 14
		select_ln398_1 : 14
		or_ln398_1 : 9
		or_ln398_2 : 9
		candidate_et : 15
		candidate_isolation_et : 15
		not_sel_tmp1 : 9
		candidate_valid : 14
		zext_ln379 : 16
		sext_ln411 : 16
		or_ln411_s : 17
		write_ln411 : 18


============================================================
+ Verbose Summary: Datapath Resource usage 
============================================================

* Functional unit list:
|----------|------------------------------------|---------|---------|
| Operation|           Functional Unit          |    FF   |   LUT   |
|----------|------------------------------------|---------|---------|
|          |         add_ln375_1_fu_639         |    0    |    18   |
|          |          add_ln375_fu_665          |    0    |    12   |
|          |         add_ln375_2_fu_671         |    0    |    12   |
|          |          add_ln389_fu_723          |    0    |    18   |
|          |            empty_fu_744            |    0    |    12   |
|          |          add_ln213_fu_783          |    0    |    13   |
|          |          add_ln161_fu_797          |    0    |    14   |
|          |         add_ln216_6_fu_815         |    0    |    18   |
|          |         add_ln213_3_fu_826         |    0    |    13   |
|          |         add_ln161_1_fu_839         |    0    |    14   |
|          |         add_ln216_7_fu_856         |    0    |    18   |
|          |         add_ln213_4_fu_866         |    0    |    13   |
|          |         add_ln161_2_fu_879         |    0    |    14   |
|          |         add_ln216_8_fu_896         |    0    |    18   |
|          |          add_ln216_fu_906          |    0    |    18   |
|          |             phi_fu_915             |    0    |    13   |
|          |          add_ln163_fu_926          |    0    |    14   |
|          |         add_ln216_9_fu_947         |    0    |    18   |
|          |         add_ln213_1_fu_962         |    0    |    13   |
|          |         add_ln163_1_fu_973         |    0    |    14   |
|          |         add_ln216_16_fu_994        |    0    |    18   |
|          |         add_ln213_2_fu_1044        |    0    |    13   |
|          |         add_ln163_2_fu_1055        |    0    |    14   |
|          |        add_ln216_23_fu_1076        |    0    |    18   |
|          |         add_ln187_9_fu_1136        |    0    |    19   |
|          |          empty_98_fu_1142          |    0    |    12   |
|          |        add_ln216_30_fu_1183        |    0    |    18   |
|          |        add_ln216_36_fu_1210        |    0    |    18   |
|          |        add_ln216_42_fu_1236        |    0    |    18   |
|          |         add_ln216_1_fu_1273        |    0    |    18   |
|          |           sum7_et_fu_1304          |    0    |    19   |
|          |          sum7_et_7_fu_1317         |    0    |    20   |
|          |        add_ln187_11_fu_1327        |    0    |    16   |
|          |        add_ln187_12_fu_1333        |    0    |    19   |
|          |        add_ln187_13_fu_1343        |    0    |    20   |
|          |          sum7_et_8_fu_1353         |    0    |    16   |
|          |        add_ln216_10_fu_1359        |    0    |    18   |
|          |        add_ln187_15_fu_1375        |    0    |    22   |
|          |        add_ln216_17_fu_1381        |    0    |    18   |
|          |        add_ln216_24_fu_1390        |    0    |    18   |
|          |        add_ln187_16_fu_1407        |    0    |    19   |
|          |          empty_99_fu_1413          |    0    |    12   |
|          |        add_ln216_31_fu_1444        |    0    |    18   |
|          |        add_ln216_37_fu_1485        |    0    |    18   |
|          |        add_ln187_18_fu_1502        |    0    |    19   |
|          |        add_ln216_43_fu_1508        |    0    |    18   |
|          |         add_ln216_2_fu_1544        |    0    |    18   |
|          |        add_ln216_11_fu_1553        |    0    |    18   |
|          |          core3_et_fu_1615          |    0    |    19   |
|          |        add_ln187_17_fu_1627        |    0    |    16   |
|          |        add_ln187_19_fu_1635        |    0    |    19   |
|          |        add_ln187_20_fu_1645        |    0    |    20   |
|          |        add_ln187_21_fu_1655        |    0    |    21   |
|          |          sum7_et_9_fu_1665         |    0    |    16   |
|          |        add_ln216_18_fu_1671        |    0    |    18   |
|          |         add_ln187_1_fu_1687        |    0    |    19   |
|          |         core3_et_1_fu_1696         |    0    |    20   |
|          |        add_ln216_25_fu_1702        |    0    |    18   |
|          |        add_ln216_32_fu_1711        |    0    |    18   |
|          |        add_ln187_23_fu_1740        |    0    |    16   |
|          |        add_ln187_24_fu_1746        |    0    |    19   |
|    add   |        add_ln187_25_fu_1756        |    0    |    17   |
|          |        add_ln216_38_fu_1762        |    0    |    18   |
|          |        add_ln216_44_fu_1786        |    0    |    18   |
|          |        add_ln187_26_fu_1803        |    0    |    19   |
|          |        add_ln216_12_fu_1809        |    0    |    18   |
|          |        add_ln216_19_fu_1818        |    0    |    18   |
|          |        add_ln216_26_fu_1827        |    0    |    18   |
|          |        add_ln216_33_fu_1860        |    0    |    18   |
|          |        add_ln187_30_fu_1878        |    0    |    19   |
|          |        add_ln216_39_fu_1884        |    0    |    18   |
|          |        add_ln216_45_fu_1893        |    0    |    18   |
|          |        add_ln187_31_fu_1965        |    0    |    19   |
|          |        add_ln187_32_fu_1975        |    0    |    20   |
|          |         add_ln216_3_fu_1981        |    0    |    18   |
|          |        add_ln216_13_fu_1990        |    0    |    18   |
|          |         add_ln187_3_fu_2026        |    0    |    16   |
|          |         add_ln187_4_fu_2032        |    0    |    19   |
|          |         add_ln187_5_fu_2042        |    0    |    20   |
|          |         core3_et_2_fu_2052         |    0    |    16   |
|          |        add_ln187_27_fu_2061        |    0    |    19   |
|          |        add_ln187_28_fu_2071        |    0    |    20   |
|          |        add_ln216_20_fu_2077        |    0    |    18   |
|          |        add_ln216_27_fu_2086        |    0    |    18   |
|          |          empty_100_fu_2095         |    0    |    12   |
|          |        add_ln216_34_fu_2126        |    0    |    18   |
|          |         core3_et_3_fu_2147         |    0    |    22   |
|          |        add_ln187_29_fu_2164        |    0    |    17   |
|          |        add_ln187_33_fu_2175        |    0    |    19   |
|          |        add_ln187_34_fu_2185        |    0    |    20   |
|          |        add_ln187_35_fu_2195        |    0    |    21   |
|          |        add_ln187_36_fu_2205        |    0    |    22   |
|          |         sum7_et_10_fu_2215         |    0    |    17   |
|          |        add_ln216_40_fu_2221        |    0    |    18   |
|          |        add_ln216_46_fu_2230        |    0    |    18   |
|          |         add_ln216_4_fu_2239        |    0    |    18   |
|          |        add_ln187_47_fu_2256        |    0    |    19   |
|          |        add_ln216_14_fu_2262        |    0    |    18   |
|          |        add_ln216_21_fu_2366        |    0    |    18   |
|          |        add_ln187_49_fu_2383        |    0    |    19   |
|          |        add_ln216_28_fu_2389        |    0    |    18   |
|          |        add_ln187_50_fu_2406        |    0    |    19   |
|          |          empty_101_fu_2412         |    0    |    12   |
|          |         add_ln216_5_fu_2443        |    0    |    18   |
|          |        add_ln216_15_fu_2448        |    0    |    18   |
|          |        add_ln216_22_fu_2453        |    0    |    18   |
|          |        add_ln216_29_fu_2458        |    0    |    18   |
|          |        add_ln216_35_fu_2463        |    0    |    18   |
|          |        add_ln216_41_fu_2473        |    0    |    18   |
|          |        add_ln216_47_fu_2478        |    0    |    18   |
|          |        add_ln187_51_fu_2493        |    0    |    20   |
|          |        add_ln187_52_fu_2503        |    0    |    21   |
|          |        add_ln187_46_fu_2529        |    0    |    19   |
|          |        add_ln187_48_fu_2542        |    0    |    20   |
|          |        add_ln187_53_fu_2555        |    0    |    22   |
|          |        add_ln187_42_fu_2577        |    0    |    19   |
|          |        add_ln187_43_fu_2587        |    0    |    20   |
|          |        add_ln187_41_fu_2740        |    0    |    19   |
|          |        add_ln187_44_fu_2753        |    0    |    21   |
|          |        add_ln187_38_fu_2780        |    0    |    17   |
|          |        add_ln187_39_fu_2786        |    0    |    19   |
|          |        add_ln187_40_fu_2796        |    0    |    18   |
|          |        add_ln187_45_fu_2805        |    0    |    18   |
|          |         sum7_et_11_fu_2814         |    0    |    18   |
|----------|------------------------------------|---------|---------|
|          |             grp_fu_554             |    0    |    19   |
|          |             grp_fu_559             |    0    |    19   |
|          |             grp_fu_564             |    0    |    19   |
|          |             grp_fu_585             |    0    |    19   |
|          |             grp_fu_590             |    0    |    19   |
|          |             grp_fu_595             |    0    |    19   |
|          |             grp_fu_600             |    0    |    19   |
|          |             grp_fu_605             |    0    |    19   |
|          |             grp_fu_610             |    0    |    19   |
|          |          icmp_ln375_fu_633         |    0    |    18   |
|          |          icmp_ln376_fu_651         |    0    |    13   |
|          |          icmp_ln391_fu_778         |    0    |    19   |
|   icmp   |          icmp_ln162_fu_920         |    0    |    13   |
|          |         icmp_ln162_1_fu_967        |    0    |    13   |
|          |           is_max_fu_1004           |    0    |    19   |
|          |         icmp_ln220_fu_1008         |    0    |    19   |
|          |         icmp_ln218_fu_1012         |    0    |    19   |
|          |        icmp_ln220_1_fu_1022        |    0    |    19   |
|          |        icmp_ln220_2_fu_1033        |    0    |    19   |
|          |        icmp_ln162_2_fu_1049        |    0    |    13   |
|          |        icmp_ln220_6_fu_1225        |    0    |    19   |
|          |        icmp_ln218_41_fu_1720       |    0    |    19   |
|          |        icmp_ln218_46_fu_2759       |    0    |    19   |
|          |         icmp_ln398_fu_2834         |    0    |    27   |
|          |         icmp_ln277_fu_2876         |    0    |    30   |
|----------|------------------------------------|---------|---------|
|          |          sub_ln389_fu_713          |    0    |    18   |
|          |          sub_ln216_fu_769          |    0    |    18   |
|          |         sub_ln216_1_fu_1167        |    0    |    18   |
|          |         sub_ln216_2_fu_1438        |    0    |    18   |
|    sub   |         sub_ln216_3_fu_1854        |    0    |    18   |
|          |         sub_ln216_4_fu_2120        |    0    |    18   |
|          |         sub_ln216_5_fu_2437        |    0    |    18   |
|          |          ring7_et_fu_2828          |    0    |    25   |
|          |          ring_lhs_fu_2867          |    0    |    29   |
|----------|------------------------------------|---------|---------|
|          |         select_ln375_fu_657        |    0    |    6    |
|          |        select_ln375_1_fu_677       |    0    |    5    |
|          |        select_ln375_2_fu_685       |    0    |    5    |
|          |           phi_idx_fu_803           |    0    |    7    |
|          |          phi_idx_7_fu_844          |    0    |    7    |
|          |          phi_idx_8_fu_884          |    0    |    7    |
|  select  |          phi_idx_9_fu_935          |    0    |    7    |
|          |          phi_idx_10_fu_982         |    0    |    7    |
|          |         phi_idx_11_fu_1064         |    0    |    7    |
|          |        select_ln398_fu_2882        |    0    |    18   |
|          |       select_ln398_1_fu_2890       |    0    |    19   |
|          |        candidate_et_fu_2914        |    0    |    18   |
|          |   candidate_isolation_et_fu_2922   |    0    |    19   |
|----------|------------------------------------|---------|---------|
|          |          and_ln218_fu_1086         |    0    |    2    |
|          |         and_ln218_1_fu_1092        |    0    |    2    |
|          |         and_ln218_2_fu_1098        |    0    |    2    |
|          |         and_ln218_3_fu_1104        |    0    |    2    |
|          |         and_ln218_4_fu_1110        |    0    |    2    |
|          |         and_ln218_5_fu_1116        |    0    |    2    |
|          |         and_ln218_6_fu_1122        |    0    |    2    |
|          |         and_ln218_7_fu_1193        |    0    |    2    |
|          |         and_ln218_8_fu_1198        |    0    |    2    |
|          |         and_ln218_9_fu_1204        |    0    |    2    |
|          |        and_ln218_10_fu_1245        |    0    |    2    |
|          |        and_ln218_11_fu_1251        |    0    |    2    |
|          |        and_ln218_12_fu_1257        |    0    |    2    |
|          |        and_ln218_13_fu_1263        |    0    |    2    |
|          |        and_ln218_14_fu_1268        |    0    |    2    |
|          |        and_ln218_15_fu_1459        |    0    |    2    |
|          |        and_ln218_16_fu_1463        |    0    |    2    |
|          |        and_ln218_17_fu_1469        |    0    |    2    |
|          |        and_ln218_18_fu_1474        |    0    |    2    |
|          |        and_ln218_19_fu_1479        |    0    |    2    |
|          |        and_ln218_20_fu_1527        |    0    |    2    |
|          |        and_ln218_21_fu_1532        |    0    |    2    |
|          |        and_ln218_22_fu_1538        |    0    |    2    |
|          |        and_ln218_24_fu_1574        |    0    |    2    |
|          |        and_ln218_25_fu_1580        |    0    |    2    |
|          |        and_ln218_26_fu_1586        |    0    |    2    |
|          |        and_ln218_27_fu_1592        |    0    |    2    |
|          |        and_ln218_28_fu_1597        |    0    |    2    |
|          |        and_ln218_29_fu_1602        |    0    |    2    |
|    and   |        and_ln218_30_fu_1771        |    0    |    2    |
|          |        and_ln218_31_fu_1775        |    0    |    2    |
|          |        and_ln218_32_fu_1780        |    0    |    2    |
|          |        and_ln218_34_fu_1930        |    0    |    2    |
|          |        and_ln218_35_fu_1936        |    0    |    2    |
|          |        and_ln218_36_fu_1942        |    0    |    2    |
|          |        and_ln218_37_fu_1948        |    0    |    2    |
|          |        and_ln218_40_fu_2318        |    0    |    2    |
|          |        and_ln218_41_fu_2324        |    0    |    2    |
|          |        and_ln218_42_fu_2330        |    0    |    2    |
|          |        and_ln218_43_fu_2336        |    0    |    2    |
|          |        and_ln218_44_fu_2342        |    0    |    2    |
|          |        and_ln218_45_fu_2348        |    0    |    2    |
|          |        and_ln218_46_fu_2354        |    0    |    2    |
|          |        and_ln218_47_fu_2360        |    0    |    2    |
|          |        and_ln218_33_fu_2648        |    0    |    2    |
|          |        and_ln218_38_fu_2652        |    0    |    2    |
|          |        and_ln218_39_fu_2657        |    0    |    2    |
|          |        and_ln218_48_fu_2662        |    0    |    2    |
|          |        and_ln218_49_fu_2668        |    0    |    2    |
|          |        and_ln218_50_fu_2674        |    0    |    2    |
|          |        and_ln218_51_fu_2680        |    0    |    2    |
|          |        and_ln218_52_fu_2686        |    0    |    2    |
|          |        and_ln218_53_fu_2692        |    0    |    2    |
|          |        and_ln218_54_fu_2698        |    0    |    2    |
|          |        and_ln218_55_fu_2704        |    0    |    2    |
|          |        and_ln218_56_fu_2710        |    0    |    2    |
|          |        and_ln218_57_fu_2715        |    0    |    2    |
|          |        and_ln218_23_fu_2721        |    0    |    2    |
|          |       candidate_valid_fu_2936      |    0    |    2    |
|----------|------------------------------------|---------|---------|
|          |         xor_ln218_1_fu_1016        |    0    |    2    |
|          |         xor_ln218_2_fu_1027        |    0    |    2    |
|          |         xor_ln218_3_fu_1038        |    0    |    2    |
|          |         xor_ln218_4_fu_1173        |    0    |    2    |
|          |         xor_ln218_5_fu_1178        |    0    |    2    |
|          |         xor_ln218_6_fu_1219        |    0    |    2    |
|          |         xor_ln218_7_fu_1230        |    0    |    2    |
|          |         xor_ln218_8_fu_1454        |    0    |    2    |
|          |         xor_ln218_9_fu_1517        |    0    |    2    |
|          |        xor_ln218_10_fu_1522        |    0    |    2    |
|          |        xor_ln218_11_fu_1562        |    0    |    2    |
|          |        xor_ln218_12_fu_1568        |    0    |    2    |
|          |        xor_ln218_13_fu_1902        |    0    |    2    |
|          |        xor_ln218_14_fu_1908        |    0    |    2    |
|          |        xor_ln218_15_fu_1913        |    0    |    2    |
|          |        xor_ln218_16_fu_1918        |    0    |    2    |
|          |        xor_ln218_17_fu_1924        |    0    |    2    |
|          |        xor_ln218_18_fu_2271        |    0    |    2    |
|    xor   |        xor_ln218_19_fu_2276        |    0    |    2    |
|          |        xor_ln218_20_fu_2281        |    0    |    2    |
|          |        xor_ln218_21_fu_2286        |    0    |    2    |
|          |        xor_ln218_22_fu_2291        |    0    |    2    |
|          |        xor_ln218_23_fu_2296        |    0    |    2    |
|          |        xor_ln218_24_fu_2302        |    0    |    2    |
|          |        xor_ln218_25_fu_2307        |    0    |    2    |
|          |        xor_ln218_26_fu_2312        |    0    |    2    |
|          |        xor_ln218_27_fu_2601        |    0    |    2    |
|          |        xor_ln218_28_fu_2606        |    0    |    2    |
|          |        xor_ln218_29_fu_2611        |    0    |    2    |
|          |        xor_ln218_30_fu_2616        |    0    |    2    |
|          |        xor_ln218_31_fu_2621        |    0    |    2    |
|          |        xor_ln218_32_fu_2626        |    0    |    2    |
|          |        xor_ln218_33_fu_2631        |    0    |    2    |
|          |        xor_ln218_34_fu_2636        |    0    |    2    |
|          |        xor_ln218_35_fu_2642        |    0    |    2    |
|          |          xor_ln218_fu_2726         |    0    |    2    |
|          |        not_sel_tmp1_fu_2930        |    0    |    2    |
|----------|------------------------------------|---------|---------|
|          |          or_ln398_fu_2898          |    0    |    2    |
|    or    |         or_ln398_1_fu_2902         |    0    |    2    |
|          |         or_ln398_2_fu_2908         |    0    |    2    |
|----------|------------------------------------|---------|---------|
|   read   | cluster_threshold_read_read_fu_134 |    0    |    0    |
|          |   seed_threshold_read_read_fu_140  |    0    |    0    |
|----------|------------------------------------|---------|---------|
|   write  |      write_ln411_write_fu_146      |    0    |    0    |
|----------|------------------------------------|---------|---------|
|          |            p_shl1_fu_693           |    0    |    0    |
|          |             tmp_fu_701             |    0    |    0    |
|          |            p_shl2_fu_749           |    0    |    0    |
|          |            tmp_1_fu_757            |    0    |    0    |
|          |           p_shl3_fu_1147           |    0    |    0    |
|          |            tmp_2_fu_1155           |    0    |    0    |
|          |           p_shl4_fu_1418           |    0    |    0    |
|          |            tmp_3_fu_1426           |    0    |    0    |
|bitconcatenate|           p_shl5_fu_1836           |    0    |    0    |
|          |            tmp_4_fu_1843           |    0    |    0    |
|          |           p_shl6_fu_2100           |    0    |    0    |
|          |            tmp_5_fu_2108           |    0    |    0    |
|          |           p_shl7_fu_2417           |    0    |    0    |
|          |            tmp_6_fu_2425           |    0    |    0    |
|          |           tmp_10_fu_2839           |    0    |    0    |
|          |           tmp_11_fu_2851           |    0    |    0    |
|          |         or_ln411_s_fu_2950         |    0    |    0    |
|----------|------------------------------------|---------|---------|
|          |          zext_ln389_fu_709         |    0    |    0    |
|          |         zext_ln389_1_fu_719        |    0    |    0    |
|          |         zext_ln389_2_fu_729        |    0    |    0    |
|          |          zext_ln216_fu_765         |    0    |    0    |
|          |          zext_ln376_fu_775         |    0    |    0    |
|          |        zext_ln216_12_fu_811        |    0    |    0    |
|          |        zext_ln216_13_fu_821        |    0    |    0    |
|          |        zext_ln216_14_fu_852        |    0    |    0    |
|          |        zext_ln216_15_fu_861        |    0    |    0    |
|          |        zext_ln216_16_fu_892        |    0    |    0    |
|          |        zext_ln216_17_fu_901        |    0    |    0    |
|          |         zext_ln216_6_fu_910        |    0    |    0    |
|          |          zext_ln162_fu_931         |    0    |    0    |
|          |        zext_ln216_18_fu_952        |    0    |    0    |
|          |         zext_ln162_1_fu_978        |    0    |    0    |
|          |        zext_ln216_25_fu_999        |    0    |    0    |
|          |        zext_ln162_2_fu_1060        |    0    |    0    |
|          |        zext_ln216_32_fu_1081       |    0    |    0    |
|          |        zext_ln184_1_fu_1128        |    0    |    0    |
|          |        zext_ln184_2_fu_1132        |    0    |    0    |
|          |        zext_ln216_1_fu_1163        |    0    |    0    |
|          |        zext_ln216_39_fu_1188       |    0    |    0    |
|          |        zext_ln216_45_fu_1214       |    0    |    0    |
|          |        zext_ln216_51_fu_1240       |    0    |    0    |
|          |        zext_ln216_7_fu_1277        |    0    |    0    |
|          |        zext_ln394_4_fu_1282        |    0    |    0    |
|          |        zext_ln395_2_fu_1285        |    0    |    0    |
|          |        zext_ln395_3_fu_1289        |    0    |    0    |
|          |        zext_ln395_4_fu_1293        |    0    |    0    |
|          |        zext_ln395_5_fu_1297        |    0    |    0    |
|          |        zext_ln395_6_fu_1300        |    0    |    0    |
|          |        zext_ln187_9_fu_1310        |    0    |    0    |
|          |        zext_ln187_16_fu_1314       |    0    |    0    |
|          |        zext_ln187_10_fu_1323       |    0    |    0    |
|          |        zext_ln187_17_fu_1339       |    0    |    0    |
|          |        zext_ln187_18_fu_1349       |    0    |    0    |
|          |        zext_ln216_19_fu_1363       |    0    |    0    |
|          |        zext_ln395_7_fu_1368        |    0    |    0    |
|          |        zext_ln187_11_fu_1372       |    0    |    0    |
|          |        zext_ln216_26_fu_1385       |    0    |    0    |
|          |        zext_ln216_33_fu_1394       |    0    |    0    |
|          |        zext_ln395_8_fu_1399        |    0    |    0    |
|          |        zext_ln395_9_fu_1403        |    0    |    0    |
|          |        zext_ln216_2_fu_1434        |    0    |    0    |
|          |        zext_ln216_40_fu_1449       |    0    |    0    |
|          |        zext_ln216_46_fu_1489       |    0    |    0    |
|          |        zext_ln395_10_fu_1494       |    0    |    0    |
|          |        zext_ln395_11_fu_1498       |    0    |    0    |
|          |        zext_ln216_52_fu_1512       |    0    |    0    |
|          |        zext_ln216_8_fu_1548        |    0    |    0    |
|          |        zext_ln216_20_fu_1557       |    0    |    0    |
|          |         zext_ln187_fu_1607         |    0    |    0    |
|          |         zext_ln394_fu_1611         |    0    |    0    |
|          |        zext_ln395_12_fu_1620       |    0    |    0    |
|          |        zext_ln187_19_fu_1624       |    0    |    0    |
|          |        zext_ln187_20_fu_1632       |    0    |    0    |
|          |        zext_ln187_21_fu_1641       |    0    |    0    |
|          |        zext_ln187_22_fu_1651       |    0    |    0    |
|          |        zext_ln187_23_fu_1661       |    0    |    0    |
|          |        zext_ln216_27_fu_1675       |    0    |    0    |
|          |         zext_ln183_fu_1680         |    0    |    0    |
|          |        zext_ln187_2_fu_1684        |    0    |    0    |
|          |        zext_ln187_3_fu_1692        |    0    |    0    |
|          |        zext_ln216_34_fu_1706       |    0    |    0    |
|          |        zext_ln216_41_fu_1715       |    0    |    0    |
|          |        zext_ln394_1_fu_1725        |    0    |    0    |
|          |        zext_ln395_13_fu_1729       |    0    |    0    |
|          |        zext_ln183_1_fu_1733        |    0    |    0    |
|          |        zext_ln187_12_fu_1737       |    0    |    0    |
|          |        zext_ln187_24_fu_1752       |    0    |    0    |
|          |        zext_ln216_47_fu_1766       |    0    |    0    |
|          |        zext_ln216_53_fu_1790       |    0    |    0    |
|          |        zext_ln395_14_fu_1795       |    0    |    0    |
|          |        zext_ln395_15_fu_1799       |    0    |    0    |
|          |        zext_ln216_21_fu_1813       |    0    |    0    |
|          |        zext_ln216_28_fu_1822       |    0    |    0    |
|          |        zext_ln216_35_fu_1831       |    0    |    0    |
|          |        zext_ln216_3_fu_1850        |    0    |    0    |
|          |        zext_ln216_42_fu_1865       |    0    |    0    |
|          |        zext_ln395_16_fu_1870       |    0    |    0    |
|          |        zext_ln395_17_fu_1874       |    0    |    0    |
|          |        zext_ln216_48_fu_1888       |    0    |    0    |
|          |        zext_ln216_54_fu_1897       |    0    |    0    |
|   zext   |        zext_ln395_18_fu_1954       |    0    |    0    |
|          |        zext_ln395_19_fu_1958       |    0    |    0    |
|          |        zext_ln187_28_fu_1962       |    0    |    0    |
|          |        zext_ln187_29_fu_1971       |    0    |    0    |
|          |        zext_ln216_9_fu_1985        |    0    |    0    |
|          |        zext_ln216_22_fu_1994       |    0    |    0    |
|          |        zext_ln394_2_fu_1999        |    0    |    0    |
|          |        zext_ln394_3_fu_2003        |    0    |    0    |
|          |        zext_ln394_5_fu_2007        |    0    |    0    |
|          |        zext_ln394_6_fu_2011        |    0    |    0    |
|          |        zext_ln394_7_fu_2015        |    0    |    0    |
|          |        zext_ln187_1_fu_2019        |    0    |    0    |
|          |        zext_ln187_4_fu_2023        |    0    |    0    |
|          |        zext_ln187_5_fu_2038        |    0    |    0    |
|          |        zext_ln187_6_fu_2048        |    0    |    0    |
|          |        zext_ln187_25_fu_2058       |    0    |    0    |
|          |        zext_ln187_26_fu_2067       |    0    |    0    |
|          |        zext_ln216_29_fu_2081       |    0    |    0    |
|          |        zext_ln216_36_fu_2090       |    0    |    0    |
|          |        zext_ln216_4_fu_2116        |    0    |    0    |
|          |        zext_ln216_43_fu_2131       |    0    |    0    |
|          |        zext_ln394_8_fu_2136        |    0    |    0    |
|          |        zext_ln187_8_fu_2139        |    0    |    0    |
|          |        zext_ln187_7_fu_2143        |    0    |    0    |
|          |        zext_ln395_20_fu_2153       |    0    |    0    |
|          |        zext_ln395_21_fu_2157       |    0    |    0    |
|          |        zext_ln187_27_fu_2161       |    0    |    0    |
|          |        zext_ln187_30_fu_2169       |    0    |    0    |
|          |        zext_ln187_31_fu_2172       |    0    |    0    |
|          |        zext_ln187_32_fu_2181       |    0    |    0    |
|          |        zext_ln187_33_fu_2191       |    0    |    0    |
|          |        zext_ln187_34_fu_2201       |    0    |    0    |
|          |        zext_ln187_35_fu_2211       |    0    |    0    |
|          |        zext_ln216_49_fu_2225       |    0    |    0    |
|          |        zext_ln216_55_fu_2234       |    0    |    0    |
|          |        zext_ln216_10_fu_2243       |    0    |    0    |
|          |        zext_ln395_23_fu_2248       |    0    |    0    |
|          |        zext_ln395_24_fu_2252       |    0    |    0    |
|          |        zext_ln216_23_fu_2266       |    0    |    0    |
|          |        zext_ln216_30_fu_2370       |    0    |    0    |
|          |        zext_ln395_25_fu_2375       |    0    |    0    |
|          |        zext_ln395_26_fu_2379       |    0    |    0    |
|          |        zext_ln216_37_fu_2393       |    0    |    0    |
|          |         zext_ln184_fu_2398         |    0    |    0    |
|          |        zext_ln395_27_fu_2402       |    0    |    0    |
|          |        zext_ln216_5_fu_2433        |    0    |    0    |
|          |        zext_ln216_44_fu_2468       |    0    |    0    |
|          |        zext_ln395_28_fu_2483       |    0    |    0    |
|          |        zext_ln187_45_fu_2487       |    0    |    0    |
|          |        zext_ln187_46_fu_2490       |    0    |    0    |
|          |        zext_ln187_47_fu_2499       |    0    |    0    |
|          |        zext_ln216_50_fu_2509       |    0    |    0    |
|          |        zext_ln216_56_fu_2513       |    0    |    0    |
|          |        zext_ln216_11_fu_2517       |    0    |    0    |
|          |        zext_ln395_22_fu_2521       |    0    |    0    |
|          |        zext_ln395_31_fu_2525       |    0    |    0    |
|          |        zext_ln187_42_fu_2535       |    0    |    0    |
|          |        zext_ln187_43_fu_2539       |    0    |    0    |
|          |        zext_ln187_44_fu_2548       |    0    |    0    |
|          |        zext_ln187_48_fu_2552       |    0    |    0    |
|          |        zext_ln216_24_fu_2561       |    0    |    0    |
|          |        zext_ln395_29_fu_2565       |    0    |    0    |
|          |        zext_ln395_30_fu_2569       |    0    |    0    |
|          |        zext_ln395_32_fu_2573       |    0    |    0    |
|          |        zext_ln187_39_fu_2583       |    0    |    0    |
|          |        zext_ln216_31_fu_2593       |    0    |    0    |
|          |        zext_ln216_38_fu_2597       |    0    |    0    |
|          |        zext_ln187_14_fu_2732       |    0    |    0    |
|          |        zext_ln187_15_fu_2736       |    0    |    0    |
|          |        zext_ln187_38_fu_2746       |    0    |    0    |
|          |        zext_ln187_40_fu_2750       |    0    |    0    |
|          |        zext_ln394_9_fu_2764        |    0    |    0    |
|          |         zext_ln395_fu_2767         |    0    |    0    |
|          |        zext_ln395_1_fu_2770        |    0    |    0    |
|          |        zext_ln187_13_fu_2773       |    0    |    0    |
|          |        zext_ln187_36_fu_2776       |    0    |    0    |
|          |        zext_ln187_37_fu_2792       |    0    |    0    |
|          |        zext_ln187_41_fu_2802       |    0    |    0    |
|          |        zext_ln187_49_fu_2811       |    0    |    0    |
|          |        zext_ln395_33_fu_2820       |    0    |    0    |
|          |        zext_ln395_34_fu_2824       |    0    |    0    |
|          |         zext_ln274_fu_2863         |    0    |    0    |
|          |         zext_ln275_fu_2873         |    0    |    0    |
|          |         zext_ln379_fu_2942         |    0    |    0    |
|----------|------------------------------------|---------|---------|
|          |            tmp_7_fu_789            |    0    |    0    |
| bitselect|            tmp_8_fu_831            |    0    |    0    |
|          |            tmp_9_fu_871            |    0    |    0    |
|----------|------------------------------------|---------|---------|
|          |          sext_ln216_fu_943         |    0    |    0    |
|          |         sext_ln216_1_fu_990        |    0    |    0    |
|   sext   |        sext_ln216_2_fu_1072        |    0    |    0    |
|          |         sext_ln274_fu_2847         |    0    |    0    |
|          |        sext_ln274_1_fu_2859        |    0    |    0    |
|          |         sext_ln411_fu_2946         |    0    |    0    |
|----------|------------------------------------|---------|---------|
|   Total  |                                    |    0    |   3169  |
|----------|------------------------------------|---------|---------|

Memories:
N/A

* Register list:
+-------------------------------+--------+
|                               |   FF   |
+-------------------------------+--------+
|     add_ln187_15_reg_3303     |   16   |
|     add_ln187_16_reg_3333     |   13   |
|     add_ln187_18_reg_3378     |   13   |
|     add_ln187_25_reg_3458     |   17   |
|     add_ln187_26_reg_3483     |   13   |
|     add_ln187_28_reg_3588     |   14   |
|     add_ln187_30_reg_3528     |   13   |
|     add_ln187_32_reg_3548     |   14   |
|     add_ln187_43_reg_3804     |   14   |
|     add_ln187_44_reg_3824     |   15   |
|     add_ln187_47_reg_3669     |   13   |
|     add_ln187_49_reg_3694     |   13   |
|      add_ln187_4_reg_3578     |   13   |
|     add_ln187_50_reg_3709     |   13   |
|     add_ln187_52_reg_3754     |   15   |
|     add_ln187_53_reg_3779     |   16   |
|      add_ln187_9_reg_3228     |   13   |
|     add_ln216_15_reg_3719     |   11   |
|     add_ln216_22_reg_3724     |   11   |
|     add_ln216_29_reg_3729     |   11   |
|     add_ln216_41_reg_3739     |   11   |
|     add_ln216_47_reg_3744     |   11   |
|      add_ln216_5_reg_3714     |   11   |
|     and_ln218_14_reg_3268     |    1   |
|     and_ln218_19_reg_3353     |    1   |
|     and_ln218_22_reg_3388     |    1   |
|     and_ln218_29_reg_3403     |    1   |
|     and_ln218_32_reg_3468     |    1   |
|     and_ln218_37_reg_3543     |    1   |
|     and_ln218_47_reg_3679     |    1   |
|      and_ln218_6_reg_3223     |    1   |
|      and_ln218_9_reg_3248     |    1   |
|cluster_threshold_read_reg_2988|   20   |
|      core3_et_1_reg_3428      |   14   |
|      core3_et_2_reg_3583      |   15   |
|      core3_et_3_reg_3633      |   16   |
|       core3_et_reg_3413       |   13   |
|          eta_reg_2974         |    5   |
|     icmp_ln218_13_reg_3518    |    1   |
|     icmp_ln218_14_reg_3523    |    1   |
|     icmp_ln218_17_reg_3563    |    1   |
|     icmp_ln218_18_reg_3568    |    1   |
|     icmp_ln218_19_reg_3618    |    1   |
|     icmp_ln218_20_reg_3623    |    1   |
|     icmp_ln218_21_reg_3628    |    1   |
|     icmp_ln218_23_reg_3659    |    1   |
|     icmp_ln218_24_reg_3664    |    1   |
|     icmp_ln218_26_reg_3689    |    1   |
|     icmp_ln218_27_reg_3704    |    1   |
|     icmp_ln218_28_reg_3749    |    1   |
|     icmp_ln218_29_reg_3789    |    1   |
|     icmp_ln218_30_reg_3794    |    1   |
|     icmp_ln218_31_reg_3774    |    1   |
|     icmp_ln218_32_reg_3799    |    1   |
|     icmp_ln218_36_reg_3278    |    1   |
|     icmp_ln218_37_reg_3298    |    1   |
|     icmp_ln218_38_reg_3328    |    1   |
|     icmp_ln218_3_reg_3193     |    1   |
|     icmp_ln218_40_reg_3443    |    1   |
|     icmp_ln218_41_reg_3448    |    1   |
|     icmp_ln218_42_reg_3453    |    1   |
|     icmp_ln218_44_reg_3478    |    1   |
|     icmp_ln218_45_reg_3573    |    1   |
|     icmp_ln218_4_reg_3203     |    1   |
|     icmp_ln218_7_reg_3323     |    1   |
|     icmp_ln218_8_reg_3363     |    1   |
|     icmp_ln218_9_reg_3373     |    1   |
|     icmp_ln220_4_reg_3198     |    1   |
|     icmp_ln220_7_reg_3318     |    1   |
|     icmp_ln220_9_reg_3368     |    1   |
|      icmp_ln375_reg_2998      |    1   |
|      icmp_ln391_reg_3095      |    1   |
|    indvar_flatten_reg_2981    |   11   |
|      neighbor_1_reg_3136      |   12   |
|      neighbor_8_reg_3258      |   12   |
|       neighbor_reg_3115       |   12   |
|       phi_idx_3_reg_2967      |    6   |
|            reg_569            |   12   |
|            reg_573            |   12   |
|            reg_577            |   12   |
|            reg_581            |   12   |
|        seed_et_reg_3073       |   12   |
|  seed_threshold_read_reg_2993 |   12   |
|    select_ln375_1_reg_3011    |    5   |
|    select_ln375_2_reg_3017    |    5   |
|     select_ln375_reg_3002     |    6   |
|     sext_ln216_1_reg_3178     |   11   |
|     sext_ln216_2_reg_3208     |   11   |
|      sext_ln216_reg_3163      |   11   |
|      sub_ln216_1_reg_3233     |   11   |
|      sub_ln216_2_reg_3338     |   11   |
|      sub_ln216_3_reg_3503     |   11   |
|      sub_ln216_4_reg_3603     |   11   |
|       sub_ln216_reg_3052      |   11   |
|       sub_ln389_reg_3027      |   11   |
|      sum7_et_10_reg_3639      |   17   |
|       sum7_et_8_reg_3288      |   15   |
|       sum7_et_9_reg_3418      |   16   |
|    towers_addr_10_reg_3263    |   11   |
|    towers_addr_11_reg_3273    |   11   |
|    towers_addr_12_reg_3293    |   11   |
|    towers_addr_13_reg_3308    |   11   |
|    towers_addr_14_reg_3313    |   11   |
|    towers_addr_15_reg_3348    |   11   |
|    towers_addr_16_reg_3358    |   11   |
|    towers_addr_17_reg_3383    |   11   |
|    towers_addr_18_reg_3393    |   11   |
|    towers_addr_19_reg_3398    |   11   |
|     towers_addr_1_reg_3110    |   11   |
|    towers_addr_20_reg_3423    |   11   |
|    towers_addr_21_reg_3433    |   11   |
|    towers_addr_22_reg_3438    |   11   |
|    towers_addr_23_reg_3463    |   11   |
|    towers_addr_24_reg_3473    |   11   |
|    towers_addr_25_reg_3488    |   11   |
|    towers_addr_26_reg_3493    |   11   |
|    towers_addr_27_reg_3498    |   11   |
|    towers_addr_28_reg_3513    |   11   |
|    towers_addr_29_reg_3533    |   11   |
|     towers_addr_2_reg_3131    |   11   |
|    towers_addr_30_reg_3538    |   11   |
|    towers_addr_31_reg_3553    |   11   |
|    towers_addr_32_reg_3558    |   11   |
|    towers_addr_33_reg_3593    |   11   |
|    towers_addr_34_reg_3598    |   11   |
|    towers_addr_35_reg_3613    |   11   |
|    towers_addr_36_reg_3644    |   11   |
|    towers_addr_37_reg_3649    |   11   |
|    towers_addr_38_reg_3654    |   11   |
|    towers_addr_39_reg_3674    |   11   |
|     towers_addr_3_reg_3153    |   11   |
|    towers_addr_40_reg_3684    |   11   |
|    towers_addr_41_reg_3699    |   11   |
|    towers_addr_42_reg_3734    |   11   |
|    towers_addr_43_reg_3759    |   11   |
|    towers_addr_44_reg_3764    |   11   |
|    towers_addr_45_reg_3769    |   11   |
|    towers_addr_46_reg_3784    |   11   |
|    towers_addr_47_reg_3809    |   11   |
|    towers_addr_48_reg_3814    |   11   |
|     towers_addr_4_reg_3158    |   11   |
|     towers_addr_5_reg_3173    |   11   |
|     towers_addr_6_reg_3188    |   11   |
|     towers_addr_7_reg_3218    |   11   |
|     towers_addr_8_reg_3243    |   11   |
|     towers_addr_9_reg_3253    |   11   |
|      towers_addr_reg_3047     |   11   |
|       xor_ln218_reg_3819      |    1   |
|     zext_ln216_12_reg_3100    |   11   |
|     zext_ln216_14_reg_3121    |   11   |
|     zext_ln216_16_reg_3143    |   11   |
|      zext_ln376_reg_3062      |    7   |
|     zext_ln389_1_reg_3037     |   11   |
|     zext_ln394_4_reg_3283     |   13   |
|      zext_ln394_reg_3408      |   13   |
+-------------------------------+--------+
|             Total             |  1335  |
+-------------------------------+--------+

* Multiplexer (MUX) list: 
|-------------------|------|------|------|--------||---------||---------||---------|
|        Comp       |  Pin | Size |  BW  | S x BW ||  Delay  ||    FF   ||   LUT   |
|-------------------|------|------|------|--------||---------||---------||---------|
| grp_access_fu_160 |  p2  |  98  |   0  |    0   ||    0    ||   490   |
|-------------------|------|------|------|--------||---------||---------||---------|
|       Total       |      |      |      |    0   || 0.974143||    0    ||   490   |
|-------------------|------|------|------|--------||---------||---------||---------|



* Summary:
+-----------+--------+--------+--------+
|           |  Delay |   FF   |   LUT  |
+-----------+--------+--------+--------+
|  Function |    -   |    0   |  3169  |
|   Memory  |    -   |    -   |    -   |
|Multiplexer|    0   |    0   |   490  |
|  Register |    -   |  1335  |    -   |
+-----------+--------+--------+--------+
|   Total   |    0   |  1335  |  3659  |
+-----------+--------+--------+--------+
