INFO-FLOW: Workspace /scratch/emettner/tachep-fpga-project-26/calorimeter/solution1 opened at Tue May 12 20:42:07 CDT 2026
Execute       send_msg_by_id INFO @200-1505@%s%s default  vivado 
INFO: [HLS 200-1505] Using default flow_target 'vivado'
Execute     set_part xcvu13p-fsga2577-2-e 
INFO: [HLS 200-1510] Running: set_part xcvu13p-fsga2577-2-e 
Execute       create_platform xcvu13p-fsga2577-2-e -board  
DBG:HLSDevice: Trying to load device library: /opt/Xilinx/Vitis_HLS/2024.1/lib/lnx64.o/libxv_hlsvwrap.so
DBG:HLSDevice: first parts/arch.xml in RDI_DATADIR: /opt/Xilinx/Vivado/2024.1/data/parts/arch.xml
DBG:HLSDevice: init success
INFO: [HLS 200-1611] Setting target device to 'xcvu13p-fsga2577-2-e'
Command       create_platform done; 2.74 sec.
Execute       source /opt/Xilinx/Vitis_HLS/2024.1/common/technology/xilinx/common/xilinx.gen 
Execute         source /opt/Xilinx/Vitis_HLS/2024.1/common/technology/xilinx/interface/plb46.gen 
Execute         source /opt/Xilinx/Vitis_HLS/2024.1/common/technology/xilinx/interface/axi4.gen 
Execute         source /opt/Xilinx/Vitis_HLS/2024.1/common/technology/xilinx/interface/nativeAXI4.gen 
Execute           source /opt/Xilinx/Vitis_HLS/2024.1/common/technology/xilinx/interface/saxilite.gen 
Execute         source /opt/Xilinx/Vitis_HLS/2024.1/common/technology/xilinx/scripts/xilinxcoregen.gen 
Execute         source /opt/Xilinx/Vitis_HLS/2024.1/common/technology/xilinx/interface/XilEDKCoreGen.gen 
Execute         source /opt/Xilinx/Vitis_HLS/2024.1/common/technology/xilinx/ip/util.gen 
Execute         source /opt/Xilinx/Vitis_HLS/2024.1/common/technology/xilinx/ip/xfft.gen 
Command         ap_source done; 0.13 sec.
Execute         source /opt/Xilinx/Vitis_HLS/2024.1/common/technology/xilinx/ip/xfir.gen 
Execute         source /opt/Xilinx/Vitis_HLS/2024.1/common/technology/xilinx/ip/dds_compiler.gen 
Execute         source /opt/Xilinx/Vitis_HLS/2024.1/common/technology/xilinx/DSP48/dsp48.gen 
Command       ap_source done; 0.17 sec.
Execute       ap_part_info -name xcvu13p-fsga2577-2-e -data info 
Execute       config_compile -quiet -complex-mul-dsp=0 
Command     set_part done; 2.98 sec.
Execute     create_clock -period 25 -name default 
INFO: [HLS 200-1510] Running: create_clock -period 25 -name default 
Execute       ap_set_clock -name default -period 25 -unit ns -default=false 
INFO: [SYN 201-201] Setting up clock 'default' with a period of 25ns.
Execute     csim_design 
INFO: [HLS 200-1510] Running: csim_design 
INFO-FLOW: Running SLX 'csim' proc: ::SLX::run_csim
INFO: [SIM 211-2] *************** CSIM start ***************
INFO: [SIM 211-4] CSIM will launch CLANG as the compiler.
Execute       send_msg_by_id INFO @200-2036@%s debug 
INFO: [HLS 200-2036] Building debug C Simulation binaries
Execute       source /opt/Xilinx/Vitis_HLS/2024.1/tps/tcl/tcllib1.11.1/yaml/huddle.tcl 
Execute       source /opt/Xilinx/Vitis_HLS/2024.1/tps/tcl/tcllib1.11.1/yaml/json2huddle.tcl 
Execute         source /opt/Xilinx/Vitis_HLS/2024.1/tps/tcl/tcllib1.11.1/try/try.tcl 
Execute       ap_part_info -name xcvu13p-fsga2577-2-e -data info 
Execute       source run_sim.tcl 
INFO: [SIM 211-1] CSim done with 0 errors.
INFO: [SIM 211-3] *************** CSIM finish ***************
Command     csim_design done; 11.37 sec.
INFO: [HLS 200-2161] Finished Command csim_design Elapsed time: 00:00:11; Allocated memory: 0.164 MB.
Execute     csynth_design 
INFO: [HLS 200-1510] Running: csynth_design 
INFO-FLOW: Running SLX 'csynth' proc: ::SLX::run_csynth
Execute       elaborate -effort=medium -skip_syncheck=0 -keep_printf=0 -skip_cdt=0 -skip_transform=0 -ng=0 -g=0 -opt_fp=0 -from_csynth_design=1 
INFO: [HLS 200-111] Finished File checks and directory preparation: CPU user time: 0.16 seconds. CPU system time: 0.03 seconds. Elapsed time: 0.18 seconds; current allocated memory: 325.223 MB.
Execute         set_directive_top calo_trigger_stream_ref -name=calo_trigger_stream_ref 
INFO: [HLS 200-10] Analyzing design file 'calorimeter.cpp' ... 
INFO-FLOW: Compiling one TU...
INFO-FLOW: Handling calorimeter.cpp as C++
Execute         ap_part_info -name xcvu13p-fsga2577-2-e -data info 
INFO-FLOW: Running: GCC PP 39
INFO-FLOW: Source preprocessing
INFO-FLOW: run_clang exec: /opt/Xilinx/Vitis_HLS/2024.1/lnx64/tools/clang-3.9-csynth/bin/clang calorimeter.cpp -foptimization-record-file=/scratch/emettner/tachep-fpga-project-26/calorimeter/solution1/.autopilot/db/calorimeter.cpp.clang.diag.yml -mllvm -pass-remarks-missed=reflow|pasta|unroll -mllvm -pass-remarks=reflow|pasta|unroll|inline -fno-limit-debug-info -gcc-toolchain /opt/Xilinx/Vitis_HLS/2024.1/tps/lnx64/gcc-8.3.0 -fhls -fno-exceptions -insert-hls-directive=/scratch/emettner/tachep-fpga-project-26/calorimeter/solution1/.autopilot/db/all.directive.json -E -fno-math-errno -c -emit-llvm -mllvm -disable-llvm-optzns -Werror=implicit-function-declaration -Werror=implicit-hls-streams -Werror=return-type -Wpragmas -Wunused-parameter -Wdump-hls-pragmas -Wno-error=dump-hls-pragmas -hls-clock-period=25 -fno-threadsafe-statics -fno-use-cxa-atexit -std=gnu++14 -target fpga64-xilinx-linux-gnu -fno-threadsafe-statics -fno-use-cxa-atexit -D__VITIS_HLS__ -DAESL_SYN -D__SYNTHESIS__ -D__HLS_SYN__ -I /opt/Xilinx/Vitis_HLS/2024.1/common/technology/autopilot -I /opt/Xilinx/Vitis_HLS/2024.1/common/technology/autopilot/ap_sysc -include etc/autopilot_ssdm_op.h -D__DSP48E2__ -I /usr/include/x86_64-linux-gnu -o /scratch/emettner/tachep-fpga-project-26/calorimeter/solution1/.autopilot/db/calorimeter.pp.0.cpp -hls-platform-db-name=/opt/Xilinx/Vitis_HLS/2024.1/common/technology/xilinx/common/platform.db -hls-platform-name=virtexuplus_medium -device-resource-info=BRAM_5376.000000_DSP_12288.000000_FF_3456000.000000_LUT_1728000.000000_SLICE_216000.000000_SLR_4.000000_URAM_1280.000000 -device-name-info=xcvu13p-fsga2577-2-e > /scratch/emettner/tachep-fpga-project-26/calorimeter/solution1/.autopilot/db/calorimeter.cpp.clang.out.log 2> /scratch/emettner/tachep-fpga-project-26/calorimeter/solution1/.autopilot/db/calorimeter.cpp.clang.err.log
INFO-FLOW: Done: GCC PP 39 time: 0.5 seconds per iteration
INFO-FLOW: Source syntax check for synthesis
INFO-FLOW: run_clang exec: /opt/Xilinx/Vitis_HLS/2024.1/lnx64/tools/clang-3.9-csynth/bin/clang -foptimization-record-file=/scratch/emettner/tachep-fpga-project-26/calorimeter/solution1/.autopilot/db/clang.diag.yml -mllvm -pass-remarks-missed=reflow|pasta|unroll -mllvm -pass-remarks=reflow|pasta|unroll|inline -fsyntax-only -fhls -target fpga64-xilinx-linux-gnu /scratch/emettner/tachep-fpga-project-26/calorimeter/solution1/.autopilot/db/calorimeter.pp.0.cpp -hls-platform-db-name=/opt/Xilinx/Vitis_HLS/2024.1/common/technology/xilinx/common/platform.db -hls-platform-name=virtexuplus_medium -device-resource-info=BRAM_5376.000000_DSP_12288.000000_FF_3456000.000000_LUT_1728000.000000_SLICE_216000.000000_SLR_4.000000_URAM_1280.000000 -device-name-info=xcvu13p-fsga2577-2-e > /scratch/emettner/tachep-fpga-project-26/calorimeter/solution1/.autopilot/db/clang.out.log 2> /scratch/emettner/tachep-fpga-project-26/calorimeter/solution1/.autopilot/db/clang.err.log
Execute         clang_tidy xilinx-systemc-detector -desc systemc-detector /scratch/emettner/tachep-fpga-project-26/calorimeter/solution1/.autopilot/db/calorimeter.pp.0.cpp std=gnu++14 -target fpga  -directive=/scratch/emettner/tachep-fpga-project-26/calorimeter/solution1/.autopilot/db/.systemc_flag 
INFO-FLOW: exec /opt/Xilinx/Vitis_HLS/2024.1/lnx64/tools/clang-3.9-csynth/bin/clang-tidy -header-filter=.* --checks=-*,xilinx-systemc-detector -import-directive=/scratch/emettner/tachep-fpga-project-26/calorimeter/solution1/.autopilot/db/.systemc_flag -fix-errors /scratch/emettner/tachep-fpga-project-26/calorimeter/solution1/.autopilot/db/calorimeter.pp.0.cpp -- -std=gnu++14 -target fpga -fhls -ferror-limit=0
Command         clang_tidy done; 1.1 sec.
INFO-FLOW: Running: clang-tidy CDT preprocess 39
Execute         clang_tidy xilinx-directive2pragma -desc directive2pragma /scratch/emettner/tachep-fpga-project-26/calorimeter/solution1/.autopilot/db/calorimeter.pp.0.cpp std=gnu++14 -target fpga  -directive=/scratch/emettner/tachep-fpga-project-26/calorimeter/solution1/.autopilot/db/all.directive.json 
INFO-FLOW: exec /opt/Xilinx/Vitis_HLS/2024.1/lnx64/tools/clang-3.9-csynth/bin/clang-tidy -header-filter=.* --checks=-*,xilinx-directive2pragma -import-directive=/scratch/emettner/tachep-fpga-project-26/calorimeter/solution1/.autopilot/db/all.directive.json -fix-errors /scratch/emettner/tachep-fpga-project-26/calorimeter/solution1/.autopilot/db/calorimeter.pp.0.cpp -- -std=gnu++14 -target fpga -fhls -ferror-limit=0
Command         clang_tidy done; 1.52 sec.
INFO-FLOW: Done: clang-tidy CDT preprocess 39 time: 1.5 seconds per iteration
INFO-FLOW: Calling xilinx-label-all-loops ... 
INFO-FLOW: Calling xilinx-aggregate-on-hls-vector ... 
Execute         clang_tidy -errorcheck -desc loop-label xilinx-label-all-loops,xilinx-aggregate-on-hls-vector,,xilinx-warn-mayneed-no-ctor-attribute /scratch/emettner/tachep-fpga-project-26/calorimeter/solution1/.autopilot/db/calorimeter.pp.0.cpp std=gnu++14 -target fpga  
INFO-FLOW: run_clang exec: /opt/Xilinx/Vitis_HLS/2024.1/lnx64/tools/clang-3.9-csynth/bin/clang-tidy -export-fixes=/scratch/emettner/tachep-fpga-project-26/calorimeter/solution1/.autopilot/db/calorimeter.pp.0.cpp.clang-tidy.loop-label.diag.yml -header-filter=.* --checks=-*,xilinx-label-all-loops,xilinx-aggregate-on-hls-vector,,xilinx-warn-mayneed-no-ctor-attribute -fix-errors /scratch/emettner/tachep-fpga-project-26/calorimeter/solution1/.autopilot/db/calorimeter.pp.0.cpp -- -std=gnu++14 -target fpga -fhls -ferror-limit=0 > /scratch/emettner/tachep-fpga-project-26/calorimeter/solution1/.autopilot/db/calorimeter.pp.0.cpp.clang-tidy.loop-label.out.log 2> /scratch/emettner/tachep-fpga-project-26/calorimeter/solution1/.autopilot/db/calorimeter.pp.0.cpp.clang-tidy.loop-label.err.log
Execute           source /opt/Xilinx/Vitis_HLS/2024.1/tps/tcl/tcllib1.11.1/yaml/yaml.tcl 
Command         clang_tidy done; 1.81 sec.
INFO-FLOW: run_clang exec: /opt/Xilinx/Vitis_HLS/2024.1/lnx64/tools/clang-3.9-csynth/bin/xilinx-dataflow-lawyer -export-fixes=/scratch/emettner/tachep-fpga-project-26/calorimeter/solution1/.autopilot/db/calorimeter.pp.0.cpp.xilinx-dataflow-lawyer.diag.yml /scratch/emettner/tachep-fpga-project-26/calorimeter/solution1/.autopilot/db/calorimeter.pp.0.cpp -- -std=gnu++14 -target fpga -fhls -ferror-limit=0 -fstrict-dataflow > /scratch/emettner/tachep-fpga-project-26/calorimeter/solution1/.autopilot/db/calorimeter.pp.0.cpp.xilinx-dataflow-lawyer.out.log 2> /scratch/emettner/tachep-fpga-project-26/calorimeter/solution1/.autopilot/db/calorimeter.pp.0.cpp.xilinx-dataflow-lawyer.err.log
Execute         ap_part_info -name xcvu13p-fsga2577-2-e -data info 
INFO-FLOW: compiling source code to llvm bc
INFO-FLOW: run_clang exec: /opt/Xilinx/Vitis_HLS/2024.1/lnx64/tools/clang-3.9-csynth/bin/clang -foptimization-record-file=/scratch/emettner/tachep-fpga-project-26/calorimeter/solution1/.autopilot/db/calorimeter.pp.0.cpp.clang.diag.yml -mllvm -pass-remarks-missed=reflow|pasta|unroll -mllvm -pass-remarks=reflow|pasta|unroll|inline -fno-limit-debug-info -fhls -flto -fno-exceptions -Wno-error=c++11-narrowing -hls-emit-hint-scope /scratch/emettner/tachep-fpga-project-26/calorimeter/solution1/.autopilot/db/calorimeter.pp.0.cpp -fno-math-errno -c -emit-llvm -mllvm -disable-llvm-optzns -Werror=implicit-function-declaration -Werror=implicit-hls-streams -Werror=return-type -Wpragmas -Wunused-parameter -Wdump-hls-pragmas -Wno-error=dump-hls-pragmas -hls-clock-period=25 -fno-threadsafe-statics -fno-use-cxa-atexit -std=gnu++14 -target fpga64-xilinx-linux-gnu -D__VITIS_HLS__ -DAESL_SYN -D__SYNTHESIS__ -D__HLS_SYN__ -I /opt/Xilinx/Vitis_HLS/2024.1/common/technology/autopilot -I /opt/Xilinx/Vitis_HLS/2024.1/common/technology/autopilot/ap_sysc -include etc/autopilot_ssdm_op.h -D__DSP48E2__ -g -o /scratch/emettner/tachep-fpga-project-26/calorimeter/solution1/.autopilot/db/calorimeter.bc -hls-platform-db-name=/opt/Xilinx/Vitis_HLS/2024.1/common/technology/xilinx/common/platform.db -hls-platform-name=virtexuplus_medium -device-resource-info=BRAM_5376.000000_DSP_12288.000000_FF_3456000.000000_LUT_1728000.000000_SLICE_216000.000000_SLR_4.000000_URAM_1280.000000 -device-name-info=xcvu13p-fsga2577-2-e > /scratch/emettner/tachep-fpga-project-26/calorimeter/solution1/.autopilot/db/calorimeter.pp.0.cpp.clang.out.log 2> /scratch/emettner/tachep-fpga-project-26/calorimeter/solution1/.autopilot/db/calorimeter.pp.0.cpp.clang.err.log
INFO: [HLS 200-111] Finished Source Code Analysis and Preprocessing: CPU user time: 7.75 seconds. CPU system time: 1.22 seconds. Elapsed time: 9.1 seconds; current allocated memory: 327.723 MB.
INFO-FLOW: Linking Debug ...
INFO-FLOW: Linking dut bc code.
Execute         run_link_or_opt -out /scratch/emettner/tachep-fpga-project-26/calorimeter/solution1/.autopilot/db/a.g.ld.0.bc -args  "/scratch/emettner/tachep-fpga-project-26/calorimeter/solution1/.autopilot/db/calorimeter.g.bc"  
INFO-FLOW: run_clang exec: /opt/Xilinx/Vitis_HLS/2024.1/lnx64/tools/clang-3.9-csynth/bin/llvm-link /scratch/emettner/tachep-fpga-project-26/calorimeter/solution1/.autopilot/db/calorimeter.g.bc -o /scratch/emettner/tachep-fpga-project-26/calorimeter/solution1/.autopilot/db/a.g.ld.0.bc > /scratch/emettner/tachep-fpga-project-26/calorimeter/solution1/.autopilot/db/a.g.ld.0.bc.llvm-link.out.log 2> /scratch/emettner/tachep-fpga-project-26/calorimeter/solution1/.autopilot/db/a.g.ld.0.bc.llvm-link.err.log
INFO-FLOW: 
Execute         run_link_or_opt -opt -out /scratch/emettner/tachep-fpga-project-26/calorimeter/solution1/.autopilot/db/a.g.ld.1.lower.bc -args /scratch/emettner/tachep-fpga-project-26/calorimeter/solution1/.autopilot/db/a.g.ld.0.bc -reflow-lower-math-intrinsics 
INFO-FLOW: run_clang exec: /opt/Xilinx/Vitis_HLS/2024.1/lnx64/tools/clang-3.9-csynth/bin/opt -pass-remarks-missed=reflow|pasta|unroll -pass-remarks=reflow|pasta|unroll|inline -pass-remarks-output=/scratch/emettner/tachep-fpga-project-26/calorimeter/solution1/.autopilot/db/a.g.ld.1.lower.bc.opt.diag.yml /scratch/emettner/tachep-fpga-project-26/calorimeter/solution1/.autopilot/db/a.g.ld.0.bc -reflow-lower-math-intrinsics -o /scratch/emettner/tachep-fpga-project-26/calorimeter/solution1/.autopilot/db/a.g.ld.1.lower.bc > /scratch/emettner/tachep-fpga-project-26/calorimeter/solution1/.autopilot/db/a.g.ld.1.lower.bc.opt.out.log 2> /scratch/emettner/tachep-fpga-project-26/calorimeter/solution1/.autopilot/db/a.g.ld.1.lower.bc.opt.err.log
INFO-FLOW: 
INFO-FLOW: Running: gen_design_size_report post-opt
INFO-FLOW: Done: gen_design_size_report post-opt time: 0 seconds per iteration
INFO-FLOW: Linking math bc lib
Execute         run_link_or_opt -out /scratch/emettner/tachep-fpga-project-26/calorimeter/solution1/.autopilot/db/a.g.ld.2.m1.bc -args /scratch/emettner/tachep-fpga-project-26/calorimeter/solution1/.autopilot/db/a.g.ld.1.lower.bc -only-needed /opt/Xilinx/Vitis_HLS/2024.1/lnx64/lib/libhlsm_39.bc /opt/Xilinx/Vitis_HLS/2024.1/lnx64/lib/libhlsmc++_39.bc 
INFO-FLOW: run_clang exec: /opt/Xilinx/Vitis_HLS/2024.1/lnx64/tools/clang-3.9-csynth/bin/llvm-link /scratch/emettner/tachep-fpga-project-26/calorimeter/solution1/.autopilot/db/a.g.ld.1.lower.bc -only-needed /opt/Xilinx/Vitis_HLS/2024.1/lnx64/lib/libhlsm_39.bc /opt/Xilinx/Vitis_HLS/2024.1/lnx64/lib/libhlsmc++_39.bc -o /scratch/emettner/tachep-fpga-project-26/calorimeter/solution1/.autopilot/db/a.g.ld.2.m1.bc > /scratch/emettner/tachep-fpga-project-26/calorimeter/solution1/.autopilot/db/a.g.ld.2.m1.bc.llvm-link.out.log 2> /scratch/emettner/tachep-fpga-project-26/calorimeter/solution1/.autopilot/db/a.g.ld.2.m1.bc.llvm-link.err.log
INFO-FLOW: 
Command         run_link_or_opt done; 2.4 sec.
Execute         run_link_or_opt -opt -out /scratch/emettner/tachep-fpga-project-26/calorimeter/solution1/.autopilot/db/a.g.ld.3.fpc.bc -args /scratch/emettner/tachep-fpga-project-26/calorimeter/solution1/.autopilot/db/a.g.ld.2.m1.bc -reflow-globaldce -hls-top-function-name=calo_trigger_stream_ref -reflow-float-conversion 
INFO-FLOW: run_clang exec: /opt/Xilinx/Vitis_HLS/2024.1/lnx64/tools/clang-3.9-csynth/bin/opt -pass-remarks-missed=reflow|pasta|unroll -pass-remarks=reflow|pasta|unroll|inline -pass-remarks-output=/scratch/emettner/tachep-fpga-project-26/calorimeter/solution1/.autopilot/db/a.g.ld.3.fpc.bc.opt.diag.yml /scratch/emettner/tachep-fpga-project-26/calorimeter/solution1/.autopilot/db/a.g.ld.2.m1.bc -reflow-globaldce -hls-top-function-name=calo_trigger_stream_ref -reflow-float-conversion -o /scratch/emettner/tachep-fpga-project-26/calorimeter/solution1/.autopilot/db/a.g.ld.3.fpc.bc > /scratch/emettner/tachep-fpga-project-26/calorimeter/solution1/.autopilot/db/a.g.ld.3.fpc.bc.opt.out.log 2> /scratch/emettner/tachep-fpga-project-26/calorimeter/solution1/.autopilot/db/a.g.ld.3.fpc.bc.opt.err.log
INFO-FLOW: 
INFO-FLOW: Running: gen_design_size_report post-opt
INFO-FLOW: Done: gen_design_size_report post-opt time: 0 seconds per iteration
Command         run_link_or_opt done; 1.05 sec.
Execute         run_link_or_opt -out /scratch/emettner/tachep-fpga-project-26/calorimeter/solution1/.autopilot/db/a.g.ld.4.m2.bc -args /scratch/emettner/tachep-fpga-project-26/calorimeter/solution1/.autopilot/db/a.g.ld.3.fpc.bc -only-needed /opt/Xilinx/Vitis_HLS/2024.1/lnx64/lib/libfloatconversion_39.bc 
INFO-FLOW: run_clang exec: /opt/Xilinx/Vitis_HLS/2024.1/lnx64/tools/clang-3.9-csynth/bin/llvm-link /scratch/emettner/tachep-fpga-project-26/calorimeter/solution1/.autopilot/db/a.g.ld.3.fpc.bc -only-needed /opt/Xilinx/Vitis_HLS/2024.1/lnx64/lib/libfloatconversion_39.bc -o /scratch/emettner/tachep-fpga-project-26/calorimeter/solution1/.autopilot/db/a.g.ld.4.m2.bc > /scratch/emettner/tachep-fpga-project-26/calorimeter/solution1/.autopilot/db/a.g.ld.4.m2.bc.llvm-link.out.log 2> /scratch/emettner/tachep-fpga-project-26/calorimeter/solution1/.autopilot/db/a.g.ld.4.m2.bc.llvm-link.err.log
INFO-FLOW: 
Execute         run_link_or_opt -opt -out /scratch/emettner/tachep-fpga-project-26/calorimeter/solution1/.autopilot/db/a.g.ld.5.gdce.bc -args /scratch/emettner/tachep-fpga-project-26/calorimeter/solution1/.autopilot/db/a.g.ld.4.m2.bc -reflow-globaldce -hls-top-function-name=calo_trigger_stream_ref 
INFO-FLOW: run_clang exec: /opt/Xilinx/Vitis_HLS/2024.1/lnx64/tools/clang-3.9-csynth/bin/opt -pass-remarks-missed=reflow|pasta|unroll -pass-remarks=reflow|pasta|unroll|inline -pass-remarks-output=/scratch/emettner/tachep-fpga-project-26/calorimeter/solution1/.autopilot/db/a.g.ld.5.gdce.bc.opt.diag.yml /scratch/emettner/tachep-fpga-project-26/calorimeter/solution1/.autopilot/db/a.g.ld.4.m2.bc -reflow-globaldce -hls-top-function-name=calo_trigger_stream_ref -o /scratch/emettner/tachep-fpga-project-26/calorimeter/solution1/.autopilot/db/a.g.ld.5.gdce.bc > /scratch/emettner/tachep-fpga-project-26/calorimeter/solution1/.autopilot/db/a.g.ld.5.gdce.bc.opt.out.log 2> /scratch/emettner/tachep-fpga-project-26/calorimeter/solution1/.autopilot/db/a.g.ld.5.gdce.bc.opt.err.log
INFO-FLOW: 
INFO-FLOW: Running: gen_design_size_report post-opt
INFO-FLOW: Done: gen_design_size_report post-opt time: 0 seconds per iteration
Execute         send_msg_by_id INFO @200-777@%s Vivado 
INFO: [HLS 200-777] Using interface defaults for 'Vivado' flow target.
Execute         is_m_axi_addr64 
INFO-FLOW: Doing LTO.
INFO-FLOW: run_clang (background poll_ms 5000) exec: /opt/Xilinx/Vitis_HLS/2024.1/lnx64/tools/clang-3.9-csynth/bin/clang -foptimization-record-file=/scratch/emettner/tachep-fpga-project-26/calorimeter/solution1/.autopilot/db/a.g.ld.0.bc.clang.reflow.diag.yml -mllvm -pass-remarks-missed=reflow|pasta|unroll -mllvm -pass-remarks=reflow|pasta|unroll|inline -fhls -mllvm -hls-top-function-name=calo_trigger_stream_ref -mllvm -hls-db-dir -mllvm /scratch/emettner/tachep-fpga-project-26/calorimeter/solution1/.autopilot/db -emit-llvm -c -target fpga64-xilinx-none -mllvm -xcl-xmlinfo=/scratch/emettner/tachep-fpga-project-26/calorimeter/solution1/.autopilot/db/kernel.internal.xml -mllvm -top-io-mapping-info=/scratch/emettner/tachep-fpga-project-26/calorimeter/solution1/.autopilot/db/top-io-fe.xml -mllvm -hls-bitcode-version=3.1 -mllvm -reflow-enable-slave-interface-default-setting=true -mllvm -gen-kernel-xml=false -mllvm -default-maxi-offset=slave -mllvm -maxi-latency=0 -mllvm -hls-maxi-data-size-in-bits=8 -mllvm -hls-maxi-max-data-size-in-bits=1024 -mllvm -hls-max-widen-size-in-bits=0 -mllvm -xcl-kernel-max-mem-ports=0 -mllvm -maxi-read-trans=16 -mllvm -maxi-write-trans=16 -mllvm -maxi-read-burst-len=16 -mllvm -maxi-write-burst-len=16 -mllvm -reflow-enable-saxi-64bits=0 -mllvm -reflow-basic-block-instr-threshold=200000 -mllvm -reflow-auto-pipeline-threshold=64 -mllvm -reflow-enable-maxi-auto-id-channel=0 -mllvm -enable-fp-thr=0 -mllvm -reflow-bdd-simplify-threshold=1048576 -mllvm -reflow-fanout-threshold=16 -mllvm -reflow-complete-threshold=4 -mllvm -reflow-array-promotion-threshold=64 -mllvm -assume-maxi-align=1 -mllvm -reflow-enable-dataflow-strict-mode-checking=1 -ftime-report -mllvm -time-passes -mllvm -reflow-auto-array-partition-mode=default -mllvm -reflow-enable-auto-small-array-partition=true -mllvm -reflow-enable-auto-array-partition-for-flatten=true -mllvm -reflow-enable-auto-parallel-performance-driven=true -mllvm -reflow-enable-partition-for-automation=true -mllvm -reflow-aggregate-bitwidth-threshold=4096 -mllvm -reflow-reserved-saxilite-registers=0 -mllvm -enable-reflow-auto-loop-pipeline -mllvm -reflow-max-unroll-threshold=409600 -mllvm -auto-unroll-tripcount-threshold=0 -mllvm -reflow-assume-no-address-wrap=true -mllvm -reflow-enable-occurrence-inference=true -mllvm -reflow-emit-hint-scope=true -mllvm -reflow-enable-codegen-with-if=true -mllvm -hls -mllvm -disable-inlined-alloca-merging=true -mllvm -default-clock-period=25 -mllvm -use_read_first_ram_in_loop=1 -mllvm -default-clock-uncertainty=6.75 -x ir /scratch/emettner/tachep-fpga-project-26/calorimeter/solution1/.autopilot/db/a.g.ld.5.gdce.bc -o /scratch/emettner/tachep-fpga-project-26/calorimeter/solution1/.autopilot/db/a.g.lto.bc -hls-platform-db-name=/opt/Xilinx/Vitis_HLS/2024.1/common/technology/xilinx/common/platform.db -hls-platform-name=virtexuplus_medium -device-resource-info=BRAM_5376.000000_DSP_12288.000000_FF_3456000.000000_LUT_1728000.000000_SLICE_216000.000000_SLR_4.000000_URAM_1280.000000 -device-name-info=xcvu13p-fsga2577-2-e 2> /scratch/emettner/tachep-fpga-project-26/calorimeter/solution1/.autopilot/db/a.g.ld.0.bc.clang.reflow.err.log bg_poll_cmd: ::AP::poll_clang_39_closed_source
Execute         send_msg_by_id INFO @200-1995@%s%s%s 1,605 Compile/Link /scratch/emettner/tachep-fpga-project-26/calorimeter/solution1/syn/report/csynth_design_size.rpt 
INFO: [HLS 200-1995] There were 1,605 instructions in the design after the 'Compile/Link' phase of compilation. See the Design Size Report for more details: /scratch/emettner/tachep-fpga-project-26/calorimeter/solution1/syn/report/csynth_design_size.rpt
Execute         send_msg_by_id INFO @200-1995@%s%s%s 2,328 Unroll/Inline (step 1) /scratch/emettner/tachep-fpga-project-26/calorimeter/solution1/syn/report/csynth_design_size.rpt 
INFO: [HLS 200-1995] There were 2,328 instructions in the design after the 'Unroll/Inline (step 1)' phase of compilation. See the Design Size Report for more details: /scratch/emettner/tachep-fpga-project-26/calorimeter/solution1/syn/report/csynth_design_size.rpt
Execute         send_msg_by_id INFO @200-1995@%s%s%s 1,392 Unroll/Inline (step 2) /scratch/emettner/tachep-fpga-project-26/calorimeter/solution1/syn/report/csynth_design_size.rpt 
INFO: [HLS 200-1995] There were 1,392 instructions in the design after the 'Unroll/Inline (step 2)' phase of compilation. See the Design Size Report for more details: /scratch/emettner/tachep-fpga-project-26/calorimeter/solution1/syn/report/csynth_design_size.rpt
Execute         send_msg_by_id INFO @200-1995@%s%s%s 1,003 Unroll/Inline (step 3) /scratch/emettner/tachep-fpga-project-26/calorimeter/solution1/syn/report/csynth_design_size.rpt 
INFO: [HLS 200-1995] There were 1,003 instructions in the design after the 'Unroll/Inline (step 3)' phase of compilation. See the Design Size Report for more details: /scratch/emettner/tachep-fpga-project-26/calorimeter/solution1/syn/report/csynth_design_size.rpt
Execute         send_msg_by_id INFO @200-1995@%s%s%s 998 Unroll/Inline (step 4) /scratch/emettner/tachep-fpga-project-26/calorimeter/solution1/syn/report/csynth_design_size.rpt 
INFO: [HLS 200-1995] There were 998 instructions in the design after the 'Unroll/Inline (step 4)' phase of compilation. See the Design Size Report for more details: /scratch/emettner/tachep-fpga-project-26/calorimeter/solution1/syn/report/csynth_design_size.rpt
Execute         send_msg_by_id INFO @200-1995@%s%s%s 1,583 Array/Struct (step 1) /scratch/emettner/tachep-fpga-project-26/calorimeter/solution1/syn/report/csynth_design_size.rpt 
INFO: [HLS 200-1995] There were 1,583 instructions in the design after the 'Array/Struct (step 1)' phase of compilation. See the Design Size Report for more details: /scratch/emettner/tachep-fpga-project-26/calorimeter/solution1/syn/report/csynth_design_size.rpt
Execute         send_msg_by_id INFO @200-1995@%s%s%s 1,277 Array/Struct (step 2) /scratch/emettner/tachep-fpga-project-26/calorimeter/solution1/syn/report/csynth_design_size.rpt 
INFO: [HLS 200-1995] There were 1,277 instructions in the design after the 'Array/Struct (step 2)' phase of compilation. See the Design Size Report for more details: /scratch/emettner/tachep-fpga-project-26/calorimeter/solution1/syn/report/csynth_design_size.rpt
Execute         send_msg_by_id INFO @200-1995@%s%s%s 2,026 Array/Struct (step 3) /scratch/emettner/tachep-fpga-project-26/calorimeter/solution1/syn/report/csynth_design_size.rpt 
INFO: [HLS 200-1995] There were 2,026 instructions in the design after the 'Array/Struct (step 3)' phase of compilation. See the Design Size Report for more details: /scratch/emettner/tachep-fpga-project-26/calorimeter/solution1/syn/report/csynth_design_size.rpt
Execute         send_msg_by_id INFO @200-1995@%s%s%s 1,804 Array/Struct (step 4) /scratch/emettner/tachep-fpga-project-26/calorimeter/solution1/syn/report/csynth_design_size.rpt 
INFO: [HLS 200-1995] There were 1,804 instructions in the design after the 'Array/Struct (step 4)' phase of compilation. See the Design Size Report for more details: /scratch/emettner/tachep-fpga-project-26/calorimeter/solution1/syn/report/csynth_design_size.rpt
Execute         send_msg_by_id INFO @200-1995@%s%s%s 2,087 Array/Struct (step 5) /scratch/emettner/tachep-fpga-project-26/calorimeter/solution1/syn/report/csynth_design_size.rpt 
INFO: [HLS 200-1995] There were 2,087 instructions in the design after the 'Array/Struct (step 5)' phase of compilation. See the Design Size Report for more details: /scratch/emettner/tachep-fpga-project-26/calorimeter/solution1/syn/report/csynth_design_size.rpt
Execute         send_msg_by_id INFO @200-1995@%s%s%s 1,740 Performance (step 1) /scratch/emettner/tachep-fpga-project-26/calorimeter/solution1/syn/report/csynth_design_size.rpt 
INFO: [HLS 200-1995] There were 1,740 instructions in the design after the 'Performance (step 1)' phase of compilation. See the Design Size Report for more details: /scratch/emettner/tachep-fpga-project-26/calorimeter/solution1/syn/report/csynth_design_size.rpt
Execute         send_msg_by_id INFO @200-1995@%s%s%s 1,584 Performance (step 2) /scratch/emettner/tachep-fpga-project-26/calorimeter/solution1/syn/report/csynth_design_size.rpt 
INFO: [HLS 200-1995] There were 1,584 instructions in the design after the 'Performance (step 2)' phase of compilation. See the Design Size Report for more details: /scratch/emettner/tachep-fpga-project-26/calorimeter/solution1/syn/report/csynth_design_size.rpt
Execute         send_msg_by_id INFO @200-1995@%s%s%s 1,583 Performance (step 3) /scratch/emettner/tachep-fpga-project-26/calorimeter/solution1/syn/report/csynth_design_size.rpt 
INFO: [HLS 200-1995] There were 1,583 instructions in the design after the 'Performance (step 3)' phase of compilation. See the Design Size Report for more details: /scratch/emettner/tachep-fpga-project-26/calorimeter/solution1/syn/report/csynth_design_size.rpt
Execute         send_msg_by_id INFO @200-1995@%s%s%s 1,583 Performance (step 4) /scratch/emettner/tachep-fpga-project-26/calorimeter/solution1/syn/report/csynth_design_size.rpt 
INFO: [HLS 200-1995] There were 1,583 instructions in the design after the 'Performance (step 4)' phase of compilation. See the Design Size Report for more details: /scratch/emettner/tachep-fpga-project-26/calorimeter/solution1/syn/report/csynth_design_size.rpt
Execute         send_msg_by_id INFO @200-1995@%s%s%s 1,594 HW Transforms (step 1) /scratch/emettner/tachep-fpga-project-26/calorimeter/solution1/syn/report/csynth_design_size.rpt 
INFO: [HLS 200-1995] There were 1,594 instructions in the design after the 'HW Transforms (step 1)' phase of compilation. See the Design Size Report for more details: /scratch/emettner/tachep-fpga-project-26/calorimeter/solution1/syn/report/csynth_design_size.rpt
Execute         send_msg_by_id INFO @200-1995@%s%s%s 1,631 HW Transforms (step 2) /scratch/emettner/tachep-fpga-project-26/calorimeter/solution1/syn/report/csynth_design_size.rpt 
INFO: [HLS 200-1995] There were 1,631 instructions in the design after the 'HW Transforms (step 2)' phase of compilation. See the Design Size Report for more details: /scratch/emettner/tachep-fpga-project-26/calorimeter/solution1/syn/report/csynth_design_size.rpt
INFO: [HLS 214-131] Inlining function 'wrap_phi(int)' into 'bool is_local_maximum<3>(ap_uint<12> const (*) [60], int, int)' (./calorimeter.h:193:31)
INFO: [HLS 214-131] Inlining function 'wrap_phi(int)' into 'ap_uint<20> window_sum<3>(ap_uint<12> const (*) [60], int, int)' (./calorimeter.h:164:27)
INFO: [HLS 214-131] Inlining function 'wrap_phi(int)' into 'ap_uint<20> window_sum<5>(ap_uint<12> const (*) [60], int, int)' (./calorimeter.h:164:27)
INFO: [HLS 214-131] Inlining function 'ap_uint<20> window_sum<5>(ap_uint<12> const (*) [60], int, int)' into 'ap_uint<20> isolation_sum<3, 5>(ap_uint<12> const (*) [60], int, int)' (./calorimeter.h:219:9)
INFO: [HLS 214-131] Inlining function 'ap_uint<20> window_sum<3>(ap_uint<12> const (*) [60], int, int)' into 'ap_uint<20> isolation_sum<3, 5>(ap_uint<12> const (*) [60], int, int)' (./calorimeter.h:219:49)
INFO: [HLS 214-131] Inlining function 'ap_uint<20> isolation_sum<3, 5>(ap_uint<12> const (*) [60], int, int)' into 'void find_clusters_stream<3, 5>(ap_uint<12> const (*) [60], ap_uint<12>, ap_uint<20>, hls::stream<Cluster, 0>&)' (./calorimeter.h:310:46)
INFO: [HLS 214-131] Inlining function 'ap_uint<20> window_sum<3>(ap_uint<12> const (*) [60], int, int)' into 'void find_clusters_stream<3, 5>(ap_uint<12> const (*) [60], ap_uint<12>, ap_uint<20>, hls::stream<Cluster, 0>&)' (./calorimeter.h:305:43)
INFO: [HLS 214-131] Inlining function 'bool is_local_maximum<3>(ap_uint<12> const (*) [60], int, int)' into 'void find_clusters_stream<3, 5>(ap_uint<12> const (*) [60], ap_uint<12>, ap_uint<20>, hls::stream<Cluster, 0>&)' (./calorimeter.h:303:46)
INFO: [HLS 214-131] Inlining function 'cluster_is_better(Cluster const&, Cluster const&)' into 'insert_cluster_into_top_n(Cluster const&, Cluster*)' (calorimeter.cpp:111:39)
INFO: [HLS 214-131] Inlining function 'insert_cluster_into_top_n(Cluster const&, Cluster*)' into 'select_top_n_from_stream(hls::stream<Cluster, 0>&, Cluster*, int*)' (calorimeter.cpp:310:9)
INFO: [HLS 214-291] Loop 'INSERT_POSITION' is marked as complete unroll implied by the pipeline pragma (calorimeter.cpp:110:22)
INFO: [HLS 214-291] Loop 'VITIS_LOOP_113_1' is marked as complete unroll implied by the pipeline pragma (calorimeter.cpp:113:31)
INFO: [HLS 214-291] Loop 'LOCAL_ETA' is marked as complete unroll implied by the pipeline pragma (./calorimeter.h:183:16)
INFO: [HLS 214-291] Loop 'LOCAL_PHI' is marked as complete unroll implied by the pipeline pragma (./calorimeter.h:185:13)
INFO: [HLS 214-291] Loop 'WIN_ETA' is marked as complete unroll implied by the pipeline pragma (./calorimeter.h:156:14)
INFO: [HLS 214-291] Loop 'WIN_PHI' is marked as complete unroll implied by the pipeline pragma (./calorimeter.h:158:11)
INFO: [HLS 214-186] Unrolling loop 'VITIS_LOOP_174_1' (calorimeter.cpp:174:20) in function 'build_trigger_objects' completely with a factor of 8 (calorimeter.cpp:171:0)
INFO: [HLS 214-186] Unrolling loop 'INSERT_POSITION' (calorimeter.cpp:110:22) in function 'select_top_n_from_stream' completely with a factor of 8 (calorimeter.cpp:284:0)
INFO: [HLS 214-186] Unrolling loop 'VITIS_LOOP_288_1' (calorimeter.cpp:288:23) in function 'select_top_n_from_stream' completely with a factor of 8 (calorimeter.cpp:284:0)
INFO: [HLS 214-186] Unrolling loop 'LOCAL_ETA' (./calorimeter.h:183:16) in function 'find_clusters_stream<3, 5>' completely with a factor of 3 (./calorimeter.h:284:0)
INFO: [HLS 214-186] Unrolling loop 'LOCAL_PHI' (./calorimeter.h:185:13) in function 'find_clusters_stream<3, 5>' completely with a factor of 3 (./calorimeter.h:284:0)
INFO: [HLS 214-186] Unrolling loop 'WIN_ETA' (./calorimeter.h:156:14) in function 'find_clusters_stream<3, 5>' completely with a factor of 3 (./calorimeter.h:284:0)
INFO: [HLS 214-186] Unrolling loop 'WIN_PHI' (./calorimeter.h:158:11) in function 'find_clusters_stream<3, 5>' completely with a factor of 3 (./calorimeter.h:284:0)
INFO: [HLS 214-186] Unrolling loop 'WIN_ETA' (./calorimeter.h:156:14) in function 'find_clusters_stream<3, 5>' completely with a factor of 5 (./calorimeter.h:284:0)
INFO: [HLS 214-186] Unrolling loop 'WIN_PHI' (./calorimeter.h:158:11) in function 'find_clusters_stream<3, 5>' completely with a factor of 5 (./calorimeter.h:284:0)
INFO: [HLS 214-178] Inlining function 'compute_ht(ap_uint<12> const (*) [60])' into 'calo_trigger_stream_ref(ap_uint<12> const (*) [60], ap_uint<12>, ap_uint<20>, TriggerObject*, ap_uint<24>*, int*)' (calorimeter.cpp:253:0)
INFO: [HLS 214-248] Applying array_partition to 'top_clusters.et': Complete partitioning on dimension 1. (calorimeter.cpp:329:10)
INFO: [HLS 214-248] Applying array_partition to 'top_clusters.isolation_et': Complete partitioning on dimension 1. (calorimeter.cpp:329:10)
INFO: [HLS 214-248] Applying array_partition to 'top_clusters.eta': Complete partitioning on dimension 1. (calorimeter.cpp:329:10)
INFO: [HLS 214-248] Applying array_partition to 'top_clusters.phi': Complete partitioning on dimension 1. (calorimeter.cpp:329:10)
INFO: [HLS 214-248] Applying array_partition to 'top_clusters.window_size': Complete partitioning on dimension 1. (calorimeter.cpp:329:10)
INFO: [HLS 214-248] Applying array_partition to 'top_clusters.iso_outer_size': Complete partitioning on dimension 1. (calorimeter.cpp:329:10)
INFO: [HLS 214-248] Applying array_partition to 'top_clusters.valid': Complete partitioning on dimension 1. (calorimeter.cpp:329:10)
INFO: [HLS 214-248] Applying array_partition to 'trigger_objects': Complete partitioning on dimension 1. (calorimeter.cpp:253:0)
INFO: [HLS 214-241] Aggregating fifo (hls::stream) variable 'cluster_stream' with compact=bit mode in 61-bits (calorimeter.cpp:325:23)
INFO: [HLS 214-241] Aggregating scalar variable 'trigger_objects_7' with compact=bit mode in 89-bits (calorimeter.cpp:253:0)
INFO: [HLS 214-241] Aggregating scalar variable 'trigger_objects_6' with compact=bit mode in 89-bits (calorimeter.cpp:253:0)
INFO: [HLS 214-241] Aggregating scalar variable 'trigger_objects_5' with compact=bit mode in 89-bits (calorimeter.cpp:253:0)
INFO: [HLS 214-241] Aggregating scalar variable 'trigger_objects_4' with compact=bit mode in 89-bits (calorimeter.cpp:253:0)
INFO: [HLS 214-241] Aggregating scalar variable 'trigger_objects_3' with compact=bit mode in 89-bits (calorimeter.cpp:253:0)
INFO: [HLS 214-241] Aggregating scalar variable 'trigger_objects_2' with compact=bit mode in 89-bits (calorimeter.cpp:253:0)
INFO: [HLS 214-241] Aggregating scalar variable 'trigger_objects_1' with compact=bit mode in 89-bits (calorimeter.cpp:253:0)
INFO: [HLS 214-241] Aggregating scalar variable 'trigger_objects_0' with compact=bit mode in 89-bits (calorimeter.cpp:253:0)
INFO: [HLS 214-241] Aggregating bram variable 'towers' with compact=bit mode in 12-bits (calorimeter.cpp:253:0)
WARNING: [HLS 214-187] Cannot unroll loop 'VITIS_LOOP_113_1' (calorimeter.cpp:113:31) in function 'select_top_n_from_stream' as it has a variable trip count (calorimeter.cpp:113:31)
INFO-FLOW: DBG:PUTS: copy_raw_kernel_xml ap_link_39: kernel.xml not generated: /scratch/emettner/tachep-fpga-project-26/calorimeter/solution1/.autopilot/db/kernel.internal.xml
INFO: [HLS 200-111] Finished Compiling Optimization and Transform: CPU user time: 6.88 seconds. CPU system time: 1.03 seconds. Elapsed time: 10.2 seconds; current allocated memory: 337.824 MB.
INFO: [HLS 200-111] Finished Checking Pragmas: CPU user time: 0 seconds. CPU system time: 0 seconds. Elapsed time: 0 seconds; current allocated memory: 337.824 MB.
Execute         opt_and_import_c a -opt_level=2 -skip_syncheck=0 -ng=0 -keep_printf=0 
Execute           cleanup_all_models 
INFO: [HLS 200-10] Starting code transformations ...
INFO-FLOW: Running Standard Transforms...
Execute           transform -hls -share-std-xform -demangle-name -inline-byval-memcpy -always-inline -promote-dbg-pointer -interface-preproc -mem2reg -scalarrepl -mem2reg -keep-read-access -instcombine -dce -promote-dbg-pointer -bitop-raise -loop-simplify -indvarspre -indvars -loop-simplify -constprop -instcombine -simplifycfg -indvars -simplifycfg -dce -globaldce -basicaa -simplifycfg -mem2reg -globalopt -global-constprop -deadargelim -instcombine -simplifycfg -scalarrepl -instcombine -reassociate -licm -simplifycfg -loop-simplify -indvars -instcombine -simplifycfg -mem2reg -loop-simplify -indvars -instcombine -gvn -gvn -instcombine -adce -break-crit-edges -simplifycfg -loop-delete -global-array-opt -dce -dse -adce -find-syn-modules -top calo_trigger_stream_ref -deadargelim -mem2reg -instcombine -dce -presyn-prepare -interface-preproc -syn-check -check-rec-only -find-region -simplifycfg -func-extr -function-inline -globaldce -mem2reg -instcombine -dce -gvn -globaldce -adce -adse -constprop -instcombine -bit-constprop -instcombine -dce -simplifycfg -bitop-raise -simplifycfg -dce -loop-delete -reassociate -globalopt -global-privatize -mem2reg -dce -global-constprop -pointer-simplify -constprop -dce -promote-dbg-pointer -norm-name /scratch/emettner/tachep-fpga-project-26/calorimeter/solution1/.autopilot/db/a.g.0.bc -o /scratch/emettner/tachep-fpga-project-26/calorimeter/solution1/.autopilot/db/a.g.1.bc -f -phase std-opt 
Command           transform done; 0.14 sec.
INFO: [HLS 200-111] Finished Standard Transforms: CPU user time: 0.14 seconds. CPU system time: 0.01 seconds. Elapsed time: 0.15 seconds; current allocated memory: 339.117 MB.
INFO: [HLS 200-10] Checking synthesizability ...
INFO-FLOW: Checking Synthesizability 1/2..
Execute           transform -hls -syn-check -check-rec-only -scalarrepl -norm-name -dce -mem2reg -instcombine -directive-preproc -mem2reg -dse -dce -dce -pag -array-normalize -instcombine -dce -array-seg-normalize -instcombine -dce -data-pack -instcombine -dce -inst-simplify -array-flatten -instcombine -dce -array-burst -dce -deadargelim -promote-global-argument -simplifycfg -mem2reg -globaldce -dce -deadargelim -dce -instcombine -function-inline -globaldce -dce -doublePtrSimplify -doublePtrElim -dce -doublePtrSimplify -promote-dbg-pointer -dce -scalarrepl -dse -adse -instcombine -ptrLegalization -simplifycfg -dce -instcombine -pointer-simplify -ptrArgReplace -dce -instcombine -resolve-double-ptr -scalarrepl -norm-name -dce -mem2reg -instcombine -ptrLegalization -simplifycfg -deadargelim -instcombine -dce -inst-simplify -directive-preproc -mem2reg -dse -dce -globaldce /scratch/emettner/tachep-fpga-project-26/calorimeter/solution1/.autopilot/db/a.g.1.bc -o /scratch/emettner/tachep-fpga-project-26/calorimeter/solution1/.autopilot/db/a.g.2.prechk.bc -f 
Command           transform done; 0.13 sec.
INFO-FLOW: Checking Synthesizability 2/2..
Execute           transform -syn-check /scratch/emettner/tachep-fpga-project-26/calorimeter/solution1/.autopilot/db/a.g.2.prechk.bc -o /scratch/emettner/tachep-fpga-project-26/calorimeter/solution1/.autopilot/db/a.g.2.bc -f -phase syn-check 
INFO: [HLS 200-111] Finished Checking Synthesizability: CPU user time: 0.15 seconds. CPU system time: 0 seconds. Elapsed time: 0.16 seconds; current allocated memory: 341.707 MB.
INFO-FLOW: Compiler optimizing ...
INFO-FLOW: Share syncheck's 1.bc for syn flow: copy /scratch/emettner/tachep-fpga-project-26/calorimeter/solution1/.autopilot/db/a.g.1.bc to /scratch/emettner/tachep-fpga-project-26/calorimeter/solution1/.autopilot/db/a.o.1.bc
INFO-FLOW: Presyn 1...
Execute           transform -hls -tmp /scratch/emettner/tachep-fpga-project-26/calorimeter/solution1/.autopilot/db -interface-port-rename -directive-preproc -mem2reg -dse -dce -scalarrepl -norm-name -deadargelim -mem2reg -instcombine -dce -simplifycfg -dce -resource-proc -clib-intrinsic-prepare -dce -func-buffer -dce -pag -array-normalize -func-legal -instcombine -gvn -constprop -dce -simplifycfg -mem2reg -globaldce -resolve-double-ptr -dce -deadargelim -dce -instcombine -ptrArgReplace -mem2reg -dce -array-seg-normalize -deadargelim -instcombine -dce -directive-preproc -mem2reg -dse -dce -pointer-simplify -dce -port-alignment -dce -interface-preproc -data-pack -instcombine -dce -basicaa -aggr-aa -aggrmodref-aa -aggr-aa -gvn -gvn -basicaa -aggr-aa -aggrmodref-aa -aggr-aa -dse -adse -adce -loop-simplify -indvars -instcombine -gvn -loop-simplify -mem2reg -dce -find-region -instcombine -inst-simplify -interface-preproc -cfgopt -instcombine -indvars -loop-simplify -loop-bound -constprop -instcombine -simplifycfg -indvars -simplifycfg -dce -globaldce -clean-region -attach-range -gvn -inst-simplify -constprop -simplifycfg -dce -pointer-simplify -dce -globalopt -constprop -dce -array-promote -constprop -dce -ptrArgReplace -mem2reg -simplifycfg -dce -instcombine -dce -array-transform-check -array-reshape -instcombine -simplifycfg -dce -ptrArgReplace -deadargelim -mem2reg -instcombine -simplifycfg -dce -indvars -loop-simplify -loop-bound -constprop -instcombine -simplifycfg -indvars -simplifycfg -dce -globaldce -basicaa -aggr-aa -aggrmodref-aa -aggr-aa -dse -duplicate-dataflow-processes -globaldce -instcombine -array-partition -prepare-dynamic-array-partition -instcombine -simplifycfg -dce -ptrArgReplace -global-constprop -deadargelim -mem2reg -func-legal -dce -global-constprop -deadargelim -mem2reg -simplifycfg -dce -merge-param -deadargelim -globalopt -constprop -dce -array-promote -constprop -dce -ptrArgReplace -mem2reg -simplifycfg -dce -mem-intrinsic-preproc -dce -global-internalize -global-privatize -mem2reg -globaldce -lcssa -loop-simplify -phi-select-elim -promote-global-argument -ptrArgReplace -mem2reg -dce -globalopt -mergereturn -simplify-global-access -mem2reg -dce -pointer-simplify -dce -basicaa -aggr-aa -aggrmodref-aa -aggr-aa -functionattrs -basicaa -aggr-aa -aggrmodref-aa -aggr-aa -gvn -gvn -basicaa -aggr-aa -aggrmodref-aa -aggr-aa -dse -adse -adce -dce -norm-name -basicaa -aggr-aa -aggrmodref-aa -aggr-aa -accesses-merge -function-inline -complex-op-raise -inst-simplify -globaldce -func-legal -dce -loop-bound -arraycheck -bitwidthmin2 -bitwidthmin2 -on-by-dataflow -loop-delete -instcombine -simplifycfg -globaldce -dce -gvn -deadargelim -dce -loop-simplify -clean-region -simplifycfg -propagate-stable-arguments -loop-stream -instcombine -simplifycfg -dce -globaldce -duplicate-dataflow-processes -stream-intrinsic-preproc -dce -check-ap-stream -loop-simplify -eliminate-keepreads -extract-dataflow-in-loop -loop-simplify -dce -gvn -deadargelim -dse -duplicate-dataflow-processes -check-dataflow-syntax -legalize-stream-variable -globaldce -legalize-global -extract-subproc -dce -dead-channel-elimination -canonicalize-gep -globaldce -dce -gvn -hls-dead-arg-elim -deadargelim -directive-preproc -canonicalize-dataflow -dce -globaldce -scalar-preprocessing -scalar-propagation2 -scalar-stream -deadargelim -globaldce -mem2reg -check-dataflow-channels -function-stream -dce -globaldce -prop-fifo-spec -internal-stream-gen -canonicalize-gep -globaldce -dce -gvn -deadargelim -mergereturn -indvars -loop-simplify -instcombine -array-stream -array-seg-normalize -array-partition -clean-array-spec -func-legal -instcombine -simplifycfg -dce -bundle-memfifo-ops -deadargelim -directive-preproc -mem2reg -dse -dce -group-axi-access -licm -simplifycfg -dce -loop-delete -hls-display -norm-name /scratch/emettner/tachep-fpga-project-26/calorimeter/solution1/.autopilot/db/a.o.1.bc -o /scratch/emettner/tachep-fpga-project-26/calorimeter/solution1/.autopilot/db/a.o.1.tmp.bc -f 
WARNING: [XFORM 203-561] Updating loop lower bound from 0 to 1560 for loop 'VITIS_LOOP_299_2' (calorimeter.cpp:286:6) in function 'select_top_n_from_stream'.
INFO: [XFORM 203-712] Applying dataflow to function 'cluster_sort_build_stream' (calorimeter.cpp:323:1), detected/extracted 3 process function(s): 
	 'produce_cluster_stream_3x3_iso5'
	 'select_top_n_from_stream'
	 'build_trigger_objects'.
Command           transform done; 0.51 sec.
INFO-FLOW: Presyn 2...
Execute           transform -hls -keep-callgraph -scalarrepl -mem2reg -port-alignment -attach-range -dce -pipe-mux-gen -indvars -loop-bound -inst-simplify -instcombine -dce -merge-array-access -mem2reg -dce -clean-region -mergereturn -if-conv -instcombine -dce -constprop -basicaa -aggr-aa -aggrmodref-aa -aggr-aa -gvn -gvn -basicaa -aggr-aa -aggrmodref-aa -aggr-aa -dse -adse -adce -scalarrepl -mem2reg -global-constprop -deadargelim -deadargelim -instcombine -dce -simplifycfg -ptrArgReplace -mem2reg -function-inline -globaldce -mem2reg -instcombine -dce -expr-balance -instcombine -dce -bitwidthmin2 -bitwidthmin2 -interface-preproc -directive-preproc -inst-rectify -instcombine -dce -basicaa -aggr-aa -aggrmodref-aa -aggr-aa -functionattrs -constprop -instcombine -bit-constprop -simplify-global-access -globalopt -globaldce -inst-simplify -instcombine -elimdeaddata -dce -loop-delete -simplifycfg -loop-simplify -barrier -norm-name /scratch/emettner/tachep-fpga-project-26/calorimeter/solution1/.autopilot/db/a.o.1.tmp.bc -o /scratch/emettner/tachep-fpga-project-26/calorimeter/solution1/.autopilot/db/a.o.2.bc -f -phase presyn 
INFO: [XFORM 203-401] Performing if-conversion on hyperblock from (./calorimeter.h:290:9) to (./calorimeter.h:289:27) in function 'find_clusters_stream<3, 5>'... converting 5 basic blocks.
INFO: [XFORM 203-401] Performing if-conversion on hyperblock from (calorimeter.cpp:184:30) to (calorimeter.cpp:204:1) in function 'build_trigger_objects'... converting 17 basic blocks.
INFO: [XFORM 203-11] Balancing expressions in function 'find_clusters_stream<3, 5>' (./calorimeter.h:138:27)...28 expression(s) balanced.
Command           transform done; 0.31 sec.
INFO: [HLS 200-111] Finished Loop, function and other optimizations: CPU user time: 0.79 seconds. CPU system time: 0.03 seconds. Elapsed time: 0.82 seconds; current allocated memory: 368.043 MB.
Execute           transform -hls -auto-function-inline -globaldce -ptrArgReplace -mem2reg -dce -reset-lda -loop-simplify -indvars -aggr-aa -licm -loop-dep -loop-bound -licm -loop-simplify -loop-sink-hoist -flattenloopnest -array-flatten -gvn -instcombine -dce -array-map -dce -func-legal -gvn -adce -instcombine -cfgopt -simplifycfg-lite -loop-simplify -array-burst -promote-global-argument -dce -array-seg-normalize -basicaa -aggrmodref-aa -globalsmodref-aa -aggr-aa -gvn -gvn -basicaa -aggrmodref-aa -globalsmodref-aa -aggr-aa -dse -adse -adce -licm -inst-simplify -dce -globaldce -instcombine -array-stream -eliminate-keepreads -instcombine -dce -deadargelim -doublePtrSimplify -doublePtrElim -dce -doublePtrSimplify -promote-dbg-pointer -dce -scalarrepl -mem2reg -norm-name -mem2reg -instcombine -dse -adse -adce -ptrLegalization -dce -array-flatten -dce -instcombine -check-doubleptr -loop-rot -constprop -inst-simplify -cfgopt -simplifycfg-lite -loop-simplify -indvars -pointer-simplify -dce -loop-bound -loop-simplify -loop-preproc -constprop -global-constprop -gvn -mem2reg -instcombine -dce -loop-bound -loop-merge -dce -deadargelim -dce -canonicalize-dataflow -dce -deadargelim -globaldce -mem2reg -bram-byte-enable -inst-simplify -inst-rectify -instcombine -adce -deadargelim -load-elim -read-loop-dep -loop-simplify -loop-extract-inner -directive-preproc -bitwidthmin2 -bitwidthmin2 -read-loop-dep -interface-preproc -directive-preproc -interface-gen -bram-byte-enable-spec-prop -mul2addshift -deadargelim -inst-simplify -dce -mem2reg -instcombine -gvn -dce -adse -loop-bound -instcombine -cfgopt -simplifycfg-lite -loop-simplify -clean-region -io-protocol -find-region -mem2reg -bitop-raise -complex-op-raise -inst-simplify -inst-rectify -instcombine -adce -deadargelim -float-op-raise -loop-simplify -phi-opt -bitop-raise -cfgopt -simplifycfg-lite -strip-dead-prototypes -interface-lower -bitop-lower -intrinsic-lower -auto-function-inline -basicaa -aggrmodref-aa -globalsmodref-aa -aggr-aa -inst-simplify -simplifycfg-lite -loop-simplify -mergereturn -inst-simplify -inst-rectify -globaldce -dce -load-elim -bitop-lower -float-op-raise -fma-raise -loop-rewind -pointer-simplify -dce -cfgopt -dce -loop-bound -loop-dep -read-loop-dep -dce -dyn-mem-reuse -dce -recurrence-min -dce -share-scalar-alloca -deadargelim -dce -check-stream -norm-name -legalize -inst-clarity -bitwidth -dce -validate-dataflow -dump-loop-dep-to-ir -check-all-ssdm -dump-complexity-metric /scratch/emettner/tachep-fpga-project-26/calorimeter/solution1/.autopilot/db/a.o.2.bc -o /scratch/emettner/tachep-fpga-project-26/calorimeter/solution1/.autopilot/db/a.o.3.bc -f -phase build-ssdm 
INFO: [HLS 200-2061] Successfully converted nested loops 'VITIS_LOOP_288_1'(./calorimeter.h:288:23) and 'VITIS_LOOP_289_2'(./calorimeter.h:289:27) in function 'find_clusters_stream<3, 5>' into perfectly nested loops.
INFO: [HLS 200-2061] Successfully converted nested loops 'HT_ETA'(calorimeter.cpp:160:13) and 'HT_PHI'(calorimeter.cpp:161:17) in function 'calo_trigger_stream_ref' into perfectly nested loops.
INFO: [XFORM 203-541] Flattening a loop nest 'VITIS_LOOP_288_1' (./calorimeter.h:288:23) in function 'find_clusters_stream<3, 5>'.
INFO: [XFORM 203-541] Flattening a loop nest 'HT_ETA' (calorimeter.cpp:160:13) in function 'calo_trigger_stream_ref'.
Execute             auto_get_db
Command           transform done; 0.44 sec.
INFO-FLOW: Building ssdm...
Execute           transform -hls -cdfg-build /scratch/emettner/tachep-fpga-project-26/calorimeter/solution1/.autopilot/db/a.o.3.bc -o /scratch/emettner/tachep-fpga-project-26/calorimeter/solution1/.autopilot/db/a.o.3.bc -f -phase build-ssdm 
WARNING: [HLS 200-1450] Process select_top_n_from_stream has both a successor and writes an output to its caller (see the GUI dataflow viewer). This may lead to lower throughput. Consider copying this output via a successor process.
Command           transform done; 0.18 sec.
INFO: [HLS 200-111] Finished Architecture Synthesis: CPU user time: 0.54 seconds. CPU system time: 0.02 seconds. Elapsed time: 0.62 seconds; current allocated memory: 409.938 MB.
INFO-FLOW: Finish building internal data model.
Command         opt_and_import_c done; 1.75 sec.
Command       elaborate done; 21.09 sec.
Execute       ap_eval exec zip -j /scratch/emettner/tachep-fpga-project-26/calorimeter/solution1/.autopilot/db/dut.hcp $dbDir/a.o.3.bc $dbDir/${topname}.rtl_wrap.cfg.tcl $dbDir/apatb_${topname}.cpp $dbDir/apatb_${topname}_util.cpp $dbDir/apatb_${topname}_ir.ll $dbDir/mapper_${topname}.cpp $dbDir/top-io-fe.xml $dbDir/kernel.internal.xml $workdir/../hls.app 
Execute       autosyn -from_csynth_design=1 
INFO: [HLS 200-10] Starting hardware synthesis ...
INFO-FLOW: Synthesizing C/C++ design ...
INFO: [HLS 200-10] Synthesizing 'calo_trigger_stream_ref' ...
Execute         ap_set_top_model calo_trigger_stream_ref 
WARNING: [SYN 201-103] Legalizing function name 'find_clusters_stream<3, 5>' to 'find_clusters_stream_3_5_s'.
Execute         get_model_list calo_trigger_stream_ref -filter all-wo-channel -topdown 
Execute         preproc_iomode -model calo_trigger_stream_ref 
Execute         preproc_iomode -model cluster_sort_build_stream 
Execute         preproc_iomode -model build_trigger_objects 
Execute         preproc_iomode -model select_top_n_from_stream 
Execute         preproc_iomode -model produce_cluster_stream_3x3_iso5 
Execute         preproc_iomode -model find_clusters_stream<3, 5> 
Execute         get_model_list calo_trigger_stream_ref -filter all-wo-channel 
INFO-FLOW: Model list for configure: {find_clusters_stream<3, 5>} produce_cluster_stream_3x3_iso5 select_top_n_from_stream build_trigger_objects cluster_sort_build_stream calo_trigger_stream_ref
INFO-FLOW: Configuring Module : find_clusters_stream<3, 5> ...
Execute         set_default_model find_clusters_stream<3, 5> 
Execute         apply_spec_resource_limit find_clusters_stream<3, 5> 
INFO-FLOW: Configuring Module : produce_cluster_stream_3x3_iso5 ...
Execute         set_default_model produce_cluster_stream_3x3_iso5 
Execute         apply_spec_resource_limit produce_cluster_stream_3x3_iso5 
INFO-FLOW: Configuring Module : select_top_n_from_stream ...
Execute         set_default_model select_top_n_from_stream 
Execute         apply_spec_resource_limit select_top_n_from_stream 
INFO-FLOW: Configuring Module : build_trigger_objects ...
Execute         set_default_model build_trigger_objects 
Execute         apply_spec_resource_limit build_trigger_objects 
INFO-FLOW: Configuring Module : cluster_sort_build_stream ...
Execute         set_default_model cluster_sort_build_stream 
Execute         apply_spec_resource_limit cluster_sort_build_stream 
INFO-FLOW: Configuring Module : calo_trigger_stream_ref ...
Execute         set_default_model calo_trigger_stream_ref 
Execute         apply_spec_resource_limit calo_trigger_stream_ref 
INFO-FLOW: Model list for preprocess: {find_clusters_stream<3, 5>} produce_cluster_stream_3x3_iso5 select_top_n_from_stream build_trigger_objects cluster_sort_build_stream calo_trigger_stream_ref
INFO-FLOW: Preprocessing Module: find_clusters_stream<3, 5> ...
Execute         set_default_model find_clusters_stream<3, 5> 
Execute         cdfg_preprocess -model find_clusters_stream<3, 5> 
Execute         rtl_gen_preprocess find_clusters_stream<3, 5> 
INFO-FLOW: Preprocessing Module: produce_cluster_stream_3x3_iso5 ...
Execute         set_default_model produce_cluster_stream_3x3_iso5 
Execute         cdfg_preprocess -model produce_cluster_stream_3x3_iso5 
Execute         rtl_gen_preprocess produce_cluster_stream_3x3_iso5 
INFO-FLOW: Preprocessing Module: select_top_n_from_stream ...
Execute         set_default_model select_top_n_from_stream 
Execute         cdfg_preprocess -model select_top_n_from_stream 
Command         cdfg_preprocess done; 0.11 sec.
Execute         rtl_gen_preprocess select_top_n_from_stream 
INFO-FLOW: Preprocessing Module: build_trigger_objects ...
Execute         set_default_model build_trigger_objects 
Execute         cdfg_preprocess -model build_trigger_objects 
Execute         rtl_gen_preprocess build_trigger_objects 
INFO-FLOW: Preprocessing Module: cluster_sort_build_stream ...
Execute         set_default_model cluster_sort_build_stream 
Execute         cdfg_preprocess -model cluster_sort_build_stream 
Execute         rtl_gen_preprocess cluster_sort_build_stream 
INFO-FLOW: Preprocessing Module: calo_trigger_stream_ref ...
Execute         set_default_model calo_trigger_stream_ref 
Execute         cdfg_preprocess -model calo_trigger_stream_ref 
Execute         rtl_gen_preprocess calo_trigger_stream_ref 
INFO-FLOW: Model list for synthesis: {find_clusters_stream<3, 5>} produce_cluster_stream_3x3_iso5 select_top_n_from_stream build_trigger_objects cluster_sort_build_stream calo_trigger_stream_ref
INFO: [HLS 200-10] ----------------------------------------------------------------
INFO: [HLS 200-42] -- Implementing module 'find_clusters_stream_3_5_s' 
INFO: [HLS 200-10] ----------------------------------------------------------------
Execute         set_default_model find_clusters_stream<3, 5> 
Execute         schedule -model find_clusters_stream<3, 5> 
INFO: [SCHED 204-11] Starting scheduling ...
INFO: [SCHED 204-61] Pipelining loop 'VITIS_LOOP_288_1_VITIS_LOOP_289_2'.
WARNING: [HLS 200-885] The II Violation in module 'find_clusters_stream_3_5_s' (loop 'VITIS_LOOP_288_1_VITIS_LOOP_289_2'): Unable to schedule 'load' operation 12 bit ('neighbor', ./calorimeter.h:196->./calorimeter.h:303) on array 'towers' due to limited memory ports (II = 1). Please consider using a memory core with more ports or partitioning the array 'towers'.
WARNING: [HLS 200-885] The II Violation in module 'find_clusters_stream_3_5_s' (loop 'VITIS_LOOP_288_1_VITIS_LOOP_289_2'): Unable to schedule 'load' operation 12 bit ('neighbor', ./calorimeter.h:196->./calorimeter.h:303) on array 'towers' due to limited memory ports (II = 2). Please consider using a memory core with more ports or partitioning the array 'towers'.
WARNING: [HLS 200-885] The II Violation in module 'find_clusters_stream_3_5_s' (loop 'VITIS_LOOP_288_1_VITIS_LOOP_289_2'): Unable to schedule 'load' operation 12 bit ('neighbor', ./calorimeter.h:196->./calorimeter.h:303) on array 'towers' due to limited memory ports (II = 3). Please consider using a memory core with more ports or partitioning the array 'towers'.
WARNING: [HLS 200-885] The II Violation in module 'find_clusters_stream_3_5_s' (loop 'VITIS_LOOP_288_1_VITIS_LOOP_289_2'): Unable to schedule 'load' operation 12 bit ('neighbor', ./calorimeter.h:196->./calorimeter.h:303) on array 'towers' due to limited memory ports (II = 4). Please consider using a memory core with more ports or partitioning the array 'towers'.
WARNING: [HLS 200-885] The II Violation in module 'find_clusters_stream_3_5_s' (loop 'VITIS_LOOP_288_1_VITIS_LOOP_289_2'): Unable to schedule 'load' operation 12 bit ('towers_load_11', ./calorimeter.h:167->./calorimeter.h:219->./calorimeter.h:310) on array 'towers' due to limited memory ports (II = 11). Please consider using a memory core with more ports or partitioning the array 'towers'.
WARNING: [HLS 200-885] The II Violation in module 'find_clusters_stream_3_5_s' (loop 'VITIS_LOOP_288_1_VITIS_LOOP_289_2'): Unable to schedule 'load' operation 12 bit ('towers_load_13', ./calorimeter.h:167->./calorimeter.h:219->./calorimeter.h:310) on array 'towers' due to limited memory ports (II = 12). Please consider using a memory core with more ports or partitioning the array 'towers'.
INFO: [HLS 200-1470] Pipelining result : Target II = 1, Final II = 13, Depth = 14, loop 'VITIS_LOOP_288_1_VITIS_LOOP_289_2'
INFO: [SCHED 204-11] Finished scheduling.
Command         schedule done; 1.04 sec.
INFO: [HLS 200-111] Finished Scheduling: CPU user time: 1.14 seconds. CPU system time: 0.04 seconds. Elapsed time: 1.24 seconds; current allocated memory: 414.113 MB.
Execute         syn_report -verbosereport -o /scratch/emettner/tachep-fpga-project-26/calorimeter/solution1/.autopilot/db/find_clusters_stream_3_5_s.verbose.sched.rpt 
Execute           list_part -family xcvu13p-fsga2577-2-e 
Execute             ap_family_info -name xcvu13p-fsga2577-2-e -data names 
Execute             ap_part_info -quiet -name xcvu13p-fsga2577-2-e -data family 
Execute         db_write -o /scratch/emettner/tachep-fpga-project-26/calorimeter/solution1/.autopilot/db/find_clusters_stream_3_5_s.sched.adb -f 
INFO-FLOW: Finish scheduling find_clusters_stream<3, 5>.
Execute         set_default_model find_clusters_stream<3, 5> 
Execute         bind -model find_clusters_stream<3, 5> 
INFO: [BIND 205-100] Starting micro-architecture generation ...
INFO: [BIND 205-101] Performing variable lifetime analysis.
INFO: [BIND 205-101] Exploring resource sharing.
INFO: [BIND 205-101] Binding ...
INFO: [BIND 205-100] Finished micro-architecture generation.
INFO: [HLS 200-111] Finished Binding: CPU user time: 0.1 seconds. CPU system time: 0.02 seconds. Elapsed time: 0.14 seconds; current allocated memory: 414.113 MB.
Execute         syn_report -verbosereport -o /scratch/emettner/tachep-fpga-project-26/calorimeter/solution1/.autopilot/db/find_clusters_stream_3_5_s.verbose.bind.rpt 
Execute           list_part -family xcvu13p-fsga2577-2-e 
Execute             ap_family_info -name xcvu13p-fsga2577-2-e -data names 
Execute             ap_part_info -quiet -name xcvu13p-fsga2577-2-e -data family 
Execute         db_write -o /scratch/emettner/tachep-fpga-project-26/calorimeter/solution1/.autopilot/db/find_clusters_stream_3_5_s.bind.adb -f 
INFO-FLOW: Finish binding find_clusters_stream<3, 5>.
INFO: [HLS 200-10] ----------------------------------------------------------------
INFO: [HLS 200-42] -- Implementing module 'produce_cluster_stream_3x3_iso5' 
INFO: [HLS 200-10] ----------------------------------------------------------------
Execute         set_default_model produce_cluster_stream_3x3_iso5 
Execute         schedule -model produce_cluster_stream_3x3_iso5 
INFO: [SCHED 204-11] Starting scheduling ...
INFO: [SCHED 204-11] Finished scheduling.
INFO: [HLS 200-111] Finished Scheduling: CPU user time: 0.07 seconds. CPU system time: 0.01 seconds. Elapsed time: 0.1 seconds; current allocated memory: 414.113 MB.
Execute         syn_report -verbosereport -o /scratch/emettner/tachep-fpga-project-26/calorimeter/solution1/.autopilot/db/produce_cluster_stream_3x3_iso5.verbose.sched.rpt 
Execute           list_part -family xcvu13p-fsga2577-2-e 
Execute             ap_family_info -name xcvu13p-fsga2577-2-e -data names 
Execute             ap_part_info -quiet -name xcvu13p-fsga2577-2-e -data family 
Execute         db_write -o /scratch/emettner/tachep-fpga-project-26/calorimeter/solution1/.autopilot/db/produce_cluster_stream_3x3_iso5.sched.adb -f 
INFO-FLOW: Finish scheduling produce_cluster_stream_3x3_iso5.
Execute         set_default_model produce_cluster_stream_3x3_iso5 
Execute         bind -model produce_cluster_stream_3x3_iso5 
INFO: [BIND 205-100] Starting micro-architecture generation ...
INFO: [BIND 205-101] Performing variable lifetime analysis.
INFO: [BIND 205-101] Exploring resource sharing.
INFO: [BIND 205-101] Binding ...
INFO: [BIND 205-100] Finished micro-architecture generation.
INFO: [HLS 200-111] Finished Binding: CPU user time: 0.02 seconds. CPU system time: 0.01 seconds. Elapsed time: 0.04 seconds; current allocated memory: 414.113 MB.
Execute         syn_report -verbosereport -o /scratch/emettner/tachep-fpga-project-26/calorimeter/solution1/.autopilot/db/produce_cluster_stream_3x3_iso5.verbose.bind.rpt 
Execute           list_part -family xcvu13p-fsga2577-2-e 
Execute             ap_family_info -name xcvu13p-fsga2577-2-e -data names 
Execute             ap_part_info -quiet -name xcvu13p-fsga2577-2-e -data family 
Execute         db_write -o /scratch/emettner/tachep-fpga-project-26/calorimeter/solution1/.autopilot/db/produce_cluster_stream_3x3_iso5.bind.adb -f 
INFO-FLOW: Finish binding produce_cluster_stream_3x3_iso5.
INFO: [HLS 200-10] ----------------------------------------------------------------
INFO: [HLS 200-42] -- Implementing module 'select_top_n_from_stream' 
INFO: [HLS 200-10] ----------------------------------------------------------------
Execute         set_default_model select_top_n_from_stream 
Execute         schedule -model select_top_n_from_stream 
INFO: [SCHED 204-11] Starting scheduling ...
WARNING: [SCHED 204-65] Unable to satisfy pipeline directive for loop 'VITIS_LOOP_299_2': contains subloop(s) that are not unrolled or flattened.
INFO: [SCHED 204-11] Finished scheduling.
Command         schedule done; 1.2 sec.
INFO: [HLS 200-111] Finished Scheduling: CPU user time: 1.14 seconds. CPU system time: 0.03 seconds. Elapsed time: 1.24 seconds; current allocated memory: 429.922 MB.
Execute         syn_report -verbosereport -o /scratch/emettner/tachep-fpga-project-26/calorimeter/solution1/.autopilot/db/select_top_n_from_stream.verbose.sched.rpt 
Execute           list_part -family xcvu13p-fsga2577-2-e 
Execute             ap_family_info -name xcvu13p-fsga2577-2-e -data names 
Execute             ap_part_info -quiet -name xcvu13p-fsga2577-2-e -data family 
Command         syn_report done; 0.15 sec.
Execute         db_write -o /scratch/emettner/tachep-fpga-project-26/calorimeter/solution1/.autopilot/db/select_top_n_from_stream.sched.adb -f 
Command         db_write done; 0.12 sec.
INFO-FLOW: Finish scheduling select_top_n_from_stream.
Execute         set_default_model select_top_n_from_stream 
Execute         bind -model select_top_n_from_stream 
INFO: [BIND 205-100] Starting micro-architecture generation ...
INFO: [BIND 205-101] Performing variable lifetime analysis.
INFO: [BIND 205-101] Exploring resource sharing.
INFO: [BIND 205-101] Binding ...
INFO: [BIND 205-100] Finished micro-architecture generation.
Command         bind done; 0.17 sec.
INFO: [HLS 200-111] Finished Binding: CPU user time: 0.41 seconds. CPU system time: 0.02 seconds. Elapsed time: 0.44 seconds; current allocated memory: 429.922 MB.
Execute         syn_report -verbosereport -o /scratch/emettner/tachep-fpga-project-26/calorimeter/solution1/.autopilot/db/select_top_n_from_stream.verbose.bind.rpt 
Execute           list_part -family xcvu13p-fsga2577-2-e 
Execute             ap_family_info -name xcvu13p-fsga2577-2-e -data names 
Execute             ap_part_info -quiet -name xcvu13p-fsga2577-2-e -data family 
Command         syn_report done; 0.13 sec.
Execute         db_write -o /scratch/emettner/tachep-fpga-project-26/calorimeter/solution1/.autopilot/db/select_top_n_from_stream.bind.adb -f 
Command         db_write done; 0.22 sec.
INFO-FLOW: Finish binding select_top_n_from_stream.
INFO: [HLS 200-10] ----------------------------------------------------------------
INFO: [HLS 200-42] -- Implementing module 'build_trigger_objects' 
INFO: [HLS 200-10] ----------------------------------------------------------------
Execute         set_default_model build_trigger_objects 
Execute         schedule -model build_trigger_objects 
INFO: [SCHED 204-11] Starting scheduling ...
INFO: [SCHED 204-11] Finished scheduling.
INFO: [HLS 200-111] Finished Scheduling: CPU user time: 0.42 seconds. CPU system time: 0.04 seconds. Elapsed time: 0.49 seconds; current allocated memory: 429.922 MB.
Execute         syn_report -verbosereport -o /scratch/emettner/tachep-fpga-project-26/calorimeter/solution1/.autopilot/db/build_trigger_objects.verbose.sched.rpt 
Execute           list_part -family xcvu13p-fsga2577-2-e 
Execute             ap_family_info -name xcvu13p-fsga2577-2-e -data names 
Execute             ap_part_info -quiet -name xcvu13p-fsga2577-2-e -data family 
Execute         db_write -o /scratch/emettner/tachep-fpga-project-26/calorimeter/solution1/.autopilot/db/build_trigger_objects.sched.adb -f 
INFO-FLOW: Finish scheduling build_trigger_objects.
Execute         set_default_model build_trigger_objects 
Execute         bind -model build_trigger_objects 
INFO: [BIND 205-100] Starting micro-architecture generation ...
INFO: [BIND 205-101] Performing variable lifetime analysis.
INFO: [BIND 205-101] Exploring resource sharing.
INFO: [BIND 205-101] Binding ...
INFO: [BIND 205-100] Finished micro-architecture generation.
INFO: [HLS 200-111] Finished Binding: CPU user time: 0.04 seconds. CPU system time: 0.01 seconds. Elapsed time: 0.07 seconds; current allocated memory: 429.922 MB.
Execute         syn_report -verbosereport -o /scratch/emettner/tachep-fpga-project-26/calorimeter/solution1/.autopilot/db/build_trigger_objects.verbose.bind.rpt 
Execute           list_part -family xcvu13p-fsga2577-2-e 
Execute             ap_family_info -name xcvu13p-fsga2577-2-e -data names 
Execute             ap_part_info -quiet -name xcvu13p-fsga2577-2-e -data family 
Execute         db_write -o /scratch/emettner/tachep-fpga-project-26/calorimeter/solution1/.autopilot/db/build_trigger_objects.bind.adb -f 
INFO-FLOW: Finish binding build_trigger_objects.
INFO: [HLS 200-10] ----------------------------------------------------------------
INFO: [HLS 200-42] -- Implementing module 'cluster_sort_build_stream' 
INFO: [HLS 200-10] ----------------------------------------------------------------
Execute         set_default_model cluster_sort_build_stream 
Execute         schedule -model cluster_sort_build_stream 
INFO: [SCHED 204-11] Starting scheduling ...
INFO: [SCHED 204-11] Finished scheduling.
INFO: [HLS 200-111] Finished Scheduling: CPU user time: 0.08 seconds. CPU system time: 0 seconds. Elapsed time: 0.1 seconds; current allocated memory: 429.922 MB.
Execute         syn_report -verbosereport -o /scratch/emettner/tachep-fpga-project-26/calorimeter/solution1/.autopilot/db/cluster_sort_build_stream.verbose.sched.rpt 
Execute           list_part -family xcvu13p-fsga2577-2-e 
Execute             ap_family_info -name xcvu13p-fsga2577-2-e -data names 
Execute             ap_part_info -quiet -name xcvu13p-fsga2577-2-e -data family 
Execute         db_write -o /scratch/emettner/tachep-fpga-project-26/calorimeter/solution1/.autopilot/db/cluster_sort_build_stream.sched.adb -f 
INFO-FLOW: Finish scheduling cluster_sort_build_stream.
Execute         set_default_model cluster_sort_build_stream 
Execute         bind -model cluster_sort_build_stream 
INFO: [BIND 205-100] Starting micro-architecture generation ...
INFO: [BIND 205-101] Performing variable lifetime analysis.
INFO: [BIND 205-101] Exploring resource sharing.
INFO: [BIND 205-101] Binding ...
INFO: [BIND 205-100] Finished micro-architecture generation.
INFO: [HLS 200-111] Finished Binding: CPU user time: 0.04 seconds. CPU system time: 0.01 seconds. Elapsed time: 0.06 seconds; current allocated memory: 429.922 MB.
Execute         syn_report -verbosereport -o /scratch/emettner/tachep-fpga-project-26/calorimeter/solution1/.autopilot/db/cluster_sort_build_stream.verbose.bind.rpt 
Execute           list_part -family xcvu13p-fsga2577-2-e 
Execute             ap_family_info -name xcvu13p-fsga2577-2-e -data names 
Execute             ap_part_info -quiet -name xcvu13p-fsga2577-2-e -data family 
Execute         db_write -o /scratch/emettner/tachep-fpga-project-26/calorimeter/solution1/.autopilot/db/cluster_sort_build_stream.bind.adb -f 
INFO-FLOW: Finish binding cluster_sort_build_stream.
INFO: [HLS 200-10] ----------------------------------------------------------------
INFO: [HLS 200-42] -- Implementing module 'calo_trigger_stream_ref' 
INFO: [HLS 200-10] ----------------------------------------------------------------
Execute         set_default_model calo_trigger_stream_ref 
Execute         schedule -model calo_trigger_stream_ref 
INFO: [SCHED 204-11] Starting scheduling ...
INFO: [SCHED 204-61] Pipelining loop 'HT_ETA_HT_PHI'.
INFO: [HLS 200-1470] Pipelining result : Target II = 1, Final II = 1, Depth = 2, loop 'HT_ETA_HT_PHI'
INFO: [SCHED 204-11] Finished scheduling.
INFO: [HLS 200-111] Finished Scheduling: CPU user time: 0.11 seconds. CPU system time: 0 seconds. Elapsed time: 0.14 seconds; current allocated memory: 429.922 MB.
Execute         syn_report -verbosereport -o /scratch/emettner/tachep-fpga-project-26/calorimeter/solution1/.autopilot/db/calo_trigger_stream_ref.verbose.sched.rpt 
Execute           list_part -family xcvu13p-fsga2577-2-e 
Execute             ap_family_info -name xcvu13p-fsga2577-2-e -data names 
Execute             ap_part_info -quiet -name xcvu13p-fsga2577-2-e -data family 
Execute         db_write -o /scratch/emettner/tachep-fpga-project-26/calorimeter/solution1/.autopilot/db/calo_trigger_stream_ref.sched.adb -f 
INFO-FLOW: Finish scheduling calo_trigger_stream_ref.
Execute         set_default_model calo_trigger_stream_ref 
Execute         bind -model calo_trigger_stream_ref 
INFO: [BIND 205-100] Starting micro-architecture generation ...
INFO: [BIND 205-101] Performing variable lifetime analysis.
INFO: [BIND 205-101] Exploring resource sharing.
INFO: [BIND 205-101] Binding ...
INFO: [BIND 205-100] Finished micro-architecture generation.
INFO: [HLS 200-111] Finished Binding: CPU user time: 0.04 seconds. CPU system time: 0.01 seconds. Elapsed time: 0.06 seconds; current allocated memory: 429.922 MB.
Execute         syn_report -verbosereport -o /scratch/emettner/tachep-fpga-project-26/calorimeter/solution1/.autopilot/db/calo_trigger_stream_ref.verbose.bind.rpt 
Execute           list_part -family xcvu13p-fsga2577-2-e 
Execute             ap_family_info -name xcvu13p-fsga2577-2-e -data names 
Execute             ap_part_info -quiet -name xcvu13p-fsga2577-2-e -data family 
Execute         db_write -o /scratch/emettner/tachep-fpga-project-26/calorimeter/solution1/.autopilot/db/calo_trigger_stream_ref.bind.adb -f 
INFO-FLOW: Finish binding calo_trigger_stream_ref.
Execute         get_model_list calo_trigger_stream_ref -filter all-wo-channel 
INFO-FLOW: Preprocessing for RTLGen ...
Execute         rtl_gen_preprocess find_clusters_stream<3, 5> 
Execute         rtl_gen_preprocess produce_cluster_stream_3x3_iso5 
Execute         rtl_gen_preprocess select_top_n_from_stream 
Execute         rtl_gen_preprocess build_trigger_objects 
Execute         rtl_gen_preprocess cluster_sort_build_stream 
Execute         rtl_gen_preprocess calo_trigger_stream_ref 
INFO-FLOW: Model list for RTL generation: {find_clusters_stream<3, 5>} produce_cluster_stream_3x3_iso5 select_top_n_from_stream build_trigger_objects cluster_sort_build_stream calo_trigger_stream_ref
INFO: [HLS 200-10] ----------------------------------------------------------------
INFO: [HLS 200-10] -- Generating RTL for module 'find_clusters_stream_3_5_s' 
INFO: [HLS 200-10] ----------------------------------------------------------------
Execute         create_rtl_model find_clusters_stream<3, 5> -top_prefix calo_trigger_stream_ref_ -sub_prefix calo_trigger_stream_ref_ -mg_file /scratch/emettner/tachep-fpga-project-26/calorimeter/solution1/.autopilot/db/find_clusters_stream_3_5_s.compgen.tcl 
INFO: [HLS 200-1030] Apply Unified Pipeline Control on module 'find_clusters_stream_3_5_s' pipeline 'VITIS_LOOP_288_1_VITIS_LOOP_289_2' pipeline type 'loop pipeline'
WARNING: [RTGEN 206-101] Setting dangling out port 'find_clusters_stream_3_5_s/towers_WEN_A' to 0.
WARNING: [RTGEN 206-101] Setting dangling out port 'find_clusters_stream_3_5_s/towers_Din_A' to 0.
WARNING: [RTGEN 206-101] Setting dangling out port 'find_clusters_stream_3_5_s/towers_WEN_B' to 0.
WARNING: [RTGEN 206-101] Setting dangling out port 'find_clusters_stream_3_5_s/towers_Din_B' to 0.
INFO: [RTGEN 206-100] Finished creating RTL model for 'find_clusters_stream_3_5_s'.
Command         create_rtl_model done; 0.15 sec.
INFO: [HLS 200-111] Finished Creating RTL model: CPU user time: 0.16 seconds. CPU system time: 0.01 seconds. Elapsed time: 0.22 seconds; current allocated memory: 429.922 MB.
Execute         source /scratch/emettner/tachep-fpga-project-26/calorimeter/solution1/.autopilot/db/calo_trigger_stream_ref.rtl_wrap.cfg.tcl 
Execute         gen_rtl find_clusters_stream<3, 5> -style xilinx -f -lang vhdl -o /scratch/emettner/tachep-fpga-project-26/calorimeter/solution1/syn/vhdl/calo_trigger_stream_ref_find_clusters_stream_3_5_s 
Execute         gen_rtl find_clusters_stream<3, 5> -style xilinx -f -lang vlog -o /scratch/emettner/tachep-fpga-project-26/calorimeter/solution1/syn/verilog/calo_trigger_stream_ref_find_clusters_stream_3_5_s 
Execute         syn_report -csynth -model find_clusters_stream<3, 5> -o /scratch/emettner/tachep-fpga-project-26/calorimeter/solution1/syn/report/find_clusters_stream_3_5_s_csynth.rpt 
Execute           list_part -family xcvu13p-fsga2577-2-e 
Execute             ap_family_info -name xcvu13p-fsga2577-2-e -data names 
Execute             ap_part_info -quiet -name xcvu13p-fsga2577-2-e -data family 
Execute         syn_report -rtlxml -model find_clusters_stream<3, 5> -o /scratch/emettner/tachep-fpga-project-26/calorimeter/solution1/syn/report/find_clusters_stream_3_5_s_csynth.xml 
Execute           list_part -family xcvu13p-fsga2577-2-e 
Execute             ap_family_info -name xcvu13p-fsga2577-2-e -data names 
Execute             ap_part_info -quiet -name xcvu13p-fsga2577-2-e -data family 
Execute         syn_report -verbosereport -model find_clusters_stream<3, 5> -o /scratch/emettner/tachep-fpga-project-26/calorimeter/solution1/.autopilot/db/find_clusters_stream_3_5_s.verbose.rpt 
Execute           list_part -family xcvu13p-fsga2577-2-e 
Execute             ap_family_info -name xcvu13p-fsga2577-2-e -data names 
Execute             ap_part_info -quiet -name xcvu13p-fsga2577-2-e -data family 
Execute         db_write -model find_clusters_stream<3, 5> -f -o /scratch/emettner/tachep-fpga-project-26/calorimeter/solution1/.autopilot/db/find_clusters_stream_3_5_s.adb 
Execute         db_write -model find_clusters_stream<3, 5> -bindview -o /scratch/emettner/tachep-fpga-project-26/calorimeter/solution1/.autopilot/db/design.bindinfo.xml 
Execute         gen_tb_info find_clusters_stream<3, 5> -p /scratch/emettner/tachep-fpga-project-26/calorimeter/solution1/.autopilot/db -o /scratch/emettner/tachep-fpga-project-26/calorimeter/solution1/.autopilot/db/find_clusters_stream_3_5_s 
INFO: [HLS 200-10] ----------------------------------------------------------------
INFO: [HLS 200-10] -- Generating RTL for module 'produce_cluster_stream_3x3_iso5' 
INFO: [HLS 200-10] ----------------------------------------------------------------
Execute         create_rtl_model produce_cluster_stream_3x3_iso5 -top_prefix calo_trigger_stream_ref_ -sub_prefix calo_trigger_stream_ref_ -mg_file /scratch/emettner/tachep-fpga-project-26/calorimeter/solution1/.autopilot/db/produce_cluster_stream_3x3_iso5.compgen.tcl 
WARNING: [RTGEN 206-101] Setting dangling out port 'produce_cluster_stream_3x3_iso5/towers_WEN_A' to 0.
WARNING: [RTGEN 206-101] Setting dangling out port 'produce_cluster_stream_3x3_iso5/towers_Din_A' to 0.
WARNING: [RTGEN 206-101] Setting dangling out port 'produce_cluster_stream_3x3_iso5/towers_WEN_B' to 0.
WARNING: [RTGEN 206-101] Setting dangling out port 'produce_cluster_stream_3x3_iso5/towers_Din_B' to 0.
INFO: [RTGEN 206-100] Finished creating RTL model for 'produce_cluster_stream_3x3_iso5'.
INFO: [HLS 200-111] Finished Creating RTL model: CPU user time: 0.27 seconds. CPU system time: 0.02 seconds. Elapsed time: 0.35 seconds; current allocated memory: 429.922 MB.
Execute         source /scratch/emettner/tachep-fpga-project-26/calorimeter/solution1/.autopilot/db/calo_trigger_stream_ref.rtl_wrap.cfg.tcl 
Execute         gen_rtl produce_cluster_stream_3x3_iso5 -style xilinx -f -lang vhdl -o /scratch/emettner/tachep-fpga-project-26/calorimeter/solution1/syn/vhdl/calo_trigger_stream_ref_produce_cluster_stream_3x3_iso5 
Execute         gen_rtl produce_cluster_stream_3x3_iso5 -style xilinx -f -lang vlog -o /scratch/emettner/tachep-fpga-project-26/calorimeter/solution1/syn/verilog/calo_trigger_stream_ref_produce_cluster_stream_3x3_iso5 
Execute         syn_report -csynth -model produce_cluster_stream_3x3_iso5 -o /scratch/emettner/tachep-fpga-project-26/calorimeter/solution1/syn/report/produce_cluster_stream_3x3_iso5_csynth.rpt 
Execute           list_part -family xcvu13p-fsga2577-2-e 
Execute             ap_family_info -name xcvu13p-fsga2577-2-e -data names 
Execute             ap_part_info -quiet -name xcvu13p-fsga2577-2-e -data family 
Execute         syn_report -rtlxml -model produce_cluster_stream_3x3_iso5 -o /scratch/emettner/tachep-fpga-project-26/calorimeter/solution1/syn/report/produce_cluster_stream_3x3_iso5_csynth.xml 
Execute           list_part -family xcvu13p-fsga2577-2-e 
Execute             ap_family_info -name xcvu13p-fsga2577-2-e -data names 
Execute             ap_part_info -quiet -name xcvu13p-fsga2577-2-e -data family 
Execute         syn_report -verbosereport -model produce_cluster_stream_3x3_iso5 -o /scratch/emettner/tachep-fpga-project-26/calorimeter/solution1/.autopilot/db/produce_cluster_stream_3x3_iso5.verbose.rpt 
Execute           list_part -family xcvu13p-fsga2577-2-e 
Execute             ap_family_info -name xcvu13p-fsga2577-2-e -data names 
Execute             ap_part_info -quiet -name xcvu13p-fsga2577-2-e -data family 
Execute         db_write -model produce_cluster_stream_3x3_iso5 -f -o /scratch/emettner/tachep-fpga-project-26/calorimeter/solution1/.autopilot/db/produce_cluster_stream_3x3_iso5.adb 
Execute         db_write -model produce_cluster_stream_3x3_iso5 -bindview -o /scratch/emettner/tachep-fpga-project-26/calorimeter/solution1/.autopilot/db/design.bindinfo.xml 
Execute         gen_tb_info produce_cluster_stream_3x3_iso5 -p /scratch/emettner/tachep-fpga-project-26/calorimeter/solution1/.autopilot/db -o /scratch/emettner/tachep-fpga-project-26/calorimeter/solution1/.autopilot/db/produce_cluster_stream_3x3_iso5 
INFO: [HLS 200-10] ----------------------------------------------------------------
INFO: [HLS 200-10] -- Generating RTL for module 'select_top_n_from_stream' 
INFO: [HLS 200-10] ----------------------------------------------------------------
Execute         create_rtl_model select_top_n_from_stream -top_prefix calo_trigger_stream_ref_ -sub_prefix calo_trigger_stream_ref_ -mg_file /scratch/emettner/tachep-fpga-project-26/calorimeter/solution1/.autopilot/db/select_top_n_from_stream.compgen.tcl 
INFO: [RTGEN 206-100] Generating core module 'sparsemux_15_3_1_1_1': 1 instance(s).
INFO: [RTGEN 206-100] Generating core module 'sparsemux_15_3_20_1_1': 2 instance(s).
INFO: [RTGEN 206-100] Generating core module 'sparsemux_15_3_4_1_1': 1 instance(s).
INFO: [RTGEN 206-100] Generating core module 'sparsemux_15_3_6_1_1': 2 instance(s).
INFO: [RTGEN 206-100] Finished creating RTL model for 'select_top_n_from_stream'.
Command         create_rtl_model done; 5.52 sec.
INFO: [HLS 200-111] Finished Creating RTL model: CPU user time: 5.51 seconds. CPU system time: 0.05 seconds. Elapsed time: 5.6 seconds; current allocated memory: 452.879 MB.
Execute         source /scratch/emettner/tachep-fpga-project-26/calorimeter/solution1/.autopilot/db/calo_trigger_stream_ref.rtl_wrap.cfg.tcl 
Execute         gen_rtl select_top_n_from_stream -style xilinx -f -lang vhdl -o /scratch/emettner/tachep-fpga-project-26/calorimeter/solution1/syn/vhdl/calo_trigger_stream_ref_select_top_n_from_stream 
Command         gen_rtl done; 0.58 sec.
Execute         gen_rtl select_top_n_from_stream -style xilinx -f -lang vlog -o /scratch/emettner/tachep-fpga-project-26/calorimeter/solution1/syn/verilog/calo_trigger_stream_ref_select_top_n_from_stream 
Command         gen_rtl done; 0.56 sec.
Execute         syn_report -csynth -model select_top_n_from_stream -o /scratch/emettner/tachep-fpga-project-26/calorimeter/solution1/syn/report/select_top_n_from_stream_csynth.rpt 
Execute           list_part -family xcvu13p-fsga2577-2-e 
Execute             ap_family_info -name xcvu13p-fsga2577-2-e -data names 
Execute             ap_part_info -quiet -name xcvu13p-fsga2577-2-e -data family 
Execute         syn_report -rtlxml -model select_top_n_from_stream -o /scratch/emettner/tachep-fpga-project-26/calorimeter/solution1/syn/report/select_top_n_from_stream_csynth.xml 
Execute           list_part -family xcvu13p-fsga2577-2-e 
Execute             ap_family_info -name xcvu13p-fsga2577-2-e -data names 
Execute             ap_part_info -quiet -name xcvu13p-fsga2577-2-e -data family 
Execute         syn_report -verbosereport -model select_top_n_from_stream -o /scratch/emettner/tachep-fpga-project-26/calorimeter/solution1/.autopilot/db/select_top_n_from_stream.verbose.rpt 
Execute           list_part -family xcvu13p-fsga2577-2-e 
Execute             ap_family_info -name xcvu13p-fsga2577-2-e -data names 
Execute             ap_part_info -quiet -name xcvu13p-fsga2577-2-e -data family 
Command         syn_report done; 0.15 sec.
Execute         db_write -model select_top_n_from_stream -f -o /scratch/emettner/tachep-fpga-project-26/calorimeter/solution1/.autopilot/db/select_top_n_from_stream.adb 
Command         db_write done; 0.24 sec.
Execute         db_write -model select_top_n_from_stream -bindview -o /scratch/emettner/tachep-fpga-project-26/calorimeter/solution1/.autopilot/db/design.bindinfo.xml 
Execute         gen_tb_info select_top_n_from_stream -p /scratch/emettner/tachep-fpga-project-26/calorimeter/solution1/.autopilot/db -o /scratch/emettner/tachep-fpga-project-26/calorimeter/solution1/.autopilot/db/select_top_n_from_stream 
INFO: [HLS 200-10] ----------------------------------------------------------------
INFO: [HLS 200-10] -- Generating RTL for module 'build_trigger_objects' 
INFO: [HLS 200-10] ----------------------------------------------------------------
Execute         create_rtl_model build_trigger_objects -top_prefix calo_trigger_stream_ref_ -sub_prefix calo_trigger_stream_ref_ -mg_file /scratch/emettner/tachep-fpga-project-26/calorimeter/solution1/.autopilot/db/build_trigger_objects.compgen.tcl 
INFO: [RTGEN 206-100] Finished creating RTL model for 'build_trigger_objects'.
INFO: [HLS 200-111] Finished Creating RTL model: CPU user time: 2 seconds. CPU system time: 0.14 seconds. Elapsed time: 2.32 seconds; current allocated memory: 473.992 MB.
Execute         source /scratch/emettner/tachep-fpga-project-26/calorimeter/solution1/.autopilot/db/calo_trigger_stream_ref.rtl_wrap.cfg.tcl 
Execute         gen_rtl build_trigger_objects -style xilinx -f -lang vhdl -o /scratch/emettner/tachep-fpga-project-26/calorimeter/solution1/syn/vhdl/calo_trigger_stream_ref_build_trigger_objects 
Execute         gen_rtl build_trigger_objects -style xilinx -f -lang vlog -o /scratch/emettner/tachep-fpga-project-26/calorimeter/solution1/syn/verilog/calo_trigger_stream_ref_build_trigger_objects 
Execute         syn_report -csynth -model build_trigger_objects -o /scratch/emettner/tachep-fpga-project-26/calorimeter/solution1/syn/report/build_trigger_objects_csynth.rpt 
Execute           list_part -family xcvu13p-fsga2577-2-e 
Execute             ap_family_info -name xcvu13p-fsga2577-2-e -data names 
Execute             ap_part_info -quiet -name xcvu13p-fsga2577-2-e -data family 
Execute         syn_report -rtlxml -model build_trigger_objects -o /scratch/emettner/tachep-fpga-project-26/calorimeter/solution1/syn/report/build_trigger_objects_csynth.xml 
Execute           list_part -family xcvu13p-fsga2577-2-e 
Execute             ap_family_info -name xcvu13p-fsga2577-2-e -data names 
Execute             ap_part_info -quiet -name xcvu13p-fsga2577-2-e -data family 
Execute         syn_report -verbosereport -model build_trigger_objects -o /scratch/emettner/tachep-fpga-project-26/calorimeter/solution1/.autopilot/db/build_trigger_objects.verbose.rpt 
Execute           list_part -family xcvu13p-fsga2577-2-e 
Execute             ap_family_info -name xcvu13p-fsga2577-2-e -data names 
Execute             ap_part_info -quiet -name xcvu13p-fsga2577-2-e -data family 
Execute         db_write -model build_trigger_objects -f -o /scratch/emettner/tachep-fpga-project-26/calorimeter/solution1/.autopilot/db/build_trigger_objects.adb 
Execute         db_write -model build_trigger_objects -bindview -o /scratch/emettner/tachep-fpga-project-26/calorimeter/solution1/.autopilot/db/design.bindinfo.xml 
Execute         gen_tb_info build_trigger_objects -p /scratch/emettner/tachep-fpga-project-26/calorimeter/solution1/.autopilot/db -o /scratch/emettner/tachep-fpga-project-26/calorimeter/solution1/.autopilot/db/build_trigger_objects 
INFO: [HLS 200-10] ----------------------------------------------------------------
INFO: [HLS 200-10] -- Generating RTL for module 'cluster_sort_build_stream' 
INFO: [HLS 200-10] ----------------------------------------------------------------
Execute         create_rtl_model cluster_sort_build_stream -top_prefix calo_trigger_stream_ref_ -sub_prefix calo_trigger_stream_ref_ -mg_file /scratch/emettner/tachep-fpga-project-26/calorimeter/solution1/.autopilot/db/cluster_sort_build_stream.compgen.tcl 
INFO: [RTGEN 206-100] Finished creating RTL model for 'cluster_sort_build_stream'.
INFO: [RTMG 210-285] Implementing FIFO 'cluster_stream_U(calo_trigger_stream_ref_fifo_w61_d64_A)' using Vivado Default RAMs.
INFO: [RTMG 210-285] Implementing FIFO 'top_clusters_et_U(calo_trigger_stream_ref_fifo_w20_d2_S)' using Shift Registers.
INFO: [RTMG 210-285] Implementing FIFO 'top_clusters_et_1_U(calo_trigger_stream_ref_fifo_w20_d2_S)' using Shift Registers.
INFO: [RTMG 210-285] Implementing FIFO 'top_clusters_et_2_U(calo_trigger_stream_ref_fifo_w20_d2_S)' using Shift Registers.
INFO: [RTMG 210-285] Implementing FIFO 'top_clusters_et_3_U(calo_trigger_stream_ref_fifo_w20_d2_S)' using Shift Registers.
INFO: [RTMG 210-285] Implementing FIFO 'top_clusters_et_4_U(calo_trigger_stream_ref_fifo_w20_d2_S)' using Shift Registers.
INFO: [RTMG 210-285] Implementing FIFO 'top_clusters_et_5_U(calo_trigger_stream_ref_fifo_w20_d2_S)' using Shift Registers.
INFO: [RTMG 210-285] Implementing FIFO 'top_clusters_et_6_U(calo_trigger_stream_ref_fifo_w20_d2_S)' using Shift Registers.
INFO: [RTMG 210-285] Implementing FIFO 'top_clusters_et_7_U(calo_trigger_stream_ref_fifo_w20_d2_S)' using Shift Registers.
INFO: [RTMG 210-285] Implementing FIFO 'top_clusters_isolation_et_U(calo_trigger_stream_ref_fifo_w20_d2_S)' using Shift Registers.
INFO: [RTMG 210-285] Implementing FIFO 'top_clusters_isolation_et_1_U(calo_trigger_stream_ref_fifo_w20_d2_S)' using Shift Registers.
INFO: [RTMG 210-285] Implementing FIFO 'top_clusters_isolation_et_2_U(calo_trigger_stream_ref_fifo_w20_d2_S)' using Shift Registers.
INFO: [RTMG 210-285] Implementing FIFO 'top_clusters_isolation_et_3_U(calo_trigger_stream_ref_fifo_w20_d2_S)' using Shift Registers.
INFO: [RTMG 210-285] Implementing FIFO 'top_clusters_isolation_et_4_U(calo_trigger_stream_ref_fifo_w20_d2_S)' using Shift Registers.
INFO: [RTMG 210-285] Implementing FIFO 'top_clusters_isolation_et_5_U(calo_trigger_stream_ref_fifo_w20_d2_S)' using Shift Registers.
INFO: [RTMG 210-285] Implementing FIFO 'top_clusters_isolation_et_6_U(calo_trigger_stream_ref_fifo_w20_d2_S)' using Shift Registers.
INFO: [RTMG 210-285] Implementing FIFO 'top_clusters_isolation_et_7_U(calo_trigger_stream_ref_fifo_w20_d2_S)' using Shift Registers.
INFO: [RTMG 210-285] Implementing FIFO 'top_clusters_eta_U(calo_trigger_stream_ref_fifo_w6_d2_S)' using Shift Registers.
INFO: [RTMG 210-285] Implementing FIFO 'top_clusters_eta_1_U(calo_trigger_stream_ref_fifo_w6_d2_S)' using Shift Registers.
INFO: [RTMG 210-285] Implementing FIFO 'top_clusters_eta_2_U(calo_trigger_stream_ref_fifo_w6_d2_S)' using Shift Registers.
INFO: [RTMG 210-285] Implementing FIFO 'top_clusters_eta_3_U(calo_trigger_stream_ref_fifo_w6_d2_S)' using Shift Registers.
INFO: [RTMG 210-285] Implementing FIFO 'top_clusters_eta_4_U(calo_trigger_stream_ref_fifo_w6_d2_S)' using Shift Registers.
INFO: [RTMG 210-285] Implementing FIFO 'top_clusters_eta_5_U(calo_trigger_stream_ref_fifo_w6_d2_S)' using Shift Registers.
INFO: [RTMG 210-285] Implementing FIFO 'top_clusters_eta_6_U(calo_trigger_stream_ref_fifo_w6_d2_S)' using Shift Registers.
INFO: [RTMG 210-285] Implementing FIFO 'top_clusters_eta_7_U(calo_trigger_stream_ref_fifo_w6_d2_S)' using Shift Registers.
INFO: [RTMG 210-285] Implementing FIFO 'top_clusters_phi_U(calo_trigger_stream_ref_fifo_w6_d2_S)' using Shift Registers.
INFO: [RTMG 210-285] Implementing FIFO 'top_clusters_phi_1_U(calo_trigger_stream_ref_fifo_w6_d2_S)' using Shift Registers.
INFO: [RTMG 210-285] Implementing FIFO 'top_clusters_phi_2_U(calo_trigger_stream_ref_fifo_w6_d2_S)' using Shift Registers.
INFO: [RTMG 210-285] Implementing FIFO 'top_clusters_phi_3_U(calo_trigger_stream_ref_fifo_w6_d2_S)' using Shift Registers.
INFO: [RTMG 210-285] Implementing FIFO 'top_clusters_phi_4_U(calo_trigger_stream_ref_fifo_w6_d2_S)' using Shift Registers.
INFO: [RTMG 210-285] Implementing FIFO 'top_clusters_phi_5_U(calo_trigger_stream_ref_fifo_w6_d2_S)' using Shift Registers.
INFO: [RTMG 210-285] Implementing FIFO 'top_clusters_phi_6_U(calo_trigger_stream_ref_fifo_w6_d2_S)' using Shift Registers.
INFO: [RTMG 210-285] Implementing FIFO 'top_clusters_phi_7_U(calo_trigger_stream_ref_fifo_w6_d2_S)' using Shift Registers.
INFO: [RTMG 210-285] Implementing FIFO 'top_clusters_window_size_U(calo_trigger_stream_ref_fifo_w4_d2_S)' using Shift Registers.
INFO: [RTMG 210-285] Implementing FIFO 'top_clusters_window_size_1_U(calo_trigger_stream_ref_fifo_w4_d2_S)' using Shift Registers.
INFO: [RTMG 210-285] Implementing FIFO 'top_clusters_window_size_2_U(calo_trigger_stream_ref_fifo_w4_d2_S)' using Shift Registers.
INFO: [RTMG 210-285] Implementing FIFO 'top_clusters_window_size_3_U(calo_trigger_stream_ref_fifo_w4_d2_S)' using Shift Registers.
INFO: [RTMG 210-285] Implementing FIFO 'top_clusters_window_size_4_U(calo_trigger_stream_ref_fifo_w4_d2_S)' using Shift Registers.
INFO: [RTMG 210-285] Implementing FIFO 'top_clusters_window_size_5_U(calo_trigger_stream_ref_fifo_w4_d2_S)' using Shift Registers.
INFO: [RTMG 210-285] Implementing FIFO 'top_clusters_window_size_6_U(calo_trigger_stream_ref_fifo_w4_d2_S)' using Shift Registers.
INFO: [RTMG 210-285] Implementing FIFO 'top_clusters_window_size_7_U(calo_trigger_stream_ref_fifo_w4_d2_S)' using Shift Registers.
INFO: [RTMG 210-285] Implementing FIFO 'top_clusters_valid_U(calo_trigger_stream_ref_fifo_w1_d2_S)' using Shift Registers.
INFO: [RTMG 210-285] Implementing FIFO 'top_clusters_valid_1_U(calo_trigger_stream_ref_fifo_w1_d2_S)' using Shift Registers.
INFO: [RTMG 210-285] Implementing FIFO 'top_clusters_valid_2_U(calo_trigger_stream_ref_fifo_w1_d2_S)' using Shift Registers.
INFO: [RTMG 210-285] Implementing FIFO 'top_clusters_valid_3_U(calo_trigger_stream_ref_fifo_w1_d2_S)' using Shift Registers.
INFO: [RTMG 210-285] Implementing FIFO 'top_clusters_valid_4_U(calo_trigger_stream_ref_fifo_w1_d2_S)' using Shift Registers.
INFO: [RTMG 210-285] Implementing FIFO 'top_clusters_valid_5_U(calo_trigger_stream_ref_fifo_w1_d2_S)' using Shift Registers.
INFO: [RTMG 210-285] Implementing FIFO 'top_clusters_valid_6_U(calo_trigger_stream_ref_fifo_w1_d2_S)' using Shift Registers.
INFO: [RTMG 210-285] Implementing FIFO 'top_clusters_valid_7_U(calo_trigger_stream_ref_fifo_w1_d2_S)' using Shift Registers.
INFO: [RTMG 210-285] Implementing FIFO 'start_for_select_top_n_from_stream_U0_U(calo_trigger_stream_ref_start_for_select_top_n_from_stream_U0)' using Shift Registers.
Command         create_rtl_model done; 0.51 sec.
INFO: [HLS 200-111] Finished Creating RTL model: CPU user time: 0.34 seconds. CPU system time: 0.04 seconds. Elapsed time: 0.66 seconds; current allocated memory: 478.641 MB.
Execute         source /scratch/emettner/tachep-fpga-project-26/calorimeter/solution1/.autopilot/db/calo_trigger_stream_ref.rtl_wrap.cfg.tcl 
Execute         gen_rtl cluster_sort_build_stream -style xilinx -f -lang vhdl -o /scratch/emettner/tachep-fpga-project-26/calorimeter/solution1/syn/vhdl/calo_trigger_stream_ref_cluster_sort_build_stream 
Execute         gen_rtl cluster_sort_build_stream -style xilinx -f -lang vlog -o /scratch/emettner/tachep-fpga-project-26/calorimeter/solution1/syn/verilog/calo_trigger_stream_ref_cluster_sort_build_stream 
Execute         syn_report -csynth -model cluster_sort_build_stream -o /scratch/emettner/tachep-fpga-project-26/calorimeter/solution1/syn/report/cluster_sort_build_stream_csynth.rpt 
Execute           list_part -family xcvu13p-fsga2577-2-e 
Execute             ap_family_info -name xcvu13p-fsga2577-2-e -data names 
Execute             ap_part_info -quiet -name xcvu13p-fsga2577-2-e -data family 
Execute         syn_report -rtlxml -model cluster_sort_build_stream -o /scratch/emettner/tachep-fpga-project-26/calorimeter/solution1/syn/report/cluster_sort_build_stream_csynth.xml 
Execute           list_part -family xcvu13p-fsga2577-2-e 
Execute             ap_family_info -name xcvu13p-fsga2577-2-e -data names 
Execute             ap_part_info -quiet -name xcvu13p-fsga2577-2-e -data family 
Execute         syn_report -verbosereport -model cluster_sort_build_stream -o /scratch/emettner/tachep-fpga-project-26/calorimeter/solution1/.autopilot/db/cluster_sort_build_stream.verbose.rpt 
Execute           list_part -family xcvu13p-fsga2577-2-e 
Execute             ap_family_info -name xcvu13p-fsga2577-2-e -data names 
Execute             ap_part_info -quiet -name xcvu13p-fsga2577-2-e -data family 
Execute         db_write -model cluster_sort_build_stream -f -o /scratch/emettner/tachep-fpga-project-26/calorimeter/solution1/.autopilot/db/cluster_sort_build_stream.adb 
Execute         db_write -model cluster_sort_build_stream -bindview -o /scratch/emettner/tachep-fpga-project-26/calorimeter/solution1/.autopilot/db/design.bindinfo.xml 
Execute         gen_tb_info cluster_sort_build_stream -p /scratch/emettner/tachep-fpga-project-26/calorimeter/solution1/.autopilot/db -o /scratch/emettner/tachep-fpga-project-26/calorimeter/solution1/.autopilot/db/cluster_sort_build_stream 
INFO: [HLS 200-10] ----------------------------------------------------------------
INFO: [HLS 200-10] -- Generating RTL for module 'calo_trigger_stream_ref' 
INFO: [HLS 200-10] ----------------------------------------------------------------
Execute         create_rtl_model calo_trigger_stream_ref -top_prefix  -sub_prefix calo_trigger_stream_ref_ -mg_file /scratch/emettner/tachep-fpga-project-26/calorimeter/solution1/.autopilot/db/calo_trigger_stream_ref.compgen.tcl 
WARNING: [RTGEN 206-101] Design contains AXI ports. Reset is fixed to synchronous and active low.
INFO: [RTGEN 206-500] Setting interface mode on port 'calo_trigger_stream_ref/towers' to 'bram'.
INFO: [RTGEN 206-500] Setting interface mode on port 'calo_trigger_stream_ref/seed_threshold' to 's_axilite & ap_none'.
INFO: [RTGEN 206-500] Setting interface mode on port 'calo_trigger_stream_ref/cluster_threshold' to 's_axilite & ap_none'.
INFO: [RTGEN 206-500] Setting interface mode on port 'calo_trigger_stream_ref/trigger_objects_0' to 'ap_vld'.
INFO: [RTGEN 206-500] Setting interface mode on port 'calo_trigger_stream_ref/trigger_objects_1' to 'ap_vld'.
INFO: [RTGEN 206-500] Setting interface mode on port 'calo_trigger_stream_ref/trigger_objects_2' to 'ap_vld'.
INFO: [RTGEN 206-500] Setting interface mode on port 'calo_trigger_stream_ref/trigger_objects_3' to 'ap_vld'.
INFO: [RTGEN 206-500] Setting interface mode on port 'calo_trigger_stream_ref/trigger_objects_4' to 'ap_vld'.
INFO: [RTGEN 206-500] Setting interface mode on port 'calo_trigger_stream_ref/trigger_objects_5' to 'ap_vld'.
INFO: [RTGEN 206-500] Setting interface mode on port 'calo_trigger_stream_ref/trigger_objects_6' to 'ap_vld'.
INFO: [RTGEN 206-500] Setting interface mode on port 'calo_trigger_stream_ref/trigger_objects_7' to 'ap_vld'.
INFO: [RTGEN 206-500] Setting interface mode on port 'calo_trigger_stream_ref/ht' to 's_axilite & ap_vld'.
INFO: [RTGEN 206-500] Setting interface mode on port 'calo_trigger_stream_ref/num_clusters' to 's_axilite & ap_vld'.
INFO: [RTGEN 206-500] Setting interface mode on function 'calo_trigger_stream_ref' to 's_axilite & ap_ctrl_hs'.
INFO: [RTGEN 206-100] Bundling port 'seed_threshold', 'cluster_threshold', 'ht', 'num_clusters' and 'return' to AXI-Lite port CTRL.
WARNING: [RTGEN 206-101] Setting dangling out port 'calo_trigger_stream_ref/towers_WEN_A' to 0.
WARNING: [RTGEN 206-101] Setting dangling out port 'calo_trigger_stream_ref/towers_Din_A' to 0.
WARNING: [RTGEN 206-101] Setting dangling out port 'calo_trigger_stream_ref/towers_WEN_B' to 0.
WARNING: [RTGEN 206-101] Setting dangling out port 'calo_trigger_stream_ref/towers_Din_B' to 0.
INFO: [RTGEN 206-100] Finished creating RTL model for 'calo_trigger_stream_ref'.
Command         create_rtl_model done; 0.2 sec.
INFO: [HLS 200-111] Finished Creating RTL model: CPU user time: 0.26 seconds. CPU system time: 0.02 seconds. Elapsed time: 0.41 seconds; current allocated memory: 481.465 MB.
Execute         source /scratch/emettner/tachep-fpga-project-26/calorimeter/solution1/.autopilot/db/calo_trigger_stream_ref.rtl_wrap.cfg.tcl 
Execute         gen_rtl calo_trigger_stream_ref -istop -style xilinx -f -lang vhdl -o /scratch/emettner/tachep-fpga-project-26/calorimeter/solution1/syn/vhdl/calo_trigger_stream_ref 
Execute         gen_rtl calo_trigger_stream_ref -istop -style xilinx -f -lang vlog -o /scratch/emettner/tachep-fpga-project-26/calorimeter/solution1/syn/verilog/calo_trigger_stream_ref 
Execute         syn_report -csynth -model calo_trigger_stream_ref -o /scratch/emettner/tachep-fpga-project-26/calorimeter/solution1/syn/report/calo_trigger_stream_ref_csynth.rpt 
Execute           list_part -family xcvu13p-fsga2577-2-e 
Execute             ap_family_info -name xcvu13p-fsga2577-2-e -data names 
Execute             ap_part_info -quiet -name xcvu13p-fsga2577-2-e -data family 
Execute         syn_report -rtlxml -model calo_trigger_stream_ref -o /scratch/emettner/tachep-fpga-project-26/calorimeter/solution1/syn/report/calo_trigger_stream_ref_csynth.xml 
Execute           list_part -family xcvu13p-fsga2577-2-e 
Execute             ap_family_info -name xcvu13p-fsga2577-2-e -data names 
Execute             ap_part_info -quiet -name xcvu13p-fsga2577-2-e -data family 
Execute         syn_report -verbosereport -model calo_trigger_stream_ref -o /scratch/emettner/tachep-fpga-project-26/calorimeter/solution1/.autopilot/db/calo_trigger_stream_ref.verbose.rpt 
Execute           list_part -family xcvu13p-fsga2577-2-e 
Execute             ap_family_info -name xcvu13p-fsga2577-2-e -data names 
Execute             ap_part_info -quiet -name xcvu13p-fsga2577-2-e -data family 
Execute         db_write -model calo_trigger_stream_ref -f -o /scratch/emettner/tachep-fpga-project-26/calorimeter/solution1/.autopilot/db/calo_trigger_stream_ref.adb 
Execute         db_write -model calo_trigger_stream_ref -bindview -o /scratch/emettner/tachep-fpga-project-26/calorimeter/solution1/.autopilot/db/design.bindinfo.xml 
Execute         gen_tb_info calo_trigger_stream_ref -p /scratch/emettner/tachep-fpga-project-26/calorimeter/solution1/.autopilot/db -o /scratch/emettner/tachep-fpga-project-26/calorimeter/solution1/.autopilot/db/calo_trigger_stream_ref 
Execute         export_constraint_db -f -tool general -o /scratch/emettner/tachep-fpga-project-26/calorimeter/solution1/.autopilot/db/calo_trigger_stream_ref.constraint.tcl 
Execute         syn_report -designview -model calo_trigger_stream_ref -o /scratch/emettner/tachep-fpga-project-26/calorimeter/solution1/.autopilot/db/calo_trigger_stream_ref.design.xml 
Execute         syn_report -csynthDesign -model calo_trigger_stream_ref -o /scratch/emettner/tachep-fpga-project-26/calorimeter/solution1/syn/report/csynth.rpt -MHOut /scratch/emettner/tachep-fpga-project-26/calorimeter/solution1/.autopilot/db/kernel_module_hierarchy.tcl 
Execute           list_part -family xcvu13p-fsga2577-2-e 
Execute             ap_family_info -name xcvu13p-fsga2577-2-e -data names 
Execute             ap_part_info -quiet -name xcvu13p-fsga2577-2-e -data family 
Execute         syn_report -wcfg -model calo_trigger_stream_ref -o /scratch/emettner/tachep-fpga-project-26/calorimeter/solution1/.autopilot/db/calo_trigger_stream_ref_dataflow_ana.wcfg 
Execute         syn_report -protoinst -model calo_trigger_stream_ref -o /scratch/emettner/tachep-fpga-project-26/calorimeter/solution1/.autopilot/db/calo_trigger_stream_ref.protoinst 
Execute         sc_get_clocks calo_trigger_stream_ref 
Execute         sc_get_portdomain calo_trigger_stream_ref 
INFO-FLOW: Model list for RTL component generation: {find_clusters_stream<3, 5>} produce_cluster_stream_3x3_iso5 select_top_n_from_stream build_trigger_objects cluster_sort_build_stream calo_trigger_stream_ref
INFO-FLOW: Handling components in module [find_clusters_stream_3_5_s] ... 
Execute         source /scratch/emettner/tachep-fpga-project-26/calorimeter/solution1/.autopilot/db/find_clusters_stream_3_5_s.compgen.tcl 
INFO-FLOW: Found component calo_trigger_stream_ref_flow_control_loop_pipe_sequential_init.
INFO-FLOW: Append model calo_trigger_stream_ref_flow_control_loop_pipe_sequential_init
INFO-FLOW: Handling components in module [produce_cluster_stream_3x3_iso5] ... 
Execute         source /scratch/emettner/tachep-fpga-project-26/calorimeter/solution1/.autopilot/db/produce_cluster_stream_3x3_iso5.compgen.tcl 
INFO-FLOW: Handling components in module [select_top_n_from_stream] ... 
Execute         source /scratch/emettner/tachep-fpga-project-26/calorimeter/solution1/.autopilot/db/select_top_n_from_stream.compgen.tcl 
INFO-FLOW: Found component calo_trigger_stream_ref_sparsemux_15_3_20_1_1.
INFO-FLOW: Append model calo_trigger_stream_ref_sparsemux_15_3_20_1_1
INFO-FLOW: Found component calo_trigger_stream_ref_sparsemux_15_3_6_1_1.
INFO-FLOW: Append model calo_trigger_stream_ref_sparsemux_15_3_6_1_1
INFO-FLOW: Found component calo_trigger_stream_ref_sparsemux_15_3_4_1_1.
INFO-FLOW: Append model calo_trigger_stream_ref_sparsemux_15_3_4_1_1
INFO-FLOW: Found component calo_trigger_stream_ref_sparsemux_15_3_1_1_1.
INFO-FLOW: Append model calo_trigger_stream_ref_sparsemux_15_3_1_1_1
INFO-FLOW: Handling components in module [build_trigger_objects] ... 
Execute         source /scratch/emettner/tachep-fpga-project-26/calorimeter/solution1/.autopilot/db/build_trigger_objects.compgen.tcl 
INFO-FLOW: Handling components in module [cluster_sort_build_stream] ... 
Execute         source /scratch/emettner/tachep-fpga-project-26/calorimeter/solution1/.autopilot/db/cluster_sort_build_stream.compgen.tcl 
INFO-FLOW: Found component calo_trigger_stream_ref_fifo_w61_d64_A.
INFO-FLOW: Append model calo_trigger_stream_ref_fifo_w61_d64_A
INFO-FLOW: Found component calo_trigger_stream_ref_fifo_w20_d2_S.
INFO-FLOW: Append model calo_trigger_stream_ref_fifo_w20_d2_S
INFO-FLOW: Found component calo_trigger_stream_ref_fifo_w20_d2_S.
INFO-FLOW: Append model calo_trigger_stream_ref_fifo_w20_d2_S
INFO-FLOW: Found component calo_trigger_stream_ref_fifo_w20_d2_S.
INFO-FLOW: Append model calo_trigger_stream_ref_fifo_w20_d2_S
INFO-FLOW: Found component calo_trigger_stream_ref_fifo_w20_d2_S.
INFO-FLOW: Append model calo_trigger_stream_ref_fifo_w20_d2_S
INFO-FLOW: Found component calo_trigger_stream_ref_fifo_w20_d2_S.
INFO-FLOW: Append model calo_trigger_stream_ref_fifo_w20_d2_S
INFO-FLOW: Found component calo_trigger_stream_ref_fifo_w20_d2_S.
INFO-FLOW: Append model calo_trigger_stream_ref_fifo_w20_d2_S
INFO-FLOW: Found component calo_trigger_stream_ref_fifo_w20_d2_S.
INFO-FLOW: Append model calo_trigger_stream_ref_fifo_w20_d2_S
INFO-FLOW: Found component calo_trigger_stream_ref_fifo_w20_d2_S.
INFO-FLOW: Append model calo_trigger_stream_ref_fifo_w20_d2_S
INFO-FLOW: Found component calo_trigger_stream_ref_fifo_w20_d2_S.
INFO-FLOW: Append model calo_trigger_stream_ref_fifo_w20_d2_S
INFO-FLOW: Found component calo_trigger_stream_ref_fifo_w20_d2_S.
INFO-FLOW: Append model calo_trigger_stream_ref_fifo_w20_d2_S
INFO-FLOW: Found component calo_trigger_stream_ref_fifo_w20_d2_S.
INFO-FLOW: Append model calo_trigger_stream_ref_fifo_w20_d2_S
INFO-FLOW: Found component calo_trigger_stream_ref_fifo_w20_d2_S.
INFO-FLOW: Append model calo_trigger_stream_ref_fifo_w20_d2_S
INFO-FLOW: Found component calo_trigger_stream_ref_fifo_w20_d2_S.
INFO-FLOW: Append model calo_trigger_stream_ref_fifo_w20_d2_S
INFO-FLOW: Found component calo_trigger_stream_ref_fifo_w20_d2_S.
INFO-FLOW: Append model calo_trigger_stream_ref_fifo_w20_d2_S
INFO-FLOW: Found component calo_trigger_stream_ref_fifo_w20_d2_S.
INFO-FLOW: Append model calo_trigger_stream_ref_fifo_w20_d2_S
INFO-FLOW: Found component calo_trigger_stream_ref_fifo_w20_d2_S.
INFO-FLOW: Append model calo_trigger_stream_ref_fifo_w20_d2_S
INFO-FLOW: Found component calo_trigger_stream_ref_fifo_w6_d2_S.
INFO-FLOW: Append model calo_trigger_stream_ref_fifo_w6_d2_S
INFO-FLOW: Found component calo_trigger_stream_ref_fifo_w6_d2_S.
INFO-FLOW: Append model calo_trigger_stream_ref_fifo_w6_d2_S
INFO-FLOW: Found component calo_trigger_stream_ref_fifo_w6_d2_S.
INFO-FLOW: Append model calo_trigger_stream_ref_fifo_w6_d2_S
INFO-FLOW: Found component calo_trigger_stream_ref_fifo_w6_d2_S.
INFO-FLOW: Append model calo_trigger_stream_ref_fifo_w6_d2_S
INFO-FLOW: Found component calo_trigger_stream_ref_fifo_w6_d2_S.
INFO-FLOW: Append model calo_trigger_stream_ref_fifo_w6_d2_S
INFO-FLOW: Found component calo_trigger_stream_ref_fifo_w6_d2_S.
INFO-FLOW: Append model calo_trigger_stream_ref_fifo_w6_d2_S
INFO-FLOW: Found component calo_trigger_stream_ref_fifo_w6_d2_S.
INFO-FLOW: Append model calo_trigger_stream_ref_fifo_w6_d2_S
INFO-FLOW: Found component calo_trigger_stream_ref_fifo_w6_d2_S.
INFO-FLOW: Append model calo_trigger_stream_ref_fifo_w6_d2_S
INFO-FLOW: Found component calo_trigger_stream_ref_fifo_w6_d2_S.
INFO-FLOW: Append model calo_trigger_stream_ref_fifo_w6_d2_S
INFO-FLOW: Found component calo_trigger_stream_ref_fifo_w6_d2_S.
INFO-FLOW: Append model calo_trigger_stream_ref_fifo_w6_d2_S
INFO-FLOW: Found component calo_trigger_stream_ref_fifo_w6_d2_S.
INFO-FLOW: Append model calo_trigger_stream_ref_fifo_w6_d2_S
INFO-FLOW: Found component calo_trigger_stream_ref_fifo_w6_d2_S.
INFO-FLOW: Append model calo_trigger_stream_ref_fifo_w6_d2_S
INFO-FLOW: Found component calo_trigger_stream_ref_fifo_w6_d2_S.
INFO-FLOW: Append model calo_trigger_stream_ref_fifo_w6_d2_S
INFO-FLOW: Found component calo_trigger_stream_ref_fifo_w6_d2_S.
INFO-FLOW: Append model calo_trigger_stream_ref_fifo_w6_d2_S
INFO-FLOW: Found component calo_trigger_stream_ref_fifo_w6_d2_S.
INFO-FLOW: Append model calo_trigger_stream_ref_fifo_w6_d2_S
INFO-FLOW: Found component calo_trigger_stream_ref_fifo_w6_d2_S.
INFO-FLOW: Append model calo_trigger_stream_ref_fifo_w6_d2_S
INFO-FLOW: Found component calo_trigger_stream_ref_fifo_w4_d2_S.
INFO-FLOW: Append model calo_trigger_stream_ref_fifo_w4_d2_S
INFO-FLOW: Found component calo_trigger_stream_ref_fifo_w4_d2_S.
INFO-FLOW: Append model calo_trigger_stream_ref_fifo_w4_d2_S
INFO-FLOW: Found component calo_trigger_stream_ref_fifo_w4_d2_S.
INFO-FLOW: Append model calo_trigger_stream_ref_fifo_w4_d2_S
INFO-FLOW: Found component calo_trigger_stream_ref_fifo_w4_d2_S.
INFO-FLOW: Append model calo_trigger_stream_ref_fifo_w4_d2_S
INFO-FLOW: Found component calo_trigger_stream_ref_fifo_w4_d2_S.
INFO-FLOW: Append model calo_trigger_stream_ref_fifo_w4_d2_S
INFO-FLOW: Found component calo_trigger_stream_ref_fifo_w4_d2_S.
INFO-FLOW: Append model calo_trigger_stream_ref_fifo_w4_d2_S
INFO-FLOW: Found component calo_trigger_stream_ref_fifo_w4_d2_S.
INFO-FLOW: Append model calo_trigger_stream_ref_fifo_w4_d2_S
INFO-FLOW: Found component calo_trigger_stream_ref_fifo_w4_d2_S.
INFO-FLOW: Append model calo_trigger_stream_ref_fifo_w4_d2_S
INFO-FLOW: Found component calo_trigger_stream_ref_fifo_w1_d2_S.
INFO-FLOW: Append model calo_trigger_stream_ref_fifo_w1_d2_S
INFO-FLOW: Found component calo_trigger_stream_ref_fifo_w1_d2_S.
INFO-FLOW: Append model calo_trigger_stream_ref_fifo_w1_d2_S
INFO-FLOW: Found component calo_trigger_stream_ref_fifo_w1_d2_S.
INFO-FLOW: Append model calo_trigger_stream_ref_fifo_w1_d2_S
INFO-FLOW: Found component calo_trigger_stream_ref_fifo_w1_d2_S.
INFO-FLOW: Append model calo_trigger_stream_ref_fifo_w1_d2_S
INFO-FLOW: Found component calo_trigger_stream_ref_fifo_w1_d2_S.
INFO-FLOW: Append model calo_trigger_stream_ref_fifo_w1_d2_S
INFO-FLOW: Found component calo_trigger_stream_ref_fifo_w1_d2_S.
INFO-FLOW: Append model calo_trigger_stream_ref_fifo_w1_d2_S
INFO-FLOW: Found component calo_trigger_stream_ref_fifo_w1_d2_S.
INFO-FLOW: Append model calo_trigger_stream_ref_fifo_w1_d2_S
INFO-FLOW: Found component calo_trigger_stream_ref_fifo_w1_d2_S.
INFO-FLOW: Append model calo_trigger_stream_ref_fifo_w1_d2_S
INFO-FLOW: Found component calo_trigger_stream_ref_start_for_select_top_n_from_stream_U0.
INFO-FLOW: Append model calo_trigger_stream_ref_start_for_select_top_n_from_stream_U0
INFO-FLOW: Handling components in module [calo_trigger_stream_ref] ... 
Execute         source /scratch/emettner/tachep-fpga-project-26/calorimeter/solution1/.autopilot/db/calo_trigger_stream_ref.compgen.tcl 
INFO-FLOW: Found component calo_trigger_stream_ref_CTRL_s_axi.
INFO-FLOW: Append model calo_trigger_stream_ref_CTRL_s_axi
INFO-FLOW: Append model find_clusters_stream_3_5_s
INFO-FLOW: Append model produce_cluster_stream_3x3_iso5
INFO-FLOW: Append model select_top_n_from_stream
INFO-FLOW: Append model build_trigger_objects
INFO-FLOW: Append model cluster_sort_build_stream
INFO-FLOW: Append model calo_trigger_stream_ref
INFO-FLOW: Generating RTL model list ...
INFO-FLOW: All models in this session: calo_trigger_stream_ref_flow_control_loop_pipe_sequential_init calo_trigger_stream_ref_sparsemux_15_3_20_1_1 calo_trigger_stream_ref_sparsemux_15_3_6_1_1 calo_trigger_stream_ref_sparsemux_15_3_4_1_1 calo_trigger_stream_ref_sparsemux_15_3_1_1_1 calo_trigger_stream_ref_fifo_w61_d64_A calo_trigger_stream_ref_fifo_w20_d2_S calo_trigger_stream_ref_fifo_w20_d2_S calo_trigger_stream_ref_fifo_w20_d2_S calo_trigger_stream_ref_fifo_w20_d2_S calo_trigger_stream_ref_fifo_w20_d2_S calo_trigger_stream_ref_fifo_w20_d2_S calo_trigger_stream_ref_fifo_w20_d2_S calo_trigger_stream_ref_fifo_w20_d2_S calo_trigger_stream_ref_fifo_w20_d2_S calo_trigger_stream_ref_fifo_w20_d2_S calo_trigger_stream_ref_fifo_w20_d2_S calo_trigger_stream_ref_fifo_w20_d2_S calo_trigger_stream_ref_fifo_w20_d2_S calo_trigger_stream_ref_fifo_w20_d2_S calo_trigger_stream_ref_fifo_w20_d2_S calo_trigger_stream_ref_fifo_w20_d2_S calo_trigger_stream_ref_fifo_w6_d2_S calo_trigger_stream_ref_fifo_w6_d2_S calo_trigger_stream_ref_fifo_w6_d2_S calo_trigger_stream_ref_fifo_w6_d2_S calo_trigger_stream_ref_fifo_w6_d2_S calo_trigger_stream_ref_fifo_w6_d2_S calo_trigger_stream_ref_fifo_w6_d2_S calo_trigger_stream_ref_fifo_w6_d2_S calo_trigger_stream_ref_fifo_w6_d2_S calo_trigger_stream_ref_fifo_w6_d2_S calo_trigger_stream_ref_fifo_w6_d2_S calo_trigger_stream_ref_fifo_w6_d2_S calo_trigger_stream_ref_fifo_w6_d2_S calo_trigger_stream_ref_fifo_w6_d2_S calo_trigger_stream_ref_fifo_w6_d2_S calo_trigger_stream_ref_fifo_w6_d2_S calo_trigger_stream_ref_fifo_w4_d2_S calo_trigger_stream_ref_fifo_w4_d2_S calo_trigger_stream_ref_fifo_w4_d2_S calo_trigger_stream_ref_fifo_w4_d2_S calo_trigger_stream_ref_fifo_w4_d2_S calo_trigger_stream_ref_fifo_w4_d2_S calo_trigger_stream_ref_fifo_w4_d2_S calo_trigger_stream_ref_fifo_w4_d2_S calo_trigger_stream_ref_fifo_w1_d2_S calo_trigger_stream_ref_fifo_w1_d2_S calo_trigger_stream_ref_fifo_w1_d2_S calo_trigger_stream_ref_fifo_w1_d2_S calo_trigger_stream_ref_fifo_w1_d2_S calo_trigger_stream_ref_fifo_w1_d2_S calo_trigger_stream_ref_fifo_w1_d2_S calo_trigger_stream_ref_fifo_w1_d2_S calo_trigger_stream_ref_start_for_select_top_n_from_stream_U0 calo_trigger_stream_ref_CTRL_s_axi find_clusters_stream_3_5_s produce_cluster_stream_3x3_iso5 select_top_n_from_stream build_trigger_objects cluster_sort_build_stream calo_trigger_stream_ref
INFO-FLOW: Generating /scratch/emettner/tachep-fpga-project-26/calorimeter/solution1/.autopilot/db/autopilot.rtl.models.txt file...
INFO-FLOW: To file: write model calo_trigger_stream_ref_flow_control_loop_pipe_sequential_init
INFO-FLOW: To file: write model calo_trigger_stream_ref_sparsemux_15_3_20_1_1
INFO-FLOW: To file: write model calo_trigger_stream_ref_sparsemux_15_3_6_1_1
INFO-FLOW: To file: write model calo_trigger_stream_ref_sparsemux_15_3_4_1_1
INFO-FLOW: To file: write model calo_trigger_stream_ref_sparsemux_15_3_1_1_1
INFO-FLOW: To file: write model calo_trigger_stream_ref_fifo_w61_d64_A
INFO-FLOW: To file: write model calo_trigger_stream_ref_fifo_w20_d2_S
INFO-FLOW: To file: write model calo_trigger_stream_ref_fifo_w20_d2_S
INFO-FLOW: To file: write model calo_trigger_stream_ref_fifo_w20_d2_S
INFO-FLOW: To file: write model calo_trigger_stream_ref_fifo_w20_d2_S
INFO-FLOW: To file: write model calo_trigger_stream_ref_fifo_w20_d2_S
INFO-FLOW: To file: write model calo_trigger_stream_ref_fifo_w20_d2_S
INFO-FLOW: To file: write model calo_trigger_stream_ref_fifo_w20_d2_S
INFO-FLOW: To file: write model calo_trigger_stream_ref_fifo_w20_d2_S
INFO-FLOW: To file: write model calo_trigger_stream_ref_fifo_w20_d2_S
INFO-FLOW: To file: write model calo_trigger_stream_ref_fifo_w20_d2_S
INFO-FLOW: To file: write model calo_trigger_stream_ref_fifo_w20_d2_S
INFO-FLOW: To file: write model calo_trigger_stream_ref_fifo_w20_d2_S
INFO-FLOW: To file: write model calo_trigger_stream_ref_fifo_w20_d2_S
INFO-FLOW: To file: write model calo_trigger_stream_ref_fifo_w20_d2_S
INFO-FLOW: To file: write model calo_trigger_stream_ref_fifo_w20_d2_S
INFO-FLOW: To file: write model calo_trigger_stream_ref_fifo_w20_d2_S
INFO-FLOW: To file: write model calo_trigger_stream_ref_fifo_w6_d2_S
INFO-FLOW: To file: write model calo_trigger_stream_ref_fifo_w6_d2_S
INFO-FLOW: To file: write model calo_trigger_stream_ref_fifo_w6_d2_S
INFO-FLOW: To file: write model calo_trigger_stream_ref_fifo_w6_d2_S
INFO-FLOW: To file: write model calo_trigger_stream_ref_fifo_w6_d2_S
INFO-FLOW: To file: write model calo_trigger_stream_ref_fifo_w6_d2_S
INFO-FLOW: To file: write model calo_trigger_stream_ref_fifo_w6_d2_S
INFO-FLOW: To file: write model calo_trigger_stream_ref_fifo_w6_d2_S
INFO-FLOW: To file: write model calo_trigger_stream_ref_fifo_w6_d2_S
INFO-FLOW: To file: write model calo_trigger_stream_ref_fifo_w6_d2_S
INFO-FLOW: To file: write model calo_trigger_stream_ref_fifo_w6_d2_S
INFO-FLOW: To file: write model calo_trigger_stream_ref_fifo_w6_d2_S
INFO-FLOW: To file: write model calo_trigger_stream_ref_fifo_w6_d2_S
INFO-FLOW: To file: write model calo_trigger_stream_ref_fifo_w6_d2_S
INFO-FLOW: To file: write model calo_trigger_stream_ref_fifo_w6_d2_S
INFO-FLOW: To file: write model calo_trigger_stream_ref_fifo_w6_d2_S
INFO-FLOW: To file: write model calo_trigger_stream_ref_fifo_w4_d2_S
INFO-FLOW: To file: write model calo_trigger_stream_ref_fifo_w4_d2_S
INFO-FLOW: To file: write model calo_trigger_stream_ref_fifo_w4_d2_S
INFO-FLOW: To file: write model calo_trigger_stream_ref_fifo_w4_d2_S
INFO-FLOW: To file: write model calo_trigger_stream_ref_fifo_w4_d2_S
INFO-FLOW: To file: write model calo_trigger_stream_ref_fifo_w4_d2_S
INFO-FLOW: To file: write model calo_trigger_stream_ref_fifo_w4_d2_S
INFO-FLOW: To file: write model calo_trigger_stream_ref_fifo_w4_d2_S
INFO-FLOW: To file: write model calo_trigger_stream_ref_fifo_w1_d2_S
INFO-FLOW: To file: write model calo_trigger_stream_ref_fifo_w1_d2_S
INFO-FLOW: To file: write model calo_trigger_stream_ref_fifo_w1_d2_S
INFO-FLOW: To file: write model calo_trigger_stream_ref_fifo_w1_d2_S
INFO-FLOW: To file: write model calo_trigger_stream_ref_fifo_w1_d2_S
INFO-FLOW: To file: write model calo_trigger_stream_ref_fifo_w1_d2_S
INFO-FLOW: To file: write model calo_trigger_stream_ref_fifo_w1_d2_S
INFO-FLOW: To file: write model calo_trigger_stream_ref_fifo_w1_d2_S
INFO-FLOW: To file: write model calo_trigger_stream_ref_start_for_select_top_n_from_stream_U0
INFO-FLOW: To file: write model calo_trigger_stream_ref_CTRL_s_axi
INFO-FLOW: To file: write model find_clusters_stream_3_5_s
INFO-FLOW: To file: write model produce_cluster_stream_3x3_iso5
INFO-FLOW: To file: write model select_top_n_from_stream
INFO-FLOW: To file: write model build_trigger_objects
INFO-FLOW: To file: write model cluster_sort_build_stream
INFO-FLOW: To file: write model calo_trigger_stream_ref
INFO-FLOW: Generating /scratch/emettner/tachep-fpga-project-26/calorimeter/solution1/.autopilot/db/autopilot.rtl.models.tcl file...
INFO-FLOW: Finished generating RTL model list.


INFO-FLOW: RTL Generation done.
INFO-FLOW: CAS Generation done.
INFO-FLOW: CBC Generation done.
INFO-FLOW: DBG:PROC: ::AESL_AUTOMG::auto_generate_csynth_design
INFO-FLOW: DBG:PUTS: read_platform_lib /scratch/emettner/tachep-fpga-project-26/calorimeter/solution1/.autopilot/db/global.setting.tcl
Execute         source /opt/Xilinx/Vitis_HLS/2024.1/common/technology/generic/autopilot/common.gen 
Execute           source /opt/Xilinx/Vitis_HLS/2024.1/common/technology/generic/autopilot/APCoreGen.gen 
Execute         source /opt/Xilinx/Vitis_HLS/2024.1/common/technology/generic/autopilot/op.gen 
Execute         source /opt/Xilinx/Vitis_HLS/2024.1/common/technology/generic/autopilot/op_simcore.gen 
Execute         source /opt/Xilinx/Vitis_HLS/2024.1/common/technology/generic/autopilot/interface.gen 
Execute         source /scratch/emettner/tachep-fpga-project-26/calorimeter/solution1/.autopilot/db/global.setting.tcl 
Execute         source /opt/Xilinx/Vitis_HLS/2024.1/common/technology/xilinx/common/xilinx.gen 
Execute           source /opt/Xilinx/Vitis_HLS/2024.1/common/technology/xilinx/interface/plb46.gen 
Execute           source /opt/Xilinx/Vitis_HLS/2024.1/common/technology/xilinx/interface/axi4.gen 
Execute           source /opt/Xilinx/Vitis_HLS/2024.1/common/technology/xilinx/interface/nativeAXI4.gen 
Execute             source /opt/Xilinx/Vitis_HLS/2024.1/common/technology/xilinx/interface/saxilite.gen 
Execute           source /opt/Xilinx/Vitis_HLS/2024.1/common/technology/xilinx/scripts/xilinxcoregen.gen 
Execute           source /opt/Xilinx/Vitis_HLS/2024.1/common/technology/xilinx/interface/XilEDKCoreGen.gen 
Execute           source /opt/Xilinx/Vitis_HLS/2024.1/common/technology/xilinx/ip/util.gen 
Execute           source /opt/Xilinx/Vitis_HLS/2024.1/common/technology/xilinx/ip/xfft.gen 
Command           ap_source done; 0.13 sec.
Execute           source /opt/Xilinx/Vitis_HLS/2024.1/common/technology/xilinx/ip/xfir.gen 
Execute           source /opt/Xilinx/Vitis_HLS/2024.1/common/technology/xilinx/ip/dds_compiler.gen 
Execute           source /opt/Xilinx/Vitis_HLS/2024.1/common/technology/xilinx/DSP48/dsp48.gen 
Command         ap_source done; 0.17 sec.
INFO-FLOW: DBG:PUTS:   using AESL_AUTOCG::g_clock_period=25.000 (was NA)
INFO-FLOW: DBG:PROC: ::AESL_AUTOMG::generate_ip_cores gen_sim_model='1' gen_fp_models='0' gen_for_export='0' dstSCDir='' dstVhdlDir='/scratch/emettner/tachep-fpga-project-26/calorimeter/solution1/.autopilot/db/vhdl' dstVlogDir='/scratch/emettner/tachep-fpga-project-26/calorimeter/solution1/.autopilot/db/vlog' tclDir='/scratch/emettner/tachep-fpga-project-26/calorimeter/solution1/.autopilot/db' modelList='calo_trigger_stream_ref_flow_control_loop_pipe_sequential_init
calo_trigger_stream_ref_sparsemux_15_3_20_1_1
calo_trigger_stream_ref_sparsemux_15_3_6_1_1
calo_trigger_stream_ref_sparsemux_15_3_4_1_1
calo_trigger_stream_ref_sparsemux_15_3_1_1_1
calo_trigger_stream_ref_fifo_w61_d64_A
calo_trigger_stream_ref_fifo_w20_d2_S
calo_trigger_stream_ref_fifo_w20_d2_S
calo_trigger_stream_ref_fifo_w20_d2_S
calo_trigger_stream_ref_fifo_w20_d2_S
calo_trigger_stream_ref_fifo_w20_d2_S
calo_trigger_stream_ref_fifo_w20_d2_S
calo_trigger_stream_ref_fifo_w20_d2_S
calo_trigger_stream_ref_fifo_w20_d2_S
calo_trigger_stream_ref_fifo_w20_d2_S
calo_trigger_stream_ref_fifo_w20_d2_S
calo_trigger_stream_ref_fifo_w20_d2_S
calo_trigger_stream_ref_fifo_w20_d2_S
calo_trigger_stream_ref_fifo_w20_d2_S
calo_trigger_stream_ref_fifo_w20_d2_S
calo_trigger_stream_ref_fifo_w20_d2_S
calo_trigger_stream_ref_fifo_w20_d2_S
calo_trigger_stream_ref_fifo_w6_d2_S
calo_trigger_stream_ref_fifo_w6_d2_S
calo_trigger_stream_ref_fifo_w6_d2_S
calo_trigger_stream_ref_fifo_w6_d2_S
calo_trigger_stream_ref_fifo_w6_d2_S
calo_trigger_stream_ref_fifo_w6_d2_S
calo_trigger_stream_ref_fifo_w6_d2_S
calo_trigger_stream_ref_fifo_w6_d2_S
calo_trigger_stream_ref_fifo_w6_d2_S
calo_trigger_stream_ref_fifo_w6_d2_S
calo_trigger_stream_ref_fifo_w6_d2_S
calo_trigger_stream_ref_fifo_w6_d2_S
calo_trigger_stream_ref_fifo_w6_d2_S
calo_trigger_stream_ref_fifo_w6_d2_S
calo_trigger_stream_ref_fifo_w6_d2_S
calo_trigger_stream_ref_fifo_w6_d2_S
calo_trigger_stream_ref_fifo_w4_d2_S
calo_trigger_stream_ref_fifo_w4_d2_S
calo_trigger_stream_ref_fifo_w4_d2_S
calo_trigger_stream_ref_fifo_w4_d2_S
calo_trigger_stream_ref_fifo_w4_d2_S
calo_trigger_stream_ref_fifo_w4_d2_S
calo_trigger_stream_ref_fifo_w4_d2_S
calo_trigger_stream_ref_fifo_w4_d2_S
calo_trigger_stream_ref_fifo_w1_d2_S
calo_trigger_stream_ref_fifo_w1_d2_S
calo_trigger_stream_ref_fifo_w1_d2_S
calo_trigger_stream_ref_fifo_w1_d2_S
calo_trigger_stream_ref_fifo_w1_d2_S
calo_trigger_stream_ref_fifo_w1_d2_S
calo_trigger_stream_ref_fifo_w1_d2_S
calo_trigger_stream_ref_fifo_w1_d2_S
calo_trigger_stream_ref_start_for_select_top_n_from_stream_U0
calo_trigger_stream_ref_CTRL_s_axi
find_clusters_stream_3_5_s
produce_cluster_stream_3x3_iso5
select_top_n_from_stream
build_trigger_objects
cluster_sort_build_stream
calo_trigger_stream_ref
' expOnly='0'
Execute         source /scratch/emettner/tachep-fpga-project-26/calorimeter/solution1/.autopilot/db/global.setting.tcl 
Execute         ap_part_info -name xcvu13p-fsga2577-2-e -data names -quiet 
Execute         ap_part_info -name xcvu13p-fsga2577-2-e -data info -quiet 
Execute         source /scratch/emettner/tachep-fpga-project-26/calorimeter/solution1/.autopilot/db/global.setting.tcl 
Execute         source /scratch/emettner/tachep-fpga-project-26/calorimeter/solution1/.autopilot/db/global.setting.tcl 
Execute         source /scratch/emettner/tachep-fpga-project-26/calorimeter/solution1/.autopilot/db/find_clusters_stream_3_5_s.compgen.tcl 
Execute         source /scratch/emettner/tachep-fpga-project-26/calorimeter/solution1/.autopilot/db/produce_cluster_stream_3x3_iso5.compgen.tcl 
Execute         source /scratch/emettner/tachep-fpga-project-26/calorimeter/solution1/.autopilot/db/select_top_n_from_stream.compgen.tcl 
Execute         source /scratch/emettner/tachep-fpga-project-26/calorimeter/solution1/.autopilot/db/build_trigger_objects.compgen.tcl 
Execute         source /scratch/emettner/tachep-fpga-project-26/calorimeter/solution1/.autopilot/db/cluster_sort_build_stream.compgen.tcl 
Execute         source /scratch/emettner/tachep-fpga-project-26/calorimeter/solution1/.autopilot/db/calo_trigger_stream_ref.compgen.tcl 
Execute           source ./CTRL.slave.tcl 
INFO: [HLS 200-111] Finished Generating all RTL models: CPU user time: 0.47 seconds. CPU system time: 0.1 seconds. Elapsed time: 0.58 seconds; current allocated memory: 484.574 MB.
INFO-FLOW: DBG:PROC: ::HLSREPORTS::create_csynth_xml bind_info_var='bind_info' RtlSubPrefix='calo_trigger_stream_ref_' outfile=''
INFO-FLOW: Running: create_csynth_xml read xml data
INFO-FLOW: Done: create_csynth_xml read xml data time: 0 seconds per iteration
INFO-FLOW: Running: create_csynth_xml bind info
INFO-FLOW: No bind nodes found for module_name produce_cluster_stream_3x3_iso5
INFO-FLOW: Done: create_csynth_xml bind info time: 0.1 seconds per iteration
INFO-FLOW: Running: create_csynth_xml config info
INFO-FLOW: Done: create_csynth_xml config info time: 0.1 seconds per iteration
INFO-FLOW: Running: create_csynth_xml write xml
INFO-FLOW: Done: create_csynth_xml write xml time: 0 seconds per iteration
INFO-FLOW: DBG:PUTS:      create_csynth_xml wrote csynth_xml=/scratch/emettner/tachep-fpga-project-26/calorimeter/solution1/syn/report/csynth.xml
INFO-FLOW: DBG:PROC: ::AP::DESIGN_DATA::generate_json generate_bd_files='0' generate_xo_files='0' modelList='calo_trigger_stream_ref_flow_control_loop_pipe_sequential_init
calo_trigger_stream_ref_sparsemux_15_3_20_1_1
calo_trigger_stream_ref_sparsemux_15_3_6_1_1
calo_trigger_stream_ref_sparsemux_15_3_4_1_1
calo_trigger_stream_ref_sparsemux_15_3_1_1_1
calo_trigger_stream_ref_fifo_w61_d64_A
calo_trigger_stream_ref_fifo_w20_d2_S
calo_trigger_stream_ref_fifo_w20_d2_S
calo_trigger_stream_ref_fifo_w20_d2_S
calo_trigger_stream_ref_fifo_w20_d2_S
calo_trigger_stream_ref_fifo_w20_d2_S
calo_trigger_stream_ref_fifo_w20_d2_S
calo_trigger_stream_ref_fifo_w20_d2_S
calo_trigger_stream_ref_fifo_w20_d2_S
calo_trigger_stream_ref_fifo_w20_d2_S
calo_trigger_stream_ref_fifo_w20_d2_S
calo_trigger_stream_ref_fifo_w20_d2_S
calo_trigger_stream_ref_fifo_w20_d2_S
calo_trigger_stream_ref_fifo_w20_d2_S
calo_trigger_stream_ref_fifo_w20_d2_S
calo_trigger_stream_ref_fifo_w20_d2_S
calo_trigger_stream_ref_fifo_w20_d2_S
calo_trigger_stream_ref_fifo_w6_d2_S
calo_trigger_stream_ref_fifo_w6_d2_S
calo_trigger_stream_ref_fifo_w6_d2_S
calo_trigger_stream_ref_fifo_w6_d2_S
calo_trigger_stream_ref_fifo_w6_d2_S
calo_trigger_stream_ref_fifo_w6_d2_S
calo_trigger_stream_ref_fifo_w6_d2_S
calo_trigger_stream_ref_fifo_w6_d2_S
calo_trigger_stream_ref_fifo_w6_d2_S
calo_trigger_stream_ref_fifo_w6_d2_S
calo_trigger_stream_ref_fifo_w6_d2_S
calo_trigger_stream_ref_fifo_w6_d2_S
calo_trigger_stream_ref_fifo_w6_d2_S
calo_trigger_stream_ref_fifo_w6_d2_S
calo_trigger_stream_ref_fifo_w6_d2_S
calo_trigger_stream_ref_fifo_w6_d2_S
calo_trigger_stream_ref_fifo_w4_d2_S
calo_trigger_stream_ref_fifo_w4_d2_S
calo_trigger_stream_ref_fifo_w4_d2_S
calo_trigger_stream_ref_fifo_w4_d2_S
calo_trigger_stream_ref_fifo_w4_d2_S
calo_trigger_stream_ref_fifo_w4_d2_S
calo_trigger_stream_ref_fifo_w4_d2_S
calo_trigger_stream_ref_fifo_w4_d2_S
calo_trigger_stream_ref_fifo_w1_d2_S
calo_trigger_stream_ref_fifo_w1_d2_S
calo_trigger_stream_ref_fifo_w1_d2_S
calo_trigger_stream_ref_fifo_w1_d2_S
calo_trigger_stream_ref_fifo_w1_d2_S
calo_trigger_stream_ref_fifo_w1_d2_S
calo_trigger_stream_ref_fifo_w1_d2_S
calo_trigger_stream_ref_fifo_w1_d2_S
calo_trigger_stream_ref_start_for_select_top_n_from_stream_U0
calo_trigger_stream_ref_CTRL_s_axi
find_clusters_stream_3_5_s
produce_cluster_stream_3x3_iso5
select_top_n_from_stream
build_trigger_objects
cluster_sort_build_stream
calo_trigger_stream_ref
' rtl_lang='both' bootstrap_tcl='false' outdir='' outfilename=''
Execute         source /scratch/emettner/tachep-fpga-project-26/calorimeter/solution1/.autopilot/db/global.setting.tcl 
Execute         source /scratch/emettner/tachep-fpga-project-26/calorimeter/solution1/.autopilot/db/global.setting.tcl 
Execute         source /scratch/emettner/tachep-fpga-project-26/calorimeter/solution1/.autopilot/db/top-io-be.tcl 
Execute         source /scratch/emettner/tachep-fpga-project-26/calorimeter/solution1/.autopilot/db/calo_trigger_stream_ref.tbgen.tcl 
Execute         source /scratch/emettner/tachep-fpga-project-26/calorimeter/solution1/.autopilot/db/calo_trigger_stream_ref.compgen.dataonly.tcl 
Execute         source /scratch/emettner/tachep-fpga-project-26/calorimeter/solution1/.autopilot/db/calo_trigger_stream_ref.compgen.dataonly.tcl 
Execute         source /scratch/emettner/tachep-fpga-project-26/calorimeter/solution1/.autopilot/db/calo_trigger_stream_ref.rtl_wrap.cfg.tcl 
Execute         source /scratch/emettner/tachep-fpga-project-26/calorimeter/solution1/.autopilot/db/calo_trigger_stream_ref.compgen.dataonly.tcl 
Execute         source /scratch/emettner/tachep-fpga-project-26/calorimeter/solution1/.autopilot/db/find_clusters_stream_3_5_s.tbgen.tcl 
Execute         source /scratch/emettner/tachep-fpga-project-26/calorimeter/solution1/.autopilot/db/produce_cluster_stream_3x3_iso5.tbgen.tcl 
Execute         source /scratch/emettner/tachep-fpga-project-26/calorimeter/solution1/.autopilot/db/select_top_n_from_stream.tbgen.tcl 
Execute         source /scratch/emettner/tachep-fpga-project-26/calorimeter/solution1/.autopilot/db/build_trigger_objects.tbgen.tcl 
Execute         source /scratch/emettner/tachep-fpga-project-26/calorimeter/solution1/.autopilot/db/cluster_sort_build_stream.tbgen.tcl 
Execute         source /scratch/emettner/tachep-fpga-project-26/calorimeter/solution1/.autopilot/db/calo_trigger_stream_ref.tbgen.tcl 
Execute         source /scratch/emettner/tachep-fpga-project-26/calorimeter/solution1/.autopilot/db/global.setting.tcl 
Execute         ap_part_info -name xcvu13p-fsga2577-2-e -data names -quiet 
Execute         ap_part_info -name xcvu13p-fsga2577-2-e -data info -quiet 
Execute         source /scratch/emettner/tachep-fpga-project-26/calorimeter/solution1/.autopilot/db/calo_trigger_stream_ref.constraint.tcl 
Execute         sc_get_clocks calo_trigger_stream_ref 
Execute         source /scratch/emettner/tachep-fpga-project-26/calorimeter/solution1/.autopilot/db/global.setting.tcl 
INFO-FLOW: DBG:PROC: ::HLSREPORTS::add_csynth_report_sections bind_info_dict='adapter_nodes {{BINDTYPE adapter ID {} IMPL {} LATENCY {} OPTYPE {} PRAGMA {} RTLNAME CTRL_s_axi_U SOURCE {} VARIABLE {} LOOP {} BUNDLEDNAME CTRL DSP 0 BRAM 0 URAM 0 STORAGESUBTYPE s_axilite STORAGESIZE {} STORAGEUSAGE interface DISPNAME {bind_adapter }}} cache_nodes {} report_dict {TOPINST calo_trigger_stream_ref MODULE2INSTS {calo_trigger_stream_ref calo_trigger_stream_ref cluster_sort_build_stream grp_cluster_sort_build_stream_fu_165 produce_cluster_stream_3x3_iso5 produce_cluster_stream_3x3_iso5_U0 find_clusters_stream_3_5_s grp_find_clusters_stream_3_5_s_fu_38 select_top_n_from_stream select_top_n_from_stream_U0 build_trigger_objects build_trigger_objects_U0} INST2MODULE {calo_trigger_stream_ref calo_trigger_stream_ref grp_cluster_sort_build_stream_fu_165 cluster_sort_build_stream produce_cluster_stream_3x3_iso5_U0 produce_cluster_stream_3x3_iso5 grp_find_clusters_stream_3_5_s_fu_38 find_clusters_stream_3_5_s select_top_n_from_stream_U0 select_top_n_from_stream build_trigger_objects_U0 build_trigger_objects} INSTDATA {calo_trigger_stream_ref {DEPTH 1 CHILDREN grp_cluster_sort_build_stream_fu_165} grp_cluster_sort_build_stream_fu_165 {DEPTH 2 CHILDREN {produce_cluster_stream_3x3_iso5_U0 select_top_n_from_stream_U0 build_trigger_objects_U0}} produce_cluster_stream_3x3_iso5_U0 {DEPTH 3 CHILDREN grp_find_clusters_stream_3_5_s_fu_38} grp_find_clusters_stream_3_5_s_fu_38 {DEPTH 4 CHILDREN {}} select_top_n_from_stream_U0 {DEPTH 3 CHILDREN {}} build_trigger_objects_U0 {DEPTH 3 CHILDREN {}}} MODULEDATA {find_clusters_stream_3_5_s {BINDINFO {{BINDTYPE op ID {} IMPL auto LATENCY 0 OPTYPE seteq PRAGMA {} RTLNAME icmp_ln288_fu_382_p2 SOURCE ./calorimeter.h:288 VARIABLE icmp_ln288 LOOP VITIS_LOOP_288_1_VITIS_LOOP_289_2 BUNDLEDNAME {} DSP 0 BRAM 0 URAM 0 STORAGESUBTYPE {} DISPNAME {bind_op seteq} VISIBLE false} {BINDTYPE op ID {} IMPL fabric LATENCY 0 OPTYPE add PRAGMA {} RTLNAME add_ln288_1_fu_388_p2 SOURCE ./calorimeter.h:288 VARIABLE add_ln288_1 LOOP VITIS_LOOP_288_1_VITIS_LOOP_289_2 BUNDLEDNAME {} DSP 0 BRAM 0 URAM 0 STORAGESUBTYPE {} DISPNAME {bind_op add} VISIBLE true} {BINDTYPE op ID {} IMPL auto LATENCY 0 OPTYPE seteq PRAGMA {} RTLNAME icmp_ln289_fu_400_p2 SOURCE ./calorimeter.h:289 VARIABLE icmp_ln289 LOOP VITIS_LOOP_288_1_VITIS_LOOP_289_2 BUNDLEDNAME {} DSP 0 BRAM 0 URAM 0 STORAGESUBTYPE {} DISPNAME {bind_op seteq} VISIBLE false} {BINDTYPE op ID {} IMPL auto_sel LATENCY 0 OPTYPE select PRAGMA {} RTLNAME select_ln288_fu_406_p3 SOURCE ./calorimeter.h:288 VARIABLE select_ln288 LOOP VITIS_LOOP_288_1_VITIS_LOOP_289_2 BUNDLEDNAME {} DSP 0 BRAM 0 URAM 0 STORAGESUBTYPE {} DISPNAME {bind_op select} VISIBLE false} {BINDTYPE op ID {} IMPL fabric LATENCY 0 OPTYPE add PRAGMA {} RTLNAME add_ln288_fu_414_p2 SOURCE ./calorimeter.h:288 VARIABLE add_ln288 LOOP VITIS_LOOP_288_1_VITIS_LOOP_289_2 BUNDLEDNAME {} DSP 0 BRAM 0 URAM 0 STORAGESUBTYPE {} DISPNAME {bind_op add} VISIBLE true} {BINDTYPE op ID {} IMPL fabric LATENCY 0 OPTYPE add PRAGMA {} RTLNAME add_ln288_2_fu_420_p2 SOURCE ./calorimeter.h:288 VARIABLE add_ln288_2 LOOP VITIS_LOOP_288_1_VITIS_LOOP_289_2 BUNDLEDNAME {} DSP 0 BRAM 0 URAM 0 STORAGESUBTYPE {} DISPNAME {bind_op add} VISIBLE true} {BINDTYPE op ID {} IMPL auto_sel LATENCY 0 OPTYPE select PRAGMA {} RTLNAME select_ln288_1_fu_426_p3 SOURCE ./calorimeter.h:288 VARIABLE select_ln288_1 LOOP VITIS_LOOP_288_1_VITIS_LOOP_289_2 BUNDLEDNAME {} DSP 0 BRAM 0 URAM 0 STORAGESUBTYPE {} DISPNAME {bind_op select} VISIBLE false} {BINDTYPE op ID {} IMPL auto_sel LATENCY 0 OPTYPE select PRAGMA {} RTLNAME select_ln288_2_fu_434_p3 SOURCE ./calorimeter.h:288 VARIABLE select_ln288_2 LOOP VITIS_LOOP_288_1_VITIS_LOOP_289_2 BUNDLEDNAME {} DSP 0 BRAM 0 URAM 0 STORAGESUBTYPE {} DISPNAME {bind_op select} VISIBLE false} {BINDTYPE op ID {} IMPL fabric LATENCY 0 OPTYPE sub PRAGMA {} RTLNAME sub_ln301_fu_462_p2 SOURCE ./calorimeter.h:301 VARIABLE sub_ln301 LOOP VITIS_LOOP_288_1_VITIS_LOOP_289_2 BUNDLEDNAME {} DSP 0 BRAM 0 URAM 0 STORAGESUBTYPE {} DISPNAME {bind_op sub} VISIBLE true} {BINDTYPE op ID {} IMPL fabric LATENCY 0 OPTYPE add PRAGMA {} RTLNAME empty_fu_468_p2 SOURCE ./calorimeter.h:288 VARIABLE empty LOOP VITIS_LOOP_288_1_VITIS_LOOP_289_2 BUNDLEDNAME {} DSP 0 BRAM 0 URAM 0 STORAGESUBTYPE {} DISPNAME {bind_op add} VISIBLE true} {BINDTYPE op ID {} IMPL fabric LATENCY 0 OPTYPE sub PRAGMA {} RTLNAME sub_ln196_fu_494_p2 SOURCE ./calorimeter.h:196 VARIABLE sub_ln196 LOOP VITIS_LOOP_288_1_VITIS_LOOP_289_2 BUNDLEDNAME {} DSP 0 BRAM 0 URAM 0 STORAGESUBTYPE {} DISPNAME {bind_op sub} VISIBLE true} {BINDTYPE op ID {} IMPL fabric LATENCY 0 OPTYPE sub PRAGMA {} RTLNAME sub_ln196_1_fu_669_p2 SOURCE ./calorimeter.h:196 VARIABLE sub_ln196_1 LOOP VITIS_LOOP_288_1_VITIS_LOOP_289_2 BUNDLEDNAME {} DSP 0 BRAM 0 URAM 0 STORAGESUBTYPE {} DISPNAME {bind_op sub} VISIBLE true} {BINDTYPE op ID {} IMPL fabric LATENCY 0 OPTYPE add PRAGMA {} RTLNAME empty_57_fu_755_p2 SOURCE ./calorimeter.h:288 VARIABLE empty_57 LOOP VITIS_LOOP_288_1_VITIS_LOOP_289_2 BUNDLEDNAME {} DSP 0 BRAM 0 URAM 0 STORAGESUBTYPE {} DISPNAME {bind_op add} VISIBLE true} {BINDTYPE op ID {} IMPL fabric LATENCY 0 OPTYPE sub PRAGMA {} RTLNAME sub_ln167_fu_780_p2 SOURCE ./calorimeter.h:167 VARIABLE sub_ln167 LOOP VITIS_LOOP_288_1_VITIS_LOOP_289_2 BUNDLEDNAME {} DSP 0 BRAM 0 URAM 0 STORAGESUBTYPE {} DISPNAME {bind_op sub} VISIBLE true} {BINDTYPE op ID {} IMPL fabric LATENCY 0 OPTYPE add PRAGMA {} RTLNAME empty_58_fu_1246_p2 SOURCE ./calorimeter.h:288 VARIABLE empty_58 LOOP VITIS_LOOP_288_1_VITIS_LOOP_289_2 BUNDLEDNAME {} DSP 0 BRAM 0 URAM 0 STORAGESUBTYPE {} DISPNAME {bind_op add} VISIBLE true} {BINDTYPE op ID {} IMPL fabric LATENCY 0 OPTYPE sub PRAGMA {} RTLNAME sub_ln167_1_fu_1271_p2 SOURCE ./calorimeter.h:167 VARIABLE sub_ln167_1 LOOP VITIS_LOOP_288_1_VITIS_LOOP_289_2 BUNDLEDNAME {} DSP 0 BRAM 0 URAM 0 STORAGESUBTYPE {} DISPNAME {bind_op sub} VISIBLE true} {BINDTYPE op ID {} IMPL fabric LATENCY 0 OPTYPE add PRAGMA {} RTLNAME add_ln301_fu_504_p2 SOURCE ./calorimeter.h:301 VARIABLE add_ln301 LOOP VITIS_LOOP_288_1_VITIS_LOOP_289_2 BUNDLEDNAME {} DSP 0 BRAM 0 URAM 0 STORAGESUBTYPE {} DISPNAME {bind_op add} VISIBLE true} {BINDTYPE op ID {} IMPL fabric LATENCY 0 OPTYPE add PRAGMA {} RTLNAME add_ln196_fu_572_p2 SOURCE ./calorimeter.h:196 VARIABLE add_ln196 LOOP VITIS_LOOP_288_1_VITIS_LOOP_289_2 BUNDLEDNAME {} DSP 0 BRAM 0 URAM 0 STORAGESUBTYPE {} DISPNAME {bind_op add} VISIBLE true} {BINDTYPE op ID {} IMPL fabric LATENCY 0 OPTYPE add PRAGMA {} RTLNAME add_ln196_1_fu_675_p2 SOURCE ./calorimeter.h:196 VARIABLE add_ln196_1 LOOP VITIS_LOOP_288_1_VITIS_LOOP_289_2 BUNDLEDNAME {} DSP 0 BRAM 0 URAM 0 STORAGESUBTYPE {} DISPNAME {bind_op add} VISIBLE true} {BINDTYPE op ID {} IMPL fabric LATENCY 0 OPTYPE add PRAGMA {} RTLNAME add_ln167_fu_927_p2 SOURCE ./calorimeter.h:167 VARIABLE add_ln167 LOOP VITIS_LOOP_288_1_VITIS_LOOP_289_2 BUNDLEDNAME {} DSP 0 BRAM 0 URAM 0 STORAGESUBTYPE {} DISPNAME {bind_op add} VISIBLE true} {BINDTYPE op ID {} IMPL fabric LATENCY 0 OPTYPE add PRAGMA {} RTLNAME add_ln167_2_fu_1277_p2 SOURCE ./calorimeter.h:167 VARIABLE add_ln167_2 LOOP VITIS_LOOP_288_1_VITIS_LOOP_289_2 BUNDLEDNAME {} DSP 0 BRAM 0 URAM 0 STORAGESUBTYPE {} DISPNAME {bind_op add} VISIBLE true} {BINDTYPE op ID {} IMPL auto LATENCY 0 OPTYPE setlt PRAGMA {} RTLNAME icmp_ln303_fu_581_p2 SOURCE ./calorimeter.h:303 VARIABLE icmp_ln303 LOOP VITIS_LOOP_288_1_VITIS_LOOP_289_2 BUNDLEDNAME {} DSP 0 BRAM 0 URAM 0 STORAGESUBTYPE {} DISPNAME {bind_op setlt} VISIBLE false} {BINDTYPE op ID {} IMPL fabric LATENCY 0 OPTYPE add PRAGMA {} RTLNAME add_ln193_fu_519_p2 SOURCE ./calorimeter.h:193 VARIABLE add_ln193 LOOP VITIS_LOOP_288_1_VITIS_LOOP_289_2 BUNDLEDNAME {} DSP 0 BRAM 0 URAM 0 STORAGESUBTYPE {} DISPNAME {bind_op add} VISIBLE true} {BINDTYPE op ID {} IMPL fabric LATENCY 0 OPTYPE add PRAGMA {} RTLNAME add_ln141_fu_533_p2 SOURCE ./calorimeter.h:141 VARIABLE add_ln141 LOOP VITIS_LOOP_288_1_VITIS_LOOP_289_2 BUNDLEDNAME {} DSP 0 BRAM 0 URAM 0 STORAGESUBTYPE {} DISPNAME {bind_op add} VISIBLE true} {BINDTYPE op ID {} IMPL auto_sel LATENCY 0 OPTYPE select PRAGMA {} RTLNAME phi_idx_fu_539_p3 SOURCE ./calorimeter.h:140 VARIABLE phi_idx LOOP VITIS_LOOP_288_1_VITIS_LOOP_289_2 BUNDLEDNAME {} DSP 0 BRAM 0 URAM 0 STORAGESUBTYPE {} DISPNAME {bind_op select} VISIBLE false} {BINDTYPE op ID {} IMPL fabric LATENCY 0 OPTYPE add PRAGMA {} RTLNAME add_ln196_2_fu_551_p2 SOURCE ./calorimeter.h:196 VARIABLE add_ln196_2 LOOP VITIS_LOOP_288_1_VITIS_LOOP_289_2 BUNDLEDNAME {} DSP 0 BRAM 0 URAM 0 STORAGESUBTYPE {} DISPNAME {bind_op add} VISIBLE true} {BINDTYPE op ID {} IMPL auto LATENCY 0 OPTYPE setlt PRAGMA {} RTLNAME is_max_fu_786_p2 SOURCE ./calorimeter.h:198 VARIABLE is_max LOOP VITIS_LOOP_288_1_VITIS_LOOP_289_2 BUNDLEDNAME {} DSP 0 BRAM 0 URAM 0 STORAGESUBTYPE {} DISPNAME {bind_op setlt} VISIBLE false} {BINDTYPE op ID {} IMPL auto LATENCY 0 OPTYPE setne PRAGMA {} RTLNAME icmp_ln200_fu_685_p2 SOURCE ./calorimeter.h:200 VARIABLE icmp_ln200 LOOP VITIS_LOOP_288_1_VITIS_LOOP_289_2 BUNDLEDNAME {} DSP 0 BRAM 0 URAM 0 STORAGESUBTYPE {} DISPNAME {bind_op setne} VISIBLE false} {BINDTYPE op ID {} IMPL auto LATENCY 0 OPTYPE setlt PRAGMA {} RTLNAME grp_fu_358_p2 SOURCE ./calorimeter.h:198 VARIABLE icmp_ln198 LOOP VITIS_LOOP_288_1_VITIS_LOOP_289_2 BUNDLEDNAME {} DSP 0 BRAM 0 URAM 0 STORAGESUBTYPE {} DISPNAME {bind_op setlt} VISIBLE false} {BINDTYPE op ID {} IMPL auto LATENCY 0 OPTYPE xor PRAGMA {} RTLNAME xor_ln198_1_fu_792_p2 SOURCE ./calorimeter.h:198 VARIABLE xor_ln198_1 LOOP VITIS_LOOP_288_1_VITIS_LOOP_289_2 BUNDLEDNAME {} DSP 0 BRAM 0 URAM 0 STORAGESUBTYPE {} DISPNAME {bind_op xor} VISIBLE false} {BINDTYPE op ID {} IMPL fabric LATENCY 0 OPTYPE add PRAGMA {} RTLNAME phi_fu_586_p2 SOURCE ./calorimeter.h:193 VARIABLE phi LOOP VITIS_LOOP_288_1_VITIS_LOOP_289_2 BUNDLEDNAME {} DSP 0 BRAM 0 URAM 0 STORAGESUBTYPE {} DISPNAME {bind_op add} VISIBLE true} {BINDTYPE op ID {} IMPL auto LATENCY 0 OPTYPE setgt PRAGMA {} RTLNAME icmp_ln142_fu_591_p2 SOURCE ./calorimeter.h:142 VARIABLE icmp_ln142 LOOP VITIS_LOOP_288_1_VITIS_LOOP_289_2 BUNDLEDNAME {} DSP 0 BRAM 0 URAM 0 STORAGESUBTYPE {} DISPNAME {bind_op setgt} VISIBLE false} {BINDTYPE op ID {} IMPL fabric LATENCY 0 OPTYPE add PRAGMA {} RTLNAME add_ln143_fu_597_p2 SOURCE ./calorimeter.h:143 VARIABLE add_ln143 LOOP VITIS_LOOP_288_1_VITIS_LOOP_289_2 BUNDLEDNAME {} DSP 0 BRAM 0 URAM 0 STORAGESUBTYPE {} DISPNAME {bind_op add} VISIBLE true} {BINDTYPE op ID {} IMPL auto_sel LATENCY 0 OPTYPE select PRAGMA {} RTLNAME phi_idx_2_fu_606_p3 SOURCE ./calorimeter.h:142 VARIABLE phi_idx_2 LOOP VITIS_LOOP_288_1_VITIS_LOOP_289_2 BUNDLEDNAME {} DSP 0 BRAM 0 URAM 0 STORAGESUBTYPE {} DISPNAME {bind_op select} VISIBLE false} {BINDTYPE op ID {} IMPL fabric LATENCY 0 OPTYPE add PRAGMA {} RTLNAME add_ln196_3_fu_618_p2 SOURCE ./calorimeter.h:196 VARIABLE add_ln196_3 LOOP VITIS_LOOP_288_1_VITIS_LOOP_289_2 BUNDLEDNAME {} DSP 0 BRAM 0 URAM 0 STORAGESUBTYPE {} DISPNAME {bind_op add} VISIBLE true} {BINDTYPE op ID {} IMPL fabric LATENCY 0 OPTYPE add PRAGMA {} RTLNAME add_ln196_4_fu_633_p2 SOURCE ./calorimeter.h:196 VARIABLE add_ln196_4 LOOP VITIS_LOOP_288_1_VITIS_LOOP_289_2 BUNDLEDNAME {} DSP 0 BRAM 0 URAM 0 STORAGESUBTYPE {} DISPNAME {bind_op add} VISIBLE true} {BINDTYPE op ID {} IMPL fabric LATENCY 0 OPTYPE add PRAGMA {} RTLNAME add_ln196_5_fu_797_p2 SOURCE ./calorimeter.h:196 VARIABLE add_ln196_5 LOOP VITIS_LOOP_288_1_VITIS_LOOP_289_2 BUNDLEDNAME {} DSP 0 BRAM 0 URAM 0 STORAGESUBTYPE {} DISPNAME {bind_op add} VISIBLE true} {BINDTYPE op ID {} IMPL fabric LATENCY 0 OPTYPE add PRAGMA {} RTLNAME add_ln167_6_fu_1035_p2 SOURCE ./calorimeter.h:167 VARIABLE add_ln167_6 LOOP VITIS_LOOP_288_1_VITIS_LOOP_289_2 BUNDLEDNAME {} DSP 0 BRAM 0 URAM 0 STORAGESUBTYPE {} DISPNAME {bind_op add} VISIBLE true} {BINDTYPE op ID {} IMPL fabric LATENCY 0 OPTYPE add PRAGMA {} RTLNAME add_ln167_7_fu_1282_p2 SOURCE ./calorimeter.h:167 VARIABLE add_ln167_7 LOOP VITIS_LOOP_288_1_VITIS_LOOP_289_2 BUNDLEDNAME {} DSP 0 BRAM 0 URAM 0 STORAGESUBTYPE {} DISPNAME {bind_op add} VISIBLE true} {BINDTYPE op ID {} IMPL fabric LATENCY 0 OPTYPE add PRAGMA {} RTLNAME add_ln196_6_fu_642_p2 SOURCE ./calorimeter.h:196 VARIABLE add_ln196_6 LOOP VITIS_LOOP_288_1_VITIS_LOOP_289_2 BUNDLEDNAME {} DSP 0 BRAM 0 URAM 0 STORAGESUBTYPE {} DISPNAME {bind_op add} VISIBLE true} {BINDTYPE op ID {} IMPL fabric LATENCY 0 OPTYPE add PRAGMA {} RTLNAME add_ln196_7_fu_691_p2 SOURCE ./calorimeter.h:196 VARIABLE add_ln196_7 LOOP VITIS_LOOP_288_1_VITIS_LOOP_289_2 BUNDLEDNAME {} DSP 0 BRAM 0 URAM 0 STORAGESUBTYPE {} DISPNAME {bind_op add} VISIBLE true} {BINDTYPE op ID {} IMPL fabric LATENCY 0 OPTYPE add PRAGMA {} RTLNAME add_ln167_9_fu_936_p2 SOURCE ./calorimeter.h:167 VARIABLE add_ln167_9 LOOP VITIS_LOOP_288_1_VITIS_LOOP_289_2 BUNDLEDNAME {} DSP 0 BRAM 0 URAM 0 STORAGESUBTYPE {} DISPNAME {bind_op add} VISIBLE true} {BINDTYPE op ID {} IMPL fabric LATENCY 0 OPTYPE add PRAGMA {} RTLNAME add_ln167_13_fu_1287_p2 SOURCE ./calorimeter.h:167 VARIABLE add_ln167_13 LOOP VITIS_LOOP_288_1_VITIS_LOOP_289_2 BUNDLEDNAME {} DSP 0 BRAM 0 URAM 0 STORAGESUBTYPE {} DISPNAME {bind_op add} VISIBLE true} {BINDTYPE op ID {} IMPL auto LATENCY 0 OPTYPE setlt PRAGMA {} RTLNAME grp_fu_358_p2 SOURCE ./calorimeter.h:198 VARIABLE icmp_ln198_1 LOOP VITIS_LOOP_288_1_VITIS_LOOP_289_2 BUNDLEDNAME {} DSP 0 BRAM 0 URAM 0 STORAGESUBTYPE {} DISPNAME {bind_op setlt} VISIBLE false} {BINDTYPE op ID {} IMPL auto LATENCY 0 OPTYPE xor PRAGMA {} RTLNAME xor_ln198_2_fu_806_p2 SOURCE ./calorimeter.h:198 VARIABLE xor_ln198_2 LOOP VITIS_LOOP_288_1_VITIS_LOOP_289_2 BUNDLEDNAME {} DSP 0 BRAM 0 URAM 0 STORAGESUBTYPE {} DISPNAME {bind_op xor} VISIBLE false} {BINDTYPE op ID {} IMPL auto LATENCY 0 OPTYPE setlt PRAGMA {} RTLNAME icmp_ln198_2_fu_812_p2 SOURCE ./calorimeter.h:198 VARIABLE icmp_ln198_2 LOOP VITIS_LOOP_288_1_VITIS_LOOP_289_2 BUNDLEDNAME {} DSP 0 BRAM 0 URAM 0 STORAGESUBTYPE {} DISPNAME {bind_op setlt} VISIBLE false} {BINDTYPE op ID {} IMPL auto LATENCY 0 OPTYPE xor PRAGMA {} RTLNAME xor_ln198_3_fu_818_p2 SOURCE ./calorimeter.h:198 VARIABLE xor_ln198_3 LOOP VITIS_LOOP_288_1_VITIS_LOOP_289_2 BUNDLEDNAME {} DSP 0 BRAM 0 URAM 0 STORAGESUBTYPE {} DISPNAME {bind_op xor} VISIBLE false} {BINDTYPE op ID {} IMPL auto LATENCY 0 OPTYPE setlt PRAGMA {} RTLNAME icmp_ln198_3_fu_824_p2 SOURCE ./calorimeter.h:198 VARIABLE icmp_ln198_3 LOOP VITIS_LOOP_288_1_VITIS_LOOP_289_2 BUNDLEDNAME {} DSP 0 BRAM 0 URAM 0 STORAGESUBTYPE {} DISPNAME {bind_op setlt} VISIBLE false} {BINDTYPE op ID {} IMPL auto LATENCY 0 OPTYPE xor PRAGMA {} RTLNAME xor_ln198_4_fu_830_p2 SOURCE ./calorimeter.h:198 VARIABLE xor_ln198_4 LOOP VITIS_LOOP_288_1_VITIS_LOOP_289_2 BUNDLEDNAME {} DSP 0 BRAM 0 URAM 0 STORAGESUBTYPE {} DISPNAME {bind_op xor} VISIBLE false} {BINDTYPE op ID {} IMPL auto LATENCY 0 OPTYPE and PRAGMA {} RTLNAME and_ln198_fu_836_p2 SOURCE ./calorimeter.h:198 VARIABLE and_ln198 LOOP VITIS_LOOP_288_1_VITIS_LOOP_289_2 BUNDLEDNAME {} DSP 0 BRAM 0 URAM 0 STORAGESUBTYPE {} DISPNAME {bind_op and} VISIBLE false} {BINDTYPE op ID {} IMPL auto LATENCY 0 OPTYPE setlt PRAGMA {} RTLNAME icmp_ln198_4_fu_701_p2 SOURCE ./calorimeter.h:198 VARIABLE icmp_ln198_4 LOOP VITIS_LOOP_288_1_VITIS_LOOP_289_2 BUNDLEDNAME {} DSP 0 BRAM 0 URAM 0 STORAGESUBTYPE {} DISPNAME {bind_op setlt} VISIBLE false} {BINDTYPE op ID {} IMPL auto LATENCY 0 OPTYPE and PRAGMA {} RTLNAME and_ln198_1_fu_841_p2 SOURCE ./calorimeter.h:198 VARIABLE and_ln198_1 LOOP VITIS_LOOP_288_1_VITIS_LOOP_289_2 BUNDLEDNAME {} DSP 0 BRAM 0 URAM 0 STORAGESUBTYPE {} DISPNAME {bind_op and} VISIBLE false} {BINDTYPE op ID {} IMPL auto LATENCY 0 OPTYPE and PRAGMA {} RTLNAME and_ln198_2_fu_846_p2 SOURCE ./calorimeter.h:198 VARIABLE and_ln198_2 LOOP VITIS_LOOP_288_1_VITIS_LOOP_289_2 BUNDLEDNAME {} DSP 0 BRAM 0 URAM 0 STORAGESUBTYPE {} DISPNAME {bind_op and} VISIBLE false} {BINDTYPE op ID {} IMPL auto LATENCY 0 OPTYPE setlt PRAGMA {} RTLNAME icmp_ln198_5_fu_707_p2 SOURCE ./calorimeter.h:198 VARIABLE icmp_ln198_5 LOOP VITIS_LOOP_288_1_VITIS_LOOP_289_2 BUNDLEDNAME {} DSP 0 BRAM 0 URAM 0 STORAGESUBTYPE {} DISPNAME {bind_op setlt} VISIBLE false} {BINDTYPE op ID {} IMPL auto LATENCY 0 OPTYPE and PRAGMA {} RTLNAME and_ln198_4_fu_852_p2 SOURCE ./calorimeter.h:198 VARIABLE and_ln198_4 LOOP VITIS_LOOP_288_1_VITIS_LOOP_289_2 BUNDLEDNAME {} DSP 0 BRAM 0 URAM 0 STORAGESUBTYPE {} DISPNAME {bind_op and} VISIBLE false} {BINDTYPE op ID {} IMPL auto LATENCY 0 OPTYPE and PRAGMA {} RTLNAME and_ln198_5_fu_858_p2 SOURCE ./calorimeter.h:198 VARIABLE and_ln198_5 LOOP VITIS_LOOP_288_1_VITIS_LOOP_289_2 BUNDLEDNAME {} DSP 0 BRAM 0 URAM 0 STORAGESUBTYPE {} DISPNAME {bind_op and} VISIBLE false} {BINDTYPE op ID {} IMPL auto LATENCY 0 OPTYPE and PRAGMA {} RTLNAME and_ln198_6_fu_864_p2 SOURCE ./calorimeter.h:198 VARIABLE and_ln198_6 LOOP VITIS_LOOP_288_1_VITIS_LOOP_289_2 BUNDLEDNAME {} DSP 0 BRAM 0 URAM 0 STORAGESUBTYPE {} DISPNAME {bind_op and} VISIBLE false} {BINDTYPE op ID {} IMPL auto LATENCY 0 OPTYPE and PRAGMA {} RTLNAME and_ln198_3_fu_869_p2 SOURCE ./calorimeter.h:198 VARIABLE and_ln198_3 LOOP VITIS_LOOP_288_1_VITIS_LOOP_289_2 BUNDLEDNAME {} DSP 0 BRAM 0 URAM 0 STORAGESUBTYPE {} DISPNAME {bind_op and} VISIBLE false} {BINDTYPE op ID {} IMPL auto LATENCY 0 OPTYPE setgt PRAGMA {} RTLNAME icmp_ln198_6_fu_945_p2 SOURCE ./calorimeter.h:198 VARIABLE icmp_ln198_6 LOOP VITIS_LOOP_288_1_VITIS_LOOP_289_2 BUNDLEDNAME {} DSP 0 BRAM 0 URAM 0 STORAGESUBTYPE {} DISPNAME {bind_op setgt} VISIBLE false} {BINDTYPE op ID {} IMPL auto LATENCY 0 OPTYPE xor PRAGMA {} RTLNAME xor_ln198_fu_875_p2 SOURCE ./calorimeter.h:198 VARIABLE xor_ln198 LOOP VITIS_LOOP_288_1_VITIS_LOOP_289_2 BUNDLEDNAME {} DSP 0 BRAM 0 URAM 0 STORAGESUBTYPE {} DISPNAME {bind_op xor} VISIBLE false} {BINDTYPE op ID {} IMPL fabric LATENCY 0 OPTYPE add PRAGMA {} RTLNAME cluster_et_fu_729_p2 SOURCE ./calorimeter.h:167 VARIABLE cluster_et LOOP VITIS_LOOP_288_1_VITIS_LOOP_289_2 BUNDLEDNAME {} DSP 0 BRAM 0 URAM 0 STORAGESUBTYPE {} DISPNAME {bind_op add} VISIBLE true} {BINDTYPE op ID {} IMPL fabric LATENCY 0 OPTYPE add PRAGMA {} RTLNAME add_ln167_1_fu_739_p2 SOURCE ./calorimeter.h:167 VARIABLE add_ln167_1 LOOP VITIS_LOOP_288_1_VITIS_LOOP_289_2 BUNDLEDNAME {} DSP 0 BRAM 0 URAM 0 STORAGESUBTYPE {} DISPNAME {bind_op add} VISIBLE true} {BINDTYPE op ID {} IMPL fabric LATENCY 0 OPTYPE add PRAGMA {} RTLNAME cluster_et_1_fu_749_p2 SOURCE ./calorimeter.h:167 VARIABLE cluster_et_1 LOOP VITIS_LOOP_288_1_VITIS_LOOP_289_2 BUNDLEDNAME {} DSP 0 BRAM 0 URAM 0 STORAGESUBTYPE {} DISPNAME {bind_op add} VISIBLE true} {BINDTYPE op ID {} IMPL fabric LATENCY 0 OPTYPE add PRAGMA {} RTLNAME add_ln167_4_fu_979_p2 SOURCE ./calorimeter.h:167 VARIABLE add_ln167_4 LOOP VITIS_LOOP_288_1_VITIS_LOOP_289_2 BUNDLEDNAME {} DSP 0 BRAM 0 URAM 0 STORAGESUBTYPE {} DISPNAME {bind_op add} VISIBLE true} {BINDTYPE op ID {} IMPL fabric LATENCY 0 OPTYPE add PRAGMA {} RTLNAME add_ln167_5_fu_989_p2 SOURCE ./calorimeter.h:167 VARIABLE add_ln167_5 LOOP VITIS_LOOP_288_1_VITIS_LOOP_289_2 BUNDLEDNAME {} DSP 0 BRAM 0 URAM 0 STORAGESUBTYPE {} DISPNAME {bind_op add} VISIBLE true} {BINDTYPE op ID {} IMPL fabric LATENCY 0 OPTYPE add PRAGMA {} RTLNAME cluster_et_3_fu_1009_p2 SOURCE ./calorimeter.h:167 VARIABLE cluster_et_3 LOOP VITIS_LOOP_288_1_VITIS_LOOP_289_2 BUNDLEDNAME {} DSP 0 BRAM 0 URAM 0 STORAGESUBTYPE {} DISPNAME {bind_op add} VISIBLE true} {BINDTYPE op ID {} IMPL auto LATENCY 0 OPTYPE setlt PRAGMA {} RTLNAME icmp_ln307_fu_1019_p2 SOURCE ./calorimeter.h:307 VARIABLE icmp_ln307 LOOP VITIS_LOOP_288_1_VITIS_LOOP_289_2 BUNDLEDNAME {} DSP 0 BRAM 0 URAM 0 STORAGESUBTYPE {} DISPNAME {bind_op setlt} VISIBLE false} {BINDTYPE op ID {} IMPL fabric LATENCY 0 OPTYPE add PRAGMA {} RTLNAME add_ln164_1_fu_881_p2 SOURCE ./calorimeter.h:164 VARIABLE add_ln164_1 LOOP VITIS_LOOP_288_1_VITIS_LOOP_289_2 BUNDLEDNAME {} DSP 0 BRAM 0 URAM 0 STORAGESUBTYPE {} DISPNAME {bind_op add} VISIBLE true} {BINDTYPE op ID {} IMPL fabric LATENCY 0 OPTYPE add PRAGMA {} RTLNAME add_ln141_1_fu_894_p2 SOURCE ./calorimeter.h:141 VARIABLE add_ln141_1 LOOP VITIS_LOOP_288_1_VITIS_LOOP_289_2 BUNDLEDNAME {} DSP 0 BRAM 0 URAM 0 STORAGESUBTYPE {} DISPNAME {bind_op add} VISIBLE true} {BINDTYPE op ID {} IMPL auto_sel LATENCY 0 OPTYPE select PRAGMA {} RTLNAME phi_idx_3_fu_899_p3 SOURCE ./calorimeter.h:140 VARIABLE phi_idx_3 LOOP VITIS_LOOP_288_1_VITIS_LOOP_289_2 BUNDLEDNAME {} DSP 0 BRAM 0 URAM 0 STORAGESUBTYPE {} DISPNAME {bind_op select} VISIBLE false} {BINDTYPE op ID {} IMPL fabric LATENCY 0 OPTYPE add PRAGMA {} RTLNAME add_ln167_18_fu_911_p2 SOURCE ./calorimeter.h:167 VARIABLE add_ln167_18 LOOP VITIS_LOOP_288_1_VITIS_LOOP_289_2 BUNDLEDNAME {} DSP 0 BRAM 0 URAM 0 STORAGESUBTYPE {} DISPNAME {bind_op add} VISIBLE true} {BINDTYPE op ID {} IMPL fabric LATENCY 0 OPTYPE add PRAGMA {} RTLNAME add_ln164_fu_1052_p2 SOURCE ./calorimeter.h:164 VARIABLE add_ln164 LOOP VITIS_LOOP_288_1_VITIS_LOOP_289_2 BUNDLEDNAME {} DSP 0 BRAM 0 URAM 0 STORAGESUBTYPE {} DISPNAME {bind_op add} VISIBLE true} {BINDTYPE op ID {} IMPL auto LATENCY 0 OPTYPE setgt PRAGMA {} RTLNAME icmp_ln142_1_fu_1057_p2 SOURCE ./calorimeter.h:142 VARIABLE icmp_ln142_1 LOOP VITIS_LOOP_288_1_VITIS_LOOP_289_2 BUNDLEDNAME {} DSP 0 BRAM 0 URAM 0 STORAGESUBTYPE {} DISPNAME {bind_op setgt} VISIBLE false} {BINDTYPE op ID {} IMPL fabric LATENCY 0 OPTYPE add PRAGMA {} RTLNAME add_ln143_1_fu_1063_p2 SOURCE ./calorimeter.h:143 VARIABLE add_ln143_1 LOOP VITIS_LOOP_288_1_VITIS_LOOP_289_2 BUNDLEDNAME {} DSP 0 BRAM 0 URAM 0 STORAGESUBTYPE {} DISPNAME {bind_op add} VISIBLE true} {BINDTYPE op ID {} IMPL auto_sel LATENCY 0 OPTYPE select PRAGMA {} RTLNAME phi_idx_4_fu_1072_p3 SOURCE ./calorimeter.h:142 VARIABLE phi_idx_4 LOOP VITIS_LOOP_288_1_VITIS_LOOP_289_2 BUNDLEDNAME {} DSP 0 BRAM 0 URAM 0 STORAGESUBTYPE {} DISPNAME {bind_op select} VISIBLE false} {BINDTYPE op ID {} IMPL fabric LATENCY 0 OPTYPE add PRAGMA {} RTLNAME add_ln167_19_fu_1084_p2 SOURCE ./calorimeter.h:167 VARIABLE add_ln167_19 LOOP VITIS_LOOP_288_1_VITIS_LOOP_289_2 BUNDLEDNAME {} DSP 0 BRAM 0 URAM 0 STORAGESUBTYPE {} DISPNAME {bind_op add} VISIBLE true} {BINDTYPE op ID {} IMPL fabric LATENCY 0 OPTYPE add PRAGMA {} RTLNAME add_ln167_20_fu_1108_p2 SOURCE ./calorimeter.h:167 VARIABLE add_ln167_20 LOOP VITIS_LOOP_288_1_VITIS_LOOP_289_2 BUNDLEDNAME {} DSP 0 BRAM 0 URAM 0 STORAGESUBTYPE {} DISPNAME {bind_op add} VISIBLE true} {BINDTYPE op ID {} IMPL fabric LATENCY 0 OPTYPE add PRAGMA {} RTLNAME add_ln167_21_fu_1145_p2 SOURCE ./calorimeter.h:167 VARIABLE add_ln167_21 LOOP VITIS_LOOP_288_1_VITIS_LOOP_289_2 BUNDLEDNAME {} DSP 0 BRAM 0 URAM 0 STORAGESUBTYPE {} DISPNAME {bind_op add} VISIBLE true} {BINDTYPE op ID {} IMPL fabric LATENCY 0 OPTYPE add PRAGMA {} RTLNAME add_ln167_22_fu_1163_p2 SOURCE ./calorimeter.h:167 VARIABLE add_ln167_22 LOOP VITIS_LOOP_288_1_VITIS_LOOP_289_2 BUNDLEDNAME {} DSP 0 BRAM 0 URAM 0 STORAGESUBTYPE {} DISPNAME {bind_op add} VISIBLE true} {BINDTYPE op ID {} IMPL fabric LATENCY 0 OPTYPE add PRAGMA {} RTLNAME add_ln167_23_fu_1297_p2 SOURCE ./calorimeter.h:167 VARIABLE add_ln167_23 LOOP VITIS_LOOP_288_1_VITIS_LOOP_289_2 BUNDLEDNAME {} DSP 0 BRAM 0 URAM 0 STORAGESUBTYPE {} DISPNAME {bind_op add} VISIBLE true} {BINDTYPE op ID {} IMPL fabric LATENCY 0 OPTYPE add PRAGMA {} RTLNAME add_ln167_24_fu_1117_p2 SOURCE ./calorimeter.h:167 VARIABLE add_ln167_24 LOOP VITIS_LOOP_288_1_VITIS_LOOP_289_2 BUNDLEDNAME {} DSP 0 BRAM 0 URAM 0 STORAGESUBTYPE {} DISPNAME {bind_op add} VISIBLE true} {BINDTYPE op ID {} IMPL fabric LATENCY 0 OPTYPE add PRAGMA {} RTLNAME add_ln167_25_fu_1154_p2 SOURCE ./calorimeter.h:167 VARIABLE add_ln167_25 LOOP VITIS_LOOP_288_1_VITIS_LOOP_289_2 BUNDLEDNAME {} DSP 0 BRAM 0 URAM 0 STORAGESUBTYPE {} DISPNAME {bind_op add} VISIBLE true} {BINDTYPE op ID {} IMPL fabric LATENCY 0 OPTYPE add PRAGMA {} RTLNAME add_ln167_26_fu_1176_p2 SOURCE ./calorimeter.h:167 VARIABLE add_ln167_26 LOOP VITIS_LOOP_288_1_VITIS_LOOP_289_2 BUNDLEDNAME {} DSP 0 BRAM 0 URAM 0 STORAGESUBTYPE {} DISPNAME {bind_op add} VISIBLE true} {BINDTYPE op ID {} IMPL fabric LATENCY 0 OPTYPE add PRAGMA {} RTLNAME add_ln167_27_fu_1302_p2 SOURCE ./calorimeter.h:167 VARIABLE add_ln167_27 LOOP VITIS_LOOP_288_1_VITIS_LOOP_289_2 BUNDLEDNAME {} DSP 0 BRAM 0 URAM 0 STORAGESUBTYPE {} DISPNAME {bind_op add} VISIBLE true} {BINDTYPE op ID {} IMPL fabric LATENCY 0 OPTYPE add PRAGMA {} RTLNAME sum_fu_1094_p2 SOURCE ./calorimeter.h:167 VARIABLE sum LOOP VITIS_LOOP_288_1_VITIS_LOOP_289_2 BUNDLEDNAME {} DSP 0 BRAM 0 URAM 0 STORAGESUBTYPE {} DISPNAME {bind_op add} VISIBLE true} {BINDTYPE op ID {} IMPL fabric LATENCY 0 OPTYPE add PRAGMA {} RTLNAME add_ln167_8_fu_1129_p2 SOURCE ./calorimeter.h:167 VARIABLE add_ln167_8 LOOP VITIS_LOOP_288_1_VITIS_LOOP_289_2 BUNDLEDNAME {} DSP 0 BRAM 0 URAM 0 STORAGESUBTYPE {} DISPNAME {bind_op add} VISIBLE true} {BINDTYPE op ID {} IMPL fabric LATENCY 0 OPTYPE add PRAGMA {} RTLNAME sum_11_fu_1139_p2 SOURCE ./calorimeter.h:167 VARIABLE sum_11 LOOP VITIS_LOOP_288_1_VITIS_LOOP_289_2 BUNDLEDNAME {} DSP 0 BRAM 0 URAM 0 STORAGESUBTYPE {} DISPNAME {bind_op add} VISIBLE true} {BINDTYPE op ID {} IMPL fabric LATENCY 0 OPTYPE add PRAGMA {} RTLNAME add_ln167_11_fu_1210_p2 SOURCE ./calorimeter.h:167 VARIABLE add_ln167_11 LOOP VITIS_LOOP_288_1_VITIS_LOOP_289_2 BUNDLEDNAME {} DSP 0 BRAM 0 URAM 0 STORAGESUBTYPE {} DISPNAME {bind_op add} VISIBLE true} {BINDTYPE op ID {} IMPL fabric LATENCY 0 OPTYPE add PRAGMA {} RTLNAME add_ln167_12_fu_1220_p2 SOURCE ./calorimeter.h:167 VARIABLE add_ln167_12 LOOP VITIS_LOOP_288_1_VITIS_LOOP_289_2 BUNDLEDNAME {} DSP 0 BRAM 0 URAM 0 STORAGESUBTYPE {} DISPNAME {bind_op add} VISIBLE true} {BINDTYPE op ID {} IMPL fabric LATENCY 0 OPTYPE add PRAGMA {} RTLNAME add_ln219_fu_1240_p2 SOURCE ./calorimeter.h:219 VARIABLE add_ln219 LOOP VITIS_LOOP_288_1_VITIS_LOOP_289_2 BUNDLEDNAME {} DSP 0 BRAM 0 URAM 0 STORAGESUBTYPE {} DISPNAME {bind_op add} VISIBLE true} {BINDTYPE op ID {} IMPL fabric LATENCY 0 OPTYPE add PRAGMA {} RTLNAME add_ln219_1_fu_1320_p2 SOURCE ./calorimeter.h:219 VARIABLE add_ln219_1 LOOP VITIS_LOOP_288_1_VITIS_LOOP_289_2 BUNDLEDNAME {} DSP 0 BRAM 0 URAM 0 STORAGESUBTYPE {} DISPNAME {bind_op add} VISIBLE true} {BINDTYPE op ID {} IMPL fabric LATENCY 0 OPTYPE add PRAGMA {} RTLNAME add_ln219_3_fu_1342_p2 SOURCE ./calorimeter.h:219 VARIABLE add_ln219_3 LOOP VITIS_LOOP_288_1_VITIS_LOOP_289_2 BUNDLEDNAME {} DSP 0 BRAM 0 URAM 0 STORAGESUBTYPE {} DISPNAME {bind_op add} VISIBLE true} {BINDTYPE op ID {} IMPL fabric LATENCY 0 OPTYPE add PRAGMA {} RTLNAME add_ln219_4_fu_1375_p2 SOURCE ./calorimeter.h:219 VARIABLE add_ln219_4 LOOP VITIS_LOOP_288_1_VITIS_LOOP_289_2 BUNDLEDNAME {} DSP 0 BRAM 0 URAM 0 STORAGESUBTYPE {} DISPNAME {bind_op add} VISIBLE true} {BINDTYPE op ID {} IMPL fabric LATENCY 0 OPTYPE add PRAGMA {} RTLNAME add_ln219_5_fu_1385_p2 SOURCE ./calorimeter.h:219 VARIABLE add_ln219_5 LOOP VITIS_LOOP_288_1_VITIS_LOOP_289_2 BUNDLEDNAME {} DSP 0 BRAM 0 URAM 0 STORAGESUBTYPE {} DISPNAME {bind_op add} VISIBLE true} {BINDTYPE op ID {} IMPL fabric LATENCY 0 OPTYPE add PRAGMA {} RTLNAME add_ln219_6_fu_1395_p2 SOURCE ./calorimeter.h:219 VARIABLE add_ln219_6 LOOP VITIS_LOOP_288_1_VITIS_LOOP_289_2 BUNDLEDNAME {} DSP 0 BRAM 0 URAM 0 STORAGESUBTYPE {} DISPNAME {bind_op add} VISIBLE true} {BINDTYPE op ID {} IMPL auto LATENCY 0 OPTYPE or PRAGMA {} RTLNAME or_ln307_fu_922_p2 SOURCE ./calorimeter.h:307 VARIABLE or_ln307 LOOP VITIS_LOOP_288_1_VITIS_LOOP_289_2 BUNDLEDNAME {} DSP 0 BRAM 0 URAM 0 STORAGESUBTYPE {} DISPNAME {bind_op or} VISIBLE false} {BINDTYPE op ID {} IMPL auto LATENCY 0 OPTYPE or PRAGMA {} RTLNAME or_ln307_1_fu_1024_p2 SOURCE ./calorimeter.h:307 VARIABLE or_ln307_1 LOOP VITIS_LOOP_288_1_VITIS_LOOP_289_2 BUNDLEDNAME {} DSP 0 BRAM 0 URAM 0 STORAGESUBTYPE {} DISPNAME {bind_op or} VISIBLE false} {BINDTYPE op ID {} IMPL auto LATENCY 0 OPTYPE or PRAGMA {} RTLNAME or_ln307_2_fu_1030_p2 SOURCE ./calorimeter.h:307 VARIABLE or_ln307_2 LOOP VITIS_LOOP_288_1_VITIS_LOOP_289_2 BUNDLEDNAME {} DSP 0 BRAM 0 URAM 0 STORAGESUBTYPE {} DISPNAME {bind_op or} VISIBLE false} {BINDTYPE op ID {} IMPL auto_sel LATENCY 0 OPTYPE select PRAGMA {} RTLNAME candidate_et_fu_1411_p3 SOURCE ./calorimeter.h:307 VARIABLE candidate_et LOOP VITIS_LOOP_288_1_VITIS_LOOP_289_2 BUNDLEDNAME {} DSP 0 BRAM 0 URAM 0 STORAGESUBTYPE {} DISPNAME {bind_op select} VISIBLE false} {BINDTYPE op ID {} IMPL auto LATENCY 0 OPTYPE xor PRAGMA {} RTLNAME candidate_valid_fu_1417_p2 SOURCE ./calorimeter.h:307 VARIABLE candidate_valid LOOP VITIS_LOOP_288_1_VITIS_LOOP_289_2 BUNDLEDNAME {} DSP 0 BRAM 0 URAM 0 STORAGESUBTYPE {} DISPNAME {bind_op xor} VISIBLE false} {BINDTYPE op ID {} IMPL auto_sel LATENCY 0 OPTYPE select PRAGMA {} RTLNAME empty_59_fu_1426_p3 SOURCE ./calorimeter.h:307 VARIABLE empty_59 LOOP VITIS_LOOP_288_1_VITIS_LOOP_289_2 BUNDLEDNAME {} DSP 0 BRAM 0 URAM 0 STORAGESUBTYPE {} DISPNAME {bind_op select} VISIBLE false}} AREA {DSP 0 BRAM 0 URAM 0}} select_top_n_from_stream {BINDINFO {{BINDTYPE op ID {} IMPL auto LATENCY 0 OPTYPE seteq PRAGMA {} RTLNAME icmp_ln299_fu_1363_p2 SOURCE calorimeter.cpp:299 VARIABLE icmp_ln299 LOOP VITIS_LOOP_299_2 BUNDLEDNAME {} DSP 0 BRAM 0 URAM 0 STORAGESUBTYPE {} DISPNAME {bind_op seteq} VISIBLE false} {BINDTYPE op ID {} IMPL fabric LATENCY 0 OPTYPE add PRAGMA {} RTLNAME i_2_fu_1369_p2 SOURCE calorimeter.cpp:299 VARIABLE i_2 LOOP VITIS_LOOP_299_2 BUNDLEDNAME {} DSP 0 BRAM 0 URAM 0 STORAGESUBTYPE {} DISPNAME {bind_op add} VISIBLE true} {BINDTYPE op ID {} IMPL fabric LATENCY 0 OPTYPE add PRAGMA {} RTLNAME local_num_clusters_1_fu_1436_p2 SOURCE calorimeter.cpp:308 VARIABLE local_num_clusters_1 LOOP VITIS_LOOP_299_2 BUNDLEDNAME {} DSP 0 BRAM 0 URAM 0 STORAGESUBTYPE {} DISPNAME {bind_op add} VISIBLE true} {BINDTYPE op ID {} IMPL auto LATENCY 0 OPTYPE xor PRAGMA {} RTLNAME xor_ln111_fu_1442_p2 SOURCE calorimeter.cpp:111 VARIABLE xor_ln111 LOOP VITIS_LOOP_299_2 BUNDLEDNAME {} DSP 0 BRAM 0 URAM 0 STORAGESUBTYPE {} DISPNAME {bind_op xor} VISIBLE false} {BINDTYPE op ID {} IMPL auto LATENCY 0 OPTYPE setgt PRAGMA {} RTLNAME icmp_ln79_fu_1448_p2 SOURCE calorimeter.cpp:79 VARIABLE icmp_ln79 LOOP VITIS_LOOP_299_2 BUNDLEDNAME {} DSP 0 BRAM 0 URAM 0 STORAGESUBTYPE {} DISPNAME {bind_op setgt} VISIBLE false} {BINDTYPE op ID {} IMPL auto LATENCY 0 OPTYPE or PRAGMA {} RTLNAME or_ln111_fu_1454_p2 SOURCE calorimeter.cpp:111 VARIABLE or_ln111 LOOP VITIS_LOOP_299_2 BUNDLEDNAME {} DSP 0 BRAM 0 URAM 0 STORAGESUBTYPE {} DISPNAME {bind_op or} VISIBLE false} {BINDTYPE op ID {} IMPL auto LATENCY 0 OPTYPE setlt PRAGMA {} RTLNAME icmp_ln83_fu_1460_p2 SOURCE calorimeter.cpp:83 VARIABLE icmp_ln83 LOOP VITIS_LOOP_299_2 BUNDLEDNAME {} DSP 0 BRAM 0 URAM 0 STORAGESUBTYPE {} DISPNAME {bind_op setlt} VISIBLE false} {BINDTYPE op ID {} IMPL auto LATENCY 0 OPTYPE setlt PRAGMA {} RTLNAME icmp_ln87_fu_1466_p2 SOURCE calorimeter.cpp:87 VARIABLE icmp_ln87 LOOP VITIS_LOOP_299_2 BUNDLEDNAME {} DSP 0 BRAM 0 URAM 0 STORAGESUBTYPE {} DISPNAME {bind_op setlt} VISIBLE false} {BINDTYPE op ID {} IMPL auto LATENCY 0 OPTYPE setlt PRAGMA {} RTLNAME icmp_ln91_fu_1472_p2 SOURCE calorimeter.cpp:91 VARIABLE icmp_ln91 LOOP VITIS_LOOP_299_2 BUNDLEDNAME {} DSP 0 BRAM 0 URAM 0 STORAGESUBTYPE {} DISPNAME {bind_op setlt} VISIBLE false} {BINDTYPE op ID {} IMPL auto LATENCY 0 OPTYPE xor PRAGMA {} RTLNAME xor_ln91_7_fu_1478_p2 SOURCE calorimeter.cpp:91 VARIABLE xor_ln91_7 LOOP VITIS_LOOP_299_2 BUNDLEDNAME {} DSP 0 BRAM 0 URAM 0 STORAGESUBTYPE {} DISPNAME {bind_op xor} VISIBLE false} {BINDTYPE op ID {} IMPL auto LATENCY 0 OPTYPE setlt PRAGMA {} RTLNAME icmp_ln95_fu_1484_p2 SOURCE calorimeter.cpp:95 VARIABLE icmp_ln95 LOOP VITIS_LOOP_299_2 BUNDLEDNAME {} DSP 0 BRAM 0 URAM 0 STORAGESUBTYPE {} DISPNAME {bind_op setlt} VISIBLE false} {BINDTYPE op ID {} IMPL auto LATENCY 0 OPTYPE and PRAGMA {} RTLNAME and_ln91_fu_1490_p2 SOURCE calorimeter.cpp:91 VARIABLE and_ln91 LOOP VITIS_LOOP_299_2 BUNDLEDNAME {} DSP 0 BRAM 0 URAM 0 STORAGESUBTYPE {} DISPNAME {bind_op and} VISIBLE false} {BINDTYPE op ID {} IMPL auto LATENCY 0 OPTYPE xor PRAGMA {} RTLNAME xor_ln91_fu_1496_p2 SOURCE calorimeter.cpp:91 VARIABLE xor_ln91 LOOP VITIS_LOOP_299_2 BUNDLEDNAME {} DSP 0 BRAM 0 URAM 0 STORAGESUBTYPE {} DISPNAME {bind_op xor} VISIBLE false} {BINDTYPE op ID {} IMPL auto LATENCY 0 OPTYPE or PRAGMA {} RTLNAME or_ln91_fu_1502_p2 SOURCE calorimeter.cpp:91 VARIABLE or_ln91 LOOP VITIS_LOOP_299_2 BUNDLEDNAME {} DSP 0 BRAM 0 URAM 0 STORAGESUBTYPE {} DISPNAME {bind_op or} VISIBLE false} {BINDTYPE op ID {} IMPL auto LATENCY 0 OPTYPE and PRAGMA {} RTLNAME and_ln91_8_fu_1508_p2 SOURCE calorimeter.cpp:91 VARIABLE and_ln91_8 LOOP VITIS_LOOP_299_2 BUNDLEDNAME {} DSP 0 BRAM 0 URAM 0 STORAGESUBTYPE {} DISPNAME {bind_op and} VISIBLE false} {BINDTYPE op ID {} IMPL auto LATENCY 0 OPTYPE xor PRAGMA {} RTLNAME xor_ln91_6_fu_1514_p2 SOURCE calorimeter.cpp:91 VARIABLE xor_ln91_6 LOOP VITIS_LOOP_299_2 BUNDLEDNAME {} DSP 0 BRAM 0 URAM 0 STORAGESUBTYPE {} DISPNAME {bind_op xor} VISIBLE false} {BINDTYPE op ID {} IMPL auto LATENCY 0 OPTYPE setgt PRAGMA {} RTLNAME grp_fu_746_p2 SOURCE calorimeter.cpp:79 VARIABLE icmp_ln79_2 LOOP VITIS_LOOP_299_2 BUNDLEDNAME {} DSP 0 BRAM 0 URAM 0 STORAGESUBTYPE {} DISPNAME {bind_op setgt} VISIBLE false} {BINDTYPE op ID {} IMPL auto LATENCY 0 OPTYPE xor PRAGMA {} RTLNAME xor_ln111_1_fu_1524_p2 SOURCE calorimeter.cpp:111 VARIABLE xor_ln111_1 LOOP VITIS_LOOP_299_2 BUNDLEDNAME {} DSP 0 BRAM 0 URAM 0 STORAGESUBTYPE {} DISPNAME {bind_op xor} VISIBLE false} {BINDTYPE op ID {} IMPL auto LATENCY 0 OPTYPE setgt PRAGMA {} RTLNAME grp_fu_746_p2 SOURCE calorimeter.cpp:79 VARIABLE icmp_ln79_1 LOOP VITIS_LOOP_299_2 BUNDLEDNAME {} DSP 0 BRAM 0 URAM 0 STORAGESUBTYPE {} DISPNAME {bind_op setgt} VISIBLE false} {BINDTYPE op ID {} IMPL auto LATENCY 0 OPTYPE or PRAGMA {} RTLNAME or_ln111_1_fu_1530_p2 SOURCE calorimeter.cpp:111 VARIABLE or_ln111_1 LOOP VITIS_LOOP_299_2 BUNDLEDNAME {} DSP 0 BRAM 0 URAM 0 STORAGESUBTYPE {} DISPNAME {bind_op or} VISIBLE false} {BINDTYPE op ID {} IMPL auto LATENCY 0 OPTYPE setlt PRAGMA {} RTLNAME icmp_ln83_1_fu_1539_p2 SOURCE calorimeter.cpp:83 VARIABLE icmp_ln83_1 LOOP VITIS_LOOP_299_2 BUNDLEDNAME {} DSP 0 BRAM 0 URAM 0 STORAGESUBTYPE {} DISPNAME {bind_op setlt} VISIBLE false} {BINDTYPE op ID {} IMPL auto LATENCY 0 OPTYPE setlt PRAGMA {} RTLNAME icmp_ln87_1_fu_1545_p2 SOURCE calorimeter.cpp:87 VARIABLE icmp_ln87_1 LOOP VITIS_LOOP_299_2 BUNDLEDNAME {} DSP 0 BRAM 0 URAM 0 STORAGESUBTYPE {} DISPNAME {bind_op setlt} VISIBLE false} {BINDTYPE op ID {} IMPL auto LATENCY 0 OPTYPE setlt PRAGMA {} RTLNAME icmp_ln91_1_fu_1551_p2 SOURCE calorimeter.cpp:91 VARIABLE icmp_ln91_1 LOOP VITIS_LOOP_299_2 BUNDLEDNAME {} DSP 0 BRAM 0 URAM 0 STORAGESUBTYPE {} DISPNAME {bind_op setlt} VISIBLE false} {BINDTYPE op ID {} IMPL auto LATENCY 0 OPTYPE xor PRAGMA {} RTLNAME xor_ln91_8_fu_1557_p2 SOURCE calorimeter.cpp:91 VARIABLE xor_ln91_8 LOOP VITIS_LOOP_299_2 BUNDLEDNAME {} DSP 0 BRAM 0 URAM 0 STORAGESUBTYPE {} DISPNAME {bind_op xor} VISIBLE false} {BINDTYPE op ID {} IMPL auto LATENCY 0 OPTYPE setlt PRAGMA {} RTLNAME icmp_ln95_1_fu_1563_p2 SOURCE calorimeter.cpp:95 VARIABLE icmp_ln95_1 LOOP VITIS_LOOP_299_2 BUNDLEDNAME {} DSP 0 BRAM 0 URAM 0 STORAGESUBTYPE {} DISPNAME {bind_op setlt} VISIBLE false} {BINDTYPE op ID {} IMPL auto LATENCY 0 OPTYPE and PRAGMA {} RTLNAME and_ln91_1_fu_1569_p2 SOURCE calorimeter.cpp:91 VARIABLE and_ln91_1 LOOP VITIS_LOOP_299_2 BUNDLEDNAME {} DSP 0 BRAM 0 URAM 0 STORAGESUBTYPE {} DISPNAME {bind_op and} VISIBLE false} {BINDTYPE op ID {} IMPL auto LATENCY 0 OPTYPE xor PRAGMA {} RTLNAME xor_ln91_1_fu_1575_p2 SOURCE calorimeter.cpp:91 VARIABLE xor_ln91_1 LOOP VITIS_LOOP_299_2 BUNDLEDNAME {} DSP 0 BRAM 0 URAM 0 STORAGESUBTYPE {} DISPNAME {bind_op xor} VISIBLE false} {BINDTYPE op ID {} IMPL auto LATENCY 0 OPTYPE or PRAGMA {} RTLNAME or_ln91_1_fu_1581_p2 SOURCE calorimeter.cpp:91 VARIABLE or_ln91_1 LOOP VITIS_LOOP_299_2 BUNDLEDNAME {} DSP 0 BRAM 0 URAM 0 STORAGESUBTYPE {} DISPNAME {bind_op or} VISIBLE false} {BINDTYPE op ID {} IMPL auto_sel LATENCY 0 OPTYPE select PRAGMA {} RTLNAME select_ln91_fu_1587_p3 SOURCE calorimeter.cpp:91 VARIABLE select_ln91 LOOP VITIS_LOOP_299_2 BUNDLEDNAME {} DSP 0 BRAM 0 URAM 0 STORAGESUBTYPE {} DISPNAME {bind_op select} VISIBLE false} {BINDTYPE op ID {} IMPL auto LATENCY 0 OPTYPE setgt PRAGMA {} RTLNAME grp_fu_763_p2 SOURCE calorimeter.cpp:79 VARIABLE icmp_ln79_4 LOOP VITIS_LOOP_299_2 BUNDLEDNAME {} DSP 0 BRAM 0 URAM 0 STORAGESUBTYPE {} DISPNAME {bind_op setgt} VISIBLE false} {BINDTYPE op ID {} IMPL auto LATENCY 0 OPTYPE xor PRAGMA {} RTLNAME xor_ln111_2_fu_1595_p2 SOURCE calorimeter.cpp:111 VARIABLE xor_ln111_2 LOOP VITIS_LOOP_299_2 BUNDLEDNAME {} DSP 0 BRAM 0 URAM 0 STORAGESUBTYPE {} DISPNAME {bind_op xor} VISIBLE false} {BINDTYPE op ID {} IMPL auto LATENCY 0 OPTYPE setgt PRAGMA {} RTLNAME grp_fu_763_p2 SOURCE calorimeter.cpp:79 VARIABLE icmp_ln79_3 LOOP VITIS_LOOP_299_2 BUNDLEDNAME {} DSP 0 BRAM 0 URAM 0 STORAGESUBTYPE {} DISPNAME {bind_op setgt} VISIBLE false} {BINDTYPE op ID {} IMPL auto LATENCY 0 OPTYPE or PRAGMA {} RTLNAME or_ln111_2_fu_1601_p2 SOURCE calorimeter.cpp:111 VARIABLE or_ln111_2 LOOP VITIS_LOOP_299_2 BUNDLEDNAME {} DSP 0 BRAM 0 URAM 0 STORAGESUBTYPE {} DISPNAME {bind_op or} VISIBLE false} {BINDTYPE op ID {} IMPL auto LATENCY 0 OPTYPE setlt PRAGMA {} RTLNAME icmp_ln83_2_fu_1610_p2 SOURCE calorimeter.cpp:83 VARIABLE icmp_ln83_2 LOOP VITIS_LOOP_299_2 BUNDLEDNAME {} DSP 0 BRAM 0 URAM 0 STORAGESUBTYPE {} DISPNAME {bind_op setlt} VISIBLE false} {BINDTYPE op ID {} IMPL auto LATENCY 0 OPTYPE setlt PRAGMA {} RTLNAME icmp_ln87_2_fu_1616_p2 SOURCE calorimeter.cpp:87 VARIABLE icmp_ln87_2 LOOP VITIS_LOOP_299_2 BUNDLEDNAME {} DSP 0 BRAM 0 URAM 0 STORAGESUBTYPE {} DISPNAME {bind_op setlt} VISIBLE false} {BINDTYPE op ID {} IMPL auto LATENCY 0 OPTYPE setlt PRAGMA {} RTLNAME icmp_ln91_2_fu_1622_p2 SOURCE calorimeter.cpp:91 VARIABLE icmp_ln91_2 LOOP VITIS_LOOP_299_2 BUNDLEDNAME {} DSP 0 BRAM 0 URAM 0 STORAGESUBTYPE {} DISPNAME {bind_op setlt} VISIBLE false} {BINDTYPE op ID {} IMPL auto LATENCY 0 OPTYPE xor PRAGMA {} RTLNAME xor_ln91_9_fu_1628_p2 SOURCE calorimeter.cpp:91 VARIABLE xor_ln91_9 LOOP VITIS_LOOP_299_2 BUNDLEDNAME {} DSP 0 BRAM 0 URAM 0 STORAGESUBTYPE {} DISPNAME {bind_op xor} VISIBLE false} {BINDTYPE op ID {} IMPL auto LATENCY 0 OPTYPE setlt PRAGMA {} RTLNAME icmp_ln95_2_fu_1634_p2 SOURCE calorimeter.cpp:95 VARIABLE icmp_ln95_2 LOOP VITIS_LOOP_299_2 BUNDLEDNAME {} DSP 0 BRAM 0 URAM 0 STORAGESUBTYPE {} DISPNAME {bind_op setlt} VISIBLE false} {BINDTYPE op ID {} IMPL auto LATENCY 0 OPTYPE and PRAGMA {} RTLNAME and_ln91_2_fu_1640_p2 SOURCE calorimeter.cpp:91 VARIABLE and_ln91_2 LOOP VITIS_LOOP_299_2 BUNDLEDNAME {} DSP 0 BRAM 0 URAM 0 STORAGESUBTYPE {} DISPNAME {bind_op and} VISIBLE false} {BINDTYPE op ID {} IMPL auto LATENCY 0 OPTYPE xor PRAGMA {} RTLNAME xor_ln91_2_fu_1646_p2 SOURCE calorimeter.cpp:91 VARIABLE xor_ln91_2 LOOP VITIS_LOOP_299_2 BUNDLEDNAME {} DSP 0 BRAM 0 URAM 0 STORAGESUBTYPE {} DISPNAME {bind_op xor} VISIBLE false} {BINDTYPE op ID {} IMPL auto LATENCY 0 OPTYPE or PRAGMA {} RTLNAME or_ln91_2_fu_1652_p2 SOURCE calorimeter.cpp:91 VARIABLE or_ln91_2 LOOP VITIS_LOOP_299_2 BUNDLEDNAME {} DSP 0 BRAM 0 URAM 0 STORAGESUBTYPE {} DISPNAME {bind_op or} VISIBLE false} {BINDTYPE op ID {} IMPL auto_sel LATENCY 0 OPTYPE select PRAGMA {} RTLNAME select_ln91_1_fu_1658_p3 SOURCE calorimeter.cpp:91 VARIABLE select_ln91_1 LOOP VITIS_LOOP_299_2 BUNDLEDNAME {} DSP 0 BRAM 0 URAM 0 STORAGESUBTYPE {} DISPNAME {bind_op select} VISIBLE false} {BINDTYPE op ID {} IMPL auto LATENCY 0 OPTYPE setgt PRAGMA {} RTLNAME grp_fu_780_p2 SOURCE calorimeter.cpp:79 VARIABLE icmp_ln79_6 LOOP VITIS_LOOP_299_2 BUNDLEDNAME {} DSP 0 BRAM 0 URAM 0 STORAGESUBTYPE {} DISPNAME {bind_op setgt} VISIBLE false} {BINDTYPE op ID {} IMPL auto LATENCY 0 OPTYPE xor PRAGMA {} RTLNAME xor_ln111_3_fu_1666_p2 SOURCE calorimeter.cpp:111 VARIABLE xor_ln111_3 LOOP VITIS_LOOP_299_2 BUNDLEDNAME {} DSP 0 BRAM 0 URAM 0 STORAGESUBTYPE {} DISPNAME {bind_op xor} VISIBLE false} {BINDTYPE op ID {} IMPL auto LATENCY 0 OPTYPE setgt PRAGMA {} RTLNAME grp_fu_780_p2 SOURCE calorimeter.cpp:79 VARIABLE icmp_ln79_5 LOOP VITIS_LOOP_299_2 BUNDLEDNAME {} DSP 0 BRAM 0 URAM 0 STORAGESUBTYPE {} DISPNAME {bind_op setgt} VISIBLE false} {BINDTYPE op ID {} IMPL auto LATENCY 0 OPTYPE or PRAGMA {} RTLNAME or_ln111_3_fu_1672_p2 SOURCE calorimeter.cpp:111 VARIABLE or_ln111_3 LOOP VITIS_LOOP_299_2 BUNDLEDNAME {} DSP 0 BRAM 0 URAM 0 STORAGESUBTYPE {} DISPNAME {bind_op or} VISIBLE false} {BINDTYPE op ID {} IMPL auto LATENCY 0 OPTYPE setlt PRAGMA {} RTLNAME icmp_ln83_3_fu_1681_p2 SOURCE calorimeter.cpp:83 VARIABLE icmp_ln83_3 LOOP VITIS_LOOP_299_2 BUNDLEDNAME {} DSP 0 BRAM 0 URAM 0 STORAGESUBTYPE {} DISPNAME {bind_op setlt} VISIBLE false} {BINDTYPE op ID {} IMPL auto LATENCY 0 OPTYPE setlt PRAGMA {} RTLNAME icmp_ln87_3_fu_1687_p2 SOURCE calorimeter.cpp:87 VARIABLE icmp_ln87_3 LOOP VITIS_LOOP_299_2 BUNDLEDNAME {} DSP 0 BRAM 0 URAM 0 STORAGESUBTYPE {} DISPNAME {bind_op setlt} VISIBLE false} {BINDTYPE op ID {} IMPL auto LATENCY 0 OPTYPE setlt PRAGMA {} RTLNAME icmp_ln91_3_fu_1693_p2 SOURCE calorimeter.cpp:91 VARIABLE icmp_ln91_3 LOOP VITIS_LOOP_299_2 BUNDLEDNAME {} DSP 0 BRAM 0 URAM 0 STORAGESUBTYPE {} DISPNAME {bind_op setlt} VISIBLE false} {BINDTYPE op ID {} IMPL auto LATENCY 0 OPTYPE xor PRAGMA {} RTLNAME xor_ln91_10_fu_1699_p2 SOURCE calorimeter.cpp:91 VARIABLE xor_ln91_10 LOOP VITIS_LOOP_299_2 BUNDLEDNAME {} DSP 0 BRAM 0 URAM 0 STORAGESUBTYPE {} DISPNAME {bind_op xor} VISIBLE false} {BINDTYPE op ID {} IMPL auto LATENCY 0 OPTYPE setlt PRAGMA {} RTLNAME icmp_ln95_3_fu_1705_p2 SOURCE calorimeter.cpp:95 VARIABLE icmp_ln95_3 LOOP VITIS_LOOP_299_2 BUNDLEDNAME {} DSP 0 BRAM 0 URAM 0 STORAGESUBTYPE {} DISPNAME {bind_op setlt} VISIBLE false} {BINDTYPE op ID {} IMPL auto LATENCY 0 OPTYPE and PRAGMA {} RTLNAME and_ln91_3_fu_1711_p2 SOURCE calorimeter.cpp:91 VARIABLE and_ln91_3 LOOP VITIS_LOOP_299_2 BUNDLEDNAME {} DSP 0 BRAM 0 URAM 0 STORAGESUBTYPE {} DISPNAME {bind_op and} VISIBLE false} {BINDTYPE op ID {} IMPL auto LATENCY 0 OPTYPE xor PRAGMA {} RTLNAME xor_ln91_3_fu_1717_p2 SOURCE calorimeter.cpp:91 VARIABLE xor_ln91_3 LOOP VITIS_LOOP_299_2 BUNDLEDNAME {} DSP 0 BRAM 0 URAM 0 STORAGESUBTYPE {} DISPNAME {bind_op xor} VISIBLE false} {BINDTYPE op ID {} IMPL auto LATENCY 0 OPTYPE or PRAGMA {} RTLNAME or_ln91_3_fu_1723_p2 SOURCE calorimeter.cpp:91 VARIABLE or_ln91_3 LOOP VITIS_LOOP_299_2 BUNDLEDNAME {} DSP 0 BRAM 0 URAM 0 STORAGESUBTYPE {} DISPNAME {bind_op or} VISIBLE false} {BINDTYPE op ID {} IMPL auto_sel LATENCY 0 OPTYPE select PRAGMA {} RTLNAME select_ln91_2_fu_1729_p3 SOURCE calorimeter.cpp:91 VARIABLE select_ln91_2 LOOP VITIS_LOOP_299_2 BUNDLEDNAME {} DSP 0 BRAM 0 URAM 0 STORAGESUBTYPE {} DISPNAME {bind_op select} VISIBLE false} {BINDTYPE op ID {} IMPL auto LATENCY 0 OPTYPE setgt PRAGMA {} RTLNAME grp_fu_797_p2 SOURCE calorimeter.cpp:79 VARIABLE icmp_ln79_8 LOOP VITIS_LOOP_299_2 BUNDLEDNAME {} DSP 0 BRAM 0 URAM 0 STORAGESUBTYPE {} DISPNAME {bind_op setgt} VISIBLE false} {BINDTYPE op ID {} IMPL auto LATENCY 0 OPTYPE xor PRAGMA {} RTLNAME xor_ln111_4_fu_1737_p2 SOURCE calorimeter.cpp:111 VARIABLE xor_ln111_4 LOOP VITIS_LOOP_299_2 BUNDLEDNAME {} DSP 0 BRAM 0 URAM 0 STORAGESUBTYPE {} DISPNAME {bind_op xor} VISIBLE false} {BINDTYPE op ID {} IMPL auto LATENCY 0 OPTYPE setgt PRAGMA {} RTLNAME grp_fu_797_p2 SOURCE calorimeter.cpp:79 VARIABLE icmp_ln79_7 LOOP VITIS_LOOP_299_2 BUNDLEDNAME {} DSP 0 BRAM 0 URAM 0 STORAGESUBTYPE {} DISPNAME {bind_op setgt} VISIBLE false} {BINDTYPE op ID {} IMPL auto LATENCY 0 OPTYPE or PRAGMA {} RTLNAME or_ln111_4_fu_1743_p2 SOURCE calorimeter.cpp:111 VARIABLE or_ln111_4 LOOP VITIS_LOOP_299_2 BUNDLEDNAME {} DSP 0 BRAM 0 URAM 0 STORAGESUBTYPE {} DISPNAME {bind_op or} VISIBLE false} {BINDTYPE op ID {} IMPL auto LATENCY 0 OPTYPE setlt PRAGMA {} RTLNAME icmp_ln83_4_fu_1752_p2 SOURCE calorimeter.cpp:83 VARIABLE icmp_ln83_4 LOOP VITIS_LOOP_299_2 BUNDLEDNAME {} DSP 0 BRAM 0 URAM 0 STORAGESUBTYPE {} DISPNAME {bind_op setlt} VISIBLE false} {BINDTYPE op ID {} IMPL auto LATENCY 0 OPTYPE setlt PRAGMA {} RTLNAME icmp_ln87_4_fu_1758_p2 SOURCE calorimeter.cpp:87 VARIABLE icmp_ln87_4 LOOP VITIS_LOOP_299_2 BUNDLEDNAME {} DSP 0 BRAM 0 URAM 0 STORAGESUBTYPE {} DISPNAME {bind_op setlt} VISIBLE false} {BINDTYPE op ID {} IMPL auto LATENCY 0 OPTYPE setlt PRAGMA {} RTLNAME icmp_ln91_4_fu_1764_p2 SOURCE calorimeter.cpp:91 VARIABLE icmp_ln91_4 LOOP VITIS_LOOP_299_2 BUNDLEDNAME {} DSP 0 BRAM 0 URAM 0 STORAGESUBTYPE {} DISPNAME {bind_op setlt} VISIBLE false} {BINDTYPE op ID {} IMPL auto LATENCY 0 OPTYPE xor PRAGMA {} RTLNAME xor_ln91_11_fu_1770_p2 SOURCE calorimeter.cpp:91 VARIABLE xor_ln91_11 LOOP VITIS_LOOP_299_2 BUNDLEDNAME {} DSP 0 BRAM 0 URAM 0 STORAGESUBTYPE {} DISPNAME {bind_op xor} VISIBLE false} {BINDTYPE op ID {} IMPL auto LATENCY 0 OPTYPE setlt PRAGMA {} RTLNAME icmp_ln95_4_fu_1776_p2 SOURCE calorimeter.cpp:95 VARIABLE icmp_ln95_4 LOOP VITIS_LOOP_299_2 BUNDLEDNAME {} DSP 0 BRAM 0 URAM 0 STORAGESUBTYPE {} DISPNAME {bind_op setlt} VISIBLE false} {BINDTYPE op ID {} IMPL auto LATENCY 0 OPTYPE and PRAGMA {} RTLNAME and_ln91_4_fu_1782_p2 SOURCE calorimeter.cpp:91 VARIABLE and_ln91_4 LOOP VITIS_LOOP_299_2 BUNDLEDNAME {} DSP 0 BRAM 0 URAM 0 STORAGESUBTYPE {} DISPNAME {bind_op and} VISIBLE false} {BINDTYPE op ID {} IMPL auto LATENCY 0 OPTYPE xor PRAGMA {} RTLNAME xor_ln91_4_fu_1788_p2 SOURCE calorimeter.cpp:91 VARIABLE xor_ln91_4 LOOP VITIS_LOOP_299_2 BUNDLEDNAME {} DSP 0 BRAM 0 URAM 0 STORAGESUBTYPE {} DISPNAME {bind_op xor} VISIBLE false} {BINDTYPE op ID {} IMPL auto LATENCY 0 OPTYPE or PRAGMA {} RTLNAME or_ln91_4_fu_1794_p2 SOURCE calorimeter.cpp:91 VARIABLE or_ln91_4 LOOP VITIS_LOOP_299_2 BUNDLEDNAME {} DSP 0 BRAM 0 URAM 0 STORAGESUBTYPE {} DISPNAME {bind_op or} VISIBLE false} {BINDTYPE op ID {} IMPL auto_sel LATENCY 0 OPTYPE select PRAGMA {} RTLNAME select_ln91_3_fu_1800_p3 SOURCE calorimeter.cpp:91 VARIABLE select_ln91_3 LOOP VITIS_LOOP_299_2 BUNDLEDNAME {} DSP 0 BRAM 0 URAM 0 STORAGESUBTYPE {} DISPNAME {bind_op select} VISIBLE false} {BINDTYPE op ID {} IMPL auto LATENCY 0 OPTYPE setgt PRAGMA {} RTLNAME grp_fu_814_p2 SOURCE calorimeter.cpp:79 VARIABLE icmp_ln79_10 LOOP VITIS_LOOP_299_2 BUNDLEDNAME {} DSP 0 BRAM 0 URAM 0 STORAGESUBTYPE {} DISPNAME {bind_op setgt} VISIBLE false} {BINDTYPE op ID {} IMPL auto LATENCY 0 OPTYPE xor PRAGMA {} RTLNAME xor_ln111_5_fu_1808_p2 SOURCE calorimeter.cpp:111 VARIABLE xor_ln111_5 LOOP VITIS_LOOP_299_2 BUNDLEDNAME {} DSP 0 BRAM 0 URAM 0 STORAGESUBTYPE {} DISPNAME {bind_op xor} VISIBLE false} {BINDTYPE op ID {} IMPL auto LATENCY 0 OPTYPE setgt PRAGMA {} RTLNAME grp_fu_814_p2 SOURCE calorimeter.cpp:79 VARIABLE icmp_ln79_9 LOOP VITIS_LOOP_299_2 BUNDLEDNAME {} DSP 0 BRAM 0 URAM 0 STORAGESUBTYPE {} DISPNAME {bind_op setgt} VISIBLE false} {BINDTYPE op ID {} IMPL auto LATENCY 0 OPTYPE or PRAGMA {} RTLNAME or_ln111_5_fu_1814_p2 SOURCE calorimeter.cpp:111 VARIABLE or_ln111_5 LOOP VITIS_LOOP_299_2 BUNDLEDNAME {} DSP 0 BRAM 0 URAM 0 STORAGESUBTYPE {} DISPNAME {bind_op or} VISIBLE false} {BINDTYPE op ID {} IMPL auto LATENCY 0 OPTYPE setlt PRAGMA {} RTLNAME icmp_ln83_5_fu_1823_p2 SOURCE calorimeter.cpp:83 VARIABLE icmp_ln83_5 LOOP VITIS_LOOP_299_2 BUNDLEDNAME {} DSP 0 BRAM 0 URAM 0 STORAGESUBTYPE {} DISPNAME {bind_op setlt} VISIBLE false} {BINDTYPE op ID {} IMPL auto LATENCY 0 OPTYPE setlt PRAGMA {} RTLNAME icmp_ln87_5_fu_1829_p2 SOURCE calorimeter.cpp:87 VARIABLE icmp_ln87_5 LOOP VITIS_LOOP_299_2 BUNDLEDNAME {} DSP 0 BRAM 0 URAM 0 STORAGESUBTYPE {} DISPNAME {bind_op setlt} VISIBLE false} {BINDTYPE op ID {} IMPL auto LATENCY 0 OPTYPE setlt PRAGMA {} RTLNAME icmp_ln91_5_fu_1835_p2 SOURCE calorimeter.cpp:91 VARIABLE icmp_ln91_5 LOOP VITIS_LOOP_299_2 BUNDLEDNAME {} DSP 0 BRAM 0 URAM 0 STORAGESUBTYPE {} DISPNAME {bind_op setlt} VISIBLE false} {BINDTYPE op ID {} IMPL auto LATENCY 0 OPTYPE xor PRAGMA {} RTLNAME xor_ln91_12_fu_1841_p2 SOURCE calorimeter.cpp:91 VARIABLE xor_ln91_12 LOOP VITIS_LOOP_299_2 BUNDLEDNAME {} DSP 0 BRAM 0 URAM 0 STORAGESUBTYPE {} DISPNAME {bind_op xor} VISIBLE false} {BINDTYPE op ID {} IMPL auto LATENCY 0 OPTYPE setlt PRAGMA {} RTLNAME icmp_ln95_5_fu_1847_p2 SOURCE calorimeter.cpp:95 VARIABLE icmp_ln95_5 LOOP VITIS_LOOP_299_2 BUNDLEDNAME {} DSP 0 BRAM 0 URAM 0 STORAGESUBTYPE {} DISPNAME {bind_op setlt} VISIBLE false} {BINDTYPE op ID {} IMPL auto LATENCY 0 OPTYPE and PRAGMA {} RTLNAME and_ln91_5_fu_1853_p2 SOURCE calorimeter.cpp:91 VARIABLE and_ln91_5 LOOP VITIS_LOOP_299_2 BUNDLEDNAME {} DSP 0 BRAM 0 URAM 0 STORAGESUBTYPE {} DISPNAME {bind_op and} VISIBLE false} {BINDTYPE op ID {} IMPL auto LATENCY 0 OPTYPE xor PRAGMA {} RTLNAME xor_ln91_5_fu_1859_p2 SOURCE calorimeter.cpp:91 VARIABLE xor_ln91_5 LOOP VITIS_LOOP_299_2 BUNDLEDNAME {} DSP 0 BRAM 0 URAM 0 STORAGESUBTYPE {} DISPNAME {bind_op xor} VISIBLE false} {BINDTYPE op ID {} IMPL auto LATENCY 0 OPTYPE or PRAGMA {} RTLNAME or_ln91_5_fu_1865_p2 SOURCE calorimeter.cpp:91 VARIABLE or_ln91_5 LOOP VITIS_LOOP_299_2 BUNDLEDNAME {} DSP 0 BRAM 0 URAM 0 STORAGESUBTYPE {} DISPNAME {bind_op or} VISIBLE false} {BINDTYPE op ID {} IMPL auto_sel LATENCY 0 OPTYPE select PRAGMA {} RTLNAME select_ln91_4_fu_1871_p3 SOURCE calorimeter.cpp:91 VARIABLE select_ln91_4 LOOP VITIS_LOOP_299_2 BUNDLEDNAME {} DSP 0 BRAM 0 URAM 0 STORAGESUBTYPE {} DISPNAME {bind_op select} VISIBLE false} {BINDTYPE op ID {} IMPL auto LATENCY 0 OPTYPE setgt PRAGMA {} RTLNAME grp_fu_831_p2 SOURCE calorimeter.cpp:79 VARIABLE icmp_ln79_12 LOOP VITIS_LOOP_299_2 BUNDLEDNAME {} DSP 0 BRAM 0 URAM 0 STORAGESUBTYPE {} DISPNAME {bind_op setgt} VISIBLE false} {BINDTYPE op ID {} IMPL auto LATENCY 0 OPTYPE xor PRAGMA {} RTLNAME xor_ln111_6_fu_1879_p2 SOURCE calorimeter.cpp:111 VARIABLE xor_ln111_6 LOOP VITIS_LOOP_299_2 BUNDLEDNAME {} DSP 0 BRAM 0 URAM 0 STORAGESUBTYPE {} DISPNAME {bind_op xor} VISIBLE false} {BINDTYPE op ID {} IMPL auto LATENCY 0 OPTYPE setgt PRAGMA {} RTLNAME grp_fu_831_p2 SOURCE calorimeter.cpp:79 VARIABLE icmp_ln79_11 LOOP VITIS_LOOP_299_2 BUNDLEDNAME {} DSP 0 BRAM 0 URAM 0 STORAGESUBTYPE {} DISPNAME {bind_op setgt} VISIBLE false} {BINDTYPE op ID {} IMPL auto LATENCY 0 OPTYPE or PRAGMA {} RTLNAME or_ln111_6_fu_1885_p2 SOURCE calorimeter.cpp:111 VARIABLE or_ln111_6 LOOP VITIS_LOOP_299_2 BUNDLEDNAME {} DSP 0 BRAM 0 URAM 0 STORAGESUBTYPE {} DISPNAME {bind_op or} VISIBLE false} {BINDTYPE op ID {} IMPL auto LATENCY 0 OPTYPE setlt PRAGMA {} RTLNAME icmp_ln83_6_fu_1894_p2 SOURCE calorimeter.cpp:83 VARIABLE icmp_ln83_6 LOOP VITIS_LOOP_299_2 BUNDLEDNAME {} DSP 0 BRAM 0 URAM 0 STORAGESUBTYPE {} DISPNAME {bind_op setlt} VISIBLE false} {BINDTYPE op ID {} IMPL auto LATENCY 0 OPTYPE setlt PRAGMA {} RTLNAME icmp_ln87_6_fu_1900_p2 SOURCE calorimeter.cpp:87 VARIABLE icmp_ln87_6 LOOP VITIS_LOOP_299_2 BUNDLEDNAME {} DSP 0 BRAM 0 URAM 0 STORAGESUBTYPE {} DISPNAME {bind_op setlt} VISIBLE false} {BINDTYPE op ID {} IMPL auto LATENCY 0 OPTYPE setlt PRAGMA {} RTLNAME icmp_ln91_6_fu_1906_p2 SOURCE calorimeter.cpp:91 VARIABLE icmp_ln91_6 LOOP VITIS_LOOP_299_2 BUNDLEDNAME {} DSP 0 BRAM 0 URAM 0 STORAGESUBTYPE {} DISPNAME {bind_op setlt} VISIBLE false} {BINDTYPE op ID {} IMPL auto LATENCY 0 OPTYPE xor PRAGMA {} RTLNAME xor_ln91_13_fu_1912_p2 SOURCE calorimeter.cpp:91 VARIABLE xor_ln91_13 LOOP VITIS_LOOP_299_2 BUNDLEDNAME {} DSP 0 BRAM 0 URAM 0 STORAGESUBTYPE {} DISPNAME {bind_op xor} VISIBLE false} {BINDTYPE op ID {} IMPL auto LATENCY 0 OPTYPE setlt PRAGMA {} RTLNAME icmp_ln95_6_fu_1918_p2 SOURCE calorimeter.cpp:95 VARIABLE icmp_ln95_6 LOOP VITIS_LOOP_299_2 BUNDLEDNAME {} DSP 0 BRAM 0 URAM 0 STORAGESUBTYPE {} DISPNAME {bind_op setlt} VISIBLE false} {BINDTYPE op ID {} IMPL auto LATENCY 0 OPTYPE and PRAGMA {} RTLNAME and_ln91_6_fu_1924_p2 SOURCE calorimeter.cpp:91 VARIABLE and_ln91_6 LOOP VITIS_LOOP_299_2 BUNDLEDNAME {} DSP 0 BRAM 0 URAM 0 STORAGESUBTYPE {} DISPNAME {bind_op and} VISIBLE false} {BINDTYPE op ID {} IMPL auto LATENCY 0 OPTYPE xor PRAGMA {} RTLNAME xor_ln111_7_fu_1936_p2 SOURCE calorimeter.cpp:111 VARIABLE xor_ln111_7 LOOP VITIS_LOOP_299_2 BUNDLEDNAME {} DSP 0 BRAM 0 URAM 0 STORAGESUBTYPE {} DISPNAME {bind_op xor} VISIBLE false} {BINDTYPE op ID {} IMPL auto LATENCY 0 OPTYPE setgt PRAGMA {} RTLNAME icmp_ln79_13_fu_1942_p2 SOURCE calorimeter.cpp:79 VARIABLE icmp_ln79_13 LOOP VITIS_LOOP_299_2 BUNDLEDNAME {} DSP 0 BRAM 0 URAM 0 STORAGESUBTYPE {} DISPNAME {bind_op setgt} VISIBLE false} {BINDTYPE op ID {} IMPL auto LATENCY 0 OPTYPE or PRAGMA {} RTLNAME or_ln111_7_fu_1948_p2 SOURCE calorimeter.cpp:111 VARIABLE or_ln111_7 LOOP VITIS_LOOP_299_2 BUNDLEDNAME {} DSP 0 BRAM 0 URAM 0 STORAGESUBTYPE {} DISPNAME {bind_op or} VISIBLE false} {BINDTYPE op ID {} IMPL auto LATENCY 0 OPTYPE setlt PRAGMA {} RTLNAME icmp_ln83_7_fu_1954_p2 SOURCE calorimeter.cpp:83 VARIABLE icmp_ln83_7 LOOP VITIS_LOOP_299_2 BUNDLEDNAME {} DSP 0 BRAM 0 URAM 0 STORAGESUBTYPE {} DISPNAME {bind_op setlt} VISIBLE false} {BINDTYPE op ID {} IMPL auto LATENCY 0 OPTYPE setlt PRAGMA {} RTLNAME icmp_ln87_7_fu_1963_p2 SOURCE calorimeter.cpp:87 VARIABLE icmp_ln87_7 LOOP VITIS_LOOP_299_2 BUNDLEDNAME {} DSP 0 BRAM 0 URAM 0 STORAGESUBTYPE {} DISPNAME {bind_op setlt} VISIBLE false} {BINDTYPE op ID {} IMPL auto LATENCY 0 OPTYPE setlt PRAGMA {} RTLNAME icmp_ln91_7_fu_1972_p2 SOURCE calorimeter.cpp:91 VARIABLE icmp_ln91_7 LOOP VITIS_LOOP_299_2 BUNDLEDNAME {} DSP 0 BRAM 0 URAM 0 STORAGESUBTYPE {} DISPNAME {bind_op setlt} VISIBLE false} {BINDTYPE op ID {} IMPL auto LATENCY 0 OPTYPE xor PRAGMA {} RTLNAME xor_ln91_14_fu_1978_p2 SOURCE calorimeter.cpp:91 VARIABLE xor_ln91_14 LOOP VITIS_LOOP_299_2 BUNDLEDNAME {} DSP 0 BRAM 0 URAM 0 STORAGESUBTYPE {} DISPNAME {bind_op xor} VISIBLE false} {BINDTYPE op ID {} IMPL auto LATENCY 0 OPTYPE setlt PRAGMA {} RTLNAME icmp_ln95_7_fu_1984_p2 SOURCE calorimeter.cpp:95 VARIABLE icmp_ln95_7 LOOP VITIS_LOOP_299_2 BUNDLEDNAME {} DSP 0 BRAM 0 URAM 0 STORAGESUBTYPE {} DISPNAME {bind_op setlt} VISIBLE false} {BINDTYPE op ID {} IMPL auto LATENCY 0 OPTYPE and PRAGMA {} RTLNAME and_ln91_7_fu_1990_p2 SOURCE calorimeter.cpp:91 VARIABLE and_ln91_7 LOOP VITIS_LOOP_299_2 BUNDLEDNAME {} DSP 0 BRAM 0 URAM 0 STORAGESUBTYPE {} DISPNAME {bind_op and} VISIBLE false} {BINDTYPE op ID {} IMPL auto LATENCY 0 OPTYPE setgt PRAGMA {} RTLNAME icmp_ln113_fu_2491_p2 SOURCE calorimeter.cpp:113 VARIABLE icmp_ln113 LOOP VITIS_LOOP_113_1 BUNDLEDNAME {} DSP 0 BRAM 0 URAM 0 STORAGESUBTYPE {} DISPNAME {bind_op setgt} VISIBLE false} {BINDTYPE op ID {} IMPL fabric LATENCY 0 OPTYPE add PRAGMA {} RTLNAME add_ln114_fu_2539_p2 SOURCE calorimeter.cpp:114 VARIABLE add_ln114 LOOP VITIS_LOOP_113_1 BUNDLEDNAME {} DSP 0 BRAM 0 URAM 0 STORAGESUBTYPE {} DISPNAME {bind_op add} VISIBLE true} {BINDTYPE op ID {} IMPL auto LATENCY 0 OPTYPE sparsemux PRAGMA {} RTLNAME sparsemux_15_3_20_1_1_U7 SOURCE calorimeter.cpp:114 VARIABLE tmp_6 LOOP VITIS_LOOP_113_1 BUNDLEDNAME {} DSP 0 BRAM 0 URAM 0 STORAGESUBTYPE {} DISPNAME {bind_op sparsemux} VISIBLE false} {BINDTYPE op ID {} IMPL auto LATENCY 0 OPTYPE sparsemux PRAGMA {} RTLNAME sparsemux_15_3_20_1_1_U8 SOURCE calorimeter.cpp:114 VARIABLE tmp_7 LOOP VITIS_LOOP_113_1 BUNDLEDNAME {} DSP 0 BRAM 0 URAM 0 STORAGESUBTYPE {} DISPNAME {bind_op sparsemux} VISIBLE false} {BINDTYPE op ID {} IMPL auto LATENCY 0 OPTYPE sparsemux PRAGMA {} RTLNAME sparsemux_15_3_6_1_1_U9 SOURCE calorimeter.cpp:114 VARIABLE tmp_8 LOOP VITIS_LOOP_113_1 BUNDLEDNAME {} DSP 0 BRAM 0 URAM 0 STORAGESUBTYPE {} DISPNAME {bind_op sparsemux} VISIBLE false} {BINDTYPE op ID {} IMPL auto LATENCY 0 OPTYPE sparsemux PRAGMA {} RTLNAME sparsemux_15_3_6_1_1_U10 SOURCE calorimeter.cpp:114 VARIABLE tmp_9 LOOP VITIS_LOOP_113_1 BUNDLEDNAME {} DSP 0 BRAM 0 URAM 0 STORAGESUBTYPE {} DISPNAME {bind_op sparsemux} VISIBLE false} {BINDTYPE op ID {} IMPL auto LATENCY 0 OPTYPE sparsemux PRAGMA {} RTLNAME sparsemux_15_3_4_1_1_U11 SOURCE calorimeter.cpp:114 VARIABLE tmp_s LOOP VITIS_LOOP_113_1 BUNDLEDNAME {} DSP 0 BRAM 0 URAM 0 STORAGESUBTYPE {} DISPNAME {bind_op sparsemux} VISIBLE false} {BINDTYPE op ID {} IMPL auto LATENCY 0 OPTYPE sparsemux PRAGMA {} RTLNAME sparsemux_15_3_1_1_1_U12 SOURCE calorimeter.cpp:114 VARIABLE tmp_1 LOOP VITIS_LOOP_113_1 BUNDLEDNAME {} DSP 0 BRAM 0 URAM 0 STORAGESUBTYPE {} DISPNAME {bind_op sparsemux} VISIBLE false}} AREA {DSP 0 BRAM 0 URAM 0}} build_trigger_objects {BINDINFO {{BINDTYPE op ID {} IMPL auto LATENCY 0 OPTYPE seteq PRAGMA {} RTLNAME icmp_ln196_fu_480_p2 SOURCE calorimeter.cpp:196 VARIABLE icmp_ln196 LOOP {} BUNDLEDNAME {} DSP 0 BRAM 0 URAM 0 STORAGESUBTYPE {} DISPNAME {bind_op seteq} VISIBLE false} {BINDTYPE op ID {} IMPL auto_sel LATENCY 0 OPTYPE select PRAGMA {} RTLNAME select_ln196_fu_486_p3 SOURCE calorimeter.cpp:196 VARIABLE select_ln196 LOOP {} BUNDLEDNAME {} DSP 0 BRAM 0 URAM 0 STORAGESUBTYPE {} DISPNAME {bind_op select} VISIBLE false} {BINDTYPE op ID {} IMPL auto_sel LATENCY 0 OPTYPE select PRAGMA {} RTLNAME trigger_objects_0_new_0_fu_522_p3 SOURCE calorimeter.cpp:196 VARIABLE trigger_objects_0_new_0 LOOP {} BUNDLEDNAME {} DSP 0 BRAM 0 URAM 0 STORAGESUBTYPE {} DISPNAME {bind_op select} VISIBLE false} {BINDTYPE op ID {} IMPL auto LATENCY 0 OPTYPE seteq PRAGMA {} RTLNAME icmp_ln196_1_fu_531_p2 SOURCE calorimeter.cpp:196 VARIABLE icmp_ln196_1 LOOP {} BUNDLEDNAME {} DSP 0 BRAM 0 URAM 0 STORAGESUBTYPE {} DISPNAME {bind_op seteq} VISIBLE false} {BINDTYPE op ID {} IMPL auto_sel LATENCY 0 OPTYPE select PRAGMA {} RTLNAME select_ln196_1_fu_537_p3 SOURCE calorimeter.cpp:196 VARIABLE select_ln196_1 LOOP {} BUNDLEDNAME {} DSP 0 BRAM 0 URAM 0 STORAGESUBTYPE {} DISPNAME {bind_op select} VISIBLE false} {BINDTYPE op ID {} IMPL auto_sel LATENCY 0 OPTYPE select PRAGMA {} RTLNAME trigger_objects_1_new_0_fu_573_p3 SOURCE calorimeter.cpp:196 VARIABLE trigger_objects_1_new_0 LOOP {} BUNDLEDNAME {} DSP 0 BRAM 0 URAM 0 STORAGESUBTYPE {} DISPNAME {bind_op select} VISIBLE false} {BINDTYPE op ID {} IMPL auto LATENCY 0 OPTYPE seteq PRAGMA {} RTLNAME icmp_ln196_2_fu_582_p2 SOURCE calorimeter.cpp:196 VARIABLE icmp_ln196_2 LOOP {} BUNDLEDNAME {} DSP 0 BRAM 0 URAM 0 STORAGESUBTYPE {} DISPNAME {bind_op seteq} VISIBLE false} {BINDTYPE op ID {} IMPL auto_sel LATENCY 0 OPTYPE select PRAGMA {} RTLNAME select_ln196_2_fu_588_p3 SOURCE calorimeter.cpp:196 VARIABLE select_ln196_2 LOOP {} BUNDLEDNAME {} DSP 0 BRAM 0 URAM 0 STORAGESUBTYPE {} DISPNAME {bind_op select} VISIBLE false} {BINDTYPE op ID {} IMPL auto_sel LATENCY 0 OPTYPE select PRAGMA {} RTLNAME trigger_objects_2_new_0_fu_624_p3 SOURCE calorimeter.cpp:196 VARIABLE trigger_objects_2_new_0 LOOP {} BUNDLEDNAME {} DSP 0 BRAM 0 URAM 0 STORAGESUBTYPE {} DISPNAME {bind_op select} VISIBLE false} {BINDTYPE op ID {} IMPL auto LATENCY 0 OPTYPE seteq PRAGMA {} RTLNAME icmp_ln196_3_fu_633_p2 SOURCE calorimeter.cpp:196 VARIABLE icmp_ln196_3 LOOP {} BUNDLEDNAME {} DSP 0 BRAM 0 URAM 0 STORAGESUBTYPE {} DISPNAME {bind_op seteq} VISIBLE false} {BINDTYPE op ID {} IMPL auto_sel LATENCY 0 OPTYPE select PRAGMA {} RTLNAME select_ln196_3_fu_639_p3 SOURCE calorimeter.cpp:196 VARIABLE select_ln196_3 LOOP {} BUNDLEDNAME {} DSP 0 BRAM 0 URAM 0 STORAGESUBTYPE {} DISPNAME {bind_op select} VISIBLE false} {BINDTYPE op ID {} IMPL auto_sel LATENCY 0 OPTYPE select PRAGMA {} RTLNAME trigger_objects_3_new_0_fu_675_p3 SOURCE calorimeter.cpp:196 VARIABLE trigger_objects_3_new_0 LOOP {} BUNDLEDNAME {} DSP 0 BRAM 0 URAM 0 STORAGESUBTYPE {} DISPNAME {bind_op select} VISIBLE false} {BINDTYPE op ID {} IMPL auto LATENCY 0 OPTYPE seteq PRAGMA {} RTLNAME icmp_ln196_4_fu_684_p2 SOURCE calorimeter.cpp:196 VARIABLE icmp_ln196_4 LOOP {} BUNDLEDNAME {} DSP 0 BRAM 0 URAM 0 STORAGESUBTYPE {} DISPNAME {bind_op seteq} VISIBLE false} {BINDTYPE op ID {} IMPL auto_sel LATENCY 0 OPTYPE select PRAGMA {} RTLNAME select_ln196_4_fu_690_p3 SOURCE calorimeter.cpp:196 VARIABLE select_ln196_4 LOOP {} BUNDLEDNAME {} DSP 0 BRAM 0 URAM 0 STORAGESUBTYPE {} DISPNAME {bind_op select} VISIBLE false} {BINDTYPE op ID {} IMPL auto_sel LATENCY 0 OPTYPE select PRAGMA {} RTLNAME trigger_objects_4_new_0_fu_726_p3 SOURCE calorimeter.cpp:196 VARIABLE trigger_objects_4_new_0 LOOP {} BUNDLEDNAME {} DSP 0 BRAM 0 URAM 0 STORAGESUBTYPE {} DISPNAME {bind_op select} VISIBLE false} {BINDTYPE op ID {} IMPL auto LATENCY 0 OPTYPE seteq PRAGMA {} RTLNAME icmp_ln196_5_fu_735_p2 SOURCE calorimeter.cpp:196 VARIABLE icmp_ln196_5 LOOP {} BUNDLEDNAME {} DSP 0 BRAM 0 URAM 0 STORAGESUBTYPE {} DISPNAME {bind_op seteq} VISIBLE false} {BINDTYPE op ID {} IMPL auto_sel LATENCY 0 OPTYPE select PRAGMA {} RTLNAME select_ln196_5_fu_741_p3 SOURCE calorimeter.cpp:196 VARIABLE select_ln196_5 LOOP {} BUNDLEDNAME {} DSP 0 BRAM 0 URAM 0 STORAGESUBTYPE {} DISPNAME {bind_op select} VISIBLE false} {BINDTYPE op ID {} IMPL auto_sel LATENCY 0 OPTYPE select PRAGMA {} RTLNAME trigger_objects_5_new_0_fu_777_p3 SOURCE calorimeter.cpp:196 VARIABLE trigger_objects_5_new_0 LOOP {} BUNDLEDNAME {} DSP 0 BRAM 0 URAM 0 STORAGESUBTYPE {} DISPNAME {bind_op select} VISIBLE false} {BINDTYPE op ID {} IMPL auto LATENCY 0 OPTYPE seteq PRAGMA {} RTLNAME icmp_ln196_6_fu_786_p2 SOURCE calorimeter.cpp:196 VARIABLE icmp_ln196_6 LOOP {} BUNDLEDNAME {} DSP 0 BRAM 0 URAM 0 STORAGESUBTYPE {} DISPNAME {bind_op seteq} VISIBLE false} {BINDTYPE op ID {} IMPL auto_sel LATENCY 0 OPTYPE select PRAGMA {} RTLNAME select_ln196_6_fu_792_p3 SOURCE calorimeter.cpp:196 VARIABLE select_ln196_6 LOOP {} BUNDLEDNAME {} DSP 0 BRAM 0 URAM 0 STORAGESUBTYPE {} DISPNAME {bind_op select} VISIBLE false} {BINDTYPE op ID {} IMPL auto_sel LATENCY 0 OPTYPE select PRAGMA {} RTLNAME trigger_objects_6_new_0_fu_828_p3 SOURCE calorimeter.cpp:196 VARIABLE trigger_objects_6_new_0 LOOP {} BUNDLEDNAME {} DSP 0 BRAM 0 URAM 0 STORAGESUBTYPE {} DISPNAME {bind_op select} VISIBLE false} {BINDTYPE op ID {} IMPL auto LATENCY 0 OPTYPE seteq PRAGMA {} RTLNAME icmp_ln196_7_fu_837_p2 SOURCE calorimeter.cpp:196 VARIABLE icmp_ln196_7 LOOP {} BUNDLEDNAME {} DSP 0 BRAM 0 URAM 0 STORAGESUBTYPE {} DISPNAME {bind_op seteq} VISIBLE false} {BINDTYPE op ID {} IMPL auto_sel LATENCY 0 OPTYPE select PRAGMA {} RTLNAME select_ln196_7_fu_843_p3 SOURCE calorimeter.cpp:196 VARIABLE select_ln196_7 LOOP {} BUNDLEDNAME {} DSP 0 BRAM 0 URAM 0 STORAGESUBTYPE {} DISPNAME {bind_op select} VISIBLE false} {BINDTYPE op ID {} IMPL auto_sel LATENCY 0 OPTYPE select PRAGMA {} RTLNAME trigger_objects_7_new_0_fu_879_p3 SOURCE calorimeter.cpp:196 VARIABLE trigger_objects_7_new_0 LOOP {} BUNDLEDNAME {} DSP 0 BRAM 0 URAM 0 STORAGESUBTYPE {} DISPNAME {bind_op select} VISIBLE false}} AREA {DSP 0 BRAM 0 URAM 0}} cluster_sort_build_stream {BINDINFO {{BINDTYPE storage ID {} IMPL memory LATENCY 0 OPTYPE fifo PRAGMA {} RTLNAME cluster_stream_U SOURCE :0 VARIABLE cluster_stream LOOP {} BUNDLEDNAME {} DSP 0 BRAM 0 URAM 0 STORAGESUBTYPE stream STORAGESIZE {61 64 1} STORAGEUSAGE {fifo channel} DISPNAME {bind_storage fifo} VISIBLE true} {BINDTYPE storage ID {} IMPL srl LATENCY 0 OPTYPE fifo PRAGMA {} RTLNAME top_clusters_et_U SOURCE calorimeter.cpp:333 VARIABLE top_clusters_et LOOP {} BUNDLEDNAME {} DSP 0 BRAM 0 URAM 0 STORAGESUBTYPE {task level} STORAGESIZE {20 2 1} STORAGEUSAGE {fifo channel} DISPNAME {bind_storage fifo} VISIBLE true} {BINDTYPE storage ID {} IMPL srl LATENCY 0 OPTYPE fifo PRAGMA {} RTLNAME top_clusters_et_1_U SOURCE calorimeter.cpp:333 VARIABLE top_clusters_et_1 LOOP {} BUNDLEDNAME {} DSP 0 BRAM 0 URAM 0 STORAGESUBTYPE {task level} STORAGESIZE {20 2 1} STORAGEUSAGE {fifo channel} DISPNAME {bind_storage fifo} VISIBLE true} {BINDTYPE storage ID {} IMPL srl LATENCY 0 OPTYPE fifo PRAGMA {} RTLNAME top_clusters_et_2_U SOURCE calorimeter.cpp:333 VARIABLE top_clusters_et_2 LOOP {} BUNDLEDNAME {} DSP 0 BRAM 0 URAM 0 STORAGESUBTYPE {task level} STORAGESIZE {20 2 1} STORAGEUSAGE {fifo channel} DISPNAME {bind_storage fifo} VISIBLE true} {BINDTYPE storage ID {} IMPL srl LATENCY 0 OPTYPE fifo PRAGMA {} RTLNAME top_clusters_et_3_U SOURCE calorimeter.cpp:333 VARIABLE top_clusters_et_3 LOOP {} BUNDLEDNAME {} DSP 0 BRAM 0 URAM 0 STORAGESUBTYPE {task level} STORAGESIZE {20 2 1} STORAGEUSAGE {fifo channel} DISPNAME {bind_storage fifo} VISIBLE true} {BINDTYPE storage ID {} IMPL srl LATENCY 0 OPTYPE fifo PRAGMA {} RTLNAME top_clusters_et_4_U SOURCE calorimeter.cpp:333 VARIABLE top_clusters_et_4 LOOP {} BUNDLEDNAME {} DSP 0 BRAM 0 URAM 0 STORAGESUBTYPE {task level} STORAGESIZE {20 2 1} STORAGEUSAGE {fifo channel} DISPNAME {bind_storage fifo} VISIBLE true} {BINDTYPE storage ID {} IMPL srl LATENCY 0 OPTYPE fifo PRAGMA {} RTLNAME top_clusters_et_5_U SOURCE calorimeter.cpp:333 VARIABLE top_clusters_et_5 LOOP {} BUNDLEDNAME {} DSP 0 BRAM 0 URAM 0 STORAGESUBTYPE {task level} STORAGESIZE {20 2 1} STORAGEUSAGE {fifo channel} DISPNAME {bind_storage fifo} VISIBLE true} {BINDTYPE storage ID {} IMPL srl LATENCY 0 OPTYPE fifo PRAGMA {} RTLNAME top_clusters_et_6_U SOURCE calorimeter.cpp:333 VARIABLE top_clusters_et_6 LOOP {} BUNDLEDNAME {} DSP 0 BRAM 0 URAM 0 STORAGESUBTYPE {task level} STORAGESIZE {20 2 1} STORAGEUSAGE {fifo channel} DISPNAME {bind_storage fifo} VISIBLE true} {BINDTYPE storage ID {} IMPL srl LATENCY 0 OPTYPE fifo PRAGMA {} RTLNAME top_clusters_et_7_U SOURCE calorimeter.cpp:333 VARIABLE top_clusters_et_7 LOOP {} BUNDLEDNAME {} DSP 0 BRAM 0 URAM 0 STORAGESUBTYPE {task level} STORAGESIZE {20 2 1} STORAGEUSAGE {fifo channel} DISPNAME {bind_storage fifo} VISIBLE true} {BINDTYPE storage ID {} IMPL srl LATENCY 0 OPTYPE fifo PRAGMA {} RTLNAME top_clusters_isolation_et_U SOURCE calorimeter.cpp:333 VARIABLE top_clusters_isolation_et LOOP {} BUNDLEDNAME {} DSP 0 BRAM 0 URAM 0 STORAGESUBTYPE {task level} STORAGESIZE {20 2 1} STORAGEUSAGE {fifo channel} DISPNAME {bind_storage fifo} VISIBLE true} {BINDTYPE storage ID {} IMPL srl LATENCY 0 OPTYPE fifo PRAGMA {} RTLNAME top_clusters_isolation_et_1_U SOURCE calorimeter.cpp:333 VARIABLE top_clusters_isolation_et_1 LOOP {} BUNDLEDNAME {} DSP 0 BRAM 0 URAM 0 STORAGESUBTYPE {task level} STORAGESIZE {20 2 1} STORAGEUSAGE {fifo channel} DISPNAME {bind_storage fifo} VISIBLE true} {BINDTYPE storage ID {} IMPL srl LATENCY 0 OPTYPE fifo PRAGMA {} RTLNAME top_clusters_isolation_et_2_U SOURCE calorimeter.cpp:333 VARIABLE top_clusters_isolation_et_2 LOOP {} BUNDLEDNAME {} DSP 0 BRAM 0 URAM 0 STORAGESUBTYPE {task level} STORAGESIZE {20 2 1} STORAGEUSAGE {fifo channel} DISPNAME {bind_storage fifo} VISIBLE true} {BINDTYPE storage ID {} IMPL srl LATENCY 0 OPTYPE fifo PRAGMA {} RTLNAME top_clusters_isolation_et_3_U SOURCE calorimeter.cpp:333 VARIABLE top_clusters_isolation_et_3 LOOP {} BUNDLEDNAME {} DSP 0 BRAM 0 URAM 0 STORAGESUBTYPE {task level} STORAGESIZE {20 2 1} STORAGEUSAGE {fifo channel} DISPNAME {bind_storage fifo} VISIBLE true} {BINDTYPE storage ID {} IMPL srl LATENCY 0 OPTYPE fifo PRAGMA {} RTLNAME top_clusters_isolation_et_4_U SOURCE calorimeter.cpp:333 VARIABLE top_clusters_isolation_et_4 LOOP {} BUNDLEDNAME {} DSP 0 BRAM 0 URAM 0 STORAGESUBTYPE {task level} STORAGESIZE {20 2 1} STORAGEUSAGE {fifo channel} DISPNAME {bind_storage fifo} VISIBLE true} {BINDTYPE storage ID {} IMPL srl LATENCY 0 OPTYPE fifo PRAGMA {} RTLNAME top_clusters_isolation_et_5_U SOURCE calorimeter.cpp:333 VARIABLE top_clusters_isolation_et_5 LOOP {} BUNDLEDNAME {} DSP 0 BRAM 0 URAM 0 STORAGESUBTYPE {task level} STORAGESIZE {20 2 1} STORAGEUSAGE {fifo channel} DISPNAME {bind_storage fifo} VISIBLE true} {BINDTYPE storage ID {} IMPL srl LATENCY 0 OPTYPE fifo PRAGMA {} RTLNAME top_clusters_isolation_et_6_U SOURCE calorimeter.cpp:333 VARIABLE top_clusters_isolation_et_6 LOOP {} BUNDLEDNAME {} DSP 0 BRAM 0 URAM 0 STORAGESUBTYPE {task level} STORAGESIZE {20 2 1} STORAGEUSAGE {fifo channel} DISPNAME {bind_storage fifo} VISIBLE true} {BINDTYPE storage ID {} IMPL srl LATENCY 0 OPTYPE fifo PRAGMA {} RTLNAME top_clusters_isolation_et_7_U SOURCE calorimeter.cpp:333 VARIABLE top_clusters_isolation_et_7 LOOP {} BUNDLEDNAME {} DSP 0 BRAM 0 URAM 0 STORAGESUBTYPE {task level} STORAGESIZE {20 2 1} STORAGEUSAGE {fifo channel} DISPNAME {bind_storage fifo} VISIBLE true} {BINDTYPE storage ID {} IMPL srl LATENCY 0 OPTYPE fifo PRAGMA {} RTLNAME top_clusters_eta_U SOURCE calorimeter.cpp:333 VARIABLE top_clusters_eta LOOP {} BUNDLEDNAME {} DSP 0 BRAM 0 URAM 0 STORAGESUBTYPE {task level} STORAGESIZE {6 2 1} STORAGEUSAGE {fifo channel} DISPNAME {bind_storage fifo} VISIBLE true} {BINDTYPE storage ID {} IMPL srl LATENCY 0 OPTYPE fifo PRAGMA {} RTLNAME top_clusters_eta_1_U SOURCE calorimeter.cpp:333 VARIABLE top_clusters_eta_1 LOOP {} BUNDLEDNAME {} DSP 0 BRAM 0 URAM 0 STORAGESUBTYPE {task level} STORAGESIZE {6 2 1} STORAGEUSAGE {fifo channel} DISPNAME {bind_storage fifo} VISIBLE true} {BINDTYPE storage ID {} IMPL srl LATENCY 0 OPTYPE fifo PRAGMA {} RTLNAME top_clusters_eta_2_U SOURCE calorimeter.cpp:333 VARIABLE top_clusters_eta_2 LOOP {} BUNDLEDNAME {} DSP 0 BRAM 0 URAM 0 STORAGESUBTYPE {task level} STORAGESIZE {6 2 1} STORAGEUSAGE {fifo channel} DISPNAME {bind_storage fifo} VISIBLE true} {BINDTYPE storage ID {} IMPL srl LATENCY 0 OPTYPE fifo PRAGMA {} RTLNAME top_clusters_eta_3_U SOURCE calorimeter.cpp:333 VARIABLE top_clusters_eta_3 LOOP {} BUNDLEDNAME {} DSP 0 BRAM 0 URAM 0 STORAGESUBTYPE {task level} STORAGESIZE {6 2 1} STORAGEUSAGE {fifo channel} DISPNAME {bind_storage fifo} VISIBLE true} {BINDTYPE storage ID {} IMPL srl LATENCY 0 OPTYPE fifo PRAGMA {} RTLNAME top_clusters_eta_4_U SOURCE calorimeter.cpp:333 VARIABLE top_clusters_eta_4 LOOP {} BUNDLEDNAME {} DSP 0 BRAM 0 URAM 0 STORAGESUBTYPE {task level} STORAGESIZE {6 2 1} STORAGEUSAGE {fifo channel} DISPNAME {bind_storage fifo} VISIBLE true} {BINDTYPE storage ID {} IMPL srl LATENCY 0 OPTYPE fifo PRAGMA {} RTLNAME top_clusters_eta_5_U SOURCE calorimeter.cpp:333 VARIABLE top_clusters_eta_5 LOOP {} BUNDLEDNAME {} DSP 0 BRAM 0 URAM 0 STORAGESUBTYPE {task level} STORAGESIZE {6 2 1} STORAGEUSAGE {fifo channel} DISPNAME {bind_storage fifo} VISIBLE true} {BINDTYPE storage ID {} IMPL srl LATENCY 0 OPTYPE fifo PRAGMA {} RTLNAME top_clusters_eta_6_U SOURCE calorimeter.cpp:333 VARIABLE top_clusters_eta_6 LOOP {} BUNDLEDNAME {} DSP 0 BRAM 0 URAM 0 STORAGESUBTYPE {task level} STORAGESIZE {6 2 1} STORAGEUSAGE {fifo channel} DISPNAME {bind_storage fifo} VISIBLE true} {BINDTYPE storage ID {} IMPL srl LATENCY 0 OPTYPE fifo PRAGMA {} RTLNAME top_clusters_eta_7_U SOURCE calorimeter.cpp:333 VARIABLE top_clusters_eta_7 LOOP {} BUNDLEDNAME {} DSP 0 BRAM 0 URAM 0 STORAGESUBTYPE {task level} STORAGESIZE {6 2 1} STORAGEUSAGE {fifo channel} DISPNAME {bind_storage fifo} VISIBLE true} {BINDTYPE storage ID {} IMPL srl LATENCY 0 OPTYPE fifo PRAGMA {} RTLNAME top_clusters_phi_U SOURCE calorimeter.cpp:333 VARIABLE top_clusters_phi LOOP {} BUNDLEDNAME {} DSP 0 BRAM 0 URAM 0 STORAGESUBTYPE {task level} STORAGESIZE {6 2 1} STORAGEUSAGE {fifo channel} DISPNAME {bind_storage fifo} VISIBLE true} {BINDTYPE storage ID {} IMPL srl LATENCY 0 OPTYPE fifo PRAGMA {} RTLNAME top_clusters_phi_1_U SOURCE calorimeter.cpp:333 VARIABLE top_clusters_phi_1 LOOP {} BUNDLEDNAME {} DSP 0 BRAM 0 URAM 0 STORAGESUBTYPE {task level} STORAGESIZE {6 2 1} STORAGEUSAGE {fifo channel} DISPNAME {bind_storage fifo} VISIBLE true} {BINDTYPE storage ID {} IMPL srl LATENCY 0 OPTYPE fifo PRAGMA {} RTLNAME top_clusters_phi_2_U SOURCE calorimeter.cpp:333 VARIABLE top_clusters_phi_2 LOOP {} BUNDLEDNAME {} DSP 0 BRAM 0 URAM 0 STORAGESUBTYPE {task level} STORAGESIZE {6 2 1} STORAGEUSAGE {fifo channel} DISPNAME {bind_storage fifo} VISIBLE true} {BINDTYPE storage ID {} IMPL srl LATENCY 0 OPTYPE fifo PRAGMA {} RTLNAME top_clusters_phi_3_U SOURCE calorimeter.cpp:333 VARIABLE top_clusters_phi_3 LOOP {} BUNDLEDNAME {} DSP 0 BRAM 0 URAM 0 STORAGESUBTYPE {task level} STORAGESIZE {6 2 1} STORAGEUSAGE {fifo channel} DISPNAME {bind_storage fifo} VISIBLE true} {BINDTYPE storage ID {} IMPL srl LATENCY 0 OPTYPE fifo PRAGMA {} RTLNAME top_clusters_phi_4_U SOURCE calorimeter.cpp:333 VARIABLE top_clusters_phi_4 LOOP {} BUNDLEDNAME {} DSP 0 BRAM 0 URAM 0 STORAGESUBTYPE {task level} STORAGESIZE {6 2 1} STORAGEUSAGE {fifo channel} DISPNAME {bind_storage fifo} VISIBLE true} {BINDTYPE storage ID {} IMPL srl LATENCY 0 OPTYPE fifo PRAGMA {} RTLNAME top_clusters_phi_5_U SOURCE calorimeter.cpp:333 VARIABLE top_clusters_phi_5 LOOP {} BUNDLEDNAME {} DSP 0 BRAM 0 URAM 0 STORAGESUBTYPE {task level} STORAGESIZE {6 2 1} STORAGEUSAGE {fifo channel} DISPNAME {bind_storage fifo} VISIBLE true} {BINDTYPE storage ID {} IMPL srl LATENCY 0 OPTYPE fifo PRAGMA {} RTLNAME top_clusters_phi_6_U SOURCE calorimeter.cpp:333 VARIABLE top_clusters_phi_6 LOOP {} BUNDLEDNAME {} DSP 0 BRAM 0 URAM 0 STORAGESUBTYPE {task level} STORAGESIZE {6 2 1} STORAGEUSAGE {fifo channel} DISPNAME {bind_storage fifo} VISIBLE true} {BINDTYPE storage ID {} IMPL srl LATENCY 0 OPTYPE fifo PRAGMA {} RTLNAME top_clusters_phi_7_U SOURCE calorimeter.cpp:333 VARIABLE top_clusters_phi_7 LOOP {} BUNDLEDNAME {} DSP 0 BRAM 0 URAM 0 STORAGESUBTYPE {task level} STORAGESIZE {6 2 1} STORAGEUSAGE {fifo channel} DISPNAME {bind_storage fifo} VISIBLE true} {BINDTYPE storage ID {} IMPL srl LATENCY 0 OPTYPE fifo PRAGMA {} RTLNAME top_clusters_window_size_U SOURCE calorimeter.cpp:333 VARIABLE top_clusters_window_size LOOP {} BUNDLEDNAME {} DSP 0 BRAM 0 URAM 0 STORAGESUBTYPE {task level} STORAGESIZE {4 2 1} STORAGEUSAGE {fifo channel} DISPNAME {bind_storage fifo} VISIBLE true} {BINDTYPE storage ID {} IMPL srl LATENCY 0 OPTYPE fifo PRAGMA {} RTLNAME top_clusters_window_size_1_U SOURCE calorimeter.cpp:333 VARIABLE top_clusters_window_size_1 LOOP {} BUNDLEDNAME {} DSP 0 BRAM 0 URAM 0 STORAGESUBTYPE {task level} STORAGESIZE {4 2 1} STORAGEUSAGE {fifo channel} DISPNAME {bind_storage fifo} VISIBLE true} {BINDTYPE storage ID {} IMPL srl LATENCY 0 OPTYPE fifo PRAGMA {} RTLNAME top_clusters_window_size_2_U SOURCE calorimeter.cpp:333 VARIABLE top_clusters_window_size_2 LOOP {} BUNDLEDNAME {} DSP 0 BRAM 0 URAM 0 STORAGESUBTYPE {task level} STORAGESIZE {4 2 1} STORAGEUSAGE {fifo channel} DISPNAME {bind_storage fifo} VISIBLE true} {BINDTYPE storage ID {} IMPL srl LATENCY 0 OPTYPE fifo PRAGMA {} RTLNAME top_clusters_window_size_3_U SOURCE calorimeter.cpp:333 VARIABLE top_clusters_window_size_3 LOOP {} BUNDLEDNAME {} DSP 0 BRAM 0 URAM 0 STORAGESUBTYPE {task level} STORAGESIZE {4 2 1} STORAGEUSAGE {fifo channel} DISPNAME {bind_storage fifo} VISIBLE true} {BINDTYPE storage ID {} IMPL srl LATENCY 0 OPTYPE fifo PRAGMA {} RTLNAME top_clusters_window_size_4_U SOURCE calorimeter.cpp:333 VARIABLE top_clusters_window_size_4 LOOP {} BUNDLEDNAME {} DSP 0 BRAM 0 URAM 0 STORAGESUBTYPE {task level} STORAGESIZE {4 2 1} STORAGEUSAGE {fifo channel} DISPNAME {bind_storage fifo} VISIBLE true} {BINDTYPE storage ID {} IMPL srl LATENCY 0 OPTYPE fifo PRAGMA {} RTLNAME top_clusters_window_size_5_U SOURCE calorimeter.cpp:333 VARIABLE top_clusters_window_size_5 LOOP {} BUNDLEDNAME {} DSP 0 BRAM 0 URAM 0 STORAGESUBTYPE {task level} STORAGESIZE {4 2 1} STORAGEUSAGE {fifo channel} DISPNAME {bind_storage fifo} VISIBLE true} {BINDTYPE storage ID {} IMPL srl LATENCY 0 OPTYPE fifo PRAGMA {} RTLNAME top_clusters_window_size_6_U SOURCE calorimeter.cpp:333 VARIABLE top_clusters_window_size_6 LOOP {} BUNDLEDNAME {} DSP 0 BRAM 0 URAM 0 STORAGESUBTYPE {task level} STORAGESIZE {4 2 1} STORAGEUSAGE {fifo channel} DISPNAME {bind_storage fifo} VISIBLE true} {BINDTYPE storage ID {} IMPL srl LATENCY 0 OPTYPE fifo PRAGMA {} RTLNAME top_clusters_window_size_7_U SOURCE calorimeter.cpp:333 VARIABLE top_clusters_window_size_7 LOOP {} BUNDLEDNAME {} DSP 0 BRAM 0 URAM 0 STORAGESUBTYPE {task level} STORAGESIZE {4 2 1} STORAGEUSAGE {fifo channel} DISPNAME {bind_storage fifo} VISIBLE true} {BINDTYPE storage ID {} IMPL srl LATENCY 0 OPTYPE fifo PRAGMA {} RTLNAME top_clusters_valid_U SOURCE calorimeter.cpp:333 VARIABLE top_clusters_valid LOOP {} BUNDLEDNAME {} DSP 0 BRAM 0 URAM 0 STORAGESUBTYPE {task level} STORAGESIZE {1 2 1} STORAGEUSAGE {fifo channel} DISPNAME {bind_storage fifo} VISIBLE true} {BINDTYPE storage ID {} IMPL srl LATENCY 0 OPTYPE fifo PRAGMA {} RTLNAME top_clusters_valid_1_U SOURCE calorimeter.cpp:333 VARIABLE top_clusters_valid_1 LOOP {} BUNDLEDNAME {} DSP 0 BRAM 0 URAM 0 STORAGESUBTYPE {task level} STORAGESIZE {1 2 1} STORAGEUSAGE {fifo channel} DISPNAME {bind_storage fifo} VISIBLE true} {BINDTYPE storage ID {} IMPL srl LATENCY 0 OPTYPE fifo PRAGMA {} RTLNAME top_clusters_valid_2_U SOURCE calorimeter.cpp:333 VARIABLE top_clusters_valid_2 LOOP {} BUNDLEDNAME {} DSP 0 BRAM 0 URAM 0 STORAGESUBTYPE {task level} STORAGESIZE {1 2 1} STORAGEUSAGE {fifo channel} DISPNAME {bind_storage fifo} VISIBLE true} {BINDTYPE storage ID {} IMPL srl LATENCY 0 OPTYPE fifo PRAGMA {} RTLNAME top_clusters_valid_3_U SOURCE calorimeter.cpp:333 VARIABLE top_clusters_valid_3 LOOP {} BUNDLEDNAME {} DSP 0 BRAM 0 URAM 0 STORAGESUBTYPE {task level} STORAGESIZE {1 2 1} STORAGEUSAGE {fifo channel} DISPNAME {bind_storage fifo} VISIBLE true} {BINDTYPE storage ID {} IMPL srl LATENCY 0 OPTYPE fifo PRAGMA {} RTLNAME top_clusters_valid_4_U SOURCE calorimeter.cpp:333 VARIABLE top_clusters_valid_4 LOOP {} BUNDLEDNAME {} DSP 0 BRAM 0 URAM 0 STORAGESUBTYPE {task level} STORAGESIZE {1 2 1} STORAGEUSAGE {fifo channel} DISPNAME {bind_storage fifo} VISIBLE true} {BINDTYPE storage ID {} IMPL srl LATENCY 0 OPTYPE fifo PRAGMA {} RTLNAME top_clusters_valid_5_U SOURCE calorimeter.cpp:333 VARIABLE top_clusters_valid_5 LOOP {} BUNDLEDNAME {} DSP 0 BRAM 0 URAM 0 STORAGESUBTYPE {task level} STORAGESIZE {1 2 1} STORAGEUSAGE {fifo channel} DISPNAME {bind_storage fifo} VISIBLE true} {BINDTYPE storage ID {} IMPL srl LATENCY 0 OPTYPE fifo PRAGMA {} RTLNAME top_clusters_valid_6_U SOURCE calorimeter.cpp:333 VARIABLE top_clusters_valid_6 LOOP {} BUNDLEDNAME {} DSP 0 BRAM 0 URAM 0 STORAGESUBTYPE {task level} STORAGESIZE {1 2 1} STORAGEUSAGE {fifo channel} DISPNAME {bind_storage fifo} VISIBLE true} {BINDTYPE storage ID {} IMPL srl LATENCY 0 OPTYPE fifo PRAGMA {} RTLNAME top_clusters_valid_7_U SOURCE calorimeter.cpp:333 VARIABLE top_clusters_valid_7 LOOP {} BUNDLEDNAME {} DSP 0 BRAM 0 URAM 0 STORAGESUBTYPE {task level} STORAGESIZE {1 2 1} STORAGEUSAGE {fifo channel} DISPNAME {bind_storage fifo} VISIBLE true}} AREA {DSP 0 BRAM 0 URAM 0}} calo_trigger_stream_ref {BINDINFO {{BINDTYPE op ID {} IMPL fabric LATENCY 0 OPTYPE add PRAGMA {} RTLNAME add_ln160_fu_220_p2 SOURCE calorimeter.cpp:160 VARIABLE add_ln160 LOOP HT_ETA_HT_PHI BUNDLEDNAME {} DSP 0 BRAM 0 URAM 0 STORAGESUBTYPE {} DISPNAME {bind_op add} VISIBLE true} {BINDTYPE op ID {} IMPL auto_sel LATENCY 0 OPTYPE select PRAGMA {} RTLNAME select_ln160_fu_226_p3 SOURCE calorimeter.cpp:160 VARIABLE select_ln160 LOOP HT_ETA_HT_PHI BUNDLEDNAME {} DSP 0 BRAM 0 URAM 0 STORAGESUBTYPE {} DISPNAME {bind_op select} VISIBLE false} {BINDTYPE op ID {} IMPL auto_sel LATENCY 0 OPTYPE select PRAGMA {} RTLNAME eta_fu_234_p3 SOURCE calorimeter.cpp:160 VARIABLE eta LOOP HT_ETA_HT_PHI BUNDLEDNAME {} DSP 0 BRAM 0 URAM 0 STORAGESUBTYPE {} DISPNAME {bind_op select} VISIBLE false} {BINDTYPE op ID {} IMPL fabric LATENCY 0 OPTYPE add PRAGMA {} RTLNAME ht_2_fu_329_p2 SOURCE calorimeter.cpp:163 VARIABLE ht_2 LOOP HT_ETA_HT_PHI BUNDLEDNAME {} DSP 0 BRAM 0 URAM 0 STORAGESUBTYPE {} DISPNAME {bind_op add} VISIBLE true} {BINDTYPE op ID {} IMPL fabric LATENCY 0 OPTYPE add PRAGMA {} RTLNAME phi_fu_283_p2 SOURCE calorimeter.cpp:161 VARIABLE phi LOOP HT_ETA_HT_PHI BUNDLEDNAME {} DSP 0 BRAM 0 URAM 0 STORAGESUBTYPE {} DISPNAME {bind_op add} VISIBLE true} {BINDTYPE op ID {} IMPL fabric LATENCY 0 OPTYPE add PRAGMA {} RTLNAME add_ln160_1_fu_289_p2 SOURCE calorimeter.cpp:160 VARIABLE add_ln160_1 LOOP HT_ETA_HT_PHI BUNDLEDNAME {} DSP 0 BRAM 0 URAM 0 STORAGESUBTYPE {} DISPNAME {bind_op add} VISIBLE true} {BINDTYPE op ID {} IMPL auto LATENCY 0 OPTYPE seteq PRAGMA {} RTLNAME icmp_ln161_fu_295_p2 SOURCE calorimeter.cpp:161 VARIABLE icmp_ln161 LOOP HT_ETA_HT_PHI BUNDLEDNAME {} DSP 0 BRAM 0 URAM 0 STORAGESUBTYPE {} DISPNAME {bind_op seteq} VISIBLE false} {BINDTYPE op ID {} IMPL auto LATENCY 0 OPTYPE seteq PRAGMA {} RTLNAME icmp_ln160_fu_301_p2 SOURCE calorimeter.cpp:160 VARIABLE icmp_ln160 LOOP HT_ETA_HT_PHI BUNDLEDNAME {} DSP 0 BRAM 0 URAM 0 STORAGESUBTYPE {} DISPNAME {bind_op seteq} VISIBLE false}} AREA {DSP 0 BRAM 0 URAM 0}} produce_cluster_stream_3x3_iso5 {AREA {DSP 0 BRAM 0 URAM 0}}}}'
INFO-FLOW: DBG:PUTS:      update_csynth_reports json2rpt_hw_sw_interfaces
INFO-FLOW: Running: gen_csynth_sec_pragma
INFO-FLOW: Done: gen_csynth_sec_pragma time: 0 seconds per iteration
INFO-FLOW: DBG:PUTS:      update_csynth_reports wrote xml
INFO-FLOW: DBG:PUTS:      update_csynth_reports appended to csynth rpt file
INFO: [HLS 200-111] Finished Updating report files: CPU user time: 1.58 seconds. CPU system time: 0.05 seconds. Elapsed time: 1.62 seconds; current allocated memory: 494.844 MB.
INFO: [VHDL 208-304] Generating VHDL RTL for calo_trigger_stream_ref.
INFO: [VLOG 209-307] Generating Verilog RTL for calo_trigger_stream_ref.
Execute         syn_report -model calo_trigger_stream_ref -printsummary 
INFO: [HLS 200-790] **** Loop Constraint Status: All loop constraints were satisfied.
INFO: [HLS 200-789] **** Estimated Fmax: 181.29 MHz
Command       autosyn done; 16.05 sec.
Command     csynth_design done; 37.35 sec.
INFO: [HLS 200-2161] Finished Command csynth_design Elapsed time: 00:00:37; Allocated memory: 170.336 MB.
Execute     cleanup_all 
