

================================================================
== Synthesis Summary Report of 'calo_trigger_tower_stream_ref'
================================================================
+ General Information: 
    * Date:           Tue May 12 23:42:19 2026
    * Version:        2024.1 (Build 5069499 on May 21 2024)
    * Project:        calorimeter
    * Solution:       solution1 (Vivado IP Flow Target)
    * Product family: virtexuplus
    * Target device:  xcvu13p-fsga2577-2-e
    

+ Performance & Resource Estimates: 
    
    PS: '+' for module; 'o' for loop; '*' for dataflow
    +---------------------------------------------------------------------------+------+-------+---------+-----------+----------+---------+------+----------+------+----+------------+------------+-----+
    |                                  Modules                                  | Issue|       | Latency |  Latency  | Iteration|         | Trip |          |      |    |            |            |     |
    |                                  & Loops                                  | Type | Slack | (cycles)|    (ns)   |  Latency | Interval| Count| Pipelined| BRAM | DSP|     FF     |     LUT    | URAM|
    +---------------------------------------------------------------------------+------+-------+---------+-----------+----------+---------+------+----------+------+----+------------+------------+-----+
    |+ calo_trigger_tower_stream_ref                                            |     -|   5.74|    17297|  4.324e+05|         -|    17298|     -|        no|     -|   -|  7811 (~0%)|  18708 (1%)|    -|
    | + cluster_sort_build_tower_stream*                                        |     -|   5.74|    17295|  4.324e+05|         -|    17282|     -|  dataflow|     -|   -|  7511 (~0%)|  18333 (1%)|    -|
    |  + produce_em_jet_cluster_stream_from_towers                              |     -|   5.74|     4081|  1.020e+05|         -|     4081|     -|        no|     -|   -|   711 (~0%)|  7383 (~0%)|    -|
    |   o VITIS_LOOP_481_1                                                      |     -|  18.25|     4080|  1.020e+05|       136|        -|    30|        no|     -|   -|           -|           -|    -|
    |    + produce_em_jet_cluster_stream_from_towers_Pipeline_VITIS_LOOP_486_2  |     -|  15.86|       62|  1.550e+03|         -|       62|     -|        no|     -|   -|    32 (~0%)|   113 (~0%)|    -|
    |     o VITIS_LOOP_486_2                                                    |     -|  18.25|       60|  1.500e+03|         1|        1|    60|       yes|     -|   -|           -|           -|    -|
    |    + produce_em_jet_cluster_stream_from_towers_Pipeline_VITIS_LOOP_500_3  |     -|   5.74|       62|  1.550e+03|         -|       62|     -|        no|     -|   -|    15 (~0%)|  5866 (~0%)|    -|
    |     o VITIS_LOOP_500_3                                                    |     -|  18.25|       60|  1.500e+03|         2|        1|    60|       yes|     -|   -|           -|           -|    -|
    |  + select_top_n_from_stream_fixed_1440_s                                  |     -|  14.85|    17281|  4.320e+05|         -|    17281|     -|        no|     -|   -|  1092 (~0%)|  2741 (~0%)|    -|
    |   o VITIS_LOOP_668_1                                                      |     -|  18.25|    17280|  4.320e+05|        12|        -|  1440|        no|     -|   -|           -|           -|    -|
    |    o VITIS_LOOP_113_1                                                     |     -|  18.25|        7|    175.000|         1|        -|     7|        no|     -|   -|           -|           -|    -|
    |  + select_top_n_from_stream_fixed_1440_1                                  |     -|  14.85|    17281|  4.320e+05|         -|    17281|     -|        no|     -|   -|  1092 (~0%)|  2741 (~0%)|    -|
    |   o VITIS_LOOP_668_1                                                      |     -|  18.25|    17280|  4.320e+05|        12|        -|  1440|        no|     -|   -|           -|           -|    -|
    |    o VITIS_LOOP_113_1                                                     |     -|  18.25|        7|    175.000|         1|        -|     7|        no|     -|   -|           -|           -|    -|
    |  + build_trigger_objects                                                  |     -|  15.77|        0|      0.000|         -|        0|     -|        no|     -|   -|   474 (~0%)|   867 (~0%)|    -|
    |  + build_trigger_objects_2                                                |     -|  15.77|        0|      0.000|         -|        0|     -|        no|     -|   -|   474 (~0%)|   867 (~0%)|    -|
    +---------------------------------------------------------------------------+------+-------+---------+-----------+----------+---------+------+----------+------+----+------------+------------+-----+


================================================================
== HW Interfaces
================================================================
* S_AXILITE Interfaces
+------------+------------+---------------+--------+----------+
| Interface  | Data Width | Address Width | Offset | Register |
+------------+------------+---------------+--------+----------+
| s_axi_CTRL | 32         | 7             | 16     | 0        |
+------------+------------+---------------+--------+----------+

* S_AXILITE Registers
+------------+-----------------------+--------+-------+--------+--------------------------------------+----------------------------------------------------------------------+
| Interface  | Register              | Offset | Width | Access | Description                          | Bit Fields                                                           |
+------------+-----------------------+--------+-------+--------+--------------------------------------+----------------------------------------------------------------------+
| s_axi_CTRL | CTRL                  | 0x00   | 32    | RW     | Control signals                      | 0=AP_START 1=AP_DONE 2=AP_IDLE 3=AP_READY 7=AUTO_RESTART 9=INTERRUPT |
| s_axi_CTRL | GIER                  | 0x04   | 32    | RW     | Global Interrupt Enable Register     | 0=Enable                                                             |
| s_axi_CTRL | IP_IER                | 0x08   | 32    | RW     | IP Interrupt Enable Register         | 0=CHAN0_INT_EN 1=CHAN1_INT_EN                                        |
| s_axi_CTRL | IP_ISR                | 0x0c   | 32    | RW     | IP Interrupt Status Register         | 0=CHAN0_INT_ST 1=CHAN1_INT_ST                                        |
| s_axi_CTRL | em_seed_threshold     | 0x10   | 32    | W      | Data signal of em_seed_threshold     |                                                                      |
| s_axi_CTRL | em_cluster_threshold  | 0x18   | 32    | W      | Data signal of em_cluster_threshold  |                                                                      |
| s_axi_CTRL | jet_seed_threshold    | 0x20   | 32    | W      | Data signal of jet_seed_threshold    |                                                                      |
| s_axi_CTRL | jet_cluster_threshold | 0x28   | 32    | W      | Data signal of jet_cluster_threshold |                                                                      |
| s_axi_CTRL | ht                    | 0x30   | 32    | R      | Data signal of ht                    |                                                                      |
| s_axi_CTRL | ht_ctrl               | 0x34   | 32    | R      | Control signal of ht                 | 0=ht_ap_vld                                                          |
| s_axi_CTRL | num_em_clusters       | 0x40   | 32    | R      | Data signal of num_em_clusters       |                                                                      |
| s_axi_CTRL | num_em_clusters_ctrl  | 0x44   | 32    | R      | Control signal of num_em_clusters    | 0=num_em_clusters_ap_vld                                             |
| s_axi_CTRL | num_jet_clusters      | 0x50   | 32    | R      | Data signal of num_jet_clusters      |                                                                      |
| s_axi_CTRL | num_jet_clusters_ctrl | 0x54   | 32    | R      | Control signal of num_jet_clusters   | 0=num_jet_clusters_ap_vld                                            |
+------------+-----------------------+--------+-------+--------+--------------------------------------+----------------------------------------------------------------------+

* AXIS
+-----------+-----------+---------------+-------+--------+--------+
| Interface | Direction | Register Mode | TDATA | TREADY | TVALID |
+-----------+-----------+---------------+-------+--------+--------+
| tower_in  | in        | both          | 16    | 1      | 1      |
+-----------+-----------+---------------+-------+--------+--------+

* Other Ports
+---------------+--------+-----------+----------+
| Port          | Mode   | Direction | Bitwidth |
+---------------+--------+-----------+----------+
| em_objects_0  | ap_vld | out       | 89       |
| em_objects_1  | ap_vld | out       | 89       |
| em_objects_2  | ap_vld | out       | 89       |
| em_objects_3  | ap_vld | out       | 89       |
| em_objects_4  | ap_vld | out       | 89       |
| em_objects_5  | ap_vld | out       | 89       |
| em_objects_6  | ap_vld | out       | 89       |
| em_objects_7  | ap_vld | out       | 89       |
| jet_objects_0 | ap_vld | out       | 89       |
| jet_objects_1 | ap_vld | out       | 89       |
| jet_objects_2 | ap_vld | out       | 89       |
| jet_objects_3 | ap_vld | out       | 89       |
| jet_objects_4 | ap_vld | out       | 89       |
| jet_objects_5 | ap_vld | out       | 89       |
| jet_objects_6 | ap_vld | out       | 89       |
| jet_objects_7 | ap_vld | out       | 89       |
+---------------+--------+-----------+----------+

* TOP LEVEL CONTROL
+-----------+------------+-----------+
| Interface | Type       | Ports     |
+-----------+------------+-----------+
| ap_clk    | clock      | ap_clk    |
| ap_rst_n  | reset      | ap_rst_n  |
| interrupt | interrupt  | interrupt |
| ap_ctrl   | ap_ctrl_hs |           |
+-----------+------------+-----------+


================================================================
== SW I/O Information
================================================================
* Top Function Arguments
+-----------------------+-----------+-------------------------+
| Argument              | Direction | Datatype                |
+-----------------------+-----------+-------------------------+
| tower_in              | in        | stream<ap_uint<12>, 0>& |
| em_seed_threshold     | in        | ap_uint<12>             |
| em_cluster_threshold  | in        | ap_uint<20>             |
| jet_seed_threshold    | in        | ap_uint<12>             |
| jet_cluster_threshold | in        | ap_uint<20>             |
| em_objects            | out       | TriggerObject*          |
| jet_objects           | out       | TriggerObject*          |
| ht                    | out       | ap_uint<24>*            |
| num_em_clusters       | out       | int*                    |
| num_jet_clusters      | out       | int*                    |
+-----------------------+-----------+-------------------------+

* SW-to-HW Mapping
+-----------------------+----------------------+-----------+-------------------------------------------------+
| Argument              | HW Interface         | HW Type   | HW Info                                         |
+-----------------------+----------------------+-----------+-------------------------------------------------+
| tower_in              | tower_in             | interface |                                                 |
| em_seed_threshold     | s_axi_CTRL           | register  | name=em_seed_threshold offset=0x10 range=32     |
| em_cluster_threshold  | s_axi_CTRL           | register  | name=em_cluster_threshold offset=0x18 range=32  |
| jet_seed_threshold    | s_axi_CTRL           | register  | name=jet_seed_threshold offset=0x20 range=32    |
| jet_cluster_threshold | s_axi_CTRL           | register  | name=jet_cluster_threshold offset=0x28 range=32 |
| em_objects            | em_objects_0         | port      |                                                 |
| em_objects            | em_objects_0_ap_vld  | port      |                                                 |
| em_objects            | em_objects_1         | port      |                                                 |
| em_objects            | em_objects_1_ap_vld  | port      |                                                 |
| em_objects            | em_objects_2         | port      |                                                 |
| em_objects            | em_objects_2_ap_vld  | port      |                                                 |
| em_objects            | em_objects_3         | port      |                                                 |
| em_objects            | em_objects_3_ap_vld  | port      |                                                 |
| em_objects            | em_objects_4         | port      |                                                 |
| em_objects            | em_objects_4_ap_vld  | port      |                                                 |
| em_objects            | em_objects_5         | port      |                                                 |
| em_objects            | em_objects_5_ap_vld  | port      |                                                 |
| em_objects            | em_objects_6         | port      |                                                 |
| em_objects            | em_objects_6_ap_vld  | port      |                                                 |
| em_objects            | em_objects_7         | port      |                                                 |
| em_objects            | em_objects_7_ap_vld  | port      |                                                 |
| jet_objects           | jet_objects_0        | port      |                                                 |
| jet_objects           | jet_objects_0_ap_vld | port      |                                                 |
| jet_objects           | jet_objects_1        | port      |                                                 |
| jet_objects           | jet_objects_1_ap_vld | port      |                                                 |
| jet_objects           | jet_objects_2        | port      |                                                 |
| jet_objects           | jet_objects_2_ap_vld | port      |                                                 |
| jet_objects           | jet_objects_3        | port      |                                                 |
| jet_objects           | jet_objects_3_ap_vld | port      |                                                 |
| jet_objects           | jet_objects_4        | port      |                                                 |
| jet_objects           | jet_objects_4_ap_vld | port      |                                                 |
| jet_objects           | jet_objects_5        | port      |                                                 |
| jet_objects           | jet_objects_5_ap_vld | port      |                                                 |
| jet_objects           | jet_objects_6        | port      |                                                 |
| jet_objects           | jet_objects_6_ap_vld | port      |                                                 |
| jet_objects           | jet_objects_7        | port      |                                                 |
| jet_objects           | jet_objects_7_ap_vld | port      |                                                 |
| ht                    | s_axi_CTRL           | register  | name=ht offset=0x30 range=32                    |
| ht                    | s_axi_CTRL           | register  | name=ht_ctrl offset=0x34 range=32               |
| num_em_clusters       | s_axi_CTRL           | register  | name=num_em_clusters offset=0x40 range=32       |
| num_em_clusters       | s_axi_CTRL           | register  | name=num_em_clusters_ctrl offset=0x44 range=32  |
| num_jet_clusters      | s_axi_CTRL           | register  | name=num_jet_clusters offset=0x50 range=32      |
| num_jet_clusters      | s_axi_CTRL           | register  | name=num_jet_clusters_ctrl offset=0x54 range=32 |
+-----------------------+----------------------+-----------+-------------------------------------------------+


================================================================
== Bind Op Report
================================================================
+--------------------------------------------------------------------------+-----+--------+----------------------------+-----------+----------+---------+
| Name                                                                     | DSP | Pragma | Variable                   | Op        | Impl     | Latency |
+--------------------------------------------------------------------------+-----+--------+----------------------------+-----------+----------+---------+
| + calo_trigger_tower_stream_ref                                          | 0   |        |                            |           |          |         |
|  + cluster_sort_build_tower_stream                                       | 0   |        |                            |           |          |         |
|   + produce_em_jet_cluster_stream_from_towers                            | 0   |        |                            |           |          |         |
|     icmp_ln481_fu_223_p2                                                 |     |        | icmp_ln481                 | seteq     | auto     | 0       |
|     eta_2_fu_229_p2                                                      |     |        | eta_2                      | add       | fabric   | 0       |
|     empty_108_fu_240_p2                                                  |     |        | empty_108                  | seteq     | auto     | 0       |
|     icmp_ln496_fu_250_p2                                                 |     |        | icmp_ln496                 | setgt     | auto     | 0       |
|     grp_fu_293_p0                                                        |     |        | center_eta                 | add       | fabric   | 0       |
|     grp_fu_265_p0                                                        |     |        | src_eta                    | add       | fabric   | 0       |
|     urem_5ns_4ns_3_9_seq_1_U84                                           |     |        | src_row                    | urem      | auto_seq | 8       |
|     grp_fu_276_p0                                                        |     |        | src_eta_1                  | add       | fabric   | 0       |
|     urem_5ns_4ns_3_9_seq_1_U85                                           |     |        | src_row_1                  | urem      | auto_seq | 8       |
|     grp_fu_287_p0                                                        |     |        | src_eta_2                  | add       | fabric   | 0       |
|     urem_5ns_4ns_3_9_seq_1_U86                                           |     |        | src_row_2                  | urem      | auto_seq | 8       |
|     urem_5ns_4ns_3_9_seq_1_U87                                           |     |        | src_row_3                  | urem      | auto_seq | 8       |
|     grp_fu_304_p0                                                        |     |        | src_eta_4                  | add       | fabric   | 0       |
|     urem_5ns_4ns_3_9_seq_1_U88                                           |     |        | src_row_4                  | urem      | auto_seq | 8       |
|     grp_fu_315_p0                                                        |     |        | src_eta_5                  | add       | fabric   | 0       |
|     urem_5ns_4ns_3_9_seq_1_U89                                           |     |        | src_row_5                  | urem      | auto_seq | 8       |
|     add_ln479_fu_351_p2                                                  |     |        | add_ln479                  | add       | fabric   | 0       |
|     icmp_ln479_fu_357_p2                                                 |     |        | icmp_ln479                 | setlt     | auto     | 0       |
|     select_ln479_fu_363_p3                                               |     |        | select_ln479               | select    | auto_sel | 0       |
|    + produce_em_jet_cluster_stream_from_towers_Pipeline_VITIS_LOOP_486_2 | 0   |        |                            |           |          |         |
|      icmp_ln486_fu_221_p2                                                |     |        | icmp_ln486                 | seteq     | auto     | 0       |
|      add_ln486_fu_227_p2                                                 |     |        | add_ln486                  | add       | fabric   | 0       |
|      local_ht_2_fu_262_p2                                                |     |        | local_ht_2                 | add       | fabric   | 0       |
|    + produce_em_jet_cluster_stream_from_towers_Pipeline_VITIS_LOOP_500_3 | 0   |        |                            |           |          |         |
|      icmp_ln500_fu_1101_p2                                               |     |        | icmp_ln500                 | seteq     | auto     | 0       |
|      center_phi_fu_1107_p2                                               |     |        | center_phi                 | add       | fabric   | 0       |
|      add_ln517_fu_1128_p2                                                |     |        | add_ln517                  | add       | fabric   | 0       |
|      add_ln166_fu_1142_p2                                                |     |        | add_ln166                  | add       | fabric   | 0       |
|      src_phi_fu_1152_p3                                                  |     |        | src_phi                    | select    | auto_sel | 0       |
|      sparsemux_15_3_12_1_1_U13                                           |     |        | sum7_et                    | sparsemux | auto     | 0       |
|      add_ln517_1_fu_1171_p2                                              |     |        | add_ln517_1                | add       | fabric   | 0       |
|      add_ln166_1_fu_1185_p2                                              |     |        | add_ln166_1                | add       | fabric   | 0       |
|      src_phi_1_fu_1195_p3                                                |     |        | src_phi_1                  | select    | auto_sel | 0       |
|      sparsemux_15_3_12_1_1_U14                                           |     |        | neighbor_8                 | sparsemux | auto     | 0       |
|      add_ln517_2_fu_1214_p2                                              |     |        | add_ln517_2                | add       | fabric   | 0       |
|      add_ln166_2_fu_1228_p2                                              |     |        | add_ln166_2                | add       | fabric   | 0       |
|      src_phi_2_fu_1238_p3                                                |     |        | src_phi_2                  | select    | auto_sel | 0       |
|      sparsemux_15_3_12_1_1_U15                                           |     |        | neighbor_9                 | sparsemux | auto     | 0       |
|      sparsemux_15_3_12_1_1_U16                                           |     |        | neighbor_45                | sparsemux | auto     | 0       |
|      icmp_ln167_fu_1257_p2                                               |     |        | icmp_ln167                 | setgt     | auto     | 0       |
|      add_ln168_fu_1263_p2                                                |     |        | add_ln168                  | add       | fabric   | 0       |
|      src_phi_4_fu_1269_p3                                                |     |        | src_phi_4                  | select    | auto_sel | 0       |
|      sparsemux_15_3_12_1_1_U17                                           |     |        | neighbor_10                | sparsemux | auto     | 0       |
|      add_ln517_4_fu_1288_p2                                              |     |        | add_ln517_4                | add       | fabric   | 0       |
|      icmp_ln167_1_fu_1294_p2                                             |     |        | icmp_ln167_1               | setgt     | auto     | 0       |
|      add_ln168_1_fu_1300_p2                                              |     |        | add_ln168_1                | add       | fabric   | 0       |
|      src_phi_5_fu_1306_p3                                                |     |        | src_phi_5                  | select    | auto_sel | 0       |
|      sparsemux_15_3_12_1_1_U18                                           |     |        | neighbor_11                | sparsemux | auto     | 0       |
|      add_ln517_5_fu_1325_p2                                              |     |        | add_ln517_5                | add       | fabric   | 0       |
|      icmp_ln167_2_fu_1331_p2                                             |     |        | icmp_ln167_2               | setgt     | auto     | 0       |
|      add_ln168_2_fu_1337_p2                                              |     |        | add_ln168_2                | add       | fabric   | 0       |
|      src_phi_6_fu_1343_p3                                                |     |        | src_phi_6                  | select    | auto_sel | 0       |
|      sparsemux_15_3_12_1_1_U19                                           |     |        | neighbor_12                | sparsemux | auto     | 0       |
|      select_ln165_fu_1362_p3                                             |     |        | select_ln165               | select    | auto_sel | 0       |
|      src_phi_7_fu_1370_p2                                                |     |        | src_phi_7                  | add       | fabric   | 0       |
|      sparsemux_15_3_12_1_1_U20                                           |     |        | neighbor_13                | sparsemux | auto     | 0       |
|      select_ln165_1_fu_1387_p3                                           |     |        | select_ln165_1             | select    | auto_sel | 0       |
|      src_phi_8_fu_1395_p2                                                |     |        | src_phi_8                  | add       | fabric   | 0       |
|      sparsemux_15_3_12_1_1_U21                                           |     |        | sum5_et                    | sparsemux | auto     | 0       |
|      select_ln165_2_fu_1412_p3                                           |     |        | select_ln165_2             | select    | auto_sel | 0       |
|      src_phi_9_fu_1420_p2                                                |     |        | src_phi_9                  | add       | fabric   | 0       |
|      sparsemux_15_3_12_1_1_U22                                           |     |        | neighbor_14                | sparsemux | auto     | 0       |
|      sparsemux_15_3_12_1_1_U23                                           |     |        | neighbor_15                | sparsemux | auto     | 0       |
|      sparsemux_15_3_12_1_1_U24                                           |     |        | neighbor_16                | sparsemux | auto     | 0       |
|      sparsemux_15_3_12_1_1_U25                                           |     |        | neighbor_17                | sparsemux | auto     | 0       |
|      sparsemux_15_3_12_1_1_U26                                           |     |        | neighbor_18                | sparsemux | auto     | 0       |
|      sparsemux_15_3_12_1_1_U27                                           |     |        | neighbor_19                | sparsemux | auto     | 0       |
|      sparsemux_15_3_12_1_1_U28                                           |     |        | neighbor_20                | sparsemux | auto     | 0       |
|      sparsemux_15_3_12_1_1_U29                                           |     |        | neighbor                   | sparsemux | auto     | 0       |
|      sparsemux_15_3_12_1_1_U30                                           |     |        | neighbor_1                 | sparsemux | auto     | 0       |
|      sparsemux_15_3_12_1_1_U31                                           |     |        | neighbor_2                 | sparsemux | auto     | 0       |
|      sparsemux_15_3_12_1_1_U32                                           |     |        | neighbor_21                | sparsemux | auto     | 0       |
|      sparsemux_15_3_12_1_1_U33                                           |     |        | neighbor_22                | sparsemux | auto     | 0       |
|      sparsemux_15_3_12_1_1_U34                                           |     |        | neighbor_23                | sparsemux | auto     | 0       |
|      sparsemux_15_3_12_1_1_U35                                           |     |        | neighbor_24                | sparsemux | auto     | 0       |
|      sparsemux_15_3_12_1_1_U36                                           |     |        | neighbor_3                 | sparsemux | auto     | 0       |
|      sparsemux_15_3_12_1_1_U37                                           |     |        | seed_et                    | sparsemux | auto     | 0       |
|      sparsemux_15_3_12_1_1_U38                                           |     |        | neighbor_4                 | sparsemux | auto     | 0       |
|      sparsemux_15_3_12_1_1_U39                                           |     |        | neighbor_25                | sparsemux | auto     | 0       |
|      sparsemux_15_3_12_1_1_U40                                           |     |        | neighbor_26                | sparsemux | auto     | 0       |
|      sparsemux_15_3_12_1_1_U41                                           |     |        | neighbor_27                | sparsemux | auto     | 0       |
|      sparsemux_15_3_12_1_1_U42                                           |     |        | neighbor_28                | sparsemux | auto     | 0       |
|      sparsemux_15_3_12_1_1_U43                                           |     |        | neighbor_5                 | sparsemux | auto     | 0       |
|      sparsemux_15_3_12_1_1_U44                                           |     |        | neighbor_6                 | sparsemux | auto     | 0       |
|      sparsemux_15_3_12_1_1_U45                                           |     |        | neighbor_7                 | sparsemux | auto     | 0       |
|      sparsemux_15_3_12_1_1_U46                                           |     |        | neighbor_29                | sparsemux | auto     | 0       |
|      sparsemux_15_3_12_1_1_U47                                           |     |        | neighbor_30                | sparsemux | auto     | 0       |
|      sparsemux_15_3_12_1_1_U48                                           |     |        | neighbor_31                | sparsemux | auto     | 0       |
|      sparsemux_15_3_12_1_1_U49                                           |     |        | neighbor_32                | sparsemux | auto     | 0       |
|      sparsemux_15_3_12_1_1_U50                                           |     |        | neighbor_33                | sparsemux | auto     | 0       |
|      sparsemux_15_3_12_1_1_U51                                           |     |        | neighbor_34                | sparsemux | auto     | 0       |
|      sparsemux_15_3_12_1_1_U52                                           |     |        | neighbor_35                | sparsemux | auto     | 0       |
|      sparsemux_15_3_12_1_1_U53                                           |     |        | neighbor_36                | sparsemux | auto     | 0       |
|      sparsemux_15_3_12_1_1_U54                                           |     |        | neighbor_37                | sparsemux | auto     | 0       |
|      sparsemux_15_3_12_1_1_U55                                           |     |        | neighbor_38                | sparsemux | auto     | 0       |
|      sparsemux_15_3_12_1_1_U56                                           |     |        | neighbor_39                | sparsemux | auto     | 0       |
|      sparsemux_15_3_12_1_1_U57                                           |     |        | neighbor_40                | sparsemux | auto     | 0       |
|      sparsemux_15_3_12_1_1_U58                                           |     |        | neighbor_41                | sparsemux | auto     | 0       |
|      sparsemux_15_3_12_1_1_U59                                           |     |        | neighbor_42                | sparsemux | auto     | 0       |
|      sparsemux_15_3_12_1_1_U60                                           |     |        | neighbor_43                | sparsemux | auto     | 0       |
|      sparsemux_15_3_12_1_1_U61                                           |     |        | neighbor_44                | sparsemux | auto     | 0       |
|      icmp_ln427_fu_3157_p2                                               |     |        | icmp_ln427                 | setlt     | auto     | 0       |
|      is_max_fu_3162_p2                                                   |     |        | is_max                     | setlt     | auto     | 0       |
|      icmp_ln348_fu_3168_p2                                               |     |        | icmp_ln348                 | setne     | auto     | 0       |
|      icmp_ln346_fu_3174_p2                                               |     |        | icmp_ln346                 | setlt     | auto     | 0       |
|      xor_ln346_2_fu_3180_p2                                              |     |        | xor_ln346_2                | xor       | auto     | 0       |
|      icmp_ln346_1_fu_3186_p2                                             |     |        | icmp_ln346_1               | setlt     | auto     | 0       |
|      xor_ln346_3_fu_3192_p2                                              |     |        | xor_ln346_3                | xor       | auto     | 0       |
|      icmp_ln346_2_fu_3198_p2                                             |     |        | icmp_ln346_2               | setlt     | auto     | 0       |
|      xor_ln346_4_fu_3204_p2                                              |     |        | xor_ln346_4                | xor       | auto     | 0       |
|      icmp_ln346_3_fu_3210_p2                                             |     |        | icmp_ln346_3               | setlt     | auto     | 0       |
|      xor_ln346_5_fu_3216_p2                                              |     |        | xor_ln346_5                | xor       | auto     | 0       |
|      and_ln346_fu_3222_p2                                                |     |        | and_ln346                  | and       | auto     | 0       |
|      icmp_ln346_4_fu_3228_p2                                             |     |        | icmp_ln346_4               | setlt     | auto     | 0       |
|      and_ln346_1_fu_3234_p2                                              |     |        | and_ln346_1                | and       | auto     | 0       |
|      and_ln346_2_fu_3240_p2                                              |     |        | and_ln346_2                | and       | auto     | 0       |
|      icmp_ln346_5_fu_3246_p2                                             |     |        | icmp_ln346_5               | setlt     | auto     | 0       |
|      and_ln346_4_fu_3252_p2                                              |     |        | and_ln346_4                | and       | auto     | 0       |
|      and_ln346_5_fu_3258_p2                                              |     |        | and_ln346_5                | and       | auto     | 0       |
|      and_ln346_6_fu_3264_p2                                              |     |        | and_ln346_6                | and       | auto     | 0       |
|      and_ln346_3_fu_3270_p2                                              |     |        | and_ln346_3                | and       | auto     | 0       |
|      icmp_ln346_6_fu_3276_p2                                             |     |        | icmp_ln346_6               | setgt     | auto     | 0       |
|      xor_ln346_fu_3282_p2                                                |     |        | xor_ln346                  | xor       | auto     | 0       |
|      add_ln278_fu_3344_p2                                                |     |        | add_ln278                  | add       | fabric   | 0       |
|      add_ln278_1_fu_3354_p2                                              |     |        | add_ln278_1                | add       | fabric   | 0       |
|      add_ln278_2_fu_3364_p2                                              |     |        | add_ln278_2                | add       | fabric   | 0       |
|      add_ln278_4_fu_3380_p2                                              |     |        | add_ln278_4                | add       | fabric   | 0       |
|      add_ln278_5_fu_3390_p2                                              |     |        | add_ln278_5                | add       | fabric   | 0       |
|      core3_et_3_fu_3418_p2                                               |     |        | core3_et_3                 | add       | fabric   | 0       |
|      add_ln278_8_fu_3616_p2                                              |     |        | add_ln278_8                | add       | fabric   | 0       |
|      add_ln278_9_fu_3626_p2                                              |     |        | add_ln278_9                | add       | fabric   | 0       |
|      add_ln278_10_fu_3636_p2                                             |     |        | add_ln278_10               | add       | fabric   | 0       |
|      add_ln278_12_fu_3652_p2                                             |     |        | add_ln278_12               | add       | fabric   | 0       |
|      add_ln278_14_fu_3672_p2                                             |     |        | add_ln278_14               | add       | fabric   | 0       |
|      add_ln278_15_fu_3678_p2                                             |     |        | add_ln278_15               | add       | fabric   | 0       |
|      add_ln278_17_fu_3694_p2                                             |     |        | add_ln278_17               | add       | fabric   | 0       |
|      add_ln278_18_fu_3704_p2                                             |     |        | add_ln278_18               | add       | fabric   | 0       |
|      add_ln278_19_fu_3714_p2                                             |     |        | add_ln278_19               | add       | fabric   | 0       |
|      add_ln278_20_fu_3724_p2                                             |     |        | add_ln278_20               | add       | fabric   | 0       |
|      add_ln278_23_fu_3750_p2                                             |     |        | add_ln278_23               | add       | fabric   | 0       |
|      add_ln278_24_fu_3760_p2                                             |     |        | add_ln278_24               | add       | fabric   | 0       |
|      sub_ln278_fu_3780_p2                                                |     |        | sub_ln278                  | sub       | fabric   | 0       |
|      add_ln434_fu_3786_p2                                                |     |        | add_ln434                  | add       | fabric   | 0       |
|      add_ln434_2_fu_3802_p2                                              |     |        | add_ln434_2                | add       | fabric   | 0       |
|      add_ln434_3_fu_3812_p2                                              |     |        | add_ln434_3                | add       | fabric   | 0       |
|      add_ln278_26_fu_3828_p2                                             |     |        | add_ln278_26               | add       | fabric   | 0       |
|      add_ln278_27_fu_3838_p2                                             |     |        | add_ln278_27               | add       | fabric   | 0       |
|      add_ln278_28_fu_3848_p2                                             |     |        | add_ln278_28               | add       | fabric   | 0       |
|      add_ln278_30_fu_3864_p2                                             |     |        | add_ln278_30               | add       | fabric   | 0       |
|      add_ln278_31_fu_3874_p2                                             |     |        | add_ln278_31               | add       | fabric   | 0       |
|      add_ln278_33_fu_3894_p2                                             |     |        | add_ln278_33               | add       | fabric   | 0       |
|      add_ln278_34_fu_3900_p2                                             |     |        | add_ln278_34               | add       | fabric   | 0       |
|      add_ln278_36_fu_3916_p2                                             |     |        | add_ln278_36               | add       | fabric   | 0       |
|      add_ln278_37_fu_3926_p2                                             |     |        | add_ln278_37               | add       | fabric   | 0       |
|      add_ln278_38_fu_3936_p2                                             |     |        | add_ln278_38               | add       | fabric   | 0       |
|      add_ln278_39_fu_3946_p2                                             |     |        | add_ln278_39               | add       | fabric   | 0       |
|      add_ln278_42_fu_3972_p2                                             |     |        | add_ln278_42               | add       | fabric   | 0       |
|      add_ln278_44_fu_3988_p2                                             |     |        | add_ln278_44               | add       | fabric   | 0       |
|      add_ln278_45_fu_3998_p2                                             |     |        | add_ln278_45               | add       | fabric   | 0       |
|      add_ln278_46_fu_4008_p2                                             |     |        | add_ln278_46               | add       | fabric   | 0       |
|      add_ln278_48_fu_4028_p2                                             |     |        | add_ln278_48               | add       | fabric   | 0       |
|      add_ln278_49_fu_4038_p2                                             |     |        | add_ln278_49               | add       | fabric   | 0       |
|      add_ln278_50_fu_4048_p2                                             |     |        | add_ln278_50               | add       | fabric   | 0       |
|      add_ln278_51_fu_4058_p2                                             |     |        | add_ln278_51               | add       | fabric   | 0       |
|      add_ln278_52_fu_4068_p2                                             |     |        | add_ln278_52               | add       | fabric   | 0       |
|      add_ln278_53_fu_4078_p2                                             |     |        | add_ln278_53               | add       | fabric   | 0       |
|      add_ln278_55_fu_4102_p2                                             |     |        | add_ln278_55               | add       | fabric   | 0       |
|      sub_ln278_1_fu_4112_p2                                              |     |        | sub_ln278_1                | sub       | fabric   | 0       |
|      add_ln435_1_fu_4124_p2                                              |     |        | add_ln435_1                | add       | fabric   | 0       |
|      add_ln435_3_fu_4140_p2                                              |     |        | add_ln435_3                | add       | fabric   | 0       |
|      add_ln435_4_fu_4150_p2                                              |     |        | add_ln435_4                | add       | fabric   | 0       |
|      add_ln435_5_fu_4160_p2                                              |     |        | add_ln435_5                | add       | fabric   | 0       |
|      add_ln435_7_fu_4176_p2                                              |     |        | add_ln435_7                | add       | fabric   | 0       |
|      add_ln435_8_fu_4186_p2                                              |     |        | add_ln435_8                | add       | fabric   | 0       |
|      add_ln435_9_fu_4196_p2                                              |     |        | add_ln435_9                | add       | fabric   | 0       |
|      add_ln435_10_fu_4206_p2                                             |     |        | add_ln435_10               | add       | fabric   | 0       |
|      add_ln435_11_fu_4216_p2                                             |     |        | add_ln435_11               | add       | fabric   | 0       |
|      add_ln435_12_fu_4226_p2                                             |     |        | add_ln435_12               | add       | fabric   | 0       |
|      add_ln435_13_fu_4236_p2                                             |     |        | add_ln435_13               | add       | fabric   | 0       |
|      icmp_ln437_fu_4252_p2                                               |     |        | icmp_ln437                 | setlt     | auto     | 0       |
|      iso_lhs_fu_4285_p2                                                  |     |        | iso_lhs                    | sub       | fabric   | 0       |
|      ring_lhs_fu_4323_p2                                                 |     |        | ring_lhs                   | sub       | fabric   | 0       |
|      icmp_ln380_fu_4329_p2                                               |     |        | icmp_ln380                 | setlt     | auto     | 0       |
|      xor_ln380_fu_4335_p2                                                |     |        | xor_ln380                  | xor       | auto     | 0       |
|      icmp_ln390_fu_4341_p2                                               |     |        | icmp_ln390                 | setlt     | auto     | 0       |
|      xor_ln390_fu_4347_p2                                                |     |        | xor_ln390                  | xor       | auto     | 0       |
|      or_ln390_fu_4353_p2                                                 |     |        | or_ln390                   | or        | auto     | 0       |
|      or_ln390_1_fu_4359_p2                                               |     |        | or_ln390_1                 | or        | auto     | 0       |
|      or_ln390_2_fu_4365_p2                                               |     |        | or_ln390_2                 | or        | auto     | 0       |
|      or_ln390_3_fu_4371_p2                                               |     |        | or_ln390_3                 | or        | auto     | 0       |
|      or_ln390_4_fu_4377_p2                                               |     |        | or_ln390_4                 | or        | auto     | 0       |
|      em_candidate_et_fu_4383_p3                                          |     |        | em_candidate_et            | select    | auto_sel | 0       |
|      em_candidate_isolation_et_fu_4391_p3                                |     |        | em_candidate_isolation_et  | select    | auto_sel | 0       |
|      candidate_valid_fu_4399_p2                                          |     |        | candidate_valid            | xor       | auto     | 0       |
|      icmp_ln459_fu_4409_p2                                               |     |        | icmp_ln459                 | setlt     | auto     | 0       |
|      is_max_1_fu_4414_p2                                                 |     |        | is_max_1                   | setlt     | auto     | 0       |
|      icmp_ln348_1_fu_4420_p2                                             |     |        | icmp_ln348_1               | setne     | auto     | 0       |
|      icmp_ln346_8_fu_4426_p2                                             |     |        | icmp_ln346_8               | setlt     | auto     | 0       |
|      xor_ln346_6_fu_4432_p2                                              |     |        | xor_ln346_6                | xor       | auto     | 0       |
|      icmp_ln348_2_fu_4438_p2                                             |     |        | icmp_ln348_2               | setne     | auto     | 0       |
|      icmp_ln346_9_fu_4444_p2                                             |     |        | icmp_ln346_9               | setlt     | auto     | 0       |
|      xor_ln346_7_fu_4450_p2                                              |     |        | xor_ln346_7                | xor       | auto     | 0       |
|      icmp_ln348_3_fu_4456_p2                                             |     |        | icmp_ln348_3               | setne     | auto     | 0       |
|      icmp_ln346_10_fu_4462_p2                                            |     |        | icmp_ln346_10              | setlt     | auto     | 0       |
|      xor_ln346_8_fu_4468_p2                                              |     |        | xor_ln346_8                | xor       | auto     | 0       |
|      icmp_ln348_4_fu_4474_p2                                             |     |        | icmp_ln348_4               | setne     | auto     | 0       |
|      icmp_ln346_11_fu_4480_p2                                            |     |        | icmp_ln346_11              | setlt     | auto     | 0       |
|      xor_ln346_9_fu_4486_p2                                              |     |        | xor_ln346_9                | xor       | auto     | 0       |
|      icmp_ln348_5_fu_4492_p2                                             |     |        | icmp_ln348_5               | setne     | auto     | 0       |
|      icmp_ln346_12_fu_4498_p2                                            |     |        | icmp_ln346_12              | setlt     | auto     | 0       |
|      xor_ln346_10_fu_4504_p2                                             |     |        | xor_ln346_10               | xor       | auto     | 0       |
|      icmp_ln348_6_fu_4510_p2                                             |     |        | icmp_ln348_6               | setne     | auto     | 0       |
|      icmp_ln346_13_fu_4516_p2                                            |     |        | icmp_ln346_13              | setlt     | auto     | 0       |
|      xor_ln346_11_fu_4522_p2                                             |     |        | xor_ln346_11               | xor       | auto     | 0       |
|      icmp_ln348_7_fu_4528_p2                                             |     |        | icmp_ln348_7               | setne     | auto     | 0       |
|      icmp_ln346_14_fu_4534_p2                                            |     |        | icmp_ln346_14              | setlt     | auto     | 0       |
|      xor_ln346_12_fu_4540_p2                                             |     |        | xor_ln346_12               | xor       | auto     | 0       |
|      icmp_ln348_8_fu_4546_p2                                             |     |        | icmp_ln348_8               | setne     | auto     | 0       |
|      icmp_ln346_15_fu_4552_p2                                            |     |        | icmp_ln346_15              | setlt     | auto     | 0       |
|      xor_ln346_13_fu_4558_p2                                             |     |        | xor_ln346_13               | xor       | auto     | 0       |
|      icmp_ln348_9_fu_4564_p2                                             |     |        | icmp_ln348_9               | setne     | auto     | 0       |
|      icmp_ln346_16_fu_4570_p2                                            |     |        | icmp_ln346_16              | setlt     | auto     | 0       |
|      xor_ln346_14_fu_4576_p2                                             |     |        | xor_ln346_14               | xor       | auto     | 0       |
|      icmp_ln348_10_fu_4582_p2                                            |     |        | icmp_ln348_10              | setne     | auto     | 0       |
|      icmp_ln346_17_fu_4588_p2                                            |     |        | icmp_ln346_17              | setlt     | auto     | 0       |
|      xor_ln346_15_fu_4594_p2                                             |     |        | xor_ln346_15               | xor       | auto     | 0       |
|      icmp_ln348_11_fu_4600_p2                                            |     |        | icmp_ln348_11              | setne     | auto     | 0       |
|      icmp_ln346_18_fu_4606_p2                                            |     |        | icmp_ln346_18              | setlt     | auto     | 0       |
|      xor_ln346_16_fu_4612_p2                                             |     |        | xor_ln346_16               | xor       | auto     | 0       |
|      icmp_ln348_12_fu_4618_p2                                            |     |        | icmp_ln348_12              | setne     | auto     | 0       |
|      icmp_ln346_19_fu_4624_p2                                            |     |        | icmp_ln346_19              | setlt     | auto     | 0       |
|      xor_ln346_17_fu_4630_p2                                             |     |        | xor_ln346_17               | xor       | auto     | 0       |
|      icmp_ln346_20_fu_4636_p2                                            |     |        | icmp_ln346_20              | setlt     | auto     | 0       |
|      xor_ln346_18_fu_4642_p2                                             |     |        | xor_ln346_18               | xor       | auto     | 0       |
|      icmp_ln346_21_fu_4648_p2                                            |     |        | icmp_ln346_21              | setlt     | auto     | 0       |
|      xor_ln346_19_fu_4654_p2                                             |     |        | xor_ln346_19               | xor       | auto     | 0       |
|      icmp_ln346_22_fu_4660_p2                                            |     |        | icmp_ln346_22              | setlt     | auto     | 0       |
|      xor_ln346_20_fu_4666_p2                                             |     |        | xor_ln346_20               | xor       | auto     | 0       |
|      icmp_ln346_23_fu_4672_p2                                            |     |        | icmp_ln346_23              | setlt     | auto     | 0       |
|      xor_ln346_21_fu_4678_p2                                             |     |        | xor_ln346_21               | xor       | auto     | 0       |
|      icmp_ln346_24_fu_4684_p2                                            |     |        | icmp_ln346_24              | setlt     | auto     | 0       |
|      xor_ln346_22_fu_4690_p2                                             |     |        | xor_ln346_22               | xor       | auto     | 0       |
|      icmp_ln346_25_fu_4696_p2                                            |     |        | icmp_ln346_25              | setlt     | auto     | 0       |
|      xor_ln346_23_fu_4702_p2                                             |     |        | xor_ln346_23               | xor       | auto     | 0       |
|      icmp_ln346_26_fu_4708_p2                                            |     |        | icmp_ln346_26              | setlt     | auto     | 0       |
|      xor_ln346_24_fu_4714_p2                                             |     |        | xor_ln346_24               | xor       | auto     | 0       |
|      icmp_ln346_27_fu_4720_p2                                            |     |        | icmp_ln346_27              | setlt     | auto     | 0       |
|      xor_ln346_25_fu_4726_p2                                             |     |        | xor_ln346_25               | xor       | auto     | 0       |
|      icmp_ln346_28_fu_4732_p2                                            |     |        | icmp_ln346_28              | setlt     | auto     | 0       |
|      xor_ln346_26_fu_4738_p2                                             |     |        | xor_ln346_26               | xor       | auto     | 0       |
|      icmp_ln346_29_fu_4744_p2                                            |     |        | icmp_ln346_29              | setlt     | auto     | 0       |
|      xor_ln346_27_fu_4750_p2                                             |     |        | xor_ln346_27               | xor       | auto     | 0       |
|      icmp_ln346_30_fu_4756_p2                                            |     |        | icmp_ln346_30              | setlt     | auto     | 0       |
|      xor_ln346_28_fu_4762_p2                                             |     |        | xor_ln346_28               | xor       | auto     | 0       |
|      icmp_ln346_31_fu_4768_p2                                            |     |        | icmp_ln346_31              | setlt     | auto     | 0       |
|      xor_ln346_29_fu_4774_p2                                             |     |        | xor_ln346_29               | xor       | auto     | 0       |
|      icmp_ln346_32_fu_4780_p2                                            |     |        | icmp_ln346_32              | setlt     | auto     | 0       |
|      xor_ln346_30_fu_4786_p2                                             |     |        | xor_ln346_30               | xor       | auto     | 0       |
|      icmp_ln346_33_fu_4792_p2                                            |     |        | icmp_ln346_33              | setlt     | auto     | 0       |
|      xor_ln346_31_fu_4798_p2                                             |     |        | xor_ln346_31               | xor       | auto     | 0       |
|      icmp_ln346_34_fu_4804_p2                                            |     |        | icmp_ln346_34              | setlt     | auto     | 0       |
|      xor_ln346_32_fu_4810_p2                                             |     |        | xor_ln346_32               | xor       | auto     | 0       |
|      icmp_ln346_35_fu_4816_p2                                            |     |        | icmp_ln346_35              | setlt     | auto     | 0       |
|      xor_ln346_33_fu_4822_p2                                             |     |        | xor_ln346_33               | xor       | auto     | 0       |
|      icmp_ln346_36_fu_4828_p2                                            |     |        | icmp_ln346_36              | setlt     | auto     | 0       |
|      xor_ln346_34_fu_4834_p2                                             |     |        | xor_ln346_34               | xor       | auto     | 0       |
|      icmp_ln346_37_fu_4840_p2                                            |     |        | icmp_ln346_37              | setlt     | auto     | 0       |
|      xor_ln346_35_fu_4846_p2                                             |     |        | xor_ln346_35               | xor       | auto     | 0       |
|      icmp_ln346_38_fu_4852_p2                                            |     |        | icmp_ln346_38              | setlt     | auto     | 0       |
|      xor_ln346_36_fu_4858_p2                                             |     |        | xor_ln346_36               | xor       | auto     | 0       |
|      icmp_ln346_39_fu_4864_p2                                            |     |        | icmp_ln346_39              | setlt     | auto     | 0       |
|      xor_ln346_37_fu_4870_p2                                             |     |        | xor_ln346_37               | xor       | auto     | 0       |
|      and_ln346_7_fu_4876_p2                                              |     |        | and_ln346_7                | and       | auto     | 0       |
|      and_ln346_8_fu_4882_p2                                              |     |        | and_ln346_8                | and       | auto     | 0       |
|      and_ln346_9_fu_4888_p2                                              |     |        | and_ln346_9                | and       | auto     | 0       |
|      and_ln346_10_fu_4894_p2                                             |     |        | and_ln346_10               | and       | auto     | 0       |
|      and_ln346_11_fu_4900_p2                                             |     |        | and_ln346_11               | and       | auto     | 0       |
|      and_ln346_12_fu_4906_p2                                             |     |        | and_ln346_12               | and       | auto     | 0       |
|      and_ln346_13_fu_4912_p2                                             |     |        | and_ln346_13               | and       | auto     | 0       |
|      and_ln346_14_fu_4918_p2                                             |     |        | and_ln346_14               | and       | auto     | 0       |
|      and_ln346_15_fu_4924_p2                                             |     |        | and_ln346_15               | and       | auto     | 0       |
|      and_ln346_16_fu_4930_p2                                             |     |        | and_ln346_16               | and       | auto     | 0       |
|      and_ln346_17_fu_4936_p2                                             |     |        | and_ln346_17               | and       | auto     | 0       |
|      icmp_ln346_40_fu_4942_p2                                            |     |        | icmp_ln346_40              | setlt     | auto     | 0       |
|      and_ln346_18_fu_4948_p2                                             |     |        | and_ln346_18               | and       | auto     | 0       |
|      and_ln346_19_fu_4954_p2                                             |     |        | and_ln346_19               | and       | auto     | 0       |
|      and_ln346_20_fu_4960_p2                                             |     |        | and_ln346_20               | and       | auto     | 0       |
|      and_ln346_21_fu_4966_p2                                             |     |        | and_ln346_21               | and       | auto     | 0       |
|      icmp_ln346_41_fu_4972_p2                                            |     |        | icmp_ln346_41              | setlt     | auto     | 0       |
|      icmp_ln346_42_fu_4978_p2                                            |     |        | icmp_ln346_42              | setlt     | auto     | 0       |
|      and_ln346_22_fu_4984_p2                                             |     |        | and_ln346_22               | and       | auto     | 0       |
|      icmp_ln346_43_fu_4990_p2                                            |     |        | icmp_ln346_43              | setlt     | auto     | 0       |
|      and_ln346_23_fu_4996_p2                                             |     |        | and_ln346_23               | and       | auto     | 0       |
|      and_ln346_24_fu_5002_p2                                             |     |        | and_ln346_24               | and       | auto     | 0       |
|      and_ln346_25_fu_5008_p2                                             |     |        | and_ln346_25               | and       | auto     | 0       |
|      and_ln346_26_fu_5014_p2                                             |     |        | and_ln346_26               | and       | auto     | 0       |
|      and_ln346_27_fu_5020_p2                                             |     |        | and_ln346_27               | and       | auto     | 0       |
|      and_ln346_28_fu_5026_p2                                             |     |        | and_ln346_28               | and       | auto     | 0       |
|      and_ln346_29_fu_5032_p2                                             |     |        | and_ln346_29               | and       | auto     | 0       |
|      and_ln346_30_fu_5038_p2                                             |     |        | and_ln346_30               | and       | auto     | 0       |
|      icmp_ln346_44_fu_5044_p2                                            |     |        | icmp_ln346_44              | setlt     | auto     | 0       |
|      and_ln346_31_fu_5050_p2                                             |     |        | and_ln346_31               | and       | auto     | 0       |
|      and_ln346_32_fu_5056_p2                                             |     |        | and_ln346_32               | and       | auto     | 0       |
|      and_ln346_33_fu_5062_p2                                             |     |        | and_ln346_33               | and       | auto     | 0       |
|      and_ln346_34_fu_5068_p2                                             |     |        | and_ln346_34               | and       | auto     | 0       |
|      and_ln346_35_fu_5074_p2                                             |     |        | and_ln346_35               | and       | auto     | 0       |
|      icmp_ln346_45_fu_5080_p2                                            |     |        | icmp_ln346_45              | setlt     | auto     | 0       |
|      and_ln346_36_fu_5086_p2                                             |     |        | and_ln346_36               | and       | auto     | 0       |
|      icmp_ln346_46_fu_5092_p2                                            |     |        | icmp_ln346_46              | setlt     | auto     | 0       |
|      icmp_ln346_47_fu_5098_p2                                            |     |        | icmp_ln346_47              | setlt     | auto     | 0       |
|      and_ln346_37_fu_5104_p2                                             |     |        | and_ln346_37               | and       | auto     | 0       |
|      and_ln346_38_fu_5110_p2                                             |     |        | and_ln346_38               | and       | auto     | 0       |
|      icmp_ln346_48_fu_5116_p2                                            |     |        | icmp_ln346_48              | setlt     | auto     | 0       |
|      and_ln346_39_fu_5122_p2                                             |     |        | and_ln346_39               | and       | auto     | 0       |
|      and_ln346_40_fu_5128_p2                                             |     |        | and_ln346_40               | and       | auto     | 0       |
|      and_ln346_41_fu_5134_p2                                             |     |        | and_ln346_41               | and       | auto     | 0       |
|      and_ln346_42_fu_5140_p2                                             |     |        | and_ln346_42               | and       | auto     | 0       |
|      and_ln346_43_fu_5146_p2                                             |     |        | and_ln346_43               | and       | auto     | 0       |
|      and_ln346_44_fu_5152_p2                                             |     |        | and_ln346_44               | and       | auto     | 0       |
|      and_ln346_45_fu_5158_p2                                             |     |        | and_ln346_45               | and       | auto     | 0       |
|      and_ln346_46_fu_5164_p2                                             |     |        | and_ln346_46               | and       | auto     | 0       |
|      and_ln346_47_fu_5170_p2                                             |     |        | and_ln346_47               | and       | auto     | 0       |
|      and_ln346_48_fu_5176_p2                                             |     |        | and_ln346_48               | and       | auto     | 0       |
|      and_ln346_50_fu_5182_p2                                             |     |        | and_ln346_50               | and       | auto     | 0       |
|      and_ln346_51_fu_5188_p2                                             |     |        | and_ln346_51               | and       | auto     | 0       |
|      and_ln346_52_fu_5194_p2                                             |     |        | and_ln346_52               | and       | auto     | 0       |
|      and_ln346_53_fu_5200_p2                                             |     |        | and_ln346_53               | and       | auto     | 0       |
|      and_ln346_54_fu_5206_p2                                             |     |        | and_ln346_54               | and       | auto     | 0       |
|      and_ln346_55_fu_5212_p2                                             |     |        | and_ln346_55               | and       | auto     | 0       |
|      and_ln346_56_fu_5218_p2                                             |     |        | and_ln346_56               | and       | auto     | 0       |
|      and_ln346_57_fu_5224_p2                                             |     |        | and_ln346_57               | and       | auto     | 0       |
|      and_ln346_58_fu_5230_p2                                             |     |        | and_ln346_58               | and       | auto     | 0       |
|      and_ln346_59_fu_5236_p2                                             |     |        | and_ln346_59               | and       | auto     | 0       |
|      and_ln346_60_fu_5242_p2                                             |     |        | and_ln346_60               | and       | auto     | 0       |
|      and_ln346_61_fu_5248_p2                                             |     |        | and_ln346_61               | and       | auto     | 0       |
|      and_ln346_62_fu_5254_p2                                             |     |        | and_ln346_62               | and       | auto     | 0       |
|      and_ln346_63_fu_5260_p2                                             |     |        | and_ln346_63               | and       | auto     | 0       |
|      and_ln346_49_fu_5266_p2                                             |     |        | and_ln346_49               | and       | auto     | 0       |
|      icmp_ln346_49_fu_5272_p2                                            |     |        | icmp_ln346_49              | setgt     | auto     | 0       |
|      xor_ln346_1_fu_5278_p2                                              |     |        | xor_ln346_1                | xor       | auto     | 0       |
|      add_ln278_57_fu_5298_p2                                             |     |        | add_ln278_57               | add       | fabric   | 0       |
|      add_ln278_59_fu_5314_p2                                             |     |        | add_ln278_59               | add       | fabric   | 0       |
|      add_ln278_60_fu_5324_p2                                             |     |        | add_ln278_60               | add       | fabric   | 0       |
|      add_ln278_61_fu_5334_p2                                             |     |        | add_ln278_61               | add       | fabric   | 0       |
|      add_ln278_63_fu_5350_p2                                             |     |        | add_ln278_63               | add       | fabric   | 0       |
|      add_ln278_64_fu_5360_p2                                             |     |        | add_ln278_64               | add       | fabric   | 0       |
|      add_ln278_65_fu_5370_p2                                             |     |        | add_ln278_65               | add       | fabric   | 0       |
|      add_ln278_66_fu_5380_p2                                             |     |        | add_ln278_66               | add       | fabric   | 0       |
|      add_ln278_67_fu_5390_p2                                             |     |        | add_ln278_67               | add       | fabric   | 0       |
|      add_ln278_68_fu_5400_p2                                             |     |        | add_ln278_68               | add       | fabric   | 0       |
|      add_ln278_69_fu_5410_p2                                             |     |        | add_ln278_69               | add       | fabric   | 0       |
|      ring7_et_1_fu_5434_p2                                               |     |        | ring7_et_1                 | sub       | fabric   | 0       |
|      icmp_ln466_fu_5440_p2                                               |     |        | icmp_ln466                 | setlt     | auto     | 0       |
|      ring_lhs_1_fu_5473_p2                                               |     |        | ring_lhs_1                 | sub       | fabric   | 0       |
|      icmp_ln407_fu_5479_p2                                               |     |        | icmp_ln407                 | setgt     | auto     | 0       |
|      select_ln466_fu_5485_p3                                             |     |        | select_ln466               | select    | auto_sel | 0       |
|      select_ln466_1_fu_5493_p3                                           |     |        | select_ln466_1             | select    | auto_sel | 0       |
|      or_ln466_fu_5501_p2                                                 |     |        | or_ln466                   | or        | auto     | 0       |
|      or_ln466_1_fu_5507_p2                                               |     |        | or_ln466_1                 | or        | auto     | 0       |
|      or_ln466_2_fu_5513_p2                                               |     |        | or_ln466_2                 | or        | auto     | 0       |
|      jet_candidate_et_fu_5519_p3                                         |     |        | jet_candidate_et           | select    | auto_sel | 0       |
|      jet_candidate_isolation_et_fu_5527_p3                               |     |        | jet_candidate_isolation_et | select    | auto_sel | 0       |
|      not_sel_tmp22_fu_5535_p2                                            |     |        | not_sel_tmp22              | xor       | auto     | 0       |
|      candidate_valid_1_fu_5541_p2                                        |     |        | candidate_valid_1          | and       | auto     | 0       |
|   + select_top_n_from_stream_fixed_1440_s                                | 0   |        |                            |           |          |         |
|     icmp_ln668_fu_1363_p2                                                |     |        | icmp_ln668                 | seteq     | auto     | 0       |
|     i_4_fu_1369_p2                                                       |     |        | i_4                        | add       | fabric   | 0       |
|     local_num_clusters_2_fu_1436_p2                                      |     |        | local_num_clusters_2       | add       | fabric   | 0       |
|     xor_ln111_fu_1442_p2                                                 |     |        | xor_ln111                  | xor       | auto     | 0       |
|     icmp_ln79_fu_1448_p2                                                 |     |        | icmp_ln79                  | setgt     | auto     | 0       |
|     or_ln111_fu_1454_p2                                                  |     |        | or_ln111                   | or        | auto     | 0       |
|     icmp_ln83_fu_1460_p2                                                 |     |        | icmp_ln83                  | setlt     | auto     | 0       |
|     icmp_ln87_fu_1466_p2                                                 |     |        | icmp_ln87                  | setlt     | auto     | 0       |
|     icmp_ln91_fu_1472_p2                                                 |     |        | icmp_ln91                  | setlt     | auto     | 0       |
|     xor_ln91_15_fu_1478_p2                                               |     |        | xor_ln91_15                | xor       | auto     | 0       |
|     icmp_ln95_fu_1484_p2                                                 |     |        | icmp_ln95                  | setlt     | auto     | 0       |
|     and_ln91_fu_1490_p2                                                  |     |        | and_ln91                   | and       | auto     | 0       |
|     xor_ln91_fu_1496_p2                                                  |     |        | xor_ln91                   | xor       | auto     | 0       |
|     or_ln91_fu_1502_p2                                                   |     |        | or_ln91                    | or        | auto     | 0       |
|     and_ln91_15_fu_1508_p2                                               |     |        | and_ln91_15                | and       | auto     | 0       |
|     xor_ln91_11_fu_1514_p2                                               |     |        | xor_ln91_11                | xor       | auto     | 0       |
|     grp_fu_746_p2                                                        |     |        | icmp_ln79_15               | setgt     | auto     | 0       |
|     xor_ln111_8_fu_1524_p2                                               |     |        | xor_ln111_8                | xor       | auto     | 0       |
|     grp_fu_746_p2                                                        |     |        | icmp_ln79_14               | setgt     | auto     | 0       |
|     or_ln111_8_fu_1530_p2                                                |     |        | or_ln111_8                 | or        | auto     | 0       |
|     icmp_ln83_8_fu_1539_p2                                               |     |        | icmp_ln83_8                | setlt     | auto     | 0       |
|     icmp_ln87_8_fu_1545_p2                                               |     |        | icmp_ln87_8                | setlt     | auto     | 0       |
|     icmp_ln91_8_fu_1551_p2                                               |     |        | icmp_ln91_8                | setlt     | auto     | 0       |
|     xor_ln91_16_fu_1557_p2                                               |     |        | xor_ln91_16                | xor       | auto     | 0       |
|     icmp_ln95_8_fu_1563_p2                                               |     |        | icmp_ln95_8                | setlt     | auto     | 0       |
|     and_ln91_8_fu_1569_p2                                                |     |        | and_ln91_8                 | and       | auto     | 0       |
|     xor_ln91_6_fu_1575_p2                                                |     |        | xor_ln91_6                 | xor       | auto     | 0       |
|     or_ln91_6_fu_1581_p2                                                 |     |        | or_ln91_6                  | or        | auto     | 0       |
|     select_ln91_fu_1587_p3                                               |     |        | select_ln91                | select    | auto_sel | 0       |
|     grp_fu_763_p2                                                        |     |        | icmp_ln79_17               | setgt     | auto     | 0       |
|     xor_ln111_9_fu_1595_p2                                               |     |        | xor_ln111_9                | xor       | auto     | 0       |
|     grp_fu_763_p2                                                        |     |        | icmp_ln79_16               | setgt     | auto     | 0       |
|     or_ln111_9_fu_1601_p2                                                |     |        | or_ln111_9                 | or        | auto     | 0       |
|     icmp_ln83_9_fu_1610_p2                                               |     |        | icmp_ln83_9                | setlt     | auto     | 0       |
|     icmp_ln87_9_fu_1616_p2                                               |     |        | icmp_ln87_9                | setlt     | auto     | 0       |
|     icmp_ln91_9_fu_1622_p2                                               |     |        | icmp_ln91_9                | setlt     | auto     | 0       |
|     xor_ln91_17_fu_1628_p2                                               |     |        | xor_ln91_17                | xor       | auto     | 0       |
|     icmp_ln95_9_fu_1634_p2                                               |     |        | icmp_ln95_9                | setlt     | auto     | 0       |
|     and_ln91_9_fu_1640_p2                                                |     |        | and_ln91_9                 | and       | auto     | 0       |
|     xor_ln91_7_fu_1646_p2                                                |     |        | xor_ln91_7                 | xor       | auto     | 0       |
|     or_ln91_7_fu_1652_p2                                                 |     |        | or_ln91_7                  | or        | auto     | 0       |
|     select_ln91_5_fu_1658_p3                                             |     |        | select_ln91_5              | select    | auto_sel | 0       |
|     grp_fu_780_p2                                                        |     |        | icmp_ln79_19               | setgt     | auto     | 0       |
|     xor_ln111_10_fu_1666_p2                                              |     |        | xor_ln111_10               | xor       | auto     | 0       |
|     grp_fu_780_p2                                                        |     |        | icmp_ln79_18               | setgt     | auto     | 0       |
|     or_ln111_10_fu_1672_p2                                               |     |        | or_ln111_10                | or        | auto     | 0       |
|     icmp_ln83_10_fu_1681_p2                                              |     |        | icmp_ln83_10               | setlt     | auto     | 0       |
|     icmp_ln87_10_fu_1687_p2                                              |     |        | icmp_ln87_10               | setlt     | auto     | 0       |
|     icmp_ln91_10_fu_1693_p2                                              |     |        | icmp_ln91_10               | setlt     | auto     | 0       |
|     xor_ln91_18_fu_1699_p2                                               |     |        | xor_ln91_18                | xor       | auto     | 0       |
|     icmp_ln95_10_fu_1705_p2                                              |     |        | icmp_ln95_10               | setlt     | auto     | 0       |
|     and_ln91_10_fu_1711_p2                                               |     |        | and_ln91_10                | and       | auto     | 0       |
|     xor_ln91_8_fu_1717_p2                                                |     |        | xor_ln91_8                 | xor       | auto     | 0       |
|     or_ln91_8_fu_1723_p2                                                 |     |        | or_ln91_8                  | or        | auto     | 0       |
|     select_ln91_6_fu_1729_p3                                             |     |        | select_ln91_6              | select    | auto_sel | 0       |
|     grp_fu_797_p2                                                        |     |        | icmp_ln79_21               | setgt     | auto     | 0       |
|     xor_ln111_11_fu_1737_p2                                              |     |        | xor_ln111_11               | xor       | auto     | 0       |
|     grp_fu_797_p2                                                        |     |        | icmp_ln79_20               | setgt     | auto     | 0       |
|     or_ln111_11_fu_1743_p2                                               |     |        | or_ln111_11                | or        | auto     | 0       |
|     icmp_ln83_11_fu_1752_p2                                              |     |        | icmp_ln83_11               | setlt     | auto     | 0       |
|     icmp_ln87_11_fu_1758_p2                                              |     |        | icmp_ln87_11               | setlt     | auto     | 0       |
|     icmp_ln91_11_fu_1764_p2                                              |     |        | icmp_ln91_11               | setlt     | auto     | 0       |
|     xor_ln91_19_fu_1770_p2                                               |     |        | xor_ln91_19                | xor       | auto     | 0       |
|     icmp_ln95_11_fu_1776_p2                                              |     |        | icmp_ln95_11               | setlt     | auto     | 0       |
|     and_ln91_11_fu_1782_p2                                               |     |        | and_ln91_11                | and       | auto     | 0       |
|     xor_ln91_9_fu_1788_p2                                                |     |        | xor_ln91_9                 | xor       | auto     | 0       |
|     or_ln91_9_fu_1794_p2                                                 |     |        | or_ln91_9                  | or        | auto     | 0       |
|     select_ln91_7_fu_1800_p3                                             |     |        | select_ln91_7              | select    | auto_sel | 0       |
|     grp_fu_814_p2                                                        |     |        | icmp_ln79_23               | setgt     | auto     | 0       |
|     xor_ln111_12_fu_1808_p2                                              |     |        | xor_ln111_12               | xor       | auto     | 0       |
|     grp_fu_814_p2                                                        |     |        | icmp_ln79_22               | setgt     | auto     | 0       |
|     or_ln111_12_fu_1814_p2                                               |     |        | or_ln111_12                | or        | auto     | 0       |
|     icmp_ln83_12_fu_1823_p2                                              |     |        | icmp_ln83_12               | setlt     | auto     | 0       |
|     icmp_ln87_12_fu_1829_p2                                              |     |        | icmp_ln87_12               | setlt     | auto     | 0       |
|     icmp_ln91_12_fu_1835_p2                                              |     |        | icmp_ln91_12               | setlt     | auto     | 0       |
|     xor_ln91_20_fu_1841_p2                                               |     |        | xor_ln91_20                | xor       | auto     | 0       |
|     icmp_ln95_12_fu_1847_p2                                              |     |        | icmp_ln95_12               | setlt     | auto     | 0       |
|     and_ln91_12_fu_1853_p2                                               |     |        | and_ln91_12                | and       | auto     | 0       |
|     xor_ln91_10_fu_1859_p2                                               |     |        | xor_ln91_10                | xor       | auto     | 0       |
|     or_ln91_10_fu_1865_p2                                                |     |        | or_ln91_10                 | or        | auto     | 0       |
|     select_ln91_8_fu_1871_p3                                             |     |        | select_ln91_8              | select    | auto_sel | 0       |
|     grp_fu_831_p2                                                        |     |        | icmp_ln79_25               | setgt     | auto     | 0       |
|     xor_ln111_13_fu_1879_p2                                              |     |        | xor_ln111_13               | xor       | auto     | 0       |
|     grp_fu_831_p2                                                        |     |        | icmp_ln79_24               | setgt     | auto     | 0       |
|     or_ln111_13_fu_1885_p2                                               |     |        | or_ln111_13                | or        | auto     | 0       |
|     icmp_ln83_13_fu_1894_p2                                              |     |        | icmp_ln83_13               | setlt     | auto     | 0       |
|     icmp_ln87_13_fu_1900_p2                                              |     |        | icmp_ln87_13               | setlt     | auto     | 0       |
|     icmp_ln91_13_fu_1906_p2                                              |     |        | icmp_ln91_13               | setlt     | auto     | 0       |
|     xor_ln91_21_fu_1912_p2                                               |     |        | xor_ln91_21                | xor       | auto     | 0       |
|     icmp_ln95_13_fu_1918_p2                                              |     |        | icmp_ln95_13               | setlt     | auto     | 0       |
|     and_ln91_13_fu_1924_p2                                               |     |        | and_ln91_13                | and       | auto     | 0       |
|     xor_ln111_14_fu_1936_p2                                              |     |        | xor_ln111_14               | xor       | auto     | 0       |
|     icmp_ln79_26_fu_1942_p2                                              |     |        | icmp_ln79_26               | setgt     | auto     | 0       |
|     or_ln111_14_fu_1948_p2                                               |     |        | or_ln111_14                | or        | auto     | 0       |
|     icmp_ln83_14_fu_1954_p2                                              |     |        | icmp_ln83_14               | setlt     | auto     | 0       |
|     icmp_ln87_14_fu_1963_p2                                              |     |        | icmp_ln87_14               | setlt     | auto     | 0       |
|     icmp_ln91_14_fu_1972_p2                                              |     |        | icmp_ln91_14               | setlt     | auto     | 0       |
|     xor_ln91_22_fu_1978_p2                                               |     |        | xor_ln91_22                | xor       | auto     | 0       |
|     icmp_ln95_14_fu_1984_p2                                              |     |        | icmp_ln95_14               | setlt     | auto     | 0       |
|     and_ln91_14_fu_1990_p2                                               |     |        | and_ln91_14                | and       | auto     | 0       |
|     icmp_ln113_fu_2491_p2                                                |     |        | icmp_ln113                 | setgt     | auto     | 0       |
|     add_ln114_fu_2539_p2                                                 |     |        | add_ln114                  | add       | fabric   | 0       |
|     sparsemux_15_3_20_1_1_U100                                           |     |        | tmp_s                      | sparsemux | auto     | 0       |
|     sparsemux_15_3_20_1_1_U101                                           |     |        | tmp_2                      | sparsemux | auto     | 0       |
|     sparsemux_15_3_6_1_1_U102                                            |     |        | tmp_3                      | sparsemux | auto     | 0       |
|     sparsemux_15_3_6_1_1_U103                                            |     |        | tmp_4                      | sparsemux | auto     | 0       |
|     sparsemux_15_3_4_1_1_U104                                            |     |        | tmp_5                      | sparsemux | auto     | 0       |
|     sparsemux_15_3_1_1_1_U105                                            |     |        | tmp_7                      | sparsemux | auto     | 0       |
|   + select_top_n_from_stream_fixed_1440_1                                | 0   |        |                            |           |          |         |
|     icmp_ln668_fu_1363_p2                                                |     |        | icmp_ln668                 | seteq     | auto     | 0       |
|     i_2_fu_1369_p2                                                       |     |        | i_2                        | add       | fabric   | 0       |
|     local_num_clusters_1_fu_1436_p2                                      |     |        | local_num_clusters_1       | add       | fabric   | 0       |
|     xor_ln111_fu_1442_p2                                                 |     |        | xor_ln111                  | xor       | auto     | 0       |
|     icmp_ln79_fu_1448_p2                                                 |     |        | icmp_ln79                  | setgt     | auto     | 0       |
|     or_ln111_fu_1454_p2                                                  |     |        | or_ln111                   | or        | auto     | 0       |
|     icmp_ln83_fu_1460_p2                                                 |     |        | icmp_ln83                  | setlt     | auto     | 0       |
|     icmp_ln87_fu_1466_p2                                                 |     |        | icmp_ln87                  | setlt     | auto     | 0       |
|     icmp_ln91_fu_1472_p2                                                 |     |        | icmp_ln91                  | setlt     | auto     | 0       |
|     xor_ln91_7_fu_1478_p2                                                |     |        | xor_ln91_7                 | xor       | auto     | 0       |
|     icmp_ln95_fu_1484_p2                                                 |     |        | icmp_ln95                  | setlt     | auto     | 0       |
|     and_ln91_fu_1490_p2                                                  |     |        | and_ln91                   | and       | auto     | 0       |
|     xor_ln91_fu_1496_p2                                                  |     |        | xor_ln91                   | xor       | auto     | 0       |
|     or_ln91_fu_1502_p2                                                   |     |        | or_ln91                    | or        | auto     | 0       |
|     and_ln91_8_fu_1508_p2                                                |     |        | and_ln91_8                 | and       | auto     | 0       |
|     xor_ln91_6_fu_1514_p2                                                |     |        | xor_ln91_6                 | xor       | auto     | 0       |
|     grp_fu_746_p2                                                        |     |        | icmp_ln79_2                | setgt     | auto     | 0       |
|     xor_ln111_1_fu_1524_p2                                               |     |        | xor_ln111_1                | xor       | auto     | 0       |
|     grp_fu_746_p2                                                        |     |        | icmp_ln79_1                | setgt     | auto     | 0       |
|     or_ln111_1_fu_1530_p2                                                |     |        | or_ln111_1                 | or        | auto     | 0       |
|     icmp_ln83_1_fu_1539_p2                                               |     |        | icmp_ln83_1                | setlt     | auto     | 0       |
|     icmp_ln87_1_fu_1545_p2                                               |     |        | icmp_ln87_1                | setlt     | auto     | 0       |
|     icmp_ln91_1_fu_1551_p2                                               |     |        | icmp_ln91_1                | setlt     | auto     | 0       |
|     xor_ln91_8_fu_1557_p2                                                |     |        | xor_ln91_8                 | xor       | auto     | 0       |
|     icmp_ln95_1_fu_1563_p2                                               |     |        | icmp_ln95_1                | setlt     | auto     | 0       |
|     and_ln91_1_fu_1569_p2                                                |     |        | and_ln91_1                 | and       | auto     | 0       |
|     xor_ln91_1_fu_1575_p2                                                |     |        | xor_ln91_1                 | xor       | auto     | 0       |
|     or_ln91_1_fu_1581_p2                                                 |     |        | or_ln91_1                  | or        | auto     | 0       |
|     select_ln91_fu_1587_p3                                               |     |        | select_ln91                | select    | auto_sel | 0       |
|     grp_fu_763_p2                                                        |     |        | icmp_ln79_4                | setgt     | auto     | 0       |
|     xor_ln111_2_fu_1595_p2                                               |     |        | xor_ln111_2                | xor       | auto     | 0       |
|     grp_fu_763_p2                                                        |     |        | icmp_ln79_3                | setgt     | auto     | 0       |
|     or_ln111_2_fu_1601_p2                                                |     |        | or_ln111_2                 | or        | auto     | 0       |
|     icmp_ln83_2_fu_1610_p2                                               |     |        | icmp_ln83_2                | setlt     | auto     | 0       |
|     icmp_ln87_2_fu_1616_p2                                               |     |        | icmp_ln87_2                | setlt     | auto     | 0       |
|     icmp_ln91_2_fu_1622_p2                                               |     |        | icmp_ln91_2                | setlt     | auto     | 0       |
|     xor_ln91_9_fu_1628_p2                                                |     |        | xor_ln91_9                 | xor       | auto     | 0       |
|     icmp_ln95_2_fu_1634_p2                                               |     |        | icmp_ln95_2                | setlt     | auto     | 0       |
|     and_ln91_2_fu_1640_p2                                                |     |        | and_ln91_2                 | and       | auto     | 0       |
|     xor_ln91_2_fu_1646_p2                                                |     |        | xor_ln91_2                 | xor       | auto     | 0       |
|     or_ln91_2_fu_1652_p2                                                 |     |        | or_ln91_2                  | or        | auto     | 0       |
|     select_ln91_1_fu_1658_p3                                             |     |        | select_ln91_1              | select    | auto_sel | 0       |
|     grp_fu_780_p2                                                        |     |        | icmp_ln79_6                | setgt     | auto     | 0       |
|     xor_ln111_3_fu_1666_p2                                               |     |        | xor_ln111_3                | xor       | auto     | 0       |
|     grp_fu_780_p2                                                        |     |        | icmp_ln79_5                | setgt     | auto     | 0       |
|     or_ln111_3_fu_1672_p2                                                |     |        | or_ln111_3                 | or        | auto     | 0       |
|     icmp_ln83_3_fu_1681_p2                                               |     |        | icmp_ln83_3                | setlt     | auto     | 0       |
|     icmp_ln87_3_fu_1687_p2                                               |     |        | icmp_ln87_3                | setlt     | auto     | 0       |
|     icmp_ln91_3_fu_1693_p2                                               |     |        | icmp_ln91_3                | setlt     | auto     | 0       |
|     xor_ln91_10_fu_1699_p2                                               |     |        | xor_ln91_10                | xor       | auto     | 0       |
|     icmp_ln95_3_fu_1705_p2                                               |     |        | icmp_ln95_3                | setlt     | auto     | 0       |
|     and_ln91_3_fu_1711_p2                                                |     |        | and_ln91_3                 | and       | auto     | 0       |
|     xor_ln91_3_fu_1717_p2                                                |     |        | xor_ln91_3                 | xor       | auto     | 0       |
|     or_ln91_3_fu_1723_p2                                                 |     |        | or_ln91_3                  | or        | auto     | 0       |
|     select_ln91_2_fu_1729_p3                                             |     |        | select_ln91_2              | select    | auto_sel | 0       |
|     grp_fu_797_p2                                                        |     |        | icmp_ln79_8                | setgt     | auto     | 0       |
|     xor_ln111_4_fu_1737_p2                                               |     |        | xor_ln111_4                | xor       | auto     | 0       |
|     grp_fu_797_p2                                                        |     |        | icmp_ln79_7                | setgt     | auto     | 0       |
|     or_ln111_4_fu_1743_p2                                                |     |        | or_ln111_4                 | or        | auto     | 0       |
|     icmp_ln83_4_fu_1752_p2                                               |     |        | icmp_ln83_4                | setlt     | auto     | 0       |
|     icmp_ln87_4_fu_1758_p2                                               |     |        | icmp_ln87_4                | setlt     | auto     | 0       |
|     icmp_ln91_4_fu_1764_p2                                               |     |        | icmp_ln91_4                | setlt     | auto     | 0       |
|     xor_ln91_11_fu_1770_p2                                               |     |        | xor_ln91_11                | xor       | auto     | 0       |
|     icmp_ln95_4_fu_1776_p2                                               |     |        | icmp_ln95_4                | setlt     | auto     | 0       |
|     and_ln91_4_fu_1782_p2                                                |     |        | and_ln91_4                 | and       | auto     | 0       |
|     xor_ln91_4_fu_1788_p2                                                |     |        | xor_ln91_4                 | xor       | auto     | 0       |
|     or_ln91_4_fu_1794_p2                                                 |     |        | or_ln91_4                  | or        | auto     | 0       |
|     select_ln91_3_fu_1800_p3                                             |     |        | select_ln91_3              | select    | auto_sel | 0       |
|     grp_fu_814_p2                                                        |     |        | icmp_ln79_10               | setgt     | auto     | 0       |
|     xor_ln111_5_fu_1808_p2                                               |     |        | xor_ln111_5                | xor       | auto     | 0       |
|     grp_fu_814_p2                                                        |     |        | icmp_ln79_9                | setgt     | auto     | 0       |
|     or_ln111_5_fu_1814_p2                                                |     |        | or_ln111_5                 | or        | auto     | 0       |
|     icmp_ln83_5_fu_1823_p2                                               |     |        | icmp_ln83_5                | setlt     | auto     | 0       |
|     icmp_ln87_5_fu_1829_p2                                               |     |        | icmp_ln87_5                | setlt     | auto     | 0       |
|     icmp_ln91_5_fu_1835_p2                                               |     |        | icmp_ln91_5                | setlt     | auto     | 0       |
|     xor_ln91_12_fu_1841_p2                                               |     |        | xor_ln91_12                | xor       | auto     | 0       |
|     icmp_ln95_5_fu_1847_p2                                               |     |        | icmp_ln95_5                | setlt     | auto     | 0       |
|     and_ln91_5_fu_1853_p2                                                |     |        | and_ln91_5                 | and       | auto     | 0       |
|     xor_ln91_5_fu_1859_p2                                                |     |        | xor_ln91_5                 | xor       | auto     | 0       |
|     or_ln91_5_fu_1865_p2                                                 |     |        | or_ln91_5                  | or        | auto     | 0       |
|     select_ln91_4_fu_1871_p3                                             |     |        | select_ln91_4              | select    | auto_sel | 0       |
|     grp_fu_831_p2                                                        |     |        | icmp_ln79_12               | setgt     | auto     | 0       |
|     xor_ln111_6_fu_1879_p2                                               |     |        | xor_ln111_6                | xor       | auto     | 0       |
|     grp_fu_831_p2                                                        |     |        | icmp_ln79_11               | setgt     | auto     | 0       |
|     or_ln111_6_fu_1885_p2                                                |     |        | or_ln111_6                 | or        | auto     | 0       |
|     icmp_ln83_6_fu_1894_p2                                               |     |        | icmp_ln83_6                | setlt     | auto     | 0       |
|     icmp_ln87_6_fu_1900_p2                                               |     |        | icmp_ln87_6                | setlt     | auto     | 0       |
|     icmp_ln91_6_fu_1906_p2                                               |     |        | icmp_ln91_6                | setlt     | auto     | 0       |
|     xor_ln91_13_fu_1912_p2                                               |     |        | xor_ln91_13                | xor       | auto     | 0       |
|     icmp_ln95_6_fu_1918_p2                                               |     |        | icmp_ln95_6                | setlt     | auto     | 0       |
|     and_ln91_6_fu_1924_p2                                                |     |        | and_ln91_6                 | and       | auto     | 0       |
|     xor_ln111_7_fu_1936_p2                                               |     |        | xor_ln111_7                | xor       | auto     | 0       |
|     icmp_ln79_13_fu_1942_p2                                              |     |        | icmp_ln79_13               | setgt     | auto     | 0       |
|     or_ln111_7_fu_1948_p2                                                |     |        | or_ln111_7                 | or        | auto     | 0       |
|     icmp_ln83_7_fu_1954_p2                                               |     |        | icmp_ln83_7                | setlt     | auto     | 0       |
|     icmp_ln87_7_fu_1963_p2                                               |     |        | icmp_ln87_7                | setlt     | auto     | 0       |
|     icmp_ln91_7_fu_1972_p2                                               |     |        | icmp_ln91_7                | setlt     | auto     | 0       |
|     xor_ln91_14_fu_1978_p2                                               |     |        | xor_ln91_14                | xor       | auto     | 0       |
|     icmp_ln95_7_fu_1984_p2                                               |     |        | icmp_ln95_7                | setlt     | auto     | 0       |
|     and_ln91_7_fu_1990_p2                                                |     |        | and_ln91_7                 | and       | auto     | 0       |
|     icmp_ln113_fu_2491_p2                                                |     |        | icmp_ln113                 | setgt     | auto     | 0       |
|     add_ln114_fu_2539_p2                                                 |     |        | add_ln114                  | add       | fabric   | 0       |
|     sparsemux_15_3_20_1_1_U112                                           |     |        | tmp_6                      | sparsemux | auto     | 0       |
|     sparsemux_15_3_20_1_1_U113                                           |     |        | tmp_7                      | sparsemux | auto     | 0       |
|     sparsemux_15_3_6_1_1_U114                                            |     |        | tmp_8                      | sparsemux | auto     | 0       |
|     sparsemux_15_3_6_1_1_U115                                            |     |        | tmp_9                      | sparsemux | auto     | 0       |
|     sparsemux_15_3_4_1_1_U116                                            |     |        | tmp_s                      | sparsemux | auto     | 0       |
|     sparsemux_15_3_1_1_1_U117                                            |     |        | tmp_1                      | sparsemux | auto     | 0       |
|   + build_trigger_objects                                                | 0   |        |                            |           |          |         |
|     icmp_ln234_fu_480_p2                                                 |     |        | icmp_ln234                 | seteq     | auto     | 0       |
|     select_ln234_fu_486_p3                                               |     |        | select_ln234               | select    | auto_sel | 0       |
|     em_objects_0_new_0_fu_522_p3                                         |     |        | em_objects_0_new_0         | select    | auto_sel | 0       |
|     icmp_ln234_8_fu_531_p2                                               |     |        | icmp_ln234_8               | seteq     | auto     | 0       |
|     select_ln234_8_fu_537_p3                                             |     |        | select_ln234_8             | select    | auto_sel | 0       |
|     em_objects_1_new_0_fu_573_p3                                         |     |        | em_objects_1_new_0         | select    | auto_sel | 0       |
|     icmp_ln234_9_fu_582_p2                                               |     |        | icmp_ln234_9               | seteq     | auto     | 0       |
|     select_ln234_9_fu_588_p3                                             |     |        | select_ln234_9             | select    | auto_sel | 0       |
|     em_objects_2_new_0_fu_624_p3                                         |     |        | em_objects_2_new_0         | select    | auto_sel | 0       |
|     icmp_ln234_10_fu_633_p2                                              |     |        | icmp_ln234_10              | seteq     | auto     | 0       |
|     select_ln234_10_fu_639_p3                                            |     |        | select_ln234_10            | select    | auto_sel | 0       |
|     em_objects_3_new_0_fu_675_p3                                         |     |        | em_objects_3_new_0         | select    | auto_sel | 0       |
|     icmp_ln234_11_fu_684_p2                                              |     |        | icmp_ln234_11              | seteq     | auto     | 0       |
|     select_ln234_11_fu_690_p3                                            |     |        | select_ln234_11            | select    | auto_sel | 0       |
|     em_objects_4_new_0_fu_726_p3                                         |     |        | em_objects_4_new_0         | select    | auto_sel | 0       |
|     icmp_ln234_12_fu_735_p2                                              |     |        | icmp_ln234_12              | seteq     | auto     | 0       |
|     select_ln234_12_fu_741_p3                                            |     |        | select_ln234_12            | select    | auto_sel | 0       |
|     em_objects_5_new_0_fu_777_p3                                         |     |        | em_objects_5_new_0         | select    | auto_sel | 0       |
|     icmp_ln234_13_fu_786_p2                                              |     |        | icmp_ln234_13              | seteq     | auto     | 0       |
|     select_ln234_13_fu_792_p3                                            |     |        | select_ln234_13            | select    | auto_sel | 0       |
|     em_objects_6_new_0_fu_828_p3                                         |     |        | em_objects_6_new_0         | select    | auto_sel | 0       |
|     icmp_ln234_14_fu_837_p2                                              |     |        | icmp_ln234_14              | seteq     | auto     | 0       |
|     select_ln234_14_fu_843_p3                                            |     |        | select_ln234_14            | select    | auto_sel | 0       |
|     em_objects_7_new_0_fu_879_p3                                         |     |        | em_objects_7_new_0         | select    | auto_sel | 0       |
|   + build_trigger_objects_2                                              | 0   |        |                            |           |          |         |
|     icmp_ln234_fu_480_p2                                                 |     |        | icmp_ln234                 | seteq     | auto     | 0       |
|     select_ln234_fu_486_p3                                               |     |        | select_ln234               | select    | auto_sel | 0       |
|     jet_objects_0_new_0_fu_522_p3                                        |     |        | jet_objects_0_new_0        | select    | auto_sel | 0       |
|     icmp_ln234_1_fu_531_p2                                               |     |        | icmp_ln234_1               | seteq     | auto     | 0       |
|     select_ln234_1_fu_537_p3                                             |     |        | select_ln234_1             | select    | auto_sel | 0       |
|     jet_objects_1_new_0_fu_573_p3                                        |     |        | jet_objects_1_new_0        | select    | auto_sel | 0       |
|     icmp_ln234_2_fu_582_p2                                               |     |        | icmp_ln234_2               | seteq     | auto     | 0       |
|     select_ln234_2_fu_588_p3                                             |     |        | select_ln234_2             | select    | auto_sel | 0       |
|     jet_objects_2_new_0_fu_624_p3                                        |     |        | jet_objects_2_new_0        | select    | auto_sel | 0       |
|     icmp_ln234_3_fu_633_p2                                               |     |        | icmp_ln234_3               | seteq     | auto     | 0       |
|     select_ln234_3_fu_639_p3                                             |     |        | select_ln234_3             | select    | auto_sel | 0       |
|     jet_objects_3_new_0_fu_675_p3                                        |     |        | jet_objects_3_new_0        | select    | auto_sel | 0       |
|     icmp_ln234_4_fu_684_p2                                               |     |        | icmp_ln234_4               | seteq     | auto     | 0       |
|     select_ln234_4_fu_690_p3                                             |     |        | select_ln234_4             | select    | auto_sel | 0       |
|     jet_objects_4_new_0_fu_726_p3                                        |     |        | jet_objects_4_new_0        | select    | auto_sel | 0       |
|     icmp_ln234_5_fu_735_p2                                               |     |        | icmp_ln234_5               | seteq     | auto     | 0       |
|     select_ln234_5_fu_741_p3                                             |     |        | select_ln234_5             | select    | auto_sel | 0       |
|     jet_objects_5_new_0_fu_777_p3                                        |     |        | jet_objects_5_new_0        | select    | auto_sel | 0       |
|     icmp_ln234_6_fu_786_p2                                               |     |        | icmp_ln234_6               | seteq     | auto     | 0       |
|     select_ln234_6_fu_792_p3                                             |     |        | select_ln234_6             | select    | auto_sel | 0       |
|     jet_objects_6_new_0_fu_828_p3                                        |     |        | jet_objects_6_new_0        | select    | auto_sel | 0       |
|     icmp_ln234_7_fu_837_p2                                               |     |        | icmp_ln234_7               | seteq     | auto     | 0       |
|     select_ln234_7_fu_843_p3                                             |     |        | select_ln234_7             | select    | auto_sel | 0       |
|     jet_objects_7_new_0_fu_879_p3                                        |     |        | jet_objects_7_new_0        | select    | auto_sel | 0       |
+--------------------------------------------------------------------------+-----+--------+----------------------------+-----------+----------+---------+


================================================================
== Storage Report
================================================================
+-----------------------------------------------+--------------+------------+------+------+--------+---------------------------------+--------+---------+------------------+
| Name                                          | Usage        | Type       | BRAM | URAM | Pragma | Variable                        | Impl   | Latency | Bitwidth, Depth, |
|                                               |              |            |      |      |        |                                 |        |         | Banks            |
+-----------------------------------------------+--------------+------------+------+------+--------+---------------------------------+--------+---------+------------------+
| + calo_trigger_tower_stream_ref               |              |            | 0    | 0    |        |                                 |        |         |                  |
|   CTRL_s_axi_U                                | interface    | s_axilite  |      |      |        |                                 |        |         |                  |
|  + cluster_sort_build_tower_stream            |              |            | 0    | 0    |        |                                 |        |         |                  |
|    em_cluster_stream_U                        | fifo channel | stream     |      |      |        | em_cluster_stream               | memory | 0       | 61, 64, 1        |
|    jet_cluster_stream_U                       | fifo channel | stream     |      |      |        | jet_cluster_stream              | memory | 0       | 61, 64, 1        |
|    em_top_clusters_et_U                       | fifo channel | task level |      |      |        | em_top_clusters_et              | srl    | 0       | 20, 2, 1         |
|    em_top_clusters_et_1_U                     | fifo channel | task level |      |      |        | em_top_clusters_et_1            | srl    | 0       | 20, 2, 1         |
|    em_top_clusters_et_2_U                     | fifo channel | task level |      |      |        | em_top_clusters_et_2            | srl    | 0       | 20, 2, 1         |
|    em_top_clusters_et_3_U                     | fifo channel | task level |      |      |        | em_top_clusters_et_3            | srl    | 0       | 20, 2, 1         |
|    em_top_clusters_et_4_U                     | fifo channel | task level |      |      |        | em_top_clusters_et_4            | srl    | 0       | 20, 2, 1         |
|    em_top_clusters_et_5_U                     | fifo channel | task level |      |      |        | em_top_clusters_et_5            | srl    | 0       | 20, 2, 1         |
|    em_top_clusters_et_6_U                     | fifo channel | task level |      |      |        | em_top_clusters_et_6            | srl    | 0       | 20, 2, 1         |
|    em_top_clusters_et_7_U                     | fifo channel | task level |      |      |        | em_top_clusters_et_7            | srl    | 0       | 20, 2, 1         |
|    em_top_clusters_isolation_et_U             | fifo channel | task level |      |      |        | em_top_clusters_isolation_et    | srl    | 0       | 20, 2, 1         |
|    em_top_clusters_isolation_et_1_U           | fifo channel | task level |      |      |        | em_top_clusters_isolation_et_1  | srl    | 0       | 20, 2, 1         |
|    em_top_clusters_isolation_et_2_U           | fifo channel | task level |      |      |        | em_top_clusters_isolation_et_2  | srl    | 0       | 20, 2, 1         |
|    em_top_clusters_isolation_et_3_U           | fifo channel | task level |      |      |        | em_top_clusters_isolation_et_3  | srl    | 0       | 20, 2, 1         |
|    em_top_clusters_isolation_et_4_U           | fifo channel | task level |      |      |        | em_top_clusters_isolation_et_4  | srl    | 0       | 20, 2, 1         |
|    em_top_clusters_isolation_et_5_U           | fifo channel | task level |      |      |        | em_top_clusters_isolation_et_5  | srl    | 0       | 20, 2, 1         |
|    em_top_clusters_isolation_et_6_U           | fifo channel | task level |      |      |        | em_top_clusters_isolation_et_6  | srl    | 0       | 20, 2, 1         |
|    em_top_clusters_isolation_et_7_U           | fifo channel | task level |      |      |        | em_top_clusters_isolation_et_7  | srl    | 0       | 20, 2, 1         |
|    em_top_clusters_eta_U                      | fifo channel | task level |      |      |        | em_top_clusters_eta             | srl    | 0       | 6, 2, 1          |
|    em_top_clusters_eta_1_U                    | fifo channel | task level |      |      |        | em_top_clusters_eta_1           | srl    | 0       | 6, 2, 1          |
|    em_top_clusters_eta_2_U                    | fifo channel | task level |      |      |        | em_top_clusters_eta_2           | srl    | 0       | 6, 2, 1          |
|    em_top_clusters_eta_3_U                    | fifo channel | task level |      |      |        | em_top_clusters_eta_3           | srl    | 0       | 6, 2, 1          |
|    em_top_clusters_eta_4_U                    | fifo channel | task level |      |      |        | em_top_clusters_eta_4           | srl    | 0       | 6, 2, 1          |
|    em_top_clusters_eta_5_U                    | fifo channel | task level |      |      |        | em_top_clusters_eta_5           | srl    | 0       | 6, 2, 1          |
|    em_top_clusters_eta_6_U                    | fifo channel | task level |      |      |        | em_top_clusters_eta_6           | srl    | 0       | 6, 2, 1          |
|    em_top_clusters_eta_7_U                    | fifo channel | task level |      |      |        | em_top_clusters_eta_7           | srl    | 0       | 6, 2, 1          |
|    em_top_clusters_phi_U                      | fifo channel | task level |      |      |        | em_top_clusters_phi             | srl    | 0       | 6, 2, 1          |
|    em_top_clusters_phi_1_U                    | fifo channel | task level |      |      |        | em_top_clusters_phi_1           | srl    | 0       | 6, 2, 1          |
|    em_top_clusters_phi_2_U                    | fifo channel | task level |      |      |        | em_top_clusters_phi_2           | srl    | 0       | 6, 2, 1          |
|    em_top_clusters_phi_3_U                    | fifo channel | task level |      |      |        | em_top_clusters_phi_3           | srl    | 0       | 6, 2, 1          |
|    em_top_clusters_phi_4_U                    | fifo channel | task level |      |      |        | em_top_clusters_phi_4           | srl    | 0       | 6, 2, 1          |
|    em_top_clusters_phi_5_U                    | fifo channel | task level |      |      |        | em_top_clusters_phi_5           | srl    | 0       | 6, 2, 1          |
|    em_top_clusters_phi_6_U                    | fifo channel | task level |      |      |        | em_top_clusters_phi_6           | srl    | 0       | 6, 2, 1          |
|    em_top_clusters_phi_7_U                    | fifo channel | task level |      |      |        | em_top_clusters_phi_7           | srl    | 0       | 6, 2, 1          |
|    em_top_clusters_window_size_U              | fifo channel | task level |      |      |        | em_top_clusters_window_size     | srl    | 0       | 4, 2, 1          |
|    em_top_clusters_window_size_1_U            | fifo channel | task level |      |      |        | em_top_clusters_window_size_1   | srl    | 0       | 4, 2, 1          |
|    em_top_clusters_window_size_2_U            | fifo channel | task level |      |      |        | em_top_clusters_window_size_2   | srl    | 0       | 4, 2, 1          |
|    em_top_clusters_window_size_3_U            | fifo channel | task level |      |      |        | em_top_clusters_window_size_3   | srl    | 0       | 4, 2, 1          |
|    em_top_clusters_window_size_4_U            | fifo channel | task level |      |      |        | em_top_clusters_window_size_4   | srl    | 0       | 4, 2, 1          |
|    em_top_clusters_window_size_5_U            | fifo channel | task level |      |      |        | em_top_clusters_window_size_5   | srl    | 0       | 4, 2, 1          |
|    em_top_clusters_window_size_6_U            | fifo channel | task level |      |      |        | em_top_clusters_window_size_6   | srl    | 0       | 4, 2, 1          |
|    em_top_clusters_window_size_7_U            | fifo channel | task level |      |      |        | em_top_clusters_window_size_7   | srl    | 0       | 4, 2, 1          |
|    em_top_clusters_valid_U                    | fifo channel | task level |      |      |        | em_top_clusters_valid           | srl    | 0       | 1, 2, 1          |
|    em_top_clusters_valid_1_U                  | fifo channel | task level |      |      |        | em_top_clusters_valid_1         | srl    | 0       | 1, 2, 1          |
|    em_top_clusters_valid_2_U                  | fifo channel | task level |      |      |        | em_top_clusters_valid_2         | srl    | 0       | 1, 2, 1          |
|    em_top_clusters_valid_3_U                  | fifo channel | task level |      |      |        | em_top_clusters_valid_3         | srl    | 0       | 1, 2, 1          |
|    em_top_clusters_valid_4_U                  | fifo channel | task level |      |      |        | em_top_clusters_valid_4         | srl    | 0       | 1, 2, 1          |
|    em_top_clusters_valid_5_U                  | fifo channel | task level |      |      |        | em_top_clusters_valid_5         | srl    | 0       | 1, 2, 1          |
|    em_top_clusters_valid_6_U                  | fifo channel | task level |      |      |        | em_top_clusters_valid_6         | srl    | 0       | 1, 2, 1          |
|    em_top_clusters_valid_7_U                  | fifo channel | task level |      |      |        | em_top_clusters_valid_7         | srl    | 0       | 1, 2, 1          |
|    jet_top_clusters_et_U                      | fifo channel | task level |      |      |        | jet_top_clusters_et             | srl    | 0       | 20, 2, 1         |
|    jet_top_clusters_et_1_U                    | fifo channel | task level |      |      |        | jet_top_clusters_et_1           | srl    | 0       | 20, 2, 1         |
|    jet_top_clusters_et_2_U                    | fifo channel | task level |      |      |        | jet_top_clusters_et_2           | srl    | 0       | 20, 2, 1         |
|    jet_top_clusters_et_3_U                    | fifo channel | task level |      |      |        | jet_top_clusters_et_3           | srl    | 0       | 20, 2, 1         |
|    jet_top_clusters_et_4_U                    | fifo channel | task level |      |      |        | jet_top_clusters_et_4           | srl    | 0       | 20, 2, 1         |
|    jet_top_clusters_et_5_U                    | fifo channel | task level |      |      |        | jet_top_clusters_et_5           | srl    | 0       | 20, 2, 1         |
|    jet_top_clusters_et_6_U                    | fifo channel | task level |      |      |        | jet_top_clusters_et_6           | srl    | 0       | 20, 2, 1         |
|    jet_top_clusters_et_7_U                    | fifo channel | task level |      |      |        | jet_top_clusters_et_7           | srl    | 0       | 20, 2, 1         |
|    jet_top_clusters_isolation_et_U            | fifo channel | task level |      |      |        | jet_top_clusters_isolation_et   | srl    | 0       | 20, 2, 1         |
|    jet_top_clusters_isolation_et_1_U          | fifo channel | task level |      |      |        | jet_top_clusters_isolation_et_1 | srl    | 0       | 20, 2, 1         |
|    jet_top_clusters_isolation_et_2_U          | fifo channel | task level |      |      |        | jet_top_clusters_isolation_et_2 | srl    | 0       | 20, 2, 1         |
|    jet_top_clusters_isolation_et_3_U          | fifo channel | task level |      |      |        | jet_top_clusters_isolation_et_3 | srl    | 0       | 20, 2, 1         |
|    jet_top_clusters_isolation_et_4_U          | fifo channel | task level |      |      |        | jet_top_clusters_isolation_et_4 | srl    | 0       | 20, 2, 1         |
|    jet_top_clusters_isolation_et_5_U          | fifo channel | task level |      |      |        | jet_top_clusters_isolation_et_5 | srl    | 0       | 20, 2, 1         |
|    jet_top_clusters_isolation_et_6_U          | fifo channel | task level |      |      |        | jet_top_clusters_isolation_et_6 | srl    | 0       | 20, 2, 1         |
|    jet_top_clusters_isolation_et_7_U          | fifo channel | task level |      |      |        | jet_top_clusters_isolation_et_7 | srl    | 0       | 20, 2, 1         |
|    jet_top_clusters_eta_U                     | fifo channel | task level |      |      |        | jet_top_clusters_eta            | srl    | 0       | 6, 2, 1          |
|    jet_top_clusters_eta_1_U                   | fifo channel | task level |      |      |        | jet_top_clusters_eta_1          | srl    | 0       | 6, 2, 1          |
|    jet_top_clusters_eta_2_U                   | fifo channel | task level |      |      |        | jet_top_clusters_eta_2          | srl    | 0       | 6, 2, 1          |
|    jet_top_clusters_eta_3_U                   | fifo channel | task level |      |      |        | jet_top_clusters_eta_3          | srl    | 0       | 6, 2, 1          |
|    jet_top_clusters_eta_4_U                   | fifo channel | task level |      |      |        | jet_top_clusters_eta_4          | srl    | 0       | 6, 2, 1          |
|    jet_top_clusters_eta_5_U                   | fifo channel | task level |      |      |        | jet_top_clusters_eta_5          | srl    | 0       | 6, 2, 1          |
|    jet_top_clusters_eta_6_U                   | fifo channel | task level |      |      |        | jet_top_clusters_eta_6          | srl    | 0       | 6, 2, 1          |
|    jet_top_clusters_eta_7_U                   | fifo channel | task level |      |      |        | jet_top_clusters_eta_7          | srl    | 0       | 6, 2, 1          |
|    jet_top_clusters_phi_U                     | fifo channel | task level |      |      |        | jet_top_clusters_phi            | srl    | 0       | 6, 2, 1          |
|    jet_top_clusters_phi_1_U                   | fifo channel | task level |      |      |        | jet_top_clusters_phi_1          | srl    | 0       | 6, 2, 1          |
|    jet_top_clusters_phi_2_U                   | fifo channel | task level |      |      |        | jet_top_clusters_phi_2          | srl    | 0       | 6, 2, 1          |
|    jet_top_clusters_phi_3_U                   | fifo channel | task level |      |      |        | jet_top_clusters_phi_3          | srl    | 0       | 6, 2, 1          |
|    jet_top_clusters_phi_4_U                   | fifo channel | task level |      |      |        | jet_top_clusters_phi_4          | srl    | 0       | 6, 2, 1          |
|    jet_top_clusters_phi_5_U                   | fifo channel | task level |      |      |        | jet_top_clusters_phi_5          | srl    | 0       | 6, 2, 1          |
|    jet_top_clusters_phi_6_U                   | fifo channel | task level |      |      |        | jet_top_clusters_phi_6          | srl    | 0       | 6, 2, 1          |
|    jet_top_clusters_phi_7_U                   | fifo channel | task level |      |      |        | jet_top_clusters_phi_7          | srl    | 0       | 6, 2, 1          |
|    jet_top_clusters_window_size_U             | fifo channel | task level |      |      |        | jet_top_clusters_window_size    | srl    | 0       | 4, 2, 1          |
|    jet_top_clusters_window_size_1_U           | fifo channel | task level |      |      |        | jet_top_clusters_window_size_1  | srl    | 0       | 4, 2, 1          |
|    jet_top_clusters_window_size_2_U           | fifo channel | task level |      |      |        | jet_top_clusters_window_size_2  | srl    | 0       | 4, 2, 1          |
|    jet_top_clusters_window_size_3_U           | fifo channel | task level |      |      |        | jet_top_clusters_window_size_3  | srl    | 0       | 4, 2, 1          |
|    jet_top_clusters_window_size_4_U           | fifo channel | task level |      |      |        | jet_top_clusters_window_size_4  | srl    | 0       | 4, 2, 1          |
|    jet_top_clusters_window_size_5_U           | fifo channel | task level |      |      |        | jet_top_clusters_window_size_5  | srl    | 0       | 4, 2, 1          |
|    jet_top_clusters_window_size_6_U           | fifo channel | task level |      |      |        | jet_top_clusters_window_size_6  | srl    | 0       | 4, 2, 1          |
|    jet_top_clusters_window_size_7_U           | fifo channel | task level |      |      |        | jet_top_clusters_window_size_7  | srl    | 0       | 4, 2, 1          |
|    jet_top_clusters_valid_U                   | fifo channel | task level |      |      |        | jet_top_clusters_valid          | srl    | 0       | 1, 2, 1          |
|    jet_top_clusters_valid_1_U                 | fifo channel | task level |      |      |        | jet_top_clusters_valid_1        | srl    | 0       | 1, 2, 1          |
|    jet_top_clusters_valid_2_U                 | fifo channel | task level |      |      |        | jet_top_clusters_valid_2        | srl    | 0       | 1, 2, 1          |
|    jet_top_clusters_valid_3_U                 | fifo channel | task level |      |      |        | jet_top_clusters_valid_3        | srl    | 0       | 1, 2, 1          |
|    jet_top_clusters_valid_4_U                 | fifo channel | task level |      |      |        | jet_top_clusters_valid_4        | srl    | 0       | 1, 2, 1          |
|    jet_top_clusters_valid_5_U                 | fifo channel | task level |      |      |        | jet_top_clusters_valid_5        | srl    | 0       | 1, 2, 1          |
|    jet_top_clusters_valid_6_U                 | fifo channel | task level |      |      |        | jet_top_clusters_valid_6        | srl    | 0       | 1, 2, 1          |
|    jet_top_clusters_valid_7_U                 | fifo channel | task level |      |      |        | jet_top_clusters_valid_7        | srl    | 0       | 1, 2, 1          |
|   + produce_em_jet_cluster_stream_from_towers |              |            | 0    | 0    |        |                                 |        |         |                  |
|     linebuf_U                                 | rom_np array |            |      |      |        | linebuf                         | auto   | 1       | 12, 60, 1        |
|     linebuf_1_U                               | rom_np array |            |      |      |        | linebuf_1                       | auto   | 1       | 12, 60, 1        |
|     linebuf_2_U                               | rom_np array |            |      |      |        | linebuf_2                       | auto   | 1       | 12, 60, 1        |
|     linebuf_3_U                               | rom_np array |            |      |      |        | linebuf_3                       | auto   | 1       | 12, 60, 1        |
|     linebuf_4_U                               | rom_np array |            |      |      |        | linebuf_4                       | auto   | 1       | 12, 60, 1        |
|     linebuf_5_U                               | rom_np array |            |      |      |        | linebuf_5                       | auto   | 1       | 12, 60, 1        |
|     linebuf_6_U                               | rom_np array |            |      |      |        | linebuf_6                       | auto   | 1       | 12, 60, 1        |
+-----------------------------------------------+--------------+------------+------+------+--------+---------------------------------+--------+---------+------------------+


================================================================
== Pragma Report
================================================================
* Valid Pragma Syntax
+-----------------+--------------------------------------------------+------------------------------------------------------------------------------+
| Type            | Options                                          | Location                                                                     |
+-----------------+--------------------------------------------------+------------------------------------------------------------------------------+
| inline          |                                                  | ./calorimeter.h:164 in wrap_phi                                              |
| inline          |                                                  | ./calorimeter.h:175 in init_cluster                                          |
| inline          |                                                  | ./calorimeter.h:188 in clear_top_clusters                                    |
| unroll          |                                                  | ./calorimeter.h:191 in clear_top_clusters                                    |
| inline          |                                                  | ./calorimeter.h:198 in set_valid_cluster                                     |
| inline          |                                                  | ./calorimeter.h:210 in init_trigger_object                                   |
| inline          |                                                  | ./calorimeter.h:223 in make_trigger_object_from_cluster                      |
| inline          |                                                  | ./calorimeter.h:244 in window_sum                                            |
| unroll          |                                                  | ./calorimeter.h:249 in window_sum                                            |
| unroll          |                                                  | ./calorimeter.h:251 in window_sum                                            |
| inline          |                                                  | ./calorimeter.h:270 in local_window_sum_7x7                                  |
| unroll          |                                                  | ./calorimeter.h:275 in local_window_sum_7x7                                  |
| unroll          |                                                  | ./calorimeter.h:277 in local_window_sum_7x7                                  |
| inline          |                                                  | ./calorimeter.h:288 in is_local_maximum                                      |
| unroll          |                                                  | ./calorimeter.h:294 in is_local_maximum                                      |
| unroll          |                                                  | ./calorimeter.h:296 in is_local_maximum                                      |
| inline          |                                                  | ./calorimeter.h:324 in local_is_maximum_7x7                                  |
| unroll          |                                                  | ./calorimeter.h:333 in local_is_maximum_7x7                                  |
| unroll          |                                                  | ./calorimeter.h:335 in local_is_maximum_7x7                                  |
| inline          |                                                  | ./calorimeter.h:368 in isolation_sum                                         |
| inline          |                                                  | ./calorimeter.h:373 in is_em_like                                            |
| inline          |                                                  | ./calorimeter.h:399 in is_jet_like                                           |
| inline          |                                                  | ./calorimeter.h:420 in make_em_candidate_from_window                         |
| inline          |                                                  | ./calorimeter.h:452 in make_jet_candidate_from_window                        |
| pipeline        | II=1                                             | ./calorimeter.h:491 in find_clusters                                         |
| pipeline        | II=1                                             | ./calorimeter.h:533 in find_clusters_stream                                  |
| array_partition | variable=top_clusters complete dim=1             | ./calorimeter.h:663 in select_top_n_from_stream_fixed, top_clusters          |
| pipeline        | II=1                                             | ./calorimeter.h:669 in select_top_n_from_stream_fixed                        |
| inline          |                                                  | calorimeter.cpp:70 in cluster_is_better                                      |
| inline          |                                                  | calorimeter.cpp:104 in insert_cluster_into_top_n                             |
| array_partition | variable=top_clusters complete dim=1             | calorimeter.cpp:130 in select_top_n, top_clusters                            |
| pipeline        | II=1                                             | calorimeter.cpp:135 in select_top_n                                          |
| pipeline        | II=1                                             | calorimeter.cpp:147 in compute_ht                                            |
| array_partition | variable=trigger_objects complete dim=1          | calorimeter.cpp:157 in build_trigger_objects, trigger_objects                |
| array_partition | variable=top_clusters complete dim=1             | calorimeter.cpp:158 in build_trigger_objects, top_clusters                   |
| unroll          |                                                  | calorimeter.cpp:160 in build_trigger_objects                                 |
| interface       | bram port=grid                                   | calorimeter.cpp:177 in calo_trigger_ref, grid                                |
| interface       | s_axilite port=seed_threshold bundle=CTRL        | calorimeter.cpp:179 in calo_trigger_ref, seed_threshold                      |
| interface       | s_axilite port=cluster_threshold bundle=CTRL     | calorimeter.cpp:180 in calo_trigger_ref, cluster_threshold                   |
| interface       | s_axilite port=ht bundle=CTRL                    | calorimeter.cpp:181 in calo_trigger_ref, ht                                  |
| interface       | s_axilite port=num_clusters bundle=CTRL          | calorimeter.cpp:182 in calo_trigger_ref, num_clusters                        |
| interface       | s_axilite port=return bundle=CTRL                | calorimeter.cpp:183 in calo_trigger_ref, return                              |
| array_partition | variable=objects complete dim=1                  | calorimeter.cpp:185 in calo_trigger_ref, objects                             |
| array_partition | variable=top_clusters complete dim=1             | calorimeter.cpp:189 in calo_trigger_ref, top_clusters                        |
| interface       | bram port=towers                                 | calorimeter.cpp:217 in calo_trigger_stream_ref, towers                       |
| interface       | s_axilite port=seed_threshold bundle=CTRL        | calorimeter.cpp:219 in calo_trigger_stream_ref, seed_threshold               |
| interface       | s_axilite port=cluster_threshold bundle=CTRL     | calorimeter.cpp:220 in calo_trigger_stream_ref, cluster_threshold            |
| interface       | s_axilite port=ht bundle=CTRL                    | calorimeter.cpp:221 in calo_trigger_stream_ref, ht                           |
| interface       | s_axilite port=num_clusters bundle=CTRL          | calorimeter.cpp:222 in calo_trigger_stream_ref, num_clusters                 |
| interface       | s_axilite port=return bundle=CTRL                | calorimeter.cpp:223 in calo_trigger_stream_ref, return                       |
| array_partition | variable=trigger_objects complete dim=1          | calorimeter.cpp:225 in calo_trigger_stream_ref, trigger_objects              |
| interface       | bram port=towers                                 | calorimeter.cpp:245 in calo_trigger_em_jet_stream_ref, towers                |
| interface       | s_axilite port=em_seed_threshold bundle=CTRL     | calorimeter.cpp:247 in calo_trigger_em_jet_stream_ref, em_seed_threshold     |
| interface       | s_axilite port=em_cluster_threshold bundle=CTRL  | calorimeter.cpp:248 in calo_trigger_em_jet_stream_ref, em_cluster_threshold  |
| interface       | s_axilite port=jet_seed_threshold bundle=CTRL    | calorimeter.cpp:249 in calo_trigger_em_jet_stream_ref, jet_seed_threshold    |
| interface       | s_axilite port=jet_cluster_threshold bundle=CTRL | calorimeter.cpp:250 in calo_trigger_em_jet_stream_ref, jet_cluster_threshold |
| interface       | s_axilite port=ht bundle=CTRL                    | calorimeter.cpp:251 in calo_trigger_em_jet_stream_ref, ht                    |
| interface       | s_axilite port=num_em_clusters bundle=CTRL       | calorimeter.cpp:252 in calo_trigger_em_jet_stream_ref, num_em_clusters       |
| interface       | s_axilite port=num_jet_clusters bundle=CTRL      | calorimeter.cpp:253 in calo_trigger_em_jet_stream_ref, num_jet_clusters      |
| interface       | s_axilite port=return bundle=CTRL                | calorimeter.cpp:254 in calo_trigger_em_jet_stream_ref, return                |
| array_partition | variable=em_objects complete dim=1               | calorimeter.cpp:256 in calo_trigger_em_jet_stream_ref, em_objects            |
| array_partition | variable=jet_objects complete dim=1              | calorimeter.cpp:257 in calo_trigger_em_jet_stream_ref, jet_objects           |
| interface       | axis port=tower_in                               | calorimeter.cpp:279 in calo_trigger_tower_stream_ref, tower_in               |
| interface       | s_axilite port=em_seed_threshold bundle=CTRL     | calorimeter.cpp:281 in calo_trigger_tower_stream_ref, em_seed_threshold      |
| interface       | s_axilite port=em_cluster_threshold bundle=CTRL  | calorimeter.cpp:282 in calo_trigger_tower_stream_ref, em_cluster_threshold   |
| interface       | s_axilite port=jet_seed_threshold bundle=CTRL    | calorimeter.cpp:283 in calo_trigger_tower_stream_ref, jet_seed_threshold     |
| interface       | s_axilite port=jet_cluster_threshold bundle=CTRL | calorimeter.cpp:284 in calo_trigger_tower_stream_ref, jet_cluster_threshold  |
| interface       | s_axilite port=ht bundle=CTRL                    | calorimeter.cpp:285 in calo_trigger_tower_stream_ref, ht                     |
| interface       | s_axilite port=num_em_clusters bundle=CTRL       | calorimeter.cpp:286 in calo_trigger_tower_stream_ref, num_em_clusters        |
| interface       | s_axilite port=num_jet_clusters bundle=CTRL      | calorimeter.cpp:287 in calo_trigger_tower_stream_ref, num_jet_clusters       |
| interface       | s_axilite port=return bundle=CTRL                | calorimeter.cpp:288 in calo_trigger_tower_stream_ref, return                 |
| array_partition | variable=em_objects complete dim=1               | calorimeter.cpp:290 in calo_trigger_tower_stream_ref, em_objects             |
| array_partition | variable=jet_objects complete dim=1              | calorimeter.cpp:291 in calo_trigger_tower_stream_ref, jet_objects            |
| pipeline        | II=1                                             | calorimeter.cpp:330 in produce_em_cluster_stream                             |
| pipeline        | II=1                                             | calorimeter.cpp:366 in produce_jet_cluster_stream                            |
| dataflow        |                                                  | calorimeter.cpp:400 in cluster_sort_build_stream                             |
| stream          | variable=cluster_stream depth=64                 | calorimeter.cpp:404 in cluster_sort_build_stream, cluster_stream             |
| array_partition | variable=top_clusters complete dim=1             | calorimeter.cpp:407 in cluster_sort_build_stream, top_clusters               |
| dataflow        |                                                  | calorimeter.cpp:426 in cluster_sort_build_em_jet_stream                      |
| stream          | variable=em_cluster_stream depth=64              | calorimeter.cpp:431 in cluster_sort_build_em_jet_stream, em_cluster_stream   |
| stream          | variable=jet_cluster_stream depth=64             | calorimeter.cpp:432 in cluster_sort_build_em_jet_stream, jet_cluster_stream  |
| array_partition | variable=em_top_clusters complete dim=1          | calorimeter.cpp:437 in cluster_sort_build_em_jet_stream, em_top_clusters     |
| array_partition | variable=jet_top_clusters complete dim=1         | calorimeter.cpp:438 in cluster_sort_build_em_jet_stream, jet_top_clusters    |
| array_partition | variable=linebuf complete dim=1                  | calorimeter.cpp:474 in produce_em_jet_cluster_stream_from_towers, linebuf    |
| array_partition | variable=window complete dim=0                   | calorimeter.cpp:477 in produce_em_jet_cluster_stream_from_towers, window     |
| pipeline        | II=1                                             | calorimeter.cpp:487 in produce_em_jet_cluster_stream_from_towers             |
| pipeline        | II=1                                             | calorimeter.cpp:501 in produce_em_jet_cluster_stream_from_towers             |
| unroll          |                                                  | calorimeter.cpp:508 in produce_em_jet_cluster_stream_from_towers             |
| unroll          |                                                  | calorimeter.cpp:513 in produce_em_jet_cluster_stream_from_towers             |
| dataflow        |                                                  | calorimeter.cpp:550 in cluster_sort_build_tower_stream                       |
| stream          | variable=em_cluster_stream depth=64              | calorimeter.cpp:555 in cluster_sort_build_tower_stream, em_cluster_stream    |
| stream          | variable=jet_cluster_stream depth=64             | calorimeter.cpp:556 in cluster_sort_build_tower_stream, jet_cluster_stream   |
| array_partition | variable=em_top_clusters complete dim=1          | calorimeter.cpp:561 in cluster_sort_build_tower_stream, em_top_clusters      |
| array_partition | variable=jet_top_clusters complete dim=1         | calorimeter.cpp:562 in cluster_sort_build_tower_stream, jet_top_clusters     |
+-----------------+--------------------------------------------------+------------------------------------------------------------------------------+


