remark: ./calorimeter.h:423:5: Inlining function 'init_cluster(Cluster&, int, int, int, int)' into 'make_em_candidate_from_window(ap_uint<12> const (*) [7], int, int, ap_uint<12>, ap_uint<20>)'
remark: ./calorimeter.h:438:13: Inlining function 'set_valid_cluster(Cluster&, ap_uint<20>, ap_uint<20>, int, int, int, int)' into 'make_em_candidate_from_window(ap_uint<12> const (*) [7], int, int, ap_uint<12>, ap_uint<20>)'
remark: ./calorimeter.h:437:46: Inlining function 'is_em_like(ap_uint<20>, ap_uint<20>, ap_uint<20>)' into 'make_em_candidate_from_window(ap_uint<12> const (*) [7], int, int, ap_uint<12>, ap_uint<20>)'
remark: ./calorimeter.h:432:32: Inlining function 'ap_uint<20> local_window_sum_7x7<7>(ap_uint<12> const (*) [7])' into 'make_em_candidate_from_window(ap_uint<12> const (*) [7], int, int, ap_uint<12>, ap_uint<20>)'
remark: ./calorimeter.h:431:32: Inlining function 'ap_uint<20> local_window_sum_7x7<5>(ap_uint<12> const (*) [7])' into 'make_em_candidate_from_window(ap_uint<12> const (*) [7], int, int, ap_uint<12>, ap_uint<20>)'
remark: ./calorimeter.h:430:33: Inlining function 'ap_uint<20> local_window_sum_7x7<3>(ap_uint<12> const (*) [7])' into 'make_em_candidate_from_window(ap_uint<12> const (*) [7], int, int, ap_uint<12>, ap_uint<20>)'
remark: ./calorimeter.h:428:9: Inlining function 'bool local_is_maximum_7x7<3>(ap_uint<12> const (*) [7])' into 'make_em_candidate_from_window(ap_uint<12> const (*) [7], int, int, ap_uint<12>, ap_uint<20>)'
remark: ./calorimeter.h:455:5: Inlining function 'init_cluster(Cluster&, int, int, int, int)' into 'make_jet_candidate_from_window(ap_uint<12> const (*) [7], int, int, ap_uint<12>, ap_uint<20>)'
remark: ./calorimeter.h:467:13: Inlining function 'set_valid_cluster(Cluster&, ap_uint<20>, ap_uint<20>, int, int, int, int)' into 'make_jet_candidate_from_window(ap_uint<12> const (*) [7], int, int, ap_uint<12>, ap_uint<20>)'
remark: ./calorimeter.h:466:45: Inlining function 'is_jet_like(ap_uint<20>, ap_uint<20>)' into 'make_jet_candidate_from_window(ap_uint<12> const (*) [7], int, int, ap_uint<12>, ap_uint<20>)'
remark: ./calorimeter.h:463:32: Inlining function 'ap_uint<20> local_window_sum_7x7<7>(ap_uint<12> const (*) [7])' into 'make_jet_candidate_from_window(ap_uint<12> const (*) [7], int, int, ap_uint<12>, ap_uint<20>)'
remark: ./calorimeter.h:462:33: Inlining function 'ap_uint<20> local_window_sum_7x7<3>(ap_uint<12> const (*) [7])' into 'make_jet_candidate_from_window(ap_uint<12> const (*) [7], int, int, ap_uint<12>, ap_uint<20>)'
remark: ./calorimeter.h:460:9: Inlining function 'bool local_is_maximum_7x7<7>(ap_uint<12> const (*) [7])' into 'make_jet_candidate_from_window(ap_uint<12> const (*) [7], int, int, ap_uint<12>, ap_uint<20>)'
remark: calorimeter.cpp:527:41: Inlining function 'make_jet_candidate_from_window(ap_uint<12> const (*) [7], int, int, ap_uint<12>, ap_uint<20>)' into 'produce_em_jet_cluster_stream_from_towers(hls::stream<ap_uint<12>, 0>&, ap_uint<12>, ap_uint<20>, ap_uint<12>, ap_uint<20>, hls::stream<Cluster, 0>&, hls::stream<Cluster, 0>&, ap_uint<24>*)'
remark: calorimeter.cpp:525:40: Inlining function 'make_em_candidate_from_window(ap_uint<12> const (*) [7], int, int, ap_uint<12>, ap_uint<20>)' into 'produce_em_jet_cluster_stream_from_towers(hls::stream<ap_uint<12>, 0>&, ap_uint<12>, ap_uint<20>, ap_uint<12>, ap_uint<20>, hls::stream<Cluster, 0>&, hls::stream<Cluster, 0>&, ap_uint<24>*)'
remark: calorimeter.cpp:517:39: Inlining function 'wrap_phi(int)' into 'produce_em_jet_cluster_stream_from_towers(hls::stream<ap_uint<12>, 0>&, ap_uint<12>, ap_uint<20>, ap_uint<12>, ap_uint<20>, hls::stream<Cluster, 0>&, hls::stream<Cluster, 0>&, ap_uint<24>*)'
remark: ./calorimeter.h:192:2: Inlining function 'init_cluster(Cluster&, int, int, int, int)' into 'clear_top_clusters(Cluster*)'
remark: calorimeter.cpp:111:39: Inlining function 'cluster_is_better(Cluster const&, Cluster const&)' into 'insert_cluster_into_top_n(Cluster const&, Cluster*)'
remark: ./calorimeter.h:666:5: Inlining function 'clear_top_clusters(Cluster*)' into 'void select_top_n_from_stream_fixed<1440>(hls::stream<Cluster, 0>&, Cluster*, int*)'
remark: ./calorimeter.h:677:9: Inlining function 'insert_cluster_into_top_n(Cluster const&, Cluster*)' into 'void select_top_n_from_stream_fixed<1440>(hls::stream<Cluster, 0>&, Cluster*, int*)'
remark: calorimeter.cpp:161:2: Inlining function 'init_trigger_object(TriggerObject&)' into 'build_trigger_objects(Cluster const*, TriggerObject*)'
remark: calorimeter.cpp:165:9: Inlining function 'make_trigger_object_from_cluster(Cluster const&, TriggerObject&)' into 'build_trigger_objects(Cluster const*, TriggerObject*)'
remark: calorimeter.cpp:110:22: Loop 'INSERT_POSITION' is marked as complete unroll implied by the pipeline pragma
remark: calorimeter.cpp:113:31: Loop 'VITIS_LOOP_113_1' is marked as complete unroll implied by the pipeline pragma
remark: calorimeter.cpp:505:20: Loop 'VITIS_LOOP_505_4' is marked as complete unroll implied by the pipeline pragma
remark: calorimeter.cpp:510:20: Loop 'VITIS_LOOP_510_5' is marked as complete unroll implied by the pipeline pragma
remark: ./calorimeter.h:332:23: Loop 'VITIS_LOOP_332_1' is marked as complete unroll implied by the pipeline pragma
remark: ./calorimeter.h:334:20: Loop 'VITIS_LOOP_334_2' is marked as complete unroll implied by the pipeline pragma
remark: ./calorimeter.h:274:23: Loop 'VITIS_LOOP_274_1' is marked as complete unroll implied by the pipeline pragma
remark: ./calorimeter.h:276:20: Loop 'VITIS_LOOP_276_2' is marked as complete unroll implied by the pipeline pragma
remark: ./calorimeter.h:274:23: Loop 'VITIS_LOOP_274_1' is marked as complete unroll implied by the pipeline pragma
remark: ./calorimeter.h:276:20: Loop 'VITIS_LOOP_276_2' is marked as complete unroll implied by the pipeline pragma
remark: ./calorimeter.h:274:23: Loop 'VITIS_LOOP_274_1' is marked as complete unroll implied by the pipeline pragma
remark: ./calorimeter.h:276:20: Loop 'VITIS_LOOP_276_2' is marked as complete unroll implied by the pipeline pragma
remark: ./calorimeter.h:332:23: Loop 'VITIS_LOOP_332_1' is marked as complete unroll implied by the pipeline pragma
remark: ./calorimeter.h:334:20: Loop 'VITIS_LOOP_334_2' is marked as complete unroll implied by the pipeline pragma
remark: ./calorimeter.h:274:23: Loop 'VITIS_LOOP_274_1' is marked as complete unroll implied by the pipeline pragma
remark: ./calorimeter.h:276:20: Loop 'VITIS_LOOP_276_2' is marked as complete unroll implied by the pipeline pragma
remark: ./calorimeter.h:274:23: Loop 'VITIS_LOOP_274_1' is marked as complete unroll implied by the pipeline pragma
remark: ./calorimeter.h:276:20: Loop 'VITIS_LOOP_276_2' is marked as complete unroll implied by the pipeline pragma
remark: calorimeter.cpp:156:0: Unrolling loop 'VITIS_LOOP_159_1' (calorimeter.cpp:159:20) in function 'build_trigger_objects' completely with a factor of 8
remark: ./calorimeter.h:662:0: Unrolling loop 'INSERT_POSITION' (calorimeter.cpp:110:22) in function 'select_top_n_from_stream_fixed<1440>' completely with a factor of 8
remark: ./calorimeter.h:662:0: Unrolling loop 'VITIS_LOOP_190_1' (./calorimeter.h:190:20) in function 'select_top_n_from_stream_fixed<1440>' completely with a factor of 8
remark: calorimeter.cpp:472:0: Unrolling loop 'VITIS_LOOP_505_4' (calorimeter.cpp:505:20) in function 'produce_em_jet_cluster_stream_from_towers' completely with a factor of 7
remark: calorimeter.cpp:472:0: Unrolling loop 'VITIS_LOOP_510_5' (calorimeter.cpp:510:20) in function 'produce_em_jet_cluster_stream_from_towers' completely with a factor of 7
remark: calorimeter.cpp:472:0: Unrolling loop 'VITIS_LOOP_510_5' (calorimeter.cpp:510:20) in function 'produce_em_jet_cluster_stream_from_towers' completely with a factor of 7
remark: calorimeter.cpp:472:0: Unrolling loop 'VITIS_LOOP_510_5' (calorimeter.cpp:510:20) in function 'produce_em_jet_cluster_stream_from_towers' completely with a factor of 7
remark: calorimeter.cpp:472:0: Unrolling loop 'VITIS_LOOP_510_5' (calorimeter.cpp:510:20) in function 'produce_em_jet_cluster_stream_from_towers' completely with a factor of 7
remark: calorimeter.cpp:472:0: Unrolling loop 'VITIS_LOOP_510_5' (calorimeter.cpp:510:20) in function 'produce_em_jet_cluster_stream_from_towers' completely with a factor of 7
remark: calorimeter.cpp:472:0: Unrolling loop 'VITIS_LOOP_510_5' (calorimeter.cpp:510:20) in function 'produce_em_jet_cluster_stream_from_towers' completely with a factor of 7
remark: calorimeter.cpp:472:0: Unrolling loop 'VITIS_LOOP_510_5' (calorimeter.cpp:510:20) in function 'produce_em_jet_cluster_stream_from_towers' completely with a factor of 7
remark: calorimeter.cpp:472:0: Unrolling loop 'VITIS_LOOP_332_1' (./calorimeter.h:332:23) in function 'produce_em_jet_cluster_stream_from_towers' completely with a factor of 3
remark: calorimeter.cpp:472:0: Unrolling loop 'VITIS_LOOP_334_2' (./calorimeter.h:334:20) in function 'produce_em_jet_cluster_stream_from_towers' completely with a factor of 3
remark: calorimeter.cpp:472:0: Unrolling loop 'VITIS_LOOP_334_2' (./calorimeter.h:334:20) in function 'produce_em_jet_cluster_stream_from_towers' completely with a factor of 3
remark: calorimeter.cpp:472:0: Unrolling loop 'VITIS_LOOP_334_2' (./calorimeter.h:334:20) in function 'produce_em_jet_cluster_stream_from_towers' completely with a factor of 3
remark: calorimeter.cpp:472:0: Unrolling loop 'VITIS_LOOP_274_1' (./calorimeter.h:274:23) in function 'produce_em_jet_cluster_stream_from_towers' completely with a factor of 3
remark: calorimeter.cpp:472:0: Unrolling loop 'VITIS_LOOP_276_2' (./calorimeter.h:276:20) in function 'produce_em_jet_cluster_stream_from_towers' completely with a factor of 3
remark: calorimeter.cpp:472:0: Unrolling loop 'VITIS_LOOP_276_2' (./calorimeter.h:276:20) in function 'produce_em_jet_cluster_stream_from_towers' completely with a factor of 3
remark: calorimeter.cpp:472:0: Unrolling loop 'VITIS_LOOP_276_2' (./calorimeter.h:276:20) in function 'produce_em_jet_cluster_stream_from_towers' completely with a factor of 3
remark: calorimeter.cpp:472:0: Unrolling loop 'VITIS_LOOP_274_1' (./calorimeter.h:274:23) in function 'produce_em_jet_cluster_stream_from_towers' completely with a factor of 5
remark: calorimeter.cpp:472:0: Unrolling loop 'VITIS_LOOP_276_2' (./calorimeter.h:276:20) in function 'produce_em_jet_cluster_stream_from_towers' completely with a factor of 5
remark: calorimeter.cpp:472:0: Unrolling loop 'VITIS_LOOP_276_2' (./calorimeter.h:276:20) in function 'produce_em_jet_cluster_stream_from_towers' completely with a factor of 5
remark: calorimeter.cpp:472:0: Unrolling loop 'VITIS_LOOP_276_2' (./calorimeter.h:276:20) in function 'produce_em_jet_cluster_stream_from_towers' completely with a factor of 5
remark: calorimeter.cpp:472:0: Unrolling loop 'VITIS_LOOP_276_2' (./calorimeter.h:276:20) in function 'produce_em_jet_cluster_stream_from_towers' completely with a factor of 5
remark: calorimeter.cpp:472:0: Unrolling loop 'VITIS_LOOP_276_2' (./calorimeter.h:276:20) in function 'produce_em_jet_cluster_stream_from_towers' completely with a factor of 5
remark: calorimeter.cpp:472:0: Unrolling loop 'VITIS_LOOP_274_1' (./calorimeter.h:274:23) in function 'produce_em_jet_cluster_stream_from_towers' completely with a factor of 7
remark: calorimeter.cpp:472:0: Unrolling loop 'VITIS_LOOP_276_2' (./calorimeter.h:276:20) in function 'produce_em_jet_cluster_stream_from_towers' completely with a factor of 7
remark: calorimeter.cpp:472:0: Unrolling loop 'VITIS_LOOP_276_2' (./calorimeter.h:276:20) in function 'produce_em_jet_cluster_stream_from_towers' completely with a factor of 7
remark: calorimeter.cpp:472:0: Unrolling loop 'VITIS_LOOP_276_2' (./calorimeter.h:276:20) in function 'produce_em_jet_cluster_stream_from_towers' completely with a factor of 7
remark: calorimeter.cpp:472:0: Unrolling loop 'VITIS_LOOP_276_2' (./calorimeter.h:276:20) in function 'produce_em_jet_cluster_stream_from_towers' completely with a factor of 7
remark: calorimeter.cpp:472:0: Unrolling loop 'VITIS_LOOP_276_2' (./calorimeter.h:276:20) in function 'produce_em_jet_cluster_stream_from_towers' completely with a factor of 7
remark: calorimeter.cpp:472:0: Unrolling loop 'VITIS_LOOP_276_2' (./calorimeter.h:276:20) in function 'produce_em_jet_cluster_stream_from_towers' completely with a factor of 7
remark: calorimeter.cpp:472:0: Unrolling loop 'VITIS_LOOP_276_2' (./calorimeter.h:276:20) in function 'produce_em_jet_cluster_stream_from_towers' completely with a factor of 7
remark: calorimeter.cpp:472:0: Unrolling loop 'VITIS_LOOP_332_1' (./calorimeter.h:332:23) in function 'produce_em_jet_cluster_stream_from_towers' completely with a factor of 7
remark: calorimeter.cpp:472:0: Unrolling loop 'VITIS_LOOP_334_2' (./calorimeter.h:334:20) in function 'produce_em_jet_cluster_stream_from_towers' completely with a factor of 7
remark: calorimeter.cpp:472:0: Unrolling loop 'VITIS_LOOP_334_2' (./calorimeter.h:334:20) in function 'produce_em_jet_cluster_stream_from_towers' completely with a factor of 7
remark: calorimeter.cpp:472:0: Unrolling loop 'VITIS_LOOP_334_2' (./calorimeter.h:334:20) in function 'produce_em_jet_cluster_stream_from_towers' completely with a factor of 7
remark: calorimeter.cpp:472:0: Unrolling loop 'VITIS_LOOP_334_2' (./calorimeter.h:334:20) in function 'produce_em_jet_cluster_stream_from_towers' completely with a factor of 7
remark: calorimeter.cpp:472:0: Unrolling loop 'VITIS_LOOP_334_2' (./calorimeter.h:334:20) in function 'produce_em_jet_cluster_stream_from_towers' completely with a factor of 7
remark: calorimeter.cpp:472:0: Unrolling loop 'VITIS_LOOP_334_2' (./calorimeter.h:334:20) in function 'produce_em_jet_cluster_stream_from_towers' completely with a factor of 7
remark: calorimeter.cpp:472:0: Unrolling loop 'VITIS_LOOP_334_2' (./calorimeter.h:334:20) in function 'produce_em_jet_cluster_stream_from_towers' completely with a factor of 7
remark: calorimeter.cpp:472:0: Unrolling loop 'VITIS_LOOP_274_1' (./calorimeter.h:274:23) in function 'produce_em_jet_cluster_stream_from_towers' completely with a factor of 3
remark: calorimeter.cpp:472:0: Unrolling loop 'VITIS_LOOP_276_2' (./calorimeter.h:276:20) in function 'produce_em_jet_cluster_stream_from_towers' completely with a factor of 3
remark: calorimeter.cpp:472:0: Unrolling loop 'VITIS_LOOP_276_2' (./calorimeter.h:276:20) in function 'produce_em_jet_cluster_stream_from_towers' completely with a factor of 3
remark: calorimeter.cpp:472:0: Unrolling loop 'VITIS_LOOP_276_2' (./calorimeter.h:276:20) in function 'produce_em_jet_cluster_stream_from_towers' completely with a factor of 3
remark: calorimeter.cpp:472:0: Unrolling loop 'VITIS_LOOP_274_1' (./calorimeter.h:274:23) in function 'produce_em_jet_cluster_stream_from_towers' completely with a factor of 7
remark: calorimeter.cpp:472:0: Unrolling loop 'VITIS_LOOP_276_2' (./calorimeter.h:276:20) in function 'produce_em_jet_cluster_stream_from_towers' completely with a factor of 7
remark: calorimeter.cpp:472:0: Unrolling loop 'VITIS_LOOP_276_2' (./calorimeter.h:276:20) in function 'produce_em_jet_cluster_stream_from_towers' completely with a factor of 7
remark: calorimeter.cpp:472:0: Unrolling loop 'VITIS_LOOP_276_2' (./calorimeter.h:276:20) in function 'produce_em_jet_cluster_stream_from_towers' completely with a factor of 7
remark: calorimeter.cpp:472:0: Unrolling loop 'VITIS_LOOP_276_2' (./calorimeter.h:276:20) in function 'produce_em_jet_cluster_stream_from_towers' completely with a factor of 7
remark: calorimeter.cpp:472:0: Unrolling loop 'VITIS_LOOP_276_2' (./calorimeter.h:276:20) in function 'produce_em_jet_cluster_stream_from_towers' completely with a factor of 7
remark: calorimeter.cpp:472:0: Unrolling loop 'VITIS_LOOP_276_2' (./calorimeter.h:276:20) in function 'produce_em_jet_cluster_stream_from_towers' completely with a factor of 7
remark: calorimeter.cpp:472:0: Unrolling loop 'VITIS_LOOP_276_2' (./calorimeter.h:276:20) in function 'produce_em_jet_cluster_stream_from_towers' completely with a factor of 7
remark: calorimeter.cpp:473:16: Applying array_partition to 'linebuf': Complete partitioning on dimension 1.
remark: calorimeter.cpp:558:10: Applying array_partition to 'em_top_clusters.et': Complete partitioning on dimension 1.
remark: calorimeter.cpp:558:10: Applying array_partition to 'em_top_clusters.isolation_et': Complete partitioning on dimension 1.
remark: calorimeter.cpp:558:10: Applying array_partition to 'em_top_clusters.eta': Complete partitioning on dimension 1.
remark: calorimeter.cpp:558:10: Applying array_partition to 'em_top_clusters.phi': Complete partitioning on dimension 1.
remark: calorimeter.cpp:558:10: Applying array_partition to 'em_top_clusters.window_size': Complete partitioning on dimension 1.
remark: calorimeter.cpp:558:10: Applying array_partition to 'em_top_clusters.iso_outer_size': Complete partitioning on dimension 1.
remark: calorimeter.cpp:558:10: Applying array_partition to 'em_top_clusters.valid': Complete partitioning on dimension 1.
remark: calorimeter.cpp:559:13: Applying array_partition to 'jet_top_clusters.et': Complete partitioning on dimension 1.
remark: calorimeter.cpp:559:13: Applying array_partition to 'jet_top_clusters.isolation_et': Complete partitioning on dimension 1.
remark: calorimeter.cpp:559:13: Applying array_partition to 'jet_top_clusters.eta': Complete partitioning on dimension 1.
remark: calorimeter.cpp:559:13: Applying array_partition to 'jet_top_clusters.phi': Complete partitioning on dimension 1.
remark: calorimeter.cpp:559:13: Applying array_partition to 'jet_top_clusters.window_size': Complete partitioning on dimension 1.
remark: calorimeter.cpp:559:13: Applying array_partition to 'jet_top_clusters.iso_outer_size': Complete partitioning on dimension 1.
remark: calorimeter.cpp:559:13: Applying array_partition to 'jet_top_clusters.valid': Complete partitioning on dimension 1.
remark: calorimeter.cpp:278:0: Applying array_partition to 'em_objects': Complete partitioning on dimension 1.
remark: calorimeter.cpp:278:0: Applying array_partition to 'jet_objects': Complete partitioning on dimension 1.
remark: calorimeter.cpp:552:23: Aggregating fifo (hls::stream) variable 'em_cluster_stream' with compact=bit mode in 61-bits
remark: calorimeter.cpp:553:26: Aggregating fifo (hls::stream) variable 'jet_cluster_stream' with compact=bit mode in 61-bits
remark: calorimeter.cpp:278:0: Aggregating scalar variable 'jet_objects_7' with compact=bit mode in 89-bits
remark: calorimeter.cpp:278:0: Aggregating scalar variable 'jet_objects_6' with compact=bit mode in 89-bits
remark: calorimeter.cpp:278:0: Aggregating scalar variable 'jet_objects_5' with compact=bit mode in 89-bits
remark: calorimeter.cpp:278:0: Aggregating scalar variable 'jet_objects_4' with compact=bit mode in 89-bits
remark: calorimeter.cpp:278:0: Aggregating scalar variable 'jet_objects_3' with compact=bit mode in 89-bits
remark: calorimeter.cpp:278:0: Aggregating scalar variable 'jet_objects_2' with compact=bit mode in 89-bits
remark: calorimeter.cpp:278:0: Aggregating scalar variable 'jet_objects_1' with compact=bit mode in 89-bits
remark: calorimeter.cpp:278:0: Aggregating scalar variable 'jet_objects_0' with compact=bit mode in 89-bits
remark: calorimeter.cpp:278:0: Aggregating scalar variable 'em_objects_7' with compact=bit mode in 89-bits
remark: calorimeter.cpp:278:0: Aggregating scalar variable 'em_objects_6' with compact=bit mode in 89-bits
remark: calorimeter.cpp:278:0: Aggregating scalar variable 'em_objects_5' with compact=bit mode in 89-bits
remark: calorimeter.cpp:278:0: Aggregating scalar variable 'em_objects_4' with compact=bit mode in 89-bits
remark: calorimeter.cpp:278:0: Aggregating scalar variable 'em_objects_3' with compact=bit mode in 89-bits
remark: calorimeter.cpp:278:0: Aggregating scalar variable 'em_objects_2' with compact=bit mode in 89-bits
remark: calorimeter.cpp:278:0: Aggregating scalar variable 'em_objects_1' with compact=bit mode in 89-bits
remark: calorimeter.cpp:278:0: Aggregating scalar variable 'em_objects_0' with compact=bit mode in 89-bits
remark: calorimeter.cpp:113:31: Loop 'VITIS_LOOP_113_1' is marked as complete unroll implied by the pipeline pragma
remark: calorimeter.cpp:113:31: Loop 'VITIS_LOOP_113_1' is marked as complete unroll implied by the pipeline pragma
remark: calorimeter.cpp:113:31: Loop 'VITIS_LOOP_113_1' is marked as complete unroll implied by the pipeline pragma
remark: calorimeter.cpp:113:31: Loop 'VITIS_LOOP_113_1' is marked as complete unroll implied by the pipeline pragma
remark: calorimeter.cpp:113:31: Loop 'VITIS_LOOP_113_1' is marked as complete unroll implied by the pipeline pragma
remark: calorimeter.cpp:113:31: Loop 'VITIS_LOOP_113_1' is marked as complete unroll implied by the pipeline pragma
remark: calorimeter.cpp:113:31: Cannot unroll loop 'VITIS_LOOP_113_1' (calorimeter.cpp:113:31) in function 'select_top_n_from_stream_fixed<1440>' as it has a variable trip count
remark: calorimeter.cpp:113:31: Cannot unroll loop 'VITIS_LOOP_113_1' (calorimeter.cpp:113:31) in function 'select_top_n_from_stream_fixed<1440>' as it has a variable trip count
===-------------------------------------------------------------------------===
                         Miscellaneous Ungrouped Timers
===-------------------------------------------------------------------------===

   ---User Time---   --System Time--   --User+System--   ---Wall Time---  --- Name ---
   4.5785 (100.0%)   0.3417 (100.0%)   4.9201 (100.0%)   4.9500 (100.0%)  Code Generation Time
   4.5785 (100.0%)   0.3417 (100.0%)   4.9201 (100.0%)   4.9500 (100.0%)  Total

===-------------------------------------------------------------------------===
                      ... Pass execution timing report ...
===-------------------------------------------------------------------------===
  Total Execution Time: 5.0048 seconds (5.0293 wall clock)

   ---User Time---   --System Time--   --User+System--   ---Wall Time---  --- Name ---
   0.3510 (  7.5%)   0.0731 ( 21.2%)   0.4241 (  8.5%)   0.4241 (  8.4%)  Build loop flatten cost model
   0.2377 (  5.1%)   0.0189 (  5.5%)   0.2565 (  5.1%)   0.2565 (  5.1%)  PredicateAnalyzer - Predidate Analysis
   0.1061 (  2.3%)   0.0640 ( 18.6%)   0.1700 (  3.4%)   0.1700 (  3.4%)  Auto automatic array partition analysis
   0.1162 (  2.5%)   0.0080 (  2.3%)   0.1243 (  2.5%)   0.1242 (  2.5%)  Automatic array partition transformation
   0.1134 (  2.4%)   0.0013 (  0.4%)   0.1147 (  2.3%)   0.1147 (  2.3%)  Global Value Numbering
   0.1011 (  2.2%)   0.0119 (  3.5%)   0.1130 (  2.3%)   0.1130 (  2.2%)  Auto automatic array partition analysis
   0.1077 (  2.3%)   0.0049 (  1.4%)   0.1126 (  2.3%)   0.1126 (  2.2%)  Auto automatic array partition analysis
   0.0642 (  1.4%)   0.0000 (  0.0%)   0.0642 (  1.3%)   0.0642 (  1.3%)  Global Value Numbering
   0.0629 (  1.3%)   0.0001 (  0.0%)   0.0630 (  1.3%)   0.0629 (  1.3%)  Global Value Numbering
   0.0624 (  1.3%)   0.0000 (  0.0%)   0.0624 (  1.2%)   0.0624 (  1.2%)  Global Value Numbering
   0.0618 (  1.3%)   0.0004 (  0.1%)   0.0622 (  1.2%)   0.0621 (  1.2%)  Global Value Numbering
   0.0611 (  1.3%)   0.0010 (  0.3%)   0.0621 (  1.2%)   0.0621 (  1.2%)  Global Value Numbering
   0.0571 (  1.2%)   0.0000 (  0.0%)   0.0572 (  1.1%)   0.0572 (  1.1%)  Global Value Numbering
   0.0562 (  1.2%)   0.0009 (  0.3%)   0.0571 (  1.1%)   0.0571 (  1.1%)  Global Value Numbering
   0.0559 (  1.2%)   0.0001 (  0.0%)   0.0560 (  1.1%)   0.0560 (  1.1%)  Global Value Numbering
   0.0558 (  1.2%)   0.0001 (  0.0%)   0.0559 (  1.1%)   0.0559 (  1.1%)  Global Value Numbering
   0.0547 (  1.2%)   0.0010 (  0.3%)   0.0557 (  1.1%)   0.0556 (  1.1%)  Global Value Numbering
   0.0554 (  1.2%)   0.0000 (  0.0%)   0.0554 (  1.1%)   0.0554 (  1.1%)  Global Value Numbering
   0.0471 (  1.0%)   0.0010 (  0.3%)   0.0481 (  1.0%)   0.0481 (  1.0%)  Global Value Numbering
   0.0463 (  1.0%)   0.0017 (  0.5%)   0.0480 (  1.0%)   0.0480 (  1.0%)  Reflow pragma unroll loops
   0.0448 (  1.0%)   0.0003 (  0.1%)   0.0451 (  0.9%)   0.0451 (  0.9%)  Global Value Numbering
   0.0403 (  0.9%)   0.0001 (  0.0%)   0.0404 (  0.8%)   0.0404 (  0.8%)  Global Value Numbering
   0.0392 (  0.8%)   0.0011 (  0.3%)   0.0403 (  0.8%)   0.0402 (  0.8%)  Global Value Numbering
   0.0383 (  0.8%)   0.0004 (  0.1%)   0.0387 (  0.8%)   0.0387 (  0.8%)  Global Value Numbering
   0.0360 (  0.8%)   0.0020 (  0.6%)   0.0380 (  0.8%)   0.0380 (  0.8%)  ArrayPartition - Partition Arrays into Banks
   0.0358 (  0.8%)   0.0000 (  0.0%)   0.0358 (  0.7%)   0.0358 (  0.7%)  Jump Threading
   0.0341 (  0.7%)   0.0015 (  0.4%)   0.0357 (  0.7%)   0.0356 (  0.7%)  Global Value Numbering
   0.0356 (  0.8%)   0.0000 (  0.0%)   0.0356 (  0.7%)   0.0356 (  0.7%)  Generate HLS compatible IR
   0.0355 (  0.8%)   0.0001 (  0.0%)   0.0356 (  0.7%)   0.0356 (  0.7%)  Global Value Numbering
   0.0347 (  0.7%)   0.0009 (  0.3%)   0.0355 (  0.7%)   0.0355 (  0.7%)  Inliner for always_inline functions
   0.0349 (  0.7%)   0.0000 (  0.0%)   0.0349 (  0.7%)   0.0349 (  0.7%)  Global Value Numbering
   0.0148 (  0.3%)   0.0197 (  5.7%)   0.0345 (  0.7%)   0.0345 (  0.7%)  Auto automatic array partition analysis
   0.0326 (  0.7%)   0.0014 (  0.4%)   0.0340 (  0.7%)   0.0339 (  0.7%)  Global Value Numbering
   0.0336 (  0.7%)   0.0001 (  0.0%)   0.0337 (  0.7%)   0.0337 (  0.7%)  Global Value Numbering
   0.0321 (  0.7%)   0.0012 (  0.4%)   0.0334 (  0.7%)   0.0334 (  0.7%)  Combine redundant instructions
   0.0316 (  0.7%)   0.0011 (  0.3%)   0.0328 (  0.7%)   0.0327 (  0.7%)  Global Value Numbering
   0.0325 (  0.7%)   0.0000 (  0.0%)   0.0325 (  0.6%)   0.0324 (  0.6%)  Global Value Numbering
   0.0306 (  0.7%)   0.0018 (  0.5%)   0.0324 (  0.6%)   0.0324 (  0.6%)  Global Value Numbering
   0.0308 (  0.7%)   0.0015 (  0.4%)   0.0324 (  0.6%)   0.0323 (  0.6%)  Global Value Numbering
   0.0308 (  0.7%)   0.0016 (  0.5%)   0.0323 (  0.6%)   0.0323 (  0.6%)  Global Value Numbering
   0.0315 (  0.7%)   0.0008 (  0.2%)   0.0323 (  0.6%)   0.0323 (  0.6%)  Global Value Numbering
   0.0317 (  0.7%)   0.0006 (  0.2%)   0.0323 (  0.6%)   0.0323 (  0.6%)  Global Value Numbering
   0.0322 (  0.7%)   0.0000 (  0.0%)   0.0322 (  0.6%)   0.0322 (  0.6%)  Global Value Numbering
   0.0314 (  0.7%)   0.0007 (  0.2%)   0.0321 (  0.6%)   0.0321 (  0.6%)  Global Value Numbering
   0.0311 (  0.7%)   0.0009 (  0.3%)   0.0320 (  0.6%)   0.0320 (  0.6%)  Global Value Numbering
   0.0319 (  0.7%)   0.0000 (  0.0%)   0.0320 (  0.6%)   0.0320 (  0.6%)  Global Value Numbering
   0.0009 (  0.0%)   0.0000 (  0.0%)   0.0009 (  0.0%)   0.0308 (  0.6%)  Collect complexity metrics for FE reflow
   0.0295 (  0.6%)   0.0010 (  0.3%)   0.0305 (  0.6%)   0.0305 (  0.6%)  Global Value Numbering
   0.0244 (  0.5%)   0.0000 (  0.0%)   0.0244 (  0.5%)   0.0244 (  0.5%)  Struct object aggregation
   0.0211 (  0.5%)   0.0006 (  0.2%)   0.0217 (  0.4%)   0.0217 (  0.4%)  Value Propagation
   0.0206 (  0.4%)   0.0002 (  0.1%)   0.0208 (  0.4%)   0.0208 (  0.4%)  Global Value Numbering
   0.0196 (  0.4%)   0.0010 (  0.3%)   0.0206 (  0.4%)   0.0206 (  0.4%)  Global Value Numbering
   0.0190 (  0.4%)   0.0001 (  0.0%)   0.0191 (  0.4%)   0.0191 (  0.4%)  Global Value Numbering
   0.0184 (  0.4%)   0.0000 (  0.0%)   0.0184 (  0.4%)   0.0184 (  0.4%)  Global Value Numbering
   0.0181 (  0.4%)   0.0001 (  0.0%)   0.0182 (  0.4%)   0.0182 (  0.4%)  Value Propagation
   0.0181 (  0.4%)   0.0000 (  0.0%)   0.0181 (  0.4%)   0.0181 (  0.4%)  Value Propagation
   0.0179 (  0.4%)   0.0001 (  0.0%)   0.0180 (  0.4%)   0.0180 (  0.4%)  Value Propagation
   0.0176 (  0.4%)   0.0004 (  0.1%)   0.0180 (  0.4%)   0.0180 (  0.4%)  Value Propagation
   0.0177 (  0.4%)   0.0000 (  0.0%)   0.0177 (  0.4%)   0.0177 (  0.4%)  Global Value Numbering
   0.0177 (  0.4%)   0.0000 (  0.0%)   0.0177 (  0.4%)   0.0177 (  0.4%)  Global Value Numbering
   0.0172 (  0.4%)   0.0000 (  0.0%)   0.0172 (  0.3%)   0.0172 (  0.3%)  Lower intermediate type generated by HLSGen
   0.0169 (  0.4%)   0.0000 (  0.0%)   0.0169 (  0.3%)   0.0169 (  0.3%)  Object Decomposition
   0.0167 (  0.4%)   0.0002 (  0.0%)   0.0168 (  0.3%)   0.0168 (  0.3%)  Value Propagation
   0.0126 (  0.3%)   0.0020 (  0.6%)   0.0146 (  0.3%)   0.0146 (  0.3%)  Detach IR Wrapper
   0.0145 (  0.3%)   0.0001 (  0.0%)   0.0146 (  0.3%)   0.0146 (  0.3%)  Value Propagation
   0.0137 (  0.3%)   0.0001 (  0.0%)   0.0138 (  0.3%)   0.0138 (  0.3%)  Loop Invariant Code Motion
   0.0125 (  0.3%)   0.0000 (  0.0%)   0.0125 (  0.3%)   0.0125 (  0.2%)  MemSSAOpt - Memory SSA based optimizations
   0.0122 (  0.3%)   0.0002 (  0.0%)   0.0124 (  0.2%)   0.0124 (  0.2%)  Value Propagation
   0.0112 (  0.2%)   0.0006 (  0.2%)   0.0119 (  0.2%)   0.0119 (  0.2%)  AutoDepPragmaInfer - Auto Dependence Pragma Infer
   0.0114 (  0.2%)   0.0003 (  0.1%)   0.0117 (  0.2%)   0.0117 (  0.2%)  Deduce function attributes
   0.0111 (  0.2%)   0.0001 (  0.0%)   0.0111 (  0.2%)   0.0111 (  0.2%)  Value Propagation
   0.0104 (  0.2%)   0.0000 (  0.0%)   0.0104 (  0.2%)   0.0104 (  0.2%)  ReflowCheckPragmaConflicts - check pragma conflicts in reflow
   0.0104 (  0.2%)   0.0000 (  0.0%)   0.0104 (  0.2%)   0.0104 (  0.2%)  AlignMemory - Align memory accesses
   0.0096 (  0.2%)   0.0008 (  0.2%)   0.0103 (  0.2%)   0.0103 (  0.2%)  Combine redundant instructions
   0.0102 (  0.2%)   0.0000 (  0.0%)   0.0102 (  0.2%)   0.0102 (  0.2%)  AlignMemory - Align memory accesses
   0.0101 (  0.2%)   0.0000 (  0.0%)   0.0101 (  0.2%)   0.0101 (  0.2%)  Induction Variable Simplification
   0.0100 (  0.2%)   0.0000 (  0.0%)   0.0100 (  0.2%)   0.0099 (  0.2%)  Induction Variable Simplification
   0.0097 (  0.2%)   0.0002 (  0.1%)   0.0099 (  0.2%)   0.0099 (  0.2%)  AlignMemory - Align memory accesses
   0.0070 (  0.1%)   0.0027 (  0.8%)   0.0097 (  0.2%)   0.0097 (  0.2%)  AlignMemory - Align memory accesses
   0.0089 (  0.2%)   0.0007 (  0.2%)   0.0096 (  0.2%)   0.0096 (  0.2%)  Induction Variable Simplification
   0.0089 (  0.2%)   0.0000 (  0.0%)   0.0089 (  0.2%)   0.0089 (  0.2%)  Bitcode for HLS
   0.0088 (  0.2%)   0.0001 (  0.0%)   0.0088 (  0.2%)   0.0088 (  0.2%)  Memory SSA
   0.0085 (  0.2%)   0.0003 (  0.1%)   0.0088 (  0.2%)   0.0088 (  0.2%)  Memory SSA
   0.0087 (  0.2%)   0.0000 (  0.0%)   0.0087 (  0.2%)   0.0087 (  0.2%)  Memory SSA
   0.0086 (  0.2%)   0.0000 (  0.0%)   0.0087 (  0.2%)   0.0087 (  0.2%)  Combine redundant instructions
   0.0077 (  0.2%)   0.0009 (  0.3%)   0.0086 (  0.2%)   0.0086 (  0.2%)  Combine redundant instructions
   0.0080 (  0.2%)   0.0005 (  0.1%)   0.0085 (  0.2%)   0.0085 (  0.2%)  Combine redundant instructions
   0.0084 (  0.2%)   0.0000 (  0.0%)   0.0084 (  0.2%)   0.0084 (  0.2%)  Memory SSA
   0.0083 (  0.2%)   0.0000 (  0.0%)   0.0083 (  0.2%)   0.0083 (  0.2%)  Early GVN Hoisting of Expressions
   0.0083 (  0.2%)   0.0000 (  0.0%)   0.0083 (  0.2%)   0.0083 (  0.2%)  Loop Invariant Code Motion
   0.0082 (  0.2%)   0.0000 (  0.0%)   0.0082 (  0.2%)   0.0082 (  0.2%)  Induction Variable Simplification
   0.0071 (  0.2%)   0.0010 (  0.3%)   0.0081 (  0.2%)   0.0081 (  0.2%)   automatic function inline driven by performance to break up circuit dependence
   0.0064 (  0.1%)   0.0017 (  0.5%)   0.0081 (  0.2%)   0.0080 (  0.2%)  Combine redundant instructions
   0.0079 (  0.2%)   0.0001 (  0.0%)   0.0080 (  0.2%)   0.0079 (  0.2%)  Combine redundant instructions
   0.0068 (  0.1%)   0.0010 (  0.3%)   0.0078 (  0.2%)   0.0078 (  0.2%)  Undecay arrays
   0.0068 (  0.1%)   0.0010 (  0.3%)   0.0077 (  0.2%)   0.0077 (  0.2%)  Induction Variable Simplification
   0.0076 (  0.2%)   0.0000 (  0.0%)   0.0076 (  0.2%)   0.0076 (  0.2%)  Combine redundant instructions
   0.0072 (  0.2%)   0.0001 (  0.0%)   0.0073 (  0.1%)   0.0073 (  0.1%)  Early GVN Hoisting of Expressions
   0.0072 (  0.2%)   0.0000 (  0.0%)   0.0073 (  0.1%)   0.0073 (  0.1%)  Value Propagation
   0.0070 (  0.1%)   0.0002 (  0.1%)   0.0071 (  0.1%)   0.0071 (  0.1%)  Dead Store Elimination
   0.0070 (  0.2%)   0.0001 (  0.0%)   0.0071 (  0.1%)   0.0071 (  0.1%)  Early GVN Hoisting of Expressions
   0.0066 (  0.1%)   0.0005 (  0.2%)   0.0071 (  0.1%)   0.0071 (  0.1%)  Early GVN Hoisting of Expressions
   0.0070 (  0.1%)   0.0001 (  0.0%)   0.0071 (  0.1%)   0.0071 (  0.1%)  Early GVN Hoisting of Expressions
   0.0070 (  0.1%)   0.0000 (  0.0%)   0.0070 (  0.1%)   0.0070 (  0.1%)  Loop Load Elimination
   0.0069 (  0.1%)   0.0000 (  0.0%)   0.0069 (  0.1%)   0.0069 (  0.1%)  Induction Variable Simplification
   0.0065 (  0.1%)   0.0003 (  0.1%)   0.0069 (  0.1%)   0.0069 (  0.1%)  Dead Store Elimination
   0.0069 (  0.1%)   0.0000 (  0.0%)   0.0069 (  0.1%)   0.0069 (  0.1%)  Simplify the CFG
   0.0067 (  0.1%)   0.0001 (  0.0%)   0.0068 (  0.1%)   0.0068 (  0.1%)  Dead Store Elimination
   0.0066 (  0.1%)   0.0000 (  0.0%)   0.0066 (  0.1%)   0.0066 (  0.1%)  Memory Summary
   0.0066 (  0.1%)   0.0000 (  0.0%)   0.0066 (  0.1%)   0.0066 (  0.1%)  AlignMemory - Align memory accesses
   0.0065 (  0.1%)   0.0000 (  0.0%)   0.0066 (  0.1%)   0.0066 (  0.1%)  Early GVN Hoisting of Expressions
   0.0059 (  0.1%)   0.0004 (  0.1%)   0.0064 (  0.1%)   0.0064 (  0.1%)  AlignMemory - Align memory accesses
   0.0060 (  0.1%)   0.0003 (  0.1%)   0.0063 (  0.1%)   0.0063 (  0.1%)  Dead Store Elimination
   0.0061 (  0.1%)   0.0001 (  0.0%)   0.0063 (  0.1%)   0.0062 (  0.1%)  Dead Store Elimination
   0.0060 (  0.1%)   0.0002 (  0.1%)   0.0062 (  0.1%)   0.0062 (  0.1%)  Dead Store Elimination
   0.0062 (  0.1%)   0.0000 (  0.0%)   0.0063 (  0.1%)   0.0062 (  0.1%)  Combine redundant instructions
   0.0062 (  0.1%)   0.0000 (  0.0%)   0.0062 (  0.1%)   0.0062 (  0.1%)  Dead Store Elimination
   0.0062 (  0.1%)   0.0000 (  0.0%)   0.0062 (  0.1%)   0.0062 (  0.1%)  Dead Store Elimination
   0.0061 (  0.1%)   0.0001 (  0.0%)   0.0061 (  0.1%)   0.0061 (  0.1%)  Dead Store Elimination
   0.0056 (  0.1%)   0.0005 (  0.2%)   0.0061 (  0.1%)   0.0061 (  0.1%)  Combine redundant instructions
   0.0061 (  0.1%)   0.0000 (  0.0%)   0.0061 (  0.1%)   0.0061 (  0.1%)  Value Propagation
   0.0060 (  0.1%)   0.0001 (  0.0%)   0.0060 (  0.1%)   0.0060 (  0.1%)  Dead Store Elimination
   0.0057 (  0.1%)   0.0003 (  0.1%)   0.0060 (  0.1%)   0.0060 (  0.1%)  Dead Store Elimination
   0.0059 (  0.1%)   0.0001 (  0.0%)   0.0060 (  0.1%)   0.0060 (  0.1%)  Dead Store Elimination
   0.0059 (  0.1%)   0.0000 (  0.0%)   0.0059 (  0.1%)   0.0059 (  0.1%)  Dead Store Elimination
   0.0059 (  0.1%)   0.0001 (  0.0%)   0.0059 (  0.1%)   0.0059 (  0.1%)  Combine redundant instructions
   0.0059 (  0.1%)   0.0000 (  0.0%)   0.0059 (  0.1%)   0.0059 (  0.1%)  Dead Store Elimination
   0.0054 (  0.1%)   0.0004 (  0.1%)   0.0058 (  0.1%)   0.0058 (  0.1%)  Combine redundant instructions
   0.0058 (  0.1%)   0.0000 (  0.0%)   0.0058 (  0.1%)   0.0058 (  0.1%)  Combine redundant instructions
   0.0058 (  0.1%)   0.0000 (  0.0%)   0.0058 (  0.1%)   0.0058 (  0.1%)  Combine redundant instructions
   0.0053 (  0.1%)   0.0005 (  0.2%)   0.0058 (  0.1%)   0.0058 (  0.1%)  Combine redundant instructions
   0.0058 (  0.1%)   0.0000 (  0.0%)   0.0058 (  0.1%)   0.0058 (  0.1%)  Dead Store Elimination
   0.0053 (  0.1%)   0.0005 (  0.1%)   0.0058 (  0.1%)   0.0058 (  0.1%)  Combine redundant instructions
   0.0057 (  0.1%)   0.0000 (  0.0%)   0.0057 (  0.1%)   0.0057 (  0.1%)  ROM inference pass
   0.0055 (  0.1%)   0.0003 (  0.1%)   0.0057 (  0.1%)   0.0057 (  0.1%)  Value Propagation
   0.0056 (  0.1%)   0.0001 (  0.0%)   0.0057 (  0.1%)   0.0057 (  0.1%)  Value Propagation
   0.0057 (  0.1%)   0.0000 (  0.0%)   0.0057 (  0.1%)   0.0057 (  0.1%)  Dead Store Elimination
   0.0050 (  0.1%)   0.0006 (  0.2%)   0.0057 (  0.1%)   0.0057 (  0.1%)  Analyze sequential accesses
   0.0056 (  0.1%)   0.0000 (  0.0%)   0.0056 (  0.1%)   0.0056 (  0.1%)  AlignMemory - Align memory accesses
   0.0056 (  0.1%)   0.0000 (  0.0%)   0.0056 (  0.1%)   0.0056 (  0.1%)  AutoDepPragmaInfer - Auto Dependence Pragma Infer
   0.0053 (  0.1%)   0.0000 (  0.0%)   0.0053 (  0.1%)   0.0053 (  0.1%)  Lower HLS related loops
   0.0053 (  0.1%)   0.0000 (  0.0%)   0.0053 (  0.1%)   0.0053 (  0.1%)  Early GVN Hoisting of Expressions
   0.0053 (  0.1%)   0.0000 (  0.0%)   0.0053 (  0.1%)   0.0053 (  0.1%)  Memory SSA
   0.0052 (  0.1%)   0.0000 (  0.0%)   0.0052 (  0.1%)   0.0052 (  0.1%)  Memory SSA
   0.0051 (  0.1%)   0.0001 (  0.0%)   0.0052 (  0.1%)   0.0052 (  0.1%)  Memory SSA
   0.0052 (  0.1%)   0.0000 (  0.0%)   0.0052 (  0.1%)   0.0052 (  0.1%)  AlignMemory - Align memory accesses
   0.0051 (  0.1%)   0.0000 (  0.0%)   0.0051 (  0.1%)   0.0051 (  0.1%)  AlignMemory - Align memory accesses
   0.0051 (  0.1%)   0.0000 (  0.0%)   0.0051 (  0.1%)   0.0051 (  0.1%)  Memory Summary
   0.0051 (  0.1%)   0.0000 (  0.0%)   0.0051 (  0.1%)   0.0051 (  0.1%)  Memory SSA
   0.0050 (  0.1%)   0.0001 (  0.0%)   0.0051 (  0.1%)   0.0051 (  0.1%)  Loop Invariant Code Motion
   0.0038 (  0.1%)   0.0012 (  0.3%)   0.0049 (  0.1%)   0.0049 (  0.1%)  Reflow pragma unroll loops
   0.0049 (  0.1%)   0.0000 (  0.0%)   0.0049 (  0.1%)   0.0049 (  0.1%)  Interprocedural Sparse Conditional Constant Propagation
   0.0048 (  0.1%)   0.0000 (  0.0%)   0.0048 (  0.1%)   0.0048 (  0.1%)  Combine redundant instructions
   0.0047 (  0.1%)   0.0000 (  0.0%)   0.0047 (  0.1%)   0.0047 (  0.1%)  Interprocedural Sparse Conditional Constant Propagation
   0.0047 (  0.1%)   0.0000 (  0.0%)   0.0047 (  0.1%)   0.0047 (  0.1%)  Reflow pragma unroll loops
   0.0047 (  0.1%)   0.0000 (  0.0%)   0.0047 (  0.1%)   0.0047 (  0.1%)  Induction Variable Simplification
   0.0046 (  0.1%)   0.0000 (  0.0%)   0.0047 (  0.1%)   0.0047 (  0.1%)  Induction Variable Simplification
   0.0046 (  0.1%)   0.0000 (  0.0%)   0.0046 (  0.1%)   0.0046 (  0.1%)  Loop Invariant Code Motion
   0.0045 (  0.1%)   0.0000 (  0.0%)   0.0045 (  0.1%)   0.0045 (  0.1%)  Automatically infer occurrence information
   0.0044 (  0.1%)   0.0000 (  0.0%)   0.0044 (  0.1%)   0.0044 (  0.1%)  Combine redundant instructions
   0.0042 (  0.1%)   0.0000 (  0.0%)   0.0042 (  0.1%)   0.0042 (  0.1%)  Synthesis checker
   0.0039 (  0.1%)   0.0003 (  0.1%)   0.0042 (  0.1%)   0.0042 (  0.1%)  Merge accesses
   0.0041 (  0.1%)   0.0000 (  0.0%)   0.0041 (  0.1%)   0.0041 (  0.1%)  AnnotateNoAlias - Annotate NoAlias Attribute on Arguments
   0.0038 (  0.1%)   0.0003 (  0.1%)   0.0041 (  0.1%)   0.0041 (  0.1%)  Merge accesses
   0.0035 (  0.1%)   0.0005 (  0.1%)   0.0040 (  0.1%)   0.0040 (  0.1%)  Merge accesses
   0.0040 (  0.1%)   0.0000 (  0.0%)   0.0040 (  0.1%)   0.0040 (  0.1%)  Merge accesses
   0.0027 (  0.1%)   0.0012 (  0.4%)   0.0039 (  0.1%)   0.0039 (  0.1%)  Deduce function attributes
   0.0032 (  0.1%)   0.0006 (  0.2%)   0.0039 (  0.1%)   0.0039 (  0.1%)  Infer complete unroll based on pipeline pragma
   0.0038 (  0.1%)   0.0000 (  0.0%)   0.0038 (  0.1%)   0.0038 (  0.1%)  Reflow pragma unroll loops
   0.0028 (  0.1%)   0.0009 (  0.3%)   0.0038 (  0.1%)   0.0038 (  0.1%)  Combine redundant instructions
   0.0028 (  0.1%)   0.0009 (  0.3%)   0.0037 (  0.1%)   0.0037 (  0.1%)  Remove redundant instructions
   0.0034 (  0.1%)   0.0002 (  0.0%)   0.0036 (  0.1%)   0.0036 (  0.1%)  Combine redundant instructions
   0.0036 (  0.1%)   0.0000 (  0.0%)   0.0036 (  0.1%)   0.0036 (  0.1%)  Early GVN Hoisting of Expressions
   0.0031 (  0.1%)   0.0005 (  0.1%)   0.0036 (  0.1%)   0.0036 (  0.1%)  Function Alias Analysis Results
   0.0035 (  0.1%)   0.0000 (  0.0%)   0.0035 (  0.1%)   0.0035 (  0.1%)  Loop Invariant Code Motion
   0.0028 (  0.1%)   0.0007 (  0.2%)   0.0036 (  0.1%)   0.0035 (  0.1%)  Function Alias Analysis Results
   0.0035 (  0.1%)   0.0000 (  0.0%)   0.0035 (  0.1%)   0.0035 (  0.1%)  Early GVN Hoisting of Expressions
   0.0035 (  0.1%)   0.0000 (  0.0%)   0.0035 (  0.1%)   0.0035 (  0.1%)  Jump Threading
   0.0016 (  0.0%)   0.0019 (  0.5%)   0.0035 (  0.1%)   0.0035 (  0.1%)  Print module to file
   0.0034 (  0.1%)   0.0000 (  0.0%)   0.0035 (  0.1%)   0.0034 (  0.1%)  AnnotateNoAlias - Annotate NoAlias Attribute on Arguments
   0.0034 (  0.1%)   0.0000 (  0.0%)   0.0034 (  0.1%)   0.0034 (  0.1%)  Value Propagation
   0.0032 (  0.1%)   0.0002 (  0.1%)   0.0034 (  0.1%)   0.0034 (  0.1%)  Value Propagation
   0.0032 (  0.1%)   0.0000 (  0.0%)   0.0033 (  0.1%)   0.0032 (  0.1%)  Remove redundant instructions
   0.0032 (  0.1%)   0.0000 (  0.0%)   0.0032 (  0.1%)   0.0032 (  0.1%)  Lower HLS related attributes
   0.0032 (  0.1%)   0.0000 (  0.0%)   0.0032 (  0.1%)   0.0032 (  0.1%)  Value Propagation
   0.0031 (  0.1%)   0.0001 (  0.0%)   0.0032 (  0.1%)   0.0032 (  0.1%)  Value Propagation
   0.0032 (  0.1%)   0.0000 (  0.0%)   0.0032 (  0.1%)   0.0032 (  0.1%)  Memory SSA
   0.0032 (  0.1%)   0.0000 (  0.0%)   0.0032 (  0.1%)   0.0032 (  0.1%)  AccessGroup - Group the memory access for the same object
   0.0032 (  0.1%)   0.0000 (  0.0%)   0.0032 (  0.1%)   0.0032 (  0.1%)  Synthesis checker
   0.0031 (  0.1%)   0.0001 (  0.0%)   0.0032 (  0.1%)   0.0032 (  0.1%)  Early GVN Hoisting of Expressions
   0.0026 (  0.1%)   0.0006 (  0.2%)   0.0032 (  0.1%)   0.0032 (  0.1%)  Dead Store Elimination
   0.0031 (  0.1%)   0.0001 (  0.0%)   0.0032 (  0.1%)   0.0032 (  0.1%)  Loop Invariant Code Motion
   0.0031 (  0.1%)   0.0001 (  0.0%)   0.0032 (  0.1%)   0.0032 (  0.1%)  Dead Store Elimination
   0.0026 (  0.1%)   0.0006 (  0.2%)   0.0032 (  0.1%)   0.0032 (  0.1%)  Remove redundant instructions
   0.0031 (  0.1%)   0.0000 (  0.0%)   0.0031 (  0.1%)   0.0031 (  0.1%)  Memory SSA
   0.0029 (  0.1%)   0.0002 (  0.1%)   0.0031 (  0.1%)   0.0031 (  0.1%)  Dead Store Elimination
   0.0031 (  0.1%)   0.0000 (  0.0%)   0.0031 (  0.1%)   0.0031 (  0.1%)  Dead Store Elimination
   0.0031 (  0.1%)   0.0000 (  0.0%)   0.0031 (  0.1%)   0.0031 (  0.1%)  Memory SSA
   0.0031 (  0.1%)   0.0000 (  0.0%)   0.0031 (  0.1%)   0.0031 (  0.1%)  Dead Store Elimination
   0.0031 (  0.1%)   0.0000 (  0.0%)   0.0031 (  0.1%)   0.0031 (  0.1%)  Dead Store Elimination
   0.0028 (  0.1%)   0.0003 (  0.1%)   0.0031 (  0.1%)   0.0031 (  0.1%)  Dead Store Elimination
   0.0031 (  0.1%)   0.0000 (  0.0%)   0.0031 (  0.1%)   0.0031 (  0.1%)  Array out of bound check
   0.0030 (  0.1%)   0.0000 (  0.0%)   0.0030 (  0.1%)   0.0030 (  0.1%)  Collect complexity metrics for FE reflow
   0.0025 (  0.1%)   0.0006 (  0.2%)   0.0031 (  0.1%)   0.0030 (  0.1%)  Combine redundant instructions
   0.0030 (  0.1%)   0.0000 (  0.0%)   0.0030 (  0.1%)   0.0030 (  0.1%)  Deduce function attributes
   0.0030 (  0.1%)   0.0000 (  0.0%)   0.0030 (  0.1%)   0.0030 (  0.1%)  Achieval II estimation - estimate acheival II lower bound according to constraint
   0.0020 (  0.0%)   0.0010 (  0.3%)   0.0030 (  0.1%)   0.0030 (  0.1%)  Memory Summary
   0.0029 (  0.1%)   0.0000 (  0.0%)   0.0029 (  0.1%)   0.0029 (  0.1%)  Remove redundant instructions
   0.0029 (  0.1%)   0.0000 (  0.0%)   0.0029 (  0.1%)   0.0029 (  0.1%)  Memory SSA
   0.0024 (  0.1%)   0.0005 (  0.1%)   0.0029 (  0.1%)   0.0029 (  0.1%)  Rotate Loops
   0.0028 (  0.1%)   0.0001 (  0.0%)   0.0029 (  0.1%)   0.0029 (  0.1%)  Memory SSA
   0.0028 (  0.1%)   0.0000 (  0.0%)   0.0029 (  0.1%)   0.0029 (  0.1%)  Simplify the CFG
   0.0026 (  0.1%)   0.0002 (  0.1%)   0.0028 (  0.1%)   0.0028 (  0.1%)  Array out of bound check
   0.0025 (  0.1%)   0.0004 (  0.1%)   0.0029 (  0.1%)   0.0028 (  0.1%)  Simplify the CFG
   0.0028 (  0.1%)   0.0000 (  0.0%)   0.0028 (  0.1%)   0.0028 (  0.1%)  Achieval II estimation - estimate acheival II lower bound according to constraint
   0.0028 (  0.1%)   0.0000 (  0.0%)   0.0028 (  0.1%)   0.0028 (  0.1%)  Memory SSA
   0.0028 (  0.1%)   0.0000 (  0.0%)   0.0028 (  0.1%)   0.0028 (  0.1%)  Dump HBM driver helper code
   0.0024 (  0.1%)   0.0005 (  0.1%)   0.0028 (  0.1%)   0.0028 (  0.1%)  Memory SSA
   0.0028 (  0.1%)   0.0000 (  0.0%)   0.0028 (  0.1%)   0.0028 (  0.1%)  Memory Summary
   0.0027 (  0.1%)   0.0001 (  0.0%)   0.0028 (  0.1%)   0.0028 (  0.1%)  Memory SSA
   0.0028 (  0.1%)   0.0000 (  0.0%)   0.0028 (  0.1%)   0.0028 (  0.1%)  Generate IR Wrapper
   0.0027 (  0.1%)   0.0000 (  0.0%)   0.0027 (  0.1%)   0.0027 (  0.1%)  Memory SSA
   0.0027 (  0.1%)   0.0000 (  0.0%)   0.0027 (  0.1%)   0.0027 (  0.1%)  Simplify the CFG
   0.0026 (  0.1%)   0.0002 (  0.0%)   0.0027 (  0.1%)   0.0027 (  0.1%)  Memory SSA
   0.0027 (  0.1%)   0.0000 (  0.0%)   0.0027 (  0.1%)   0.0027 (  0.1%)  Memory SSA
   0.0020 (  0.0%)   0.0007 (  0.2%)   0.0026 (  0.1%)   0.0026 (  0.1%)  Remove redundant instructions
   0.0026 (  0.1%)   0.0000 (  0.0%)   0.0026 (  0.1%)   0.0026 (  0.1%)  Simplify the CFG
   0.0026 (  0.1%)   0.0000 (  0.0%)   0.0026 (  0.1%)   0.0026 (  0.1%)  Deduce function attributes
   0.0018 (  0.0%)   0.0008 (  0.2%)   0.0026 (  0.1%)   0.0026 (  0.1%)  Remove redundant instructions
   0.0026 (  0.1%)   0.0000 (  0.0%)   0.0026 (  0.1%)   0.0026 (  0.1%)  Pragma preprocessing after clang
   0.0018 (  0.0%)   0.0007 (  0.2%)   0.0025 (  0.1%)   0.0025 (  0.1%)  LegacyShiftRegisterRecognize - Recognize shift registers and memory
   0.0025 (  0.1%)   0.0000 (  0.0%)   0.0025 (  0.1%)   0.0025 (  0.0%)  Remove redundant instructions
   0.0024 (  0.1%)   0.0001 (  0.0%)   0.0025 (  0.1%)   0.0025 (  0.0%)  Loop Invariant Code Motion
   0.0023 (  0.0%)   0.0002 (  0.1%)   0.0025 (  0.1%)   0.0025 (  0.0%)  Remove redundant instructions
   0.0024 (  0.1%)   0.0001 (  0.0%)   0.0025 (  0.1%)   0.0025 (  0.0%)  Remove redundant instructions
   0.0025 (  0.1%)   0.0000 (  0.0%)   0.0025 (  0.0%)   0.0025 (  0.0%)  Simplify the CFG
   0.0024 (  0.1%)   0.0000 (  0.0%)   0.0025 (  0.0%)   0.0025 (  0.0%)  Remove redundant instructions
   0.0025 (  0.1%)   0.0000 (  0.0%)   0.0025 (  0.0%)   0.0025 (  0.0%)  Array out of bound check
   0.0024 (  0.1%)   0.0000 (  0.0%)   0.0025 (  0.0%)   0.0024 (  0.0%)  Dead Store Elimination
   0.0024 (  0.1%)   0.0000 (  0.0%)   0.0024 (  0.0%)   0.0024 (  0.0%)  Reflow pipeline loop automatically
   0.0024 (  0.1%)   0.0001 (  0.0%)   0.0025 (  0.0%)   0.0024 (  0.0%)  Remove redundant instructions
   0.0024 (  0.1%)   0.0000 (  0.0%)   0.0024 (  0.0%)   0.0024 (  0.0%)  Straight line strength reduction
   0.0024 (  0.1%)   0.0000 (  0.0%)   0.0024 (  0.0%)   0.0024 (  0.0%)  Array out of bound check
   0.0024 (  0.1%)   0.0000 (  0.0%)   0.0024 (  0.0%)   0.0024 (  0.0%)  Array out of bound check
   0.0024 (  0.1%)   0.0000 (  0.0%)   0.0024 (  0.0%)   0.0024 (  0.0%)  Array out of bound check
   0.0024 (  0.1%)   0.0000 (  0.0%)   0.0024 (  0.0%)   0.0024 (  0.0%)  Array out of bound check
   0.0022 (  0.0%)   0.0001 (  0.0%)   0.0024 (  0.0%)   0.0024 (  0.0%)  Combine redundant instructions
   0.0023 (  0.0%)   0.0001 (  0.0%)   0.0024 (  0.0%)   0.0024 (  0.0%)  Value Propagation
   0.0014 (  0.0%)   0.0010 (  0.3%)   0.0024 (  0.0%)   0.0024 (  0.0%)  Aggressive Dead Code Elimination
   0.0024 (  0.1%)   0.0000 (  0.0%)   0.0024 (  0.0%)   0.0024 (  0.0%)  Reduce the height of tree
   0.0023 (  0.0%)   0.0001 (  0.0%)   0.0023 (  0.0%)   0.0023 (  0.0%)  Automatic data reuse optimization
   0.0023 (  0.0%)   0.0000 (  0.0%)   0.0023 (  0.0%)   0.0023 (  0.0%)  Remove redundant instructions
   0.0022 (  0.0%)   0.0001 (  0.0%)   0.0023 (  0.0%)   0.0023 (  0.0%)  Dead Store Elimination
   0.0014 (  0.0%)   0.0009 (  0.3%)   0.0023 (  0.0%)   0.0023 (  0.0%)  Reflow pragma unroll loops
   0.0023 (  0.0%)   0.0000 (  0.0%)   0.0023 (  0.0%)   0.0023 (  0.0%)  Infer nuw/nsw flags for instructions
   0.0016 (  0.0%)   0.0006 (  0.2%)   0.0022 (  0.0%)   0.0022 (  0.0%)  Memory Summary
   0.0022 (  0.0%)   0.0000 (  0.0%)   0.0022 (  0.0%)   0.0022 (  0.0%)  Simplify the CFG
   0.0022 (  0.0%)   0.0000 (  0.0%)   0.0022 (  0.0%)   0.0022 (  0.0%)  Inliner for always_inline functions
   0.0022 (  0.0%)   0.0000 (  0.0%)   0.0022 (  0.0%)   0.0022 (  0.0%)  Remove redundant instructions
   0.0021 (  0.0%)   0.0000 (  0.0%)   0.0021 (  0.0%)   0.0021 (  0.0%)  Dataflow Process Duplication
   0.0016 (  0.0%)   0.0005 (  0.1%)   0.0021 (  0.0%)   0.0021 (  0.0%)  Memory SSA
   0.0021 (  0.0%)   0.0000 (  0.0%)   0.0021 (  0.0%)   0.0021 (  0.0%)  Memory SSA
   0.0020 (  0.0%)   0.0001 (  0.0%)   0.0021 (  0.0%)   0.0021 (  0.0%)  Combine redundant instructions
   0.0020 (  0.0%)   0.0000 (  0.0%)   0.0021 (  0.0%)   0.0020 (  0.0%)  Dead Store Elimination
   0.0020 (  0.0%)   0.0000 (  0.0%)   0.0020 (  0.0%)   0.0020 (  0.0%)  Promote 'by reference' arguments to scalars
   0.0020 (  0.0%)   0.0000 (  0.0%)   0.0020 (  0.0%)   0.0020 (  0.0%)  Collect complexity metrics for FE reflow
   0.0019 (  0.0%)   0.0001 (  0.0%)   0.0020 (  0.0%)   0.0020 (  0.0%)  Aggressive Dead Code Elimination
   0.0010 (  0.0%)   0.0010 (  0.3%)   0.0020 (  0.0%)   0.0020 (  0.0%)  Loop Invariant Code Motion
   0.0010 (  0.0%)   0.0009 (  0.3%)   0.0019 (  0.0%)   0.0019 (  0.0%)  Collect complexity metrics for FE reflow
   0.0019 (  0.0%)   0.0000 (  0.0%)   0.0019 (  0.0%)   0.0019 (  0.0%)  Produce message if basic block has too many instructions
   0.0019 (  0.0%)   0.0000 (  0.0%)   0.0019 (  0.0%)   0.0019 (  0.0%)  Combine redundant instructions
   0.0018 (  0.0%)   0.0002 (  0.0%)   0.0019 (  0.0%)   0.0019 (  0.0%)  Infer nuw/nsw flags for instructions
   0.0019 (  0.0%)   0.0000 (  0.0%)   0.0019 (  0.0%)   0.0019 (  0.0%)  LoopFlattenMark - Mark nested loops flattenable recursively
   0.0018 (  0.0%)   0.0000 (  0.0%)   0.0018 (  0.0%)   0.0018 (  0.0%)  Remove redundant instructions
   0.0014 (  0.0%)   0.0005 (  0.1%)   0.0018 (  0.0%)   0.0018 (  0.0%)  Combine redundant instructions
   0.0017 (  0.0%)   0.0001 (  0.0%)   0.0018 (  0.0%)   0.0018 (  0.0%)  Aggressive Dead Code Elimination
   0.0018 (  0.0%)   0.0000 (  0.0%)   0.0018 (  0.0%)   0.0018 (  0.0%)  Merge accesses
   0.0017 (  0.0%)   0.0001 (  0.0%)   0.0018 (  0.0%)   0.0017 (  0.0%)  Simplify the CFG
   0.0017 (  0.0%)   0.0001 (  0.0%)   0.0017 (  0.0%)   0.0017 (  0.0%)  Dead Store Elimination
   0.0010 (  0.0%)   0.0008 (  0.2%)   0.0017 (  0.0%)   0.0017 (  0.0%)  Collect complexity metrics for FE reflow
   0.0015 (  0.0%)   0.0002 (  0.1%)   0.0017 (  0.0%)   0.0017 (  0.0%)  Function Alias Analysis Results
   0.0015 (  0.0%)   0.0002 (  0.1%)   0.0017 (  0.0%)   0.0017 (  0.0%)  Loop Invariant Code Motion
   0.0013 (  0.0%)   0.0004 (  0.1%)   0.0017 (  0.0%)   0.0017 (  0.0%)  LoopFlattenMark - Mark nested loops flattenable recursively
   0.0014 (  0.0%)   0.0003 (  0.1%)   0.0017 (  0.0%)   0.0017 (  0.0%)  Function Alias Analysis Results
   0.0015 (  0.0%)   0.0002 (  0.1%)   0.0017 (  0.0%)   0.0017 (  0.0%)  Simple constant propagation
   0.0017 (  0.0%)   0.0000 (  0.0%)   0.0017 (  0.0%)   0.0017 (  0.0%)  LegacyShiftRegisterRecognize - Recognize shift registers and memory
   0.0013 (  0.0%)   0.0004 (  0.1%)   0.0017 (  0.0%)   0.0016 (  0.0%)  Function Alias Analysis Results
   0.0016 (  0.0%)   0.0000 (  0.0%)   0.0016 (  0.0%)   0.0016 (  0.0%)  LoopFlattenMark - Mark nested loops flattenable recursively
   0.0016 (  0.0%)   0.0001 (  0.0%)   0.0016 (  0.0%)   0.0016 (  0.0%)  Dead Store Elimination
   0.0013 (  0.0%)   0.0003 (  0.1%)   0.0016 (  0.0%)   0.0016 (  0.0%)  Function Alias Analysis Results
   0.0013 (  0.0%)   0.0004 (  0.1%)   0.0016 (  0.0%)   0.0016 (  0.0%)  Function Alias Analysis Results
   0.0012 (  0.0%)   0.0004 (  0.1%)   0.0016 (  0.0%)   0.0016 (  0.0%)  Function Alias Analysis Results
   0.0015 (  0.0%)   0.0001 (  0.0%)   0.0016 (  0.0%)   0.0016 (  0.0%)  Aggressive Dead Code Elimination
   0.0013 (  0.0%)   0.0003 (  0.1%)   0.0016 (  0.0%)   0.0016 (  0.0%)  Function Alias Analysis Results
   0.0014 (  0.0%)   0.0002 (  0.1%)   0.0016 (  0.0%)   0.0016 (  0.0%)  Function Alias Analysis Results
   0.0012 (  0.0%)   0.0004 (  0.1%)   0.0016 (  0.0%)   0.0016 (  0.0%)  Optimize multiple instructions
   0.0016 (  0.0%)   0.0000 (  0.0%)   0.0016 (  0.0%)   0.0016 (  0.0%)  AnnotateNoAlias - Annotate NoAlias Attribute on Arguments
   0.0013 (  0.0%)   0.0002 (  0.1%)   0.0016 (  0.0%)   0.0016 (  0.0%)  Function Alias Analysis Results
   0.0016 (  0.0%)   0.0000 (  0.0%)   0.0016 (  0.0%)   0.0016 (  0.0%)  Function Alias Analysis Results
   0.0016 (  0.0%)   0.0000 (  0.0%)   0.0016 (  0.0%)   0.0016 (  0.0%)  LoopFlattenMark - Mark nested loops flattenable recursively
   0.0014 (  0.0%)   0.0002 (  0.1%)   0.0016 (  0.0%)   0.0016 (  0.0%)  Function Alias Analysis Results
   0.0013 (  0.0%)   0.0003 (  0.1%)   0.0016 (  0.0%)   0.0016 (  0.0%)  Function Alias Analysis Results
   0.0013 (  0.0%)   0.0002 (  0.1%)   0.0016 (  0.0%)   0.0016 (  0.0%)  Function Alias Analysis Results
   0.0016 (  0.0%)   0.0000 (  0.0%)   0.0016 (  0.0%)   0.0016 (  0.0%)  AnnotateNoAlias - Annotate NoAlias Attribute on Arguments
   0.0014 (  0.0%)   0.0001 (  0.0%)   0.0016 (  0.0%)   0.0016 (  0.0%)  Aggressive Dead Code Elimination
   0.0014 (  0.0%)   0.0002 (  0.1%)   0.0016 (  0.0%)   0.0015 (  0.0%)  Function Alias Analysis Results
   0.0015 (  0.0%)   0.0000 (  0.0%)   0.0015 (  0.0%)   0.0015 (  0.0%)  Aggressive Dead Code Elimination
   0.0013 (  0.0%)   0.0003 (  0.1%)   0.0015 (  0.0%)   0.0015 (  0.0%)  Aggressive Dead Code Elimination
   0.0014 (  0.0%)   0.0002 (  0.1%)   0.0015 (  0.0%)   0.0015 (  0.0%)  Function Alias Analysis Results
   0.0015 (  0.0%)   0.0000 (  0.0%)   0.0015 (  0.0%)   0.0015 (  0.0%)  Function Alias Analysis Results
   0.0014 (  0.0%)   0.0002 (  0.1%)   0.0015 (  0.0%)   0.0015 (  0.0%)  Function Alias Analysis Results
   0.0015 (  0.0%)   0.0000 (  0.0%)   0.0015 (  0.0%)   0.0015 (  0.0%)  Aggressive Dead Code Elimination
   0.0010 (  0.0%)   0.0005 (  0.1%)   0.0015 (  0.0%)   0.0015 (  0.0%)  do loop unroll according tripcount threshold config
   0.0014 (  0.0%)   0.0001 (  0.0%)   0.0015 (  0.0%)   0.0015 (  0.0%)  Function Alias Analysis Results
   0.0015 (  0.0%)   0.0000 (  0.0%)   0.0015 (  0.0%)   0.0015 (  0.0%)  Simplify the CFG
   0.0015 (  0.0%)   0.0000 (  0.0%)   0.0015 (  0.0%)   0.0015 (  0.0%)  Simplify the CFG
   0.0013 (  0.0%)   0.0002 (  0.1%)   0.0015 (  0.0%)   0.0015 (  0.0%)  Function Alias Analysis Results
   0.0013 (  0.0%)   0.0002 (  0.1%)   0.0015 (  0.0%)   0.0015 (  0.0%)  Function Alias Analysis Results
   0.0013 (  0.0%)   0.0002 (  0.1%)   0.0015 (  0.0%)   0.0015 (  0.0%)  Function Alias Analysis Results
   0.0015 (  0.0%)   0.0000 (  0.0%)   0.0015 (  0.0%)   0.0015 (  0.0%)  Aggressive Dead Code Elimination
   0.0013 (  0.0%)   0.0002 (  0.1%)   0.0015 (  0.0%)   0.0015 (  0.0%)  Function Alias Analysis Results
   0.0013 (  0.0%)   0.0002 (  0.1%)   0.0015 (  0.0%)   0.0015 (  0.0%)  Function Alias Analysis Results
   0.0014 (  0.0%)   0.0001 (  0.0%)   0.0015 (  0.0%)   0.0015 (  0.0%)  Function Alias Analysis Results
   0.0004 (  0.0%)   0.0011 (  0.3%)   0.0015 (  0.0%)   0.0015 (  0.0%)  Collect complexity metrics for FE reflow
   0.0013 (  0.0%)   0.0002 (  0.1%)   0.0015 (  0.0%)   0.0015 (  0.0%)  Function Alias Analysis Results
   0.0015 (  0.0%)   0.0001 (  0.0%)   0.0015 (  0.0%)   0.0015 (  0.0%)  Simplify the CFG
   0.0015 (  0.0%)   0.0000 (  0.0%)   0.0015 (  0.0%)   0.0015 (  0.0%)  Infer complete unroll based on pipeline pragma
   0.0014 (  0.0%)   0.0000 (  0.0%)   0.0015 (  0.0%)   0.0015 (  0.0%)  Aggressive Dead Code Elimination
   0.0013 (  0.0%)   0.0002 (  0.1%)   0.0015 (  0.0%)   0.0015 (  0.0%)  Function Alias Analysis Results
   0.0015 (  0.0%)   0.0000 (  0.0%)   0.0015 (  0.0%)   0.0015 (  0.0%)  Collect complexity metrics for FE reflow
   0.0014 (  0.0%)   0.0001 (  0.0%)   0.0015 (  0.0%)   0.0015 (  0.0%)  Simplify the CFG
   0.0014 (  0.0%)   0.0001 (  0.0%)   0.0015 (  0.0%)   0.0015 (  0.0%)  Function Alias Analysis Results
   0.0015 (  0.0%)   0.0000 (  0.0%)   0.0015 (  0.0%)   0.0015 (  0.0%)  dump pragma info via xml format
   0.0015 (  0.0%)   0.0000 (  0.0%)   0.0015 (  0.0%)   0.0015 (  0.0%)  Optimize multiple instructions
   0.0013 (  0.0%)   0.0001 (  0.0%)   0.0015 (  0.0%)   0.0015 (  0.0%)  Function Alias Analysis Results
   0.0014 (  0.0%)   0.0001 (  0.0%)   0.0015 (  0.0%)   0.0015 (  0.0%)  Aggressive Dead Code Elimination
   0.0014 (  0.0%)   0.0001 (  0.0%)   0.0015 (  0.0%)   0.0015 (  0.0%)  Dead Store Elimination
   0.0012 (  0.0%)   0.0003 (  0.1%)   0.0015 (  0.0%)   0.0015 (  0.0%)  Function Alias Analysis Results
   0.0012 (  0.0%)   0.0003 (  0.1%)   0.0015 (  0.0%)   0.0015 (  0.0%)  Dead Store Elimination
   0.0012 (  0.0%)   0.0003 (  0.1%)   0.0015 (  0.0%)   0.0015 (  0.0%)  Function Alias Analysis Results
   0.0014 (  0.0%)   0.0001 (  0.0%)   0.0015 (  0.0%)   0.0015 (  0.0%)  Aggressive Dead Code Elimination
   0.0007 (  0.0%)   0.0007 (  0.2%)   0.0015 (  0.0%)   0.0014 (  0.0%)  Merge accesses in the same region
   0.0014 (  0.0%)   0.0000 (  0.0%)   0.0015 (  0.0%)   0.0014 (  0.0%)  Aggressive Dead Code Elimination
   0.0010 (  0.0%)   0.0005 (  0.1%)   0.0014 (  0.0%)   0.0014 (  0.0%)  Aggressive Dead Code Elimination
   0.0012 (  0.0%)   0.0002 (  0.1%)   0.0014 (  0.0%)   0.0014 (  0.0%)  Function Alias Analysis Results
   0.0014 (  0.0%)   0.0000 (  0.0%)   0.0014 (  0.0%)   0.0014 (  0.0%)  Aggressive Dead Code Elimination
   0.0014 (  0.0%)   0.0001 (  0.0%)   0.0014 (  0.0%)   0.0014 (  0.0%)  Aggressive Dead Code Elimination
   0.0013 (  0.0%)   0.0001 (  0.0%)   0.0014 (  0.0%)   0.0014 (  0.0%)  Aggressive Dead Code Elimination
   0.0014 (  0.0%)   0.0000 (  0.0%)   0.0014 (  0.0%)   0.0014 (  0.0%)  Optimize multiple instructions
   0.0014 (  0.0%)   0.0000 (  0.0%)   0.0014 (  0.0%)   0.0014 (  0.0%)  Dominator Tree Construction
   0.0014 (  0.0%)   0.0000 (  0.0%)   0.0014 (  0.0%)   0.0014 (  0.0%)  Simplify the CFG
   0.0014 (  0.0%)   0.0000 (  0.0%)   0.0014 (  0.0%)   0.0014 (  0.0%)  Aggressive Dead Code Elimination
   0.0012 (  0.0%)   0.0002 (  0.0%)   0.0014 (  0.0%)   0.0014 (  0.0%)  Function Alias Analysis Results
   0.0014 (  0.0%)   0.0000 (  0.0%)   0.0014 (  0.0%)   0.0014 (  0.0%)  Aggressive Dead Code Elimination
   0.0013 (  0.0%)   0.0001 (  0.0%)   0.0014 (  0.0%)   0.0014 (  0.0%)  Aggressive Dead Code Elimination
   0.0013 (  0.0%)   0.0001 (  0.0%)   0.0014 (  0.0%)   0.0014 (  0.0%)  Aggressive Dead Code Elimination
   0.0014 (  0.0%)   0.0000 (  0.0%)   0.0014 (  0.0%)   0.0014 (  0.0%)  Aggressive Dead Code Elimination
   0.0013 (  0.0%)   0.0000 (  0.0%)   0.0014 (  0.0%)   0.0014 (  0.0%)  Combine redundant instructions
   0.0013 (  0.0%)   0.0001 (  0.0%)   0.0014 (  0.0%)   0.0014 (  0.0%)  Optimize multiple instructions
   0.0013 (  0.0%)   0.0000 (  0.0%)   0.0014 (  0.0%)   0.0014 (  0.0%)  Aggressive Dead Code Elimination
   0.0012 (  0.0%)   0.0001 (  0.0%)   0.0014 (  0.0%)   0.0013 (  0.0%)  Function Alias Analysis Results
   0.0011 (  0.0%)   0.0002 (  0.1%)   0.0014 (  0.0%)   0.0013 (  0.0%)  Function Alias Analysis Results
   0.0012 (  0.0%)   0.0002 (  0.0%)   0.0013 (  0.0%)   0.0013 (  0.0%)  Function Alias Analysis Results
   0.0011 (  0.0%)   0.0002 (  0.1%)   0.0013 (  0.0%)   0.0013 (  0.0%)  Function Alias Analysis Results
   0.0009 (  0.0%)   0.0004 (  0.1%)   0.0013 (  0.0%)   0.0013 (  0.0%)  Combine redundant instructions
   0.0011 (  0.0%)   0.0002 (  0.1%)   0.0013 (  0.0%)   0.0013 (  0.0%)  Function Alias Analysis Results
   0.0013 (  0.0%)   0.0000 (  0.0%)   0.0013 (  0.0%)   0.0013 (  0.0%)  Collect complexity metrics for FE reflow
   0.0006 (  0.0%)   0.0007 (  0.2%)   0.0013 (  0.0%)   0.0013 (  0.0%)  Interprocedural Sparse Conditional Constant Propagation
   0.0013 (  0.0%)   0.0000 (  0.0%)   0.0013 (  0.0%)   0.0013 (  0.0%)  Optimize multiple instructions
   0.0013 (  0.0%)   0.0000 (  0.0%)   0.0013 (  0.0%)   0.0013 (  0.0%)  Infer nuw/nsw flags for instructions
   0.0013 (  0.0%)   0.0000 (  0.0%)   0.0013 (  0.0%)   0.0013 (  0.0%)  Optimize multiple instructions
   0.0013 (  0.0%)   0.0001 (  0.0%)   0.0013 (  0.0%)   0.0013 (  0.0%)  Remove redundant instructions
   0.0013 (  0.0%)   0.0000 (  0.0%)   0.0013 (  0.0%)   0.0013 (  0.0%)  Optimize multiple instructions
   0.0011 (  0.0%)   0.0002 (  0.0%)   0.0013 (  0.0%)   0.0013 (  0.0%)  Optimize multiple instructions
   0.0013 (  0.0%)   0.0000 (  0.0%)   0.0013 (  0.0%)   0.0013 (  0.0%)  Infer nuw/nsw flags for instructions
   0.0013 (  0.0%)   0.0000 (  0.0%)   0.0013 (  0.0%)   0.0013 (  0.0%)  Infer complete unroll based on pipeline pragma
   0.0012 (  0.0%)   0.0000 (  0.0%)   0.0013 (  0.0%)   0.0013 (  0.0%)  Optimize multiple instructions
   0.0013 (  0.0%)   0.0000 (  0.0%)   0.0013 (  0.0%)   0.0013 (  0.0%)  Infer nuw/nsw flags for instructions
   0.0012 (  0.0%)   0.0001 (  0.0%)   0.0013 (  0.0%)   0.0013 (  0.0%)  Remove redundant instructions
   0.0013 (  0.0%)   0.0000 (  0.0%)   0.0013 (  0.0%)   0.0013 (  0.0%)  Aggressive Dead Code Elimination
   0.0013 (  0.0%)   0.0000 (  0.0%)   0.0013 (  0.0%)   0.0013 (  0.0%)  Aggressive Dead Code Elimination
   0.0010 (  0.0%)   0.0002 (  0.1%)   0.0012 (  0.0%)   0.0012 (  0.0%)  Infer nuw/nsw flags for instructions
   0.0012 (  0.0%)   0.0000 (  0.0%)   0.0012 (  0.0%)   0.0012 (  0.0%)  Infer nuw/nsw flags for instructions
   0.0012 (  0.0%)   0.0000 (  0.0%)   0.0012 (  0.0%)   0.0012 (  0.0%)  Aggressive Dead Code Elimination
   0.0009 (  0.0%)   0.0003 (  0.1%)   0.0012 (  0.0%)   0.0012 (  0.0%)  Produce message if basic block has too many instructions
   0.0012 (  0.0%)   0.0001 (  0.0%)   0.0012 (  0.0%)   0.0012 (  0.0%)  Optimize multiple instructions
   0.0012 (  0.0%)   0.0000 (  0.0%)   0.0012 (  0.0%)   0.0012 (  0.0%)  Promote Memory to Register
   0.0009 (  0.0%)   0.0003 (  0.1%)   0.0012 (  0.0%)   0.0012 (  0.0%)  Infer loop trip count
   0.0010 (  0.0%)   0.0002 (  0.1%)   0.0012 (  0.0%)   0.0012 (  0.0%)  Function Alias Analysis Results
   0.0012 (  0.0%)   0.0000 (  0.0%)   0.0012 (  0.0%)   0.0012 (  0.0%)  LoopFlattenMark - Mark nested loops flattenable recursively
   0.0011 (  0.0%)   0.0002 (  0.0%)   0.0012 (  0.0%)   0.0012 (  0.0%)  Optimize multiple instructions
   0.0012 (  0.0%)   0.0000 (  0.0%)   0.0012 (  0.0%)   0.0012 (  0.0%)  Optimize multiple instructions
   0.0012 (  0.0%)   0.0000 (  0.0%)   0.0012 (  0.0%)   0.0012 (  0.0%)  Optimize multiple instructions
   0.0011 (  0.0%)   0.0001 (  0.0%)   0.0012 (  0.0%)   0.0012 (  0.0%)  Aggressive Dead Code Elimination
   0.0012 (  0.0%)   0.0000 (  0.0%)   0.0012 (  0.0%)   0.0012 (  0.0%)  Infer nuw/nsw flags for instructions
   0.0012 (  0.0%)   0.0000 (  0.0%)   0.0012 (  0.0%)   0.0012 (  0.0%)  Infer nuw/nsw flags for instructions
   0.0011 (  0.0%)   0.0001 (  0.0%)   0.0012 (  0.0%)   0.0012 (  0.0%)  Function Alias Analysis Results
   0.0012 (  0.0%)   0.0000 (  0.0%)   0.0012 (  0.0%)   0.0012 (  0.0%)  Infer nuw/nsw flags for instructions
   0.0012 (  0.0%)   0.0000 (  0.0%)   0.0012 (  0.0%)   0.0012 (  0.0%)  Optimize multiple instructions
   0.0011 (  0.0%)   0.0000 (  0.0%)   0.0012 (  0.0%)   0.0012 (  0.0%)  Optimize multiple instructions
   0.0012 (  0.0%)   0.0000 (  0.0%)   0.0012 (  0.0%)   0.0012 (  0.0%)  Optimize multiple instructions
   0.0009 (  0.0%)   0.0002 (  0.1%)   0.0012 (  0.0%)   0.0012 (  0.0%)  Function Alias Analysis Results
   0.0012 (  0.0%)   0.0000 (  0.0%)   0.0012 (  0.0%)   0.0012 (  0.0%)  Aggressive Dead Code Elimination
   0.0010 (  0.0%)   0.0001 (  0.0%)   0.0012 (  0.0%)   0.0012 (  0.0%)  Function Alias Analysis Results
   0.0011 (  0.0%)   0.0000 (  0.0%)   0.0012 (  0.0%)   0.0012 (  0.0%)  Infer nuw/nsw flags for instructions
   0.0012 (  0.0%)   0.0000 (  0.0%)   0.0012 (  0.0%)   0.0012 (  0.0%)  Jump Threading
   0.0011 (  0.0%)   0.0001 (  0.0%)   0.0012 (  0.0%)   0.0012 (  0.0%)  Function Alias Analysis Results
   0.0011 (  0.0%)   0.0000 (  0.0%)   0.0011 (  0.0%)   0.0012 (  0.0%)  Dominator Tree Construction
   0.0011 (  0.0%)   0.0000 (  0.0%)   0.0012 (  0.0%)   0.0011 (  0.0%)  Optimize multiple instructions
   0.0010 (  0.0%)   0.0002 (  0.1%)   0.0012 (  0.0%)   0.0011 (  0.0%)  Optimize multiple instructions
   0.0011 (  0.0%)   0.0000 (  0.0%)   0.0012 (  0.0%)   0.0011 (  0.0%)  Simplify the CFG
   0.0011 (  0.0%)   0.0000 (  0.0%)   0.0011 (  0.0%)   0.0011 (  0.0%)  Optimize multiple instructions
   0.0011 (  0.0%)   0.0000 (  0.0%)   0.0011 (  0.0%)   0.0011 (  0.0%)  Function Alias Analysis Results
   0.0009 (  0.0%)   0.0002 (  0.1%)   0.0011 (  0.0%)   0.0011 (  0.0%)  Post-Dominator Tree Construction
   0.0010 (  0.0%)   0.0002 (  0.1%)   0.0011 (  0.0%)   0.0011 (  0.0%)  Function Alias Analysis Results
   0.0011 (  0.0%)   0.0000 (  0.0%)   0.0011 (  0.0%)   0.0011 (  0.0%)  Automatic inliner in reflow
   0.0011 (  0.0%)   0.0000 (  0.0%)   0.0011 (  0.0%)   0.0011 (  0.0%)  Collect complexity metrics for FE reflow
   0.0010 (  0.0%)   0.0001 (  0.0%)   0.0011 (  0.0%)   0.0011 (  0.0%)  Function Alias Analysis Results
   0.0010 (  0.0%)   0.0002 (  0.0%)   0.0011 (  0.0%)   0.0011 (  0.0%)  Function Alias Analysis Results
   0.0011 (  0.0%)   0.0001 (  0.0%)   0.0011 (  0.0%)   0.0011 (  0.0%)  Simplify the CFG
   0.0011 (  0.0%)   0.0000 (  0.0%)   0.0011 (  0.0%)   0.0011 (  0.0%)  Post-Dominator Tree Construction
   0.0010 (  0.0%)   0.0001 (  0.0%)   0.0011 (  0.0%)   0.0011 (  0.0%)  Function Alias Analysis Results
   0.0010 (  0.0%)   0.0001 (  0.0%)   0.0011 (  0.0%)   0.0011 (  0.0%)  Function Alias Analysis Results
   0.0011 (  0.0%)   0.0000 (  0.0%)   0.0011 (  0.0%)   0.0011 (  0.0%)  Function Alias Analysis Results
   0.0011 (  0.0%)   0.0000 (  0.0%)   0.0011 (  0.0%)   0.0011 (  0.0%)  Infer nuw/nsw flags for instructions
   0.0009 (  0.0%)   0.0002 (  0.1%)   0.0011 (  0.0%)   0.0011 (  0.0%)  Function Alias Analysis Results
   0.0011 (  0.0%)   0.0000 (  0.0%)   0.0011 (  0.0%)   0.0011 (  0.0%)  Function Alias Analysis Results
   0.0011 (  0.0%)   0.0000 (  0.0%)   0.0011 (  0.0%)   0.0011 (  0.0%)  Function Alias Analysis Results
   0.0009 (  0.0%)   0.0002 (  0.1%)   0.0011 (  0.0%)   0.0011 (  0.0%)  Function Alias Analysis Results
   0.0011 (  0.0%)   0.0000 (  0.0%)   0.0011 (  0.0%)   0.0011 (  0.0%)  Function Alias Analysis Results
   0.0007 (  0.0%)   0.0004 (  0.1%)   0.0011 (  0.0%)   0.0011 (  0.0%)  Function Alias Analysis Results
   0.0011 (  0.0%)   0.0000 (  0.0%)   0.0011 (  0.0%)   0.0011 (  0.0%)  Function Alias Analysis Results
   0.0009 (  0.0%)   0.0002 (  0.1%)   0.0011 (  0.0%)   0.0011 (  0.0%)  Dominator Tree Construction
   0.0011 (  0.0%)   0.0000 (  0.0%)   0.0011 (  0.0%)   0.0011 (  0.0%)  Function Alias Analysis Results
   0.0010 (  0.0%)   0.0001 (  0.0%)   0.0011 (  0.0%)   0.0011 (  0.0%)  Aggressive Dead Code Elimination
   0.0011 (  0.0%)   0.0000 (  0.0%)   0.0011 (  0.0%)   0.0011 (  0.0%)  Function Alias Analysis Results
   0.0011 (  0.0%)   0.0000 (  0.0%)   0.0011 (  0.0%)   0.0011 (  0.0%)  Function Alias Analysis Results
   0.0010 (  0.0%)   0.0001 (  0.0%)   0.0011 (  0.0%)   0.0011 (  0.0%)  Function Alias Analysis Results
   0.0011 (  0.0%)   0.0000 (  0.0%)   0.0011 (  0.0%)   0.0011 (  0.0%)  Optimize multiple instructions
   0.0009 (  0.0%)   0.0002 (  0.1%)   0.0011 (  0.0%)   0.0011 (  0.0%)  Function Alias Analysis Results
   0.0010 (  0.0%)   0.0001 (  0.0%)   0.0011 (  0.0%)   0.0011 (  0.0%)  Function Alias Analysis Results
   0.0009 (  0.0%)   0.0001 (  0.0%)   0.0011 (  0.0%)   0.0011 (  0.0%)  Function Alias Analysis Results
   0.0011 (  0.0%)   0.0000 (  0.0%)   0.0011 (  0.0%)   0.0011 (  0.0%)  Infer complete unroll based on pipeline pragma
   0.0010 (  0.0%)   0.0001 (  0.0%)   0.0011 (  0.0%)   0.0011 (  0.0%)  Function Alias Analysis Results
   0.0007 (  0.0%)   0.0004 (  0.1%)   0.0011 (  0.0%)   0.0011 (  0.0%)  Aggressive Dead Code Elimination
   0.0010 (  0.0%)   0.0000 (  0.0%)   0.0011 (  0.0%)   0.0011 (  0.0%)  Function Alias Analysis Results
   0.0011 (  0.0%)   0.0000 (  0.0%)   0.0011 (  0.0%)   0.0011 (  0.0%)  Collect complexity metrics for FE reflow
   0.0010 (  0.0%)   0.0001 (  0.0%)   0.0011 (  0.0%)   0.0011 (  0.0%)  Function Alias Analysis Results
   0.0010 (  0.0%)   0.0000 (  0.0%)   0.0010 (  0.0%)   0.0010 (  0.0%)  Collect complexity metrics for FE reflow
   0.0009 (  0.0%)   0.0002 (  0.1%)   0.0011 (  0.0%)   0.0010 (  0.0%)  Optimize multiple instructions
   0.0011 (  0.0%)   0.0000 (  0.0%)   0.0011 (  0.0%)   0.0010 (  0.0%)  Combine redundant instructions
   0.0010 (  0.0%)   0.0000 (  0.0%)   0.0010 (  0.0%)   0.0010 (  0.0%)  Aggressive Dead Code Elimination
   0.0009 (  0.0%)   0.0001 (  0.0%)   0.0010 (  0.0%)   0.0010 (  0.0%)  Aggressive Dead Code Elimination
   0.0009 (  0.0%)   0.0001 (  0.0%)   0.0010 (  0.0%)   0.0010 (  0.0%)  Simplify the CFG
   0.0009 (  0.0%)   0.0001 (  0.0%)   0.0010 (  0.0%)   0.0010 (  0.0%)  Function Alias Analysis Results
   0.0010 (  0.0%)   0.0000 (  0.0%)   0.0010 (  0.0%)   0.0010 (  0.0%)  Function Alias Analysis Results
   0.0009 (  0.0%)   0.0001 (  0.0%)   0.0010 (  0.0%)   0.0010 (  0.0%)  Function Alias Analysis Results
   0.0009 (  0.0%)   0.0000 (  0.0%)   0.0010 (  0.0%)   0.0010 (  0.0%)  Function Alias Analysis Results
   0.0008 (  0.0%)   0.0002 (  0.0%)   0.0010 (  0.0%)   0.0010 (  0.0%)  Function Alias Analysis Results
   0.0008 (  0.0%)   0.0002 (  0.1%)   0.0010 (  0.0%)   0.0010 (  0.0%)  Function Alias Analysis Results
   0.0008 (  0.0%)   0.0002 (  0.1%)   0.0010 (  0.0%)   0.0010 (  0.0%)  Function Alias Analysis Results
   0.0009 (  0.0%)   0.0000 (  0.0%)   0.0010 (  0.0%)   0.0010 (  0.0%)  Function Alias Analysis Results
   0.0010 (  0.0%)   0.0000 (  0.0%)   0.0010 (  0.0%)   0.0010 (  0.0%)  Collect complexity metrics for FE reflow
   0.0008 (  0.0%)   0.0002 (  0.1%)   0.0010 (  0.0%)   0.0010 (  0.0%)  Function Alias Analysis Results
   0.0010 (  0.0%)   0.0000 (  0.0%)   0.0010 (  0.0%)   0.0010 (  0.0%)  Collect complexity metrics for FE reflow
   0.0009 (  0.0%)   0.0001 (  0.0%)   0.0010 (  0.0%)   0.0010 (  0.0%)  Function Alias Analysis Results
   0.0009 (  0.0%)   0.0000 (  0.0%)   0.0010 (  0.0%)   0.0010 (  0.0%)  Remove redundant instructions
   0.0010 (  0.0%)   0.0000 (  0.0%)   0.0010 (  0.0%)   0.0010 (  0.0%)  Aggressive Dead Code Elimination
   0.0010 (  0.0%)   0.0000 (  0.0%)   0.0010 (  0.0%)   0.0010 (  0.0%)  Collect complexity metrics for FE reflow
   0.0009 (  0.0%)   0.0000 (  0.0%)   0.0010 (  0.0%)   0.0010 (  0.0%)  Simplify the CFG
   0.0010 (  0.0%)   0.0000 (  0.0%)   0.0010 (  0.0%)   0.0010 (  0.0%)  Collect complexity metrics for FE reflow
   0.0009 (  0.0%)   0.0001 (  0.0%)   0.0010 (  0.0%)   0.0010 (  0.0%)  Aggressive Dead Code Elimination
   0.0008 (  0.0%)   0.0001 (  0.0%)   0.0010 (  0.0%)   0.0010 (  0.0%)  Function Alias Analysis Results
   0.0009 (  0.0%)   0.0001 (  0.0%)   0.0010 (  0.0%)   0.0010 (  0.0%)  Aggressive Dead Code Elimination
   0.0009 (  0.0%)   0.0001 (  0.0%)   0.0009 (  0.0%)   0.0009 (  0.0%)  Interleave memory accesses
   0.0010 (  0.0%)   0.0000 (  0.0%)   0.0010 (  0.0%)   0.0009 (  0.0%)  Loop-Closed SSA Form Pass
   0.0009 (  0.0%)   0.0000 (  0.0%)   0.0009 (  0.0%)   0.0009 (  0.0%)  Promote Memory to Register
   0.0009 (  0.0%)   0.0000 (  0.0%)   0.0009 (  0.0%)   0.0009 (  0.0%)  Remove redundant instructions
   0.0006 (  0.0%)   0.0004 (  0.1%)   0.0009 (  0.0%)   0.0009 (  0.0%)  Function Alias Analysis Results
   0.0009 (  0.0%)   0.0000 (  0.0%)   0.0009 (  0.0%)   0.0009 (  0.0%)  Aggressive Dead Code Elimination
   0.0009 (  0.0%)   0.0000 (  0.0%)   0.0009 (  0.0%)   0.0009 (  0.0%)  Remove redundant instructions
   0.0009 (  0.0%)   0.0000 (  0.0%)   0.0009 (  0.0%)   0.0009 (  0.0%)  Remove redundant instructions
   0.0009 (  0.0%)   0.0000 (  0.0%)   0.0009 (  0.0%)   0.0009 (  0.0%)  Natural Loop Information
   0.0009 (  0.0%)   0.0000 (  0.0%)   0.0009 (  0.0%)   0.0009 (  0.0%)  Aggressive Dead Code Elimination
   0.0009 (  0.0%)   0.0000 (  0.0%)   0.0009 (  0.0%)   0.0009 (  0.0%)  Remove redundant instructions
   0.0007 (  0.0%)   0.0002 (  0.1%)   0.0009 (  0.0%)   0.0009 (  0.0%)  Aggressive Dead Code Elimination
   0.0007 (  0.0%)   0.0002 (  0.1%)   0.0009 (  0.0%)   0.0009 (  0.0%)  Aggressive Dead Code Elimination
   0.0009 (  0.0%)   0.0000 (  0.0%)   0.0009 (  0.0%)   0.0009 (  0.0%)  Infer nuw/nsw flags for instructions
   0.0009 (  0.0%)   0.0000 (  0.0%)   0.0009 (  0.0%)   0.0009 (  0.0%)  Optimize multiple instructions
   0.0009 (  0.0%)   0.0000 (  0.0%)   0.0009 (  0.0%)   0.0009 (  0.0%)  Post-Dominator Tree Construction
   0.0006 (  0.0%)   0.0002 (  0.1%)   0.0009 (  0.0%)   0.0009 (  0.0%)  Optimize multiple instructions
   0.0009 (  0.0%)   0.0000 (  0.0%)   0.0009 (  0.0%)   0.0009 (  0.0%)  Remove redundant instructions
   0.0008 (  0.0%)   0.0001 (  0.0%)   0.0009 (  0.0%)   0.0009 (  0.0%)  Canonicalize natural loops
   0.0009 (  0.0%)   0.0000 (  0.0%)   0.0009 (  0.0%)   0.0009 (  0.0%)  Optimize multiple instructions
   0.0009 (  0.0%)   0.0000 (  0.0%)   0.0009 (  0.0%)   0.0009 (  0.0%)  Remove redundant instructions
   0.0008 (  0.0%)   0.0000 (  0.0%)   0.0009 (  0.0%)   0.0009 (  0.0%)  Function Alias Analysis Results
   0.0008 (  0.0%)   0.0000 (  0.0%)   0.0009 (  0.0%)   0.0009 (  0.0%)  Aggressive Dead Code Elimination
   0.0009 (  0.0%)   0.0000 (  0.0%)   0.0009 (  0.0%)   0.0009 (  0.0%)  Collect complexity metrics for FE reflow
   0.0008 (  0.0%)   0.0001 (  0.0%)   0.0009 (  0.0%)   0.0009 (  0.0%)  Remove redundant instructions
   0.0007 (  0.0%)   0.0002 (  0.1%)   0.0008 (  0.0%)   0.0009 (  0.0%)  Function Alias Analysis Results
   0.0008 (  0.0%)   0.0000 (  0.0%)   0.0009 (  0.0%)   0.0008 (  0.0%)  Remove redundant instructions
   0.0008 (  0.0%)   0.0000 (  0.0%)   0.0008 (  0.0%)   0.0008 (  0.0%)  Aggressive Dead Code Elimination
   0.0008 (  0.0%)   0.0001 (  0.0%)   0.0008 (  0.0%)   0.0008 (  0.0%)  Function Alias Analysis Results
   0.0008 (  0.0%)   0.0000 (  0.0%)   0.0008 (  0.0%)   0.0008 (  0.0%)  LoopFlattenMark - Mark nested loops flattenable recursively
   0.0007 (  0.0%)   0.0001 (  0.0%)   0.0008 (  0.0%)   0.0008 (  0.0%)  Post-Dominator Tree Construction
   0.0008 (  0.0%)   0.0000 (  0.0%)   0.0008 (  0.0%)   0.0008 (  0.0%)  Remove redundant instructions
   0.0008 (  0.0%)   0.0000 (  0.0%)   0.0008 (  0.0%)   0.0008 (  0.0%)  Loop-Closed SSA Form Pass
   0.0008 (  0.0%)   0.0001 (  0.0%)   0.0008 (  0.0%)   0.0008 (  0.0%)  Function Alias Analysis Results
   0.0005 (  0.0%)   0.0003 (  0.1%)   0.0008 (  0.0%)   0.0008 (  0.0%)  Function Alias Analysis Results
   0.0008 (  0.0%)   0.0000 (  0.0%)   0.0008 (  0.0%)   0.0008 (  0.0%)  Simple constant propagation
   0.0006 (  0.0%)   0.0002 (  0.1%)   0.0008 (  0.0%)   0.0008 (  0.0%)  Function Alias Analysis Results
   0.0008 (  0.0%)   0.0000 (  0.0%)   0.0008 (  0.0%)   0.0008 (  0.0%)  Post-Dominator Tree Construction
   0.0007 (  0.0%)   0.0001 (  0.0%)   0.0008 (  0.0%)   0.0008 (  0.0%)  Function Alias Analysis Results
   0.0008 (  0.0%)   0.0000 (  0.0%)   0.0008 (  0.0%)   0.0008 (  0.0%)  Remove redundant instructions
   0.0008 (  0.0%)   0.0000 (  0.0%)   0.0008 (  0.0%)   0.0008 (  0.0%)  Loop-Closed SSA Form Pass
   0.0008 (  0.0%)   0.0001 (  0.0%)   0.0008 (  0.0%)   0.0008 (  0.0%)  Remove redundant instructions
   0.0007 (  0.0%)   0.0001 (  0.0%)   0.0008 (  0.0%)   0.0008 (  0.0%)  Function Alias Analysis Results
   0.0005 (  0.0%)   0.0003 (  0.1%)   0.0008 (  0.0%)   0.0008 (  0.0%)  Function Alias Analysis Results
   0.0007 (  0.0%)   0.0001 (  0.0%)   0.0008 (  0.0%)   0.0008 (  0.0%)  Canonicalize natural loops
   0.0008 (  0.0%)   0.0000 (  0.0%)   0.0008 (  0.0%)   0.0008 (  0.0%)  Function Alias Analysis Results
   0.0007 (  0.0%)   0.0001 (  0.0%)   0.0008 (  0.0%)   0.0008 (  0.0%)  Function Alias Analysis Results
   0.0008 (  0.0%)   0.0000 (  0.0%)   0.0008 (  0.0%)   0.0008 (  0.0%)  Function Alias Analysis Results
   0.0006 (  0.0%)   0.0002 (  0.0%)   0.0008 (  0.0%)   0.0008 (  0.0%)  Aggressive Dead Code Elimination
   0.0008 (  0.0%)   0.0000 (  0.0%)   0.0008 (  0.0%)   0.0008 (  0.0%)  Function Alias Analysis Results
   0.0008 (  0.0%)   0.0000 (  0.0%)   0.0008 (  0.0%)   0.0008 (  0.0%)  Function Alias Analysis Results
   0.0005 (  0.0%)   0.0003 (  0.1%)   0.0008 (  0.0%)   0.0008 (  0.0%)  Function Alias Analysis Results
   0.0008 (  0.0%)   0.0000 (  0.0%)   0.0008 (  0.0%)   0.0008 (  0.0%)  Function Alias Analysis Results
   0.0007 (  0.0%)   0.0001 (  0.0%)   0.0008 (  0.0%)   0.0008 (  0.0%)  Canonicalize natural loops
   0.0008 (  0.0%)   0.0000 (  0.0%)   0.0008 (  0.0%)   0.0008 (  0.0%)  Aggressive Dead Code Elimination
   0.0007 (  0.0%)   0.0001 (  0.0%)   0.0008 (  0.0%)   0.0008 (  0.0%)  Optimize multiple instructions
   0.0008 (  0.0%)   0.0000 (  0.0%)   0.0008 (  0.0%)   0.0008 (  0.0%)  Aggressive Dead Code Elimination
   0.0007 (  0.0%)   0.0001 (  0.0%)   0.0008 (  0.0%)   0.0008 (  0.0%)  Dominator Tree Construction
   0.0007 (  0.0%)   0.0001 (  0.0%)   0.0008 (  0.0%)   0.0008 (  0.0%)  Aggressive Dead Code Elimination
   0.0007 (  0.0%)   0.0001 (  0.0%)   0.0008 (  0.0%)   0.0008 (  0.0%)  Canonicalize natural loops
   0.0007 (  0.0%)   0.0001 (  0.0%)   0.0008 (  0.0%)   0.0008 (  0.0%)  Aggressive Dead Code Elimination
   0.0007 (  0.0%)   0.0000 (  0.0%)   0.0008 (  0.0%)   0.0008 (  0.0%)  Aggressive Dead Code Elimination
   0.0007 (  0.0%)   0.0001 (  0.0%)   0.0008 (  0.0%)   0.0008 (  0.0%)  Detect single entry single exit regions
   0.0006 (  0.0%)   0.0002 (  0.1%)   0.0008 (  0.0%)   0.0008 (  0.0%)  Function Alias Analysis Results
   0.0007 (  0.0%)   0.0000 (  0.0%)   0.0008 (  0.0%)   0.0008 (  0.0%)  Aggressive Dead Code Elimination
   0.0007 (  0.0%)   0.0001 (  0.0%)   0.0008 (  0.0%)   0.0008 (  0.0%)  Function Alias Analysis Results
   0.0006 (  0.0%)   0.0001 (  0.0%)   0.0008 (  0.0%)   0.0008 (  0.0%)  Simplify the CFG
   0.0007 (  0.0%)   0.0000 (  0.0%)   0.0008 (  0.0%)   0.0008 (  0.0%)  Dominator Tree Construction
   0.0007 (  0.0%)   0.0000 (  0.0%)   0.0008 (  0.0%)   0.0008 (  0.0%)  Post-Dominator Tree Construction
   0.0007 (  0.0%)   0.0000 (  0.0%)   0.0008 (  0.0%)   0.0007 (  0.0%)  Remove redundant instructions
   0.0007 (  0.0%)   0.0001 (  0.0%)   0.0008 (  0.0%)   0.0007 (  0.0%)  Function Alias Analysis Results
   0.0006 (  0.0%)   0.0001 (  0.0%)   0.0007 (  0.0%)   0.0007 (  0.0%)  Function Alias Analysis Results
   0.0007 (  0.0%)   0.0001 (  0.0%)   0.0007 (  0.0%)   0.0007 (  0.0%)  Function Alias Analysis Results
   0.0006 (  0.0%)   0.0001 (  0.0%)   0.0007 (  0.0%)   0.0007 (  0.0%)  Canonicalize natural loops
   0.0007 (  0.0%)   0.0001 (  0.0%)   0.0007 (  0.0%)   0.0007 (  0.0%)  Function Alias Analysis Results
   0.0006 (  0.0%)   0.0002 (  0.0%)   0.0008 (  0.0%)   0.0007 (  0.0%)  Basic Alias Analysis (stateless AA impl)
   0.0007 (  0.0%)   0.0000 (  0.0%)   0.0007 (  0.0%)   0.0007 (  0.0%)  Remove redundant instructions
   0.0007 (  0.0%)   0.0000 (  0.0%)   0.0007 (  0.0%)   0.0007 (  0.0%)  Simple constant propagation
   0.0007 (  0.0%)   0.0000 (  0.0%)   0.0007 (  0.0%)   0.0007 (  0.0%)  Aggressive Dead Code Elimination
   0.0007 (  0.0%)   0.0001 (  0.0%)   0.0007 (  0.0%)   0.0007 (  0.0%)  Aggressive Dead Code Elimination
   0.0006 (  0.0%)   0.0001 (  0.0%)   0.0007 (  0.0%)   0.0007 (  0.0%)  Function Alias Analysis Results
   0.0006 (  0.0%)   0.0001 (  0.0%)   0.0007 (  0.0%)   0.0007 (  0.0%)  Function Alias Analysis Results
   0.0006 (  0.0%)   0.0001 (  0.0%)   0.0007 (  0.0%)   0.0007 (  0.0%)  Function Alias Analysis Results
   0.0004 (  0.0%)   0.0003 (  0.1%)   0.0007 (  0.0%)   0.0007 (  0.0%)  Function Alias Analysis Results
   0.0007 (  0.0%)   0.0000 (  0.0%)   0.0007 (  0.0%)   0.0007 (  0.0%)  Function Alias Analysis Results
   0.0007 (  0.0%)   0.0000 (  0.0%)   0.0007 (  0.0%)   0.0007 (  0.0%)  Dominator Tree Construction
   0.0007 (  0.0%)   0.0000 (  0.0%)   0.0007 (  0.0%)   0.0007 (  0.0%)  Simplify types in the LLVM IR, redundant type hierarchy
   0.0007 (  0.0%)   0.0000 (  0.0%)   0.0007 (  0.0%)   0.0007 (  0.0%)  Aggressive Dead Code Elimination
   0.0007 (  0.0%)   0.0000 (  0.0%)   0.0007 (  0.0%)   0.0007 (  0.0%)  Collect complexity metrics for FE reflow
   0.0006 (  0.0%)   0.0001 (  0.0%)   0.0007 (  0.0%)   0.0007 (  0.0%)  Unswitch loops
   0.0006 (  0.0%)   0.0001 (  0.0%)   0.0007 (  0.0%)   0.0007 (  0.0%)  Function Alias Analysis Results
   0.0007 (  0.0%)   0.0000 (  0.0%)   0.0007 (  0.0%)   0.0007 (  0.0%)  Function Alias Analysis Results
   0.0007 (  0.0%)   0.0001 (  0.0%)   0.0007 (  0.0%)   0.0007 (  0.0%)  Function Alias Analysis Results
   0.0006 (  0.0%)   0.0001 (  0.0%)   0.0007 (  0.0%)   0.0007 (  0.0%)  Canonicalize natural loops
   0.0006 (  0.0%)   0.0001 (  0.0%)   0.0007 (  0.0%)   0.0007 (  0.0%)  Dominance Frontier Construction
   0.0005 (  0.0%)   0.0002 (  0.0%)   0.0007 (  0.0%)   0.0007 (  0.0%)  Function Alias Analysis Results
   0.0004 (  0.0%)   0.0003 (  0.1%)   0.0007 (  0.0%)   0.0007 (  0.0%)  Function Alias Analysis Results
   0.0006 (  0.0%)   0.0001 (  0.0%)   0.0007 (  0.0%)   0.0007 (  0.0%)  Function Alias Analysis Results
   0.0007 (  0.0%)   0.0000 (  0.0%)   0.0007 (  0.0%)   0.0007 (  0.0%)  LowerPredicate - Lower predicates to control-flow
   0.0005 (  0.0%)   0.0002 (  0.0%)   0.0007 (  0.0%)   0.0007 (  0.0%)  Function Alias Analysis Results
   0.0006 (  0.0%)   0.0001 (  0.0%)   0.0007 (  0.0%)   0.0007 (  0.0%)  Function Alias Analysis Results
   0.0004 (  0.0%)   0.0003 (  0.1%)   0.0007 (  0.0%)   0.0007 (  0.0%)  Function Alias Analysis Results
   0.0006 (  0.0%)   0.0001 (  0.0%)   0.0007 (  0.0%)   0.0007 (  0.0%)  Dominator Tree Construction
   0.0007 (  0.0%)   0.0000 (  0.0%)   0.0007 (  0.0%)   0.0007 (  0.0%)  Natural Loop Information
   0.0007 (  0.0%)   0.0000 (  0.0%)   0.0007 (  0.0%)   0.0007 (  0.0%)  Function Alias Analysis Results
   0.0005 (  0.0%)   0.0002 (  0.0%)   0.0007 (  0.0%)   0.0007 (  0.0%)  Function Alias Analysis Results
   0.0005 (  0.0%)   0.0002 (  0.1%)   0.0007 (  0.0%)   0.0007 (  0.0%)  Loop-Closed SSA Form Pass
   0.0005 (  0.0%)   0.0001 (  0.0%)   0.0007 (  0.0%)   0.0007 (  0.0%)  Dominator Tree Construction
   0.0005 (  0.0%)   0.0002 (  0.0%)   0.0007 (  0.0%)   0.0007 (  0.0%)  Function Alias Analysis Results
   0.0005 (  0.0%)   0.0002 (  0.1%)   0.0007 (  0.0%)   0.0007 (  0.0%)  Function Alias Analysis Results
   0.0007 (  0.0%)   0.0000 (  0.0%)   0.0007 (  0.0%)   0.0007 (  0.0%)  Function Alias Analysis Results
   0.0005 (  0.0%)   0.0002 (  0.1%)   0.0007 (  0.0%)   0.0007 (  0.0%)  Function Alias Analysis Results
   0.0006 (  0.0%)   0.0001 (  0.0%)   0.0007 (  0.0%)   0.0007 (  0.0%)  Canonicalize natural loops
   0.0007 (  0.0%)   0.0000 (  0.0%)   0.0007 (  0.0%)   0.0007 (  0.0%)  Dominator Tree Construction
   0.0004 (  0.0%)   0.0002 (  0.1%)   0.0007 (  0.0%)   0.0007 (  0.0%)  Function Alias Analysis Results
   0.0005 (  0.0%)   0.0002 (  0.1%)   0.0007 (  0.0%)   0.0007 (  0.0%)  Function Alias Analysis Results
   0.0005 (  0.0%)   0.0002 (  0.1%)   0.0007 (  0.0%)   0.0007 (  0.0%)  Function Alias Analysis Results
   0.0007 (  0.0%)   0.0000 (  0.0%)   0.0007 (  0.0%)   0.0007 (  0.0%)  Function Alias Analysis Results
   0.0007 (  0.0%)   0.0000 (  0.0%)   0.0007 (  0.0%)   0.0007 (  0.0%)  Normalize condition on switch-cases and muxes
   0.0007 (  0.0%)   0.0000 (  0.0%)   0.0007 (  0.0%)   0.0007 (  0.0%)  Dominator Tree Construction
   0.0007 (  0.0%)   0.0000 (  0.0%)   0.0007 (  0.0%)   0.0007 (  0.0%)  Dominator Tree Construction
   0.0007 (  0.0%)   0.0000 (  0.0%)   0.0007 (  0.0%)   0.0007 (  0.0%)  Canonicalize natural loops
   0.0005 (  0.0%)   0.0002 (  0.1%)   0.0007 (  0.0%)   0.0007 (  0.0%)  Function Alias Analysis Results
   0.0006 (  0.0%)   0.0000 (  0.0%)   0.0007 (  0.0%)   0.0007 (  0.0%)  Dominator Tree Construction
   0.0006 (  0.0%)   0.0001 (  0.0%)   0.0007 (  0.0%)   0.0007 (  0.0%)  Function Alias Analysis Results
   0.0005 (  0.0%)   0.0001 (  0.0%)   0.0007 (  0.0%)   0.0007 (  0.0%)  Natural Loop Information
   0.0006 (  0.0%)   0.0000 (  0.0%)   0.0006 (  0.0%)   0.0006 (  0.0%)  Function Alias Analysis Results
   0.0005 (  0.0%)   0.0001 (  0.0%)   0.0006 (  0.0%)   0.0006 (  0.0%)  Function Alias Analysis Results
   0.0006 (  0.0%)   0.0001 (  0.0%)   0.0006 (  0.0%)   0.0006 (  0.0%)  Function Alias Analysis Results
   0.0005 (  0.0%)   0.0001 (  0.0%)   0.0006 (  0.0%)   0.0006 (  0.0%)  Function Alias Analysis Results
   0.0006 (  0.0%)   0.0000 (  0.0%)   0.0006 (  0.0%)   0.0006 (  0.0%)  Reduce the height of tree
   0.0005 (  0.0%)   0.0002 (  0.1%)   0.0006 (  0.0%)   0.0006 (  0.0%)  Canonicalize natural loops
   0.0006 (  0.0%)   0.0001 (  0.0%)   0.0006 (  0.0%)   0.0006 (  0.0%)  Function Alias Analysis Results
   0.0006 (  0.0%)   0.0000 (  0.0%)   0.0006 (  0.0%)   0.0006 (  0.0%)  Loop-Closed SSA Form Pass
   0.0006 (  0.0%)   0.0000 (  0.0%)   0.0006 (  0.0%)   0.0006 (  0.0%)  Function Alias Analysis Results
   0.0006 (  0.0%)   0.0000 (  0.0%)   0.0006 (  0.0%)   0.0006 (  0.0%)  Dominator Tree Construction
   0.0006 (  0.0%)   0.0001 (  0.0%)   0.0006 (  0.0%)   0.0006 (  0.0%)  Function Alias Analysis Results
   0.0006 (  0.0%)   0.0001 (  0.0%)   0.0006 (  0.0%)   0.0006 (  0.0%)  Canonicalize natural loops
   0.0006 (  0.0%)   0.0000 (  0.0%)   0.0006 (  0.0%)   0.0006 (  0.0%)  Loop-Closed SSA Form Pass
   0.0006 (  0.0%)   0.0001 (  0.0%)   0.0006 (  0.0%)   0.0006 (  0.0%)  Function Alias Analysis Results
   0.0006 (  0.0%)   0.0000 (  0.0%)   0.0006 (  0.0%)   0.0006 (  0.0%)  Canonicalize natural loops
   0.0005 (  0.0%)   0.0001 (  0.0%)   0.0006 (  0.0%)   0.0006 (  0.0%)  Function Alias Analysis Results
   0.0003 (  0.0%)   0.0004 (  0.1%)   0.0006 (  0.0%)   0.0006 (  0.0%)  Infer nuw/nsw flags for instructions
   0.0006 (  0.0%)   0.0000 (  0.0%)   0.0006 (  0.0%)   0.0006 (  0.0%)  Optimize multiple instructions
   0.0006 (  0.0%)   0.0000 (  0.0%)   0.0006 (  0.0%)   0.0006 (  0.0%)  Canonicalize natural loops
   0.0006 (  0.0%)   0.0000 (  0.0%)   0.0006 (  0.0%)   0.0006 (  0.0%)  Special handling of axis with side-channels
   0.0006 (  0.0%)   0.0000 (  0.0%)   0.0006 (  0.0%)   0.0006 (  0.0%)  Resolve full load/store
   0.0006 (  0.0%)   0.0000 (  0.0%)   0.0006 (  0.0%)   0.0006 (  0.0%)  Divergence Analysis
   0.0006 (  0.0%)   0.0000 (  0.0%)   0.0006 (  0.0%)   0.0006 (  0.0%)  Canonicalize natural loops
   0.0002 (  0.0%)   0.0004 (  0.1%)   0.0006 (  0.0%)   0.0006 (  0.0%)  Infer nuw/nsw flags for instructions
   0.0006 (  0.0%)   0.0000 (  0.0%)   0.0006 (  0.0%)   0.0006 (  0.0%)  Extract dataflow loop
   0.0006 (  0.0%)   0.0000 (  0.0%)   0.0006 (  0.0%)   0.0006 (  0.0%)  Loop-Closed SSA Form Pass
   0.0006 (  0.0%)   0.0000 (  0.0%)   0.0006 (  0.0%)   0.0006 (  0.0%)  Merge accesses in the same region
   0.0006 (  0.0%)   0.0000 (  0.0%)   0.0006 (  0.0%)   0.0006 (  0.0%)  Dominator Tree Construction
   0.0005 (  0.0%)   0.0001 (  0.0%)   0.0006 (  0.0%)   0.0006 (  0.0%)  Loop-Closed SSA Form Pass
   0.0006 (  0.0%)   0.0000 (  0.0%)   0.0006 (  0.0%)   0.0006 (  0.0%)  Canonicalize natural loops
   0.0006 (  0.0%)   0.0001 (  0.0%)   0.0006 (  0.0%)   0.0006 (  0.0%)  Simplify the CFG
   0.0005 (  0.0%)   0.0001 (  0.0%)   0.0006 (  0.0%)   0.0006 (  0.0%)  Post-Dominator Tree Construction
   0.0006 (  0.0%)   0.0000 (  0.0%)   0.0006 (  0.0%)   0.0006 (  0.0%)  Dominator Tree Construction
   0.0006 (  0.0%)   0.0000 (  0.0%)   0.0006 (  0.0%)   0.0006 (  0.0%)  Scalar Evolution Analysis
   0.0006 (  0.0%)   0.0000 (  0.0%)   0.0006 (  0.0%)   0.0006 (  0.0%)  Canonicalize natural loops
   0.0004 (  0.0%)   0.0002 (  0.0%)   0.0006 (  0.0%)   0.0006 (  0.0%)  RemoveConflictingBurst - Remove port conflicting bursts
   0.0004 (  0.0%)   0.0002 (  0.1%)   0.0006 (  0.0%)   0.0006 (  0.0%)  Infer nuw/nsw flags for instructions
   0.0006 (  0.0%)   0.0000 (  0.0%)   0.0006 (  0.0%)   0.0006 (  0.0%)  Dominator Tree Construction
   0.0006 (  0.0%)   0.0000 (  0.0%)   0.0006 (  0.0%)   0.0006 (  0.0%)  Canonicalize natural loops
   0.0005 (  0.0%)   0.0001 (  0.0%)   0.0006 (  0.0%)   0.0006 (  0.0%)  Simplify the CFG
   0.0006 (  0.0%)   0.0000 (  0.0%)   0.0006 (  0.0%)   0.0006 (  0.0%)  Dominator Tree Construction
   0.0006 (  0.0%)   0.0000 (  0.0%)   0.0006 (  0.0%)   0.0006 (  0.0%)  Loop-Closed SSA Form Pass
   0.0005 (  0.0%)   0.0001 (  0.0%)   0.0006 (  0.0%)   0.0006 (  0.0%)  Simplify the CFG
   0.0006 (  0.0%)   0.0000 (  0.0%)   0.0006 (  0.0%)   0.0006 (  0.0%)  Dominator Tree Construction
   0.0006 (  0.0%)   0.0000 (  0.0%)   0.0006 (  0.0%)   0.0006 (  0.0%)  Auto automatic array partition filter analysis
   0.0006 (  0.0%)   0.0000 (  0.0%)   0.0006 (  0.0%)   0.0006 (  0.0%)  Natural Loop Information
   0.0005 (  0.0%)   0.0001 (  0.0%)   0.0006 (  0.0%)   0.0006 (  0.0%)  Post-Dominator Tree Construction
   0.0006 (  0.0%)   0.0000 (  0.0%)   0.0006 (  0.0%)   0.0006 (  0.0%)  ROM inference pass
   0.0006 (  0.0%)   0.0000 (  0.0%)   0.0006 (  0.0%)   0.0006 (  0.0%)  Function Alias Analysis Results
   0.0003 (  0.0%)   0.0003 (  0.1%)   0.0006 (  0.0%)   0.0006 (  0.0%)  Dominator Tree Construction
   0.0006 (  0.0%)   0.0000 (  0.0%)   0.0006 (  0.0%)   0.0006 (  0.0%)  Dominator Tree Construction
   0.0005 (  0.0%)   0.0001 (  0.0%)   0.0006 (  0.0%)   0.0006 (  0.0%)  Function Alias Analysis Results
   0.0005 (  0.0%)   0.0001 (  0.0%)   0.0006 (  0.0%)   0.0006 (  0.0%)  Scalar Evolution Analysis
   0.0005 (  0.0%)   0.0000 (  0.0%)   0.0006 (  0.0%)   0.0006 (  0.0%)  Post-Dominator Tree Construction
   0.0006 (  0.0%)   0.0000 (  0.0%)   0.0006 (  0.0%)   0.0006 (  0.0%)  Dominator Tree Construction
   0.0005 (  0.0%)   0.0001 (  0.0%)   0.0006 (  0.0%)   0.0006 (  0.0%)  Dominator Tree Construction
   0.0006 (  0.0%)   0.0000 (  0.0%)   0.0006 (  0.0%)   0.0006 (  0.0%)  Infer nuw/nsw flags for instructions
   0.0006 (  0.0%)   0.0000 (  0.0%)   0.0006 (  0.0%)   0.0006 (  0.0%)  Auto automatic array partition filter analysis
   0.0006 (  0.0%)   0.0000 (  0.0%)   0.0006 (  0.0%)   0.0006 (  0.0%)  Assign names to anonymous instructions (structure based)
   0.0005 (  0.0%)   0.0000 (  0.0%)   0.0006 (  0.0%)   0.0006 (  0.0%)  Post-Dominator Tree Construction
   0.0005 (  0.0%)   0.0000 (  0.0%)   0.0006 (  0.0%)   0.0006 (  0.0%)  Divergence Analysis
   0.0006 (  0.0%)   0.0000 (  0.0%)   0.0006 (  0.0%)   0.0006 (  0.0%)  Infer PPPO for array-to-streams
   0.0005 (  0.0%)   0.0000 (  0.0%)   0.0006 (  0.0%)   0.0006 (  0.0%)  Divergence Analysis
   0.0005 (  0.0%)   0.0001 (  0.0%)   0.0005 (  0.0%)   0.0005 (  0.0%)  Divergence Analysis
   0.0004 (  0.0%)   0.0001 (  0.0%)   0.0006 (  0.0%)   0.0005 (  0.0%)  Natural Loop Information
   0.0005 (  0.0%)   0.0000 (  0.0%)   0.0005 (  0.0%)   0.0005 (  0.0%)  Pragma preprocessing after clang
   0.0005 (  0.0%)   0.0000 (  0.0%)   0.0005 (  0.0%)   0.0005 (  0.0%)  Infer nuw/nsw flags for instructions
   0.0004 (  0.0%)   0.0001 (  0.0%)   0.0005 (  0.0%)   0.0005 (  0.0%)  Loop-Closed SSA Form Pass
   0.0005 (  0.0%)   0.0001 (  0.0%)   0.0005 (  0.0%)   0.0005 (  0.0%)  Divergence Analysis
   0.0005 (  0.0%)   0.0001 (  0.0%)   0.0005 (  0.0%)   0.0005 (  0.0%)  Post-Dominator Tree Construction
   0.0005 (  0.0%)   0.0000 (  0.0%)   0.0005 (  0.0%)   0.0005 (  0.0%)  Function Alias Analysis Results
   0.0005 (  0.0%)   0.0000 (  0.0%)   0.0005 (  0.0%)   0.0005 (  0.0%)  Function Alias Analysis Results
   0.0005 (  0.0%)   0.0000 (  0.0%)   0.0005 (  0.0%)   0.0005 (  0.0%)  Infer nuw/nsw flags for instructions
   0.0005 (  0.0%)   0.0000 (  0.0%)   0.0005 (  0.0%)   0.0005 (  0.0%)  Auto automatic array partition filter analysis
   0.0005 (  0.0%)   0.0000 (  0.0%)   0.0005 (  0.0%)   0.0005 (  0.0%)  Dominator Tree Construction
   0.0005 (  0.0%)   0.0001 (  0.0%)   0.0005 (  0.0%)   0.0005 (  0.0%)  Remove redundant instructions
   0.0005 (  0.0%)   0.0000 (  0.0%)   0.0005 (  0.0%)   0.0005 (  0.0%)  Dominator Tree Construction
   0.0005 (  0.0%)   0.0000 (  0.0%)   0.0005 (  0.0%)   0.0005 (  0.0%)  Assign names to anonymous instructions (structure based)
   0.0005 (  0.0%)   0.0000 (  0.0%)   0.0005 (  0.0%)   0.0005 (  0.0%)  Infer nuw/nsw flags for instructions
   0.0005 (  0.0%)   0.0000 (  0.0%)   0.0005 (  0.0%)   0.0005 (  0.0%)  AttrPropagation - Propagate Pointer Parameter Attribute
   0.0002 (  0.0%)   0.0004 (  0.1%)   0.0005 (  0.0%)   0.0005 (  0.0%)  Infer nuw/nsw flags for instructions
   0.0005 (  0.0%)   0.0000 (  0.0%)   0.0005 (  0.0%)   0.0005 (  0.0%)  Auto automatic array partition filter analysis
   0.0005 (  0.0%)   0.0000 (  0.0%)   0.0005 (  0.0%)   0.0005 (  0.0%)  Auto automatic array partition filter analysis
   0.0004 (  0.0%)   0.0002 (  0.0%)   0.0005 (  0.0%)   0.0005 (  0.0%)  Dominator Tree Construction
   0.0005 (  0.0%)   0.0000 (  0.0%)   0.0005 (  0.0%)   0.0005 (  0.0%)  Merge accesses in the same region
   0.0005 (  0.0%)   0.0000 (  0.0%)   0.0005 (  0.0%)   0.0005 (  0.0%)  Post-Dominator Tree Construction
   0.0005 (  0.0%)   0.0001 (  0.0%)   0.0005 (  0.0%)   0.0005 (  0.0%)  Post-Dominator Tree Construction
   0.0005 (  0.0%)   0.0000 (  0.0%)   0.0005 (  0.0%)   0.0005 (  0.0%)  Post-Dominator Tree Construction
   0.0004 (  0.0%)   0.0001 (  0.0%)   0.0005 (  0.0%)   0.0005 (  0.0%)  Dominator Tree Construction
   0.0005 (  0.0%)   0.0000 (  0.0%)   0.0005 (  0.0%)   0.0005 (  0.0%)  Infer PPPO for array-to-streams
   0.0005 (  0.0%)   0.0000 (  0.0%)   0.0005 (  0.0%)   0.0005 (  0.0%)  Dominator Tree Construction
   0.0004 (  0.0%)   0.0001 (  0.0%)   0.0005 (  0.0%)   0.0005 (  0.0%)  Post-Dominator Tree Construction
   0.0005 (  0.0%)   0.0000 (  0.0%)   0.0005 (  0.0%)   0.0005 (  0.0%)  Function Alias Analysis Results
   0.0005 (  0.0%)   0.0000 (  0.0%)   0.0005 (  0.0%)   0.0005 (  0.0%)  Simplify the CFG
   0.0005 (  0.0%)   0.0000 (  0.0%)   0.0005 (  0.0%)   0.0005 (  0.0%)  Divergence Analysis
   0.0005 (  0.0%)   0.0000 (  0.0%)   0.0005 (  0.0%)   0.0005 (  0.0%)  Infer nuw/nsw flags for instructions
   0.0004 (  0.0%)   0.0001 (  0.0%)   0.0005 (  0.0%)   0.0005 (  0.0%)  Dominator Tree Construction
   0.0005 (  0.0%)   0.0000 (  0.0%)   0.0005 (  0.0%)   0.0005 (  0.0%)  Function Alias Analysis Results
   0.0005 (  0.0%)   0.0000 (  0.0%)   0.0005 (  0.0%)   0.0005 (  0.0%)  Canonicalize natural loops
   0.0005 (  0.0%)   0.0000 (  0.0%)   0.0005 (  0.0%)   0.0005 (  0.0%)  Post-Dominator Tree Construction
   0.0005 (  0.0%)   0.0000 (  0.0%)   0.0005 (  0.0%)   0.0005 (  0.0%)  Post-Dominator Tree Construction
   0.0005 (  0.0%)   0.0000 (  0.0%)   0.0005 (  0.0%)   0.0005 (  0.0%)  Infer PPPO for array-to-streams
   0.0005 (  0.0%)   0.0000 (  0.0%)   0.0005 (  0.0%)   0.0005 (  0.0%)  Dominator Tree Construction
   0.0005 (  0.0%)   0.0000 (  0.0%)   0.0005 (  0.0%)   0.0005 (  0.0%)  Simplify the CFG
   0.0004 (  0.0%)   0.0001 (  0.0%)   0.0005 (  0.0%)   0.0005 (  0.0%)  Dominator Tree Construction
   0.0005 (  0.0%)   0.0000 (  0.0%)   0.0005 (  0.0%)   0.0005 (  0.0%)  Array abnormal access check
   0.0004 (  0.0%)   0.0001 (  0.0%)   0.0005 (  0.0%)   0.0005 (  0.0%)  Post-Dominator Tree Construction
   0.0005 (  0.0%)   0.0000 (  0.0%)   0.0005 (  0.0%)   0.0005 (  0.0%)  Function Alias Analysis Results
   0.0005 (  0.0%)   0.0000 (  0.0%)   0.0005 (  0.0%)   0.0005 (  0.0%)  Post-Dominator Tree Construction
   0.0005 (  0.0%)   0.0000 (  0.0%)   0.0005 (  0.0%)   0.0005 (  0.0%)  Auto automatic array partition filter analysis
   0.0005 (  0.0%)   0.0000 (  0.0%)   0.0005 (  0.0%)   0.0005 (  0.0%)  Post-Dominator Tree Construction
   0.0005 (  0.0%)   0.0000 (  0.0%)   0.0005 (  0.0%)   0.0005 (  0.0%)  Infer nuw/nsw flags for instructions
   0.0005 (  0.0%)   0.0000 (  0.0%)   0.0005 (  0.0%)   0.0005 (  0.0%)  Post-Dominator Tree Construction
   0.0005 (  0.0%)   0.0000 (  0.0%)   0.0005 (  0.0%)   0.0005 (  0.0%)  Array abnormal access check
   0.0002 (  0.0%)   0.0003 (  0.1%)   0.0005 (  0.0%)   0.0005 (  0.0%)  Dead Instruction Elimination
   0.0005 (  0.0%)   0.0000 (  0.0%)   0.0005 (  0.0%)   0.0005 (  0.0%)  Post-Dominator Tree Construction
   0.0005 (  0.0%)   0.0000 (  0.0%)   0.0005 (  0.0%)   0.0005 (  0.0%)  Dominator Tree Construction
   0.0004 (  0.0%)   0.0001 (  0.0%)   0.0005 (  0.0%)   0.0005 (  0.0%)  Scalar Evolution Analysis
   0.0005 (  0.0%)   0.0000 (  0.0%)   0.0005 (  0.0%)   0.0005 (  0.0%)  Dominator Tree Construction
   0.0005 (  0.0%)   0.0000 (  0.0%)   0.0005 (  0.0%)   0.0005 (  0.0%)  Post-Dominator Tree Construction
   0.0004 (  0.0%)   0.0001 (  0.0%)   0.0005 (  0.0%)   0.0005 (  0.0%)  Post-Dominator Tree Construction
   0.0004 (  0.0%)   0.0001 (  0.0%)   0.0005 (  0.0%)   0.0005 (  0.0%)  Recursively inline barriers caller to kernel
   0.0005 (  0.0%)   0.0000 (  0.0%)   0.0005 (  0.0%)   0.0005 (  0.0%)  Post-Dominator Tree Construction
   0.0005 (  0.0%)   0.0000 (  0.0%)   0.0005 (  0.0%)   0.0005 (  0.0%)  Dominator Tree Construction
   0.0004 (  0.0%)   0.0000 (  0.0%)   0.0005 (  0.0%)   0.0005 (  0.0%)  Dominator Tree Construction
   0.0004 (  0.0%)   0.0000 (  0.0%)   0.0005 (  0.0%)   0.0005 (  0.0%)  Post-Dominator Tree Construction
   0.0005 (  0.0%)   0.0000 (  0.0%)   0.0005 (  0.0%)   0.0005 (  0.0%)  Array abnormal access check
   0.0005 (  0.0%)   0.0000 (  0.0%)   0.0005 (  0.0%)   0.0005 (  0.0%)  Post-Dominator Tree Construction
   0.0004 (  0.0%)   0.0001 (  0.0%)   0.0005 (  0.0%)   0.0005 (  0.0%)  Post-Dominator Tree Construction
   0.0005 (  0.0%)   0.0000 (  0.0%)   0.0005 (  0.0%)   0.0005 (  0.0%)  Dominator Tree Construction
   0.0004 (  0.0%)   0.0001 (  0.0%)   0.0005 (  0.0%)   0.0005 (  0.0%)  Simplify the CFG
   0.0005 (  0.0%)   0.0000 (  0.0%)   0.0005 (  0.0%)   0.0005 (  0.0%)   automatic parallel and pipeline insertion based performance constraint
   0.0005 (  0.0%)   0.0000 (  0.0%)   0.0005 (  0.0%)   0.0005 (  0.0%)  Auto automatic array partition filter analysis
   0.0005 (  0.0%)   0.0000 (  0.0%)   0.0005 (  0.0%)   0.0005 (  0.0%)  Natural Loop Information
   0.0005 (  0.0%)   0.0000 (  0.0%)   0.0005 (  0.0%)   0.0005 (  0.0%)  Infer nuw/nsw flags for instructions
   0.0004 (  0.0%)   0.0000 (  0.0%)   0.0005 (  0.0%)   0.0005 (  0.0%)  Post-Dominator Tree Construction
   0.0005 (  0.0%)   0.0000 (  0.0%)   0.0005 (  0.0%)   0.0005 (  0.0%)  Array abnormal access check
   0.0005 (  0.0%)   0.0000 (  0.0%)   0.0005 (  0.0%)   0.0005 (  0.0%)  Array abnormal access check
   0.0004 (  0.0%)   0.0000 (  0.0%)   0.0005 (  0.0%)   0.0005 (  0.0%)  Post-Dominator Tree Construction
   0.0005 (  0.0%)   0.0000 (  0.0%)   0.0005 (  0.0%)   0.0005 (  0.0%)  Array abnormal access check
   0.0004 (  0.0%)   0.0000 (  0.0%)   0.0005 (  0.0%)   0.0005 (  0.0%)  Dominator Tree Construction
   0.0005 (  0.0%)   0.0000 (  0.0%)   0.0005 (  0.0%)   0.0005 (  0.0%)  Structure stription
   0.0004 (  0.0%)   0.0001 (  0.0%)   0.0005 (  0.0%)   0.0005 (  0.0%)  Post-Dominator Tree Construction
   0.0000 (  0.0%)   0.0005 (  0.1%)   0.0005 (  0.0%)   0.0005 (  0.0%)  Infer PPPO for array-to-streams
   0.0004 (  0.0%)   0.0000 (  0.0%)   0.0005 (  0.0%)   0.0005 (  0.0%)  Infer nuw/nsw flags for instructions
   0.0004 (  0.0%)   0.0000 (  0.0%)   0.0005 (  0.0%)   0.0005 (  0.0%)  Post-Dominator Tree Construction
   0.0005 (  0.0%)   0.0000 (  0.0%)   0.0005 (  0.0%)   0.0005 (  0.0%)  Natural Loop Information
   0.0004 (  0.0%)   0.0000 (  0.0%)   0.0005 (  0.0%)   0.0005 (  0.0%)  Infer nuw/nsw flags for instructions
   0.0004 (  0.0%)   0.0001 (  0.0%)   0.0005 (  0.0%)   0.0005 (  0.0%)  Dominator Tree Construction
   0.0004 (  0.0%)   0.0001 (  0.0%)   0.0004 (  0.0%)   0.0005 (  0.0%)  Dominator Tree Construction
   0.0004 (  0.0%)   0.0001 (  0.0%)   0.0005 (  0.0%)   0.0005 (  0.0%)  Dominator Tree Construction
   0.0004 (  0.0%)   0.0000 (  0.0%)   0.0005 (  0.0%)   0.0005 (  0.0%)  Natural Loop Information
   0.0004 (  0.0%)   0.0001 (  0.0%)   0.0005 (  0.0%)   0.0005 (  0.0%)  Scalar Evolution Analysis
   0.0004 (  0.0%)   0.0001 (  0.0%)   0.0005 (  0.0%)   0.0005 (  0.0%)  Dominator Tree Construction
   0.0004 (  0.0%)   0.0000 (  0.0%)   0.0005 (  0.0%)   0.0005 (  0.0%)  Dominator Tree Construction
   0.0004 (  0.0%)   0.0000 (  0.0%)   0.0004 (  0.0%)   0.0005 (  0.0%)  Post-Dominator Tree Construction
   0.0005 (  0.0%)   0.0000 (  0.0%)   0.0005 (  0.0%)   0.0005 (  0.0%)  Lower HLS related intrinsics
   0.0005 (  0.0%)   0.0000 (  0.0%)   0.0005 (  0.0%)   0.0005 (  0.0%)  Function Alias Analysis Results
   0.0005 (  0.0%)   0.0000 (  0.0%)   0.0005 (  0.0%)   0.0005 (  0.0%)  Post-Dominator Tree Construction
   0.0004 (  0.0%)   0.0001 (  0.0%)   0.0005 (  0.0%)   0.0004 (  0.0%)  Natural Loop Information
   0.0004 (  0.0%)   0.0001 (  0.0%)   0.0005 (  0.0%)   0.0004 (  0.0%)  Dominator Tree Construction
   0.0003 (  0.0%)   0.0001 (  0.0%)   0.0005 (  0.0%)   0.0004 (  0.0%)  Natural Loop Information
   0.0004 (  0.0%)   0.0000 (  0.0%)   0.0004 (  0.0%)   0.0004 (  0.0%)  Dominator Tree Construction
   0.0004 (  0.0%)   0.0000 (  0.0%)   0.0005 (  0.0%)   0.0004 (  0.0%)  Dominator Tree Construction
   0.0004 (  0.0%)   0.0000 (  0.0%)   0.0005 (  0.0%)   0.0004 (  0.0%)  Scalar Evolution Analysis
   0.0004 (  0.0%)   0.0001 (  0.0%)   0.0004 (  0.0%)   0.0004 (  0.0%)  Dominator Tree Construction
   0.0004 (  0.0%)   0.0000 (  0.0%)   0.0004 (  0.0%)   0.0004 (  0.0%)  Dominator Tree Construction
   0.0003 (  0.0%)   0.0001 (  0.0%)   0.0004 (  0.0%)   0.0004 (  0.0%)  Dominator Tree Construction
   0.0004 (  0.0%)   0.0001 (  0.0%)   0.0004 (  0.0%)   0.0004 (  0.0%)  Dominator Tree Construction
   0.0004 (  0.0%)   0.0000 (  0.0%)   0.0004 (  0.0%)   0.0004 (  0.0%)  Dominator Tree Construction
   0.0004 (  0.0%)   0.0000 (  0.0%)   0.0004 (  0.0%)   0.0004 (  0.0%)  Dominator Tree Construction
   0.0004 (  0.0%)   0.0000 (  0.0%)   0.0004 (  0.0%)   0.0004 (  0.0%)  Post-Dominator Tree Construction
   0.0004 (  0.0%)   0.0000 (  0.0%)   0.0004 (  0.0%)   0.0004 (  0.0%)  Dominator Tree Construction
   0.0004 (  0.0%)   0.0000 (  0.0%)   0.0004 (  0.0%)   0.0004 (  0.0%)  Infer nuw/nsw flags for instructions
   0.0004 (  0.0%)   0.0000 (  0.0%)   0.0004 (  0.0%)   0.0004 (  0.0%)  Dominator Tree Construction
   0.0004 (  0.0%)   0.0000 (  0.0%)   0.0004 (  0.0%)   0.0004 (  0.0%)  Function Alias Analysis Results
   0.0004 (  0.0%)   0.0000 (  0.0%)   0.0004 (  0.0%)   0.0004 (  0.0%)  Dominator Tree Construction
   0.0004 (  0.0%)   0.0000 (  0.0%)   0.0004 (  0.0%)   0.0004 (  0.0%)  Post-Dominator Tree Construction
   0.0004 (  0.0%)   0.0000 (  0.0%)   0.0004 (  0.0%)   0.0004 (  0.0%)  Natural Loop Information
   0.0004 (  0.0%)   0.0000 (  0.0%)   0.0004 (  0.0%)   0.0004 (  0.0%)  Post-Dominator Tree Construction
   0.0004 (  0.0%)   0.0000 (  0.0%)   0.0004 (  0.0%)   0.0004 (  0.0%)  Post-Dominator Tree Construction
   0.0004 (  0.0%)   0.0000 (  0.0%)   0.0004 (  0.0%)   0.0004 (  0.0%)  Dominator Tree Construction
   0.0003 (  0.0%)   0.0001 (  0.0%)   0.0004 (  0.0%)   0.0004 (  0.0%)  Natural Loop Information
   0.0003 (  0.0%)   0.0001 (  0.0%)   0.0004 (  0.0%)   0.0004 (  0.0%)  Dominator Tree Construction
   0.0004 (  0.0%)   0.0000 (  0.0%)   0.0004 (  0.0%)   0.0004 (  0.0%)  Dominator Tree Construction
   0.0004 (  0.0%)   0.0000 (  0.0%)   0.0004 (  0.0%)   0.0004 (  0.0%)  Post-Dominator Tree Construction
   0.0004 (  0.0%)   0.0001 (  0.0%)   0.0004 (  0.0%)   0.0004 (  0.0%)  Function Alias Analysis Results
   0.0004 (  0.0%)   0.0000 (  0.0%)   0.0004 (  0.0%)   0.0004 (  0.0%)  Dominator Tree Construction
   0.0004 (  0.0%)   0.0000 (  0.0%)   0.0004 (  0.0%)   0.0004 (  0.0%)  Dominator Tree Construction
   0.0004 (  0.0%)   0.0000 (  0.0%)   0.0004 (  0.0%)   0.0004 (  0.0%)  Dominator Tree Construction
   0.0004 (  0.0%)   0.0000 (  0.0%)   0.0004 (  0.0%)   0.0004 (  0.0%)  Dominator Tree Construction
   0.0004 (  0.0%)   0.0000 (  0.0%)   0.0004 (  0.0%)   0.0004 (  0.0%)  Dominator Tree Construction
   0.0004 (  0.0%)   0.0000 (  0.0%)   0.0004 (  0.0%)   0.0004 (  0.0%)  Optimize multiple instructions
   0.0004 (  0.0%)   0.0000 (  0.0%)   0.0004 (  0.0%)   0.0004 (  0.0%)  Function Alias Analysis Results
   0.0004 (  0.0%)   0.0000 (  0.0%)   0.0004 (  0.0%)   0.0004 (  0.0%)  Dominator Tree Construction
   0.0004 (  0.0%)   0.0000 (  0.0%)   0.0004 (  0.0%)   0.0004 (  0.0%)  Dominator Tree Construction
   0.0003 (  0.0%)   0.0001 (  0.0%)   0.0004 (  0.0%)   0.0004 (  0.0%)  Function Alias Analysis Results
   0.0003 (  0.0%)   0.0001 (  0.0%)   0.0004 (  0.0%)   0.0004 (  0.0%)  Function Alias Analysis Results
   0.0004 (  0.0%)   0.0000 (  0.0%)   0.0004 (  0.0%)   0.0004 (  0.0%)  Scalar Evolution Analysis
   0.0003 (  0.0%)   0.0001 (  0.0%)   0.0004 (  0.0%)   0.0004 (  0.0%)  Function Alias Analysis Results
   0.0004 (  0.0%)   0.0000 (  0.0%)   0.0004 (  0.0%)   0.0004 (  0.0%)  Dominator Tree Construction
   0.0004 (  0.0%)   0.0000 (  0.0%)   0.0004 (  0.0%)   0.0004 (  0.0%)  Dominator Tree Construction
   0.0004 (  0.0%)   0.0000 (  0.0%)   0.0004 (  0.0%)   0.0004 (  0.0%)  Dominator Tree Construction
   0.0003 (  0.0%)   0.0001 (  0.0%)   0.0004 (  0.0%)   0.0004 (  0.0%)  Canonicalize natural loops
   0.0004 (  0.0%)   0.0000 (  0.0%)   0.0004 (  0.0%)   0.0004 (  0.0%)  Dominator Tree Construction
   0.0004 (  0.0%)   0.0000 (  0.0%)   0.0004 (  0.0%)   0.0004 (  0.0%)  Function Alias Analysis Results
   0.0004 (  0.0%)   0.0000 (  0.0%)   0.0004 (  0.0%)   0.0004 (  0.0%)  Basic Alias Analysis (stateless AA impl)
   0.0004 (  0.0%)   0.0000 (  0.0%)   0.0004 (  0.0%)   0.0004 (  0.0%)  Assign names to anonymous instructions (structure based)
   0.0004 (  0.0%)   0.0001 (  0.0%)   0.0004 (  0.0%)   0.0004 (  0.0%)  Dominator Tree Construction
   0.0002 (  0.0%)   0.0002 (  0.1%)   0.0004 (  0.0%)   0.0004 (  0.0%)  Natural Loop Information
   0.0003 (  0.0%)   0.0001 (  0.0%)   0.0004 (  0.0%)   0.0004 (  0.0%)  Function Alias Analysis Results
   0.0004 (  0.0%)   0.0000 (  0.0%)   0.0004 (  0.0%)   0.0004 (  0.0%)  Dominator Tree Construction
   0.0003 (  0.0%)   0.0001 (  0.0%)   0.0004 (  0.0%)   0.0004 (  0.0%)  Dominator Tree Construction
   0.0004 (  0.0%)   0.0000 (  0.0%)   0.0004 (  0.0%)   0.0004 (  0.0%)  Dominator Tree Construction
   0.0004 (  0.0%)   0.0000 (  0.0%)   0.0004 (  0.0%)   0.0004 (  0.0%)  Dominator Tree Construction
   0.0004 (  0.0%)   0.0001 (  0.0%)   0.0004 (  0.0%)   0.0004 (  0.0%)  Basic Alias Analysis (stateless AA impl)
   0.0004 (  0.0%)   0.0001 (  0.0%)   0.0004 (  0.0%)   0.0004 (  0.0%)  Dominator Tree Construction
   0.0004 (  0.0%)   0.0000 (  0.0%)   0.0004 (  0.0%)   0.0004 (  0.0%)  Post-Dominator Tree Construction
   0.0004 (  0.0%)   0.0000 (  0.0%)   0.0004 (  0.0%)   0.0004 (  0.0%)  Natural Loop Information
   0.0004 (  0.0%)   0.0000 (  0.0%)   0.0004 (  0.0%)   0.0004 (  0.0%)  Dominator Tree Construction
   0.0004 (  0.0%)   0.0000 (  0.0%)   0.0004 (  0.0%)   0.0004 (  0.0%)  Dominator Tree Construction
   0.0004 (  0.0%)   0.0000 (  0.0%)   0.0004 (  0.0%)   0.0004 (  0.0%)  Dominator Tree Construction
   0.0002 (  0.0%)   0.0002 (  0.1%)   0.0004 (  0.0%)   0.0004 (  0.0%)  Post-Dominator Tree Construction
   0.0003 (  0.0%)   0.0001 (  0.0%)   0.0004 (  0.0%)   0.0004 (  0.0%)  Basic Alias Analysis (stateless AA impl)
   0.0003 (  0.0%)   0.0001 (  0.0%)   0.0004 (  0.0%)   0.0004 (  0.0%)  Canonicalize natural loops
   0.0003 (  0.0%)   0.0001 (  0.0%)   0.0004 (  0.0%)   0.0004 (  0.0%)  Basic Alias Analysis (stateless AA impl)
   0.0004 (  0.0%)   0.0000 (  0.0%)   0.0004 (  0.0%)   0.0004 (  0.0%)  Dead Argument Elimination
   0.0004 (  0.0%)   0.0000 (  0.0%)   0.0004 (  0.0%)   0.0004 (  0.0%)  Dominator Tree Construction
   0.0004 (  0.0%)   0.0000 (  0.0%)   0.0004 (  0.0%)   0.0004 (  0.0%)  Natural Loop Information
   0.0004 (  0.0%)   0.0000 (  0.0%)   0.0004 (  0.0%)   0.0004 (  0.0%)  Detect single entry single exit regions
   0.0003 (  0.0%)   0.0001 (  0.0%)   0.0004 (  0.0%)   0.0004 (  0.0%)  Dominator Tree Construction
   0.0004 (  0.0%)   0.0000 (  0.0%)   0.0004 (  0.0%)   0.0004 (  0.0%)  Dominator Tree Construction
   0.0004 (  0.0%)   0.0000 (  0.0%)   0.0004 (  0.0%)   0.0004 (  0.0%)  Dominator Tree Construction
   0.0004 (  0.0%)   0.0000 (  0.0%)   0.0004 (  0.0%)   0.0004 (  0.0%)  Object Decomposition
   0.0003 (  0.0%)   0.0001 (  0.0%)   0.0004 (  0.0%)   0.0004 (  0.0%)  Dominator Tree Construction
   0.0004 (  0.0%)   0.0000 (  0.0%)   0.0004 (  0.0%)   0.0004 (  0.0%)  Scalar Evolution Analysis
   0.0004 (  0.0%)   0.0000 (  0.0%)   0.0004 (  0.0%)   0.0004 (  0.0%)  Dominator Tree Construction
   0.0004 (  0.0%)   0.0000 (  0.0%)   0.0004 (  0.0%)   0.0004 (  0.0%)  Dominator Tree Construction
   0.0003 (  0.0%)   0.0001 (  0.0%)   0.0004 (  0.0%)   0.0004 (  0.0%)  Basic Alias Analysis (stateless AA impl)
   0.0004 (  0.0%)   0.0000 (  0.0%)   0.0004 (  0.0%)   0.0004 (  0.0%)  Natural Loop Information
   0.0003 (  0.0%)   0.0001 (  0.0%)   0.0004 (  0.0%)   0.0004 (  0.0%)  Basic Alias Analysis (stateless AA impl)
   0.0004 (  0.0%)   0.0000 (  0.0%)   0.0004 (  0.0%)   0.0004 (  0.0%)  Dominator Tree Construction
   0.0003 (  0.0%)   0.0001 (  0.0%)   0.0004 (  0.0%)   0.0004 (  0.0%)  Canonicalize natural loops
   0.0004 (  0.0%)   0.0000 (  0.0%)   0.0004 (  0.0%)   0.0004 (  0.0%)  Scalar Evolution Analysis
   0.0003 (  0.0%)   0.0000 (  0.0%)   0.0004 (  0.0%)   0.0004 (  0.0%)  Scalar Evolution Analysis
   0.0004 (  0.0%)   0.0000 (  0.0%)   0.0004 (  0.0%)   0.0004 (  0.0%)  Dominator Tree Construction
   0.0004 (  0.0%)   0.0000 (  0.0%)   0.0004 (  0.0%)   0.0004 (  0.0%)  Natural Loop Information
   0.0004 (  0.0%)   0.0000 (  0.0%)   0.0004 (  0.0%)   0.0004 (  0.0%)  Dominator Tree Construction
   0.0004 (  0.0%)   0.0000 (  0.0%)   0.0004 (  0.0%)   0.0004 (  0.0%)  Dominator Tree Construction
   0.0004 (  0.0%)   0.0000 (  0.0%)   0.0004 (  0.0%)   0.0004 (  0.0%)  Canonicalize natural loops
   0.0004 (  0.0%)   0.0000 (  0.0%)   0.0004 (  0.0%)   0.0004 (  0.0%)  Post-Dominator Tree Construction
   0.0003 (  0.0%)   0.0001 (  0.0%)   0.0004 (  0.0%)   0.0004 (  0.0%)  Basic Alias Analysis (stateless AA impl)
   0.0004 (  0.0%)   0.0000 (  0.0%)   0.0004 (  0.0%)   0.0004 (  0.0%)  Detect single entry single exit regions
   0.0004 (  0.0%)   0.0000 (  0.0%)   0.0004 (  0.0%)   0.0004 (  0.0%)  Dominator Tree Construction
   0.0004 (  0.0%)   0.0000 (  0.0%)   0.0004 (  0.0%)   0.0004 (  0.0%)  Canonicalize natural loops
   0.0003 (  0.0%)   0.0000 (  0.0%)   0.0004 (  0.0%)   0.0004 (  0.0%)  Function Alias Analysis Results
   0.0004 (  0.0%)   0.0000 (  0.0%)   0.0004 (  0.0%)   0.0004 (  0.0%)  Natural Loop Information
   0.0003 (  0.0%)   0.0000 (  0.0%)   0.0004 (  0.0%)   0.0004 (  0.0%)  Dominator Tree Construction
   0.0004 (  0.0%)   0.0000 (  0.0%)   0.0004 (  0.0%)   0.0004 (  0.0%)  Natural Loop Information
   0.0004 (  0.0%)   0.0000 (  0.0%)   0.0004 (  0.0%)   0.0004 (  0.0%)  Natural Loop Information
   0.0003 (  0.0%)   0.0000 (  0.0%)   0.0004 (  0.0%)   0.0004 (  0.0%)  Dominator Tree Construction
   0.0004 (  0.0%)   0.0000 (  0.0%)   0.0004 (  0.0%)   0.0004 (  0.0%)  Dead Argument Elimination
   0.0004 (  0.0%)   0.0000 (  0.0%)   0.0004 (  0.0%)   0.0004 (  0.0%)  Natural Loop Information
   0.0003 (  0.0%)   0.0000 (  0.0%)   0.0004 (  0.0%)   0.0004 (  0.0%)  Dominance Frontier Construction
   0.0004 (  0.0%)   0.0000 (  0.0%)   0.0004 (  0.0%)   0.0004 (  0.0%)  Natural Loop Information
   0.0003 (  0.0%)   0.0000 (  0.0%)   0.0004 (  0.0%)   0.0004 (  0.0%)  Dominator Tree Construction
   0.0004 (  0.0%)   0.0000 (  0.0%)   0.0004 (  0.0%)   0.0004 (  0.0%)  Post-Dominator Tree Construction
   0.0003 (  0.0%)   0.0000 (  0.0%)   0.0003 (  0.0%)   0.0004 (  0.0%)  Dominator Tree Construction
   0.0004 (  0.0%)   0.0000 (  0.0%)   0.0004 (  0.0%)   0.0004 (  0.0%)  Natural Loop Information
   0.0003 (  0.0%)   0.0000 (  0.0%)   0.0004 (  0.0%)   0.0004 (  0.0%)  Natural Loop Information
   0.0003 (  0.0%)   0.0001 (  0.0%)   0.0004 (  0.0%)   0.0004 (  0.0%)  Dominator Tree Construction
   0.0003 (  0.0%)   0.0000 (  0.0%)   0.0004 (  0.0%)   0.0004 (  0.0%)  Basic Alias Analysis (stateless AA impl)
   0.0004 (  0.0%)   0.0000 (  0.0%)   0.0004 (  0.0%)   0.0004 (  0.0%)  Natural Loop Information
   0.0003 (  0.0%)   0.0000 (  0.0%)   0.0003 (  0.0%)   0.0004 (  0.0%)  Dominator Tree Construction
   0.0003 (  0.0%)   0.0000 (  0.0%)   0.0004 (  0.0%)   0.0004 (  0.0%)  Scalar Evolution Analysis
   0.0003 (  0.0%)   0.0000 (  0.0%)   0.0004 (  0.0%)   0.0004 (  0.0%)  Dominator Tree Construction
   0.0004 (  0.0%)   0.0000 (  0.0%)   0.0004 (  0.0%)   0.0004 (  0.0%)  Disaggregation preprocessing
   0.0003 (  0.0%)   0.0000 (  0.0%)   0.0003 (  0.0%)   0.0004 (  0.0%)  Dominator Tree Construction
   0.0003 (  0.0%)   0.0001 (  0.0%)   0.0004 (  0.0%)   0.0003 (  0.0%)  Post-Dominator Tree Construction
   0.0004 (  0.0%)   0.0000 (  0.0%)   0.0004 (  0.0%)   0.0003 (  0.0%)  Assign names to anonymous instructions (structure based)
   0.0003 (  0.0%)   0.0001 (  0.0%)   0.0004 (  0.0%)   0.0003 (  0.0%)  Basic Alias Analysis (stateless AA impl)
   0.0003 (  0.0%)   0.0000 (  0.0%)   0.0003 (  0.0%)   0.0003 (  0.0%)  CallGraph Construction
   0.0003 (  0.0%)   0.0000 (  0.0%)   0.0003 (  0.0%)   0.0003 (  0.0%)  Scalar Evolution Analysis
   0.0003 (  0.0%)   0.0000 (  0.0%)   0.0003 (  0.0%)   0.0003 (  0.0%)  Dominator Tree Construction
   0.0003 (  0.0%)   0.0000 (  0.0%)   0.0003 (  0.0%)   0.0003 (  0.0%)  Post-Dominator Tree Construction
   0.0003 (  0.0%)   0.0000 (  0.0%)   0.0003 (  0.0%)   0.0003 (  0.0%)  Natural Loop Information
   0.0002 (  0.0%)   0.0001 (  0.0%)   0.0004 (  0.0%)   0.0003 (  0.0%)  Natural Loop Information
   0.0003 (  0.0%)   0.0000 (  0.0%)   0.0003 (  0.0%)   0.0003 (  0.0%)  Array abnormal access check
   0.0003 (  0.0%)   0.0000 (  0.0%)   0.0003 (  0.0%)   0.0003 (  0.0%)  Post-Dominator Tree Construction
   0.0003 (  0.0%)   0.0001 (  0.0%)   0.0003 (  0.0%)   0.0003 (  0.0%)  Post-Dominator Tree Construction
   0.0003 (  0.0%)   0.0001 (  0.0%)   0.0003 (  0.0%)   0.0003 (  0.0%)  Post-Dominator Tree Construction
   0.0003 (  0.0%)   0.0000 (  0.0%)   0.0003 (  0.0%)   0.0003 (  0.0%)  Post-Dominator Tree Construction
   0.0003 (  0.0%)   0.0000 (  0.0%)   0.0003 (  0.0%)   0.0003 (  0.0%)  Simplify types in the LLVM IR, redundant type hierarchy
   0.0003 (  0.0%)   0.0000 (  0.0%)   0.0003 (  0.0%)   0.0003 (  0.0%)  Scalar Evolution Analysis
   0.0003 (  0.0%)   0.0000 (  0.0%)   0.0003 (  0.0%)   0.0003 (  0.0%)  Scalar Evolution Analysis
   0.0003 (  0.0%)   0.0000 (  0.0%)   0.0003 (  0.0%)   0.0003 (  0.0%)  Detect single entry single exit regions
   0.0003 (  0.0%)   0.0000 (  0.0%)   0.0003 (  0.0%)   0.0003 (  0.0%)  Dead Argument Elimination
   0.0003 (  0.0%)   0.0000 (  0.0%)   0.0003 (  0.0%)   0.0003 (  0.0%)  Dominator Tree Construction
   0.0003 (  0.0%)   0.0000 (  0.0%)   0.0003 (  0.0%)   0.0003 (  0.0%)  Post-Dominator Tree Construction
   0.0003 (  0.0%)   0.0000 (  0.0%)   0.0003 (  0.0%)   0.0003 (  0.0%)  Canonicalize natural loops
   0.0003 (  0.0%)   0.0000 (  0.0%)   0.0003 (  0.0%)   0.0003 (  0.0%)  Loop-Closed SSA Form Pass
   0.0003 (  0.0%)   0.0001 (  0.0%)   0.0003 (  0.0%)   0.0003 (  0.0%)  Post-Dominator Tree Construction
   0.0003 (  0.0%)   0.0000 (  0.0%)   0.0003 (  0.0%)   0.0003 (  0.0%)  Post-Dominator Tree Construction
   0.0003 (  0.0%)   0.0000 (  0.0%)   0.0003 (  0.0%)   0.0003 (  0.0%)  Dominator Tree Construction
   0.0003 (  0.0%)   0.0000 (  0.0%)   0.0003 (  0.0%)   0.0003 (  0.0%)  Function Alias Analysis Results
   0.0003 (  0.0%)   0.0000 (  0.0%)   0.0003 (  0.0%)   0.0003 (  0.0%)  Dominator Tree Construction
   0.0002 (  0.0%)   0.0001 (  0.0%)   0.0003 (  0.0%)   0.0003 (  0.0%)  Dominator Tree Construction
   0.0003 (  0.0%)   0.0001 (  0.0%)   0.0003 (  0.0%)   0.0003 (  0.0%)  Natural Loop Information
   0.0003 (  0.0%)   0.0000 (  0.0%)   0.0003 (  0.0%)   0.0003 (  0.0%)  WidenBurst - Widen bursts
   0.0003 (  0.0%)   0.0000 (  0.0%)   0.0003 (  0.0%)   0.0003 (  0.0%)  Dominator Tree Construction
   0.0003 (  0.0%)   0.0000 (  0.0%)   0.0003 (  0.0%)   0.0003 (  0.0%)  Dominator Tree Construction
   0.0003 (  0.0%)   0.0000 (  0.0%)   0.0003 (  0.0%)   0.0003 (  0.0%)  Dominator Tree Construction
   0.0003 (  0.0%)   0.0000 (  0.0%)   0.0003 (  0.0%)   0.0003 (  0.0%)  Natural Loop Information
   0.0003 (  0.0%)   0.0000 (  0.0%)   0.0003 (  0.0%)   0.0003 (  0.0%)  Dominator Tree Construction
   0.0003 (  0.0%)   0.0000 (  0.0%)   0.0003 (  0.0%)   0.0003 (  0.0%)  Natural Loop Information
   0.0003 (  0.0%)   0.0000 (  0.0%)   0.0003 (  0.0%)   0.0003 (  0.0%)  Post-Dominator Tree Construction
   0.0002 (  0.0%)   0.0002 (  0.0%)   0.0003 (  0.0%)   0.0003 (  0.0%)  Dominator Tree Construction
   0.0003 (  0.0%)   0.0000 (  0.0%)   0.0003 (  0.0%)   0.0003 (  0.0%)  Post-Dominator Tree Construction
   0.0003 (  0.0%)   0.0000 (  0.0%)   0.0003 (  0.0%)   0.0003 (  0.0%)  Post-Dominator Tree Construction
   0.0002 (  0.0%)   0.0002 (  0.0%)   0.0003 (  0.0%)   0.0003 (  0.0%)  Natural Loop Information
   0.0003 (  0.0%)   0.0000 (  0.0%)   0.0003 (  0.0%)   0.0003 (  0.0%)  Scalar Evolution Analysis
   0.0003 (  0.0%)   0.0000 (  0.0%)   0.0003 (  0.0%)   0.0003 (  0.0%)  Natural Loop Information
   0.0003 (  0.0%)   0.0000 (  0.0%)   0.0003 (  0.0%)   0.0003 (  0.0%)  Dominator Tree Construction
   0.0003 (  0.0%)   0.0000 (  0.0%)   0.0003 (  0.0%)   0.0003 (  0.0%)  Dominator Tree Construction
   0.0003 (  0.0%)   0.0000 (  0.0%)   0.0003 (  0.0%)   0.0003 (  0.0%)  Dominator Tree Construction
   0.0003 (  0.0%)   0.0000 (  0.0%)   0.0003 (  0.0%)   0.0003 (  0.0%)  Canonicalize natural loops
   0.0003 (  0.0%)   0.0000 (  0.0%)   0.0003 (  0.0%)   0.0003 (  0.0%)  Dominance Frontier Construction
   0.0003 (  0.0%)   0.0000 (  0.0%)   0.0003 (  0.0%)   0.0003 (  0.0%)  Dominator Tree Construction
   0.0002 (  0.0%)   0.0001 (  0.0%)   0.0003 (  0.0%)   0.0003 (  0.0%)  Natural Loop Information
   0.0002 (  0.0%)   0.0001 (  0.0%)   0.0003 (  0.0%)   0.0003 (  0.0%)  Natural Loop Information
   0.0003 (  0.0%)   0.0000 (  0.0%)   0.0003 (  0.0%)   0.0003 (  0.0%)  Loop-Closed SSA Form Pass
   0.0003 (  0.0%)   0.0001 (  0.0%)   0.0003 (  0.0%)   0.0003 (  0.0%)  Canonicalize natural loops
   0.0003 (  0.0%)   0.0000 (  0.0%)   0.0003 (  0.0%)   0.0003 (  0.0%)  Dominator Tree Construction
   0.0003 (  0.0%)   0.0000 (  0.0%)   0.0003 (  0.0%)   0.0003 (  0.0%)  Canonicalize natural loops
   0.0003 (  0.0%)   0.0000 (  0.0%)   0.0003 (  0.0%)   0.0003 (  0.0%)  Detect single entry single exit regions
   0.0003 (  0.0%)   0.0000 (  0.0%)   0.0003 (  0.0%)   0.0003 (  0.0%)  Basic Alias Analysis (stateless AA impl)
   0.0003 (  0.0%)   0.0000 (  0.0%)   0.0003 (  0.0%)   0.0003 (  0.0%)  Dominator Tree Construction
   0.0003 (  0.0%)   0.0000 (  0.0%)   0.0003 (  0.0%)   0.0003 (  0.0%)  Scalar Evolution Analysis
   0.0003 (  0.0%)   0.0000 (  0.0%)   0.0003 (  0.0%)   0.0003 (  0.0%)  Dominance Frontier Construction
   0.0003 (  0.0%)   0.0001 (  0.0%)   0.0003 (  0.0%)   0.0003 (  0.0%)  Dominator Tree Construction
   0.0003 (  0.0%)   0.0000 (  0.0%)   0.0003 (  0.0%)   0.0003 (  0.0%)  Natural Loop Information
   0.0003 (  0.0%)   0.0000 (  0.0%)   0.0003 (  0.0%)   0.0003 (  0.0%)  Basic Alias Analysis (stateless AA impl)
   0.0003 (  0.0%)   0.0001 (  0.0%)   0.0003 (  0.0%)   0.0003 (  0.0%)  Dominator Tree Construction
   0.0003 (  0.0%)   0.0000 (  0.0%)   0.0003 (  0.0%)   0.0003 (  0.0%)  Post-Dominator Tree Construction
   0.0003 (  0.0%)   0.0000 (  0.0%)   0.0003 (  0.0%)   0.0003 (  0.0%)  Post-Dominator Tree Construction
   0.0003 (  0.0%)   0.0000 (  0.0%)   0.0003 (  0.0%)   0.0003 (  0.0%)  Natural Loop Information
   0.0003 (  0.0%)   0.0000 (  0.0%)   0.0003 (  0.0%)   0.0003 (  0.0%)  Natural Loop Information
   0.0003 (  0.0%)   0.0000 (  0.0%)   0.0003 (  0.0%)   0.0003 (  0.0%)  Natural Loop Information
   0.0003 (  0.0%)   0.0000 (  0.0%)   0.0003 (  0.0%)   0.0003 (  0.0%)  Natural Loop Information
   0.0003 (  0.0%)   0.0001 (  0.0%)   0.0003 (  0.0%)   0.0003 (  0.0%)  Natural Loop Information
   0.0003 (  0.0%)   0.0000 (  0.0%)   0.0003 (  0.0%)   0.0003 (  0.0%)  Dominance Frontier Construction
   0.0003 (  0.0%)   0.0000 (  0.0%)   0.0003 (  0.0%)   0.0003 (  0.0%)  Basic Alias Analysis (stateless AA impl)
   0.0003 (  0.0%)   0.0000 (  0.0%)   0.0003 (  0.0%)   0.0003 (  0.0%)  Canonicalize natural loops
   0.0003 (  0.0%)   0.0000 (  0.0%)   0.0003 (  0.0%)   0.0003 (  0.0%)  Natural Loop Information
   0.0001 (  0.0%)   0.0002 (  0.0%)   0.0003 (  0.0%)   0.0003 (  0.0%)  Dominator Tree Construction
   0.0003 (  0.0%)   0.0000 (  0.0%)   0.0003 (  0.0%)   0.0003 (  0.0%)  Scalar Evolution Analysis
   0.0002 (  0.0%)   0.0001 (  0.0%)   0.0003 (  0.0%)   0.0003 (  0.0%)  Dominator Tree Construction
   0.0003 (  0.0%)   0.0000 (  0.0%)   0.0003 (  0.0%)   0.0003 (  0.0%)  Dominator Tree Construction
   0.0003 (  0.0%)   0.0000 (  0.0%)   0.0003 (  0.0%)   0.0003 (  0.0%)  Natural Loop Information
   0.0003 (  0.0%)   0.0000 (  0.0%)   0.0003 (  0.0%)   0.0003 (  0.0%)  Dominator Tree Construction
   0.0003 (  0.0%)   0.0000 (  0.0%)   0.0003 (  0.0%)   0.0003 (  0.0%)  Eliminate pointer selection
   0.0003 (  0.0%)   0.0000 (  0.0%)   0.0003 (  0.0%)   0.0003 (  0.0%)  Dominator Tree Construction
   0.0003 (  0.0%)   0.0000 (  0.0%)   0.0003 (  0.0%)   0.0003 (  0.0%)  Loop-Closed SSA Form Pass
   0.0003 (  0.0%)   0.0000 (  0.0%)   0.0003 (  0.0%)   0.0003 (  0.0%)  Scalar Evolution Analysis
   0.0003 (  0.0%)   0.0000 (  0.0%)   0.0003 (  0.0%)   0.0003 (  0.0%)  Natural Loop Information
   0.0003 (  0.0%)   0.0000 (  0.0%)   0.0003 (  0.0%)   0.0003 (  0.0%)  Canonicalize natural loops
   0.0003 (  0.0%)   0.0000 (  0.0%)   0.0003 (  0.0%)   0.0003 (  0.0%)  Natural Loop Information
   0.0003 (  0.0%)   0.0000 (  0.0%)   0.0003 (  0.0%)   0.0003 (  0.0%)  Natural Loop Information
   0.0003 (  0.0%)   0.0000 (  0.0%)   0.0003 (  0.0%)   0.0003 (  0.0%)  Natural Loop Information
   0.0003 (  0.0%)   0.0000 (  0.0%)   0.0003 (  0.0%)   0.0003 (  0.0%)  Dominator Tree Construction
   0.0003 (  0.0%)   0.0000 (  0.0%)   0.0003 (  0.0%)   0.0003 (  0.0%)  Natural Loop Information
   0.0002 (  0.0%)   0.0001 (  0.0%)   0.0003 (  0.0%)   0.0003 (  0.0%)  Eliminate dead debug information intrinsic
   0.0002 (  0.0%)   0.0001 (  0.0%)   0.0003 (  0.0%)   0.0003 (  0.0%)  Post-Dominator Tree Construction
   0.0003 (  0.0%)   0.0000 (  0.0%)   0.0003 (  0.0%)   0.0003 (  0.0%)  Eliminate dead debug information intrinsic
   0.0003 (  0.0%)   0.0000 (  0.0%)   0.0003 (  0.0%)   0.0003 (  0.0%)  Dead Argument Elimination
   0.0002 (  0.0%)   0.0001 (  0.0%)   0.0003 (  0.0%)   0.0003 (  0.0%)  Canonicalize natural loops
   0.0003 (  0.0%)   0.0000 (  0.0%)   0.0003 (  0.0%)   0.0003 (  0.0%)  Natural Loop Information
   0.0002 (  0.0%)   0.0001 (  0.0%)   0.0003 (  0.0%)   0.0003 (  0.0%)  Assign names to anonymous instructions (structure based)
   0.0002 (  0.0%)   0.0002 (  0.0%)   0.0003 (  0.0%)   0.0003 (  0.0%)  Canonicalize natural loops
   0.0003 (  0.0%)   0.0000 (  0.0%)   0.0003 (  0.0%)   0.0003 (  0.0%)  Dominator Tree Construction
   0.0003 (  0.0%)   0.0000 (  0.0%)   0.0003 (  0.0%)   0.0003 (  0.0%)  Eliminate pointer selection
   0.0003 (  0.0%)   0.0000 (  0.0%)   0.0003 (  0.0%)   0.0003 (  0.0%)  Scalar Evolution Analysis
   0.0002 (  0.0%)   0.0001 (  0.0%)   0.0003 (  0.0%)   0.0003 (  0.0%)  Post-Dominator Tree Construction
   0.0003 (  0.0%)   0.0000 (  0.0%)   0.0003 (  0.0%)   0.0003 (  0.0%)  Post-Dominator Tree Construction
   0.0003 (  0.0%)   0.0000 (  0.0%)   0.0003 (  0.0%)   0.0003 (  0.0%)  Natural Loop Information
   0.0003 (  0.0%)   0.0000 (  0.0%)   0.0003 (  0.0%)   0.0003 (  0.0%)  Scalar Evolution Analysis
   0.0003 (  0.0%)   0.0000 (  0.0%)   0.0003 (  0.0%)   0.0003 (  0.0%)  Loop-Closed SSA Form Pass
   0.0002 (  0.0%)   0.0001 (  0.0%)   0.0003 (  0.0%)   0.0003 (  0.0%)  Canonicalize natural loops
   0.0002 (  0.0%)   0.0001 (  0.0%)   0.0003 (  0.0%)   0.0003 (  0.0%)  Dominator Tree Construction
   0.0003 (  0.0%)   0.0000 (  0.0%)   0.0003 (  0.0%)   0.0003 (  0.0%)  Dominator Tree Construction
   0.0003 (  0.0%)   0.0000 (  0.0%)   0.0003 (  0.0%)   0.0003 (  0.0%)  Natural Loop Information
   0.0003 (  0.0%)   0.0000 (  0.0%)   0.0003 (  0.0%)   0.0003 (  0.0%)  Post-Dominator Tree Construction
   0.0002 (  0.0%)   0.0001 (  0.0%)   0.0003 (  0.0%)   0.0003 (  0.0%)  Basic Alias Analysis (stateless AA impl)
   0.0003 (  0.0%)   0.0000 (  0.0%)   0.0003 (  0.0%)   0.0003 (  0.0%)  Basic Alias Analysis (stateless AA impl)
   0.0003 (  0.0%)   0.0000 (  0.0%)   0.0003 (  0.0%)   0.0003 (  0.0%)  Natural Loop Information
   0.0003 (  0.0%)   0.0000 (  0.0%)   0.0003 (  0.0%)   0.0003 (  0.0%)  Scalar Evolution Analysis
   0.0003 (  0.0%)   0.0000 (  0.0%)   0.0003 (  0.0%)   0.0003 (  0.0%)  Dead Code Elimination
   0.0003 (  0.0%)   0.0000 (  0.0%)   0.0003 (  0.0%)   0.0003 (  0.0%)  InferXCLAttributes - Infer XCL attributes
   0.0003 (  0.0%)   0.0000 (  0.0%)   0.0003 (  0.0%)   0.0003 (  0.0%)  Dominator Tree Construction
   0.0003 (  0.0%)   0.0000 (  0.0%)   0.0003 (  0.0%)   0.0003 (  0.0%)  Dominator Tree Construction
   0.0003 (  0.0%)   0.0000 (  0.0%)   0.0003 (  0.0%)   0.0003 (  0.0%)  Canonicalize natural loops
   0.0002 (  0.0%)   0.0001 (  0.0%)   0.0003 (  0.0%)   0.0003 (  0.0%)  Natural Loop Information
   0.0002 (  0.0%)   0.0001 (  0.0%)   0.0003 (  0.0%)   0.0003 (  0.0%)  Canonicalize natural loops
   0.0003 (  0.0%)   0.0000 (  0.0%)   0.0003 (  0.0%)   0.0003 (  0.0%)  Eliminate dead debug information intrinsic
   0.0002 (  0.0%)   0.0001 (  0.0%)   0.0003 (  0.0%)   0.0003 (  0.0%)  Basic Alias Analysis (stateless AA impl)
   0.0003 (  0.0%)   0.0000 (  0.0%)   0.0003 (  0.0%)   0.0003 (  0.0%)  Dominator Tree Construction
   0.0002 (  0.0%)   0.0001 (  0.0%)   0.0003 (  0.0%)   0.0003 (  0.0%)  Basic Alias Analysis (stateless AA impl)
   0.0003 (  0.0%)   0.0000 (  0.0%)   0.0003 (  0.0%)   0.0003 (  0.0%)  Post-Dominator Tree Construction
   0.0003 (  0.0%)   0.0000 (  0.0%)   0.0003 (  0.0%)   0.0003 (  0.0%)  Scalar Evolution Analysis
   0.0002 (  0.0%)   0.0000 (  0.0%)   0.0003 (  0.0%)   0.0003 (  0.0%)  Basic Alias Analysis (stateless AA impl)
   0.0003 (  0.0%)   0.0000 (  0.0%)   0.0003 (  0.0%)   0.0003 (  0.0%)  Natural Loop Information
   0.0003 (  0.0%)   0.0000 (  0.0%)   0.0003 (  0.0%)   0.0003 (  0.0%)  Natural Loop Information
   0.0003 (  0.0%)   0.0000 (  0.0%)   0.0003 (  0.0%)   0.0003 (  0.0%)  Natural Loop Information
   0.0003 (  0.0%)   0.0000 (  0.0%)   0.0003 (  0.0%)   0.0003 (  0.0%)  Dominator Tree Construction
   0.0003 (  0.0%)   0.0000 (  0.0%)   0.0003 (  0.0%)   0.0003 (  0.0%)  Dominator Tree Construction
   0.0003 (  0.0%)   0.0000 (  0.0%)   0.0003 (  0.0%)   0.0003 (  0.0%)  Dominator Tree Construction
   0.0003 (  0.0%)   0.0000 (  0.0%)   0.0003 (  0.0%)   0.0003 (  0.0%)  Post-Dominator Tree Construction
   0.0003 (  0.0%)   0.0000 (  0.0%)   0.0003 (  0.0%)   0.0003 (  0.0%)  Natural Loop Information
   0.0002 (  0.0%)   0.0001 (  0.0%)   0.0003 (  0.0%)   0.0003 (  0.0%)  Natural Loop Information
   0.0003 (  0.0%)   0.0000 (  0.0%)   0.0003 (  0.0%)   0.0003 (  0.0%)  Natural Loop Information
   0.0003 (  0.0%)   0.0000 (  0.0%)   0.0003 (  0.0%)   0.0003 (  0.0%)  Scalar Evolution Analysis
   0.0003 (  0.0%)   0.0000 (  0.0%)   0.0003 (  0.0%)   0.0003 (  0.0%)  Basic Alias Analysis (stateless AA impl)
   0.0003 (  0.0%)   0.0000 (  0.0%)   0.0003 (  0.0%)   0.0003 (  0.0%)  Canonicalize natural loops
   0.0003 (  0.0%)   0.0000 (  0.0%)   0.0003 (  0.0%)   0.0003 (  0.0%)  Basic Alias Analysis (stateless AA impl)
   0.0003 (  0.0%)   0.0000 (  0.0%)   0.0003 (  0.0%)   0.0003 (  0.0%)  Natural Loop Information
   0.0003 (  0.0%)   0.0000 (  0.0%)   0.0003 (  0.0%)   0.0003 (  0.0%)  Post-Dominator Tree Construction
   0.0003 (  0.0%)   0.0000 (  0.0%)   0.0003 (  0.0%)   0.0003 (  0.0%)  Dead Argument Elimination
   0.0003 (  0.0%)   0.0000 (  0.0%)   0.0003 (  0.0%)   0.0003 (  0.0%)  Dominator Tree Construction
   0.0003 (  0.0%)   0.0000 (  0.0%)   0.0003 (  0.0%)   0.0003 (  0.0%)  Post-Dominator Tree Construction
   0.0003 (  0.0%)   0.0000 (  0.0%)   0.0003 (  0.0%)   0.0003 (  0.0%)  Dominator Tree Construction
   0.0003 (  0.0%)   0.0000 (  0.0%)   0.0003 (  0.0%)   0.0003 (  0.0%)  Post-Dominator Tree Construction
   0.0003 (  0.0%)   0.0000 (  0.0%)   0.0003 (  0.0%)   0.0003 (  0.0%)  Canonicalize natural loops
   0.0002 (  0.0%)   0.0001 (  0.0%)   0.0003 (  0.0%)   0.0003 (  0.0%)  Natural Loop Information
   0.0002 (  0.0%)   0.0000 (  0.0%)   0.0003 (  0.0%)   0.0003 (  0.0%)  Post-Dominator Tree Construction
   0.0003 (  0.0%)   0.0000 (  0.0%)   0.0003 (  0.0%)   0.0003 (  0.0%)  Scalar Evolution Analysis
   0.0003 (  0.0%)   0.0000 (  0.0%)   0.0003 (  0.0%)   0.0003 (  0.0%)  Natural Loop Information
   0.0002 (  0.0%)   0.0001 (  0.0%)   0.0003 (  0.0%)   0.0003 (  0.0%)  Basic Alias Analysis (stateless AA impl)
   0.0002 (  0.0%)   0.0001 (  0.0%)   0.0003 (  0.0%)   0.0003 (  0.0%)  Canonicalize natural loops
   0.0003 (  0.0%)   0.0000 (  0.0%)   0.0003 (  0.0%)   0.0003 (  0.0%)  Dominator Tree Construction
   0.0003 (  0.0%)   0.0000 (  0.0%)   0.0003 (  0.0%)   0.0003 (  0.0%)  Basic Alias Analysis (stateless AA impl)
   0.0003 (  0.0%)   0.0000 (  0.0%)   0.0003 (  0.0%)   0.0003 (  0.0%)  Dominator Tree Construction
   0.0003 (  0.0%)   0.0000 (  0.0%)   0.0003 (  0.0%)   0.0003 (  0.0%)  Natural Loop Information
   0.0003 (  0.0%)   0.0000 (  0.0%)   0.0003 (  0.0%)   0.0003 (  0.0%)  Scalar Evolution Analysis
   0.0003 (  0.0%)   0.0000 (  0.0%)   0.0003 (  0.0%)   0.0003 (  0.0%)  Natural Loop Information
   0.0003 (  0.0%)   0.0000 (  0.0%)   0.0003 (  0.0%)   0.0003 (  0.0%)  Dominator Tree Construction
   0.0003 (  0.0%)   0.0000 (  0.0%)   0.0003 (  0.0%)   0.0003 (  0.0%)  Natural Loop Information
   0.0003 (  0.0%)   0.0000 (  0.0%)   0.0003 (  0.0%)   0.0003 (  0.0%)  Post-Dominator Tree Construction
   0.0003 (  0.0%)   0.0000 (  0.0%)   0.0003 (  0.0%)   0.0003 (  0.0%)  Basic Alias Analysis (stateless AA impl)
   0.0003 (  0.0%)   0.0000 (  0.0%)   0.0003 (  0.0%)   0.0003 (  0.0%)  Aggressive Dead Code Elimination
   0.0002 (  0.0%)   0.0001 (  0.0%)   0.0003 (  0.0%)   0.0003 (  0.0%)  Dominator Tree Construction
   0.0003 (  0.0%)   0.0000 (  0.0%)   0.0003 (  0.0%)   0.0003 (  0.0%)  Dominator Tree Construction
   0.0002 (  0.0%)   0.0001 (  0.0%)   0.0003 (  0.0%)   0.0003 (  0.0%)  Dominator Tree Construction
   0.0002 (  0.0%)   0.0000 (  0.0%)   0.0003 (  0.0%)   0.0003 (  0.0%)  Scalar Evolution Analysis
   0.0003 (  0.0%)   0.0000 (  0.0%)   0.0003 (  0.0%)   0.0003 (  0.0%)  Function Alias Analysis Results
   0.0003 (  0.0%)   0.0000 (  0.0%)   0.0003 (  0.0%)   0.0003 (  0.0%)  Post-Dominator Tree Construction
   0.0003 (  0.0%)   0.0000 (  0.0%)   0.0003 (  0.0%)   0.0003 (  0.0%)  Eliminate pointer selection
   0.0003 (  0.0%)   0.0000 (  0.0%)   0.0003 (  0.0%)   0.0003 (  0.0%)  Eliminate dead debug information intrinsic
   0.0003 (  0.0%)   0.0000 (  0.0%)   0.0003 (  0.0%)   0.0003 (  0.0%)  Natural Loop Information
   0.0003 (  0.0%)   0.0000 (  0.0%)   0.0003 (  0.0%)   0.0003 (  0.0%)  Natural Loop Information
   0.0002 (  0.0%)   0.0000 (  0.0%)   0.0003 (  0.0%)   0.0003 (  0.0%)  Dominator Tree Construction
   0.0003 (  0.0%)   0.0000 (  0.0%)   0.0003 (  0.0%)   0.0003 (  0.0%)  Natural Loop Information
   0.0002 (  0.0%)   0.0001 (  0.0%)   0.0003 (  0.0%)   0.0003 (  0.0%)  Canonicalize natural loops
   0.0003 (  0.0%)   0.0000 (  0.0%)   0.0003 (  0.0%)   0.0003 (  0.0%)  Loop-Closed SSA Form Pass
   0.0003 (  0.0%)   0.0000 (  0.0%)   0.0003 (  0.0%)   0.0003 (  0.0%)  Basic Alias Analysis (stateless AA impl)
   0.0003 (  0.0%)   0.0000 (  0.0%)   0.0003 (  0.0%)   0.0003 (  0.0%)  Global Variable Optimizer
   0.0003 (  0.0%)   0.0000 (  0.0%)   0.0003 (  0.0%)   0.0003 (  0.0%)  Dead Argument Elimination
   0.0002 (  0.0%)   0.0000 (  0.0%)   0.0003 (  0.0%)   0.0003 (  0.0%)  Scalar Evolution Analysis
   0.0003 (  0.0%)   0.0000 (  0.0%)   0.0003 (  0.0%)   0.0003 (  0.0%)  Dominator Tree Construction
   0.0002 (  0.0%)   0.0000 (  0.0%)   0.0003 (  0.0%)   0.0003 (  0.0%)  Basic Alias Analysis (stateless AA impl)
   0.0003 (  0.0%)   0.0000 (  0.0%)   0.0003 (  0.0%)   0.0003 (  0.0%)  Basic Alias Analysis (stateless AA impl)
   0.0003 (  0.0%)   0.0000 (  0.0%)   0.0003 (  0.0%)   0.0003 (  0.0%)  Natural Loop Information
   0.0003 (  0.0%)   0.0000 (  0.0%)   0.0003 (  0.0%)   0.0003 (  0.0%)  Dominator Tree Construction
   0.0003 (  0.0%)   0.0000 (  0.0%)   0.0003 (  0.0%)   0.0003 (  0.0%)  Eliminate pointer selection
   0.0002 (  0.0%)   0.0000 (  0.0%)   0.0003 (  0.0%)   0.0003 (  0.0%)  Dead Code Elimination
   0.0003 (  0.0%)   0.0000 (  0.0%)   0.0003 (  0.0%)   0.0003 (  0.0%)  Dominator Tree Construction
   0.0002 (  0.0%)   0.0001 (  0.0%)   0.0003 (  0.0%)   0.0003 (  0.0%)  Post-Dominator Tree Construction
   0.0002 (  0.0%)   0.0000 (  0.0%)   0.0003 (  0.0%)   0.0003 (  0.0%)  Eliminate dead debug information intrinsic
   0.0003 (  0.0%)   0.0000 (  0.0%)   0.0003 (  0.0%)   0.0003 (  0.0%)  Natural Loop Information
   0.0002 (  0.0%)   0.0000 (  0.0%)   0.0003 (  0.0%)   0.0003 (  0.0%)  Natural Loop Information
   0.0003 (  0.0%)   0.0000 (  0.0%)   0.0003 (  0.0%)   0.0003 (  0.0%)  Natural Loop Information
   0.0003 (  0.0%)   0.0000 (  0.0%)   0.0003 (  0.0%)   0.0003 (  0.0%)  Natural Loop Information
   0.0003 (  0.0%)   0.0000 (  0.0%)   0.0003 (  0.0%)   0.0003 (  0.0%)  Basic Alias Analysis (stateless AA impl)
   0.0003 (  0.0%)   0.0000 (  0.0%)   0.0003 (  0.0%)   0.0003 (  0.0%)  Scalar Evolution Analysis
   0.0002 (  0.0%)   0.0000 (  0.0%)   0.0003 (  0.0%)   0.0003 (  0.0%)  Natural Loop Information
   0.0003 (  0.0%)   0.0000 (  0.0%)   0.0003 (  0.0%)   0.0003 (  0.0%)  CallGraph Construction
   0.0003 (  0.0%)   0.0000 (  0.0%)   0.0003 (  0.0%)   0.0003 (  0.0%)  Dominator Tree Construction
   0.0003 (  0.0%)   0.0000 (  0.0%)   0.0003 (  0.0%)   0.0003 (  0.0%)  Dead Code Elimination
   0.0003 (  0.0%)   0.0000 (  0.0%)   0.0003 (  0.0%)   0.0003 (  0.0%)  Natural Loop Information
   0.0002 (  0.0%)   0.0000 (  0.0%)   0.0003 (  0.0%)   0.0003 (  0.0%)  Post-Dominator Tree Construction
   0.0002 (  0.0%)   0.0001 (  0.0%)   0.0003 (  0.0%)   0.0003 (  0.0%)  Detect single entry single exit regions
   0.0002 (  0.0%)   0.0001 (  0.0%)   0.0003 (  0.0%)   0.0003 (  0.0%)  Natural Loop Information
   0.0003 (  0.0%)   0.0000 (  0.0%)   0.0003 (  0.0%)   0.0003 (  0.0%)  Global Variable Optimizer
   0.0003 (  0.0%)   0.0000 (  0.0%)   0.0003 (  0.0%)   0.0003 (  0.0%)  CallGraph Construction
   0.0003 (  0.0%)   0.0000 (  0.0%)   0.0003 (  0.0%)   0.0003 (  0.0%)  Dominator Tree Construction
   0.0003 (  0.0%)   0.0000 (  0.0%)   0.0003 (  0.0%)   0.0003 (  0.0%)  Eliminate pointer selection
   0.0003 (  0.0%)   0.0000 (  0.0%)   0.0003 (  0.0%)   0.0003 (  0.0%)  Eliminate dead debug information intrinsic
   0.0003 (  0.0%)   0.0000 (  0.0%)   0.0003 (  0.0%)   0.0003 (  0.0%)  Dominator Tree Construction
   0.0003 (  0.0%)   0.0000 (  0.0%)   0.0003 (  0.0%)   0.0003 (  0.0%)  Natural Loop Information
   0.0002 (  0.0%)   0.0000 (  0.0%)   0.0003 (  0.0%)   0.0003 (  0.0%)  Scalar Evolution Analysis
   0.0002 (  0.0%)   0.0000 (  0.0%)   0.0003 (  0.0%)   0.0003 (  0.0%)  Post-Dominator Tree Construction
   0.0003 (  0.0%)   0.0000 (  0.0%)   0.0003 (  0.0%)   0.0003 (  0.0%)  Dominator Tree Construction
   0.0003 (  0.0%)   0.0000 (  0.0%)   0.0003 (  0.0%)   0.0003 (  0.0%)  Natural Loop Information
   0.0003 (  0.0%)   0.0000 (  0.0%)   0.0003 (  0.0%)   0.0003 (  0.0%)  Function duplication
   0.0002 (  0.0%)   0.0001 (  0.0%)   0.0003 (  0.0%)   0.0003 (  0.0%)  Dominance Frontier Construction
   0.0002 (  0.0%)   0.0000 (  0.0%)   0.0003 (  0.0%)   0.0003 (  0.0%)  Basic Alias Analysis (stateless AA impl)
   0.0002 (  0.0%)   0.0000 (  0.0%)   0.0003 (  0.0%)   0.0003 (  0.0%)  Dominator Tree Construction
   0.0002 (  0.0%)   0.0000 (  0.0%)   0.0003 (  0.0%)   0.0003 (  0.0%)  Scalar Evolution Analysis
   0.0002 (  0.0%)   0.0000 (  0.0%)   0.0003 (  0.0%)   0.0003 (  0.0%)  Natural Loop Information
   0.0003 (  0.0%)   0.0000 (  0.0%)   0.0003 (  0.0%)   0.0003 (  0.0%)  Natural Loop Information
   0.0003 (  0.0%)   0.0000 (  0.0%)   0.0003 (  0.0%)   0.0003 (  0.0%)  Natural Loop Information
   0.0002 (  0.0%)   0.0001 (  0.0%)   0.0003 (  0.0%)   0.0003 (  0.0%)  Natural Loop Information
   0.0002 (  0.0%)   0.0000 (  0.0%)   0.0003 (  0.0%)   0.0003 (  0.0%)  Scalar Evolution Analysis
   0.0003 (  0.0%)   0.0000 (  0.0%)   0.0003 (  0.0%)   0.0003 (  0.0%)  Natural Loop Information
   0.0002 (  0.0%)   0.0001 (  0.0%)   0.0003 (  0.0%)   0.0003 (  0.0%)  Post-Dominator Tree Construction
   0.0002 (  0.0%)   0.0001 (  0.0%)   0.0003 (  0.0%)   0.0003 (  0.0%)  Dominator Tree Construction
   0.0002 (  0.0%)   0.0000 (  0.0%)   0.0003 (  0.0%)   0.0003 (  0.0%)  LowerPredicate - Lower predicates to control-flow
   0.0001 (  0.0%)   0.0002 (  0.1%)   0.0003 (  0.0%)   0.0003 (  0.0%)  Dominator Tree Construction
   0.0002 (  0.0%)   0.0001 (  0.0%)   0.0003 (  0.0%)   0.0003 (  0.0%)  Dominator Tree Construction
   0.0003 (  0.0%)   0.0000 (  0.0%)   0.0003 (  0.0%)   0.0003 (  0.0%)  Basic Alias Analysis (stateless AA impl)
   0.0002 (  0.0%)   0.0000 (  0.0%)   0.0003 (  0.0%)   0.0003 (  0.0%)  Dominator Tree Construction
   0.0002 (  0.0%)   0.0000 (  0.0%)   0.0003 (  0.0%)   0.0003 (  0.0%)  Natural Loop Information
   0.0003 (  0.0%)   0.0000 (  0.0%)   0.0003 (  0.0%)   0.0003 (  0.0%)  Natural Loop Information
   0.0002 (  0.0%)   0.0000 (  0.0%)   0.0003 (  0.0%)   0.0003 (  0.0%)  Scalar Evolution Analysis
   0.0003 (  0.0%)   0.0000 (  0.0%)   0.0003 (  0.0%)   0.0003 (  0.0%)  Basic Alias Analysis (stateless AA impl)
   0.0003 (  0.0%)   0.0000 (  0.0%)   0.0003 (  0.0%)   0.0003 (  0.0%)  Natural Loop Information
   0.0003 (  0.0%)   0.0000 (  0.0%)   0.0003 (  0.0%)   0.0003 (  0.0%)  Dominator Tree Construction
   0.0002 (  0.0%)   0.0001 (  0.0%)   0.0003 (  0.0%)   0.0003 (  0.0%)  Natural Loop Information
   0.0003 (  0.0%)   0.0000 (  0.0%)   0.0003 (  0.0%)   0.0003 (  0.0%)  Dominator Tree Construction
   0.0002 (  0.0%)   0.0000 (  0.0%)   0.0003 (  0.0%)   0.0003 (  0.0%)  Dominator Tree Construction
   0.0003 (  0.0%)   0.0000 (  0.0%)   0.0003 (  0.0%)   0.0003 (  0.0%)  Natural Loop Information
   0.0003 (  0.0%)   0.0000 (  0.0%)   0.0003 (  0.0%)   0.0003 (  0.0%)  Scalar Evolution Analysis
   0.0003 (  0.0%)   0.0000 (  0.0%)   0.0003 (  0.0%)   0.0003 (  0.0%)  Dominator Tree Construction
   0.0003 (  0.0%)   0.0000 (  0.0%)   0.0003 (  0.0%)   0.0003 (  0.0%)  Dominator Tree Construction
   0.0003 (  0.0%)   0.0000 (  0.0%)   0.0003 (  0.0%)   0.0003 (  0.0%)  Dominator Tree Construction
   0.0002 (  0.0%)   0.0000 (  0.0%)   0.0003 (  0.0%)   0.0003 (  0.0%)  Scalar Evolution Analysis
   0.0002 (  0.0%)   0.0001 (  0.0%)   0.0003 (  0.0%)   0.0003 (  0.0%)  Dominator Tree Construction
   0.0003 (  0.0%)   0.0000 (  0.0%)   0.0003 (  0.0%)   0.0003 (  0.0%)  Natural Loop Information
   0.0003 (  0.0%)   0.0000 (  0.0%)   0.0003 (  0.0%)   0.0003 (  0.0%)  Dead Global Elimination
   0.0002 (  0.0%)   0.0000 (  0.0%)   0.0003 (  0.0%)   0.0003 (  0.0%)  Eliminate dead debug information intrinsic
   0.0002 (  0.0%)   0.0000 (  0.0%)   0.0002 (  0.0%)   0.0003 (  0.0%)  Dominator Tree Construction
   0.0002 (  0.0%)   0.0000 (  0.0%)   0.0002 (  0.0%)   0.0003 (  0.0%)  Dominator Tree Construction
   0.0002 (  0.0%)   0.0000 (  0.0%)   0.0003 (  0.0%)   0.0003 (  0.0%)  Scalar Evolution Analysis
   0.0002 (  0.0%)   0.0000 (  0.0%)   0.0003 (  0.0%)   0.0003 (  0.0%)  Eliminate dead debug information intrinsic
   0.0002 (  0.0%)   0.0000 (  0.0%)   0.0003 (  0.0%)   0.0003 (  0.0%)  Scalar Evolution Analysis
   0.0002 (  0.0%)   0.0000 (  0.0%)   0.0003 (  0.0%)   0.0003 (  0.0%)  Post-Dominator Tree Construction
   0.0002 (  0.0%)   0.0001 (  0.0%)   0.0003 (  0.0%)   0.0003 (  0.0%)  Scalar Evolution Analysis
   0.0002 (  0.0%)   0.0000 (  0.0%)   0.0003 (  0.0%)   0.0003 (  0.0%)  Basic Alias Analysis (stateless AA impl)
   0.0002 (  0.0%)   0.0001 (  0.0%)   0.0003 (  0.0%)   0.0003 (  0.0%)  Post-Dominator Tree Construction
   0.0003 (  0.0%)   0.0000 (  0.0%)   0.0003 (  0.0%)   0.0003 (  0.0%)  Dominator Tree Construction
   0.0002 (  0.0%)   0.0000 (  0.0%)   0.0003 (  0.0%)   0.0003 (  0.0%)  Natural Loop Information
   0.0002 (  0.0%)   0.0001 (  0.0%)   0.0003 (  0.0%)   0.0003 (  0.0%)  Detect single entry single exit regions
   0.0002 (  0.0%)   0.0000 (  0.0%)   0.0002 (  0.0%)   0.0003 (  0.0%)  CallGraph Construction
   0.0002 (  0.0%)   0.0000 (  0.0%)   0.0003 (  0.0%)   0.0003 (  0.0%)  Canonicalize natural loops
   0.0002 (  0.0%)   0.0000 (  0.0%)   0.0003 (  0.0%)   0.0003 (  0.0%)  Loop-Closed SSA Form Pass
   0.0002 (  0.0%)   0.0000 (  0.0%)   0.0002 (  0.0%)   0.0002 (  0.0%)  Dominator Tree Construction
   0.0002 (  0.0%)   0.0000 (  0.0%)   0.0002 (  0.0%)   0.0002 (  0.0%)  Dominator Tree Construction
   0.0002 (  0.0%)   0.0000 (  0.0%)   0.0002 (  0.0%)   0.0002 (  0.0%)  Natural Loop Information
   0.0002 (  0.0%)   0.0000 (  0.0%)   0.0003 (  0.0%)   0.0002 (  0.0%)  Lazy Value Information Analysis
   0.0002 (  0.0%)   0.0000 (  0.0%)   0.0003 (  0.0%)   0.0002 (  0.0%)  Scalar Evolution Analysis
   0.0002 (  0.0%)   0.0000 (  0.0%)   0.0003 (  0.0%)   0.0002 (  0.0%)  Loop-Closed SSA Form Pass
   0.0002 (  0.0%)   0.0000 (  0.0%)   0.0002 (  0.0%)   0.0002 (  0.0%)  Dominator Tree Construction
   0.0002 (  0.0%)   0.0000 (  0.0%)   0.0003 (  0.0%)   0.0002 (  0.0%)  Eliminate dead debug information intrinsic
   0.0002 (  0.0%)   0.0000 (  0.0%)   0.0002 (  0.0%)   0.0002 (  0.0%)  Eliminate dead debug information intrinsic
   0.0002 (  0.0%)   0.0000 (  0.0%)   0.0002 (  0.0%)   0.0002 (  0.0%)  Dominator Tree Construction
   0.0002 (  0.0%)   0.0000 (  0.0%)   0.0002 (  0.0%)   0.0002 (  0.0%)  Scalar Evolution Analysis
   0.0002 (  0.0%)   0.0000 (  0.0%)   0.0002 (  0.0%)   0.0002 (  0.0%)  Scalar Evolution Analysis
   0.0002 (  0.0%)   0.0000 (  0.0%)   0.0002 (  0.0%)   0.0002 (  0.0%)  Dominator Tree Construction
   0.0002 (  0.0%)   0.0001 (  0.0%)   0.0002 (  0.0%)   0.0002 (  0.0%)  Basic Alias Analysis (stateless AA impl)
   0.0002 (  0.0%)   0.0000 (  0.0%)   0.0002 (  0.0%)   0.0002 (  0.0%)  Eliminate dead debug information intrinsic
   0.0002 (  0.0%)   0.0000 (  0.0%)   0.0003 (  0.0%)   0.0002 (  0.0%)  Natural Loop Information
   0.0002 (  0.0%)   0.0000 (  0.0%)   0.0002 (  0.0%)   0.0002 (  0.0%)  Dominator Tree Construction
   0.0002 (  0.0%)   0.0000 (  0.0%)   0.0002 (  0.0%)   0.0002 (  0.0%)  CallGraph Construction
   0.0002 (  0.0%)   0.0000 (  0.0%)   0.0002 (  0.0%)   0.0002 (  0.0%)  Dominator Tree Construction
   0.0002 (  0.0%)   0.0000 (  0.0%)   0.0002 (  0.0%)   0.0002 (  0.0%)  Dominator Tree Construction
   0.0001 (  0.0%)   0.0002 (  0.0%)   0.0002 (  0.0%)   0.0002 (  0.0%)  Dominator Tree Construction
   0.0002 (  0.0%)   0.0001 (  0.0%)   0.0002 (  0.0%)   0.0002 (  0.0%)  Scalar Evolution Analysis
   0.0002 (  0.0%)   0.0000 (  0.0%)   0.0002 (  0.0%)   0.0002 (  0.0%)  Natural Loop Information
   0.0002 (  0.0%)   0.0001 (  0.0%)   0.0002 (  0.0%)   0.0002 (  0.0%)  Dominator Tree Construction
   0.0002 (  0.0%)   0.0001 (  0.0%)   0.0002 (  0.0%)   0.0002 (  0.0%)  Dominator Tree Construction
   0.0002 (  0.0%)   0.0000 (  0.0%)   0.0002 (  0.0%)   0.0002 (  0.0%)  Loop-Closed SSA Form Pass
   0.0002 (  0.0%)   0.0000 (  0.0%)   0.0002 (  0.0%)   0.0002 (  0.0%)  Natural Loop Information
   0.0002 (  0.0%)   0.0000 (  0.0%)   0.0002 (  0.0%)   0.0002 (  0.0%)  Dominator Tree Construction
   0.0002 (  0.0%)   0.0000 (  0.0%)   0.0002 (  0.0%)   0.0002 (  0.0%)  Post-Dominator Tree Construction
   0.0002 (  0.0%)   0.0000 (  0.0%)   0.0002 (  0.0%)   0.0002 (  0.0%)  Scalar Evolution Analysis
   0.0001 (  0.0%)   0.0001 (  0.0%)   0.0002 (  0.0%)   0.0002 (  0.0%)  Dominator Tree Construction
   0.0002 (  0.0%)   0.0001 (  0.0%)   0.0002 (  0.0%)   0.0002 (  0.0%)  Post-Dominator Tree Construction
   0.0002 (  0.0%)   0.0001 (  0.0%)   0.0002 (  0.0%)   0.0002 (  0.0%)  AccessGroup - Group the memory access for the same object
   0.0002 (  0.0%)   0.0001 (  0.0%)   0.0002 (  0.0%)   0.0002 (  0.0%)  Scalar Evolution Analysis
   0.0002 (  0.0%)   0.0000 (  0.0%)   0.0002 (  0.0%)   0.0002 (  0.0%)  Loop-Closed SSA Form Pass
   0.0002 (  0.0%)   0.0000 (  0.0%)   0.0002 (  0.0%)   0.0002 (  0.0%)  Natural Loop Information
   0.0002 (  0.0%)   0.0000 (  0.0%)   0.0002 (  0.0%)   0.0002 (  0.0%)  Post-Dominator Tree Construction
   0.0002 (  0.0%)   0.0000 (  0.0%)   0.0002 (  0.0%)   0.0002 (  0.0%)  Post-Dominator Tree Construction
   0.0002 (  0.0%)   0.0000 (  0.0%)   0.0002 (  0.0%)   0.0002 (  0.0%)  Scalar Evolution Analysis
   0.0002 (  0.0%)   0.0000 (  0.0%)   0.0002 (  0.0%)   0.0002 (  0.0%)  Dominator Tree Construction
   0.0002 (  0.0%)   0.0000 (  0.0%)   0.0002 (  0.0%)   0.0002 (  0.0%)  Scalar Evolution Analysis
   0.0002 (  0.0%)   0.0000 (  0.0%)   0.0002 (  0.0%)   0.0002 (  0.0%)  Normalize condition on switch-cases and muxes
   0.0002 (  0.0%)   0.0000 (  0.0%)   0.0002 (  0.0%)   0.0002 (  0.0%)  Loop-Closed SSA Form Pass
   0.0002 (  0.0%)   0.0000 (  0.0%)   0.0002 (  0.0%)   0.0002 (  0.0%)  Scalar Evolution Analysis
   0.0002 (  0.0%)   0.0000 (  0.0%)   0.0002 (  0.0%)   0.0002 (  0.0%)  Eliminate dead debug information intrinsic
   0.0002 (  0.0%)   0.0000 (  0.0%)   0.0002 (  0.0%)   0.0002 (  0.0%)  Scalar Evolution Analysis
   0.0002 (  0.0%)   0.0001 (  0.0%)   0.0002 (  0.0%)   0.0002 (  0.0%)  Loop-Closed SSA Form Pass
   0.0002 (  0.0%)   0.0000 (  0.0%)   0.0002 (  0.0%)   0.0002 (  0.0%)  Natural Loop Information
   0.0002 (  0.0%)   0.0000 (  0.0%)   0.0002 (  0.0%)   0.0002 (  0.0%)  Post-Dominator Tree Construction
   0.0002 (  0.0%)   0.0000 (  0.0%)   0.0002 (  0.0%)   0.0002 (  0.0%)  Canonicalize natural loops
   0.0002 (  0.0%)   0.0000 (  0.0%)   0.0002 (  0.0%)   0.0002 (  0.0%)  Scalar Evolution Analysis
   0.0002 (  0.0%)   0.0000 (  0.0%)   0.0002 (  0.0%)   0.0002 (  0.0%)  CallGraph Construction
   0.0002 (  0.0%)   0.0000 (  0.0%)   0.0002 (  0.0%)   0.0002 (  0.0%)  Post-Dominator Tree Construction
   0.0002 (  0.0%)   0.0000 (  0.0%)   0.0002 (  0.0%)   0.0002 (  0.0%)  Scalar Evolution Analysis
   0.0000 (  0.0%)   0.0002 (  0.1%)   0.0002 (  0.0%)   0.0002 (  0.0%)  CallGraph Construction
   0.0002 (  0.0%)   0.0001 (  0.0%)   0.0002 (  0.0%)   0.0002 (  0.0%)  Natural Loop Information
   0.0002 (  0.0%)   0.0000 (  0.0%)   0.0002 (  0.0%)   0.0002 (  0.0%)  Dominator Tree Construction
   0.0002 (  0.0%)   0.0001 (  0.0%)   0.0002 (  0.0%)   0.0002 (  0.0%)  Natural Loop Information
   0.0001 (  0.0%)   0.0001 (  0.0%)   0.0002 (  0.0%)   0.0002 (  0.0%)  Natural Loop Information
   0.0002 (  0.0%)   0.0000 (  0.0%)   0.0002 (  0.0%)   0.0002 (  0.0%)  Post-Dominator Tree Construction
   0.0002 (  0.0%)   0.0000 (  0.0%)   0.0002 (  0.0%)   0.0002 (  0.0%)  Simplify types in the LLVM IR, redundant type hierarchy
   0.0002 (  0.0%)   0.0000 (  0.0%)   0.0002 (  0.0%)   0.0002 (  0.0%)  Scalar Evolution Analysis
   0.0002 (  0.0%)   0.0000 (  0.0%)   0.0002 (  0.0%)   0.0002 (  0.0%)  Post-Dominator Tree Construction
   0.0002 (  0.0%)   0.0000 (  0.0%)   0.0002 (  0.0%)   0.0002 (  0.0%)  Post-Dominator Tree Construction
   0.0002 (  0.0%)   0.0000 (  0.0%)   0.0002 (  0.0%)   0.0002 (  0.0%)  Dominator Tree Construction
   0.0002 (  0.0%)   0.0000 (  0.0%)   0.0002 (  0.0%)   0.0002 (  0.0%)  Natural Loop Information
   0.0002 (  0.0%)   0.0001 (  0.0%)   0.0002 (  0.0%)   0.0002 (  0.0%)  Post-Dominator Tree Construction
   0.0001 (  0.0%)   0.0001 (  0.0%)   0.0002 (  0.0%)   0.0002 (  0.0%)  Loop-Closed SSA Form Pass
   0.0002 (  0.0%)   0.0000 (  0.0%)   0.0002 (  0.0%)   0.0002 (  0.0%)  Dominator Tree Construction
   0.0002 (  0.0%)   0.0000 (  0.0%)   0.0002 (  0.0%)   0.0002 (  0.0%)  Loop-Closed SSA Form Pass
   0.0002 (  0.0%)   0.0000 (  0.0%)   0.0002 (  0.0%)   0.0002 (  0.0%)  Dominator Tree Construction
   0.0002 (  0.0%)   0.0000 (  0.0%)   0.0002 (  0.0%)   0.0002 (  0.0%)  Dominator Tree Construction
   0.0002 (  0.0%)   0.0000 (  0.0%)   0.0002 (  0.0%)   0.0002 (  0.0%)  Dominator Tree Construction
   0.0002 (  0.0%)   0.0000 (  0.0%)   0.0002 (  0.0%)   0.0002 (  0.0%)  Basic Alias Analysis (stateless AA impl)
   0.0002 (  0.0%)   0.0000 (  0.0%)   0.0002 (  0.0%)   0.0002 (  0.0%)  Dominator Tree Construction
   0.0002 (  0.0%)   0.0000 (  0.0%)   0.0002 (  0.0%)   0.0002 (  0.0%)  Dominator Tree Construction
   0.0002 (  0.0%)   0.0000 (  0.0%)   0.0002 (  0.0%)   0.0002 (  0.0%)  Natural Loop Information
   0.0002 (  0.0%)   0.0000 (  0.0%)   0.0002 (  0.0%)   0.0002 (  0.0%)  Natural Loop Information
   0.0002 (  0.0%)   0.0000 (  0.0%)   0.0002 (  0.0%)   0.0002 (  0.0%)  Dominator Tree Construction
   0.0002 (  0.0%)   0.0000 (  0.0%)   0.0002 (  0.0%)   0.0002 (  0.0%)  Natural Loop Information
   0.0002 (  0.0%)   0.0000 (  0.0%)   0.0002 (  0.0%)   0.0002 (  0.0%)  CallGraph Construction
   0.0002 (  0.0%)   0.0000 (  0.0%)   0.0002 (  0.0%)   0.0002 (  0.0%)  Scalar Evolution Analysis
   0.0002 (  0.0%)   0.0000 (  0.0%)   0.0002 (  0.0%)   0.0002 (  0.0%)  Scalar Evolution Analysis
   0.0002 (  0.0%)   0.0000 (  0.0%)   0.0002 (  0.0%)   0.0002 (  0.0%)  CallGraph Construction
   0.0002 (  0.0%)   0.0000 (  0.0%)   0.0002 (  0.0%)   0.0002 (  0.0%)  Loop-Closed SSA Form Pass
   0.0002 (  0.0%)   0.0000 (  0.0%)   0.0002 (  0.0%)   0.0002 (  0.0%)  Dominator Tree Construction
   0.0002 (  0.0%)   0.0000 (  0.0%)   0.0002 (  0.0%)   0.0002 (  0.0%)  Dominator Tree Construction
   0.0002 (  0.0%)   0.0000 (  0.0%)   0.0002 (  0.0%)   0.0002 (  0.0%)  Dominator Tree Construction
   0.0002 (  0.0%)   0.0000 (  0.0%)   0.0002 (  0.0%)   0.0002 (  0.0%)  Scalar Evolution Analysis
   0.0002 (  0.0%)   0.0000 (  0.0%)   0.0002 (  0.0%)   0.0002 (  0.0%)  Natural Loop Information
   0.0002 (  0.0%)   0.0000 (  0.0%)   0.0002 (  0.0%)   0.0002 (  0.0%)  Scalar Evolution Analysis
   0.0002 (  0.0%)   0.0000 (  0.0%)   0.0002 (  0.0%)   0.0002 (  0.0%)  Resolve full load/store
   0.0002 (  0.0%)   0.0000 (  0.0%)   0.0002 (  0.0%)   0.0002 (  0.0%)  Scalar Evolution Analysis
   0.0002 (  0.0%)   0.0000 (  0.0%)   0.0002 (  0.0%)   0.0002 (  0.0%)  Dominator Tree Construction
   0.0002 (  0.0%)   0.0000 (  0.0%)   0.0002 (  0.0%)   0.0002 (  0.0%)  Dominator Tree Construction
   0.0002 (  0.0%)   0.0000 (  0.0%)   0.0002 (  0.0%)   0.0002 (  0.0%)  Natural Loop Information
   0.0002 (  0.0%)   0.0000 (  0.0%)   0.0002 (  0.0%)   0.0002 (  0.0%)  Dominator Tree Construction
   0.0002 (  0.0%)   0.0000 (  0.0%)   0.0002 (  0.0%)   0.0002 (  0.0%)  Undecay arrays
   0.0002 (  0.0%)   0.0000 (  0.0%)   0.0002 (  0.0%)   0.0002 (  0.0%)  Natural Loop Information
   0.0002 (  0.0%)   0.0000 (  0.0%)   0.0002 (  0.0%)   0.0002 (  0.0%)  Scalar Evolution Analysis
   0.0002 (  0.0%)   0.0000 (  0.0%)   0.0002 (  0.0%)   0.0002 (  0.0%)  Scalar Evolution Analysis
   0.0002 (  0.0%)   0.0000 (  0.0%)   0.0002 (  0.0%)   0.0002 (  0.0%)  Natural Loop Information
   0.0002 (  0.0%)   0.0000 (  0.0%)   0.0002 (  0.0%)   0.0002 (  0.0%)  SimplifyPredicate - Simplify predicate
   0.0002 (  0.0%)   0.0000 (  0.0%)   0.0002 (  0.0%)   0.0002 (  0.0%)  Rotate Loops
   0.0002 (  0.0%)   0.0000 (  0.0%)   0.0002 (  0.0%)   0.0002 (  0.0%)  Natural Loop Information
   0.0002 (  0.0%)   0.0000 (  0.0%)   0.0002 (  0.0%)   0.0002 (  0.0%)  Dominance Frontier Construction
   0.0002 (  0.0%)   0.0000 (  0.0%)   0.0002 (  0.0%)   0.0002 (  0.0%)  Scalar Evolution Analysis
   0.0002 (  0.0%)   0.0000 (  0.0%)   0.0002 (  0.0%)   0.0002 (  0.0%)  Dominator Tree Construction
   0.0002 (  0.0%)   0.0000 (  0.0%)   0.0002 (  0.0%)   0.0002 (  0.0%)  Scalar Evolution Analysis
   0.0002 (  0.0%)   0.0000 (  0.0%)   0.0002 (  0.0%)   0.0002 (  0.0%)  Remove unreachable basic blocks under switch
   0.0002 (  0.0%)   0.0000 (  0.0%)   0.0002 (  0.0%)   0.0002 (  0.0%)  Basic Alias Analysis (stateless AA impl)
   0.0002 (  0.0%)   0.0000 (  0.0%)   0.0002 (  0.0%)   0.0002 (  0.0%)  Scalar Evolution Analysis
   0.0002 (  0.0%)   0.0000 (  0.0%)   0.0002 (  0.0%)   0.0002 (  0.0%)  Natural Loop Information
   0.0002 (  0.0%)   0.0000 (  0.0%)   0.0002 (  0.0%)   0.0002 (  0.0%)  Detect single entry single exit regions
   0.0002 (  0.0%)   0.0000 (  0.0%)   0.0002 (  0.0%)   0.0002 (  0.0%)  Dominator Tree Construction
   0.0002 (  0.0%)   0.0000 (  0.0%)   0.0002 (  0.0%)   0.0002 (  0.0%)  Scalar Evolution Analysis
   0.0002 (  0.0%)   0.0000 (  0.0%)   0.0002 (  0.0%)   0.0002 (  0.0%)  Natural Loop Information
   0.0002 (  0.0%)   0.0000 (  0.0%)   0.0002 (  0.0%)   0.0002 (  0.0%)  Scalar Evolution Analysis
   0.0002 (  0.0%)   0.0000 (  0.0%)   0.0002 (  0.0%)   0.0002 (  0.0%)  Scalar Evolution Analysis
   0.0002 (  0.0%)   0.0000 (  0.0%)   0.0002 (  0.0%)   0.0002 (  0.0%)  Delete dead loops
   0.0002 (  0.0%)   0.0000 (  0.0%)   0.0002 (  0.0%)   0.0002 (  0.0%)  Delete dead loops
   0.0002 (  0.0%)   0.0000 (  0.0%)   0.0002 (  0.0%)   0.0002 (  0.0%)  Eliminate dead debug information intrinsic
   0.0002 (  0.0%)   0.0000 (  0.0%)   0.0002 (  0.0%)   0.0002 (  0.0%)  Natural Loop Information
   0.0002 (  0.0%)   0.0000 (  0.0%)   0.0002 (  0.0%)   0.0002 (  0.0%)  Natural Loop Information
   0.0002 (  0.0%)   0.0000 (  0.0%)   0.0002 (  0.0%)   0.0002 (  0.0%)  Lazy Value Information Analysis
   0.0002 (  0.0%)   0.0000 (  0.0%)   0.0002 (  0.0%)   0.0002 (  0.0%)  Scalar Evolution Analysis
   0.0001 (  0.0%)   0.0001 (  0.0%)   0.0002 (  0.0%)   0.0002 (  0.0%)  Scalar Evolution Analysis
   0.0002 (  0.0%)   0.0000 (  0.0%)   0.0002 (  0.0%)   0.0002 (  0.0%)  Loop-Closed SSA Form Pass
   0.0002 (  0.0%)   0.0000 (  0.0%)   0.0002 (  0.0%)   0.0002 (  0.0%)  Dominator Tree Construction
   0.0002 (  0.0%)   0.0000 (  0.0%)   0.0002 (  0.0%)   0.0002 (  0.0%)  CallGraph Construction
   0.0002 (  0.0%)   0.0000 (  0.0%)   0.0002 (  0.0%)   0.0002 (  0.0%)  Natural Loop Information
   0.0002 (  0.0%)   0.0000 (  0.0%)   0.0002 (  0.0%)   0.0002 (  0.0%)  Scalar Evolution Analysis
   0.0002 (  0.0%)   0.0000 (  0.0%)   0.0002 (  0.0%)   0.0002 (  0.0%)  Natural Loop Information
   0.0002 (  0.0%)   0.0000 (  0.0%)   0.0002 (  0.0%)   0.0002 (  0.0%)  Scalar Evolution Analysis
   0.0002 (  0.0%)   0.0000 (  0.0%)   0.0002 (  0.0%)   0.0002 (  0.0%)  Scalar Evolution Analysis
   0.0002 (  0.0%)   0.0000 (  0.0%)   0.0002 (  0.0%)   0.0002 (  0.0%)  Dominator Tree Construction
   0.0002 (  0.0%)   0.0000 (  0.0%)   0.0002 (  0.0%)   0.0002 (  0.0%)  Scalar Evolution Analysis
   0.0002 (  0.0%)   0.0000 (  0.0%)   0.0002 (  0.0%)   0.0002 (  0.0%)  Scalar Evolution Analysis
   0.0002 (  0.0%)   0.0000 (  0.0%)   0.0002 (  0.0%)   0.0002 (  0.0%)  Scalar Evolution Analysis
   0.0002 (  0.0%)   0.0000 (  0.0%)   0.0002 (  0.0%)   0.0002 (  0.0%)  Scalar Evolution Analysis
   0.0002 (  0.0%)   0.0000 (  0.0%)   0.0002 (  0.0%)   0.0002 (  0.0%)  Scalar Evolution Analysis
   0.0002 (  0.0%)   0.0000 (  0.0%)   0.0002 (  0.0%)   0.0002 (  0.0%)  Scalar Evolution Analysis
   0.0002 (  0.0%)   0.0000 (  0.0%)   0.0002 (  0.0%)   0.0002 (  0.0%)  Dead Code Elimination
   0.0002 (  0.0%)   0.0000 (  0.0%)   0.0002 (  0.0%)   0.0002 (  0.0%)  LegalizeName - Check interface name in terms of HDL syntax
   0.0002 (  0.0%)   0.0000 (  0.0%)   0.0002 (  0.0%)   0.0002 (  0.0%)  Scalar Evolution Analysis
   0.0002 (  0.0%)   0.0000 (  0.0%)   0.0002 (  0.0%)   0.0002 (  0.0%)  Dominance Frontier Construction
   0.0002 (  0.0%)   0.0000 (  0.0%)   0.0002 (  0.0%)   0.0002 (  0.0%)  Scalar Evolution Analysis
   0.0002 (  0.0%)   0.0000 (  0.0%)   0.0002 (  0.0%)   0.0002 (  0.0%)  Canonicalize natural loops
   0.0002 (  0.0%)   0.0000 (  0.0%)   0.0002 (  0.0%)   0.0002 (  0.0%)  Scalar Evolution Analysis
   0.0001 (  0.0%)   0.0001 (  0.0%)   0.0002 (  0.0%)   0.0002 (  0.0%)  Lower black box
   0.0002 (  0.0%)   0.0000 (  0.0%)   0.0002 (  0.0%)   0.0002 (  0.0%)  Scalar Evolution Analysis
   0.0002 (  0.0%)   0.0000 (  0.0%)   0.0002 (  0.0%)   0.0002 (  0.0%)  Lazy Value Information Analysis
   0.0002 (  0.0%)   0.0000 (  0.0%)   0.0002 (  0.0%)   0.0002 (  0.0%)  Natural Loop Information
   0.0002 (  0.0%)   0.0000 (  0.0%)   0.0002 (  0.0%)   0.0002 (  0.0%)  Scalar Evolution Analysis
   0.0002 (  0.0%)   0.0000 (  0.0%)   0.0002 (  0.0%)   0.0002 (  0.0%)  CallGraph Construction
   0.0002 (  0.0%)   0.0000 (  0.0%)   0.0002 (  0.0%)   0.0002 (  0.0%)  Natural Loop Information
   0.0002 (  0.0%)   0.0000 (  0.0%)   0.0002 (  0.0%)   0.0002 (  0.0%)  CallGraph Construction
   0.0002 (  0.0%)   0.0000 (  0.0%)   0.0002 (  0.0%)   0.0002 (  0.0%)  Scalar Evolution Analysis
   0.0001 (  0.0%)   0.0001 (  0.0%)   0.0002 (  0.0%)   0.0002 (  0.0%)  Canonicalize natural loops
   0.0002 (  0.0%)   0.0000 (  0.0%)   0.0002 (  0.0%)   0.0002 (  0.0%)  Scalar Evolution Analysis
   0.0002 (  0.0%)   0.0000 (  0.0%)   0.0002 (  0.0%)   0.0002 (  0.0%)  Lazy Value Information Analysis
   0.0002 (  0.0%)   0.0000 (  0.0%)   0.0002 (  0.0%)   0.0002 (  0.0%)  Natural Loop Information
   0.0001 (  0.0%)   0.0001 (  0.0%)   0.0002 (  0.0%)   0.0002 (  0.0%)  Basic Alias Analysis (stateless AA impl)
   0.0002 (  0.0%)   0.0000 (  0.0%)   0.0002 (  0.0%)   0.0002 (  0.0%)  DefaultInterfaceBuilderNew - Build Default Top Interface
   0.0002 (  0.0%)   0.0000 (  0.0%)   0.0002 (  0.0%)   0.0002 (  0.0%)  Natural Loop Information
   0.0002 (  0.0%)   0.0000 (  0.0%)   0.0002 (  0.0%)   0.0002 (  0.0%)  Canonicalize natural loops
   0.0002 (  0.0%)   0.0000 (  0.0%)   0.0002 (  0.0%)   0.0002 (  0.0%)  demangle Name to normal Name
   0.0001 (  0.0%)   0.0001 (  0.0%)   0.0002 (  0.0%)   0.0002 (  0.0%)  Natural Loop Information
   0.0002 (  0.0%)   0.0000 (  0.0%)   0.0002 (  0.0%)   0.0002 (  0.0%)  Scalar Evolution Analysis
   0.0001 (  0.0%)   0.0000 (  0.0%)   0.0002 (  0.0%)   0.0002 (  0.0%)  Dominator Tree Construction
   0.0002 (  0.0%)   0.0000 (  0.0%)   0.0002 (  0.0%)   0.0002 (  0.0%)  Scalar Evolution Analysis
   0.0002 (  0.0%)   0.0000 (  0.0%)   0.0002 (  0.0%)   0.0002 (  0.0%)  Dominator Tree Construction
   0.0002 (  0.0%)   0.0000 (  0.0%)   0.0002 (  0.0%)   0.0002 (  0.0%)  Eliminate dead debug information intrinsic
   0.0002 (  0.0%)   0.0000 (  0.0%)   0.0002 (  0.0%)   0.0002 (  0.0%)  Canonicalize natural loops
   0.0002 (  0.0%)   0.0000 (  0.0%)   0.0002 (  0.0%)   0.0002 (  0.0%)  Basic Alias Analysis (stateless AA impl)
   0.0002 (  0.0%)   0.0000 (  0.0%)   0.0002 (  0.0%)   0.0002 (  0.0%)  Eliminate pointer selection
   0.0002 (  0.0%)   0.0000 (  0.0%)   0.0002 (  0.0%)   0.0002 (  0.0%)  Natural Loop Information
   0.0001 (  0.0%)   0.0001 (  0.0%)   0.0002 (  0.0%)   0.0002 (  0.0%)  Loop-Closed SSA Form Pass
   0.0002 (  0.0%)   0.0000 (  0.0%)   0.0002 (  0.0%)   0.0002 (  0.0%)  Natural Loop Information
   0.0002 (  0.0%)   0.0000 (  0.0%)   0.0002 (  0.0%)   0.0002 (  0.0%)  CallGraph Construction
   0.0002 (  0.0%)   0.0000 (  0.0%)   0.0002 (  0.0%)   0.0002 (  0.0%)  CallGraph Construction
   0.0001 (  0.0%)   0.0001 (  0.0%)   0.0002 (  0.0%)   0.0002 (  0.0%)  Natural Loop Information
   0.0001 (  0.0%)   0.0000 (  0.0%)   0.0002 (  0.0%)   0.0002 (  0.0%)  Lazy Branch Probability Analysis
   0.0002 (  0.0%)   0.0000 (  0.0%)   0.0002 (  0.0%)   0.0002 (  0.0%)  Eliminate pointer selection
   0.0002 (  0.0%)   0.0000 (  0.0%)   0.0002 (  0.0%)   0.0002 (  0.0%)  Natural Loop Information
   0.0002 (  0.0%)   0.0000 (  0.0%)   0.0002 (  0.0%)   0.0002 (  0.0%)  SROA
   0.0002 (  0.0%)   0.0000 (  0.0%)   0.0002 (  0.0%)   0.0002 (  0.0%)  Scalar Evolution Analysis
   0.0002 (  0.0%)   0.0000 (  0.0%)   0.0002 (  0.0%)   0.0002 (  0.0%)  Natural Loop Information
   0.0002 (  0.0%)   0.0000 (  0.0%)   0.0002 (  0.0%)   0.0002 (  0.0%)  Scalar Evolution Analysis
   0.0002 (  0.0%)   0.0000 (  0.0%)   0.0002 (  0.0%)   0.0002 (  0.0%)  Scalar Evolution Analysis
   0.0002 (  0.0%)   0.0000 (  0.0%)   0.0002 (  0.0%)   0.0002 (  0.0%)  Memory Dependence Analysis
   0.0002 (  0.0%)   0.0000 (  0.0%)   0.0002 (  0.0%)   0.0002 (  0.0%)  Natural Loop Information
   0.0002 (  0.0%)   0.0000 (  0.0%)   0.0002 (  0.0%)   0.0002 (  0.0%)  Natural Loop Information
   0.0002 (  0.0%)   0.0000 (  0.0%)   0.0002 (  0.0%)   0.0002 (  0.0%)  Basic Alias Analysis (stateless AA impl)
   0.0002 (  0.0%)   0.0000 (  0.0%)   0.0002 (  0.0%)   0.0002 (  0.0%)  Scalar Evolution Analysis
   0.0002 (  0.0%)   0.0000 (  0.0%)   0.0002 (  0.0%)   0.0002 (  0.0%)  Natural Loop Information
   0.0002 (  0.0%)   0.0000 (  0.0%)   0.0002 (  0.0%)   0.0002 (  0.0%)  CallGraph Construction
   0.0001 (  0.0%)   0.0000 (  0.0%)   0.0002 (  0.0%)   0.0002 (  0.0%)  Scalar Evolution Analysis
   0.0002 (  0.0%)   0.0000 (  0.0%)   0.0002 (  0.0%)   0.0002 (  0.0%)  Dominator Tree Construction
   0.0002 (  0.0%)   0.0000 (  0.0%)   0.0002 (  0.0%)   0.0002 (  0.0%)  Scalar Evolution Analysis
   0.0002 (  0.0%)   0.0000 (  0.0%)   0.0002 (  0.0%)   0.0002 (  0.0%)  Natural Loop Information
   0.0002 (  0.0%)   0.0000 (  0.0%)   0.0002 (  0.0%)   0.0002 (  0.0%)  Basic Alias Analysis (stateless AA impl)
   0.0002 (  0.0%)   0.0000 (  0.0%)   0.0002 (  0.0%)   0.0002 (  0.0%)  Natural Loop Information
   0.0002 (  0.0%)   0.0000 (  0.0%)   0.0002 (  0.0%)   0.0002 (  0.0%)  Basic Alias Analysis (stateless AA impl)
   0.0002 (  0.0%)   0.0000 (  0.0%)   0.0002 (  0.0%)   0.0002 (  0.0%)  Scalar Evolution Analysis
   0.0002 (  0.0%)   0.0000 (  0.0%)   0.0002 (  0.0%)   0.0002 (  0.0%)  Scalar Evolution Analysis
   0.0002 (  0.0%)   0.0000 (  0.0%)   0.0002 (  0.0%)   0.0002 (  0.0%)  CallGraph Construction
   0.0002 (  0.0%)   0.0000 (  0.0%)   0.0002 (  0.0%)   0.0002 (  0.0%)  Basic Alias Analysis (stateless AA impl)
   0.0002 (  0.0%)   0.0000 (  0.0%)   0.0002 (  0.0%)   0.0002 (  0.0%)  Scalar Evolution Analysis
   0.0002 (  0.0%)   0.0000 (  0.0%)   0.0002 (  0.0%)   0.0002 (  0.0%)  Lower printf for the fpga target
   0.0001 (  0.0%)   0.0001 (  0.0%)   0.0002 (  0.0%)   0.0002 (  0.0%)  Lower directive scopes
   0.0001 (  0.0%)   0.0000 (  0.0%)   0.0002 (  0.0%)   0.0002 (  0.0%)  Natural Loop Information
   0.0001 (  0.0%)   0.0001 (  0.0%)   0.0002 (  0.0%)   0.0002 (  0.0%)  Scalar Evolution Analysis
   0.0001 (  0.0%)   0.0001 (  0.0%)   0.0002 (  0.0%)   0.0002 (  0.0%)  Natural Loop Information
   0.0002 (  0.0%)   0.0000 (  0.0%)   0.0002 (  0.0%)   0.0002 (  0.0%)  Natural Loop Information
   0.0002 (  0.0%)   0.0000 (  0.0%)   0.0002 (  0.0%)   0.0002 (  0.0%)  Remove unreachable basic blocks under switch
   0.0002 (  0.0%)   0.0000 (  0.0%)   0.0002 (  0.0%)   0.0002 (  0.0%)  Eliminate dead debug information intrinsic
   0.0002 (  0.0%)   0.0000 (  0.0%)   0.0002 (  0.0%)   0.0002 (  0.0%)  Lazy Value Information Analysis
   0.0002 (  0.0%)   0.0000 (  0.0%)   0.0002 (  0.0%)   0.0002 (  0.0%)  Remove unreachable basic blocks under switch
   0.0002 (  0.0%)   0.0000 (  0.0%)   0.0002 (  0.0%)   0.0002 (  0.0%)  Natural Loop Information
   0.0002 (  0.0%)   0.0000 (  0.0%)   0.0002 (  0.0%)   0.0002 (  0.0%)  Reflow auto unroll loops
   0.0002 (  0.0%)   0.0000 (  0.0%)   0.0002 (  0.0%)   0.0002 (  0.0%)  Natural Loop Information
   0.0001 (  0.0%)   0.0001 (  0.0%)   0.0002 (  0.0%)   0.0002 (  0.0%)  InterfaceEncodingChange - Change Interface Encoding format
   0.0002 (  0.0%)   0.0000 (  0.0%)   0.0002 (  0.0%)   0.0002 (  0.0%)  Natural Loop Information
   0.0002 (  0.0%)   0.0000 (  0.0%)   0.0002 (  0.0%)   0.0002 (  0.0%)  Dead Argument Elimination
   0.0002 (  0.0%)   0.0000 (  0.0%)   0.0002 (  0.0%)   0.0002 (  0.0%)  Natural Loop Information
   0.0001 (  0.0%)   0.0000 (  0.0%)   0.0002 (  0.0%)   0.0002 (  0.0%)  Scalar Evolution Analysis
   0.0001 (  0.0%)   0.0001 (  0.0%)   0.0002 (  0.0%)   0.0002 (  0.0%)  Natural Loop Information
   0.0002 (  0.0%)   0.0000 (  0.0%)   0.0002 (  0.0%)   0.0002 (  0.0%)  Lower tasks into dataflow form
   0.0001 (  0.0%)   0.0001 (  0.0%)   0.0002 (  0.0%)   0.0002 (  0.0%)  ShiftRegInference - Automatic Shift Register Inference
   0.0002 (  0.0%)   0.0000 (  0.0%)   0.0002 (  0.0%)   0.0002 (  0.0%)  Eliminate dead debug information intrinsic
   0.0002 (  0.0%)   0.0000 (  0.0%)   0.0002 (  0.0%)   0.0002 (  0.0%)  Scalar Evolution Analysis
   0.0002 (  0.0%)   0.0000 (  0.0%)   0.0002 (  0.0%)   0.0002 (  0.0%)  Lazy Value Information Analysis
   0.0000 (  0.0%)   0.0002 (  0.0%)   0.0002 (  0.0%)   0.0002 (  0.0%)  CallGraph Construction
   0.0002 (  0.0%)   0.0000 (  0.0%)   0.0002 (  0.0%)   0.0002 (  0.0%)  CallGraph Construction
   0.0002 (  0.0%)   0.0000 (  0.0%)   0.0002 (  0.0%)   0.0002 (  0.0%)  Scalar Evolution Analysis
   0.0001 (  0.0%)   0.0001 (  0.0%)   0.0002 (  0.0%)   0.0002 (  0.0%)  Loop-Closed SSA Form Pass
   0.0002 (  0.0%)   0.0000 (  0.0%)   0.0002 (  0.0%)   0.0002 (  0.0%)  CallGraph Construction
   0.0002 (  0.0%)   0.0000 (  0.0%)   0.0002 (  0.0%)   0.0002 (  0.0%)  Eliminate pointer selection
   0.0001 (  0.0%)   0.0000 (  0.0%)   0.0002 (  0.0%)   0.0002 (  0.0%)  Natural Loop Information
   0.0001 (  0.0%)   0.0000 (  0.0%)   0.0002 (  0.0%)   0.0002 (  0.0%)  Remove unreachable basic blocks under switch
   0.0002 (  0.0%)   0.0000 (  0.0%)   0.0002 (  0.0%)   0.0002 (  0.0%)  Lazy Value Information Analysis
   0.0002 (  0.0%)   0.0000 (  0.0%)   0.0002 (  0.0%)   0.0002 (  0.0%)  Dead Code Elimination
   0.0002 (  0.0%)   0.0000 (  0.0%)   0.0002 (  0.0%)   0.0002 (  0.0%)  SROA
   0.0001 (  0.0%)   0.0000 (  0.0%)   0.0002 (  0.0%)   0.0002 (  0.0%)  Loop-Closed SSA Form Pass
   0.0001 (  0.0%)   0.0001 (  0.0%)   0.0002 (  0.0%)   0.0002 (  0.0%)  Scalar Evolution Analysis
   0.0002 (  0.0%)   0.0000 (  0.0%)   0.0002 (  0.0%)   0.0002 (  0.0%)  Eliminate pointer selection
   0.0002 (  0.0%)   0.0000 (  0.0%)   0.0002 (  0.0%)   0.0002 (  0.0%)  Dominator Tree Construction
   0.0002 (  0.0%)   0.0000 (  0.0%)   0.0002 (  0.0%)   0.0002 (  0.0%)  Dominator Tree Construction
   0.0002 (  0.0%)   0.0000 (  0.0%)   0.0002 (  0.0%)   0.0002 (  0.0%)  Natural Loop Information
   0.0002 (  0.0%)   0.0000 (  0.0%)   0.0002 (  0.0%)   0.0002 (  0.0%)  CallGraph Construction
   0.0002 (  0.0%)   0.0000 (  0.0%)   0.0002 (  0.0%)   0.0002 (  0.0%)  Eliminate pointer selection
   0.0002 (  0.0%)   0.0000 (  0.0%)   0.0002 (  0.0%)   0.0002 (  0.0%)  Natural Loop Information
   0.0002 (  0.0%)   0.0000 (  0.0%)   0.0002 (  0.0%)   0.0002 (  0.0%)  Resolve full load/store
   0.0002 (  0.0%)   0.0000 (  0.0%)   0.0002 (  0.0%)   0.0002 (  0.0%)  CallGraph Construction
   0.0002 (  0.0%)   0.0000 (  0.0%)   0.0002 (  0.0%)   0.0002 (  0.0%)  Eliminate dead debug information intrinsic
   0.0002 (  0.0%)   0.0000 (  0.0%)   0.0002 (  0.0%)   0.0002 (  0.0%)  Dead Global Elimination
   0.0001 (  0.0%)   0.0000 (  0.0%)   0.0002 (  0.0%)   0.0002 (  0.0%)  Eliminate dead debug information intrinsic
   0.0002 (  0.0%)   0.0000 (  0.0%)   0.0002 (  0.0%)   0.0002 (  0.0%)  Remove unreachable basic blocks under switch
   0.0001 (  0.0%)   0.0000 (  0.0%)   0.0002 (  0.0%)   0.0002 (  0.0%)  Dominator Tree Construction
   0.0002 (  0.0%)   0.0000 (  0.0%)   0.0002 (  0.0%)   0.0002 (  0.0%)  Delete dead loops
   0.0002 (  0.0%)   0.0000 (  0.0%)   0.0002 (  0.0%)   0.0002 (  0.0%)  Remove unreachable basic blocks under switch
   0.0002 (  0.0%)   0.0000 (  0.0%)   0.0002 (  0.0%)   0.0002 (  0.0%)  Natural Loop Information
   0.0002 (  0.0%)   0.0000 (  0.0%)   0.0002 (  0.0%)   0.0002 (  0.0%)  CallGraph Construction
   0.0002 (  0.0%)   0.0000 (  0.0%)   0.0002 (  0.0%)   0.0002 (  0.0%)  Scalar Evolution Analysis
   0.0001 (  0.0%)   0.0000 (  0.0%)   0.0002 (  0.0%)   0.0002 (  0.0%)  Optimization Remark Emitter
   0.0002 (  0.0%)   0.0000 (  0.0%)   0.0002 (  0.0%)   0.0002 (  0.0%)  Basic Alias Analysis (stateless AA impl)
   0.0002 (  0.0%)   0.0000 (  0.0%)   0.0002 (  0.0%)   0.0002 (  0.0%)  Natural Loop Information
   0.0001 (  0.0%)   0.0001 (  0.0%)   0.0002 (  0.0%)   0.0002 (  0.0%)  Loop-Closed SSA Form Pass
   0.0001 (  0.0%)   0.0000 (  0.0%)   0.0002 (  0.0%)   0.0002 (  0.0%)  Scalar Evolution Analysis
   0.0001 (  0.0%)   0.0000 (  0.0%)   0.0002 (  0.0%)   0.0002 (  0.0%)  Dominator Tree Construction
   0.0002 (  0.0%)   0.0000 (  0.0%)   0.0002 (  0.0%)   0.0002 (  0.0%)  Remove unreachable basic blocks under switch
   0.0001 (  0.0%)   0.0000 (  0.0%)   0.0002 (  0.0%)   0.0002 (  0.0%)  ReflowCheckVarPragmaConflicts - check variable pragma conflicts in reflow
   0.0001 (  0.0%)   0.0000 (  0.0%)   0.0002 (  0.0%)   0.0002 (  0.0%)  Basic Alias Analysis (stateless AA impl)
   0.0001 (  0.0%)   0.0001 (  0.0%)   0.0002 (  0.0%)   0.0002 (  0.0%)  Scalar Evolution Analysis
   0.0001 (  0.0%)   0.0000 (  0.0%)   0.0002 (  0.0%)   0.0002 (  0.0%)  Natural Loop Information
   0.0001 (  0.0%)   0.0001 (  0.0%)   0.0002 (  0.0%)   0.0002 (  0.0%)  Lazy Branch Probability Analysis
   0.0001 (  0.0%)   0.0001 (  0.0%)   0.0002 (  0.0%)   0.0002 (  0.0%)  Infer PPPO for array-to-streams
   0.0001 (  0.0%)   0.0000 (  0.0%)   0.0002 (  0.0%)   0.0002 (  0.0%)  InferXCLAttrImplications - Infer XCL attribute implications
   0.0001 (  0.0%)   0.0000 (  0.0%)   0.0002 (  0.0%)   0.0002 (  0.0%)  Natural Loop Information
   0.0002 (  0.0%)   0.0000 (  0.0%)   0.0002 (  0.0%)   0.0002 (  0.0%)  CallGraph Construction
   0.0001 (  0.0%)   0.0000 (  0.0%)   0.0002 (  0.0%)   0.0002 (  0.0%)  Natural Loop Information
   0.0001 (  0.0%)   0.0000 (  0.0%)   0.0002 (  0.0%)   0.0002 (  0.0%)  CallGraph Construction
   0.0001 (  0.0%)   0.0001 (  0.0%)   0.0002 (  0.0%)   0.0002 (  0.0%)  Natural Loop Information
   0.0002 (  0.0%)   0.0000 (  0.0%)   0.0002 (  0.0%)   0.0002 (  0.0%)  Natural Loop Information
   0.0002 (  0.0%)   0.0000 (  0.0%)   0.0002 (  0.0%)   0.0002 (  0.0%)  Scalar Evolution Analysis
   0.0002 (  0.0%)   0.0000 (  0.0%)   0.0002 (  0.0%)   0.0002 (  0.0%)  CallGraph Construction
   0.0001 (  0.0%)   0.0000 (  0.0%)   0.0002 (  0.0%)   0.0002 (  0.0%)  Basic Alias Analysis (stateless AA impl)
   0.0001 (  0.0%)   0.0001 (  0.0%)   0.0002 (  0.0%)   0.0002 (  0.0%)  Internalize Global Symbols
   0.0002 (  0.0%)   0.0000 (  0.0%)   0.0002 (  0.0%)   0.0002 (  0.0%)  Remove unreachable basic blocks under switch
   0.0001 (  0.0%)   0.0000 (  0.0%)   0.0002 (  0.0%)   0.0002 (  0.0%)  Eliminate dead debug information intrinsic
   0.0001 (  0.0%)   0.0000 (  0.0%)   0.0002 (  0.0%)   0.0002 (  0.0%)  Natural Loop Information
   0.0001 (  0.0%)   0.0000 (  0.0%)   0.0002 (  0.0%)   0.0002 (  0.0%)  Eliminate pointer selection for FIFO
   0.0001 (  0.0%)   0.0000 (  0.0%)   0.0002 (  0.0%)   0.0002 (  0.0%)  Scalar Evolution Analysis
   0.0001 (  0.0%)   0.0000 (  0.0%)   0.0002 (  0.0%)   0.0002 (  0.0%)  Lazy Value Information Analysis
   0.0002 (  0.0%)   0.0000 (  0.0%)   0.0002 (  0.0%)   0.0002 (  0.0%)  Remove unreachable basic blocks under switch
   0.0001 (  0.0%)   0.0000 (  0.0%)   0.0002 (  0.0%)   0.0002 (  0.0%)  Scalar Evolution Analysis
   0.0001 (  0.0%)   0.0000 (  0.0%)   0.0002 (  0.0%)   0.0002 (  0.0%)  Natural Loop Information
   0.0001 (  0.0%)   0.0000 (  0.0%)   0.0002 (  0.0%)   0.0002 (  0.0%)  Lazy Value Information Analysis
   0.0002 (  0.0%)   0.0000 (  0.0%)   0.0002 (  0.0%)   0.0002 (  0.0%)  Natural Loop Information
   0.0001 (  0.0%)   0.0000 (  0.0%)   0.0002 (  0.0%)   0.0002 (  0.0%)  Basic Alias Analysis (stateless AA impl)
   0.0001 (  0.0%)   0.0000 (  0.0%)   0.0002 (  0.0%)   0.0002 (  0.0%)  Natural Loop Information
   0.0001 (  0.0%)   0.0001 (  0.0%)   0.0002 (  0.0%)   0.0002 (  0.0%)  SROA
   0.0001 (  0.0%)   0.0001 (  0.0%)   0.0002 (  0.0%)   0.0002 (  0.0%)  Optimization Remark Emitter
   0.0001 (  0.0%)   0.0000 (  0.0%)   0.0002 (  0.0%)   0.0002 (  0.0%)  Eliminate dead debug information intrinsic
   0.0001 (  0.0%)   0.0000 (  0.0%)   0.0002 (  0.0%)   0.0002 (  0.0%)  Natural Loop Information
   0.0001 (  0.0%)   0.0000 (  0.0%)   0.0002 (  0.0%)   0.0002 (  0.0%)  Lazy Block Frequency Analysis
   0.0001 (  0.0%)   0.0000 (  0.0%)   0.0002 (  0.0%)   0.0002 (  0.0%)  Basic Alias Analysis (stateless AA impl)
   0.0002 (  0.0%)   0.0000 (  0.0%)   0.0002 (  0.0%)   0.0002 (  0.0%)  Preprocessing before loop rotation
   0.0001 (  0.0%)   0.0000 (  0.0%)   0.0002 (  0.0%)   0.0002 (  0.0%)  Scalar Evolution Analysis
   0.0001 (  0.0%)   0.0000 (  0.0%)   0.0002 (  0.0%)   0.0002 (  0.0%)  Natural Loop Information
   0.0002 (  0.0%)   0.0000 (  0.0%)   0.0002 (  0.0%)   0.0002 (  0.0%)  Scalar Evolution Analysis
   0.0001 (  0.0%)   0.0000 (  0.0%)   0.0001 (  0.0%)   0.0002 (  0.0%)  Natural Loop Information
   0.0001 (  0.0%)   0.0000 (  0.0%)   0.0002 (  0.0%)   0.0002 (  0.0%)  Scalar Evolution Analysis
   0.0001 (  0.0%)   0.0000 (  0.0%)   0.0001 (  0.0%)   0.0002 (  0.0%)  Lazy Block Frequency Analysis
   0.0001 (  0.0%)   0.0000 (  0.0%)   0.0001 (  0.0%)   0.0002 (  0.0%)  Scalarize vector operations
   0.0002 (  0.0%)   0.0000 (  0.0%)   0.0002 (  0.0%)   0.0001 (  0.0%)  Basic Alias Analysis (stateless AA impl)
   0.0000 (  0.0%)   0.0001 (  0.0%)   0.0001 (  0.0%)   0.0001 (  0.0%)  Simplify loop CFG
   0.0001 (  0.0%)   0.0000 (  0.0%)   0.0001 (  0.0%)   0.0001 (  0.0%)  Eliminate dead debug information intrinsic
   0.0001 (  0.0%)   0.0000 (  0.0%)   0.0002 (  0.0%)   0.0001 (  0.0%)  Eliminate dead debug information intrinsic
   0.0001 (  0.0%)   0.0000 (  0.0%)   0.0001 (  0.0%)   0.0001 (  0.0%)  Scalar Evolution Analysis
   0.0001 (  0.0%)   0.0000 (  0.0%)   0.0001 (  0.0%)   0.0001 (  0.0%)  Critical Path Aanlysis
   0.0001 (  0.0%)   0.0000 (  0.0%)   0.0002 (  0.0%)   0.0001 (  0.0%)  Natural Loop Information
   0.0001 (  0.0%)   0.0000 (  0.0%)   0.0002 (  0.0%)   0.0001 (  0.0%)  Natural Loop Information
   0.0001 (  0.0%)   0.0000 (  0.0%)   0.0001 (  0.0%)   0.0001 (  0.0%)  Eliminate dead debug information intrinsic
   0.0001 (  0.0%)   0.0000 (  0.0%)   0.0001 (  0.0%)   0.0001 (  0.0%)  Natural Loop Information
   0.0001 (  0.0%)   0.0000 (  0.0%)   0.0001 (  0.0%)   0.0001 (  0.0%)  Natural Loop Information
   0.0001 (  0.0%)   0.0000 (  0.0%)   0.0002 (  0.0%)   0.0001 (  0.0%)  Scalar Evolution Analysis
   0.0001 (  0.0%)   0.0000 (  0.0%)   0.0002 (  0.0%)   0.0001 (  0.0%)  Scalar Evolution Analysis
   0.0001 (  0.0%)   0.0000 (  0.0%)   0.0001 (  0.0%)   0.0001 (  0.0%)  Natural Loop Information
   0.0001 (  0.0%)   0.0000 (  0.0%)   0.0001 (  0.0%)   0.0001 (  0.0%)  CallGraph Construction
   0.0001 (  0.0%)   0.0000 (  0.0%)   0.0001 (  0.0%)   0.0001 (  0.0%)  CallGraph Construction
   0.0001 (  0.0%)   0.0000 (  0.0%)   0.0001 (  0.0%)   0.0001 (  0.0%)  CallGraph Construction
   0.0001 (  0.0%)   0.0000 (  0.0%)   0.0001 (  0.0%)   0.0001 (  0.0%)  Scalar Evolution Analysis
   0.0001 (  0.0%)   0.0000 (  0.0%)   0.0001 (  0.0%)   0.0001 (  0.0%)  Basic Alias Analysis (stateless AA impl)
   0.0001 (  0.0%)   0.0000 (  0.0%)   0.0001 (  0.0%)   0.0001 (  0.0%)  Eliminate dead debug information intrinsic
   0.0001 (  0.0%)   0.0000 (  0.0%)   0.0001 (  0.0%)   0.0001 (  0.0%)  Basic Alias Analysis (stateless AA impl)
   0.0001 (  0.0%)   0.0000 (  0.0%)   0.0001 (  0.0%)   0.0001 (  0.0%)  Dead Code Elimination
   0.0001 (  0.0%)   0.0000 (  0.0%)   0.0001 (  0.0%)   0.0001 (  0.0%)  Remove unreachable basic blocks under switch
   0.0001 (  0.0%)   0.0000 (  0.0%)   0.0001 (  0.0%)   0.0001 (  0.0%)  Eliminate dead debug information intrinsic
   0.0001 (  0.0%)   0.0000 (  0.0%)   0.0001 (  0.0%)   0.0001 (  0.0%)  Change xcl attribute to call sideeffect
   0.0001 (  0.0%)   0.0000 (  0.0%)   0.0001 (  0.0%)   0.0001 (  0.0%)  Remove unreachable basic blocks under switch
   0.0001 (  0.0%)   0.0000 (  0.0%)   0.0001 (  0.0%)   0.0001 (  0.0%)  Scalar Evolution Analysis
   0.0001 (  0.0%)   0.0000 (  0.0%)   0.0001 (  0.0%)   0.0001 (  0.0%)  Scalar Evolution Analysis
   0.0001 (  0.0%)   0.0000 (  0.0%)   0.0001 (  0.0%)   0.0001 (  0.0%)  Natural Loop Information
   0.0001 (  0.0%)   0.0000 (  0.0%)   0.0001 (  0.0%)   0.0001 (  0.0%)  Natural Loop Information
   0.0001 (  0.0%)   0.0000 (  0.0%)   0.0001 (  0.0%)   0.0001 (  0.0%)  Lower HLS related intrinsics
   0.0001 (  0.0%)   0.0000 (  0.0%)   0.0001 (  0.0%)   0.0001 (  0.0%)  Basic Alias Analysis (stateless AA impl)
   0.0001 (  0.0%)   0.0001 (  0.0%)   0.0001 (  0.0%)   0.0001 (  0.0%)  CallGraph Construction
   0.0001 (  0.0%)   0.0000 (  0.0%)   0.0001 (  0.0%)   0.0001 (  0.0%)  Eliminate dead debug information intrinsic
   0.0001 (  0.0%)   0.0000 (  0.0%)   0.0001 (  0.0%)   0.0001 (  0.0%)  Eliminate dead debug information intrinsic
   0.0001 (  0.0%)   0.0000 (  0.0%)   0.0001 (  0.0%)   0.0001 (  0.0%)  Natural Loop Information
   0.0001 (  0.0%)   0.0000 (  0.0%)   0.0001 (  0.0%)   0.0001 (  0.0%)  Natural Loop Information
   0.0001 (  0.0%)   0.0000 (  0.0%)   0.0001 (  0.0%)   0.0001 (  0.0%)  Scalar Evolution Analysis
   0.0001 (  0.0%)   0.0000 (  0.0%)   0.0001 (  0.0%)   0.0001 (  0.0%)  Basic Alias Analysis (stateless AA impl)
   0.0001 (  0.0%)   0.0000 (  0.0%)   0.0001 (  0.0%)   0.0001 (  0.0%)  Natural Loop Information
   0.0001 (  0.0%)   0.0000 (  0.0%)   0.0001 (  0.0%)   0.0001 (  0.0%)  Post-Dominator Tree Construction
   0.0001 (  0.0%)   0.0000 (  0.0%)   0.0001 (  0.0%)   0.0001 (  0.0%)  CallGraph Construction
   0.0001 (  0.0%)   0.0000 (  0.0%)   0.0001 (  0.0%)   0.0001 (  0.0%)  Rotate Loops
   0.0001 (  0.0%)   0.0000 (  0.0%)   0.0001 (  0.0%)   0.0001 (  0.0%)  SimplifyPredicate - Simplify predicate
   0.0001 (  0.0%)   0.0000 (  0.0%)   0.0001 (  0.0%)   0.0001 (  0.0%)  Function Alias Analysis Results
   0.0001 (  0.0%)   0.0000 (  0.0%)   0.0001 (  0.0%)   0.0001 (  0.0%)  CallGraph Construction
   0.0001 (  0.0%)   0.0001 (  0.0%)   0.0001 (  0.0%)   0.0001 (  0.0%)  Scalar Evolution Analysis
   0.0001 (  0.0%)   0.0000 (  0.0%)   0.0001 (  0.0%)   0.0001 (  0.0%)  Natural Loop Information
   0.0001 (  0.0%)   0.0000 (  0.0%)   0.0001 (  0.0%)   0.0001 (  0.0%)  Remove unreachable basic blocks under switch
   0.0001 (  0.0%)   0.0000 (  0.0%)   0.0001 (  0.0%)   0.0001 (  0.0%)  Scalar Evolution Analysis
   0.0001 (  0.0%)   0.0000 (  0.0%)   0.0001 (  0.0%)   0.0001 (  0.0%)  Loop Access Analysis
   0.0001 (  0.0%)   0.0000 (  0.0%)   0.0001 (  0.0%)   0.0001 (  0.0%)  CallGraph Construction
   0.0001 (  0.0%)   0.0000 (  0.0%)   0.0001 (  0.0%)   0.0001 (  0.0%)  Basic Alias Analysis (stateless AA impl)
   0.0001 (  0.0%)   0.0000 (  0.0%)   0.0001 (  0.0%)   0.0001 (  0.0%)  Basic Alias Analysis (stateless AA impl)
   0.0001 (  0.0%)   0.0000 (  0.0%)   0.0001 (  0.0%)   0.0001 (  0.0%)  Remove unreachable basic blocks under switch
   0.0001 (  0.0%)   0.0000 (  0.0%)   0.0001 (  0.0%)   0.0001 (  0.0%)  Scalar Evolution Analysis
   0.0001 (  0.0%)   0.0000 (  0.0%)   0.0001 (  0.0%)   0.0001 (  0.0%)  Scalar Evolution Analysis
   0.0001 (  0.0%)   0.0001 (  0.0%)   0.0001 (  0.0%)   0.0001 (  0.0%)  Dead Global Elimination
   0.0001 (  0.0%)   0.0000 (  0.0%)   0.0001 (  0.0%)   0.0001 (  0.0%)  Basic Alias Analysis (stateless AA impl)
   0.0001 (  0.0%)   0.0000 (  0.0%)   0.0001 (  0.0%)   0.0001 (  0.0%)  CallGraph Construction
   0.0001 (  0.0%)   0.0000 (  0.0%)   0.0001 (  0.0%)   0.0001 (  0.0%)  Scalar Evolution Analysis
   0.0001 (  0.0%)   0.0000 (  0.0%)   0.0001 (  0.0%)   0.0001 (  0.0%)  Stream object marker
   0.0001 (  0.0%)   0.0000 (  0.0%)   0.0001 (  0.0%)   0.0001 (  0.0%)  Scalar Evolution Analysis
   0.0001 (  0.0%)   0.0000 (  0.0%)   0.0001 (  0.0%)   0.0001 (  0.0%)  Lazy Value Information Analysis
   0.0001 (  0.0%)   0.0000 (  0.0%)   0.0001 (  0.0%)   0.0001 (  0.0%)  Scalar Evolution Analysis
   0.0001 (  0.0%)   0.0000 (  0.0%)   0.0001 (  0.0%)   0.0001 (  0.0%)  Scalar Evolution Analysis
   0.0001 (  0.0%)   0.0000 (  0.0%)   0.0001 (  0.0%)   0.0001 (  0.0%)  Basic Alias Analysis (stateless AA impl)
   0.0001 (  0.0%)   0.0000 (  0.0%)   0.0001 (  0.0%)   0.0001 (  0.0%)  Scalar Evolution Analysis
   0.0001 (  0.0%)   0.0000 (  0.0%)   0.0001 (  0.0%)   0.0001 (  0.0%)  CallGraph Construction
   0.0001 (  0.0%)   0.0000 (  0.0%)   0.0001 (  0.0%)   0.0001 (  0.0%)  Scalar Evolution Analysis
   0.0001 (  0.0%)   0.0000 (  0.0%)   0.0001 (  0.0%)   0.0001 (  0.0%)  Scalar Evolution Analysis
   0.0001 (  0.0%)   0.0000 (  0.0%)   0.0001 (  0.0%)   0.0001 (  0.0%)  Remove unreachable basic blocks under switch
   0.0001 (  0.0%)   0.0000 (  0.0%)   0.0001 (  0.0%)   0.0001 (  0.0%)  Scalar Evolution Analysis
   0.0001 (  0.0%)   0.0000 (  0.0%)   0.0001 (  0.0%)   0.0001 (  0.0%)  Disaggregation preprocessing
   0.0001 (  0.0%)   0.0000 (  0.0%)   0.0001 (  0.0%)   0.0001 (  0.0%)  Scalar Evolution Analysis
   0.0001 (  0.0%)   0.0000 (  0.0%)   0.0001 (  0.0%)   0.0001 (  0.0%)  Natural Loop Information
   0.0001 (  0.0%)   0.0000 (  0.0%)   0.0001 (  0.0%)   0.0001 (  0.0%)  Lazy Value Information Analysis
   0.0001 (  0.0%)   0.0000 (  0.0%)   0.0001 (  0.0%)   0.0001 (  0.0%)  Eliminate dead stores globally
   0.0001 (  0.0%)   0.0000 (  0.0%)   0.0001 (  0.0%)   0.0001 (  0.0%)  CallGraph Construction
   0.0001 (  0.0%)   0.0000 (  0.0%)   0.0001 (  0.0%)   0.0001 (  0.0%)  Scalar Evolution Analysis
   0.0001 (  0.0%)   0.0000 (  0.0%)   0.0001 (  0.0%)   0.0001 (  0.0%)  Memory Dependence Analysis
   0.0001 (  0.0%)   0.0000 (  0.0%)   0.0001 (  0.0%)   0.0001 (  0.0%)  Promote Memory to Register
   0.0001 (  0.0%)   0.0000 (  0.0%)   0.0001 (  0.0%)   0.0001 (  0.0%)  CallGraph Construction
   0.0001 (  0.0%)   0.0000 (  0.0%)   0.0001 (  0.0%)   0.0001 (  0.0%)  Scalar Evolution Analysis
   0.0001 (  0.0%)   0.0000 (  0.0%)   0.0001 (  0.0%)   0.0001 (  0.0%)  Remove unreachable basic blocks under switch
   0.0001 (  0.0%)   0.0000 (  0.0%)   0.0001 (  0.0%)   0.0001 (  0.0%)  Remove unreachable basic blocks under switch
   0.0001 (  0.0%)   0.0000 (  0.0%)   0.0001 (  0.0%)   0.0001 (  0.0%)  Lazy Value Information Analysis
   0.0001 (  0.0%)   0.0000 (  0.0%)   0.0001 (  0.0%)   0.0001 (  0.0%)  CallGraph Construction
   0.0001 (  0.0%)   0.0000 (  0.0%)   0.0001 (  0.0%)   0.0001 (  0.0%)  CallGraph Construction
   0.0001 (  0.0%)   0.0000 (  0.0%)   0.0001 (  0.0%)   0.0001 (  0.0%)  SROA
   0.0001 (  0.0%)   0.0000 (  0.0%)   0.0001 (  0.0%)   0.0001 (  0.0%)  Scalar Evolution Analysis
   0.0001 (  0.0%)   0.0000 (  0.0%)   0.0001 (  0.0%)   0.0001 (  0.0%)  Scalar Evolution Analysis
   0.0001 (  0.0%)   0.0000 (  0.0%)   0.0001 (  0.0%)   0.0001 (  0.0%)  Memory Dependence Analysis
   0.0001 (  0.0%)   0.0000 (  0.0%)   0.0001 (  0.0%)   0.0001 (  0.0%)  Dominator Tree Construction
   0.0001 (  0.0%)   0.0000 (  0.0%)   0.0001 (  0.0%)   0.0001 (  0.0%)  Scalar Evolution Analysis
   0.0001 (  0.0%)   0.0000 (  0.0%)   0.0001 (  0.0%)   0.0001 (  0.0%)  Scalar Evolution Analysis
   0.0001 (  0.0%)   0.0000 (  0.0%)   0.0001 (  0.0%)   0.0001 (  0.0%)  Scalar Evolution Analysis
   0.0001 (  0.0%)   0.0000 (  0.0%)   0.0001 (  0.0%)   0.0001 (  0.0%)  Simplify loop CFG
   0.0001 (  0.0%)   0.0000 (  0.0%)   0.0001 (  0.0%)   0.0001 (  0.0%)  CallGraph Construction
   0.0001 (  0.0%)   0.0000 (  0.0%)   0.0001 (  0.0%)   0.0001 (  0.0%)  Scalar Evolution Analysis
   0.0001 (  0.0%)   0.0000 (  0.0%)   0.0001 (  0.0%)   0.0001 (  0.0%)  Memory Dependence Analysis
   0.0001 (  0.0%)   0.0001 (  0.0%)   0.0001 (  0.0%)   0.0001 (  0.0%)  clean some traps produced by clang
   0.0000 (  0.0%)   0.0001 (  0.0%)   0.0001 (  0.0%)   0.0001 (  0.0%)  CallGraph Construction
   0.0001 (  0.0%)   0.0000 (  0.0%)   0.0001 (  0.0%)   0.0001 (  0.0%)  Dead Global Elimination
   0.0001 (  0.0%)   0.0000 (  0.0%)   0.0001 (  0.0%)   0.0001 (  0.0%)  Scalar Evolution Analysis
   0.0001 (  0.0%)   0.0000 (  0.0%)   0.0001 (  0.0%)   0.0001 (  0.0%)  Scalar Evolution Analysis
   0.0001 (  0.0%)   0.0000 (  0.0%)   0.0001 (  0.0%)   0.0001 (  0.0%)  Scalar Evolution Analysis
   0.0001 (  0.0%)   0.0000 (  0.0%)   0.0001 (  0.0%)   0.0001 (  0.0%)  Scalar Evolution Analysis
   0.0001 (  0.0%)   0.0000 (  0.0%)   0.0001 (  0.0%)   0.0001 (  0.0%)  CallGraph Construction
   0.0001 (  0.0%)   0.0000 (  0.0%)   0.0001 (  0.0%)   0.0001 (  0.0%)  Dead Argument Elimination
   0.0001 (  0.0%)   0.0000 (  0.0%)   0.0001 (  0.0%)   0.0001 (  0.0%)  Basic Alias Analysis (stateless AA impl)
   0.0001 (  0.0%)   0.0000 (  0.0%)   0.0001 (  0.0%)   0.0001 (  0.0%)  CallGraph Construction
   0.0001 (  0.0%)   0.0000 (  0.0%)   0.0001 (  0.0%)   0.0001 (  0.0%)  Memory Dependence Analysis
   0.0001 (  0.0%)   0.0000 (  0.0%)   0.0001 (  0.0%)   0.0001 (  0.0%)  Basic Alias Analysis (stateless AA impl)
   0.0001 (  0.0%)   0.0000 (  0.0%)   0.0001 (  0.0%)   0.0001 (  0.0%)  CallGraph Construction
   0.0001 (  0.0%)   0.0000 (  0.0%)   0.0001 (  0.0%)   0.0001 (  0.0%)  Lazy Value Information Analysis
   0.0001 (  0.0%)   0.0000 (  0.0%)   0.0001 (  0.0%)   0.0001 (  0.0%)  Lazy Value Information Analysis
   0.0001 (  0.0%)   0.0000 (  0.0%)   0.0001 (  0.0%)   0.0001 (  0.0%)  Scalar Evolution Analysis
   0.0001 (  0.0%)   0.0000 (  0.0%)   0.0001 (  0.0%)   0.0001 (  0.0%)  Delete dead loops
   0.0001 (  0.0%)   0.0000 (  0.0%)   0.0001 (  0.0%)   0.0001 (  0.0%)  Dead Global Elimination
   0.0001 (  0.0%)   0.0000 (  0.0%)   0.0001 (  0.0%)   0.0001 (  0.0%)  Scalar Evolution Analysis
   0.0001 (  0.0%)   0.0000 (  0.0%)   0.0001 (  0.0%)   0.0001 (  0.0%)  Scalar Evolution Analysis
   0.0001 (  0.0%)   0.0000 (  0.0%)   0.0001 (  0.0%)   0.0001 (  0.0%)  Scalar Evolution Analysis
   0.0001 (  0.0%)   0.0000 (  0.0%)   0.0001 (  0.0%)   0.0001 (  0.0%)  Remove unreachable basic blocks under switch
   0.0001 (  0.0%)   0.0000 (  0.0%)   0.0001 (  0.0%)   0.0001 (  0.0%)  ProduceBurstMessages - Produce Burst Messages
   0.0001 (  0.0%)   0.0000 (  0.0%)   0.0001 (  0.0%)   0.0001 (  0.0%)  Eliminate dead stores globally
   0.0001 (  0.0%)   0.0000 (  0.0%)   0.0001 (  0.0%)   0.0001 (  0.0%)  Scalar Evolution Analysis
   0.0001 (  0.0%)   0.0000 (  0.0%)   0.0001 (  0.0%)   0.0001 (  0.0%)  CallGraph Construction
   0.0001 (  0.0%)   0.0000 (  0.0%)   0.0001 (  0.0%)   0.0001 (  0.0%)  Loop-Closed SSA Form Pass
   0.0001 (  0.0%)   0.0000 (  0.0%)   0.0001 (  0.0%)   0.0001 (  0.0%)  Scalar Evolution Analysis
   0.0001 (  0.0%)   0.0000 (  0.0%)   0.0001 (  0.0%)   0.0001 (  0.0%)  Scalar Evolution Analysis
   0.0001 (  0.0%)   0.0000 (  0.0%)   0.0001 (  0.0%)   0.0001 (  0.0%)  Basic Alias Analysis (stateless AA impl)
   0.0001 (  0.0%)   0.0000 (  0.0%)   0.0001 (  0.0%)   0.0001 (  0.0%)  Memory Dependence Analysis
   0.0001 (  0.0%)   0.0000 (  0.0%)   0.0001 (  0.0%)   0.0001 (  0.0%)  Simplify loop CFG
   0.0001 (  0.0%)   0.0000 (  0.0%)   0.0001 (  0.0%)   0.0001 (  0.0%)  CallGraph Construction
   0.0001 (  0.0%)   0.0000 (  0.0%)   0.0001 (  0.0%)   0.0001 (  0.0%)  Scalar Evolution Analysis
   0.0001 (  0.0%)   0.0000 (  0.0%)   0.0001 (  0.0%)   0.0001 (  0.0%)  Memory Dependence Analysis
   0.0001 (  0.0%)   0.0000 (  0.0%)   0.0001 (  0.0%)   0.0001 (  0.0%)  CallGraph Construction
   0.0001 (  0.0%)   0.0000 (  0.0%)   0.0001 (  0.0%)   0.0001 (  0.0%)  Scalar Evolution Analysis
   0.0001 (  0.0%)   0.0000 (  0.0%)   0.0001 (  0.0%)   0.0001 (  0.0%)  Remove unreachable basic blocks under switch
   0.0001 (  0.0%)   0.0000 (  0.0%)   0.0001 (  0.0%)   0.0001 (  0.0%)  CallGraph Construction
   0.0000 (  0.0%)   0.0001 (  0.0%)   0.0001 (  0.0%)   0.0001 (  0.0%)  CallGraph Construction
   0.0001 (  0.0%)   0.0000 (  0.0%)   0.0001 (  0.0%)   0.0001 (  0.0%)  Scalar Evolution Analysis
   0.0001 (  0.0%)   0.0000 (  0.0%)   0.0001 (  0.0%)   0.0001 (  0.0%)  Scalar Evolution Analysis
   0.0000 (  0.0%)   0.0001 (  0.0%)   0.0001 (  0.0%)   0.0001 (  0.0%)  Canonicalize natural loops
   0.0001 (  0.0%)   0.0000 (  0.0%)   0.0001 (  0.0%)   0.0001 (  0.0%)  Loop-Closed SSA Form Pass
   0.0001 (  0.0%)   0.0000 (  0.0%)   0.0001 (  0.0%)   0.0001 (  0.0%)  Scalar Evolution Analysis
   0.0001 (  0.0%)   0.0000 (  0.0%)   0.0001 (  0.0%)   0.0001 (  0.0%)  Remove unreachable basic blocks under switch
   0.0001 (  0.0%)   0.0000 (  0.0%)   0.0001 (  0.0%)   0.0001 (  0.0%)  Remove unreachable basic blocks under switch
   0.0001 (  0.0%)   0.0000 (  0.0%)   0.0001 (  0.0%)   0.0001 (  0.0%)  Scalar Evolution Analysis
   0.0001 (  0.0%)   0.0000 (  0.0%)   0.0001 (  0.0%)   0.0001 (  0.0%)  Memory Dependence Analysis
   0.0001 (  0.0%)   0.0000 (  0.0%)   0.0001 (  0.0%)   0.0001 (  0.0%)  Basic Alias Analysis (stateless AA impl)
   0.0001 (  0.0%)   0.0000 (  0.0%)   0.0001 (  0.0%)   0.0001 (  0.0%)  SROA
   0.0001 (  0.0%)   0.0000 (  0.0%)   0.0001 (  0.0%)   0.0001 (  0.0%)  Remove unreachable basic blocks under switch
   0.0001 (  0.0%)   0.0000 (  0.0%)   0.0001 (  0.0%)   0.0001 (  0.0%)  Scalar Evolution Analysis
   0.0001 (  0.0%)   0.0000 (  0.0%)   0.0001 (  0.0%)   0.0001 (  0.0%)  Scalar Evolution Analysis
   0.0001 (  0.0%)   0.0000 (  0.0%)   0.0001 (  0.0%)   0.0001 (  0.0%)  Lower BINDOP scope bundle
   0.0001 (  0.0%)   0.0000 (  0.0%)   0.0001 (  0.0%)   0.0001 (  0.0%)  Scalar Evolution Analysis
   0.0001 (  0.0%)   0.0000 (  0.0%)   0.0001 (  0.0%)   0.0001 (  0.0%)  SeqAccessesInference - Infer Sequential accesses for HLS C/C++
   0.0001 (  0.0%)   0.0000 (  0.0%)   0.0001 (  0.0%)   0.0001 (  0.0%)  Generate Loops to iterate over workitems
   0.0001 (  0.0%)   0.0000 (  0.0%)   0.0001 (  0.0%)   0.0001 (  0.0%)  Scalar Evolution Analysis
   0.0001 (  0.0%)   0.0000 (  0.0%)   0.0001 (  0.0%)   0.0001 (  0.0%)  Eliminate dead stores globally
   0.0001 (  0.0%)   0.0000 (  0.0%)   0.0001 (  0.0%)   0.0001 (  0.0%)  Scalar Evolution Analysis
   0.0001 (  0.0%)   0.0000 (  0.0%)   0.0001 (  0.0%)   0.0001 (  0.0%)  Lazy Value Information Analysis
   0.0001 (  0.0%)   0.0000 (  0.0%)   0.0001 (  0.0%)   0.0001 (  0.0%)  CallGraph Construction
   0.0001 (  0.0%)   0.0000 (  0.0%)   0.0001 (  0.0%)   0.0001 (  0.0%)  Lazy Value Information Analysis
   0.0001 (  0.0%)   0.0000 (  0.0%)   0.0001 (  0.0%)   0.0001 (  0.0%)  Basic Alias Analysis (stateless AA impl)
   0.0001 (  0.0%)   0.0000 (  0.0%)   0.0001 (  0.0%)   0.0001 (  0.0%)  Scalar Evolution Analysis
   0.0001 (  0.0%)   0.0000 (  0.0%)   0.0001 (  0.0%)   0.0001 (  0.0%)  CallGraph Construction
   0.0001 (  0.0%)   0.0000 (  0.0%)   0.0001 (  0.0%)   0.0001 (  0.0%)  Function Alias Analysis Results
   0.0001 (  0.0%)   0.0000 (  0.0%)   0.0001 (  0.0%)   0.0001 (  0.0%)  CallGraph Construction
   0.0001 (  0.0%)   0.0000 (  0.0%)   0.0001 (  0.0%)   0.0001 (  0.0%)  Lazy Value Information Analysis
   0.0001 (  0.0%)   0.0000 (  0.0%)   0.0001 (  0.0%)   0.0001 (  0.0%)  Scalar Evolution Analysis
   0.0001 (  0.0%)   0.0000 (  0.0%)   0.0001 (  0.0%)   0.0001 (  0.0%)  Remove unreachable basic blocks under switch
   0.0001 (  0.0%)   0.0000 (  0.0%)   0.0001 (  0.0%)   0.0001 (  0.0%)  Memory Dependence Analysis
   0.0001 (  0.0%)   0.0000 (  0.0%)   0.0001 (  0.0%)   0.0001 (  0.0%)  CallGraph Construction
   0.0001 (  0.0%)   0.0000 (  0.0%)   0.0001 (  0.0%)   0.0001 (  0.0%)  CallGraph Construction
   0.0001 (  0.0%)   0.0000 (  0.0%)   0.0001 (  0.0%)   0.0001 (  0.0%)  CallGraph Construction
   0.0001 (  0.0%)   0.0000 (  0.0%)   0.0001 (  0.0%)   0.0001 (  0.0%)  Scalar Evolution Analysis
   0.0001 (  0.0%)   0.0000 (  0.0%)   0.0001 (  0.0%)   0.0001 (  0.0%)  Memory Dependence Analysis
   0.0001 (  0.0%)   0.0000 (  0.0%)   0.0001 (  0.0%)   0.0001 (  0.0%)  CallGraph Construction
   0.0001 (  0.0%)   0.0000 (  0.0%)   0.0001 (  0.0%)   0.0001 (  0.0%)  Memory Dependence Analysis
   0.0001 (  0.0%)   0.0000 (  0.0%)   0.0001 (  0.0%)   0.0001 (  0.0%)  Remove unreachable basic blocks under switch
   0.0001 (  0.0%)   0.0000 (  0.0%)   0.0001 (  0.0%)   0.0001 (  0.0%)  Remove unreachable basic blocks under switch
   0.0001 (  0.0%)   0.0000 (  0.0%)   0.0001 (  0.0%)   0.0001 (  0.0%)  Scalar Evolution Analysis
   0.0001 (  0.0%)   0.0000 (  0.0%)   0.0001 (  0.0%)   0.0001 (  0.0%)  Predicate analysis under a loop context
   0.0001 (  0.0%)   0.0000 (  0.0%)   0.0001 (  0.0%)   0.0001 (  0.0%)  Simplify loop CFG
   0.0001 (  0.0%)   0.0000 (  0.0%)   0.0001 (  0.0%)   0.0001 (  0.0%)  Memory Dependence Analysis
   0.0001 (  0.0%)   0.0000 (  0.0%)   0.0001 (  0.0%)   0.0001 (  0.0%)  Basic Alias Analysis (stateless AA impl)
   0.0001 (  0.0%)   0.0000 (  0.0%)   0.0001 (  0.0%)   0.0001 (  0.0%)  Scalar Evolution Analysis
   0.0001 (  0.0%)   0.0000 (  0.0%)   0.0001 (  0.0%)   0.0001 (  0.0%)  Lazy Value Information Analysis
   0.0001 (  0.0%)   0.0000 (  0.0%)   0.0001 (  0.0%)   0.0001 (  0.0%)  CallGraph Construction
   0.0001 (  0.0%)   0.0000 (  0.0%)   0.0001 (  0.0%)   0.0001 (  0.0%)  Predicate analysis under a loop context
   0.0001 (  0.0%)   0.0000 (  0.0%)   0.0001 (  0.0%)   0.0001 (  0.0%)  Lazy Value Information Analysis
   0.0001 (  0.0%)   0.0000 (  0.0%)   0.0001 (  0.0%)   0.0001 (  0.0%)  Simplify loop CFG
   0.0001 (  0.0%)   0.0000 (  0.0%)   0.0001 (  0.0%)   0.0001 (  0.0%)  CallGraph Construction
   0.0001 (  0.0%)   0.0000 (  0.0%)   0.0001 (  0.0%)   0.0001 (  0.0%)  Lazy Value Information Analysis
   0.0001 (  0.0%)   0.0000 (  0.0%)   0.0001 (  0.0%)   0.0001 (  0.0%)  CallGraph Construction
   0.0001 (  0.0%)   0.0000 (  0.0%)   0.0001 (  0.0%)   0.0001 (  0.0%)  Memory Dependence Analysis
   0.0001 (  0.0%)   0.0000 (  0.0%)   0.0001 (  0.0%)   0.0001 (  0.0%)  LayoutTransform - Layout Transform Pragma Analysis
   0.0001 (  0.0%)   0.0000 (  0.0%)   0.0001 (  0.0%)   0.0001 (  0.0%)  Scalar Evolution Analysis
   0.0001 (  0.0%)   0.0000 (  0.0%)   0.0001 (  0.0%)   0.0001 (  0.0%)  Memory Dependence Analysis
   0.0001 (  0.0%)   0.0000 (  0.0%)   0.0001 (  0.0%)   0.0001 (  0.0%)  Lazy Value Information Analysis
   0.0001 (  0.0%)   0.0000 (  0.0%)   0.0001 (  0.0%)   0.0001 (  0.0%)  Basic Alias Analysis (stateless AA impl)
   0.0001 (  0.0%)   0.0000 (  0.0%)   0.0001 (  0.0%)   0.0001 (  0.0%)  Scalar Evolution Analysis
   0.0001 (  0.0%)   0.0000 (  0.0%)   0.0001 (  0.0%)   0.0001 (  0.0%)  Scalar Evolution Analysis
   0.0001 (  0.0%)   0.0000 (  0.0%)   0.0001 (  0.0%)   0.0001 (  0.0%)  Promote Memory to Register
   0.0001 (  0.0%)   0.0000 (  0.0%)   0.0001 (  0.0%)   0.0001 (  0.0%)  Lazy Value Information Analysis
   0.0001 (  0.0%)   0.0000 (  0.0%)   0.0001 (  0.0%)   0.0001 (  0.0%)  CallGraph Construction
   0.0001 (  0.0%)   0.0000 (  0.0%)   0.0001 (  0.0%)   0.0001 (  0.0%)  LayoutTransform - Layout Transform Pragma Analysis
   0.0001 (  0.0%)   0.0000 (  0.0%)   0.0001 (  0.0%)   0.0001 (  0.0%)  Basic Alias Analysis (stateless AA impl)
   0.0001 (  0.0%)   0.0000 (  0.0%)   0.0001 (  0.0%)   0.0001 (  0.0%)  Lower fence group
   0.0001 (  0.0%)   0.0000 (  0.0%)   0.0001 (  0.0%)   0.0001 (  0.0%)  Memory Dependence Analysis
   0.0001 (  0.0%)   0.0000 (  0.0%)   0.0001 (  0.0%)   0.0001 (  0.0%)  Scalar Evolution Analysis
   0.0001 (  0.0%)   0.0000 (  0.0%)   0.0001 (  0.0%)   0.0001 (  0.0%)  Scalar Evolution Analysis
   0.0001 (  0.0%)   0.0000 (  0.0%)   0.0001 (  0.0%)   0.0001 (  0.0%)  Scalar Evolution Analysis
   0.0001 (  0.0%)   0.0000 (  0.0%)   0.0001 (  0.0%)   0.0001 (  0.0%)  Memory Dependence Analysis
   0.0001 (  0.0%)   0.0000 (  0.0%)   0.0001 (  0.0%)   0.0001 (  0.0%)  CallGraph Construction
   0.0001 (  0.0%)   0.0000 (  0.0%)   0.0001 (  0.0%)   0.0001 (  0.0%)  Dead Global Elimination
   0.0001 (  0.0%)   0.0000 (  0.0%)   0.0001 (  0.0%)   0.0001 (  0.0%)  Scalar Evolution Analysis
   0.0001 (  0.0%)   0.0000 (  0.0%)   0.0001 (  0.0%)   0.0001 (  0.0%)  Dead Global Elimination
   0.0001 (  0.0%)   0.0000 (  0.0%)   0.0001 (  0.0%)   0.0001 (  0.0%)  Scalar Evolution Analysis
   0.0001 (  0.0%)   0.0000 (  0.0%)   0.0001 (  0.0%)   0.0001 (  0.0%)  Scalar Evolution Analysis
   0.0001 (  0.0%)   0.0000 (  0.0%)   0.0001 (  0.0%)   0.0001 (  0.0%)  Basic Alias Analysis (stateless AA impl)
   0.0001 (  0.0%)   0.0000 (  0.0%)   0.0001 (  0.0%)   0.0001 (  0.0%)  Scalar Evolution Analysis
   0.0001 (  0.0%)   0.0000 (  0.0%)   0.0001 (  0.0%)   0.0001 (  0.0%)  Memory Dependence Analysis
   0.0001 (  0.0%)   0.0000 (  0.0%)   0.0001 (  0.0%)   0.0001 (  0.0%)  Lazy Value Information Analysis
   0.0001 (  0.0%)   0.0000 (  0.0%)   0.0001 (  0.0%)   0.0001 (  0.0%)  Predicate analysis under a loop context
   0.0001 (  0.0%)   0.0000 (  0.0%)   0.0001 (  0.0%)   0.0001 (  0.0%)  Basic Alias Analysis (stateless AA impl)
   0.0001 (  0.0%)   0.0000 (  0.0%)   0.0001 (  0.0%)   0.0001 (  0.0%)  SROA
   0.0001 (  0.0%)   0.0000 (  0.0%)   0.0001 (  0.0%)   0.0001 (  0.0%)  Basic Alias Analysis (stateless AA impl)
   0.0001 (  0.0%)   0.0000 (  0.0%)   0.0001 (  0.0%)   0.0001 (  0.0%)  ShiftRegInference - Automatic Shift Register Inference
   0.0001 (  0.0%)   0.0000 (  0.0%)   0.0001 (  0.0%)   0.0001 (  0.0%)  Memory Dependence Analysis
   0.0001 (  0.0%)   0.0000 (  0.0%)   0.0001 (  0.0%)   0.0001 (  0.0%)  Scalar Evolution Analysis
   0.0001 (  0.0%)   0.0000 (  0.0%)   0.0001 (  0.0%)   0.0001 (  0.0%)  Memory Dependence Analysis
   0.0001 (  0.0%)   0.0000 (  0.0%)   0.0001 (  0.0%)   0.0001 (  0.0%)  Basic Alias Analysis (stateless AA impl)
   0.0001 (  0.0%)   0.0000 (  0.0%)   0.0001 (  0.0%)   0.0001 (  0.0%)  CallGraph Construction
   0.0001 (  0.0%)   0.0000 (  0.0%)   0.0001 (  0.0%)   0.0001 (  0.0%)  Basic Alias Analysis (stateless AA impl)
   0.0001 (  0.0%)   0.0000 (  0.0%)   0.0001 (  0.0%)   0.0001 (  0.0%)  Scalar Evolution Canonicalization
   0.0001 (  0.0%)   0.0000 (  0.0%)   0.0001 (  0.0%)   0.0001 (  0.0%)  Scalar Evolution Analysis
   0.0001 (  0.0%)   0.0000 (  0.0%)   0.0001 (  0.0%)   0.0001 (  0.0%)  Infer set function attributes
   0.0001 (  0.0%)   0.0000 (  0.0%)   0.0001 (  0.0%)   0.0001 (  0.0%)  Basic Alias Analysis (stateless AA impl)
   0.0001 (  0.0%)   0.0000 (  0.0%)   0.0001 (  0.0%)   0.0001 (  0.0%)  Memory Dependence Analysis
   0.0001 (  0.0%)   0.0000 (  0.0%)   0.0001 (  0.0%)   0.0001 (  0.0%)  Lazy Value Information Analysis
   0.0001 (  0.0%)   0.0000 (  0.0%)   0.0001 (  0.0%)   0.0001 (  0.0%)  Scalar Evolution Canonicalization
   0.0001 (  0.0%)   0.0000 (  0.0%)   0.0001 (  0.0%)   0.0001 (  0.0%)  Basic Alias Analysis (stateless AA impl)
   0.0001 (  0.0%)   0.0000 (  0.0%)   0.0001 (  0.0%)   0.0001 (  0.0%)  CallGraph Construction
   0.0001 (  0.0%)   0.0000 (  0.0%)   0.0001 (  0.0%)   0.0001 (  0.0%)  Memory Dependence Analysis
   0.0001 (  0.0%)   0.0000 (  0.0%)   0.0001 (  0.0%)   0.0001 (  0.0%)  Memory Dependence Analysis
   0.0001 (  0.0%)   0.0000 (  0.0%)   0.0001 (  0.0%)   0.0001 (  0.0%)  Basic Alias Analysis (stateless AA impl)
   0.0001 (  0.0%)   0.0000 (  0.0%)   0.0001 (  0.0%)   0.0001 (  0.0%)  Basic Alias Analysis (stateless AA impl)
   0.0001 (  0.0%)   0.0000 (  0.0%)   0.0001 (  0.0%)   0.0001 (  0.0%)  Basic Alias Analysis (stateless AA impl)
   0.0001 (  0.0%)   0.0000 (  0.0%)   0.0001 (  0.0%)   0.0001 (  0.0%)  Memory Dependence Analysis
   0.0001 (  0.0%)   0.0000 (  0.0%)   0.0001 (  0.0%)   0.0001 (  0.0%)  Scalar Evolution Analysis
   0.0001 (  0.0%)   0.0000 (  0.0%)   0.0001 (  0.0%)   0.0001 (  0.0%)  Basic Alias Analysis (stateless AA impl)
   0.0001 (  0.0%)   0.0000 (  0.0%)   0.0001 (  0.0%)   0.0001 (  0.0%)  Promote Memory to Register
   0.0001 (  0.0%)   0.0000 (  0.0%)   0.0001 (  0.0%)   0.0001 (  0.0%)  Memory Dependence Analysis
   0.0001 (  0.0%)   0.0000 (  0.0%)   0.0001 (  0.0%)   0.0001 (  0.0%)  Memory Dependence Analysis
   0.0001 (  0.0%)   0.0000 (  0.0%)   0.0001 (  0.0%)   0.0001 (  0.0%)  Lazy Branch Probability Analysis
   0.0001 (  0.0%)   0.0000 (  0.0%)   0.0001 (  0.0%)   0.0001 (  0.0%)  Dead Global Elimination
   0.0001 (  0.0%)   0.0000 (  0.0%)   0.0001 (  0.0%)   0.0001 (  0.0%)  Basic Alias Analysis (stateless AA impl)
   0.0001 (  0.0%)   0.0000 (  0.0%)   0.0001 (  0.0%)   0.0001 (  0.0%)  ScalarEvolution-based Alias Analysis
   0.0001 (  0.0%)   0.0000 (  0.0%)   0.0001 (  0.0%)   0.0001 (  0.0%)  Lazy Branch Probability Analysis
   0.0001 (  0.0%)   0.0000 (  0.0%)   0.0001 (  0.0%)   0.0001 (  0.0%)  Scalar Evolution Analysis
   0.0001 (  0.0%)   0.0000 (  0.0%)   0.0001 (  0.0%)   0.0001 (  0.0%)  Lazy Value Information Analysis
   0.0001 (  0.0%)   0.0000 (  0.0%)   0.0001 (  0.0%)   0.0001 (  0.0%)  Optimization Remark Emitter
   0.0000 (  0.0%)   0.0000 (  0.0%)   0.0001 (  0.0%)   0.0001 (  0.0%)  Lazy Value Information Analysis
   0.0001 (  0.0%)   0.0000 (  0.0%)   0.0001 (  0.0%)   0.0001 (  0.0%)  Basic Alias Analysis (stateless AA impl)
   0.0001 (  0.0%)   0.0000 (  0.0%)   0.0001 (  0.0%)   0.0001 (  0.0%)  Lazy Branch Probability Analysis
   0.0001 (  0.0%)   0.0000 (  0.0%)   0.0001 (  0.0%)   0.0001 (  0.0%)  Basic Alias Analysis (stateless AA impl)
   0.0001 (  0.0%)   0.0000 (  0.0%)   0.0001 (  0.0%)   0.0001 (  0.0%)  Lazy Branch Probability Analysis
   0.0001 (  0.0%)   0.0000 (  0.0%)   0.0001 (  0.0%)   0.0001 (  0.0%)  Memory Dependence Analysis
   0.0001 (  0.0%)   0.0000 (  0.0%)   0.0001 (  0.0%)   0.0001 (  0.0%)  Lazy Branch Probability Analysis
   0.0001 (  0.0%)   0.0000 (  0.0%)   0.0001 (  0.0%)   0.0001 (  0.0%)  Scalar Evolution Analysis
   0.0001 (  0.0%)   0.0000 (  0.0%)   0.0001 (  0.0%)   0.0001 (  0.0%)  Scalar Evolution Canonicalization
   0.0001 (  0.0%)   0.0000 (  0.0%)   0.0001 (  0.0%)   0.0001 (  0.0%)  Lazy Value Information Analysis
   0.0001 (  0.0%)   0.0000 (  0.0%)   0.0001 (  0.0%)   0.0001 (  0.0%)  Lazy Branch Probability Analysis
   0.0001 (  0.0%)   0.0000 (  0.0%)   0.0001 (  0.0%)   0.0001 (  0.0%)  Promote Memory to Register
   0.0001 (  0.0%)   0.0000 (  0.0%)   0.0001 (  0.0%)   0.0001 (  0.0%)  Lazy Branch Probability Analysis
   0.0001 (  0.0%)   0.0000 (  0.0%)   0.0001 (  0.0%)   0.0001 (  0.0%)  Optimization Remark Emitter
   0.0001 (  0.0%)   0.0000 (  0.0%)   0.0001 (  0.0%)   0.0001 (  0.0%)  Memory Dependence Analysis
   0.0001 (  0.0%)   0.0000 (  0.0%)   0.0001 (  0.0%)   0.0001 (  0.0%)  Memory Dependence Analysis
   0.0001 (  0.0%)   0.0000 (  0.0%)   0.0001 (  0.0%)   0.0001 (  0.0%)  Lazy Branch Probability Analysis
   0.0000 (  0.0%)   0.0000 (  0.0%)   0.0001 (  0.0%)   0.0001 (  0.0%)  Basic Alias Analysis (stateless AA impl)
   0.0000 (  0.0%)   0.0000 (  0.0%)   0.0001 (  0.0%)   0.0001 (  0.0%)  Scalar Evolution Canonicalization
   0.0001 (  0.0%)   0.0000 (  0.0%)   0.0001 (  0.0%)   0.0001 (  0.0%)  Memory Dependence Analysis
   0.0001 (  0.0%)   0.0000 (  0.0%)   0.0001 (  0.0%)   0.0001 (  0.0%)  Lazy Branch Probability Analysis
   0.0001 (  0.0%)   0.0000 (  0.0%)   0.0001 (  0.0%)   0.0001 (  0.0%)  Memory Dependence Analysis
   0.0001 (  0.0%)   0.0000 (  0.0%)   0.0001 (  0.0%)   0.0001 (  0.0%)  Promote Memory to Register
   0.0001 (  0.0%)   0.0000 (  0.0%)   0.0001 (  0.0%)   0.0001 (  0.0%)  Lazy Branch Probability Analysis
   0.0001 (  0.0%)   0.0000 (  0.0%)   0.0001 (  0.0%)   0.0001 (  0.0%)  Basic Alias Analysis (stateless AA impl)
   0.0001 (  0.0%)   0.0000 (  0.0%)   0.0001 (  0.0%)   0.0001 (  0.0%)  Dead Global Elimination
   0.0001 (  0.0%)   0.0000 (  0.0%)   0.0001 (  0.0%)   0.0001 (  0.0%)  Scalar Evolution Canonicalization
   0.0001 (  0.0%)   0.0000 (  0.0%)   0.0001 (  0.0%)   0.0001 (  0.0%)  Optimization Remark Emitter
   0.0001 (  0.0%)   0.0000 (  0.0%)   0.0001 (  0.0%)   0.0001 (  0.0%)  ScalarEvolution-based Alias Analysis
   0.0001 (  0.0%)   0.0000 (  0.0%)   0.0001 (  0.0%)   0.0001 (  0.0%)  Memory Dependence Analysis
   0.0001 (  0.0%)   0.0000 (  0.0%)   0.0001 (  0.0%)   0.0001 (  0.0%)  Lazy Branch Probability Analysis
   0.0001 (  0.0%)   0.0000 (  0.0%)   0.0001 (  0.0%)   0.0001 (  0.0%)  Transform SSA value on top function to variable with pointer type
   0.0001 (  0.0%)   0.0000 (  0.0%)   0.0001 (  0.0%)   0.0001 (  0.0%)  Lazy Branch Probability Analysis
   0.0001 (  0.0%)   0.0000 (  0.0%)   0.0001 (  0.0%)   0.0001 (  0.0%)  Lazy Block Frequency Analysis
   0.0001 (  0.0%)   0.0000 (  0.0%)   0.0001 (  0.0%)   0.0001 (  0.0%)  Lazy Branch Probability Analysis
   0.0001 (  0.0%)   0.0000 (  0.0%)   0.0001 (  0.0%)   0.0001 (  0.0%)  ScalarEvolution-based Alias Analysis
   0.0001 (  0.0%)   0.0000 (  0.0%)   0.0001 (  0.0%)   0.0001 (  0.0%)  Scalar Evolution Analysis
   0.0001 (  0.0%)   0.0000 (  0.0%)   0.0001 (  0.0%)   0.0001 (  0.0%)  Analyze occurrence information
   0.0001 (  0.0%)   0.0000 (  0.0%)   0.0001 (  0.0%)   0.0001 (  0.0%)  Lazy Branch Probability Analysis
   0.0001 (  0.0%)   0.0000 (  0.0%)   0.0001 (  0.0%)   0.0001 (  0.0%)  Rotate Loops
   0.0001 (  0.0%)   0.0000 (  0.0%)   0.0001 (  0.0%)   0.0001 (  0.0%)  Lazy Block Frequency Analysis
   0.0001 (  0.0%)   0.0000 (  0.0%)   0.0001 (  0.0%)   0.0001 (  0.0%)  Optimization Remark Emitter
   0.0001 (  0.0%)   0.0000 (  0.0%)   0.0001 (  0.0%)   0.0001 (  0.0%)  Optimization Remark Emitter
   0.0001 (  0.0%)   0.0000 (  0.0%)   0.0001 (  0.0%)   0.0001 (  0.0%)  Dead Global Elimination
   0.0001 (  0.0%)   0.0000 (  0.0%)   0.0001 (  0.0%)   0.0001 (  0.0%)  Lazy Value Information Analysis
   0.0001 (  0.0%)   0.0000 (  0.0%)   0.0001 (  0.0%)   0.0001 (  0.0%)  Lazy Branch Probability Analysis
   0.0001 (  0.0%)   0.0000 (  0.0%)   0.0001 (  0.0%)   0.0001 (  0.0%)  Optimization Remark Emitter
   0.0001 (  0.0%)   0.0000 (  0.0%)   0.0001 (  0.0%)   0.0001 (  0.0%)  Optimization Remark Emitter
   0.0001 (  0.0%)   0.0000 (  0.0%)   0.0001 (  0.0%)   0.0001 (  0.0%)  Lazy Branch Probability Analysis
   0.0001 (  0.0%)   0.0000 (  0.0%)   0.0001 (  0.0%)   0.0001 (  0.0%)  Optimization Remark Emitter
   0.0001 (  0.0%)   0.0000 (  0.0%)   0.0001 (  0.0%)   0.0001 (  0.0%)  Lazy Branch Probability Analysis
   0.0001 (  0.0%)   0.0000 (  0.0%)   0.0001 (  0.0%)   0.0001 (  0.0%)  Optimization Remark Emitter
   0.0001 (  0.0%)   0.0000 (  0.0%)   0.0001 (  0.0%)   0.0001 (  0.0%)  Lazy Value Information Analysis
   0.0001 (  0.0%)   0.0000 (  0.0%)   0.0001 (  0.0%)   0.0001 (  0.0%)  Scalar Evolution Canonicalization
   0.0001 (  0.0%)   0.0000 (  0.0%)   0.0001 (  0.0%)   0.0001 (  0.0%)  Lazy Value Information Analysis
   0.0001 (  0.0%)   0.0000 (  0.0%)   0.0001 (  0.0%)   0.0001 (  0.0%)  Optimization Remark Emitter
   0.0001 (  0.0%)   0.0000 (  0.0%)   0.0001 (  0.0%)   0.0001 (  0.0%)  Lazy Block Frequency Analysis
   0.0001 (  0.0%)   0.0000 (  0.0%)   0.0001 (  0.0%)   0.0001 (  0.0%)  Lazy Branch Probability Analysis
   0.0001 (  0.0%)   0.0000 (  0.0%)   0.0001 (  0.0%)   0.0001 (  0.0%)  Optimization Remark Emitter
   0.0001 (  0.0%)   0.0000 (  0.0%)   0.0001 (  0.0%)   0.0001 (  0.0%)  Optimization Remark Emitter
   0.0001 (  0.0%)   0.0000 (  0.0%)   0.0001 (  0.0%)   0.0001 (  0.0%)  Lazy Branch Probability Analysis
   0.0001 (  0.0%)   0.0000 (  0.0%)   0.0001 (  0.0%)   0.0001 (  0.0%)  Dependence Analysis
   0.0001 (  0.0%)   0.0000 (  0.0%)   0.0001 (  0.0%)   0.0001 (  0.0%)  Scalar Evolution Analysis
   0.0001 (  0.0%)   0.0000 (  0.0%)   0.0001 (  0.0%)   0.0001 (  0.0%)  ScalarEvolution-based Alias Analysis
   0.0001 (  0.0%)   0.0000 (  0.0%)   0.0001 (  0.0%)   0.0001 (  0.0%)  Optimization Remark Emitter
   0.0001 (  0.0%)   0.0000 (  0.0%)   0.0001 (  0.0%)   0.0001 (  0.0%)  Optimization Remark Emitter
   0.0001 (  0.0%)   0.0000 (  0.0%)   0.0001 (  0.0%)   0.0001 (  0.0%)  Lazy Block Frequency Analysis
   0.0001 (  0.0%)   0.0000 (  0.0%)   0.0001 (  0.0%)   0.0001 (  0.0%)  Lazy Value Information Analysis
   0.0001 (  0.0%)   0.0000 (  0.0%)   0.0001 (  0.0%)   0.0001 (  0.0%)  Scalar Evolution Canonicalization
   0.0001 (  0.0%)   0.0000 (  0.0%)   0.0001 (  0.0%)   0.0001 (  0.0%)  Basic Alias Analysis (stateless AA impl)
   0.0001 (  0.0%)   0.0000 (  0.0%)   0.0001 (  0.0%)   0.0001 (  0.0%)  LCSSA Verifier
   0.0001 (  0.0%)   0.0000 (  0.0%)   0.0001 (  0.0%)   0.0001 (  0.0%)  Lazy Block Frequency Analysis
   0.0001 (  0.0%)   0.0000 (  0.0%)   0.0001 (  0.0%)   0.0001 (  0.0%)  Optimization Remark Emitter
   0.0001 (  0.0%)   0.0000 (  0.0%)   0.0001 (  0.0%)   0.0001 (  0.0%)  ScalarEvolution-based Alias Analysis
   0.0001 (  0.0%)   0.0000 (  0.0%)   0.0001 (  0.0%)   0.0001 (  0.0%)  Lazy Value Information Analysis
   0.0001 (  0.0%)   0.0000 (  0.0%)   0.0001 (  0.0%)   0.0001 (  0.0%)  Delete dead loops
   0.0001 (  0.0%)   0.0000 (  0.0%)   0.0001 (  0.0%)   0.0001 (  0.0%)  Critical Path Aanlysis
   0.0001 (  0.0%)   0.0000 (  0.0%)   0.0001 (  0.0%)   0.0001 (  0.0%)  Lazy Branch Probability Analysis
   0.0001 (  0.0%)   0.0000 (  0.0%)   0.0001 (  0.0%)   0.0001 (  0.0%)  Promote Memory to Register
   0.0001 (  0.0%)   0.0000 (  0.0%)   0.0001 (  0.0%)   0.0001 (  0.0%)  Lazy Block Frequency Analysis
   0.0001 (  0.0%)   0.0000 (  0.0%)   0.0001 (  0.0%)   0.0001 (  0.0%)  ScalarEvolution-based Alias Analysis
   0.0001 (  0.0%)   0.0000 (  0.0%)   0.0001 (  0.0%)   0.0001 (  0.0%)  Lazy Block Frequency Analysis
   0.0001 (  0.0%)   0.0000 (  0.0%)   0.0001 (  0.0%)   0.0001 (  0.0%)  Lazy Block Frequency Analysis
   0.0001 (  0.0%)   0.0000 (  0.0%)   0.0001 (  0.0%)   0.0001 (  0.0%)  Optimization Remark Emitter
   0.0001 (  0.0%)   0.0000 (  0.0%)   0.0001 (  0.0%)   0.0001 (  0.0%)  Lazy Branch Probability Analysis
   0.0001 (  0.0%)   0.0000 (  0.0%)   0.0001 (  0.0%)   0.0001 (  0.0%)  Lazy Block Frequency Analysis
   0.0001 (  0.0%)   0.0000 (  0.0%)   0.0001 (  0.0%)   0.0001 (  0.0%)  Scalar Evolution Canonicalization
   0.0001 (  0.0%)   0.0000 (  0.0%)   0.0001 (  0.0%)   0.0001 (  0.0%)  Optimization Remark Emitter
   0.0001 (  0.0%)   0.0000 (  0.0%)   0.0001 (  0.0%)   0.0001 (  0.0%)  Entirety access check on array-to-stream
   0.0001 (  0.0%)   0.0000 (  0.0%)   0.0001 (  0.0%)   0.0001 (  0.0%)  Optimization Remark Emitter
   0.0000 (  0.0%)   0.0000 (  0.0%)   0.0001 (  0.0%)   0.0001 (  0.0%)  InterfaceCheck - Check Interface
   0.0001 (  0.0%)   0.0000 (  0.0%)   0.0001 (  0.0%)   0.0001 (  0.0%)  ScalarEvolution-based Alias Analysis
   0.0001 (  0.0%)   0.0000 (  0.0%)   0.0001 (  0.0%)   0.0001 (  0.0%)  ScalarEvolution-based Alias Analysis
   0.0001 (  0.0%)   0.0000 (  0.0%)   0.0001 (  0.0%)   0.0001 (  0.0%)  Optimization Remark Emitter
   0.0001 (  0.0%)   0.0000 (  0.0%)   0.0001 (  0.0%)   0.0001 (  0.0%)  Lazy Branch Probability Analysis
   0.0001 (  0.0%)   0.0000 (  0.0%)   0.0001 (  0.0%)   0.0001 (  0.0%)  Basic Alias Analysis (stateless AA impl)
   0.0001 (  0.0%)   0.0000 (  0.0%)   0.0001 (  0.0%)   0.0001 (  0.0%)  Optimization Remark Emitter
   0.0001 (  0.0%)   0.0000 (  0.0%)   0.0001 (  0.0%)   0.0001 (  0.0%)  Optimization Remark Emitter
   0.0001 (  0.0%)   0.0000 (  0.0%)   0.0001 (  0.0%)   0.0001 (  0.0%)  ScalarEvolution-based Alias Analysis
   0.0001 (  0.0%)   0.0000 (  0.0%)   0.0001 (  0.0%)   0.0001 (  0.0%)  Lazy Block Frequency Analysis
   0.0000 (  0.0%)   0.0000 (  0.0%)   0.0001 (  0.0%)   0.0001 (  0.0%)  Optimization Remark Emitter
   0.0001 (  0.0%)   0.0000 (  0.0%)   0.0001 (  0.0%)   0.0001 (  0.0%)  Critical Path Aanlysis
   0.0001 (  0.0%)   0.0000 (  0.0%)   0.0001 (  0.0%)   0.0001 (  0.0%)  Lazy Block Frequency Analysis
   0.0000 (  0.0%)   0.0000 (  0.0%)   0.0001 (  0.0%)   0.0001 (  0.0%)  Optimization Remark Emitter
   0.0001 (  0.0%)   0.0000 (  0.0%)   0.0001 (  0.0%)   0.0001 (  0.0%)  CallGraph Construction
   0.0001 (  0.0%)   0.0000 (  0.0%)   0.0001 (  0.0%)   0.0001 (  0.0%)  Memory Dependence Analysis
   0.0001 (  0.0%)   0.0000 (  0.0%)   0.0001 (  0.0%)   0.0001 (  0.0%)  Lazy Block Frequency Analysis
   0.0000 (  0.0%)   0.0000 (  0.0%)   0.0001 (  0.0%)   0.0001 (  0.0%)  Lazy Branch Probability Analysis
   0.0001 (  0.0%)   0.0000 (  0.0%)   0.0001 (  0.0%)   0.0001 (  0.0%)  Optimization Remark Emitter
   0.0000 (  0.0%)   0.0000 (  0.0%)   0.0001 (  0.0%)   0.0001 (  0.0%)  Lazy Block Frequency Analysis
   0.0000 (  0.0%)   0.0000 (  0.0%)   0.0001 (  0.0%)   0.0001 (  0.0%)  Lazy Block Frequency Analysis
   0.0001 (  0.0%)   0.0000 (  0.0%)   0.0001 (  0.0%)   0.0001 (  0.0%)  Lazy Block Frequency Analysis
   0.0001 (  0.0%)   0.0000 (  0.0%)   0.0001 (  0.0%)   0.0001 (  0.0%)  Dead Global Elimination
   0.0001 (  0.0%)   0.0000 (  0.0%)   0.0001 (  0.0%)   0.0001 (  0.0%)  Optimization Remark Emitter
   0.0001 (  0.0%)   0.0000 (  0.0%)   0.0001 (  0.0%)   0.0001 (  0.0%)  Optimization Remark Emitter
   0.0001 (  0.0%)   0.0000 (  0.0%)   0.0001 (  0.0%)   0.0001 (  0.0%)  LCSSA Verifier
   0.0001 (  0.0%)   0.0000 (  0.0%)   0.0001 (  0.0%)   0.0001 (  0.0%)  Scalar Evolution Analysis
   0.0001 (  0.0%)   0.0000 (  0.0%)   0.0001 (  0.0%)   0.0001 (  0.0%)  Optimization Remark Emitter
   0.0001 (  0.0%)   0.0000 (  0.0%)   0.0001 (  0.0%)   0.0001 (  0.0%)  LayoutTransform - Layout Transform Pragma Analysis
   0.0001 (  0.0%)   0.0000 (  0.0%)   0.0001 (  0.0%)   0.0001 (  0.0%)  Optimization Remark Emitter
   0.0001 (  0.0%)   0.0000 (  0.0%)   0.0001 (  0.0%)   0.0001 (  0.0%)  Lazy Block Frequency Analysis
   0.0001 (  0.0%)   0.0000 (  0.0%)   0.0001 (  0.0%)   0.0001 (  0.0%)  LCSSA Verifier
   0.0000 (  0.0%)   0.0000 (  0.0%)   0.0001 (  0.0%)   0.0001 (  0.0%)  Optimization Remark Emitter
   0.0000 (  0.0%)   0.0000 (  0.0%)   0.0001 (  0.0%)   0.0001 (  0.0%)  Lazy Block Frequency Analysis
   0.0000 (  0.0%)   0.0000 (  0.0%)   0.0001 (  0.0%)   0.0001 (  0.0%)  Lazy Block Frequency Analysis
   0.0001 (  0.0%)   0.0000 (  0.0%)   0.0001 (  0.0%)   0.0001 (  0.0%)  CallGraph Construction
   0.0001 (  0.0%)   0.0000 (  0.0%)   0.0001 (  0.0%)   0.0001 (  0.0%)  Optimization Remark Emitter
   0.0001 (  0.0%)   0.0000 (  0.0%)   0.0001 (  0.0%)   0.0001 (  0.0%)  Basic Alias Analysis (stateless AA impl)
   0.0001 (  0.0%)   0.0000 (  0.0%)   0.0001 (  0.0%)   0.0001 (  0.0%)  Memory Dependence Analysis
   0.0001 (  0.0%)   0.0000 (  0.0%)   0.0001 (  0.0%)   0.0001 (  0.0%)  Memory Dependence Analysis
   0.0001 (  0.0%)   0.0000 (  0.0%)   0.0001 (  0.0%)   0.0001 (  0.0%)  Lazy Block Frequency Analysis
   0.0001 (  0.0%)   0.0000 (  0.0%)   0.0001 (  0.0%)   0.0001 (  0.0%)  Memory Dependence Analysis
   0.0001 (  0.0%)   0.0000 (  0.0%)   0.0001 (  0.0%)   0.0001 (  0.0%)  Lazy Block Frequency Analysis
   0.0000 (  0.0%)   0.0000 (  0.0%)   0.0001 (  0.0%)   0.0001 (  0.0%)  Optimization Remark Emitter
   0.0001 (  0.0%)   0.0000 (  0.0%)   0.0001 (  0.0%)   0.0001 (  0.0%)  Memory Dependence Analysis
   0.0000 (  0.0%)   0.0000 (  0.0%)   0.0001 (  0.0%)   0.0001 (  0.0%)  Memory Dependence Analysis
   0.0001 (  0.0%)   0.0000 (  0.0%)   0.0001 (  0.0%)   0.0001 (  0.0%)  LCSSA Verifier
   0.0000 (  0.0%)   0.0000 (  0.0%)   0.0001 (  0.0%)   0.0001 (  0.0%)  Scalar Evolution Analysis
   0.0001 (  0.0%)   0.0000 (  0.0%)   0.0001 (  0.0%)   0.0001 (  0.0%)  Memory Dependence Analysis
   0.0000 (  0.0%)   0.0001 (  0.0%)   0.0001 (  0.0%)   0.0001 (  0.0%)  CallGraph Construction
   0.0000 (  0.0%)   0.0000 (  0.0%)   0.0001 (  0.0%)   0.0001 (  0.0%)  Lazy Branch Probability Analysis
   0.0001 (  0.0%)   0.0000 (  0.0%)   0.0001 (  0.0%)   0.0001 (  0.0%)  LCSSA Verifier
   0.0000 (  0.0%)   0.0000 (  0.0%)   0.0001 (  0.0%)   0.0001 (  0.0%)  Scalar Evolution Analysis
   0.0001 (  0.0%)   0.0000 (  0.0%)   0.0001 (  0.0%)   0.0001 (  0.0%)  Basic Alias Analysis (stateless AA impl)
   0.0000 (  0.0%)   0.0000 (  0.0%)   0.0001 (  0.0%)   0.0001 (  0.0%)  Memory Dependence Analysis
   0.0001 (  0.0%)   0.0000 (  0.0%)   0.0001 (  0.0%)   0.0001 (  0.0%)  Lazy Block Frequency Analysis
   0.0001 (  0.0%)   0.0000 (  0.0%)   0.0001 (  0.0%)   0.0001 (  0.0%)  Memory Dependence Analysis
   0.0001 (  0.0%)   0.0000 (  0.0%)   0.0001 (  0.0%)   0.0001 (  0.0%)  Scalar Evolution Analysis
   0.0001 (  0.0%)   0.0000 (  0.0%)   0.0001 (  0.0%)   0.0001 (  0.0%)  Lazy Block Frequency Analysis
   0.0001 (  0.0%)   0.0000 (  0.0%)   0.0001 (  0.0%)   0.0001 (  0.0%)  Lazy Value Information Analysis
   0.0001 (  0.0%)   0.0000 (  0.0%)   0.0001 (  0.0%)   0.0001 (  0.0%)  Lazy Value Information Analysis
   0.0000 (  0.0%)   0.0000 (  0.0%)   0.0001 (  0.0%)   0.0001 (  0.0%)  Memory Dependence Analysis
   0.0000 (  0.0%)   0.0000 (  0.0%)   0.0001 (  0.0%)   0.0001 (  0.0%)  Lazy Branch Probability Analysis
   0.0001 (  0.0%)   0.0000 (  0.0%)   0.0001 (  0.0%)   0.0001 (  0.0%)  Memory Dependence Analysis
   0.0001 (  0.0%)   0.0000 (  0.0%)   0.0001 (  0.0%)   0.0001 (  0.0%)  Inline sub function calls recursively
   0.0001 (  0.0%)   0.0000 (  0.0%)   0.0001 (  0.0%)   0.0001 (  0.0%)  LCSSA Verifier
   0.0000 (  0.0%)   0.0000 (  0.0%)   0.0001 (  0.0%)   0.0001 (  0.0%)  Basic Alias Analysis (stateless AA impl)
   0.0001 (  0.0%)   0.0000 (  0.0%)   0.0001 (  0.0%)   0.0001 (  0.0%)  Simplify loop CFG
   0.0000 (  0.0%)   0.0000 (  0.0%)   0.0000 (  0.0%)   0.0001 (  0.0%)  Basic Alias Analysis (stateless AA impl)
   0.0001 (  0.0%)   0.0000 (  0.0%)   0.0001 (  0.0%)   0.0001 (  0.0%)  Basic Alias Analysis (stateless AA impl)
   0.0001 (  0.0%)   0.0000 (  0.0%)   0.0001 (  0.0%)   0.0001 (  0.0%)  Memory Dependence Analysis
   0.0000 (  0.0%)   0.0000 (  0.0%)   0.0001 (  0.0%)   0.0001 (  0.0%)  Lazy Value Information Analysis
   0.0001 (  0.0%)   0.0000 (  0.0%)   0.0001 (  0.0%)   0.0001 (  0.0%)  Memory Dependence Analysis
   0.0001 (  0.0%)   0.0000 (  0.0%)   0.0001 (  0.0%)   0.0001 (  0.0%)  Optimization Remark Emitter
   0.0000 (  0.0%)   0.0000 (  0.0%)   0.0001 (  0.0%)   0.0001 (  0.0%)  Lazy Value Information Analysis
   0.0000 (  0.0%)   0.0000 (  0.0%)   0.0001 (  0.0%)   0.0001 (  0.0%)  Basic Alias Analysis (stateless AA impl)
   0.0001 (  0.0%)   0.0000 (  0.0%)   0.0001 (  0.0%)   0.0001 (  0.0%)  ScalarEvolution-based Alias Analysis
   0.0000 (  0.0%)   0.0000 (  0.0%)   0.0001 (  0.0%)   0.0001 (  0.0%)  Basic Alias Analysis (stateless AA impl)
   0.0000 (  0.0%)   0.0000 (  0.0%)   0.0001 (  0.0%)   0.0001 (  0.0%)  Lazy Value Information Analysis
   0.0001 (  0.0%)   0.0000 (  0.0%)   0.0001 (  0.0%)   0.0001 (  0.0%)  ArrayReshape - Reshape Arrays into Wider Arrays
   0.0000 (  0.0%)   0.0000 (  0.0%)   0.0001 (  0.0%)   0.0001 (  0.0%)  Memory Dependence Analysis
   0.0000 (  0.0%)   0.0000 (  0.0%)   0.0001 (  0.0%)   0.0001 (  0.0%)  Basic Alias Analysis (stateless AA impl)
   0.0001 (  0.0%)   0.0000 (  0.0%)   0.0001 (  0.0%)   0.0001 (  0.0%)  Scalar Evolution Canonicalization
   0.0000 (  0.0%)   0.0000 (  0.0%)   0.0001 (  0.0%)   0.0001 (  0.0%)  Basic Alias Analysis (stateless AA impl)
   0.0001 (  0.0%)   0.0000 (  0.0%)   0.0001 (  0.0%)   0.0001 (  0.0%)  Memory Dependence Analysis
   0.0000 (  0.0%)   0.0000 (  0.0%)   0.0001 (  0.0%)   0.0001 (  0.0%)  Lazy Branch Probability Analysis
   0.0000 (  0.0%)   0.0000 (  0.0%)   0.0001 (  0.0%)   0.0001 (  0.0%)  Lazy Value Information Analysis
   0.0000 (  0.0%)   0.0000 (  0.0%)   0.0000 (  0.0%)   0.0001 (  0.0%)  Optimization Remark Emitter
   0.0000 (  0.0%)   0.0000 (  0.0%)   0.0000 (  0.0%)   0.0001 (  0.0%)  Lazy Branch Probability Analysis
   0.0001 (  0.0%)   0.0000 (  0.0%)   0.0001 (  0.0%)   0.0001 (  0.0%)  Optimization Remark Emitter
   0.0001 (  0.0%)   0.0000 (  0.0%)   0.0001 (  0.0%)   0.0001 (  0.0%)  Outline pipeline stages
   0.0000 (  0.0%)   0.0000 (  0.0%)   0.0001 (  0.0%)   0.0001 (  0.0%)  Scalar Evolution Canonicalization
   0.0001 (  0.0%)   0.0000 (  0.0%)   0.0001 (  0.0%)   0.0001 (  0.0%)  Basic Alias Analysis (stateless AA impl)
   0.0000 (  0.0%)   0.0000 (  0.0%)   0.0001 (  0.0%)   0.0001 (  0.0%)  Basic Alias Analysis (stateless AA impl)
   0.0001 (  0.0%)   0.0000 (  0.0%)   0.0001 (  0.0%)   0.0001 (  0.0%)  Basic Alias Analysis (stateless AA impl)
   0.0000 (  0.0%)   0.0000 (  0.0%)   0.0001 (  0.0%)   0.0001 (  0.0%)  Memory Dependence Analysis
   0.0000 (  0.0%)   0.0000 (  0.0%)   0.0001 (  0.0%)   0.0001 (  0.0%)  Basic Alias Analysis (stateless AA impl)
   0.0001 (  0.0%)   0.0000 (  0.0%)   0.0001 (  0.0%)   0.0001 (  0.0%)  Memory Dependence Analysis
   0.0001 (  0.0%)   0.0000 (  0.0%)   0.0001 (  0.0%)   0.0001 (  0.0%)  Infer direct input/output accesses
   0.0000 (  0.0%)   0.0000 (  0.0%)   0.0001 (  0.0%)   0.0001 (  0.0%)  Lazy Value Information Analysis
   0.0000 (  0.0%)   0.0000 (  0.0%)   0.0001 (  0.0%)   0.0001 (  0.0%)  Lazy Branch Probability Analysis
   0.0000 (  0.0%)   0.0000 (  0.0%)   0.0000 (  0.0%)   0.0001 (  0.0%)  Memory Dependence Analysis
   0.0000 (  0.0%)   0.0000 (  0.0%)   0.0001 (  0.0%)   0.0001 (  0.0%)  Memory Dependence Analysis
   0.0000 (  0.0%)   0.0000 (  0.0%)   0.0000 (  0.0%)   0.0001 (  0.0%)  Scalar Evolution Canonicalization
   0.0001 (  0.0%)   0.0000 (  0.0%)   0.0001 (  0.0%)   0.0001 (  0.0%)  Basic Alias Analysis (stateless AA impl)
   0.0001 (  0.0%)   0.0000 (  0.0%)   0.0001 (  0.0%)   0.0001 (  0.0%)  Memory Dependence Analysis
   0.0001 (  0.0%)   0.0000 (  0.0%)   0.0001 (  0.0%)   0.0001 (  0.0%)  Scalar Evolution Analysis
   0.0001 (  0.0%)   0.0000 (  0.0%)   0.0001 (  0.0%)   0.0001 (  0.0%)  Memory Dependence Analysis
   0.0000 (  0.0%)   0.0000 (  0.0%)   0.0000 (  0.0%)   0.0001 (  0.0%)  Lazy Branch Probability Analysis
   0.0000 (  0.0%)   0.0000 (  0.0%)   0.0001 (  0.0%)   0.0001 (  0.0%)  Lazy Branch Probability Analysis
   0.0001 (  0.0%)   0.0000 (  0.0%)   0.0001 (  0.0%)   0.0001 (  0.0%)  Simplify loop CFG
   0.0000 (  0.0%)   0.0000 (  0.0%)   0.0001 (  0.0%)   0.0001 (  0.0%)  Memory Dependence Analysis
   0.0000 (  0.0%)   0.0000 (  0.0%)   0.0000 (  0.0%)   0.0001 (  0.0%)  Delete dead loops
   0.0000 (  0.0%)   0.0000 (  0.0%)   0.0001 (  0.0%)   0.0001 (  0.0%)  Memory Dependence Analysis
   0.0000 (  0.0%)   0.0000 (  0.0%)   0.0000 (  0.0%)   0.0001 (  0.0%)  Memory Dependence Analysis
   0.0000 (  0.0%)   0.0000 (  0.0%)   0.0001 (  0.0%)   0.0001 (  0.0%)  Lazy Value Information Analysis
   0.0000 (  0.0%)   0.0000 (  0.0%)   0.0001 (  0.0%)   0.0001 (  0.0%)  Lazy Branch Probability Analysis
   0.0000 (  0.0%)   0.0000 (  0.0%)   0.0000 (  0.0%)   0.0001 (  0.0%)  Optimization Remark Emitter
   0.0001 (  0.0%)   0.0000 (  0.0%)   0.0001 (  0.0%)   0.0001 (  0.0%)  Lazy Branch Probability Analysis
   0.0001 (  0.0%)   0.0000 (  0.0%)   0.0001 (  0.0%)   0.0001 (  0.0%)  Lazy Branch Probability Analysis
   0.0000 (  0.0%)   0.0000 (  0.0%)   0.0001 (  0.0%)   0.0001 (  0.0%)  Lazy Branch Probability Analysis
   0.0000 (  0.0%)   0.0000 (  0.0%)   0.0001 (  0.0%)   0.0001 (  0.0%)  Eliminate dead stores globally
   0.0001 (  0.0%)   0.0000 (  0.0%)   0.0001 (  0.0%)   0.0001 (  0.0%)  Struct object aggregation
   0.0000 (  0.0%)   0.0000 (  0.0%)   0.0000 (  0.0%)   0.0001 (  0.0%)  Optimization Remark Emitter
   0.0000 (  0.0%)   0.0000 (  0.0%)   0.0000 (  0.0%)   0.0001 (  0.0%)  Lazy Block Frequency Analysis
   0.0000 (  0.0%)   0.0000 (  0.0%)   0.0000 (  0.0%)   0.0001 (  0.0%)  Lazy Branch Probability Analysis
   0.0001 (  0.0%)   0.0000 (  0.0%)   0.0001 (  0.0%)   0.0001 (  0.0%)  Promote Memory to Register
   0.0000 (  0.0%)   0.0000 (  0.0%)   0.0001 (  0.0%)   0.0001 (  0.0%)  Lazy Branch Probability Analysis
   0.0000 (  0.0%)   0.0000 (  0.0%)   0.0001 (  0.0%)   0.0001 (  0.0%)  Lazy Branch Probability Analysis
   0.0000 (  0.0%)   0.0000 (  0.0%)   0.0001 (  0.0%)   0.0001 (  0.0%)  Lazy Branch Probability Analysis
   0.0000 (  0.0%)   0.0000 (  0.0%)   0.0000 (  0.0%)   0.0001 (  0.0%)  ScalarEvolution-based Alias Analysis
   0.0000 (  0.0%)   0.0000 (  0.0%)   0.0000 (  0.0%)   0.0001 (  0.0%)  Lazy Block Frequency Analysis
   0.0000 (  0.0%)   0.0000 (  0.0%)   0.0001 (  0.0%)   0.0001 (  0.0%)  Memory Dependence Analysis
   0.0000 (  0.0%)   0.0000 (  0.0%)   0.0000 (  0.0%)   0.0001 (  0.0%)  ScalarEvolution-based Alias Analysis
   0.0000 (  0.0%)   0.0000 (  0.0%)   0.0000 (  0.0%)   0.0001 (  0.0%)  Optimization Remark Emitter
   0.0000 (  0.0%)   0.0000 (  0.0%)   0.0000 (  0.0%)   0.0001 (  0.0%)  LCSSA Verifier
   0.0001 (  0.0%)   0.0000 (  0.0%)   0.0001 (  0.0%)   0.0001 (  0.0%)  Basic Alias Analysis (stateless AA impl)
   0.0000 (  0.0%)   0.0000 (  0.0%)   0.0000 (  0.0%)   0.0000 (  0.0%)  Lazy Branch Probability Analysis
   0.0000 (  0.0%)   0.0000 (  0.0%)   0.0000 (  0.0%)   0.0000 (  0.0%)  ScalarEvolution-based Alias Analysis
   0.0000 (  0.0%)   0.0000 (  0.0%)   0.0000 (  0.0%)   0.0000 (  0.0%)  Memory Dependence Analysis
   0.0000 (  0.0%)   0.0000 (  0.0%)   0.0001 (  0.0%)   0.0000 (  0.0%)  Lazy Branch Probability Analysis
   0.0000 (  0.0%)   0.0000 (  0.0%)   0.0000 (  0.0%)   0.0000 (  0.0%)  Optimization Remark Emitter
   0.0000 (  0.0%)   0.0000 (  0.0%)   0.0001 (  0.0%)   0.0000 (  0.0%)  Lazy Branch Probability Analysis
   0.0000 (  0.0%)   0.0000 (  0.0%)   0.0000 (  0.0%)   0.0000 (  0.0%)  Optimization Remark Emitter
   0.0000 (  0.0%)   0.0000 (  0.0%)   0.0000 (  0.0%)   0.0000 (  0.0%)  ScalarEvolution-based Alias Analysis
   0.0000 (  0.0%)   0.0000 (  0.0%)   0.0001 (  0.0%)   0.0000 (  0.0%)  Memory Dependence Analysis
   0.0000 (  0.0%)   0.0000 (  0.0%)   0.0000 (  0.0%)   0.0000 (  0.0%)  ScalarEvolution-based Alias Analysis
   0.0000 (  0.0%)   0.0000 (  0.0%)   0.0000 (  0.0%)   0.0000 (  0.0%)  Optimization Remark Emitter
   0.0000 (  0.0%)   0.0000 (  0.0%)   0.0000 (  0.0%)   0.0000 (  0.0%)  Promote Memory to Register
   0.0000 (  0.0%)   0.0000 (  0.0%)   0.0000 (  0.0%)   0.0000 (  0.0%)  Optimization Remark Emitter
   0.0000 (  0.0%)   0.0000 (  0.0%)   0.0000 (  0.0%)   0.0000 (  0.0%)  Memory Dependence Analysis
   0.0000 (  0.0%)   0.0000 (  0.0%)   0.0001 (  0.0%)   0.0000 (  0.0%)  Memory Dependence Analysis
   0.0000 (  0.0%)   0.0000 (  0.0%)   0.0000 (  0.0%)   0.0000 (  0.0%)  Lazy Branch Probability Analysis
   0.0000 (  0.0%)   0.0000 (  0.0%)   0.0001 (  0.0%)   0.0000 (  0.0%)  Lazy Branch Probability Analysis
   0.0000 (  0.0%)   0.0000 (  0.0%)   0.0000 (  0.0%)   0.0000 (  0.0%)  Normalize loop index
   0.0000 (  0.0%)   0.0000 (  0.0%)   0.0001 (  0.0%)   0.0000 (  0.0%)  LCSSA Verifier
   0.0000 (  0.0%)   0.0000 (  0.0%)   0.0000 (  0.0%)   0.0000 (  0.0%)  ScalarEvolution-based Alias Analysis
   0.0000 (  0.0%)   0.0000 (  0.0%)   0.0000 (  0.0%)   0.0000 (  0.0%)  verify cache pragmas
   0.0000 (  0.0%)   0.0000 (  0.0%)   0.0000 (  0.0%)   0.0000 (  0.0%)  Optimization Remark Emitter
   0.0000 (  0.0%)   0.0000 (  0.0%)   0.0000 (  0.0%)   0.0000 (  0.0%)  Optimization Remark Emitter
   0.0000 (  0.0%)   0.0000 (  0.0%)   0.0001 (  0.0%)   0.0000 (  0.0%)  Optimization Remark Emitter
   0.0000 (  0.0%)   0.0000 (  0.0%)   0.0000 (  0.0%)   0.0000 (  0.0%)  Function Alias Analysis Results
   0.0000 (  0.0%)   0.0000 (  0.0%)   0.0000 (  0.0%)   0.0000 (  0.0%)  Memory Dependence Analysis
   0.0000 (  0.0%)   0.0000 (  0.0%)   0.0000 (  0.0%)   0.0000 (  0.0%)  Basic Alias Analysis (stateless AA impl)
   0.0000 (  0.0%)   0.0000 (  0.0%)   0.0000 (  0.0%)   0.0000 (  0.0%)  Optimization Remark Emitter
   0.0000 (  0.0%)   0.0000 (  0.0%)   0.0000 (  0.0%)   0.0000 (  0.0%)  ScalarEvolution-based Alias Analysis
   0.0000 (  0.0%)   0.0000 (  0.0%)   0.0000 (  0.0%)   0.0000 (  0.0%)  Optimization Remark Emitter
   0.0000 (  0.0%)   0.0000 (  0.0%)   0.0000 (  0.0%)   0.0000 (  0.0%)  ScalarEvolution-based Alias Analysis
   0.0000 (  0.0%)   0.0000 (  0.0%)   0.0000 (  0.0%)   0.0000 (  0.0%)  Optimization Remark Emitter
   0.0000 (  0.0%)   0.0000 (  0.0%)   0.0000 (  0.0%)   0.0000 (  0.0%)  Basic Alias Analysis (stateless AA impl)
   0.0000 (  0.0%)   0.0000 (  0.0%)   0.0000 (  0.0%)   0.0000 (  0.0%)  Basic Alias Analysis (stateless AA impl)
   0.0000 (  0.0%)   0.0000 (  0.0%)   0.0000 (  0.0%)   0.0000 (  0.0%)  Scalar Evolution Analysis
   0.0000 (  0.0%)   0.0000 (  0.0%)   0.0000 (  0.0%)   0.0000 (  0.0%)  Memory Dependence Analysis
   0.0000 (  0.0%)   0.0000 (  0.0%)   0.0000 (  0.0%)   0.0000 (  0.0%)  Lazy Block Frequency Analysis
   0.0000 (  0.0%)   0.0000 (  0.0%)   0.0000 (  0.0%)   0.0000 (  0.0%)  Lazy Block Frequency Analysis
   0.0000 (  0.0%)   0.0000 (  0.0%)   0.0000 (  0.0%)   0.0000 (  0.0%)  Function Alias Analysis Results
   0.0000 (  0.0%)   0.0000 (  0.0%)   0.0000 (  0.0%)   0.0000 (  0.0%)  Lazy Value Information Analysis
   0.0000 (  0.0%)   0.0000 (  0.0%)   0.0001 (  0.0%)   0.0000 (  0.0%)  Memory Dependence Analysis
   0.0000 (  0.0%)   0.0000 (  0.0%)   0.0000 (  0.0%)   0.0000 (  0.0%)  Lazy Block Frequency Analysis
   0.0000 (  0.0%)   0.0000 (  0.0%)   0.0001 (  0.0%)   0.0000 (  0.0%)  Memory Dependence Analysis
   0.0000 (  0.0%)   0.0000 (  0.0%)   0.0000 (  0.0%)   0.0000 (  0.0%)  Lazy Block Frequency Analysis
   0.0000 (  0.0%)   0.0000 (  0.0%)   0.0000 (  0.0%)   0.0000 (  0.0%)  Lazy Block Frequency Analysis
   0.0000 (  0.0%)   0.0000 (  0.0%)   0.0000 (  0.0%)   0.0000 (  0.0%)  ScalarEvolution-based Alias Analysis
   0.0000 (  0.0%)   0.0000 (  0.0%)   0.0000 (  0.0%)   0.0000 (  0.0%)  Scalar Evolution Canonicalization
   0.0000 (  0.0%)   0.0000 (  0.0%)   0.0000 (  0.0%)   0.0000 (  0.0%)  Optimization Remark Emitter
   0.0000 (  0.0%)   0.0000 (  0.0%)   0.0000 (  0.0%)   0.0000 (  0.0%)  Memory Dependence Analysis
   0.0000 (  0.0%)   0.0000 (  0.0%)   0.0000 (  0.0%)   0.0000 (  0.0%)  Memory Dependence Analysis
   0.0000 (  0.0%)   0.0000 (  0.0%)   0.0000 (  0.0%)   0.0000 (  0.0%)  Lazy Block Frequency Analysis
   0.0000 (  0.0%)   0.0000 (  0.0%)   0.0000 (  0.0%)   0.0000 (  0.0%)  ScalarEvolution-based Alias Analysis
   0.0000 (  0.0%)   0.0000 (  0.0%)   0.0000 (  0.0%)   0.0000 (  0.0%)  Optimization Remark Emitter
   0.0000 (  0.0%)   0.0000 (  0.0%)   0.0000 (  0.0%)   0.0000 (  0.0%)  Lazy Block Frequency Analysis
   0.0000 (  0.0%)   0.0000 (  0.0%)   0.0000 (  0.0%)   0.0000 (  0.0%)  Optimization Remark Emitter
   0.0000 (  0.0%)   0.0000 (  0.0%)   0.0000 (  0.0%)   0.0000 (  0.0%)  Lazy Block Frequency Analysis
   0.0000 (  0.0%)   0.0000 (  0.0%)   0.0000 (  0.0%)   0.0000 (  0.0%)  Optimization Remark Emitter
   0.0000 (  0.0%)   0.0000 (  0.0%)   0.0000 (  0.0%)   0.0000 (  0.0%)  Lazy Block Frequency Analysis
   0.0000 (  0.0%)   0.0000 (  0.0%)   0.0000 (  0.0%)   0.0000 (  0.0%)  Lazy Block Frequency Analysis
   0.0000 (  0.0%)   0.0000 (  0.0%)   0.0000 (  0.0%)   0.0000 (  0.0%)  Lazy Block Frequency Analysis
   0.0000 (  0.0%)   0.0000 (  0.0%)   0.0000 (  0.0%)   0.0000 (  0.0%)  Basic Alias Analysis (stateless AA impl)
   0.0000 (  0.0%)   0.0000 (  0.0%)   0.0000 (  0.0%)   0.0000 (  0.0%)  Lazy Block Frequency Analysis
   0.0000 (  0.0%)   0.0000 (  0.0%)   0.0000 (  0.0%)   0.0000 (  0.0%)  Lazy Value Information Analysis
   0.0000 (  0.0%)   0.0000 (  0.0%)   0.0001 (  0.0%)   0.0000 (  0.0%)  Optimization Remark Emitter
   0.0000 (  0.0%)   0.0000 (  0.0%)   0.0000 (  0.0%)   0.0000 (  0.0%)  Memory Dependence Analysis
   0.0000 (  0.0%)   0.0000 (  0.0%)   0.0000 (  0.0%)   0.0000 (  0.0%)  ScalarEvolution-based Alias Analysis
   0.0000 (  0.0%)   0.0000 (  0.0%)   0.0000 (  0.0%)   0.0000 (  0.0%)  Memory Dependence Analysis
   0.0000 (  0.0%)   0.0000 (  0.0%)   0.0000 (  0.0%)   0.0000 (  0.0%)  Optimization Remark Emitter
   0.0000 (  0.0%)   0.0000 (  0.0%)   0.0000 (  0.0%)   0.0000 (  0.0%)  Lazy Block Frequency Analysis
   0.0000 (  0.0%)   0.0000 (  0.0%)   0.0000 (  0.0%)   0.0000 (  0.0%)  Memory Dependence Analysis
   0.0000 (  0.0%)   0.0000 (  0.0%)   0.0000 (  0.0%)   0.0000 (  0.0%)  Scalar Evolution Analysis
   0.0000 (  0.0%)   0.0000 (  0.0%)   0.0000 (  0.0%)   0.0000 (  0.0%)  Lazy Block Frequency Analysis
   0.0000 (  0.0%)   0.0000 (  0.0%)   0.0000 (  0.0%)   0.0000 (  0.0%)  Scalar Evolution Analysis
   0.0000 (  0.0%)   0.0000 (  0.0%)   0.0000 (  0.0%)   0.0000 (  0.0%)  Lazy Block Frequency Analysis
   0.0000 (  0.0%)   0.0000 (  0.0%)   0.0001 (  0.0%)   0.0000 (  0.0%)  Optimization Remark Emitter
   0.0000 (  0.0%)   0.0000 (  0.0%)   0.0000 (  0.0%)   0.0000 (  0.0%)  Optimization Remark Emitter
   0.0000 (  0.0%)   0.0000 (  0.0%)   0.0000 (  0.0%)   0.0000 (  0.0%)  Memory Dependence Analysis
   0.0000 (  0.0%)   0.0000 (  0.0%)   0.0000 (  0.0%)   0.0000 (  0.0%)  Memory Dependence Analysis
   0.0000 (  0.0%)   0.0000 (  0.0%)   0.0000 (  0.0%)   0.0000 (  0.0%)  Optimization Remark Emitter
   0.0000 (  0.0%)   0.0000 (  0.0%)   0.0000 (  0.0%)   0.0000 (  0.0%)  Optimization Remark Emitter
   0.0000 (  0.0%)   0.0000 (  0.0%)   0.0000 (  0.0%)   0.0000 (  0.0%)  Lazy Block Frequency Analysis
   0.0000 (  0.0%)   0.0000 (  0.0%)   0.0000 (  0.0%)   0.0000 (  0.0%)  Optimization Remark Emitter
   0.0000 (  0.0%)   0.0000 (  0.0%)   0.0000 (  0.0%)   0.0000 (  0.0%)  Basic Alias Analysis (stateless AA impl)
   0.0000 (  0.0%)   0.0000 (  0.0%)   0.0000 (  0.0%)   0.0000 (  0.0%)  Basic Alias Analysis (stateless AA impl)
   0.0000 (  0.0%)   0.0000 (  0.0%)   0.0000 (  0.0%)   0.0000 (  0.0%)  Lazy Block Frequency Analysis
   0.0000 (  0.0%)   0.0000 (  0.0%)   0.0000 (  0.0%)   0.0000 (  0.0%)  Basic Alias Analysis (stateless AA impl)
   0.0000 (  0.0%)   0.0000 (  0.0%)   0.0000 (  0.0%)   0.0000 (  0.0%)  LCSSA Verifier
   0.0000 (  0.0%)   0.0000 (  0.0%)   0.0000 (  0.0%)   0.0000 (  0.0%)  Lazy Block Frequency Analysis
   0.0000 (  0.0%)   0.0000 (  0.0%)   0.0000 (  0.0%)   0.0000 (  0.0%)  Memory Dependence Analysis
   0.0000 (  0.0%)   0.0000 (  0.0%)   0.0000 (  0.0%)   0.0000 (  0.0%)  Basic Alias Analysis (stateless AA impl)
   0.0000 (  0.0%)   0.0000 (  0.0%)   0.0000 (  0.0%)   0.0000 (  0.0%)  Unify function exit nodes
   0.0000 (  0.0%)   0.0000 (  0.0%)   0.0000 (  0.0%)   0.0000 (  0.0%)  Basic Alias Analysis (stateless AA impl)
   0.0000 (  0.0%)   0.0000 (  0.0%)   0.0000 (  0.0%)   0.0000 (  0.0%)  Lazy Block Frequency Analysis
   0.0000 (  0.0%)   0.0000 (  0.0%)   0.0000 (  0.0%)   0.0000 (  0.0%)  Optimization Remark Emitter
   0.0000 (  0.0%)   0.0000 (  0.0%)   0.0000 (  0.0%)   0.0000 (  0.0%)  Lazy Value Information Analysis
   0.0000 (  0.0%)   0.0000 (  0.0%)   0.0000 (  0.0%)   0.0000 (  0.0%)  Basic Alias Analysis (stateless AA impl)
   0.0000 (  0.0%)   0.0000 (  0.0%)   0.0000 (  0.0%)   0.0000 (  0.0%)  Basic Alias Analysis (stateless AA impl)
   0.0000 (  0.0%)   0.0000 (  0.0%)   0.0000 (  0.0%)   0.0000 (  0.0%)  Basic Alias Analysis (stateless AA impl)
   0.0000 (  0.0%)   0.0000 (  0.0%)   0.0000 (  0.0%)   0.0000 (  0.0%)  Basic Alias Analysis (stateless AA impl)
   0.0000 (  0.0%)   0.0000 (  0.0%)   0.0000 (  0.0%)   0.0000 (  0.0%)  Basic Alias Analysis (stateless AA impl)
   0.0000 (  0.0%)   0.0000 (  0.0%)   0.0000 (  0.0%)   0.0000 (  0.0%)  LCSSA Verifier
   0.0000 (  0.0%)   0.0000 (  0.0%)   0.0000 (  0.0%)   0.0000 (  0.0%)  Basic Alias Analysis (stateless AA impl)
   0.0000 (  0.0%)   0.0000 (  0.0%)   0.0000 (  0.0%)   0.0000 (  0.0%)  Basic Alias Analysis (stateless AA impl)
   0.0000 (  0.0%)   0.0000 (  0.0%)   0.0000 (  0.0%)   0.0000 (  0.0%)  Memory Dependence Analysis
   0.0000 (  0.0%)   0.0000 (  0.0%)   0.0000 (  0.0%)   0.0000 (  0.0%)  Memory Dependence Analysis
   0.0000 (  0.0%)   0.0000 (  0.0%)   0.0000 (  0.0%)   0.0000 (  0.0%)  Interprocedural constant propagation
   0.0000 (  0.0%)   0.0000 (  0.0%)   0.0000 (  0.0%)   0.0000 (  0.0%)  Scalar Evolution Canonicalization
   0.0000 (  0.0%)   0.0000 (  0.0%)   0.0000 (  0.0%)   0.0000 (  0.0%)  Lazy Branch Probability Analysis
   0.0000 (  0.0%)   0.0000 (  0.0%)   0.0000 (  0.0%)   0.0000 (  0.0%)  Basic Alias Analysis (stateless AA impl)
   0.0000 (  0.0%)   0.0000 (  0.0%)   0.0000 (  0.0%)   0.0000 (  0.0%)  Basic Alias Analysis (stateless AA impl)
   0.0000 (  0.0%)   0.0000 (  0.0%)   0.0000 (  0.0%)   0.0000 (  0.0%)  Lazy Branch Probability Analysis
   0.0000 (  0.0%)   0.0000 (  0.0%)   0.0000 (  0.0%)   0.0000 (  0.0%)  Basic Alias Analysis (stateless AA impl)
   0.0000 (  0.0%)   0.0000 (  0.0%)   0.0000 (  0.0%)   0.0000 (  0.0%)  Lazy Branch Probability Analysis
   0.0000 (  0.0%)   0.0000 (  0.0%)   0.0000 (  0.0%)   0.0000 (  0.0%)  Memory Dependence Analysis
   0.0000 (  0.0%)   0.0000 (  0.0%)   0.0000 (  0.0%)   0.0000 (  0.0%)  Basic Alias Analysis (stateless AA impl)
   0.0000 (  0.0%)   0.0000 (  0.0%)   0.0000 (  0.0%)   0.0000 (  0.0%)  Lazy Branch Probability Analysis
   0.0000 (  0.0%)   0.0000 (  0.0%)   0.0000 (  0.0%)   0.0000 (  0.0%)  Basic Alias Analysis (stateless AA impl)
   0.0000 (  0.0%)   0.0000 (  0.0%)   0.0000 (  0.0%)   0.0000 (  0.0%)  Lazy Branch Probability Analysis
   0.0000 (  0.0%)   0.0000 (  0.0%)   0.0000 (  0.0%)   0.0000 (  0.0%)  Basic Alias Analysis (stateless AA impl)
   0.0000 (  0.0%)   0.0000 (  0.0%)   0.0000 (  0.0%)   0.0000 (  0.0%)  Basic Alias Analysis (stateless AA impl)
   0.0000 (  0.0%)   0.0000 (  0.0%)   0.0000 (  0.0%)   0.0000 (  0.0%)  Optimization Remark Emitter
   0.0000 (  0.0%)   0.0000 (  0.0%)   0.0000 (  0.0%)   0.0000 (  0.0%)  Lazy Value Information Analysis
   0.0000 (  0.0%)   0.0000 (  0.0%)   0.0000 (  0.0%)   0.0000 (  0.0%)  Lazy Branch Probability Analysis
   0.0000 (  0.0%)   0.0000 (  0.0%)   0.0000 (  0.0%)   0.0000 (  0.0%)  Basic Alias Analysis (stateless AA impl)
   0.0000 (  0.0%)   0.0000 (  0.0%)   0.0000 (  0.0%)   0.0000 (  0.0%)  Lazy Branch Probability Analysis
   0.0000 (  0.0%)   0.0000 (  0.0%)   0.0000 (  0.0%)   0.0000 (  0.0%)  Basic Alias Analysis (stateless AA impl)
   0.0000 (  0.0%)   0.0000 (  0.0%)   0.0000 (  0.0%)   0.0000 (  0.0%)  Memory Dependence Analysis
   0.0000 (  0.0%)   0.0000 (  0.0%)   0.0000 (  0.0%)   0.0000 (  0.0%)  Memory Dependence Analysis
   0.0000 (  0.0%)   0.0000 (  0.0%)   0.0000 (  0.0%)   0.0000 (  0.0%)  Lazy Branch Probability Analysis
   0.0000 (  0.0%)   0.0000 (  0.0%)   0.0000 (  0.0%)   0.0000 (  0.0%)  LayoutTransform - Layout Transform Pragma Analysis
   0.0000 (  0.0%)   0.0000 (  0.0%)   0.0000 (  0.0%)   0.0000 (  0.0%)  Memory Dependence Analysis
   0.0000 (  0.0%)   0.0000 (  0.0%)   0.0000 (  0.0%)   0.0000 (  0.0%)  Optimization Remark Emitter
   0.0000 (  0.0%)   0.0000 (  0.0%)   0.0000 (  0.0%)   0.0000 (  0.0%)  Memory Dependence Analysis
   0.0000 (  0.0%)   0.0000 (  0.0%)   0.0000 (  0.0%)   0.0000 (  0.0%)  top function attribute attaching
   0.0000 (  0.0%)   0.0000 (  0.0%)   0.0000 (  0.0%)   0.0000 (  0.0%)  Lazy Branch Probability Analysis
   0.0000 (  0.0%)   0.0000 (  0.0%)   0.0000 (  0.0%)   0.0000 (  0.0%)  Memory Dependence Analysis
   0.0000 (  0.0%)   0.0000 (  0.0%)   0.0000 (  0.0%)   0.0000 (  0.0%)  Lazy Value Information Analysis
   0.0000 (  0.0%)   0.0000 (  0.0%)   0.0000 (  0.0%)   0.0000 (  0.0%)  Basic Alias Analysis (stateless AA impl)
   0.0000 (  0.0%)   0.0000 (  0.0%)   0.0000 (  0.0%)   0.0000 (  0.0%)  Memory Dependence Analysis
   0.0000 (  0.0%)   0.0000 (  0.0%)   0.0000 (  0.0%)   0.0000 (  0.0%)  Optimization Remark Emitter
   0.0000 (  0.0%)   0.0000 (  0.0%)   0.0000 (  0.0%)   0.0000 (  0.0%)  Predicate SPIR Kernels
   0.0000 (  0.0%)   0.0000 (  0.0%)   0.0000 (  0.0%)   0.0000 (  0.0%)  Vectorize the SPMD regions
   0.0000 (  0.0%)   0.0000 (  0.0%)   0.0000 (  0.0%)   0.0000 (  0.0%)  Lazy Block Frequency Analysis
   0.0000 (  0.0%)   0.0000 (  0.0%)   0.0000 (  0.0%)   0.0000 (  0.0%)  Lazy Branch Probability Analysis
   0.0000 (  0.0%)   0.0000 (  0.0%)   0.0000 (  0.0%)   0.0000 (  0.0%)  ScalarEvolution-based Alias Analysis
   0.0000 (  0.0%)   0.0000 (  0.0%)   0.0000 (  0.0%)   0.0000 (  0.0%)  Basic Alias Analysis (stateless AA impl)
   0.0000 (  0.0%)   0.0000 (  0.0%)   0.0000 (  0.0%)   0.0000 (  0.0%)  Memory Dependence Analysis
   0.0000 (  0.0%)   0.0000 (  0.0%)   0.0000 (  0.0%)   0.0000 (  0.0%)  Optimization Remark Emitter
   0.0000 (  0.0%)   0.0000 (  0.0%)   0.0000 (  0.0%)   0.0000 (  0.0%)  Function Alias Analysis Results
   0.0000 (  0.0%)   0.0000 (  0.0%)   0.0000 (  0.0%)   0.0000 (  0.0%)  ScalarEvolution-based Alias Analysis
   0.0000 (  0.0%)   0.0000 (  0.0%)   0.0000 (  0.0%)   0.0000 (  0.0%)  Basic Alias Analysis (stateless AA impl)
   0.0000 (  0.0%)   0.0000 (  0.0%)   0.0000 (  0.0%)   0.0000 (  0.0%)  Memory Dependence Analysis
   0.0000 (  0.0%)   0.0000 (  0.0%)   0.0000 (  0.0%)   0.0000 (  0.0%)  ScalarEvolution-based Alias Analysis
   0.0000 (  0.0%)   0.0000 (  0.0%)   0.0000 (  0.0%)   0.0000 (  0.0%)  Basic Alias Analysis (stateless AA impl)
   0.0000 (  0.0%)   0.0000 (  0.0%)   0.0000 (  0.0%)   0.0000 (  0.0%)  Memory Dependence Analysis
   0.0000 (  0.0%)   0.0000 (  0.0%)   0.0000 (  0.0%)   0.0000 (  0.0%)  Basic Alias Analysis (stateless AA impl)
   0.0000 (  0.0%)   0.0000 (  0.0%)   0.0000 (  0.0%)   0.0000 (  0.0%)  ScalarEvolution-based Alias Analysis
   0.0000 (  0.0%)   0.0000 (  0.0%)   0.0000 (  0.0%)   0.0000 (  0.0%)  Lazy Branch Probability Analysis
   0.0000 (  0.0%)   0.0000 (  0.0%)   0.0000 (  0.0%)   0.0000 (  0.0%)  Lazy Branch Probability Analysis
   0.0000 (  0.0%)   0.0000 (  0.0%)   0.0000 (  0.0%)   0.0000 (  0.0%)  Lazy Branch Probability Analysis
   0.0000 (  0.0%)   0.0000 (  0.0%)   0.0000 (  0.0%)   0.0000 (  0.0%)  Optimization Remark Emitter
   0.0000 (  0.0%)   0.0000 (  0.0%)   0.0000 (  0.0%)   0.0000 (  0.0%)  Lazy Block Frequency Analysis
   0.0000 (  0.0%)   0.0000 (  0.0%)   0.0000 (  0.0%)   0.0000 (  0.0%)  Lazy Branch Probability Analysis
   0.0000 (  0.0%)   0.0000 (  0.0%)   0.0000 (  0.0%)   0.0000 (  0.0%)  Lazy Branch Probability Analysis
   0.0000 (  0.0%)   0.0000 (  0.0%)   0.0000 (  0.0%)   0.0000 (  0.0%)  Basic Alias Analysis (stateless AA impl)
   0.0000 (  0.0%)   0.0000 (  0.0%)   0.0000 (  0.0%)   0.0000 (  0.0%)  ScalarEvolution-based Alias Analysis
   0.0000 (  0.0%)   0.0000 (  0.0%)   0.0000 (  0.0%)   0.0000 (  0.0%)  ScalarEvolution-based Alias Analysis
   0.0000 (  0.0%)   0.0000 (  0.0%)   0.0000 (  0.0%)   0.0000 (  0.0%)  Lazy Block Frequency Analysis
   0.0000 (  0.0%)   0.0000 (  0.0%)   0.0000 (  0.0%)   0.0000 (  0.0%)  Optimization Remark Emitter
   0.0000 (  0.0%)   0.0000 (  0.0%)   0.0000 (  0.0%)   0.0000 (  0.0%)  Optimization Remark Emitter
   0.0000 (  0.0%)   0.0000 (  0.0%)   0.0000 (  0.0%)   0.0000 (  0.0%)  Infer direct input/output accesses
   0.0000 (  0.0%)   0.0000 (  0.0%)   0.0000 (  0.0%)   0.0000 (  0.0%)  Scalar Evolution Canonicalization
   0.0000 (  0.0%)   0.0000 (  0.0%)   0.0000 (  0.0%)   0.0000 (  0.0%)  Memory Dependence Analysis
   0.0000 (  0.0%)   0.0000 (  0.0%)   0.0000 (  0.0%)   0.0000 (  0.0%)  Lazy Branch Probability Analysis
   0.0000 (  0.0%)   0.0000 (  0.0%)   0.0000 (  0.0%)   0.0000 (  0.0%)  Optimization Remark Emitter
   0.0000 (  0.0%)   0.0000 (  0.0%)   0.0000 (  0.0%)   0.0000 (  0.0%)  Optimization Remark Emitter
   0.0000 (  0.0%)   0.0000 (  0.0%)   0.0000 (  0.0%)   0.0000 (  0.0%)  Lazy Block Frequency Analysis
   0.0000 (  0.0%)   0.0000 (  0.0%)   0.0000 (  0.0%)   0.0000 (  0.0%)  Infer direct input/output accesses
   0.0000 (  0.0%)   0.0000 (  0.0%)   0.0000 (  0.0%)   0.0000 (  0.0%)  Optimization Remark Emitter
   0.0000 (  0.0%)   0.0000 (  0.0%)   0.0000 (  0.0%)   0.0000 (  0.0%)  Lazy Block Frequency Analysis
   0.0000 (  0.0%)   0.0000 (  0.0%)   0.0000 (  0.0%)   0.0000 (  0.0%)  Basic Alias Analysis (stateless AA impl)
   0.0000 (  0.0%)   0.0000 (  0.0%)   0.0000 (  0.0%)   0.0000 (  0.0%)  Optimization Remark Emitter
   0.0000 (  0.0%)   0.0000 (  0.0%)   0.0000 (  0.0%)   0.0000 (  0.0%)  Shrink Synchronization Regions in SPMD program to reduce CFG complexity
   0.0000 (  0.0%)   0.0000 (  0.0%)   0.0000 (  0.0%)   0.0000 (  0.0%)  Optimization Remark Emitter
   0.0000 (  0.0%)   0.0000 (  0.0%)   0.0000 (  0.0%)   0.0000 (  0.0%)  Lazy Branch Probability Analysis
   0.0000 (  0.0%)   0.0000 (  0.0%)   0.0000 (  0.0%)   0.0000 (  0.0%)  Lazy Block Frequency Analysis
   0.0000 (  0.0%)   0.0000 (  0.0%)   0.0000 (  0.0%)   0.0000 (  0.0%)  Lazy Block Frequency Analysis
   0.0000 (  0.0%)   0.0000 (  0.0%)   0.0000 (  0.0%)   0.0000 (  0.0%)  Lazy Branch Probability Analysis
   0.0000 (  0.0%)   0.0000 (  0.0%)   0.0000 (  0.0%)   0.0000 (  0.0%)  Optimization Remark Emitter
   0.0000 (  0.0%)   0.0000 (  0.0%)   0.0000 (  0.0%)   0.0000 (  0.0%)  Memory Dependence Analysis
   0.0000 (  0.0%)   0.0000 (  0.0%)   0.0000 (  0.0%)   0.0000 (  0.0%)  Lazy Branch Probability Analysis
   0.0000 (  0.0%)   0.0000 (  0.0%)   0.0000 (  0.0%)   0.0000 (  0.0%)  Basic Alias Analysis (stateless AA impl)
   0.0000 (  0.0%)   0.0000 (  0.0%)   0.0000 (  0.0%)   0.0000 (  0.0%)  Expand private memory for each workitem in SPMD program
   0.0000 (  0.0%)   0.0000 (  0.0%)   0.0000 (  0.0%)   0.0000 (  0.0%)  Basic Alias Analysis (stateless AA impl)
   0.0000 (  0.0%)   0.0000 (  0.0%)   0.0000 (  0.0%)   0.0000 (  0.0%)  Lazy Branch Probability Analysis
   0.0000 (  0.0%)   0.0000 (  0.0%)   0.0000 (  0.0%)   0.0000 (  0.0%)  ScalarEvolution-based Alias Analysis
   0.0000 (  0.0%)   0.0000 (  0.0%)   0.0000 (  0.0%)   0.0000 (  0.0%)  Memory Dependence Analysis
   0.0000 (  0.0%)   0.0000 (  0.0%)   0.0000 (  0.0%)   0.0000 (  0.0%)  Lazy Value Information Analysis
   0.0000 (  0.0%)   0.0000 (  0.0%)   0.0000 (  0.0%)   0.0000 (  0.0%)  Basic Alias Analysis (stateless AA impl)
   0.0000 (  0.0%)   0.0000 (  0.0%)   0.0000 (  0.0%)   0.0000 (  0.0%)  LCSSA Verifier
   0.0000 (  0.0%)   0.0000 (  0.0%)   0.0000 (  0.0%)   0.0000 (  0.0%)  ScalarEvolution-based Alias Analysis
   0.0000 (  0.0%)   0.0000 (  0.0%)   0.0000 (  0.0%)   0.0000 (  0.0%)  ScalarEvolution-based Alias Analysis
   0.0000 (  0.0%)   0.0000 (  0.0%)   0.0000 (  0.0%)   0.0000 (  0.0%)  Basic Alias Analysis (stateless AA impl)
   0.0000 (  0.0%)   0.0000 (  0.0%)   0.0000 (  0.0%)   0.0000 (  0.0%)  Lazy Block Frequency Analysis
   0.0000 (  0.0%)   0.0000 (  0.0%)   0.0000 (  0.0%)   0.0000 (  0.0%)  Lazy Branch Probability Analysis
   0.0000 (  0.0%)   0.0000 (  0.0%)   0.0000 (  0.0%)   0.0000 (  0.0%)  Optimization Remark Emitter
   0.0000 (  0.0%)   0.0000 (  0.0%)   0.0000 (  0.0%)   0.0000 (  0.0%)  Lazy Branch Probability Analysis
   0.0000 (  0.0%)   0.0000 (  0.0%)   0.0000 (  0.0%)   0.0000 (  0.0%)  ScalarEvolution-based Alias Analysis
   0.0000 (  0.0%)   0.0000 (  0.0%)   0.0000 (  0.0%)   0.0000 (  0.0%)  Basic Alias Analysis (stateless AA impl)
   0.0000 (  0.0%)   0.0000 (  0.0%)   0.0000 (  0.0%)   0.0000 (  0.0%)  ScalarEvolution-based Alias Analysis
   0.0000 (  0.0%)   0.0000 (  0.0%)   0.0000 (  0.0%)   0.0000 (  0.0%)  ScalarEvolution-based Alias Analysis
   0.0000 (  0.0%)   0.0000 (  0.0%)   0.0000 (  0.0%)   0.0000 (  0.0%)  Lazy Branch Probability Analysis
   0.0000 (  0.0%)   0.0000 (  0.0%)   0.0000 (  0.0%)   0.0000 (  0.0%)  LCSSA Verifier
   0.0000 (  0.0%)   0.0000 (  0.0%)   0.0000 (  0.0%)   0.0000 (  0.0%)  Build Synchronization Regions in SPMD program
   0.0000 (  0.0%)   0.0000 (  0.0%)   0.0000 (  0.0%)   0.0000 (  0.0%)  Optimization Remark Emitter
   0.0000 (  0.0%)   0.0000 (  0.0%)   0.0000 (  0.0%)   0.0000 (  0.0%)  Promote Memory to Register
   0.0000 (  0.0%)   0.0000 (  0.0%)   0.0000 (  0.0%)   0.0000 (  0.0%)  Memory Dependence Analysis
   0.0000 (  0.0%)   0.0000 (  0.0%)   0.0000 (  0.0%)   0.0000 (  0.0%)  ScalarEvolution-based Alias Analysis
   0.0000 (  0.0%)   0.0000 (  0.0%)   0.0000 (  0.0%)   0.0000 (  0.0%)  Lazy Block Frequency Analysis
   0.0000 (  0.0%)   0.0000 (  0.0%)   0.0000 (  0.0%)   0.0000 (  0.0%)  ScalarEvolution-based Alias Analysis
   0.0000 (  0.0%)   0.0000 (  0.0%)   0.0000 (  0.0%)   0.0000 (  0.0%)  Optimization Remark Emitter
   0.0000 (  0.0%)   0.0000 (  0.0%)   0.0000 (  0.0%)   0.0000 (  0.0%)  Lazy Branch Probability Analysis
   0.0000 (  0.0%)   0.0000 (  0.0%)   0.0000 (  0.0%)   0.0000 (  0.0%)  Optimization Remark Emitter
   0.0000 (  0.0%)   0.0000 (  0.0%)   0.0000 (  0.0%)   0.0000 (  0.0%)  Optimization Remark Emitter
   0.0000 (  0.0%)   0.0000 (  0.0%)   0.0000 (  0.0%)   0.0000 (  0.0%)  LCSSA Verifier
   0.0000 (  0.0%)   0.0000 (  0.0%)   0.0000 (  0.0%)   0.0000 (  0.0%)  Optimization Remark Emitter
   0.0000 (  0.0%)   0.0000 (  0.0%)   0.0000 (  0.0%)   0.0000 (  0.0%)  Optimization Remark Emitter
   0.0000 (  0.0%)   0.0000 (  0.0%)   0.0000 (  0.0%)   0.0000 (  0.0%)  ScalarEvolution-based Alias Analysis
   0.0000 (  0.0%)   0.0000 (  0.0%)   0.0000 (  0.0%)   0.0000 (  0.0%)  Optimization Remark Emitter
   0.0000 (  0.0%)   0.0000 (  0.0%)   0.0000 (  0.0%)   0.0000 (  0.0%)  Basic Alias Analysis (stateless AA impl)
   0.0000 (  0.0%)   0.0000 (  0.0%)   0.0000 (  0.0%)   0.0000 (  0.0%)  ScalarEvolution-based Alias Analysis
   0.0000 (  0.0%)   0.0000 (  0.0%)   0.0000 (  0.0%)   0.0000 (  0.0%)  Optimization Remark Emitter
   0.0000 (  0.0%)   0.0000 (  0.0%)   0.0000 (  0.0%)   0.0000 (  0.0%)  Optimization Remark Emitter
   0.0000 (  0.0%)   0.0000 (  0.0%)   0.0000 (  0.0%)   0.0000 (  0.0%)  Lazy Block Frequency Analysis
   0.0000 (  0.0%)   0.0000 (  0.0%)   0.0000 (  0.0%)   0.0000 (  0.0%)  Lazy Block Frequency Analysis
   0.0000 (  0.0%)   0.0000 (  0.0%)   0.0000 (  0.0%)   0.0000 (  0.0%)  SPIRUpdateIntrRange - Update SPIR Intrinsics Metadata
   0.0000 (  0.0%)   0.0000 (  0.0%)   0.0000 (  0.0%)   0.0000 (  0.0%)  SPIRUpdateIntrRange - Update SPIR Intrinsics Metadata
   0.0000 (  0.0%)   0.0000 (  0.0%)   0.0000 (  0.0%)   0.0000 (  0.0%)  Lazy Block Frequency Analysis
   0.0000 (  0.0%)   0.0000 (  0.0%)   0.0000 (  0.0%)   0.0000 (  0.0%)  LayoutTransform - Layout Transform Pragma Analysis
   0.0000 (  0.0%)   0.0000 (  0.0%)   0.0000 (  0.0%)   0.0000 (  0.0%)  Lazy Block Frequency Analysis
   0.0000 (  0.0%)   0.0000 (  0.0%)   0.0000 (  0.0%)   0.0000 (  0.0%)  Lazy Block Frequency Analysis
   0.0000 (  0.0%)   0.0000 (  0.0%)   0.0000 (  0.0%)   0.0000 (  0.0%)  ScalarEvolution-based Alias Analysis
   0.0000 (  0.0%)   0.0000 (  0.0%)   0.0000 (  0.0%)   0.0000 (  0.0%)  Lazy Block Frequency Analysis
   0.0000 (  0.0%)   0.0000 (  0.0%)   0.0000 (  0.0%)   0.0000 (  0.0%)  Optimization Remark Emitter
   0.0000 (  0.0%)   0.0000 (  0.0%)   0.0000 (  0.0%)   0.0000 (  0.0%)  Lazy Block Frequency Analysis
   0.0000 (  0.0%)   0.0000 (  0.0%)   0.0000 (  0.0%)   0.0000 (  0.0%)  Optimization Remark Emitter
   0.0000 (  0.0%)   0.0000 (  0.0%)   0.0000 (  0.0%)   0.0000 (  0.0%)  Optimization Remark Emitter
   0.0000 (  0.0%)   0.0000 (  0.0%)   0.0000 (  0.0%)   0.0000 (  0.0%)  Optimization Remark Emitter
   0.0000 (  0.0%)   0.0000 (  0.0%)   0.0000 (  0.0%)   0.0000 (  0.0%)  Lazy Block Frequency Analysis
   0.0000 (  0.0%)   0.0000 (  0.0%)   0.0000 (  0.0%)   0.0000 (  0.0%)  LCSSA Verifier
   0.0000 (  0.0%)   0.0000 (  0.0%)   0.0000 (  0.0%)   0.0000 (  0.0%)  Optimization Remark Emitter
   0.0000 (  0.0%)   0.0000 (  0.0%)   0.0000 (  0.0%)   0.0000 (  0.0%)  Optimization Remark Emitter
   0.0000 (  0.0%)   0.0000 (  0.0%)   0.0000 (  0.0%)   0.0000 (  0.0%)  Optimization Remark Emitter
   0.0000 (  0.0%)   0.0000 (  0.0%)   0.0000 (  0.0%)   0.0000 (  0.0%)  Lazy Block Frequency Analysis
   0.0000 (  0.0%)   0.0000 (  0.0%)   0.0000 (  0.0%)   0.0000 (  0.0%)  LCSSA Verifier
   0.0000 (  0.0%)   0.0000 (  0.0%)   0.0000 (  0.0%)   0.0000 (  0.0%)  Lazy Block Frequency Analysis
   0.0000 (  0.0%)   0.0000 (  0.0%)   0.0000 (  0.0%)   0.0000 (  0.0%)  Lazy Block Frequency Analysis
   0.0000 (  0.0%)   0.0000 (  0.0%)   0.0000 (  0.0%)   0.0000 (  0.0%)  Lazy Block Frequency Analysis
   0.0000 (  0.0%)   0.0000 (  0.0%)   0.0000 (  0.0%)   0.0000 (  0.0%)  Optimization Remark Emitter
   0.0000 (  0.0%)   0.0000 (  0.0%)   0.0000 (  0.0%)   0.0000 (  0.0%)  Optimization Remark Emitter
   0.0000 (  0.0%)   0.0000 (  0.0%)   0.0000 (  0.0%)   0.0000 (  0.0%)  Optimization Remark Emitter
   0.0000 (  0.0%)   0.0000 (  0.0%)   0.0000 (  0.0%)   0.0000 (  0.0%)  LCSSA Verifier
   0.0000 (  0.0%)   0.0000 (  0.0%)   0.0000 (  0.0%)   0.0000 (  0.0%)  LCSSA Verifier
   0.0000 (  0.0%)   0.0000 (  0.0%)   0.0000 (  0.0%)   0.0000 (  0.0%)  LCSSA Verifier
   0.0000 (  0.0%)   0.0000 (  0.0%)   0.0000 (  0.0%)   0.0000 (  0.0%)  Optimization Remark Emitter
   0.0000 (  0.0%)   0.0000 (  0.0%)   0.0000 (  0.0%)   0.0000 (  0.0%)  Optimization Remark Emitter
   0.0000 (  0.0%)   0.0000 (  0.0%)   0.0000 (  0.0%)   0.0000 (  0.0%)  Optimization Remark Emitter
   0.0000 (  0.0%)   0.0000 (  0.0%)   0.0000 (  0.0%)   0.0000 (  0.0%)  Lazy Block Frequency Analysis
   0.0000 (  0.0%)   0.0000 (  0.0%)   0.0000 (  0.0%)   0.0000 (  0.0%)  LCSSA Verifier
   0.0000 (  0.0%)   0.0000 (  0.0%)   0.0000 (  0.0%)   0.0000 (  0.0%)  Basic Alias Analysis (stateless AA impl)
   0.0000 (  0.0%)   0.0000 (  0.0%)   0.0000 (  0.0%)   0.0000 (  0.0%)  LCSSA Verifier
   0.0000 (  0.0%)   0.0000 (  0.0%)   0.0000 (  0.0%)   0.0000 (  0.0%)  LCSSA Verifier
   0.0000 (  0.0%)   0.0000 (  0.0%)   0.0000 (  0.0%)   0.0000 (  0.0%)  Lazy Block Frequency Analysis
   0.0000 (  0.0%)   0.0000 (  0.0%)   0.0000 (  0.0%)   0.0000 (  0.0%)  Basic Alias Analysis (stateless AA impl)
   0.0000 (  0.0%)   0.0000 (  0.0%)   0.0000 (  0.0%)   0.0000 (  0.0%)  Memory Dependence Analysis
   0.0000 (  0.0%)   0.0000 (  0.0%)   0.0000 (  0.0%)   0.0000 (  0.0%)  Lazy Value Information Analysis
   0.0000 (  0.0%)   0.0000 (  0.0%)   0.0000 (  0.0%)   0.0000 (  0.0%)  LCSSA Verifier
   0.0000 (  0.0%)   0.0000 (  0.0%)   0.0000 (  0.0%)   0.0000 (  0.0%)  Basic Alias Analysis (stateless AA impl)
   0.0000 (  0.0%)   0.0000 (  0.0%)   0.0000 (  0.0%)   0.0000 (  0.0%)  LCSSA Verifier
   0.0000 (  0.0%)   0.0000 (  0.0%)   0.0000 (  0.0%)   0.0000 (  0.0%)  Lazy Block Frequency Analysis
   0.0000 (  0.0%)   0.0000 (  0.0%)   0.0000 (  0.0%)   0.0000 (  0.0%)  Lazy Branch Probability Analysis
   0.0000 (  0.0%)   0.0000 (  0.0%)   0.0000 (  0.0%)   0.0000 (  0.0%)  LCSSA Verifier
   0.0000 (  0.0%)   0.0000 (  0.0%)   0.0000 (  0.0%)   0.0000 (  0.0%)  Memory Dependence Analysis
   0.0000 (  0.0%)   0.0000 (  0.0%)   0.0000 (  0.0%)   0.0000 (  0.0%)  Lazy Value Information Analysis
   0.0000 (  0.0%)   0.0000 (  0.0%)   0.0000 (  0.0%)   0.0000 (  0.0%)  Lazy Branch Probability Analysis
   0.0000 (  0.0%)   0.0000 (  0.0%)   0.0000 (  0.0%)   0.0000 (  0.0%)  Optimization Remark Emitter
   0.0000 (  0.0%)   0.0000 (  0.0%)   0.0000 (  0.0%)   0.0000 (  0.0%)  Lazy Branch Probability Analysis
   0.0000 (  0.0%)   0.0000 (  0.0%)   0.0000 (  0.0%)   0.0000 (  0.0%)  Lazy Branch Probability Analysis
   0.0000 (  0.0%)   0.0000 (  0.0%)   0.0000 (  0.0%)   0.0000 (  0.0%)  Basic Alias Analysis (stateless AA impl)
   0.0000 (  0.0%)   0.0000 (  0.0%)   0.0000 (  0.0%)   0.0000 (  0.0%)  Basic Alias Analysis (stateless AA impl)
   0.0000 (  0.0%)   0.0000 (  0.0%)   0.0000 (  0.0%)   0.0000 (  0.0%)  LCSSA Verifier
   0.0000 (  0.0%)   0.0000 (  0.0%)   0.0000 (  0.0%)   0.0000 (  0.0%)  Memory Dependence Analysis
   0.0000 (  0.0%)   0.0000 (  0.0%)   0.0000 (  0.0%)   0.0000 (  0.0%)  Function Alias Analysis Results
   0.0000 (  0.0%)   0.0000 (  0.0%)   0.0000 (  0.0%)   0.0000 (  0.0%)  Function duplication
   0.0000 (  0.0%)   0.0000 (  0.0%)   0.0000 (  0.0%)   0.0000 (  0.0%)  Memory Dependence Analysis
   0.0000 (  0.0%)   0.0000 (  0.0%)   0.0000 (  0.0%)   0.0000 (  0.0%)  LCSSA Verifier
   0.0000 (  0.0%)   0.0000 (  0.0%)   0.0000 (  0.0%)   0.0000 (  0.0%)  Lazy Block Frequency Analysis
   0.0000 (  0.0%)   0.0000 (  0.0%)   0.0000 (  0.0%)   0.0000 (  0.0%)  Basic Alias Analysis (stateless AA impl)
   0.0000 (  0.0%)   0.0000 (  0.0%)   0.0000 (  0.0%)   0.0000 (  0.0%)  Lazy Block Frequency Analysis
   0.0000 (  0.0%)   0.0000 (  0.0%)   0.0000 (  0.0%)   0.0000 (  0.0%)  Lazy Block Frequency Analysis
   0.0000 (  0.0%)   0.0000 (  0.0%)   0.0000 (  0.0%)   0.0000 (  0.0%)  Optimization Remark Emitter
   0.0000 (  0.0%)   0.0000 (  0.0%)   0.0000 (  0.0%)   0.0000 (  0.0%)  Dead Global Elimination
   0.0000 (  0.0%)   0.0000 (  0.0%)   0.0000 (  0.0%)   0.0000 (  0.0%)  Lazy Branch Probability Analysis
   0.0000 (  0.0%)   0.0000 (  0.0%)   0.0000 (  0.0%)   0.0000 (  0.0%)  Lazy Block Frequency Analysis
   0.0000 (  0.0%)   0.0000 (  0.0%)   0.0000 (  0.0%)   0.0000 (  0.0%)  LCSSA Verifier
   0.0000 (  0.0%)   0.0000 (  0.0%)   0.0000 (  0.0%)   0.0000 (  0.0%)  Basic Alias Analysis (stateless AA impl)
   0.0000 (  0.0%)   0.0000 (  0.0%)   0.0000 (  0.0%)   0.0000 (  0.0%)  Optimization Remark Emitter
   0.0000 (  0.0%)   0.0000 (  0.0%)   0.0000 (  0.0%)   0.0000 (  0.0%)  Scalar Evolution Analysis
   0.0000 (  0.0%)   0.0000 (  0.0%)   0.0000 (  0.0%)   0.0000 (  0.0%)  Optimization Remark Emitter
   0.0000 (  0.0%)   0.0000 (  0.0%)   0.0000 (  0.0%)   0.0000 (  0.0%)  Lazy Branch Probability Analysis
   0.0000 (  0.0%)   0.0000 (  0.0%)   0.0000 (  0.0%)   0.0000 (  0.0%)  LCSSA Verifier
   0.0000 (  0.0%)   0.0000 (  0.0%)   0.0000 (  0.0%)   0.0000 (  0.0%)  ArrayPartition - Partition Arrays into Banks
   0.0000 (  0.0%)   0.0000 (  0.0%)   0.0000 (  0.0%)   0.0000 (  0.0%)  Infer direct input/output accesses
   0.0000 (  0.0%)   0.0000 (  0.0%)   0.0000 (  0.0%)   0.0000 (  0.0%)  Optimization Remark Emitter
   0.0000 (  0.0%)   0.0000 (  0.0%)   0.0000 (  0.0%)   0.0000 (  0.0%)  Lazy Branch Probability Analysis
   0.0000 (  0.0%)   0.0000 (  0.0%)   0.0000 (  0.0%)   0.0000 (  0.0%)  Lazy Block Frequency Analysis
   0.0000 (  0.0%)   0.0000 (  0.0%)   0.0000 (  0.0%)   0.0000 (  0.0%)  Optimization Remark Emitter
   0.0000 (  0.0%)   0.0000 (  0.0%)   0.0000 (  0.0%)   0.0000 (  0.0%)  Memory Dependence Analysis
   0.0000 (  0.0%)   0.0000 (  0.0%)   0.0000 (  0.0%)   0.0000 (  0.0%)  Scalar Evolution Canonicalization
   0.0000 (  0.0%)   0.0000 (  0.0%)   0.0000 (  0.0%)   0.0000 (  0.0%)  Basic Alias Analysis (stateless AA impl)
   0.0000 (  0.0%)   0.0000 (  0.0%)   0.0000 (  0.0%)   0.0000 (  0.0%)  Lazy Block Frequency Analysis
   0.0000 (  0.0%)   0.0000 (  0.0%)   0.0000 (  0.0%)   0.0000 (  0.0%)  Basic Alias Analysis (stateless AA impl)
   0.0000 (  0.0%)   0.0000 (  0.0%)   0.0000 (  0.0%)   0.0000 (  0.0%)  Optimization Remark Emitter
   0.0000 (  0.0%)   0.0000 (  0.0%)   0.0000 (  0.0%)   0.0000 (  0.0%)  Basic Alias Analysis (stateless AA impl)
   0.0000 (  0.0%)   0.0000 (  0.0%)   0.0000 (  0.0%)   0.0000 (  0.0%)  Optimization Remark Emitter
   0.0000 (  0.0%)   0.0000 (  0.0%)   0.0000 (  0.0%)   0.0000 (  0.0%)  Basic Alias Analysis (stateless AA impl)
   0.0000 (  0.0%)   0.0000 (  0.0%)   0.0000 (  0.0%)   0.0000 (  0.0%)  ScalarEvolution-based Alias Analysis
   0.0000 (  0.0%)   0.0000 (  0.0%)   0.0000 (  0.0%)   0.0000 (  0.0%)  Memory Dependence Analysis
   0.0000 (  0.0%)   0.0000 (  0.0%)   0.0000 (  0.0%)   0.0000 (  0.0%)  Basic Alias Analysis (stateless AA impl)
   0.0000 (  0.0%)   0.0000 (  0.0%)   0.0000 (  0.0%)   0.0000 (  0.0%)  Basic Alias Analysis (stateless AA impl)
   0.0000 (  0.0%)   0.0000 (  0.0%)   0.0000 (  0.0%)   0.0000 (  0.0%)  ScalarEvolution-based Alias Analysis
   0.0000 (  0.0%)   0.0000 (  0.0%)   0.0000 (  0.0%)   0.0000 (  0.0%)  Optimization Remark Emitter
   0.0000 (  0.0%)   0.0000 (  0.0%)   0.0000 (  0.0%)   0.0000 (  0.0%)  Lazy Block Frequency Analysis
   0.0000 (  0.0%)   0.0000 (  0.0%)   0.0000 (  0.0%)   0.0000 (  0.0%)  Lazy Block Frequency Analysis
   0.0000 (  0.0%)   0.0000 (  0.0%)   0.0000 (  0.0%)   0.0000 (  0.0%)  LCSSA Verifier
   0.0000 (  0.0%)   0.0000 (  0.0%)   0.0000 (  0.0%)   0.0000 (  0.0%)  Lazy Branch Probability Analysis
   0.0000 (  0.0%)   0.0000 (  0.0%)   0.0000 (  0.0%)   0.0000 (  0.0%)  Lazy Branch Probability Analysis
   0.0000 (  0.0%)   0.0000 (  0.0%)   0.0000 (  0.0%)   0.0000 (  0.0%)  Lazy Branch Probability Analysis
   0.0000 (  0.0%)   0.0000 (  0.0%)   0.0000 (  0.0%)   0.0000 (  0.0%)  Lazy Branch Probability Analysis
   0.0000 (  0.0%)   0.0000 (  0.0%)   0.0000 (  0.0%)   0.0000 (  0.0%)  Function Alias Analysis Results
   0.0000 (  0.0%)   0.0000 (  0.0%)   0.0000 (  0.0%)   0.0000 (  0.0%)  Lazy Block Frequency Analysis
   0.0000 (  0.0%)   0.0000 (  0.0%)   0.0000 (  0.0%)   0.0000 (  0.0%)  Optimization Remark Emitter
   0.0000 (  0.0%)   0.0000 (  0.0%)   0.0000 (  0.0%)   0.0000 (  0.0%)  Infer workgroup size for opencl Kernel
   0.0000 (  0.0%)   0.0000 (  0.0%)   0.0000 (  0.0%)   0.0000 (  0.0%)  LCSSA Verifier
   0.0000 (  0.0%)   0.0000 (  0.0%)   0.0000 (  0.0%)   0.0000 (  0.0%)  Interprocedural constant propagation
   0.0000 (  0.0%)   0.0000 (  0.0%)   0.0000 (  0.0%)   0.0000 (  0.0%)  DeSPMD - Insert barriers into uniform loops
   0.0000 (  0.0%)   0.0000 (  0.0%)   0.0000 (  0.0%)   0.0000 (  0.0%)  Optimization Remark Emitter
   0.0000 (  0.0%)   0.0000 (  0.0%)   0.0000 (  0.0%)   0.0000 (  0.0%)  ScalarEvolution-based Alias Analysis
   0.0000 (  0.0%)   0.0000 (  0.0%)   0.0000 (  0.0%)   0.0000 (  0.0%)  Basic Alias Analysis (stateless AA impl)
   0.0000 (  0.0%)   0.0000 (  0.0%)   0.0000 (  0.0%)   0.0000 (  0.0%)  LCSSA Verifier
   0.0000 (  0.0%)   0.0000 (  0.0%)   0.0000 (  0.0%)   0.0000 (  0.0%)  Memory Dependence Analysis
   0.0000 (  0.0%)   0.0000 (  0.0%)   0.0000 (  0.0%)   0.0000 (  0.0%)  Optimization Remark Emitter
   0.0000 (  0.0%)   0.0000 (  0.0%)   0.0000 (  0.0%)   0.0000 (  0.0%)  Lazy Block Frequency Analysis
   0.0000 (  0.0%)   0.0000 (  0.0%)   0.0000 (  0.0%)   0.0000 (  0.0%)  Optimization Remark Emitter
   0.0000 (  0.0%)   0.0000 (  0.0%)   0.0000 (  0.0%)   0.0000 (  0.0%)  Optimization Remark Emitter
   0.0000 (  0.0%)   0.0000 (  0.0%)   0.0000 (  0.0%)   0.0000 (  0.0%)  Lazy Block Frequency Analysis
   0.0000 (  0.0%)   0.0000 (  0.0%)   0.0000 (  0.0%)   0.0000 (  0.0%)  LCSSA Verifier
   0.0000 (  0.0%)   0.0000 (  0.0%)   0.0000 (  0.0%)   0.0000 (  0.0%)  LCSSA Verifier
   0.0000 (  0.0%)   0.0000 (  0.0%)   0.0000 (  0.0%)   0.0000 (  0.0%)  Achieval II estimation - estimate acheival II lower bound according to constraint
   0.0000 (  0.0%)   0.0000 (  0.0%)   0.0000 (  0.0%)   0.0000 (  0.0%)  Lower llvm.assume to _ssdm_AssertFail
   0.0000 (  0.0%)   0.0000 (  0.0%)   0.0000 (  0.0%)   0.0000 (  0.0%)  Extract occurrence region
   0.0000 (  0.0%)   0.0000 (  0.0%)   0.0000 (  0.0%)   0.0000 (  0.0%)  Lazy Branch Probability Analysis
   0.0000 (  0.0%)   0.0000 (  0.0%)   0.0000 (  0.0%)   0.0000 (  0.0%)  LCSSA Verifier
   0.0000 (  0.0%)   0.0000 (  0.0%)   0.0000 (  0.0%)   0.0000 (  0.0%)  Lazy Branch Probability Analysis
   0.0000 (  0.0%)   0.0000 (  0.0%)   0.0000 (  0.0%)   0.0000 (  0.0%)  LCSSA Verifier
   0.0000 (  0.0%)   0.0000 (  0.0%)   0.0000 (  0.0%)   0.0000 (  0.0%)  LCSSA Verifier
   0.0000 (  0.0%)   0.0000 (  0.0%)   0.0000 (  0.0%)   0.0000 (  0.0%)  LCSSA Verifier
   0.0000 (  0.0%)   0.0000 (  0.0%)   0.0000 (  0.0%)   0.0000 (  0.0%)  Optimization Remark Emitter
   0.0000 (  0.0%)   0.0000 (  0.0%)   0.0000 (  0.0%)   0.0000 (  0.0%)  Interprocedural constant propagation
   0.0000 (  0.0%)   0.0000 (  0.0%)   0.0000 (  0.0%)   0.0000 (  0.0%)  ScalarEvolution-based Alias Analysis
   0.0000 (  0.0%)   0.0000 (  0.0%)   0.0000 (  0.0%)   0.0000 (  0.0%)  Delinearization
   0.0000 (  0.0%)   0.0000 (  0.0%)   0.0000 (  0.0%)   0.0000 (  0.0%)  Lazy Branch Probability Analysis
   0.0000 (  0.0%)   0.0000 (  0.0%)   0.0000 (  0.0%)   0.0000 (  0.0%)  Optimization Remark Emitter
   0.0000 (  0.0%)   0.0000 (  0.0%)   0.0000 (  0.0%)   0.0000 (  0.0%)  Lazy Block Frequency Analysis
   0.0000 (  0.0%)   0.0000 (  0.0%)   0.0000 (  0.0%)   0.0000 (  0.0%)  Lazy Block Frequency Analysis
   0.0000 (  0.0%)   0.0000 (  0.0%)   0.0000 (  0.0%)   0.0000 (  0.0%)  Performance Evaluation
   0.0000 (  0.0%)   0.0000 (  0.0%)   0.0000 (  0.0%)   0.0000 (  0.0%)  Optimization Remark Emitter
   0.0000 (  0.0%)   0.0000 (  0.0%)   0.0000 (  0.0%)   0.0000 (  0.0%)  Optimization Remark Emitter
   0.0000 (  0.0%)   0.0000 (  0.0%)   0.0000 (  0.0%)   0.0000 (  0.0%)  Lazy Block Frequency Analysis
   0.0000 (  0.0%)   0.0000 (  0.0%)   0.0000 (  0.0%)   0.0000 (  0.0%)  normalize array partition result to reduce redundant sub array arguments
   0.0000 (  0.0%)   0.0000 (  0.0%)   0.0000 (  0.0%)   0.0000 (  0.0%)  Interface Analysis
   0.0000 (  0.0%)   0.0000 (  0.0%)   0.0000 (  0.0%)   0.0000 (  0.0%)  Interface Analysis
   0.0000 (  0.0%)   0.0000 (  0.0%)   0.0000 (  0.0%)   0.0000 (  0.0%)  Achieval II estimation - estimate acheival II lower bound according to constraint
   0.0000 (  0.0%)   0.0000 (  0.0%)   0.0000 (  0.0%)   0.0000 (  0.0%)  Interprocedural constant propagation
   0.0000 (  0.0%)   0.0000 (  0.0%)   0.0000 (  0.0%)   0.0000 (  0.0%)  Interface Analysis
   0.0000 (  0.0%)   0.0000 (  0.0%)   0.0000 (  0.0%)   0.0000 (  0.0%)  Array Access Range Analysis
   0.0000 (  0.0%)   0.0000 (  0.0%)   0.0000 (  0.0%)   0.0000 (  0.0%)  Interface Analysis
   0.0000 (  0.0%)   0.0000 (  0.0%)   0.0000 (  0.0%)   0.0000 (  0.0%)  Interface Analysis
   0.0000 (  0.0%)   0.0000 (  0.0%)   0.0000 (  0.0%)   0.0000 (  0.0%)  Interface Analysis
   0.0000 (  0.0%)   0.0000 (  0.0%)   0.0000 (  0.0%)   0.0000 (  0.0%)  Lower HLS related intrinsics
   0.0000 (  0.0%)   0.0000 (  0.0%)   0.0000 (  0.0%)   0.0000 (  0.0%)  Lower HLS related intrinsics
   0.0000 (  0.0%)   0.0000 (  0.0%)   0.0000 (  0.0%)   0.0000 (  0.0%)  Interface Analysis
   0.0000 (  0.0%)   0.0000 (  0.0%)   0.0000 (  0.0%)   0.0000 (  0.0%)  Assumption Cache Tracker
   0.0000 (  0.0%)   0.0000 (  0.0%)   0.0000 (  0.0%)   0.0000 (  0.0%)  Lower intrinsics for FPGAs
   0.0000 (  0.0%)   0.0000 (  0.0%)   0.0000 (  0.0%)   0.0000 (  0.0%)  Lower memory intrinsic
   0.0000 (  0.0%)   0.0000 (  0.0%)   0.0000 (  0.0%)   0.0000 (  0.0%)  Structure Decomposition
   0.0000 (  0.0%)   0.0000 (  0.0%)   0.0000 (  0.0%)   0.0000 (  0.0%)  Lower intrinsics for FPGAs
   0.0000 (  0.0%)   0.0000 (  0.0%)   0.0000 (  0.0%)   0.0000 (  0.0%)  Lower intrinsics for FPGAs
   0.0000 (  0.0%)   0.0000 (  0.0%)   0.0000 (  0.0%)   0.0000 (  0.0%)  Interface Analysis
   0.0000 (  0.0%)   0.0000 (  0.0%)   0.0000 (  0.0%)   0.0000 (  0.0%)  Interface Analysis
   0.0000 (  0.0%)   0.0000 (  0.0%)   0.0000 (  0.0%)   0.0000 (  0.0%)  Interface Analysis
   0.0000 (  0.0%)   0.0000 (  0.0%)   0.0000 (  0.0%)   0.0000 (  0.0%)  Interface Analysis
   0.0000 (  0.0%)   0.0000 (  0.0%)   0.0000 (  0.0%)   0.0000 (  0.0%)  Revert direct input/output accesses
   0.0000 (  0.0%)   0.0000 (  0.0%)   0.0000 (  0.0%)   0.0000 (  0.0%)  Revert PPPO for array-to-stream
   0.0000 (  0.0%)   0.0000 (  0.0%)   0.0000 (  0.0%)   0.0000 (  0.0%)  Interface Analysis
   0.0000 (  0.0%)   0.0000 (  0.0%)   0.0000 (  0.0%)   0.0000 (  0.0%)  Interface Analysis
   0.0000 (  0.0%)   0.0000 (  0.0%)   0.0000 (  0.0%)   0.0000 (  0.0%)  Interface Analysis
   0.0000 (  0.0%)   0.0000 (  0.0%)   0.0000 (  0.0%)   0.0000 (  0.0%)  Interface Analysis
   0.0000 (  0.0%)   0.0000 (  0.0%)   0.0000 (  0.0%)   0.0000 (  0.0%)  Revert PPPO for array-to-stream
   0.0000 (  0.0%)   0.0000 (  0.0%)   0.0000 (  0.0%)   0.0000 (  0.0%)  Interface Analysis
   0.0000 (  0.0%)   0.0000 (  0.0%)   0.0000 (  0.0%)   0.0000 (  0.0%)  Interface Analysis
   0.0000 (  0.0%)   0.0000 (  0.0%)   0.0000 (  0.0%)   0.0000 (  0.0%)  Interface Analysis
   0.0000 (  0.0%)   0.0000 (  0.0%)   0.0000 (  0.0%)   0.0000 (  0.0%)  Interface Analysis
   0.0000 (  0.0%)   0.0000 (  0.0%)   0.0000 (  0.0%)   0.0000 (  0.0%)  Interface Analysis
   0.0000 (  0.0%)   0.0000 (  0.0%)   0.0000 (  0.0%)   0.0000 (  0.0%)  Revert PPPO for array-to-stream
   0.0000 (  0.0%)   0.0000 (  0.0%)   0.0000 (  0.0%)   0.0000 (  0.0%)  Revert PPPO for array-to-stream
   0.0000 (  0.0%)   0.0000 (  0.0%)   0.0000 (  0.0%)   0.0000 (  0.0%)  Interface Analysis
   0.0000 (  0.0%)   0.0000 (  0.0%)   0.0000 (  0.0%)   0.0000 (  0.0%)  Lower intrinsics for FPGAs
   0.0000 (  0.0%)   0.0000 (  0.0%)   0.0000 (  0.0%)   0.0000 (  0.0%)  Interface Analysis
   0.0000 (  0.0%)   0.0000 (  0.0%)   0.0000 (  0.0%)   0.0000 (  0.0%)  Revert direct input/output accesses
   0.0000 (  0.0%)   0.0000 (  0.0%)   0.0000 (  0.0%)   0.0000 (  0.0%)  Revert direct input/output accesses
   0.0000 (  0.0%)   0.0000 (  0.0%)   0.0000 (  0.0%)   0.0000 (  0.0%)  Interface Analysis
   0.0000 (  0.0%)   0.0000 (  0.0%)   0.0000 (  0.0%)   0.0000 (  0.0%)  Interface Analysis
   0.0000 (  0.0%)   0.0000 (  0.0%)   0.0000 (  0.0%)   0.0000 (  0.0%)  Interface Analysis
   0.0000 (  0.0%)   0.0000 (  0.0%)   0.0000 (  0.0%)   0.0000 (  0.0%)  Interface Analysis
   0.0000 (  0.0%)   0.0000 (  0.0%)   0.0000 (  0.0%)   0.0000 (  0.0%)  Interface Analysis
   0.0000 (  0.0%)   0.0000 (  0.0%)   0.0000 (  0.0%)   0.0000 (  0.0%)  Interface Analysis
   0.0000 (  0.0%)   0.0000 (  0.0%)   0.0000 (  0.0%)   0.0000 (  0.0%)  Eliminate guard varible
   0.0000 (  0.0%)   0.0000 (  0.0%)   0.0000 (  0.0%)   0.0000 (  0.0%)  Interface Analysis
   0.0000 (  0.0%)   0.0000 (  0.0%)   0.0000 (  0.0%)   0.0000 (  0.0%)  Interface Analysis
   0.0000 (  0.0%)   0.0000 (  0.0%)   0.0000 (  0.0%)   0.0000 (  0.0%)  Eliminate guard varible
   0.0000 (  0.0%)   0.0000 (  0.0%)   0.0000 (  0.0%)   0.0000 (  0.0%)  Entirety access check on array-to-stream
   0.0000 (  0.0%)   0.0000 (  0.0%)   0.0000 (  0.0%)   0.0000 (  0.0%)  Interface Analysis
   0.0000 (  0.0%)   0.0000 (  0.0%)   0.0000 (  0.0%)   0.0000 (  0.0%)  Interface Analysis
   0.0000 (  0.0%)   0.0000 (  0.0%)   0.0000 (  0.0%)   0.0000 (  0.0%)  Interface Analysis
   0.0000 (  0.0%)   0.0000 (  0.0%)   0.0000 (  0.0%)   0.0000 (  0.0%)  Interface Analysis
   0.0000 (  0.0%)   0.0000 (  0.0%)   0.0000 (  0.0%)   0.0000 (  0.0%)  A No-Op Barrier Pass
   0.0000 (  0.0%)   0.0000 (  0.0%)   0.0000 (  0.0%)   0.0000 (  0.0%)  A No-Op Barrier Pass
   0.0000 (  0.0%)   0.0000 (  0.0%)   0.0000 (  0.0%)   0.0000 (  0.0%)  Collect basic metrics for FE reflow
   0.0000 (  0.0%)   0.0000 (  0.0%)   0.0000 (  0.0%)   0.0000 (  0.0%)  Interface Analysis
   0.0000 (  0.0%)   0.0000 (  0.0%)   0.0000 (  0.0%)   0.0000 (  0.0%)  Evaluate _ssdm_string2bits
   0.0000 (  0.0%)   0.0000 (  0.0%)   0.0000 (  0.0%)   0.0000 (  0.0%)  A No-Op Barrier Pass
   0.0000 (  0.0%)   0.0000 (  0.0%)   0.0000 (  0.0%)   0.0000 (  0.0%)  Interface Analysis
   0.0000 (  0.0%)   0.0000 (  0.0%)   0.0000 (  0.0%)   0.0000 (  0.0%)  A No-Op Barrier Pass
   0.0000 (  0.0%)   0.0000 (  0.0%)   0.0000 (  0.0%)   0.0000 (  0.0%)  Target Transform Information
   0.0000 (  0.0%)   0.0000 (  0.0%)   0.0000 (  0.0%)   0.0000 (  0.0%)  Profile summary info
   0.0000 (  0.0%)   0.0000 (  0.0%)   0.0000 (  0.0%)   0.0000 (  0.0%)  Target Library Information
   4.6606 (100.0%)   0.3442 (100.0%)   5.0048 (100.0%)   5.0293 (100.0%)  Total

===-------------------------------------------------------------------------===
                                LLVM IR Parsing
===-------------------------------------------------------------------------===
  Total Execution Time: 0.0108 seconds (0.0108 wall clock)

   ---User Time---   --System Time--   --User+System--   ---Wall Time---  --- Name ---
   0.0106 (100.0%)   0.0002 (100.0%)   0.0108 (100.0%)   0.0108 (100.0%)  Parse IR
   0.0106 (100.0%)   0.0002 (100.0%)   0.0108 (100.0%)   0.0108 (100.0%)  Total

===-------------------------------------------------------------------------===
                          Clang front-end time report
===-------------------------------------------------------------------------===
  Total Execution Time: 4.9287 seconds (4.9586 wall clock)

   ---User Time---   --System Time--   --User+System--   ---Wall Time---  --- Name ---
   4.5866 (100.0%)   0.3420 (100.0%)   4.9287 (100.0%)   4.9586 (100.0%)  Clang front-end timer
   4.5866 (100.0%)   0.3420 (100.0%)   4.9287 (100.0%)   4.9586 (100.0%)  Total

