

================================================================
== Vitis HLS Report for 'build_trigger_objects'
================================================================
* Date:           Tue May 12 23:41:57 2026

* Version:        2024.1 (Build 5069499 on May 21 2024)
* Project:        calorimeter
* Solution:       solution1 (Vivado IP Flow Target)
* Product family: virtexuplus
* Target device:  xcvu13p-fsga2577-2-e


================================================================
== Performance Estimates
================================================================
+ Timing: 
    * Summary: 
    +--------+----------+----------+------------+
    |  Clock |  Target  | Estimated| Uncertainty|
    +--------+----------+----------+------------+
    |ap_clk  |  25.00 ns|  2.478 ns|     6.75 ns|
    +--------+----------+----------+------------+

+ Latency: 
    * Summary: 
    +---------+---------+----------+----------+-----+-----+---------+
    |  Latency (cycles) |  Latency (absolute) |  Interval | Pipeline|
    |   min   |   max   |    min   |    max   | min | max |   Type  |
    +---------+---------+----------+----------+-----+-----+---------+
    |        0|        0|      0 ns|      0 ns|    0|    0|       no|
    +---------+---------+----------+----------+-----+-----+---------+

    + Detail: 
        * Instance: 
        N/A

        * Loop: 
        N/A

============================================================
+ Verbose Summary: Synthesis Manager
============================================================
InlineROM: 1
ExposeGlobal: 0
============================================================
+ Verbose Summary: CDFG Model
============================================================
IsTopModel: 0
ResetActiveHigh: 1
IsCombinational: 2
IsDatapathOnly: 0
HasWiredReturn: 1
HasMFsm: 0
HasVarLatency: 0
IsPipeline: 0
IsRtlPipelined: 0
IsInstanceOverlapped: 0
IsDontTouch: 0
HasImplIP: 0
IsGatedGlobalClock: 0


============================================================
+ Verbose Summary: Schedule
============================================================
* Number of FSM states : 1
* Pipeline : 0
* Dataflow Pipeline: 0

* FSM state transitions: 
1 --> 

* FSM state operations: 

State 1 <SV = 0> <Delay = 2.47>
ST_1 : Operation 2 [1/1] (1.42ns)   --->   "%p_read_48 = read i1 @_ssdm_op_Read.ap_auto.i1, i1 %p_read47" [./calorimeter.h:234->calorimeter.cpp:165]   --->   Operation 2 'read' 'p_read_48' <Predicate = true> <Delay = 1.42> <CoreInst = "FIFO_SRL">   --->   Core 80 'FIFO_SRL' <Latency = 0> <II = 1> <Delay = 1.42> <Storage> <Opcode : 'read' 'write' 'nbread' 'nbwrite'> <Ports = 0> <Width = -1> <Depth = -1> <FIFO>
ST_1 : Operation 3 [1/1] (1.42ns)   --->   "%p_read_49 = read i1 @_ssdm_op_Read.ap_auto.i1, i1 %p_read46" [./calorimeter.h:234->calorimeter.cpp:165]   --->   Operation 3 'read' 'p_read_49' <Predicate = true> <Delay = 1.42> <CoreInst = "FIFO_SRL">   --->   Core 80 'FIFO_SRL' <Latency = 0> <II = 1> <Delay = 1.42> <Storage> <Opcode : 'read' 'write' 'nbread' 'nbwrite'> <Ports = 0> <Width = -1> <Depth = -1> <FIFO>
ST_1 : Operation 4 [1/1] (1.42ns)   --->   "%p_read_50 = read i1 @_ssdm_op_Read.ap_auto.i1, i1 %p_read45" [./calorimeter.h:234->calorimeter.cpp:165]   --->   Operation 4 'read' 'p_read_50' <Predicate = true> <Delay = 1.42> <CoreInst = "FIFO_SRL">   --->   Core 80 'FIFO_SRL' <Latency = 0> <II = 1> <Delay = 1.42> <Storage> <Opcode : 'read' 'write' 'nbread' 'nbwrite'> <Ports = 0> <Width = -1> <Depth = -1> <FIFO>
ST_1 : Operation 5 [1/1] (1.42ns)   --->   "%p_read_51 = read i1 @_ssdm_op_Read.ap_auto.i1, i1 %p_read44" [./calorimeter.h:234->calorimeter.cpp:165]   --->   Operation 5 'read' 'p_read_51' <Predicate = true> <Delay = 1.42> <CoreInst = "FIFO_SRL">   --->   Core 80 'FIFO_SRL' <Latency = 0> <II = 1> <Delay = 1.42> <Storage> <Opcode : 'read' 'write' 'nbread' 'nbwrite'> <Ports = 0> <Width = -1> <Depth = -1> <FIFO>
ST_1 : Operation 6 [1/1] (1.42ns)   --->   "%p_read_52 = read i1 @_ssdm_op_Read.ap_auto.i1, i1 %p_read43" [./calorimeter.h:234->calorimeter.cpp:165]   --->   Operation 6 'read' 'p_read_52' <Predicate = true> <Delay = 1.42> <CoreInst = "FIFO_SRL">   --->   Core 80 'FIFO_SRL' <Latency = 0> <II = 1> <Delay = 1.42> <Storage> <Opcode : 'read' 'write' 'nbread' 'nbwrite'> <Ports = 0> <Width = -1> <Depth = -1> <FIFO>
ST_1 : Operation 7 [1/1] (1.42ns)   --->   "%p_read_53 = read i1 @_ssdm_op_Read.ap_auto.i1, i1 %p_read42" [./calorimeter.h:234->calorimeter.cpp:165]   --->   Operation 7 'read' 'p_read_53' <Predicate = true> <Delay = 1.42> <CoreInst = "FIFO_SRL">   --->   Core 80 'FIFO_SRL' <Latency = 0> <II = 1> <Delay = 1.42> <Storage> <Opcode : 'read' 'write' 'nbread' 'nbwrite'> <Ports = 0> <Width = -1> <Depth = -1> <FIFO>
ST_1 : Operation 8 [1/1] (1.42ns)   --->   "%p_read_54 = read i1 @_ssdm_op_Read.ap_auto.i1, i1 %p_read41" [./calorimeter.h:234->calorimeter.cpp:165]   --->   Operation 8 'read' 'p_read_54' <Predicate = true> <Delay = 1.42> <CoreInst = "FIFO_SRL">   --->   Core 80 'FIFO_SRL' <Latency = 0> <II = 1> <Delay = 1.42> <Storage> <Opcode : 'read' 'write' 'nbread' 'nbwrite'> <Ports = 0> <Width = -1> <Depth = -1> <FIFO>
ST_1 : Operation 9 [1/1] (1.42ns)   --->   "%p_read_55 = read i1 @_ssdm_op_Read.ap_auto.i1, i1 %p_read40" [./calorimeter.h:234->calorimeter.cpp:165]   --->   Operation 9 'read' 'p_read_55' <Predicate = true> <Delay = 1.42> <CoreInst = "FIFO_SRL">   --->   Core 80 'FIFO_SRL' <Latency = 0> <II = 1> <Delay = 1.42> <Storage> <Opcode : 'read' 'write' 'nbread' 'nbwrite'> <Ports = 0> <Width = -1> <Depth = -1> <FIFO>
ST_1 : Operation 10 [1/1] (1.42ns)   --->   "%p_read_56 = read i4 @_ssdm_op_Read.ap_auto.i4, i4 %p_read39" [./calorimeter.h:234->calorimeter.cpp:165]   --->   Operation 10 'read' 'p_read_56' <Predicate = true> <Delay = 1.42> <CoreInst = "FIFO_SRL">   --->   Core 80 'FIFO_SRL' <Latency = 0> <II = 1> <Delay = 1.42> <Storage> <Opcode : 'read' 'write' 'nbread' 'nbwrite'> <Ports = 0> <Width = -1> <Depth = -1> <FIFO>
ST_1 : Operation 11 [1/1] (1.42ns)   --->   "%p_read_57 = read i4 @_ssdm_op_Read.ap_auto.i4, i4 %p_read38" [./calorimeter.h:234->calorimeter.cpp:165]   --->   Operation 11 'read' 'p_read_57' <Predicate = true> <Delay = 1.42> <CoreInst = "FIFO_SRL">   --->   Core 80 'FIFO_SRL' <Latency = 0> <II = 1> <Delay = 1.42> <Storage> <Opcode : 'read' 'write' 'nbread' 'nbwrite'> <Ports = 0> <Width = -1> <Depth = -1> <FIFO>
ST_1 : Operation 12 [1/1] (1.42ns)   --->   "%p_read_58 = read i4 @_ssdm_op_Read.ap_auto.i4, i4 %p_read37" [./calorimeter.h:234->calorimeter.cpp:165]   --->   Operation 12 'read' 'p_read_58' <Predicate = true> <Delay = 1.42> <CoreInst = "FIFO_SRL">   --->   Core 80 'FIFO_SRL' <Latency = 0> <II = 1> <Delay = 1.42> <Storage> <Opcode : 'read' 'write' 'nbread' 'nbwrite'> <Ports = 0> <Width = -1> <Depth = -1> <FIFO>
ST_1 : Operation 13 [1/1] (1.42ns)   --->   "%p_read_59 = read i4 @_ssdm_op_Read.ap_auto.i4, i4 %p_read36" [./calorimeter.h:234->calorimeter.cpp:165]   --->   Operation 13 'read' 'p_read_59' <Predicate = true> <Delay = 1.42> <CoreInst = "FIFO_SRL">   --->   Core 80 'FIFO_SRL' <Latency = 0> <II = 1> <Delay = 1.42> <Storage> <Opcode : 'read' 'write' 'nbread' 'nbwrite'> <Ports = 0> <Width = -1> <Depth = -1> <FIFO>
ST_1 : Operation 14 [1/1] (1.42ns)   --->   "%p_read_60 = read i4 @_ssdm_op_Read.ap_auto.i4, i4 %p_read35" [./calorimeter.h:234->calorimeter.cpp:165]   --->   Operation 14 'read' 'p_read_60' <Predicate = true> <Delay = 1.42> <CoreInst = "FIFO_SRL">   --->   Core 80 'FIFO_SRL' <Latency = 0> <II = 1> <Delay = 1.42> <Storage> <Opcode : 'read' 'write' 'nbread' 'nbwrite'> <Ports = 0> <Width = -1> <Depth = -1> <FIFO>
ST_1 : Operation 15 [1/1] (1.42ns)   --->   "%p_read_61 = read i4 @_ssdm_op_Read.ap_auto.i4, i4 %p_read34" [./calorimeter.h:234->calorimeter.cpp:165]   --->   Operation 15 'read' 'p_read_61' <Predicate = true> <Delay = 1.42> <CoreInst = "FIFO_SRL">   --->   Core 80 'FIFO_SRL' <Latency = 0> <II = 1> <Delay = 1.42> <Storage> <Opcode : 'read' 'write' 'nbread' 'nbwrite'> <Ports = 0> <Width = -1> <Depth = -1> <FIFO>
ST_1 : Operation 16 [1/1] (1.42ns)   --->   "%p_read_62 = read i4 @_ssdm_op_Read.ap_auto.i4, i4 %p_read33" [./calorimeter.h:234->calorimeter.cpp:165]   --->   Operation 16 'read' 'p_read_62' <Predicate = true> <Delay = 1.42> <CoreInst = "FIFO_SRL">   --->   Core 80 'FIFO_SRL' <Latency = 0> <II = 1> <Delay = 1.42> <Storage> <Opcode : 'read' 'write' 'nbread' 'nbwrite'> <Ports = 0> <Width = -1> <Depth = -1> <FIFO>
ST_1 : Operation 17 [1/1] (1.42ns)   --->   "%p_read_63 = read i4 @_ssdm_op_Read.ap_auto.i4, i4 %p_read32" [./calorimeter.h:234->calorimeter.cpp:165]   --->   Operation 17 'read' 'p_read_63' <Predicate = true> <Delay = 1.42> <CoreInst = "FIFO_SRL">   --->   Core 80 'FIFO_SRL' <Latency = 0> <II = 1> <Delay = 1.42> <Storage> <Opcode : 'read' 'write' 'nbread' 'nbwrite'> <Ports = 0> <Width = -1> <Depth = -1> <FIFO>
ST_1 : Operation 18 [1/1] (1.42ns)   --->   "%p_read_64 = read i6 @_ssdm_op_Read.ap_auto.i6, i6 %p_read31" [./calorimeter.h:234->calorimeter.cpp:165]   --->   Operation 18 'read' 'p_read_64' <Predicate = true> <Delay = 1.42> <CoreInst = "FIFO_SRL">   --->   Core 80 'FIFO_SRL' <Latency = 0> <II = 1> <Delay = 1.42> <Storage> <Opcode : 'read' 'write' 'nbread' 'nbwrite'> <Ports = 0> <Width = -1> <Depth = -1> <FIFO>
ST_1 : Operation 19 [1/1] (1.42ns)   --->   "%p_read_65 = read i6 @_ssdm_op_Read.ap_auto.i6, i6 %p_read30" [./calorimeter.h:234->calorimeter.cpp:165]   --->   Operation 19 'read' 'p_read_65' <Predicate = true> <Delay = 1.42> <CoreInst = "FIFO_SRL">   --->   Core 80 'FIFO_SRL' <Latency = 0> <II = 1> <Delay = 1.42> <Storage> <Opcode : 'read' 'write' 'nbread' 'nbwrite'> <Ports = 0> <Width = -1> <Depth = -1> <FIFO>
ST_1 : Operation 20 [1/1] (1.42ns)   --->   "%p_read_66 = read i6 @_ssdm_op_Read.ap_auto.i6, i6 %p_read29" [./calorimeter.h:234->calorimeter.cpp:165]   --->   Operation 20 'read' 'p_read_66' <Predicate = true> <Delay = 1.42> <CoreInst = "FIFO_SRL">   --->   Core 80 'FIFO_SRL' <Latency = 0> <II = 1> <Delay = 1.42> <Storage> <Opcode : 'read' 'write' 'nbread' 'nbwrite'> <Ports = 0> <Width = -1> <Depth = -1> <FIFO>
ST_1 : Operation 21 [1/1] (1.42ns)   --->   "%p_read_67 = read i6 @_ssdm_op_Read.ap_auto.i6, i6 %p_read28" [./calorimeter.h:234->calorimeter.cpp:165]   --->   Operation 21 'read' 'p_read_67' <Predicate = true> <Delay = 1.42> <CoreInst = "FIFO_SRL">   --->   Core 80 'FIFO_SRL' <Latency = 0> <II = 1> <Delay = 1.42> <Storage> <Opcode : 'read' 'write' 'nbread' 'nbwrite'> <Ports = 0> <Width = -1> <Depth = -1> <FIFO>
ST_1 : Operation 22 [1/1] (1.42ns)   --->   "%p_read_68 = read i6 @_ssdm_op_Read.ap_auto.i6, i6 %p_read27" [./calorimeter.h:234->calorimeter.cpp:165]   --->   Operation 22 'read' 'p_read_68' <Predicate = true> <Delay = 1.42> <CoreInst = "FIFO_SRL">   --->   Core 80 'FIFO_SRL' <Latency = 0> <II = 1> <Delay = 1.42> <Storage> <Opcode : 'read' 'write' 'nbread' 'nbwrite'> <Ports = 0> <Width = -1> <Depth = -1> <FIFO>
ST_1 : Operation 23 [1/1] (1.42ns)   --->   "%p_read_69 = read i6 @_ssdm_op_Read.ap_auto.i6, i6 %p_read26" [./calorimeter.h:234->calorimeter.cpp:165]   --->   Operation 23 'read' 'p_read_69' <Predicate = true> <Delay = 1.42> <CoreInst = "FIFO_SRL">   --->   Core 80 'FIFO_SRL' <Latency = 0> <II = 1> <Delay = 1.42> <Storage> <Opcode : 'read' 'write' 'nbread' 'nbwrite'> <Ports = 0> <Width = -1> <Depth = -1> <FIFO>
ST_1 : Operation 24 [1/1] (1.42ns)   --->   "%p_read_70 = read i6 @_ssdm_op_Read.ap_auto.i6, i6 %p_read25" [./calorimeter.h:234->calorimeter.cpp:165]   --->   Operation 24 'read' 'p_read_70' <Predicate = true> <Delay = 1.42> <CoreInst = "FIFO_SRL">   --->   Core 80 'FIFO_SRL' <Latency = 0> <II = 1> <Delay = 1.42> <Storage> <Opcode : 'read' 'write' 'nbread' 'nbwrite'> <Ports = 0> <Width = -1> <Depth = -1> <FIFO>
ST_1 : Operation 25 [1/1] (1.42ns)   --->   "%p_read_71 = read i6 @_ssdm_op_Read.ap_auto.i6, i6 %p_read24" [./calorimeter.h:234->calorimeter.cpp:165]   --->   Operation 25 'read' 'p_read_71' <Predicate = true> <Delay = 1.42> <CoreInst = "FIFO_SRL">   --->   Core 80 'FIFO_SRL' <Latency = 0> <II = 1> <Delay = 1.42> <Storage> <Opcode : 'read' 'write' 'nbread' 'nbwrite'> <Ports = 0> <Width = -1> <Depth = -1> <FIFO>
ST_1 : Operation 26 [1/1] (1.42ns)   --->   "%p_read_72 = read i6 @_ssdm_op_Read.ap_auto.i6, i6 %p_read23" [./calorimeter.h:234->calorimeter.cpp:165]   --->   Operation 26 'read' 'p_read_72' <Predicate = true> <Delay = 1.42> <CoreInst = "FIFO_SRL">   --->   Core 80 'FIFO_SRL' <Latency = 0> <II = 1> <Delay = 1.42> <Storage> <Opcode : 'read' 'write' 'nbread' 'nbwrite'> <Ports = 0> <Width = -1> <Depth = -1> <FIFO>
ST_1 : Operation 27 [1/1] (1.42ns)   --->   "%p_read_73 = read i6 @_ssdm_op_Read.ap_auto.i6, i6 %p_read22" [./calorimeter.h:234->calorimeter.cpp:165]   --->   Operation 27 'read' 'p_read_73' <Predicate = true> <Delay = 1.42> <CoreInst = "FIFO_SRL">   --->   Core 80 'FIFO_SRL' <Latency = 0> <II = 1> <Delay = 1.42> <Storage> <Opcode : 'read' 'write' 'nbread' 'nbwrite'> <Ports = 0> <Width = -1> <Depth = -1> <FIFO>
ST_1 : Operation 28 [1/1] (1.42ns)   --->   "%p_read_74 = read i6 @_ssdm_op_Read.ap_auto.i6, i6 %p_read21" [./calorimeter.h:234->calorimeter.cpp:165]   --->   Operation 28 'read' 'p_read_74' <Predicate = true> <Delay = 1.42> <CoreInst = "FIFO_SRL">   --->   Core 80 'FIFO_SRL' <Latency = 0> <II = 1> <Delay = 1.42> <Storage> <Opcode : 'read' 'write' 'nbread' 'nbwrite'> <Ports = 0> <Width = -1> <Depth = -1> <FIFO>
ST_1 : Operation 29 [1/1] (1.42ns)   --->   "%p_read2068 = read i6 @_ssdm_op_Read.ap_auto.i6, i6 %p_read20" [./calorimeter.h:234->calorimeter.cpp:165]   --->   Operation 29 'read' 'p_read2068' <Predicate = true> <Delay = 1.42> <CoreInst = "FIFO_SRL">   --->   Core 80 'FIFO_SRL' <Latency = 0> <II = 1> <Delay = 1.42> <Storage> <Opcode : 'read' 'write' 'nbread' 'nbwrite'> <Ports = 0> <Width = -1> <Depth = -1> <FIFO>
ST_1 : Operation 30 [1/1] (1.42ns)   --->   "%p_read_75 = read i6 @_ssdm_op_Read.ap_auto.i6, i6 %p_read19" [./calorimeter.h:234->calorimeter.cpp:165]   --->   Operation 30 'read' 'p_read_75' <Predicate = true> <Delay = 1.42> <CoreInst = "FIFO_SRL">   --->   Core 80 'FIFO_SRL' <Latency = 0> <II = 1> <Delay = 1.42> <Storage> <Opcode : 'read' 'write' 'nbread' 'nbwrite'> <Ports = 0> <Width = -1> <Depth = -1> <FIFO>
ST_1 : Operation 31 [1/1] (1.42ns)   --->   "%p_read_76 = read i6 @_ssdm_op_Read.ap_auto.i6, i6 %p_read18" [./calorimeter.h:234->calorimeter.cpp:165]   --->   Operation 31 'read' 'p_read_76' <Predicate = true> <Delay = 1.42> <CoreInst = "FIFO_SRL">   --->   Core 80 'FIFO_SRL' <Latency = 0> <II = 1> <Delay = 1.42> <Storage> <Opcode : 'read' 'write' 'nbread' 'nbwrite'> <Ports = 0> <Width = -1> <Depth = -1> <FIFO>
ST_1 : Operation 32 [1/1] (1.42ns)   --->   "%p_read_77 = read i6 @_ssdm_op_Read.ap_auto.i6, i6 %p_read17" [./calorimeter.h:234->calorimeter.cpp:165]   --->   Operation 32 'read' 'p_read_77' <Predicate = true> <Delay = 1.42> <CoreInst = "FIFO_SRL">   --->   Core 80 'FIFO_SRL' <Latency = 0> <II = 1> <Delay = 1.42> <Storage> <Opcode : 'read' 'write' 'nbread' 'nbwrite'> <Ports = 0> <Width = -1> <Depth = -1> <FIFO>
ST_1 : Operation 33 [1/1] (1.42ns)   --->   "%p_read_78 = read i6 @_ssdm_op_Read.ap_auto.i6, i6 %p_read16" [./calorimeter.h:234->calorimeter.cpp:165]   --->   Operation 33 'read' 'p_read_78' <Predicate = true> <Delay = 1.42> <CoreInst = "FIFO_SRL">   --->   Core 80 'FIFO_SRL' <Latency = 0> <II = 1> <Delay = 1.42> <Storage> <Opcode : 'read' 'write' 'nbread' 'nbwrite'> <Ports = 0> <Width = -1> <Depth = -1> <FIFO>
ST_1 : Operation 34 [1/1] (1.42ns)   --->   "%p_read_79 = read i20 @_ssdm_op_Read.ap_auto.i20, i20 %p_read15" [./calorimeter.h:234->calorimeter.cpp:165]   --->   Operation 34 'read' 'p_read_79' <Predicate = true> <Delay = 1.42> <CoreInst = "FIFO_SRL">   --->   Core 80 'FIFO_SRL' <Latency = 0> <II = 1> <Delay = 1.42> <Storage> <Opcode : 'read' 'write' 'nbread' 'nbwrite'> <Ports = 0> <Width = -1> <Depth = -1> <FIFO>
ST_1 : Operation 35 [1/1] (1.42ns)   --->   "%p_read_80 = read i20 @_ssdm_op_Read.ap_auto.i20, i20 %p_read14" [./calorimeter.h:234->calorimeter.cpp:165]   --->   Operation 35 'read' 'p_read_80' <Predicate = true> <Delay = 1.42> <CoreInst = "FIFO_SRL">   --->   Core 80 'FIFO_SRL' <Latency = 0> <II = 1> <Delay = 1.42> <Storage> <Opcode : 'read' 'write' 'nbread' 'nbwrite'> <Ports = 0> <Width = -1> <Depth = -1> <FIFO>
ST_1 : Operation 36 [1/1] (1.42ns)   --->   "%p_read_81 = read i20 @_ssdm_op_Read.ap_auto.i20, i20 %p_read13" [./calorimeter.h:234->calorimeter.cpp:165]   --->   Operation 36 'read' 'p_read_81' <Predicate = true> <Delay = 1.42> <CoreInst = "FIFO_SRL">   --->   Core 80 'FIFO_SRL' <Latency = 0> <II = 1> <Delay = 1.42> <Storage> <Opcode : 'read' 'write' 'nbread' 'nbwrite'> <Ports = 0> <Width = -1> <Depth = -1> <FIFO>
ST_1 : Operation 37 [1/1] (1.42ns)   --->   "%p_read_82 = read i20 @_ssdm_op_Read.ap_auto.i20, i20 %p_read12" [./calorimeter.h:234->calorimeter.cpp:165]   --->   Operation 37 'read' 'p_read_82' <Predicate = true> <Delay = 1.42> <CoreInst = "FIFO_SRL">   --->   Core 80 'FIFO_SRL' <Latency = 0> <II = 1> <Delay = 1.42> <Storage> <Opcode : 'read' 'write' 'nbread' 'nbwrite'> <Ports = 0> <Width = -1> <Depth = -1> <FIFO>
ST_1 : Operation 38 [1/1] (1.42ns)   --->   "%p_read_83 = read i20 @_ssdm_op_Read.ap_auto.i20, i20 %p_read11" [./calorimeter.h:234->calorimeter.cpp:165]   --->   Operation 38 'read' 'p_read_83' <Predicate = true> <Delay = 1.42> <CoreInst = "FIFO_SRL">   --->   Core 80 'FIFO_SRL' <Latency = 0> <II = 1> <Delay = 1.42> <Storage> <Opcode : 'read' 'write' 'nbread' 'nbwrite'> <Ports = 0> <Width = -1> <Depth = -1> <FIFO>
ST_1 : Operation 39 [1/1] (1.42ns)   --->   "%p_read1058 = read i20 @_ssdm_op_Read.ap_auto.i20, i20 %p_read10" [./calorimeter.h:234->calorimeter.cpp:165]   --->   Operation 39 'read' 'p_read1058' <Predicate = true> <Delay = 1.42> <CoreInst = "FIFO_SRL">   --->   Core 80 'FIFO_SRL' <Latency = 0> <II = 1> <Delay = 1.42> <Storage> <Opcode : 'read' 'write' 'nbread' 'nbwrite'> <Ports = 0> <Width = -1> <Depth = -1> <FIFO>
ST_1 : Operation 40 [1/1] (1.42ns)   --->   "%p_read957 = read i20 @_ssdm_op_Read.ap_auto.i20, i20 %p_read9" [./calorimeter.h:234->calorimeter.cpp:165]   --->   Operation 40 'read' 'p_read957' <Predicate = true> <Delay = 1.42> <CoreInst = "FIFO_SRL">   --->   Core 80 'FIFO_SRL' <Latency = 0> <II = 1> <Delay = 1.42> <Storage> <Opcode : 'read' 'write' 'nbread' 'nbwrite'> <Ports = 0> <Width = -1> <Depth = -1> <FIFO>
ST_1 : Operation 41 [1/1] (1.42ns)   --->   "%p_read856 = read i20 @_ssdm_op_Read.ap_auto.i20, i20 %p_read8" [./calorimeter.h:234->calorimeter.cpp:165]   --->   Operation 41 'read' 'p_read856' <Predicate = true> <Delay = 1.42> <CoreInst = "FIFO_SRL">   --->   Core 80 'FIFO_SRL' <Latency = 0> <II = 1> <Delay = 1.42> <Storage> <Opcode : 'read' 'write' 'nbread' 'nbwrite'> <Ports = 0> <Width = -1> <Depth = -1> <FIFO>
ST_1 : Operation 42 [1/1] (1.42ns)   --->   "%p_read755 = read i20 @_ssdm_op_Read.ap_auto.i20, i20 %p_read7" [./calorimeter.h:234->calorimeter.cpp:165]   --->   Operation 42 'read' 'p_read755' <Predicate = true> <Delay = 1.42> <CoreInst = "FIFO_SRL">   --->   Core 80 'FIFO_SRL' <Latency = 0> <II = 1> <Delay = 1.42> <Storage> <Opcode : 'read' 'write' 'nbread' 'nbwrite'> <Ports = 0> <Width = -1> <Depth = -1> <FIFO>
ST_1 : Operation 43 [1/1] (1.42ns)   --->   "%p_read654 = read i20 @_ssdm_op_Read.ap_auto.i20, i20 %p_read6" [./calorimeter.h:234->calorimeter.cpp:165]   --->   Operation 43 'read' 'p_read654' <Predicate = true> <Delay = 1.42> <CoreInst = "FIFO_SRL">   --->   Core 80 'FIFO_SRL' <Latency = 0> <II = 1> <Delay = 1.42> <Storage> <Opcode : 'read' 'write' 'nbread' 'nbwrite'> <Ports = 0> <Width = -1> <Depth = -1> <FIFO>
ST_1 : Operation 44 [1/1] (1.42ns)   --->   "%p_read553 = read i20 @_ssdm_op_Read.ap_auto.i20, i20 %p_read5" [./calorimeter.h:234->calorimeter.cpp:165]   --->   Operation 44 'read' 'p_read553' <Predicate = true> <Delay = 1.42> <CoreInst = "FIFO_SRL">   --->   Core 80 'FIFO_SRL' <Latency = 0> <II = 1> <Delay = 1.42> <Storage> <Opcode : 'read' 'write' 'nbread' 'nbwrite'> <Ports = 0> <Width = -1> <Depth = -1> <FIFO>
ST_1 : Operation 45 [1/1] (1.42ns)   --->   "%p_read452 = read i20 @_ssdm_op_Read.ap_auto.i20, i20 %p_read4" [./calorimeter.h:234->calorimeter.cpp:165]   --->   Operation 45 'read' 'p_read452' <Predicate = true> <Delay = 1.42> <CoreInst = "FIFO_SRL">   --->   Core 80 'FIFO_SRL' <Latency = 0> <II = 1> <Delay = 1.42> <Storage> <Opcode : 'read' 'write' 'nbread' 'nbwrite'> <Ports = 0> <Width = -1> <Depth = -1> <FIFO>
ST_1 : Operation 46 [1/1] (1.42ns)   --->   "%p_read351 = read i20 @_ssdm_op_Read.ap_auto.i20, i20 %p_read3" [./calorimeter.h:234->calorimeter.cpp:165]   --->   Operation 46 'read' 'p_read351' <Predicate = true> <Delay = 1.42> <CoreInst = "FIFO_SRL">   --->   Core 80 'FIFO_SRL' <Latency = 0> <II = 1> <Delay = 1.42> <Storage> <Opcode : 'read' 'write' 'nbread' 'nbwrite'> <Ports = 0> <Width = -1> <Depth = -1> <FIFO>
ST_1 : Operation 47 [1/1] (1.42ns)   --->   "%p_read250 = read i20 @_ssdm_op_Read.ap_auto.i20, i20 %p_read2" [./calorimeter.h:234->calorimeter.cpp:165]   --->   Operation 47 'read' 'p_read250' <Predicate = true> <Delay = 1.42> <CoreInst = "FIFO_SRL">   --->   Core 80 'FIFO_SRL' <Latency = 0> <II = 1> <Delay = 1.42> <Storage> <Opcode : 'read' 'write' 'nbread' 'nbwrite'> <Ports = 0> <Width = -1> <Depth = -1> <FIFO>
ST_1 : Operation 48 [1/1] (1.42ns)   --->   "%p_read149 = read i20 @_ssdm_op_Read.ap_auto.i20, i20 %p_read1" [./calorimeter.h:234->calorimeter.cpp:165]   --->   Operation 48 'read' 'p_read149' <Predicate = true> <Delay = 1.42> <CoreInst = "FIFO_SRL">   --->   Core 80 'FIFO_SRL' <Latency = 0> <II = 1> <Delay = 1.42> <Storage> <Opcode : 'read' 'write' 'nbread' 'nbwrite'> <Ports = 0> <Width = -1> <Depth = -1> <FIFO>
ST_1 : Operation 49 [1/1] (1.42ns)   --->   "%p_read48 = read i20 @_ssdm_op_Read.ap_auto.i20, i20 %p_read" [./calorimeter.h:234->calorimeter.cpp:165]   --->   Operation 49 'read' 'p_read48' <Predicate = true> <Delay = 1.42> <CoreInst = "FIFO_SRL">   --->   Core 80 'FIFO_SRL' <Latency = 0> <II = 1> <Delay = 1.42> <Storage> <Opcode : 'read' 'write' 'nbread' 'nbwrite'> <Ports = 0> <Width = -1> <Depth = -1> <FIFO>
ST_1 : Operation 50 [1/1] (0.70ns)   --->   "%icmp_ln234 = icmp_eq  i4 %p_read_63, i4 3" [./calorimeter.h:234->calorimeter.cpp:165]   --->   Operation 50 'icmp' 'icmp_ln234' <Predicate = (p_read_55)> <Delay = 0.70> <CoreInst = "Cmp">   --->   Core 9 'Cmp' <Latency = 0> <II = 1> <Delay = 0.70> <FuncUnit> <Opcode : 'seteq' 'setne' 'setle' 'setge' 'setlt' 'setgt'> <InPorts = 2> <OutPorts = 1>
ST_1 : Operation 51 [1/1] (0.00ns) (grouped into LUT with out node em_objects_0_new_0)   --->   "%select_ln234 = select i1 %icmp_ln234, i2 1, i2 2" [./calorimeter.h:234->calorimeter.cpp:165]   --->   Operation 51 'select' 'select_ln234' <Predicate = (p_read_55)> <Delay = 0.00> <CoreInst = "Sel">   --->   Core 73 'Sel' <Latency = 0> <II = 1> <Delay = 0.27> <FuncUnit> <Opcode : 'select'> <InPorts = 3> <OutPorts = 1>
ST_1 : Operation 52 [1/1] (0.00ns) (grouped into LUT with out node em_objects_0_new_0)   --->   "%or_ln234_s = bitconcatenate i58 @_ssdm_op_BitConcatenate.i58.i2.i4.i6.i6.i20.i20, i2 %select_ln234, i4 %p_read_63, i6 %p_read_71, i6 %p_read_78, i20 %p_read856, i20 %p_read48" [./calorimeter.h:234->calorimeter.cpp:165]   --->   Operation 52 'bitconcatenate' 'or_ln234_s' <Predicate = (p_read_55)> <Delay = 0.00>
ST_1 : Operation 53 [1/1] (0.00ns) (grouped into LUT with out node em_objects_0_new_0)   --->   "%zext_ln234 = zext i58 %or_ln234_s" [./calorimeter.h:234->calorimeter.cpp:165]   --->   Operation 53 'zext' 'zext_ln234' <Predicate = (p_read_55)> <Delay = 0.00>
ST_1 : Operation 54 [1/1] (0.00ns) (grouped into LUT with out node em_objects_0_new_0)   --->   "%or_ln = bitconcatenate i89 @_ssdm_op_BitConcatenate.i89.i1.i88, i1 1, i88 %zext_ln234" [./calorimeter.h:234->calorimeter.cpp:165]   --->   Operation 54 'bitconcatenate' 'or_ln' <Predicate = (p_read_55)> <Delay = 0.00>
ST_1 : Operation 55 [1/1] (0.34ns) (out node of the LUT)   --->   "%em_objects_0_new_0 = select i1 %p_read_55, i89 %or_ln, i89 0" [./calorimeter.h:234->calorimeter.cpp:165]   --->   Operation 55 'select' 'em_objects_0_new_0' <Predicate = true> <Delay = 0.34> <CoreInst = "Sel">   --->   Core 73 'Sel' <Latency = 0> <II = 1> <Delay = 0.34> <FuncUnit> <Opcode : 'select'> <InPorts = 3> <OutPorts = 1>
ST_1 : Operation 56 [1/1] (0.00ns)   --->   "%write_ln218 = write void @_ssdm_op_Write.ap_auto.i89P0A, i89 %em_objects_0, i89 %em_objects_0_new_0" [./calorimeter.h:218->calorimeter.cpp:161]   --->   Operation 56 'write' 'write_ln218' <Predicate = true> <Delay = 0.00>
ST_1 : Operation 57 [1/1] (0.70ns)   --->   "%icmp_ln234_8 = icmp_eq  i4 %p_read_62, i4 3" [./calorimeter.h:234->calorimeter.cpp:165]   --->   Operation 57 'icmp' 'icmp_ln234_8' <Predicate = (p_read_54)> <Delay = 0.70> <CoreInst = "Cmp">   --->   Core 9 'Cmp' <Latency = 0> <II = 1> <Delay = 0.70> <FuncUnit> <Opcode : 'seteq' 'setne' 'setle' 'setge' 'setlt' 'setgt'> <InPorts = 2> <OutPorts = 1>
ST_1 : Operation 58 [1/1] (0.00ns) (grouped into LUT with out node em_objects_1_new_0)   --->   "%select_ln234_8 = select i1 %icmp_ln234_8, i2 1, i2 2" [./calorimeter.h:234->calorimeter.cpp:165]   --->   Operation 58 'select' 'select_ln234_8' <Predicate = (p_read_54)> <Delay = 0.00> <CoreInst = "Sel">   --->   Core 73 'Sel' <Latency = 0> <II = 1> <Delay = 0.27> <FuncUnit> <Opcode : 'select'> <InPorts = 3> <OutPorts = 1>
ST_1 : Operation 59 [1/1] (0.00ns) (grouped into LUT with out node em_objects_1_new_0)   --->   "%or_ln234_14 = bitconcatenate i58 @_ssdm_op_BitConcatenate.i58.i2.i4.i6.i6.i20.i20, i2 %select_ln234_8, i4 %p_read_62, i6 %p_read_70, i6 %p_read_77, i20 %p_read957, i20 %p_read149" [./calorimeter.h:234->calorimeter.cpp:165]   --->   Operation 59 'bitconcatenate' 'or_ln234_14' <Predicate = (p_read_54)> <Delay = 0.00>
ST_1 : Operation 60 [1/1] (0.00ns) (grouped into LUT with out node em_objects_1_new_0)   --->   "%zext_ln234_8 = zext i58 %or_ln234_14" [./calorimeter.h:234->calorimeter.cpp:165]   --->   Operation 60 'zext' 'zext_ln234_8' <Predicate = (p_read_54)> <Delay = 0.00>
ST_1 : Operation 61 [1/1] (0.00ns) (grouped into LUT with out node em_objects_1_new_0)   --->   "%or_ln234_15 = bitconcatenate i89 @_ssdm_op_BitConcatenate.i89.i1.i88, i1 1, i88 %zext_ln234_8" [./calorimeter.h:234->calorimeter.cpp:165]   --->   Operation 61 'bitconcatenate' 'or_ln234_15' <Predicate = (p_read_54)> <Delay = 0.00>
ST_1 : Operation 62 [1/1] (0.34ns) (out node of the LUT)   --->   "%em_objects_1_new_0 = select i1 %p_read_54, i89 %or_ln234_15, i89 0" [./calorimeter.h:234->calorimeter.cpp:165]   --->   Operation 62 'select' 'em_objects_1_new_0' <Predicate = true> <Delay = 0.34> <CoreInst = "Sel">   --->   Core 73 'Sel' <Latency = 0> <II = 1> <Delay = 0.34> <FuncUnit> <Opcode : 'select'> <InPorts = 3> <OutPorts = 1>
ST_1 : Operation 63 [1/1] (0.00ns)   --->   "%write_ln218 = write void @_ssdm_op_Write.ap_auto.i89P0A, i89 %em_objects_1, i89 %em_objects_1_new_0" [./calorimeter.h:218->calorimeter.cpp:161]   --->   Operation 63 'write' 'write_ln218' <Predicate = true> <Delay = 0.00>
ST_1 : Operation 64 [1/1] (0.70ns)   --->   "%icmp_ln234_9 = icmp_eq  i4 %p_read_61, i4 3" [./calorimeter.h:234->calorimeter.cpp:165]   --->   Operation 64 'icmp' 'icmp_ln234_9' <Predicate = (p_read_53)> <Delay = 0.70> <CoreInst = "Cmp">   --->   Core 9 'Cmp' <Latency = 0> <II = 1> <Delay = 0.70> <FuncUnit> <Opcode : 'seteq' 'setne' 'setle' 'setge' 'setlt' 'setgt'> <InPorts = 2> <OutPorts = 1>
ST_1 : Operation 65 [1/1] (0.00ns) (grouped into LUT with out node em_objects_2_new_0)   --->   "%select_ln234_9 = select i1 %icmp_ln234_9, i2 1, i2 2" [./calorimeter.h:234->calorimeter.cpp:165]   --->   Operation 65 'select' 'select_ln234_9' <Predicate = (p_read_53)> <Delay = 0.00> <CoreInst = "Sel">   --->   Core 73 'Sel' <Latency = 0> <II = 1> <Delay = 0.27> <FuncUnit> <Opcode : 'select'> <InPorts = 3> <OutPorts = 1>
ST_1 : Operation 66 [1/1] (0.00ns) (grouped into LUT with out node em_objects_2_new_0)   --->   "%or_ln234_16 = bitconcatenate i58 @_ssdm_op_BitConcatenate.i58.i2.i4.i6.i6.i20.i20, i2 %select_ln234_9, i4 %p_read_61, i6 %p_read_69, i6 %p_read_76, i20 %p_read1058, i20 %p_read250" [./calorimeter.h:234->calorimeter.cpp:165]   --->   Operation 66 'bitconcatenate' 'or_ln234_16' <Predicate = (p_read_53)> <Delay = 0.00>
ST_1 : Operation 67 [1/1] (0.00ns) (grouped into LUT with out node em_objects_2_new_0)   --->   "%zext_ln234_9 = zext i58 %or_ln234_16" [./calorimeter.h:234->calorimeter.cpp:165]   --->   Operation 67 'zext' 'zext_ln234_9' <Predicate = (p_read_53)> <Delay = 0.00>
ST_1 : Operation 68 [1/1] (0.00ns) (grouped into LUT with out node em_objects_2_new_0)   --->   "%or_ln234_17 = bitconcatenate i89 @_ssdm_op_BitConcatenate.i89.i1.i88, i1 1, i88 %zext_ln234_9" [./calorimeter.h:234->calorimeter.cpp:165]   --->   Operation 68 'bitconcatenate' 'or_ln234_17' <Predicate = (p_read_53)> <Delay = 0.00>
ST_1 : Operation 69 [1/1] (0.34ns) (out node of the LUT)   --->   "%em_objects_2_new_0 = select i1 %p_read_53, i89 %or_ln234_17, i89 0" [./calorimeter.h:234->calorimeter.cpp:165]   --->   Operation 69 'select' 'em_objects_2_new_0' <Predicate = true> <Delay = 0.34> <CoreInst = "Sel">   --->   Core 73 'Sel' <Latency = 0> <II = 1> <Delay = 0.34> <FuncUnit> <Opcode : 'select'> <InPorts = 3> <OutPorts = 1>
ST_1 : Operation 70 [1/1] (0.00ns)   --->   "%write_ln218 = write void @_ssdm_op_Write.ap_auto.i89P0A, i89 %em_objects_2, i89 %em_objects_2_new_0" [./calorimeter.h:218->calorimeter.cpp:161]   --->   Operation 70 'write' 'write_ln218' <Predicate = true> <Delay = 0.00>
ST_1 : Operation 71 [1/1] (0.70ns)   --->   "%icmp_ln234_10 = icmp_eq  i4 %p_read_60, i4 3" [./calorimeter.h:234->calorimeter.cpp:165]   --->   Operation 71 'icmp' 'icmp_ln234_10' <Predicate = (p_read_52)> <Delay = 0.70> <CoreInst = "Cmp">   --->   Core 9 'Cmp' <Latency = 0> <II = 1> <Delay = 0.70> <FuncUnit> <Opcode : 'seteq' 'setne' 'setle' 'setge' 'setlt' 'setgt'> <InPorts = 2> <OutPorts = 1>
ST_1 : Operation 72 [1/1] (0.00ns) (grouped into LUT with out node em_objects_3_new_0)   --->   "%select_ln234_10 = select i1 %icmp_ln234_10, i2 1, i2 2" [./calorimeter.h:234->calorimeter.cpp:165]   --->   Operation 72 'select' 'select_ln234_10' <Predicate = (p_read_52)> <Delay = 0.00> <CoreInst = "Sel">   --->   Core 73 'Sel' <Latency = 0> <II = 1> <Delay = 0.27> <FuncUnit> <Opcode : 'select'> <InPorts = 3> <OutPorts = 1>
ST_1 : Operation 73 [1/1] (0.00ns) (grouped into LUT with out node em_objects_3_new_0)   --->   "%or_ln234_18 = bitconcatenate i58 @_ssdm_op_BitConcatenate.i58.i2.i4.i6.i6.i20.i20, i2 %select_ln234_10, i4 %p_read_60, i6 %p_read_68, i6 %p_read_75, i20 %p_read_83, i20 %p_read351" [./calorimeter.h:234->calorimeter.cpp:165]   --->   Operation 73 'bitconcatenate' 'or_ln234_18' <Predicate = (p_read_52)> <Delay = 0.00>
ST_1 : Operation 74 [1/1] (0.00ns) (grouped into LUT with out node em_objects_3_new_0)   --->   "%zext_ln234_10 = zext i58 %or_ln234_18" [./calorimeter.h:234->calorimeter.cpp:165]   --->   Operation 74 'zext' 'zext_ln234_10' <Predicate = (p_read_52)> <Delay = 0.00>
ST_1 : Operation 75 [1/1] (0.00ns) (grouped into LUT with out node em_objects_3_new_0)   --->   "%or_ln234_19 = bitconcatenate i89 @_ssdm_op_BitConcatenate.i89.i1.i88, i1 1, i88 %zext_ln234_10" [./calorimeter.h:234->calorimeter.cpp:165]   --->   Operation 75 'bitconcatenate' 'or_ln234_19' <Predicate = (p_read_52)> <Delay = 0.00>
ST_1 : Operation 76 [1/1] (0.34ns) (out node of the LUT)   --->   "%em_objects_3_new_0 = select i1 %p_read_52, i89 %or_ln234_19, i89 0" [./calorimeter.h:234->calorimeter.cpp:165]   --->   Operation 76 'select' 'em_objects_3_new_0' <Predicate = true> <Delay = 0.34> <CoreInst = "Sel">   --->   Core 73 'Sel' <Latency = 0> <II = 1> <Delay = 0.34> <FuncUnit> <Opcode : 'select'> <InPorts = 3> <OutPorts = 1>
ST_1 : Operation 77 [1/1] (0.00ns)   --->   "%write_ln218 = write void @_ssdm_op_Write.ap_auto.i89P0A, i89 %em_objects_3, i89 %em_objects_3_new_0" [./calorimeter.h:218->calorimeter.cpp:161]   --->   Operation 77 'write' 'write_ln218' <Predicate = true> <Delay = 0.00>
ST_1 : Operation 78 [1/1] (0.70ns)   --->   "%icmp_ln234_11 = icmp_eq  i4 %p_read_59, i4 3" [./calorimeter.h:234->calorimeter.cpp:165]   --->   Operation 78 'icmp' 'icmp_ln234_11' <Predicate = (p_read_51)> <Delay = 0.70> <CoreInst = "Cmp">   --->   Core 9 'Cmp' <Latency = 0> <II = 1> <Delay = 0.70> <FuncUnit> <Opcode : 'seteq' 'setne' 'setle' 'setge' 'setlt' 'setgt'> <InPorts = 2> <OutPorts = 1>
ST_1 : Operation 79 [1/1] (0.00ns) (grouped into LUT with out node em_objects_4_new_0)   --->   "%select_ln234_11 = select i1 %icmp_ln234_11, i2 1, i2 2" [./calorimeter.h:234->calorimeter.cpp:165]   --->   Operation 79 'select' 'select_ln234_11' <Predicate = (p_read_51)> <Delay = 0.00> <CoreInst = "Sel">   --->   Core 73 'Sel' <Latency = 0> <II = 1> <Delay = 0.27> <FuncUnit> <Opcode : 'select'> <InPorts = 3> <OutPorts = 1>
ST_1 : Operation 80 [1/1] (0.00ns) (grouped into LUT with out node em_objects_4_new_0)   --->   "%or_ln234_20 = bitconcatenate i58 @_ssdm_op_BitConcatenate.i58.i2.i4.i6.i6.i20.i20, i2 %select_ln234_11, i4 %p_read_59, i6 %p_read_67, i6 %p_read2068, i20 %p_read_82, i20 %p_read452" [./calorimeter.h:234->calorimeter.cpp:165]   --->   Operation 80 'bitconcatenate' 'or_ln234_20' <Predicate = (p_read_51)> <Delay = 0.00>
ST_1 : Operation 81 [1/1] (0.00ns) (grouped into LUT with out node em_objects_4_new_0)   --->   "%zext_ln234_11 = zext i58 %or_ln234_20" [./calorimeter.h:234->calorimeter.cpp:165]   --->   Operation 81 'zext' 'zext_ln234_11' <Predicate = (p_read_51)> <Delay = 0.00>
ST_1 : Operation 82 [1/1] (0.00ns) (grouped into LUT with out node em_objects_4_new_0)   --->   "%or_ln234_21 = bitconcatenate i89 @_ssdm_op_BitConcatenate.i89.i1.i88, i1 1, i88 %zext_ln234_11" [./calorimeter.h:234->calorimeter.cpp:165]   --->   Operation 82 'bitconcatenate' 'or_ln234_21' <Predicate = (p_read_51)> <Delay = 0.00>
ST_1 : Operation 83 [1/1] (0.34ns) (out node of the LUT)   --->   "%em_objects_4_new_0 = select i1 %p_read_51, i89 %or_ln234_21, i89 0" [./calorimeter.h:234->calorimeter.cpp:165]   --->   Operation 83 'select' 'em_objects_4_new_0' <Predicate = true> <Delay = 0.34> <CoreInst = "Sel">   --->   Core 73 'Sel' <Latency = 0> <II = 1> <Delay = 0.34> <FuncUnit> <Opcode : 'select'> <InPorts = 3> <OutPorts = 1>
ST_1 : Operation 84 [1/1] (0.00ns)   --->   "%write_ln218 = write void @_ssdm_op_Write.ap_auto.i89P0A, i89 %em_objects_4, i89 %em_objects_4_new_0" [./calorimeter.h:218->calorimeter.cpp:161]   --->   Operation 84 'write' 'write_ln218' <Predicate = true> <Delay = 0.00>
ST_1 : Operation 85 [1/1] (0.70ns)   --->   "%icmp_ln234_12 = icmp_eq  i4 %p_read_58, i4 3" [./calorimeter.h:234->calorimeter.cpp:165]   --->   Operation 85 'icmp' 'icmp_ln234_12' <Predicate = (p_read_50)> <Delay = 0.70> <CoreInst = "Cmp">   --->   Core 9 'Cmp' <Latency = 0> <II = 1> <Delay = 0.70> <FuncUnit> <Opcode : 'seteq' 'setne' 'setle' 'setge' 'setlt' 'setgt'> <InPorts = 2> <OutPorts = 1>
ST_1 : Operation 86 [1/1] (0.00ns) (grouped into LUT with out node em_objects_5_new_0)   --->   "%select_ln234_12 = select i1 %icmp_ln234_12, i2 1, i2 2" [./calorimeter.h:234->calorimeter.cpp:165]   --->   Operation 86 'select' 'select_ln234_12' <Predicate = (p_read_50)> <Delay = 0.00> <CoreInst = "Sel">   --->   Core 73 'Sel' <Latency = 0> <II = 1> <Delay = 0.27> <FuncUnit> <Opcode : 'select'> <InPorts = 3> <OutPorts = 1>
ST_1 : Operation 87 [1/1] (0.00ns) (grouped into LUT with out node em_objects_5_new_0)   --->   "%or_ln234_22 = bitconcatenate i58 @_ssdm_op_BitConcatenate.i58.i2.i4.i6.i6.i20.i20, i2 %select_ln234_12, i4 %p_read_58, i6 %p_read_66, i6 %p_read_74, i20 %p_read_81, i20 %p_read553" [./calorimeter.h:234->calorimeter.cpp:165]   --->   Operation 87 'bitconcatenate' 'or_ln234_22' <Predicate = (p_read_50)> <Delay = 0.00>
ST_1 : Operation 88 [1/1] (0.00ns) (grouped into LUT with out node em_objects_5_new_0)   --->   "%zext_ln234_12 = zext i58 %or_ln234_22" [./calorimeter.h:234->calorimeter.cpp:165]   --->   Operation 88 'zext' 'zext_ln234_12' <Predicate = (p_read_50)> <Delay = 0.00>
ST_1 : Operation 89 [1/1] (0.00ns) (grouped into LUT with out node em_objects_5_new_0)   --->   "%or_ln234_23 = bitconcatenate i89 @_ssdm_op_BitConcatenate.i89.i1.i88, i1 1, i88 %zext_ln234_12" [./calorimeter.h:234->calorimeter.cpp:165]   --->   Operation 89 'bitconcatenate' 'or_ln234_23' <Predicate = (p_read_50)> <Delay = 0.00>
ST_1 : Operation 90 [1/1] (0.34ns) (out node of the LUT)   --->   "%em_objects_5_new_0 = select i1 %p_read_50, i89 %or_ln234_23, i89 0" [./calorimeter.h:234->calorimeter.cpp:165]   --->   Operation 90 'select' 'em_objects_5_new_0' <Predicate = true> <Delay = 0.34> <CoreInst = "Sel">   --->   Core 73 'Sel' <Latency = 0> <II = 1> <Delay = 0.34> <FuncUnit> <Opcode : 'select'> <InPorts = 3> <OutPorts = 1>
ST_1 : Operation 91 [1/1] (0.00ns)   --->   "%write_ln218 = write void @_ssdm_op_Write.ap_auto.i89P0A, i89 %em_objects_5, i89 %em_objects_5_new_0" [./calorimeter.h:218->calorimeter.cpp:161]   --->   Operation 91 'write' 'write_ln218' <Predicate = true> <Delay = 0.00>
ST_1 : Operation 92 [1/1] (0.70ns)   --->   "%icmp_ln234_13 = icmp_eq  i4 %p_read_57, i4 3" [./calorimeter.h:234->calorimeter.cpp:165]   --->   Operation 92 'icmp' 'icmp_ln234_13' <Predicate = (p_read_49)> <Delay = 0.70> <CoreInst = "Cmp">   --->   Core 9 'Cmp' <Latency = 0> <II = 1> <Delay = 0.70> <FuncUnit> <Opcode : 'seteq' 'setne' 'setle' 'setge' 'setlt' 'setgt'> <InPorts = 2> <OutPorts = 1>
ST_1 : Operation 93 [1/1] (0.00ns) (grouped into LUT with out node em_objects_6_new_0)   --->   "%select_ln234_13 = select i1 %icmp_ln234_13, i2 1, i2 2" [./calorimeter.h:234->calorimeter.cpp:165]   --->   Operation 93 'select' 'select_ln234_13' <Predicate = (p_read_49)> <Delay = 0.00> <CoreInst = "Sel">   --->   Core 73 'Sel' <Latency = 0> <II = 1> <Delay = 0.27> <FuncUnit> <Opcode : 'select'> <InPorts = 3> <OutPorts = 1>
ST_1 : Operation 94 [1/1] (0.00ns) (grouped into LUT with out node em_objects_6_new_0)   --->   "%or_ln234_24 = bitconcatenate i58 @_ssdm_op_BitConcatenate.i58.i2.i4.i6.i6.i20.i20, i2 %select_ln234_13, i4 %p_read_57, i6 %p_read_65, i6 %p_read_73, i20 %p_read_80, i20 %p_read654" [./calorimeter.h:234->calorimeter.cpp:165]   --->   Operation 94 'bitconcatenate' 'or_ln234_24' <Predicate = (p_read_49)> <Delay = 0.00>
ST_1 : Operation 95 [1/1] (0.00ns) (grouped into LUT with out node em_objects_6_new_0)   --->   "%zext_ln234_13 = zext i58 %or_ln234_24" [./calorimeter.h:234->calorimeter.cpp:165]   --->   Operation 95 'zext' 'zext_ln234_13' <Predicate = (p_read_49)> <Delay = 0.00>
ST_1 : Operation 96 [1/1] (0.00ns) (grouped into LUT with out node em_objects_6_new_0)   --->   "%or_ln234_25 = bitconcatenate i89 @_ssdm_op_BitConcatenate.i89.i1.i88, i1 1, i88 %zext_ln234_13" [./calorimeter.h:234->calorimeter.cpp:165]   --->   Operation 96 'bitconcatenate' 'or_ln234_25' <Predicate = (p_read_49)> <Delay = 0.00>
ST_1 : Operation 97 [1/1] (0.34ns) (out node of the LUT)   --->   "%em_objects_6_new_0 = select i1 %p_read_49, i89 %or_ln234_25, i89 0" [./calorimeter.h:234->calorimeter.cpp:165]   --->   Operation 97 'select' 'em_objects_6_new_0' <Predicate = true> <Delay = 0.34> <CoreInst = "Sel">   --->   Core 73 'Sel' <Latency = 0> <II = 1> <Delay = 0.34> <FuncUnit> <Opcode : 'select'> <InPorts = 3> <OutPorts = 1>
ST_1 : Operation 98 [1/1] (0.00ns)   --->   "%write_ln218 = write void @_ssdm_op_Write.ap_auto.i89P0A, i89 %em_objects_6, i89 %em_objects_6_new_0" [./calorimeter.h:218->calorimeter.cpp:161]   --->   Operation 98 'write' 'write_ln218' <Predicate = true> <Delay = 0.00>
ST_1 : Operation 99 [1/1] (0.70ns)   --->   "%icmp_ln234_14 = icmp_eq  i4 %p_read_56, i4 3" [./calorimeter.h:234->calorimeter.cpp:165]   --->   Operation 99 'icmp' 'icmp_ln234_14' <Predicate = (p_read_48)> <Delay = 0.70> <CoreInst = "Cmp">   --->   Core 9 'Cmp' <Latency = 0> <II = 1> <Delay = 0.70> <FuncUnit> <Opcode : 'seteq' 'setne' 'setle' 'setge' 'setlt' 'setgt'> <InPorts = 2> <OutPorts = 1>
ST_1 : Operation 100 [1/1] (0.00ns) (grouped into LUT with out node em_objects_7_new_0)   --->   "%select_ln234_14 = select i1 %icmp_ln234_14, i2 1, i2 2" [./calorimeter.h:234->calorimeter.cpp:165]   --->   Operation 100 'select' 'select_ln234_14' <Predicate = (p_read_48)> <Delay = 0.00> <CoreInst = "Sel">   --->   Core 73 'Sel' <Latency = 0> <II = 1> <Delay = 0.27> <FuncUnit> <Opcode : 'select'> <InPorts = 3> <OutPorts = 1>
ST_1 : Operation 101 [1/1] (0.00ns) (grouped into LUT with out node em_objects_7_new_0)   --->   "%or_ln234_26 = bitconcatenate i58 @_ssdm_op_BitConcatenate.i58.i2.i4.i6.i6.i20.i20, i2 %select_ln234_14, i4 %p_read_56, i6 %p_read_64, i6 %p_read_72, i20 %p_read_79, i20 %p_read755" [./calorimeter.h:234->calorimeter.cpp:165]   --->   Operation 101 'bitconcatenate' 'or_ln234_26' <Predicate = (p_read_48)> <Delay = 0.00>
ST_1 : Operation 102 [1/1] (0.00ns) (grouped into LUT with out node em_objects_7_new_0)   --->   "%zext_ln234_14 = zext i58 %or_ln234_26" [./calorimeter.h:234->calorimeter.cpp:165]   --->   Operation 102 'zext' 'zext_ln234_14' <Predicate = (p_read_48)> <Delay = 0.00>
ST_1 : Operation 103 [1/1] (0.00ns) (grouped into LUT with out node em_objects_7_new_0)   --->   "%or_ln234_27 = bitconcatenate i89 @_ssdm_op_BitConcatenate.i89.i1.i88, i1 1, i88 %zext_ln234_14" [./calorimeter.h:234->calorimeter.cpp:165]   --->   Operation 103 'bitconcatenate' 'or_ln234_27' <Predicate = (p_read_48)> <Delay = 0.00>
ST_1 : Operation 104 [1/1] (0.34ns) (out node of the LUT)   --->   "%em_objects_7_new_0 = select i1 %p_read_48, i89 %or_ln234_27, i89 0" [./calorimeter.h:234->calorimeter.cpp:165]   --->   Operation 104 'select' 'em_objects_7_new_0' <Predicate = true> <Delay = 0.34> <CoreInst = "Sel">   --->   Core 73 'Sel' <Latency = 0> <II = 1> <Delay = 0.34> <FuncUnit> <Opcode : 'select'> <InPorts = 3> <OutPorts = 1>
ST_1 : Operation 105 [1/1] (0.00ns)   --->   "%write_ln218 = write void @_ssdm_op_Write.ap_auto.i89P0A, i89 %em_objects_7, i89 %em_objects_7_new_0" [./calorimeter.h:218->calorimeter.cpp:161]   --->   Operation 105 'write' 'write_ln218' <Predicate = true> <Delay = 0.00>
ST_1 : Operation 106 [1/1] (0.00ns)   --->   "%ret_ln167 = ret" [calorimeter.cpp:167]   --->   Operation 106 'ret' 'ret_ln167' <Predicate = true> <Delay = 0.00>


============================================================
+ Verbose Summary: Binding
============================================================
STG Binding: 
---------------- STG Properties BEGIN ----------------
- Is combinational: 0
- Is one-state seq: 1
- Is datapath-only: 0
- Is pipelined: 0
- Is top level: 0
Port [ Return ] is wired: 1; IO mode=ap_ctrl_hs:ce=0
Port [ p_read]:  wired=1; compound=0; hidden=0; nouse=0; global=0; static=0; extern=0; dir=0; type=0; pingpong=0; private_global=0; IO mode=ap_none:ce=0
Port [ p_read1]:  wired=1; compound=0; hidden=0; nouse=0; global=0; static=0; extern=0; dir=0; type=0; pingpong=0; private_global=0; IO mode=ap_none:ce=0
Port [ p_read2]:  wired=1; compound=0; hidden=0; nouse=0; global=0; static=0; extern=0; dir=0; type=0; pingpong=0; private_global=0; IO mode=ap_none:ce=0
Port [ p_read3]:  wired=1; compound=0; hidden=0; nouse=0; global=0; static=0; extern=0; dir=0; type=0; pingpong=0; private_global=0; IO mode=ap_none:ce=0
Port [ p_read4]:  wired=1; compound=0; hidden=0; nouse=0; global=0; static=0; extern=0; dir=0; type=0; pingpong=0; private_global=0; IO mode=ap_none:ce=0
Port [ p_read5]:  wired=1; compound=0; hidden=0; nouse=0; global=0; static=0; extern=0; dir=0; type=0; pingpong=0; private_global=0; IO mode=ap_none:ce=0
Port [ p_read6]:  wired=1; compound=0; hidden=0; nouse=0; global=0; static=0; extern=0; dir=0; type=0; pingpong=0; private_global=0; IO mode=ap_none:ce=0
Port [ p_read7]:  wired=1; compound=0; hidden=0; nouse=0; global=0; static=0; extern=0; dir=0; type=0; pingpong=0; private_global=0; IO mode=ap_none:ce=0
Port [ p_read8]:  wired=1; compound=0; hidden=0; nouse=0; global=0; static=0; extern=0; dir=0; type=0; pingpong=0; private_global=0; IO mode=ap_none:ce=0
Port [ p_read9]:  wired=1; compound=0; hidden=0; nouse=0; global=0; static=0; extern=0; dir=0; type=0; pingpong=0; private_global=0; IO mode=ap_none:ce=0
Port [ p_read10]:  wired=1; compound=0; hidden=0; nouse=0; global=0; static=0; extern=0; dir=0; type=0; pingpong=0; private_global=0; IO mode=ap_none:ce=0
Port [ p_read11]:  wired=1; compound=0; hidden=0; nouse=0; global=0; static=0; extern=0; dir=0; type=0; pingpong=0; private_global=0; IO mode=ap_none:ce=0
Port [ p_read12]:  wired=1; compound=0; hidden=0; nouse=0; global=0; static=0; extern=0; dir=0; type=0; pingpong=0; private_global=0; IO mode=ap_none:ce=0
Port [ p_read13]:  wired=1; compound=0; hidden=0; nouse=0; global=0; static=0; extern=0; dir=0; type=0; pingpong=0; private_global=0; IO mode=ap_none:ce=0
Port [ p_read14]:  wired=1; compound=0; hidden=0; nouse=0; global=0; static=0; extern=0; dir=0; type=0; pingpong=0; private_global=0; IO mode=ap_none:ce=0
Port [ p_read15]:  wired=1; compound=0; hidden=0; nouse=0; global=0; static=0; extern=0; dir=0; type=0; pingpong=0; private_global=0; IO mode=ap_none:ce=0
Port [ p_read16]:  wired=1; compound=0; hidden=0; nouse=0; global=0; static=0; extern=0; dir=0; type=0; pingpong=0; private_global=0; IO mode=ap_none:ce=0
Port [ p_read17]:  wired=1; compound=0; hidden=0; nouse=0; global=0; static=0; extern=0; dir=0; type=0; pingpong=0; private_global=0; IO mode=ap_none:ce=0
Port [ p_read18]:  wired=1; compound=0; hidden=0; nouse=0; global=0; static=0; extern=0; dir=0; type=0; pingpong=0; private_global=0; IO mode=ap_none:ce=0
Port [ p_read19]:  wired=1; compound=0; hidden=0; nouse=0; global=0; static=0; extern=0; dir=0; type=0; pingpong=0; private_global=0; IO mode=ap_none:ce=0
Port [ p_read20]:  wired=1; compound=0; hidden=0; nouse=0; global=0; static=0; extern=0; dir=0; type=0; pingpong=0; private_global=0; IO mode=ap_none:ce=0
Port [ p_read21]:  wired=1; compound=0; hidden=0; nouse=0; global=0; static=0; extern=0; dir=0; type=0; pingpong=0; private_global=0; IO mode=ap_none:ce=0
Port [ p_read22]:  wired=1; compound=0; hidden=0; nouse=0; global=0; static=0; extern=0; dir=0; type=0; pingpong=0; private_global=0; IO mode=ap_none:ce=0
Port [ p_read23]:  wired=1; compound=0; hidden=0; nouse=0; global=0; static=0; extern=0; dir=0; type=0; pingpong=0; private_global=0; IO mode=ap_none:ce=0
Port [ p_read24]:  wired=1; compound=0; hidden=0; nouse=0; global=0; static=0; extern=0; dir=0; type=0; pingpong=0; private_global=0; IO mode=ap_none:ce=0
Port [ p_read25]:  wired=1; compound=0; hidden=0; nouse=0; global=0; static=0; extern=0; dir=0; type=0; pingpong=0; private_global=0; IO mode=ap_none:ce=0
Port [ p_read26]:  wired=1; compound=0; hidden=0; nouse=0; global=0; static=0; extern=0; dir=0; type=0; pingpong=0; private_global=0; IO mode=ap_none:ce=0
Port [ p_read27]:  wired=1; compound=0; hidden=0; nouse=0; global=0; static=0; extern=0; dir=0; type=0; pingpong=0; private_global=0; IO mode=ap_none:ce=0
Port [ p_read28]:  wired=1; compound=0; hidden=0; nouse=0; global=0; static=0; extern=0; dir=0; type=0; pingpong=0; private_global=0; IO mode=ap_none:ce=0
Port [ p_read29]:  wired=1; compound=0; hidden=0; nouse=0; global=0; static=0; extern=0; dir=0; type=0; pingpong=0; private_global=0; IO mode=ap_none:ce=0
Port [ p_read30]:  wired=1; compound=0; hidden=0; nouse=0; global=0; static=0; extern=0; dir=0; type=0; pingpong=0; private_global=0; IO mode=ap_none:ce=0
Port [ p_read31]:  wired=1; compound=0; hidden=0; nouse=0; global=0; static=0; extern=0; dir=0; type=0; pingpong=0; private_global=0; IO mode=ap_none:ce=0
Port [ p_read32]:  wired=1; compound=0; hidden=0; nouse=0; global=0; static=0; extern=0; dir=0; type=0; pingpong=0; private_global=0; IO mode=ap_none:ce=0
Port [ p_read33]:  wired=1; compound=0; hidden=0; nouse=0; global=0; static=0; extern=0; dir=0; type=0; pingpong=0; private_global=0; IO mode=ap_none:ce=0
Port [ p_read34]:  wired=1; compound=0; hidden=0; nouse=0; global=0; static=0; extern=0; dir=0; type=0; pingpong=0; private_global=0; IO mode=ap_none:ce=0
Port [ p_read35]:  wired=1; compound=0; hidden=0; nouse=0; global=0; static=0; extern=0; dir=0; type=0; pingpong=0; private_global=0; IO mode=ap_none:ce=0
Port [ p_read36]:  wired=1; compound=0; hidden=0; nouse=0; global=0; static=0; extern=0; dir=0; type=0; pingpong=0; private_global=0; IO mode=ap_none:ce=0
Port [ p_read37]:  wired=1; compound=0; hidden=0; nouse=0; global=0; static=0; extern=0; dir=0; type=0; pingpong=0; private_global=0; IO mode=ap_none:ce=0
Port [ p_read38]:  wired=1; compound=0; hidden=0; nouse=0; global=0; static=0; extern=0; dir=0; type=0; pingpong=0; private_global=0; IO mode=ap_none:ce=0
Port [ p_read39]:  wired=1; compound=0; hidden=0; nouse=0; global=0; static=0; extern=0; dir=0; type=0; pingpong=0; private_global=0; IO mode=ap_none:ce=0
Port [ p_read40]:  wired=1; compound=0; hidden=0; nouse=0; global=0; static=0; extern=0; dir=0; type=0; pingpong=0; private_global=0; IO mode=ap_none:ce=0
Port [ p_read41]:  wired=1; compound=0; hidden=0; nouse=0; global=0; static=0; extern=0; dir=0; type=0; pingpong=0; private_global=0; IO mode=ap_none:ce=0
Port [ p_read42]:  wired=1; compound=0; hidden=0; nouse=0; global=0; static=0; extern=0; dir=0; type=0; pingpong=0; private_global=0; IO mode=ap_none:ce=0
Port [ p_read43]:  wired=1; compound=0; hidden=0; nouse=0; global=0; static=0; extern=0; dir=0; type=0; pingpong=0; private_global=0; IO mode=ap_none:ce=0
Port [ p_read44]:  wired=1; compound=0; hidden=0; nouse=0; global=0; static=0; extern=0; dir=0; type=0; pingpong=0; private_global=0; IO mode=ap_none:ce=0
Port [ p_read45]:  wired=1; compound=0; hidden=0; nouse=0; global=0; static=0; extern=0; dir=0; type=0; pingpong=0; private_global=0; IO mode=ap_none:ce=0
Port [ p_read46]:  wired=1; compound=0; hidden=0; nouse=0; global=0; static=0; extern=0; dir=0; type=0; pingpong=0; private_global=0; IO mode=ap_none:ce=0
Port [ p_read47]:  wired=1; compound=0; hidden=0; nouse=0; global=0; static=0; extern=0; dir=0; type=0; pingpong=0; private_global=0; IO mode=ap_none:ce=0
Port [ em_objects_0]:  wired=1; compound=0; hidden=0; nouse=0; global=0; static=0; extern=0; dir=1; type=0; pingpong=0; private_global=0; IO mode=ap_vld:ce=0
Port [ em_objects_1]:  wired=1; compound=0; hidden=0; nouse=0; global=0; static=0; extern=0; dir=1; type=0; pingpong=0; private_global=0; IO mode=ap_vld:ce=0
Port [ em_objects_2]:  wired=1; compound=0; hidden=0; nouse=0; global=0; static=0; extern=0; dir=1; type=0; pingpong=0; private_global=0; IO mode=ap_vld:ce=0
Port [ em_objects_3]:  wired=1; compound=0; hidden=0; nouse=0; global=0; static=0; extern=0; dir=1; type=0; pingpong=0; private_global=0; IO mode=ap_vld:ce=0
Port [ em_objects_4]:  wired=1; compound=0; hidden=0; nouse=0; global=0; static=0; extern=0; dir=1; type=0; pingpong=0; private_global=0; IO mode=ap_vld:ce=0
Port [ em_objects_5]:  wired=1; compound=0; hidden=0; nouse=0; global=0; static=0; extern=0; dir=1; type=0; pingpong=0; private_global=0; IO mode=ap_vld:ce=0
Port [ em_objects_6]:  wired=1; compound=0; hidden=0; nouse=0; global=0; static=0; extern=0; dir=1; type=0; pingpong=0; private_global=0; IO mode=ap_vld:ce=0
Port [ em_objects_7]:  wired=1; compound=0; hidden=0; nouse=0; global=0; static=0; extern=0; dir=1; type=0; pingpong=0; private_global=0; IO mode=ap_vld:ce=0
---------------- STG Properties END ------------------

---------------- Datapath Model BEGIN ----------------

<LifeTime>
<method=bitvector/>
p_read_48          (read          ) [ 01]
p_read_49          (read          ) [ 01]
p_read_50          (read          ) [ 01]
p_read_51          (read          ) [ 01]
p_read_52          (read          ) [ 01]
p_read_53          (read          ) [ 01]
p_read_54          (read          ) [ 01]
p_read_55          (read          ) [ 01]
p_read_56          (read          ) [ 00]
p_read_57          (read          ) [ 00]
p_read_58          (read          ) [ 00]
p_read_59          (read          ) [ 00]
p_read_60          (read          ) [ 00]
p_read_61          (read          ) [ 00]
p_read_62          (read          ) [ 00]
p_read_63          (read          ) [ 00]
p_read_64          (read          ) [ 00]
p_read_65          (read          ) [ 00]
p_read_66          (read          ) [ 00]
p_read_67          (read          ) [ 00]
p_read_68          (read          ) [ 00]
p_read_69          (read          ) [ 00]
p_read_70          (read          ) [ 00]
p_read_71          (read          ) [ 00]
p_read_72          (read          ) [ 00]
p_read_73          (read          ) [ 00]
p_read_74          (read          ) [ 00]
p_read2068         (read          ) [ 00]
p_read_75          (read          ) [ 00]
p_read_76          (read          ) [ 00]
p_read_77          (read          ) [ 00]
p_read_78          (read          ) [ 00]
p_read_79          (read          ) [ 00]
p_read_80          (read          ) [ 00]
p_read_81          (read          ) [ 00]
p_read_82          (read          ) [ 00]
p_read_83          (read          ) [ 00]
p_read1058         (read          ) [ 00]
p_read957          (read          ) [ 00]
p_read856          (read          ) [ 00]
p_read755          (read          ) [ 00]
p_read654          (read          ) [ 00]
p_read553          (read          ) [ 00]
p_read452          (read          ) [ 00]
p_read351          (read          ) [ 00]
p_read250          (read          ) [ 00]
p_read149          (read          ) [ 00]
p_read48           (read          ) [ 00]
icmp_ln234         (icmp          ) [ 00]
select_ln234       (select        ) [ 00]
or_ln234_s         (bitconcatenate) [ 00]
zext_ln234         (zext          ) [ 00]
or_ln              (bitconcatenate) [ 00]
em_objects_0_new_0 (select        ) [ 00]
write_ln218        (write         ) [ 00]
icmp_ln234_8       (icmp          ) [ 00]
select_ln234_8     (select        ) [ 00]
or_ln234_14        (bitconcatenate) [ 00]
zext_ln234_8       (zext          ) [ 00]
or_ln234_15        (bitconcatenate) [ 00]
em_objects_1_new_0 (select        ) [ 00]
write_ln218        (write         ) [ 00]
icmp_ln234_9       (icmp          ) [ 00]
select_ln234_9     (select        ) [ 00]
or_ln234_16        (bitconcatenate) [ 00]
zext_ln234_9       (zext          ) [ 00]
or_ln234_17        (bitconcatenate) [ 00]
em_objects_2_new_0 (select        ) [ 00]
write_ln218        (write         ) [ 00]
icmp_ln234_10      (icmp          ) [ 00]
select_ln234_10    (select        ) [ 00]
or_ln234_18        (bitconcatenate) [ 00]
zext_ln234_10      (zext          ) [ 00]
or_ln234_19        (bitconcatenate) [ 00]
em_objects_3_new_0 (select        ) [ 00]
write_ln218        (write         ) [ 00]
icmp_ln234_11      (icmp          ) [ 00]
select_ln234_11    (select        ) [ 00]
or_ln234_20        (bitconcatenate) [ 00]
zext_ln234_11      (zext          ) [ 00]
or_ln234_21        (bitconcatenate) [ 00]
em_objects_4_new_0 (select        ) [ 00]
write_ln218        (write         ) [ 00]
icmp_ln234_12      (icmp          ) [ 00]
select_ln234_12    (select        ) [ 00]
or_ln234_22        (bitconcatenate) [ 00]
zext_ln234_12      (zext          ) [ 00]
or_ln234_23        (bitconcatenate) [ 00]
em_objects_5_new_0 (select        ) [ 00]
write_ln218        (write         ) [ 00]
icmp_ln234_13      (icmp          ) [ 00]
select_ln234_13    (select        ) [ 00]
or_ln234_24        (bitconcatenate) [ 00]
zext_ln234_13      (zext          ) [ 00]
or_ln234_25        (bitconcatenate) [ 00]
em_objects_6_new_0 (select        ) [ 00]
write_ln218        (write         ) [ 00]
icmp_ln234_14      (icmp          ) [ 00]
select_ln234_14    (select        ) [ 00]
or_ln234_26        (bitconcatenate) [ 00]
zext_ln234_14      (zext          ) [ 00]
or_ln234_27        (bitconcatenate) [ 00]
em_objects_7_new_0 (select        ) [ 00]
write_ln218        (write         ) [ 00]
ret_ln167          (ret           ) [ 00]
</LifeTime>

<model>

<comp_list>
<comp id="0" class="1000" name="p_read">
<pin_list>
<pin id="1" dir="1" index="0" bw="1" slack="0"/>
</pin_list>
<bind>
<StgValue><ssdm name="p_read"/></StgValue>
</bind>
</comp>

<comp id="2" class="1000" name="p_read1">
<pin_list>
<pin id="3" dir="1" index="0" bw="1" slack="0"/>
</pin_list>
<bind>
<StgValue><ssdm name="p_read1"/></StgValue>
</bind>
</comp>

<comp id="4" class="1000" name="p_read2">
<pin_list>
<pin id="5" dir="1" index="0" bw="1" slack="0"/>
</pin_list>
<bind>
<StgValue><ssdm name="p_read2"/></StgValue>
</bind>
</comp>

<comp id="6" class="1000" name="p_read3">
<pin_list>
<pin id="7" dir="1" index="0" bw="1" slack="0"/>
</pin_list>
<bind>
<StgValue><ssdm name="p_read3"/></StgValue>
</bind>
</comp>

<comp id="8" class="1000" name="p_read4">
<pin_list>
<pin id="9" dir="1" index="0" bw="1" slack="0"/>
</pin_list>
<bind>
<StgValue><ssdm name="p_read4"/></StgValue>
</bind>
</comp>

<comp id="10" class="1000" name="p_read5">
<pin_list>
<pin id="11" dir="1" index="0" bw="1" slack="0"/>
</pin_list>
<bind>
<StgValue><ssdm name="p_read5"/></StgValue>
</bind>
</comp>

<comp id="12" class="1000" name="p_read6">
<pin_list>
<pin id="13" dir="1" index="0" bw="1" slack="0"/>
</pin_list>
<bind>
<StgValue><ssdm name="p_read6"/></StgValue>
</bind>
</comp>

<comp id="14" class="1000" name="p_read7">
<pin_list>
<pin id="15" dir="1" index="0" bw="1" slack="0"/>
</pin_list>
<bind>
<StgValue><ssdm name="p_read7"/></StgValue>
</bind>
</comp>

<comp id="16" class="1000" name="p_read8">
<pin_list>
<pin id="17" dir="1" index="0" bw="1" slack="0"/>
</pin_list>
<bind>
<StgValue><ssdm name="p_read8"/></StgValue>
</bind>
</comp>

<comp id="18" class="1000" name="p_read9">
<pin_list>
<pin id="19" dir="1" index="0" bw="1" slack="0"/>
</pin_list>
<bind>
<StgValue><ssdm name="p_read9"/></StgValue>
</bind>
</comp>

<comp id="20" class="1000" name="p_read10">
<pin_list>
<pin id="21" dir="1" index="0" bw="1" slack="0"/>
</pin_list>
<bind>
<StgValue><ssdm name="p_read10"/></StgValue>
</bind>
</comp>

<comp id="22" class="1000" name="p_read11">
<pin_list>
<pin id="23" dir="1" index="0" bw="1" slack="0"/>
</pin_list>
<bind>
<StgValue><ssdm name="p_read11"/></StgValue>
</bind>
</comp>

<comp id="24" class="1000" name="p_read12">
<pin_list>
<pin id="25" dir="1" index="0" bw="1" slack="0"/>
</pin_list>
<bind>
<StgValue><ssdm name="p_read12"/></StgValue>
</bind>
</comp>

<comp id="26" class="1000" name="p_read13">
<pin_list>
<pin id="27" dir="1" index="0" bw="1" slack="0"/>
</pin_list>
<bind>
<StgValue><ssdm name="p_read13"/></StgValue>
</bind>
</comp>

<comp id="28" class="1000" name="p_read14">
<pin_list>
<pin id="29" dir="1" index="0" bw="1" slack="0"/>
</pin_list>
<bind>
<StgValue><ssdm name="p_read14"/></StgValue>
</bind>
</comp>

<comp id="30" class="1000" name="p_read15">
<pin_list>
<pin id="31" dir="1" index="0" bw="1" slack="0"/>
</pin_list>
<bind>
<StgValue><ssdm name="p_read15"/></StgValue>
</bind>
</comp>

<comp id="32" class="1000" name="p_read16">
<pin_list>
<pin id="33" dir="1" index="0" bw="1" slack="0"/>
</pin_list>
<bind>
<StgValue><ssdm name="p_read16"/></StgValue>
</bind>
</comp>

<comp id="34" class="1000" name="p_read17">
<pin_list>
<pin id="35" dir="1" index="0" bw="1" slack="0"/>
</pin_list>
<bind>
<StgValue><ssdm name="p_read17"/></StgValue>
</bind>
</comp>

<comp id="36" class="1000" name="p_read18">
<pin_list>
<pin id="37" dir="1" index="0" bw="1" slack="0"/>
</pin_list>
<bind>
<StgValue><ssdm name="p_read18"/></StgValue>
</bind>
</comp>

<comp id="38" class="1000" name="p_read19">
<pin_list>
<pin id="39" dir="1" index="0" bw="1" slack="0"/>
</pin_list>
<bind>
<StgValue><ssdm name="p_read19"/></StgValue>
</bind>
</comp>

<comp id="40" class="1000" name="p_read20">
<pin_list>
<pin id="41" dir="1" index="0" bw="1" slack="0"/>
</pin_list>
<bind>
<StgValue><ssdm name="p_read20"/></StgValue>
</bind>
</comp>

<comp id="42" class="1000" name="p_read21">
<pin_list>
<pin id="43" dir="1" index="0" bw="1" slack="0"/>
</pin_list>
<bind>
<StgValue><ssdm name="p_read21"/></StgValue>
</bind>
</comp>

<comp id="44" class="1000" name="p_read22">
<pin_list>
<pin id="45" dir="1" index="0" bw="1" slack="0"/>
</pin_list>
<bind>
<StgValue><ssdm name="p_read22"/></StgValue>
</bind>
</comp>

<comp id="46" class="1000" name="p_read23">
<pin_list>
<pin id="47" dir="1" index="0" bw="1" slack="0"/>
</pin_list>
<bind>
<StgValue><ssdm name="p_read23"/></StgValue>
</bind>
</comp>

<comp id="48" class="1000" name="p_read24">
<pin_list>
<pin id="49" dir="1" index="0" bw="1" slack="0"/>
</pin_list>
<bind>
<StgValue><ssdm name="p_read24"/></StgValue>
</bind>
</comp>

<comp id="50" class="1000" name="p_read25">
<pin_list>
<pin id="51" dir="1" index="0" bw="1" slack="0"/>
</pin_list>
<bind>
<StgValue><ssdm name="p_read25"/></StgValue>
</bind>
</comp>

<comp id="52" class="1000" name="p_read26">
<pin_list>
<pin id="53" dir="1" index="0" bw="1" slack="0"/>
</pin_list>
<bind>
<StgValue><ssdm name="p_read26"/></StgValue>
</bind>
</comp>

<comp id="54" class="1000" name="p_read27">
<pin_list>
<pin id="55" dir="1" index="0" bw="1" slack="0"/>
</pin_list>
<bind>
<StgValue><ssdm name="p_read27"/></StgValue>
</bind>
</comp>

<comp id="56" class="1000" name="p_read28">
<pin_list>
<pin id="57" dir="1" index="0" bw="1" slack="0"/>
</pin_list>
<bind>
<StgValue><ssdm name="p_read28"/></StgValue>
</bind>
</comp>

<comp id="58" class="1000" name="p_read29">
<pin_list>
<pin id="59" dir="1" index="0" bw="1" slack="0"/>
</pin_list>
<bind>
<StgValue><ssdm name="p_read29"/></StgValue>
</bind>
</comp>

<comp id="60" class="1000" name="p_read30">
<pin_list>
<pin id="61" dir="1" index="0" bw="1" slack="0"/>
</pin_list>
<bind>
<StgValue><ssdm name="p_read30"/></StgValue>
</bind>
</comp>

<comp id="62" class="1000" name="p_read31">
<pin_list>
<pin id="63" dir="1" index="0" bw="1" slack="0"/>
</pin_list>
<bind>
<StgValue><ssdm name="p_read31"/></StgValue>
</bind>
</comp>

<comp id="64" class="1000" name="p_read32">
<pin_list>
<pin id="65" dir="1" index="0" bw="1" slack="0"/>
</pin_list>
<bind>
<StgValue><ssdm name="p_read32"/></StgValue>
</bind>
</comp>

<comp id="66" class="1000" name="p_read33">
<pin_list>
<pin id="67" dir="1" index="0" bw="1" slack="0"/>
</pin_list>
<bind>
<StgValue><ssdm name="p_read33"/></StgValue>
</bind>
</comp>

<comp id="68" class="1000" name="p_read34">
<pin_list>
<pin id="69" dir="1" index="0" bw="1" slack="0"/>
</pin_list>
<bind>
<StgValue><ssdm name="p_read34"/></StgValue>
</bind>
</comp>

<comp id="70" class="1000" name="p_read35">
<pin_list>
<pin id="71" dir="1" index="0" bw="1" slack="0"/>
</pin_list>
<bind>
<StgValue><ssdm name="p_read35"/></StgValue>
</bind>
</comp>

<comp id="72" class="1000" name="p_read36">
<pin_list>
<pin id="73" dir="1" index="0" bw="1" slack="0"/>
</pin_list>
<bind>
<StgValue><ssdm name="p_read36"/></StgValue>
</bind>
</comp>

<comp id="74" class="1000" name="p_read37">
<pin_list>
<pin id="75" dir="1" index="0" bw="1" slack="0"/>
</pin_list>
<bind>
<StgValue><ssdm name="p_read37"/></StgValue>
</bind>
</comp>

<comp id="76" class="1000" name="p_read38">
<pin_list>
<pin id="77" dir="1" index="0" bw="1" slack="0"/>
</pin_list>
<bind>
<StgValue><ssdm name="p_read38"/></StgValue>
</bind>
</comp>

<comp id="78" class="1000" name="p_read39">
<pin_list>
<pin id="79" dir="1" index="0" bw="1" slack="0"/>
</pin_list>
<bind>
<StgValue><ssdm name="p_read39"/></StgValue>
</bind>
</comp>

<comp id="80" class="1000" name="p_read40">
<pin_list>
<pin id="81" dir="1" index="0" bw="1" slack="0"/>
</pin_list>
<bind>
<StgValue><ssdm name="p_read40"/></StgValue>
</bind>
</comp>

<comp id="82" class="1000" name="p_read41">
<pin_list>
<pin id="83" dir="1" index="0" bw="1" slack="0"/>
</pin_list>
<bind>
<StgValue><ssdm name="p_read41"/></StgValue>
</bind>
</comp>

<comp id="84" class="1000" name="p_read42">
<pin_list>
<pin id="85" dir="1" index="0" bw="1" slack="0"/>
</pin_list>
<bind>
<StgValue><ssdm name="p_read42"/></StgValue>
</bind>
</comp>

<comp id="86" class="1000" name="p_read43">
<pin_list>
<pin id="87" dir="1" index="0" bw="1" slack="0"/>
</pin_list>
<bind>
<StgValue><ssdm name="p_read43"/></StgValue>
</bind>
</comp>

<comp id="88" class="1000" name="p_read44">
<pin_list>
<pin id="89" dir="1" index="0" bw="1" slack="0"/>
</pin_list>
<bind>
<StgValue><ssdm name="p_read44"/></StgValue>
</bind>
</comp>

<comp id="90" class="1000" name="p_read45">
<pin_list>
<pin id="91" dir="1" index="0" bw="1" slack="0"/>
</pin_list>
<bind>
<StgValue><ssdm name="p_read45"/></StgValue>
</bind>
</comp>

<comp id="92" class="1000" name="p_read46">
<pin_list>
<pin id="93" dir="1" index="0" bw="1" slack="0"/>
</pin_list>
<bind>
<StgValue><ssdm name="p_read46"/></StgValue>
</bind>
</comp>

<comp id="94" class="1000" name="p_read47">
<pin_list>
<pin id="95" dir="1" index="0" bw="1" slack="0"/>
</pin_list>
<bind>
<StgValue><ssdm name="p_read47"/></StgValue>
</bind>
</comp>

<comp id="96" class="1000" name="em_objects_0">
<pin_list>
<pin id="97" dir="1" index="0" bw="1" slack="0"/>
</pin_list>
<bind>
<StgValue><ssdm name="em_objects_0"/></StgValue>
</bind>
</comp>

<comp id="98" class="1000" name="em_objects_1">
<pin_list>
<pin id="99" dir="1" index="0" bw="1" slack="0"/>
</pin_list>
<bind>
<StgValue><ssdm name="em_objects_1"/></StgValue>
</bind>
</comp>

<comp id="100" class="1000" name="em_objects_2">
<pin_list>
<pin id="101" dir="1" index="0" bw="1" slack="0"/>
</pin_list>
<bind>
<StgValue><ssdm name="em_objects_2"/></StgValue>
</bind>
</comp>

<comp id="102" class="1000" name="em_objects_3">
<pin_list>
<pin id="103" dir="1" index="0" bw="1" slack="0"/>
</pin_list>
<bind>
<StgValue><ssdm name="em_objects_3"/></StgValue>
</bind>
</comp>

<comp id="104" class="1000" name="em_objects_4">
<pin_list>
<pin id="105" dir="1" index="0" bw="1" slack="0"/>
</pin_list>
<bind>
<StgValue><ssdm name="em_objects_4"/></StgValue>
</bind>
</comp>

<comp id="106" class="1000" name="em_objects_5">
<pin_list>
<pin id="107" dir="1" index="0" bw="1" slack="0"/>
</pin_list>
<bind>
<StgValue><ssdm name="em_objects_5"/></StgValue>
</bind>
</comp>

<comp id="108" class="1000" name="em_objects_6">
<pin_list>
<pin id="109" dir="1" index="0" bw="1" slack="0"/>
</pin_list>
<bind>
<StgValue><ssdm name="em_objects_6"/></StgValue>
</bind>
</comp>

<comp id="110" class="1000" name="em_objects_7">
<pin_list>
<pin id="111" dir="1" index="0" bw="1" slack="0"/>
</pin_list>
<bind>
<StgValue><ssdm name="em_objects_7"/></StgValue>
</bind>
</comp>

<comp id="112" class="1001" name="const_112">
<pin_list>
<pin id="113" dir="1" index="0" bw="1" slack="0"/>
</pin_list>
<bind>
<StgValue><ssdm name="_ssdm_op_Read.ap_auto.i1"/></StgValue>
</bind>
</comp>

<comp id="114" class="1001" name="const_114">
<pin_list>
<pin id="115" dir="1" index="0" bw="1" slack="0"/>
</pin_list>
<bind>
<StgValue><ssdm name="_ssdm_op_Read.ap_auto.i4"/></StgValue>
</bind>
</comp>

<comp id="116" class="1001" name="const_116">
<pin_list>
<pin id="117" dir="1" index="0" bw="1" slack="0"/>
</pin_list>
<bind>
<StgValue><ssdm name="_ssdm_op_Read.ap_auto.i6"/></StgValue>
</bind>
</comp>

<comp id="118" class="1001" name="const_118">
<pin_list>
<pin id="119" dir="1" index="0" bw="1" slack="0"/>
</pin_list>
<bind>
<StgValue><ssdm name="_ssdm_op_Read.ap_auto.i20"/></StgValue>
</bind>
</comp>

<comp id="120" class="1001" name="const_120">
<pin_list>
<pin id="121" dir="1" index="0" bw="1" slack="0"/>
</pin_list>
<bind>
<StgValue><ssdm name=""/></StgValue>
</bind>
</comp>

<comp id="122" class="1001" name="const_122">
<pin_list>
<pin id="123" dir="1" index="0" bw="1" slack="0"/>
</pin_list>
<bind>
<StgValue><ssdm name=""/></StgValue>
</bind>
</comp>

<comp id="124" class="1001" name="const_124">
<pin_list>
<pin id="125" dir="1" index="0" bw="1" slack="0"/>
</pin_list>
<bind>
<StgValue><ssdm name=""/></StgValue>
</bind>
</comp>

<comp id="126" class="1001" name="const_126">
<pin_list>
<pin id="127" dir="1" index="0" bw="1" slack="0"/>
</pin_list>
<bind>
<StgValue><ssdm name="_ssdm_op_BitConcatenate.i58.i2.i4.i6.i6.i20.i20"/></StgValue>
</bind>
</comp>

<comp id="128" class="1001" name="const_128">
<pin_list>
<pin id="129" dir="1" index="0" bw="1" slack="0"/>
</pin_list>
<bind>
<StgValue><ssdm name="_ssdm_op_BitConcatenate.i89.i1.i88"/></StgValue>
</bind>
</comp>

<comp id="130" class="1001" name="const_130">
<pin_list>
<pin id="131" dir="1" index="0" bw="1" slack="0"/>
</pin_list>
<bind>
<StgValue><ssdm name=""/></StgValue>
</bind>
</comp>

<comp id="132" class="1001" name="const_132">
<pin_list>
<pin id="133" dir="1" index="0" bw="1" slack="0"/>
</pin_list>
<bind>
<StgValue><ssdm name=""/></StgValue>
</bind>
</comp>

<comp id="134" class="1001" name="const_134">
<pin_list>
<pin id="135" dir="1" index="0" bw="1" slack="0"/>
</pin_list>
<bind>
<StgValue><ssdm name="_ssdm_op_Write.ap_auto.i89P0A"/></StgValue>
</bind>
</comp>

<comp id="136" class="1004" name="p_read_48_read_fu_136">
<pin_list>
<pin id="137" dir="0" index="0" bw="1" slack="0"/>
<pin id="138" dir="0" index="1" bw="1" slack="0"/>
<pin id="139" dir="1" index="2" bw="1" slack="0"/>
</pin_list>
<bind>
<opcode="read(1150) " fcode="read"/>
<opset="p_read_48/1 "/>
</bind>
</comp>

<comp id="142" class="1004" name="p_read_49_read_fu_142">
<pin_list>
<pin id="143" dir="0" index="0" bw="1" slack="0"/>
<pin id="144" dir="0" index="1" bw="1" slack="0"/>
<pin id="145" dir="1" index="2" bw="1" slack="0"/>
</pin_list>
<bind>
<opcode="read(1150) " fcode="read"/>
<opset="p_read_49/1 "/>
</bind>
</comp>

<comp id="148" class="1004" name="p_read_50_read_fu_148">
<pin_list>
<pin id="149" dir="0" index="0" bw="1" slack="0"/>
<pin id="150" dir="0" index="1" bw="1" slack="0"/>
<pin id="151" dir="1" index="2" bw="1" slack="0"/>
</pin_list>
<bind>
<opcode="read(1150) " fcode="read"/>
<opset="p_read_50/1 "/>
</bind>
</comp>

<comp id="154" class="1004" name="p_read_51_read_fu_154">
<pin_list>
<pin id="155" dir="0" index="0" bw="1" slack="0"/>
<pin id="156" dir="0" index="1" bw="1" slack="0"/>
<pin id="157" dir="1" index="2" bw="1" slack="0"/>
</pin_list>
<bind>
<opcode="read(1150) " fcode="read"/>
<opset="p_read_51/1 "/>
</bind>
</comp>

<comp id="160" class="1004" name="p_read_52_read_fu_160">
<pin_list>
<pin id="161" dir="0" index="0" bw="1" slack="0"/>
<pin id="162" dir="0" index="1" bw="1" slack="0"/>
<pin id="163" dir="1" index="2" bw="1" slack="0"/>
</pin_list>
<bind>
<opcode="read(1150) " fcode="read"/>
<opset="p_read_52/1 "/>
</bind>
</comp>

<comp id="166" class="1004" name="p_read_53_read_fu_166">
<pin_list>
<pin id="167" dir="0" index="0" bw="1" slack="0"/>
<pin id="168" dir="0" index="1" bw="1" slack="0"/>
<pin id="169" dir="1" index="2" bw="1" slack="0"/>
</pin_list>
<bind>
<opcode="read(1150) " fcode="read"/>
<opset="p_read_53/1 "/>
</bind>
</comp>

<comp id="172" class="1004" name="p_read_54_read_fu_172">
<pin_list>
<pin id="173" dir="0" index="0" bw="1" slack="0"/>
<pin id="174" dir="0" index="1" bw="1" slack="0"/>
<pin id="175" dir="1" index="2" bw="1" slack="0"/>
</pin_list>
<bind>
<opcode="read(1150) " fcode="read"/>
<opset="p_read_54/1 "/>
</bind>
</comp>

<comp id="178" class="1004" name="p_read_55_read_fu_178">
<pin_list>
<pin id="179" dir="0" index="0" bw="1" slack="0"/>
<pin id="180" dir="0" index="1" bw="1" slack="0"/>
<pin id="181" dir="1" index="2" bw="1" slack="0"/>
</pin_list>
<bind>
<opcode="read(1150) " fcode="read"/>
<opset="p_read_55/1 "/>
</bind>
</comp>

<comp id="184" class="1004" name="p_read_56_read_fu_184">
<pin_list>
<pin id="185" dir="0" index="0" bw="4" slack="0"/>
<pin id="186" dir="0" index="1" bw="4" slack="0"/>
<pin id="187" dir="1" index="2" bw="4" slack="0"/>
</pin_list>
<bind>
<opcode="read(1150) " fcode="read"/>
<opset="p_read_56/1 "/>
</bind>
</comp>

<comp id="190" class="1004" name="p_read_57_read_fu_190">
<pin_list>
<pin id="191" dir="0" index="0" bw="4" slack="0"/>
<pin id="192" dir="0" index="1" bw="4" slack="0"/>
<pin id="193" dir="1" index="2" bw="4" slack="0"/>
</pin_list>
<bind>
<opcode="read(1150) " fcode="read"/>
<opset="p_read_57/1 "/>
</bind>
</comp>

<comp id="196" class="1004" name="p_read_58_read_fu_196">
<pin_list>
<pin id="197" dir="0" index="0" bw="4" slack="0"/>
<pin id="198" dir="0" index="1" bw="4" slack="0"/>
<pin id="199" dir="1" index="2" bw="4" slack="0"/>
</pin_list>
<bind>
<opcode="read(1150) " fcode="read"/>
<opset="p_read_58/1 "/>
</bind>
</comp>

<comp id="202" class="1004" name="p_read_59_read_fu_202">
<pin_list>
<pin id="203" dir="0" index="0" bw="4" slack="0"/>
<pin id="204" dir="0" index="1" bw="4" slack="0"/>
<pin id="205" dir="1" index="2" bw="4" slack="0"/>
</pin_list>
<bind>
<opcode="read(1150) " fcode="read"/>
<opset="p_read_59/1 "/>
</bind>
</comp>

<comp id="208" class="1004" name="p_read_60_read_fu_208">
<pin_list>
<pin id="209" dir="0" index="0" bw="4" slack="0"/>
<pin id="210" dir="0" index="1" bw="4" slack="0"/>
<pin id="211" dir="1" index="2" bw="4" slack="0"/>
</pin_list>
<bind>
<opcode="read(1150) " fcode="read"/>
<opset="p_read_60/1 "/>
</bind>
</comp>

<comp id="214" class="1004" name="p_read_61_read_fu_214">
<pin_list>
<pin id="215" dir="0" index="0" bw="4" slack="0"/>
<pin id="216" dir="0" index="1" bw="4" slack="0"/>
<pin id="217" dir="1" index="2" bw="4" slack="0"/>
</pin_list>
<bind>
<opcode="read(1150) " fcode="read"/>
<opset="p_read_61/1 "/>
</bind>
</comp>

<comp id="220" class="1004" name="p_read_62_read_fu_220">
<pin_list>
<pin id="221" dir="0" index="0" bw="4" slack="0"/>
<pin id="222" dir="0" index="1" bw="4" slack="0"/>
<pin id="223" dir="1" index="2" bw="4" slack="0"/>
</pin_list>
<bind>
<opcode="read(1150) " fcode="read"/>
<opset="p_read_62/1 "/>
</bind>
</comp>

<comp id="226" class="1004" name="p_read_63_read_fu_226">
<pin_list>
<pin id="227" dir="0" index="0" bw="4" slack="0"/>
<pin id="228" dir="0" index="1" bw="4" slack="0"/>
<pin id="229" dir="1" index="2" bw="4" slack="0"/>
</pin_list>
<bind>
<opcode="read(1150) " fcode="read"/>
<opset="p_read_63/1 "/>
</bind>
</comp>

<comp id="232" class="1004" name="p_read_64_read_fu_232">
<pin_list>
<pin id="233" dir="0" index="0" bw="6" slack="0"/>
<pin id="234" dir="0" index="1" bw="6" slack="0"/>
<pin id="235" dir="1" index="2" bw="6" slack="0"/>
</pin_list>
<bind>
<opcode="read(1150) " fcode="read"/>
<opset="p_read_64/1 "/>
</bind>
</comp>

<comp id="238" class="1004" name="p_read_65_read_fu_238">
<pin_list>
<pin id="239" dir="0" index="0" bw="6" slack="0"/>
<pin id="240" dir="0" index="1" bw="6" slack="0"/>
<pin id="241" dir="1" index="2" bw="6" slack="0"/>
</pin_list>
<bind>
<opcode="read(1150) " fcode="read"/>
<opset="p_read_65/1 "/>
</bind>
</comp>

<comp id="244" class="1004" name="p_read_66_read_fu_244">
<pin_list>
<pin id="245" dir="0" index="0" bw="6" slack="0"/>
<pin id="246" dir="0" index="1" bw="6" slack="0"/>
<pin id="247" dir="1" index="2" bw="6" slack="0"/>
</pin_list>
<bind>
<opcode="read(1150) " fcode="read"/>
<opset="p_read_66/1 "/>
</bind>
</comp>

<comp id="250" class="1004" name="p_read_67_read_fu_250">
<pin_list>
<pin id="251" dir="0" index="0" bw="6" slack="0"/>
<pin id="252" dir="0" index="1" bw="6" slack="0"/>
<pin id="253" dir="1" index="2" bw="6" slack="0"/>
</pin_list>
<bind>
<opcode="read(1150) " fcode="read"/>
<opset="p_read_67/1 "/>
</bind>
</comp>

<comp id="256" class="1004" name="p_read_68_read_fu_256">
<pin_list>
<pin id="257" dir="0" index="0" bw="6" slack="0"/>
<pin id="258" dir="0" index="1" bw="6" slack="0"/>
<pin id="259" dir="1" index="2" bw="6" slack="0"/>
</pin_list>
<bind>
<opcode="read(1150) " fcode="read"/>
<opset="p_read_68/1 "/>
</bind>
</comp>

<comp id="262" class="1004" name="p_read_69_read_fu_262">
<pin_list>
<pin id="263" dir="0" index="0" bw="6" slack="0"/>
<pin id="264" dir="0" index="1" bw="6" slack="0"/>
<pin id="265" dir="1" index="2" bw="6" slack="0"/>
</pin_list>
<bind>
<opcode="read(1150) " fcode="read"/>
<opset="p_read_69/1 "/>
</bind>
</comp>

<comp id="268" class="1004" name="p_read_70_read_fu_268">
<pin_list>
<pin id="269" dir="0" index="0" bw="6" slack="0"/>
<pin id="270" dir="0" index="1" bw="6" slack="0"/>
<pin id="271" dir="1" index="2" bw="6" slack="0"/>
</pin_list>
<bind>
<opcode="read(1150) " fcode="read"/>
<opset="p_read_70/1 "/>
</bind>
</comp>

<comp id="274" class="1004" name="p_read_71_read_fu_274">
<pin_list>
<pin id="275" dir="0" index="0" bw="6" slack="0"/>
<pin id="276" dir="0" index="1" bw="6" slack="0"/>
<pin id="277" dir="1" index="2" bw="6" slack="0"/>
</pin_list>
<bind>
<opcode="read(1150) " fcode="read"/>
<opset="p_read_71/1 "/>
</bind>
</comp>

<comp id="280" class="1004" name="p_read_72_read_fu_280">
<pin_list>
<pin id="281" dir="0" index="0" bw="6" slack="0"/>
<pin id="282" dir="0" index="1" bw="6" slack="0"/>
<pin id="283" dir="1" index="2" bw="6" slack="0"/>
</pin_list>
<bind>
<opcode="read(1150) " fcode="read"/>
<opset="p_read_72/1 "/>
</bind>
</comp>

<comp id="286" class="1004" name="p_read_73_read_fu_286">
<pin_list>
<pin id="287" dir="0" index="0" bw="6" slack="0"/>
<pin id="288" dir="0" index="1" bw="6" slack="0"/>
<pin id="289" dir="1" index="2" bw="6" slack="0"/>
</pin_list>
<bind>
<opcode="read(1150) " fcode="read"/>
<opset="p_read_73/1 "/>
</bind>
</comp>

<comp id="292" class="1004" name="p_read_74_read_fu_292">
<pin_list>
<pin id="293" dir="0" index="0" bw="6" slack="0"/>
<pin id="294" dir="0" index="1" bw="6" slack="0"/>
<pin id="295" dir="1" index="2" bw="6" slack="0"/>
</pin_list>
<bind>
<opcode="read(1150) " fcode="read"/>
<opset="p_read_74/1 "/>
</bind>
</comp>

<comp id="298" class="1004" name="p_read2068_read_fu_298">
<pin_list>
<pin id="299" dir="0" index="0" bw="6" slack="0"/>
<pin id="300" dir="0" index="1" bw="6" slack="0"/>
<pin id="301" dir="1" index="2" bw="6" slack="0"/>
</pin_list>
<bind>
<opcode="read(1150) " fcode="read"/>
<opset="p_read2068/1 "/>
</bind>
</comp>

<comp id="304" class="1004" name="p_read_75_read_fu_304">
<pin_list>
<pin id="305" dir="0" index="0" bw="6" slack="0"/>
<pin id="306" dir="0" index="1" bw="6" slack="0"/>
<pin id="307" dir="1" index="2" bw="6" slack="0"/>
</pin_list>
<bind>
<opcode="read(1150) " fcode="read"/>
<opset="p_read_75/1 "/>
</bind>
</comp>

<comp id="310" class="1004" name="p_read_76_read_fu_310">
<pin_list>
<pin id="311" dir="0" index="0" bw="6" slack="0"/>
<pin id="312" dir="0" index="1" bw="6" slack="0"/>
<pin id="313" dir="1" index="2" bw="6" slack="0"/>
</pin_list>
<bind>
<opcode="read(1150) " fcode="read"/>
<opset="p_read_76/1 "/>
</bind>
</comp>

<comp id="316" class="1004" name="p_read_77_read_fu_316">
<pin_list>
<pin id="317" dir="0" index="0" bw="6" slack="0"/>
<pin id="318" dir="0" index="1" bw="6" slack="0"/>
<pin id="319" dir="1" index="2" bw="6" slack="0"/>
</pin_list>
<bind>
<opcode="read(1150) " fcode="read"/>
<opset="p_read_77/1 "/>
</bind>
</comp>

<comp id="322" class="1004" name="p_read_78_read_fu_322">
<pin_list>
<pin id="323" dir="0" index="0" bw="6" slack="0"/>
<pin id="324" dir="0" index="1" bw="6" slack="0"/>
<pin id="325" dir="1" index="2" bw="6" slack="0"/>
</pin_list>
<bind>
<opcode="read(1150) " fcode="read"/>
<opset="p_read_78/1 "/>
</bind>
</comp>

<comp id="328" class="1004" name="p_read_79_read_fu_328">
<pin_list>
<pin id="329" dir="0" index="0" bw="20" slack="0"/>
<pin id="330" dir="0" index="1" bw="20" slack="0"/>
<pin id="331" dir="1" index="2" bw="20" slack="0"/>
</pin_list>
<bind>
<opcode="read(1150) " fcode="read"/>
<opset="p_read_79/1 "/>
</bind>
</comp>

<comp id="334" class="1004" name="p_read_80_read_fu_334">
<pin_list>
<pin id="335" dir="0" index="0" bw="20" slack="0"/>
<pin id="336" dir="0" index="1" bw="20" slack="0"/>
<pin id="337" dir="1" index="2" bw="20" slack="0"/>
</pin_list>
<bind>
<opcode="read(1150) " fcode="read"/>
<opset="p_read_80/1 "/>
</bind>
</comp>

<comp id="340" class="1004" name="p_read_81_read_fu_340">
<pin_list>
<pin id="341" dir="0" index="0" bw="20" slack="0"/>
<pin id="342" dir="0" index="1" bw="20" slack="0"/>
<pin id="343" dir="1" index="2" bw="20" slack="0"/>
</pin_list>
<bind>
<opcode="read(1150) " fcode="read"/>
<opset="p_read_81/1 "/>
</bind>
</comp>

<comp id="346" class="1004" name="p_read_82_read_fu_346">
<pin_list>
<pin id="347" dir="0" index="0" bw="20" slack="0"/>
<pin id="348" dir="0" index="1" bw="20" slack="0"/>
<pin id="349" dir="1" index="2" bw="20" slack="0"/>
</pin_list>
<bind>
<opcode="read(1150) " fcode="read"/>
<opset="p_read_82/1 "/>
</bind>
</comp>

<comp id="352" class="1004" name="p_read_83_read_fu_352">
<pin_list>
<pin id="353" dir="0" index="0" bw="20" slack="0"/>
<pin id="354" dir="0" index="1" bw="20" slack="0"/>
<pin id="355" dir="1" index="2" bw="20" slack="0"/>
</pin_list>
<bind>
<opcode="read(1150) " fcode="read"/>
<opset="p_read_83/1 "/>
</bind>
</comp>

<comp id="358" class="1004" name="p_read1058_read_fu_358">
<pin_list>
<pin id="359" dir="0" index="0" bw="20" slack="0"/>
<pin id="360" dir="0" index="1" bw="20" slack="0"/>
<pin id="361" dir="1" index="2" bw="20" slack="0"/>
</pin_list>
<bind>
<opcode="read(1150) " fcode="read"/>
<opset="p_read1058/1 "/>
</bind>
</comp>

<comp id="364" class="1004" name="p_read957_read_fu_364">
<pin_list>
<pin id="365" dir="0" index="0" bw="20" slack="0"/>
<pin id="366" dir="0" index="1" bw="20" slack="0"/>
<pin id="367" dir="1" index="2" bw="20" slack="0"/>
</pin_list>
<bind>
<opcode="read(1150) " fcode="read"/>
<opset="p_read957/1 "/>
</bind>
</comp>

<comp id="370" class="1004" name="p_read856_read_fu_370">
<pin_list>
<pin id="371" dir="0" index="0" bw="20" slack="0"/>
<pin id="372" dir="0" index="1" bw="20" slack="0"/>
<pin id="373" dir="1" index="2" bw="20" slack="0"/>
</pin_list>
<bind>
<opcode="read(1150) " fcode="read"/>
<opset="p_read856/1 "/>
</bind>
</comp>

<comp id="376" class="1004" name="p_read755_read_fu_376">
<pin_list>
<pin id="377" dir="0" index="0" bw="20" slack="0"/>
<pin id="378" dir="0" index="1" bw="20" slack="0"/>
<pin id="379" dir="1" index="2" bw="20" slack="0"/>
</pin_list>
<bind>
<opcode="read(1150) " fcode="read"/>
<opset="p_read755/1 "/>
</bind>
</comp>

<comp id="382" class="1004" name="p_read654_read_fu_382">
<pin_list>
<pin id="383" dir="0" index="0" bw="20" slack="0"/>
<pin id="384" dir="0" index="1" bw="20" slack="0"/>
<pin id="385" dir="1" index="2" bw="20" slack="0"/>
</pin_list>
<bind>
<opcode="read(1150) " fcode="read"/>
<opset="p_read654/1 "/>
</bind>
</comp>

<comp id="388" class="1004" name="p_read553_read_fu_388">
<pin_list>
<pin id="389" dir="0" index="0" bw="20" slack="0"/>
<pin id="390" dir="0" index="1" bw="20" slack="0"/>
<pin id="391" dir="1" index="2" bw="20" slack="0"/>
</pin_list>
<bind>
<opcode="read(1150) " fcode="read"/>
<opset="p_read553/1 "/>
</bind>
</comp>

<comp id="394" class="1004" name="p_read452_read_fu_394">
<pin_list>
<pin id="395" dir="0" index="0" bw="20" slack="0"/>
<pin id="396" dir="0" index="1" bw="20" slack="0"/>
<pin id="397" dir="1" index="2" bw="20" slack="0"/>
</pin_list>
<bind>
<opcode="read(1150) " fcode="read"/>
<opset="p_read452/1 "/>
</bind>
</comp>

<comp id="400" class="1004" name="p_read351_read_fu_400">
<pin_list>
<pin id="401" dir="0" index="0" bw="20" slack="0"/>
<pin id="402" dir="0" index="1" bw="20" slack="0"/>
<pin id="403" dir="1" index="2" bw="20" slack="0"/>
</pin_list>
<bind>
<opcode="read(1150) " fcode="read"/>
<opset="p_read351/1 "/>
</bind>
</comp>

<comp id="406" class="1004" name="p_read250_read_fu_406">
<pin_list>
<pin id="407" dir="0" index="0" bw="20" slack="0"/>
<pin id="408" dir="0" index="1" bw="20" slack="0"/>
<pin id="409" dir="1" index="2" bw="20" slack="0"/>
</pin_list>
<bind>
<opcode="read(1150) " fcode="read"/>
<opset="p_read250/1 "/>
</bind>
</comp>

<comp id="412" class="1004" name="p_read149_read_fu_412">
<pin_list>
<pin id="413" dir="0" index="0" bw="20" slack="0"/>
<pin id="414" dir="0" index="1" bw="20" slack="0"/>
<pin id="415" dir="1" index="2" bw="20" slack="0"/>
</pin_list>
<bind>
<opcode="read(1150) " fcode="read"/>
<opset="p_read149/1 "/>
</bind>
</comp>

<comp id="418" class="1004" name="p_read48_read_fu_418">
<pin_list>
<pin id="419" dir="0" index="0" bw="20" slack="0"/>
<pin id="420" dir="0" index="1" bw="20" slack="0"/>
<pin id="421" dir="1" index="2" bw="20" slack="0"/>
</pin_list>
<bind>
<opcode="read(1150) " fcode="read"/>
<opset="p_read48/1 "/>
</bind>
</comp>

<comp id="424" class="1004" name="write_ln218_write_fu_424">
<pin_list>
<pin id="425" dir="0" index="0" bw="0" slack="0"/>
<pin id="426" dir="0" index="1" bw="89" slack="0"/>
<pin id="427" dir="0" index="2" bw="89" slack="0"/>
<pin id="428" dir="1" index="3" bw="0" slack="2147483647"/>
</pin_list>
<bind>
<opcode="write(1151) " fcode="write"/>
<opset="write_ln218/1 "/>
</bind>
</comp>

<comp id="431" class="1004" name="write_ln218_write_fu_431">
<pin_list>
<pin id="432" dir="0" index="0" bw="0" slack="0"/>
<pin id="433" dir="0" index="1" bw="89" slack="0"/>
<pin id="434" dir="0" index="2" bw="89" slack="0"/>
<pin id="435" dir="1" index="3" bw="0" slack="2147483647"/>
</pin_list>
<bind>
<opcode="write(1151) " fcode="write"/>
<opset="write_ln218/1 "/>
</bind>
</comp>

<comp id="438" class="1004" name="write_ln218_write_fu_438">
<pin_list>
<pin id="439" dir="0" index="0" bw="0" slack="0"/>
<pin id="440" dir="0" index="1" bw="89" slack="0"/>
<pin id="441" dir="0" index="2" bw="89" slack="0"/>
<pin id="442" dir="1" index="3" bw="0" slack="2147483647"/>
</pin_list>
<bind>
<opcode="write(1151) " fcode="write"/>
<opset="write_ln218/1 "/>
</bind>
</comp>

<comp id="445" class="1004" name="write_ln218_write_fu_445">
<pin_list>
<pin id="446" dir="0" index="0" bw="0" slack="0"/>
<pin id="447" dir="0" index="1" bw="89" slack="0"/>
<pin id="448" dir="0" index="2" bw="89" slack="0"/>
<pin id="449" dir="1" index="3" bw="0" slack="2147483647"/>
</pin_list>
<bind>
<opcode="write(1151) " fcode="write"/>
<opset="write_ln218/1 "/>
</bind>
</comp>

<comp id="452" class="1004" name="write_ln218_write_fu_452">
<pin_list>
<pin id="453" dir="0" index="0" bw="0" slack="0"/>
<pin id="454" dir="0" index="1" bw="89" slack="0"/>
<pin id="455" dir="0" index="2" bw="89" slack="0"/>
<pin id="456" dir="1" index="3" bw="0" slack="2147483647"/>
</pin_list>
<bind>
<opcode="write(1151) " fcode="write"/>
<opset="write_ln218/1 "/>
</bind>
</comp>

<comp id="459" class="1004" name="write_ln218_write_fu_459">
<pin_list>
<pin id="460" dir="0" index="0" bw="0" slack="0"/>
<pin id="461" dir="0" index="1" bw="89" slack="0"/>
<pin id="462" dir="0" index="2" bw="89" slack="0"/>
<pin id="463" dir="1" index="3" bw="0" slack="2147483647"/>
</pin_list>
<bind>
<opcode="write(1151) " fcode="write"/>
<opset="write_ln218/1 "/>
</bind>
</comp>

<comp id="466" class="1004" name="write_ln218_write_fu_466">
<pin_list>
<pin id="467" dir="0" index="0" bw="0" slack="0"/>
<pin id="468" dir="0" index="1" bw="89" slack="0"/>
<pin id="469" dir="0" index="2" bw="89" slack="0"/>
<pin id="470" dir="1" index="3" bw="0" slack="2147483647"/>
</pin_list>
<bind>
<opcode="write(1151) " fcode="write"/>
<opset="write_ln218/1 "/>
</bind>
</comp>

<comp id="473" class="1004" name="write_ln218_write_fu_473">
<pin_list>
<pin id="474" dir="0" index="0" bw="0" slack="0"/>
<pin id="475" dir="0" index="1" bw="89" slack="0"/>
<pin id="476" dir="0" index="2" bw="89" slack="0"/>
<pin id="477" dir="1" index="3" bw="0" slack="2147483647"/>
</pin_list>
<bind>
<opcode="write(1151) " fcode="write"/>
<opset="write_ln218/1 "/>
</bind>
</comp>

<comp id="480" class="1004" name="icmp_ln234_fu_480">
<pin_list>
<pin id="481" dir="0" index="0" bw="4" slack="0"/>
<pin id="482" dir="0" index="1" bw="3" slack="0"/>
<pin id="483" dir="1" index="2" bw="1" slack="0"/>
</pin_list>
<bind>
<opcode="icmp(45) " fcode="icmp"/>
<opset="icmp_ln234/1 "/>
</bind>
</comp>

<comp id="486" class="1004" name="select_ln234_fu_486">
<pin_list>
<pin id="487" dir="0" index="0" bw="1" slack="0"/>
<pin id="488" dir="0" index="1" bw="1" slack="0"/>
<pin id="489" dir="0" index="2" bw="2" slack="0"/>
<pin id="490" dir="1" index="3" bw="2" slack="0"/>
</pin_list>
<bind>
<opcode="select(49) " fcode="select"/>
<opset="select_ln234/1 "/>
</bind>
</comp>

<comp id="494" class="1004" name="or_ln234_s_fu_494">
<pin_list>
<pin id="495" dir="0" index="0" bw="58" slack="0"/>
<pin id="496" dir="0" index="1" bw="2" slack="0"/>
<pin id="497" dir="0" index="2" bw="4" slack="0"/>
<pin id="498" dir="0" index="3" bw="6" slack="0"/>
<pin id="499" dir="0" index="4" bw="6" slack="0"/>
<pin id="500" dir="0" index="5" bw="20" slack="0"/>
<pin id="501" dir="0" index="6" bw="20" slack="0"/>
<pin id="502" dir="1" index="7" bw="58" slack="0"/>
</pin_list>
<bind>
<opcode="bitconcatenate(1004) " fcode="bitconcatenate"/>
<opset="or_ln234_s/1 "/>
</bind>
</comp>

<comp id="510" class="1004" name="zext_ln234_fu_510">
<pin_list>
<pin id="511" dir="0" index="0" bw="58" slack="0"/>
<pin id="512" dir="1" index="1" bw="88" slack="0"/>
</pin_list>
<bind>
<opcode="zext(34) " fcode="zext"/>
<opset="zext_ln234/1 "/>
</bind>
</comp>

<comp id="514" class="1004" name="or_ln_fu_514">
<pin_list>
<pin id="515" dir="0" index="0" bw="89" slack="0"/>
<pin id="516" dir="0" index="1" bw="1" slack="0"/>
<pin id="517" dir="0" index="2" bw="58" slack="0"/>
<pin id="518" dir="1" index="3" bw="89" slack="0"/>
</pin_list>
<bind>
<opcode="bitconcatenate(1004) " fcode="bitconcatenate"/>
<opset="or_ln/1 "/>
</bind>
</comp>

<comp id="522" class="1004" name="em_objects_0_new_0_fu_522">
<pin_list>
<pin id="523" dir="0" index="0" bw="1" slack="0"/>
<pin id="524" dir="0" index="1" bw="89" slack="0"/>
<pin id="525" dir="0" index="2" bw="1" slack="0"/>
<pin id="526" dir="1" index="3" bw="89" slack="0"/>
</pin_list>
<bind>
<opcode="select(49) " fcode="select"/>
<opset="em_objects_0_new_0/1 "/>
</bind>
</comp>

<comp id="531" class="1004" name="icmp_ln234_8_fu_531">
<pin_list>
<pin id="532" dir="0" index="0" bw="4" slack="0"/>
<pin id="533" dir="0" index="1" bw="3" slack="0"/>
<pin id="534" dir="1" index="2" bw="1" slack="0"/>
</pin_list>
<bind>
<opcode="icmp(45) " fcode="icmp"/>
<opset="icmp_ln234_8/1 "/>
</bind>
</comp>

<comp id="537" class="1004" name="select_ln234_8_fu_537">
<pin_list>
<pin id="538" dir="0" index="0" bw="1" slack="0"/>
<pin id="539" dir="0" index="1" bw="1" slack="0"/>
<pin id="540" dir="0" index="2" bw="2" slack="0"/>
<pin id="541" dir="1" index="3" bw="2" slack="0"/>
</pin_list>
<bind>
<opcode="select(49) " fcode="select"/>
<opset="select_ln234_8/1 "/>
</bind>
</comp>

<comp id="545" class="1004" name="or_ln234_14_fu_545">
<pin_list>
<pin id="546" dir="0" index="0" bw="58" slack="0"/>
<pin id="547" dir="0" index="1" bw="2" slack="0"/>
<pin id="548" dir="0" index="2" bw="4" slack="0"/>
<pin id="549" dir="0" index="3" bw="6" slack="0"/>
<pin id="550" dir="0" index="4" bw="6" slack="0"/>
<pin id="551" dir="0" index="5" bw="20" slack="0"/>
<pin id="552" dir="0" index="6" bw="20" slack="0"/>
<pin id="553" dir="1" index="7" bw="58" slack="0"/>
</pin_list>
<bind>
<opcode="bitconcatenate(1004) " fcode="bitconcatenate"/>
<opset="or_ln234_14/1 "/>
</bind>
</comp>

<comp id="561" class="1004" name="zext_ln234_8_fu_561">
<pin_list>
<pin id="562" dir="0" index="0" bw="58" slack="0"/>
<pin id="563" dir="1" index="1" bw="88" slack="0"/>
</pin_list>
<bind>
<opcode="zext(34) " fcode="zext"/>
<opset="zext_ln234_8/1 "/>
</bind>
</comp>

<comp id="565" class="1004" name="or_ln234_15_fu_565">
<pin_list>
<pin id="566" dir="0" index="0" bw="89" slack="0"/>
<pin id="567" dir="0" index="1" bw="1" slack="0"/>
<pin id="568" dir="0" index="2" bw="58" slack="0"/>
<pin id="569" dir="1" index="3" bw="89" slack="0"/>
</pin_list>
<bind>
<opcode="bitconcatenate(1004) " fcode="bitconcatenate"/>
<opset="or_ln234_15/1 "/>
</bind>
</comp>

<comp id="573" class="1004" name="em_objects_1_new_0_fu_573">
<pin_list>
<pin id="574" dir="0" index="0" bw="1" slack="0"/>
<pin id="575" dir="0" index="1" bw="89" slack="0"/>
<pin id="576" dir="0" index="2" bw="1" slack="0"/>
<pin id="577" dir="1" index="3" bw="89" slack="0"/>
</pin_list>
<bind>
<opcode="select(49) " fcode="select"/>
<opset="em_objects_1_new_0/1 "/>
</bind>
</comp>

<comp id="582" class="1004" name="icmp_ln234_9_fu_582">
<pin_list>
<pin id="583" dir="0" index="0" bw="4" slack="0"/>
<pin id="584" dir="0" index="1" bw="3" slack="0"/>
<pin id="585" dir="1" index="2" bw="1" slack="0"/>
</pin_list>
<bind>
<opcode="icmp(45) " fcode="icmp"/>
<opset="icmp_ln234_9/1 "/>
</bind>
</comp>

<comp id="588" class="1004" name="select_ln234_9_fu_588">
<pin_list>
<pin id="589" dir="0" index="0" bw="1" slack="0"/>
<pin id="590" dir="0" index="1" bw="1" slack="0"/>
<pin id="591" dir="0" index="2" bw="2" slack="0"/>
<pin id="592" dir="1" index="3" bw="2" slack="0"/>
</pin_list>
<bind>
<opcode="select(49) " fcode="select"/>
<opset="select_ln234_9/1 "/>
</bind>
</comp>

<comp id="596" class="1004" name="or_ln234_16_fu_596">
<pin_list>
<pin id="597" dir="0" index="0" bw="58" slack="0"/>
<pin id="598" dir="0" index="1" bw="2" slack="0"/>
<pin id="599" dir="0" index="2" bw="4" slack="0"/>
<pin id="600" dir="0" index="3" bw="6" slack="0"/>
<pin id="601" dir="0" index="4" bw="6" slack="0"/>
<pin id="602" dir="0" index="5" bw="20" slack="0"/>
<pin id="603" dir="0" index="6" bw="20" slack="0"/>
<pin id="604" dir="1" index="7" bw="58" slack="0"/>
</pin_list>
<bind>
<opcode="bitconcatenate(1004) " fcode="bitconcatenate"/>
<opset="or_ln234_16/1 "/>
</bind>
</comp>

<comp id="612" class="1004" name="zext_ln234_9_fu_612">
<pin_list>
<pin id="613" dir="0" index="0" bw="58" slack="0"/>
<pin id="614" dir="1" index="1" bw="88" slack="0"/>
</pin_list>
<bind>
<opcode="zext(34) " fcode="zext"/>
<opset="zext_ln234_9/1 "/>
</bind>
</comp>

<comp id="616" class="1004" name="or_ln234_17_fu_616">
<pin_list>
<pin id="617" dir="0" index="0" bw="89" slack="0"/>
<pin id="618" dir="0" index="1" bw="1" slack="0"/>
<pin id="619" dir="0" index="2" bw="58" slack="0"/>
<pin id="620" dir="1" index="3" bw="89" slack="0"/>
</pin_list>
<bind>
<opcode="bitconcatenate(1004) " fcode="bitconcatenate"/>
<opset="or_ln234_17/1 "/>
</bind>
</comp>

<comp id="624" class="1004" name="em_objects_2_new_0_fu_624">
<pin_list>
<pin id="625" dir="0" index="0" bw="1" slack="0"/>
<pin id="626" dir="0" index="1" bw="89" slack="0"/>
<pin id="627" dir="0" index="2" bw="1" slack="0"/>
<pin id="628" dir="1" index="3" bw="89" slack="0"/>
</pin_list>
<bind>
<opcode="select(49) " fcode="select"/>
<opset="em_objects_2_new_0/1 "/>
</bind>
</comp>

<comp id="633" class="1004" name="icmp_ln234_10_fu_633">
<pin_list>
<pin id="634" dir="0" index="0" bw="4" slack="0"/>
<pin id="635" dir="0" index="1" bw="3" slack="0"/>
<pin id="636" dir="1" index="2" bw="1" slack="0"/>
</pin_list>
<bind>
<opcode="icmp(45) " fcode="icmp"/>
<opset="icmp_ln234_10/1 "/>
</bind>
</comp>

<comp id="639" class="1004" name="select_ln234_10_fu_639">
<pin_list>
<pin id="640" dir="0" index="0" bw="1" slack="0"/>
<pin id="641" dir="0" index="1" bw="1" slack="0"/>
<pin id="642" dir="0" index="2" bw="2" slack="0"/>
<pin id="643" dir="1" index="3" bw="2" slack="0"/>
</pin_list>
<bind>
<opcode="select(49) " fcode="select"/>
<opset="select_ln234_10/1 "/>
</bind>
</comp>

<comp id="647" class="1004" name="or_ln234_18_fu_647">
<pin_list>
<pin id="648" dir="0" index="0" bw="58" slack="0"/>
<pin id="649" dir="0" index="1" bw="2" slack="0"/>
<pin id="650" dir="0" index="2" bw="4" slack="0"/>
<pin id="651" dir="0" index="3" bw="6" slack="0"/>
<pin id="652" dir="0" index="4" bw="6" slack="0"/>
<pin id="653" dir="0" index="5" bw="20" slack="0"/>
<pin id="654" dir="0" index="6" bw="20" slack="0"/>
<pin id="655" dir="1" index="7" bw="58" slack="0"/>
</pin_list>
<bind>
<opcode="bitconcatenate(1004) " fcode="bitconcatenate"/>
<opset="or_ln234_18/1 "/>
</bind>
</comp>

<comp id="663" class="1004" name="zext_ln234_10_fu_663">
<pin_list>
<pin id="664" dir="0" index="0" bw="58" slack="0"/>
<pin id="665" dir="1" index="1" bw="88" slack="0"/>
</pin_list>
<bind>
<opcode="zext(34) " fcode="zext"/>
<opset="zext_ln234_10/1 "/>
</bind>
</comp>

<comp id="667" class="1004" name="or_ln234_19_fu_667">
<pin_list>
<pin id="668" dir="0" index="0" bw="89" slack="0"/>
<pin id="669" dir="0" index="1" bw="1" slack="0"/>
<pin id="670" dir="0" index="2" bw="58" slack="0"/>
<pin id="671" dir="1" index="3" bw="89" slack="0"/>
</pin_list>
<bind>
<opcode="bitconcatenate(1004) " fcode="bitconcatenate"/>
<opset="or_ln234_19/1 "/>
</bind>
</comp>

<comp id="675" class="1004" name="em_objects_3_new_0_fu_675">
<pin_list>
<pin id="676" dir="0" index="0" bw="1" slack="0"/>
<pin id="677" dir="0" index="1" bw="89" slack="0"/>
<pin id="678" dir="0" index="2" bw="1" slack="0"/>
<pin id="679" dir="1" index="3" bw="89" slack="0"/>
</pin_list>
<bind>
<opcode="select(49) " fcode="select"/>
<opset="em_objects_3_new_0/1 "/>
</bind>
</comp>

<comp id="684" class="1004" name="icmp_ln234_11_fu_684">
<pin_list>
<pin id="685" dir="0" index="0" bw="4" slack="0"/>
<pin id="686" dir="0" index="1" bw="3" slack="0"/>
<pin id="687" dir="1" index="2" bw="1" slack="0"/>
</pin_list>
<bind>
<opcode="icmp(45) " fcode="icmp"/>
<opset="icmp_ln234_11/1 "/>
</bind>
</comp>

<comp id="690" class="1004" name="select_ln234_11_fu_690">
<pin_list>
<pin id="691" dir="0" index="0" bw="1" slack="0"/>
<pin id="692" dir="0" index="1" bw="1" slack="0"/>
<pin id="693" dir="0" index="2" bw="2" slack="0"/>
<pin id="694" dir="1" index="3" bw="2" slack="0"/>
</pin_list>
<bind>
<opcode="select(49) " fcode="select"/>
<opset="select_ln234_11/1 "/>
</bind>
</comp>

<comp id="698" class="1004" name="or_ln234_20_fu_698">
<pin_list>
<pin id="699" dir="0" index="0" bw="58" slack="0"/>
<pin id="700" dir="0" index="1" bw="2" slack="0"/>
<pin id="701" dir="0" index="2" bw="4" slack="0"/>
<pin id="702" dir="0" index="3" bw="6" slack="0"/>
<pin id="703" dir="0" index="4" bw="6" slack="0"/>
<pin id="704" dir="0" index="5" bw="20" slack="0"/>
<pin id="705" dir="0" index="6" bw="20" slack="0"/>
<pin id="706" dir="1" index="7" bw="58" slack="0"/>
</pin_list>
<bind>
<opcode="bitconcatenate(1004) " fcode="bitconcatenate"/>
<opset="or_ln234_20/1 "/>
</bind>
</comp>

<comp id="714" class="1004" name="zext_ln234_11_fu_714">
<pin_list>
<pin id="715" dir="0" index="0" bw="58" slack="0"/>
<pin id="716" dir="1" index="1" bw="88" slack="0"/>
</pin_list>
<bind>
<opcode="zext(34) " fcode="zext"/>
<opset="zext_ln234_11/1 "/>
</bind>
</comp>

<comp id="718" class="1004" name="or_ln234_21_fu_718">
<pin_list>
<pin id="719" dir="0" index="0" bw="89" slack="0"/>
<pin id="720" dir="0" index="1" bw="1" slack="0"/>
<pin id="721" dir="0" index="2" bw="58" slack="0"/>
<pin id="722" dir="1" index="3" bw="89" slack="0"/>
</pin_list>
<bind>
<opcode="bitconcatenate(1004) " fcode="bitconcatenate"/>
<opset="or_ln234_21/1 "/>
</bind>
</comp>

<comp id="726" class="1004" name="em_objects_4_new_0_fu_726">
<pin_list>
<pin id="727" dir="0" index="0" bw="1" slack="0"/>
<pin id="728" dir="0" index="1" bw="89" slack="0"/>
<pin id="729" dir="0" index="2" bw="1" slack="0"/>
<pin id="730" dir="1" index="3" bw="89" slack="0"/>
</pin_list>
<bind>
<opcode="select(49) " fcode="select"/>
<opset="em_objects_4_new_0/1 "/>
</bind>
</comp>

<comp id="735" class="1004" name="icmp_ln234_12_fu_735">
<pin_list>
<pin id="736" dir="0" index="0" bw="4" slack="0"/>
<pin id="737" dir="0" index="1" bw="3" slack="0"/>
<pin id="738" dir="1" index="2" bw="1" slack="0"/>
</pin_list>
<bind>
<opcode="icmp(45) " fcode="icmp"/>
<opset="icmp_ln234_12/1 "/>
</bind>
</comp>

<comp id="741" class="1004" name="select_ln234_12_fu_741">
<pin_list>
<pin id="742" dir="0" index="0" bw="1" slack="0"/>
<pin id="743" dir="0" index="1" bw="1" slack="0"/>
<pin id="744" dir="0" index="2" bw="2" slack="0"/>
<pin id="745" dir="1" index="3" bw="2" slack="0"/>
</pin_list>
<bind>
<opcode="select(49) " fcode="select"/>
<opset="select_ln234_12/1 "/>
</bind>
</comp>

<comp id="749" class="1004" name="or_ln234_22_fu_749">
<pin_list>
<pin id="750" dir="0" index="0" bw="58" slack="0"/>
<pin id="751" dir="0" index="1" bw="2" slack="0"/>
<pin id="752" dir="0" index="2" bw="4" slack="0"/>
<pin id="753" dir="0" index="3" bw="6" slack="0"/>
<pin id="754" dir="0" index="4" bw="6" slack="0"/>
<pin id="755" dir="0" index="5" bw="20" slack="0"/>
<pin id="756" dir="0" index="6" bw="20" slack="0"/>
<pin id="757" dir="1" index="7" bw="58" slack="0"/>
</pin_list>
<bind>
<opcode="bitconcatenate(1004) " fcode="bitconcatenate"/>
<opset="or_ln234_22/1 "/>
</bind>
</comp>

<comp id="765" class="1004" name="zext_ln234_12_fu_765">
<pin_list>
<pin id="766" dir="0" index="0" bw="58" slack="0"/>
<pin id="767" dir="1" index="1" bw="88" slack="0"/>
</pin_list>
<bind>
<opcode="zext(34) " fcode="zext"/>
<opset="zext_ln234_12/1 "/>
</bind>
</comp>

<comp id="769" class="1004" name="or_ln234_23_fu_769">
<pin_list>
<pin id="770" dir="0" index="0" bw="89" slack="0"/>
<pin id="771" dir="0" index="1" bw="1" slack="0"/>
<pin id="772" dir="0" index="2" bw="58" slack="0"/>
<pin id="773" dir="1" index="3" bw="89" slack="0"/>
</pin_list>
<bind>
<opcode="bitconcatenate(1004) " fcode="bitconcatenate"/>
<opset="or_ln234_23/1 "/>
</bind>
</comp>

<comp id="777" class="1004" name="em_objects_5_new_0_fu_777">
<pin_list>
<pin id="778" dir="0" index="0" bw="1" slack="0"/>
<pin id="779" dir="0" index="1" bw="89" slack="0"/>
<pin id="780" dir="0" index="2" bw="1" slack="0"/>
<pin id="781" dir="1" index="3" bw="89" slack="0"/>
</pin_list>
<bind>
<opcode="select(49) " fcode="select"/>
<opset="em_objects_5_new_0/1 "/>
</bind>
</comp>

<comp id="786" class="1004" name="icmp_ln234_13_fu_786">
<pin_list>
<pin id="787" dir="0" index="0" bw="4" slack="0"/>
<pin id="788" dir="0" index="1" bw="3" slack="0"/>
<pin id="789" dir="1" index="2" bw="1" slack="0"/>
</pin_list>
<bind>
<opcode="icmp(45) " fcode="icmp"/>
<opset="icmp_ln234_13/1 "/>
</bind>
</comp>

<comp id="792" class="1004" name="select_ln234_13_fu_792">
<pin_list>
<pin id="793" dir="0" index="0" bw="1" slack="0"/>
<pin id="794" dir="0" index="1" bw="1" slack="0"/>
<pin id="795" dir="0" index="2" bw="2" slack="0"/>
<pin id="796" dir="1" index="3" bw="2" slack="0"/>
</pin_list>
<bind>
<opcode="select(49) " fcode="select"/>
<opset="select_ln234_13/1 "/>
</bind>
</comp>

<comp id="800" class="1004" name="or_ln234_24_fu_800">
<pin_list>
<pin id="801" dir="0" index="0" bw="58" slack="0"/>
<pin id="802" dir="0" index="1" bw="2" slack="0"/>
<pin id="803" dir="0" index="2" bw="4" slack="0"/>
<pin id="804" dir="0" index="3" bw="6" slack="0"/>
<pin id="805" dir="0" index="4" bw="6" slack="0"/>
<pin id="806" dir="0" index="5" bw="20" slack="0"/>
<pin id="807" dir="0" index="6" bw="20" slack="0"/>
<pin id="808" dir="1" index="7" bw="58" slack="0"/>
</pin_list>
<bind>
<opcode="bitconcatenate(1004) " fcode="bitconcatenate"/>
<opset="or_ln234_24/1 "/>
</bind>
</comp>

<comp id="816" class="1004" name="zext_ln234_13_fu_816">
<pin_list>
<pin id="817" dir="0" index="0" bw="58" slack="0"/>
<pin id="818" dir="1" index="1" bw="88" slack="0"/>
</pin_list>
<bind>
<opcode="zext(34) " fcode="zext"/>
<opset="zext_ln234_13/1 "/>
</bind>
</comp>

<comp id="820" class="1004" name="or_ln234_25_fu_820">
<pin_list>
<pin id="821" dir="0" index="0" bw="89" slack="0"/>
<pin id="822" dir="0" index="1" bw="1" slack="0"/>
<pin id="823" dir="0" index="2" bw="58" slack="0"/>
<pin id="824" dir="1" index="3" bw="89" slack="0"/>
</pin_list>
<bind>
<opcode="bitconcatenate(1004) " fcode="bitconcatenate"/>
<opset="or_ln234_25/1 "/>
</bind>
</comp>

<comp id="828" class="1004" name="em_objects_6_new_0_fu_828">
<pin_list>
<pin id="829" dir="0" index="0" bw="1" slack="0"/>
<pin id="830" dir="0" index="1" bw="89" slack="0"/>
<pin id="831" dir="0" index="2" bw="1" slack="0"/>
<pin id="832" dir="1" index="3" bw="89" slack="0"/>
</pin_list>
<bind>
<opcode="select(49) " fcode="select"/>
<opset="em_objects_6_new_0/1 "/>
</bind>
</comp>

<comp id="837" class="1004" name="icmp_ln234_14_fu_837">
<pin_list>
<pin id="838" dir="0" index="0" bw="4" slack="0"/>
<pin id="839" dir="0" index="1" bw="3" slack="0"/>
<pin id="840" dir="1" index="2" bw="1" slack="0"/>
</pin_list>
<bind>
<opcode="icmp(45) " fcode="icmp"/>
<opset="icmp_ln234_14/1 "/>
</bind>
</comp>

<comp id="843" class="1004" name="select_ln234_14_fu_843">
<pin_list>
<pin id="844" dir="0" index="0" bw="1" slack="0"/>
<pin id="845" dir="0" index="1" bw="1" slack="0"/>
<pin id="846" dir="0" index="2" bw="2" slack="0"/>
<pin id="847" dir="1" index="3" bw="2" slack="0"/>
</pin_list>
<bind>
<opcode="select(49) " fcode="select"/>
<opset="select_ln234_14/1 "/>
</bind>
</comp>

<comp id="851" class="1004" name="or_ln234_26_fu_851">
<pin_list>
<pin id="852" dir="0" index="0" bw="58" slack="0"/>
<pin id="853" dir="0" index="1" bw="2" slack="0"/>
<pin id="854" dir="0" index="2" bw="4" slack="0"/>
<pin id="855" dir="0" index="3" bw="6" slack="0"/>
<pin id="856" dir="0" index="4" bw="6" slack="0"/>
<pin id="857" dir="0" index="5" bw="20" slack="0"/>
<pin id="858" dir="0" index="6" bw="20" slack="0"/>
<pin id="859" dir="1" index="7" bw="58" slack="0"/>
</pin_list>
<bind>
<opcode="bitconcatenate(1004) " fcode="bitconcatenate"/>
<opset="or_ln234_26/1 "/>
</bind>
</comp>

<comp id="867" class="1004" name="zext_ln234_14_fu_867">
<pin_list>
<pin id="868" dir="0" index="0" bw="58" slack="0"/>
<pin id="869" dir="1" index="1" bw="88" slack="0"/>
</pin_list>
<bind>
<opcode="zext(34) " fcode="zext"/>
<opset="zext_ln234_14/1 "/>
</bind>
</comp>

<comp id="871" class="1004" name="or_ln234_27_fu_871">
<pin_list>
<pin id="872" dir="0" index="0" bw="89" slack="0"/>
<pin id="873" dir="0" index="1" bw="1" slack="0"/>
<pin id="874" dir="0" index="2" bw="58" slack="0"/>
<pin id="875" dir="1" index="3" bw="89" slack="0"/>
</pin_list>
<bind>
<opcode="bitconcatenate(1004) " fcode="bitconcatenate"/>
<opset="or_ln234_27/1 "/>
</bind>
</comp>

<comp id="879" class="1004" name="em_objects_7_new_0_fu_879">
<pin_list>
<pin id="880" dir="0" index="0" bw="1" slack="0"/>
<pin id="881" dir="0" index="1" bw="89" slack="0"/>
<pin id="882" dir="0" index="2" bw="1" slack="0"/>
<pin id="883" dir="1" index="3" bw="89" slack="0"/>
</pin_list>
<bind>
<opcode="select(49) " fcode="select"/>
<opset="em_objects_7_new_0/1 "/>
</bind>
</comp>

</comp_list>

<net_list>
<net id="140"><net_src comp="112" pin="0"/><net_sink comp="136" pin=0"/></net>

<net id="141"><net_src comp="94" pin="0"/><net_sink comp="136" pin=1"/></net>

<net id="146"><net_src comp="112" pin="0"/><net_sink comp="142" pin=0"/></net>

<net id="147"><net_src comp="92" pin="0"/><net_sink comp="142" pin=1"/></net>

<net id="152"><net_src comp="112" pin="0"/><net_sink comp="148" pin=0"/></net>

<net id="153"><net_src comp="90" pin="0"/><net_sink comp="148" pin=1"/></net>

<net id="158"><net_src comp="112" pin="0"/><net_sink comp="154" pin=0"/></net>

<net id="159"><net_src comp="88" pin="0"/><net_sink comp="154" pin=1"/></net>

<net id="164"><net_src comp="112" pin="0"/><net_sink comp="160" pin=0"/></net>

<net id="165"><net_src comp="86" pin="0"/><net_sink comp="160" pin=1"/></net>

<net id="170"><net_src comp="112" pin="0"/><net_sink comp="166" pin=0"/></net>

<net id="171"><net_src comp="84" pin="0"/><net_sink comp="166" pin=1"/></net>

<net id="176"><net_src comp="112" pin="0"/><net_sink comp="172" pin=0"/></net>

<net id="177"><net_src comp="82" pin="0"/><net_sink comp="172" pin=1"/></net>

<net id="182"><net_src comp="112" pin="0"/><net_sink comp="178" pin=0"/></net>

<net id="183"><net_src comp="80" pin="0"/><net_sink comp="178" pin=1"/></net>

<net id="188"><net_src comp="114" pin="0"/><net_sink comp="184" pin=0"/></net>

<net id="189"><net_src comp="78" pin="0"/><net_sink comp="184" pin=1"/></net>

<net id="194"><net_src comp="114" pin="0"/><net_sink comp="190" pin=0"/></net>

<net id="195"><net_src comp="76" pin="0"/><net_sink comp="190" pin=1"/></net>

<net id="200"><net_src comp="114" pin="0"/><net_sink comp="196" pin=0"/></net>

<net id="201"><net_src comp="74" pin="0"/><net_sink comp="196" pin=1"/></net>

<net id="206"><net_src comp="114" pin="0"/><net_sink comp="202" pin=0"/></net>

<net id="207"><net_src comp="72" pin="0"/><net_sink comp="202" pin=1"/></net>

<net id="212"><net_src comp="114" pin="0"/><net_sink comp="208" pin=0"/></net>

<net id="213"><net_src comp="70" pin="0"/><net_sink comp="208" pin=1"/></net>

<net id="218"><net_src comp="114" pin="0"/><net_sink comp="214" pin=0"/></net>

<net id="219"><net_src comp="68" pin="0"/><net_sink comp="214" pin=1"/></net>

<net id="224"><net_src comp="114" pin="0"/><net_sink comp="220" pin=0"/></net>

<net id="225"><net_src comp="66" pin="0"/><net_sink comp="220" pin=1"/></net>

<net id="230"><net_src comp="114" pin="0"/><net_sink comp="226" pin=0"/></net>

<net id="231"><net_src comp="64" pin="0"/><net_sink comp="226" pin=1"/></net>

<net id="236"><net_src comp="116" pin="0"/><net_sink comp="232" pin=0"/></net>

<net id="237"><net_src comp="62" pin="0"/><net_sink comp="232" pin=1"/></net>

<net id="242"><net_src comp="116" pin="0"/><net_sink comp="238" pin=0"/></net>

<net id="243"><net_src comp="60" pin="0"/><net_sink comp="238" pin=1"/></net>

<net id="248"><net_src comp="116" pin="0"/><net_sink comp="244" pin=0"/></net>

<net id="249"><net_src comp="58" pin="0"/><net_sink comp="244" pin=1"/></net>

<net id="254"><net_src comp="116" pin="0"/><net_sink comp="250" pin=0"/></net>

<net id="255"><net_src comp="56" pin="0"/><net_sink comp="250" pin=1"/></net>

<net id="260"><net_src comp="116" pin="0"/><net_sink comp="256" pin=0"/></net>

<net id="261"><net_src comp="54" pin="0"/><net_sink comp="256" pin=1"/></net>

<net id="266"><net_src comp="116" pin="0"/><net_sink comp="262" pin=0"/></net>

<net id="267"><net_src comp="52" pin="0"/><net_sink comp="262" pin=1"/></net>

<net id="272"><net_src comp="116" pin="0"/><net_sink comp="268" pin=0"/></net>

<net id="273"><net_src comp="50" pin="0"/><net_sink comp="268" pin=1"/></net>

<net id="278"><net_src comp="116" pin="0"/><net_sink comp="274" pin=0"/></net>

<net id="279"><net_src comp="48" pin="0"/><net_sink comp="274" pin=1"/></net>

<net id="284"><net_src comp="116" pin="0"/><net_sink comp="280" pin=0"/></net>

<net id="285"><net_src comp="46" pin="0"/><net_sink comp="280" pin=1"/></net>

<net id="290"><net_src comp="116" pin="0"/><net_sink comp="286" pin=0"/></net>

<net id="291"><net_src comp="44" pin="0"/><net_sink comp="286" pin=1"/></net>

<net id="296"><net_src comp="116" pin="0"/><net_sink comp="292" pin=0"/></net>

<net id="297"><net_src comp="42" pin="0"/><net_sink comp="292" pin=1"/></net>

<net id="302"><net_src comp="116" pin="0"/><net_sink comp="298" pin=0"/></net>

<net id="303"><net_src comp="40" pin="0"/><net_sink comp="298" pin=1"/></net>

<net id="308"><net_src comp="116" pin="0"/><net_sink comp="304" pin=0"/></net>

<net id="309"><net_src comp="38" pin="0"/><net_sink comp="304" pin=1"/></net>

<net id="314"><net_src comp="116" pin="0"/><net_sink comp="310" pin=0"/></net>

<net id="315"><net_src comp="36" pin="0"/><net_sink comp="310" pin=1"/></net>

<net id="320"><net_src comp="116" pin="0"/><net_sink comp="316" pin=0"/></net>

<net id="321"><net_src comp="34" pin="0"/><net_sink comp="316" pin=1"/></net>

<net id="326"><net_src comp="116" pin="0"/><net_sink comp="322" pin=0"/></net>

<net id="327"><net_src comp="32" pin="0"/><net_sink comp="322" pin=1"/></net>

<net id="332"><net_src comp="118" pin="0"/><net_sink comp="328" pin=0"/></net>

<net id="333"><net_src comp="30" pin="0"/><net_sink comp="328" pin=1"/></net>

<net id="338"><net_src comp="118" pin="0"/><net_sink comp="334" pin=0"/></net>

<net id="339"><net_src comp="28" pin="0"/><net_sink comp="334" pin=1"/></net>

<net id="344"><net_src comp="118" pin="0"/><net_sink comp="340" pin=0"/></net>

<net id="345"><net_src comp="26" pin="0"/><net_sink comp="340" pin=1"/></net>

<net id="350"><net_src comp="118" pin="0"/><net_sink comp="346" pin=0"/></net>

<net id="351"><net_src comp="24" pin="0"/><net_sink comp="346" pin=1"/></net>

<net id="356"><net_src comp="118" pin="0"/><net_sink comp="352" pin=0"/></net>

<net id="357"><net_src comp="22" pin="0"/><net_sink comp="352" pin=1"/></net>

<net id="362"><net_src comp="118" pin="0"/><net_sink comp="358" pin=0"/></net>

<net id="363"><net_src comp="20" pin="0"/><net_sink comp="358" pin=1"/></net>

<net id="368"><net_src comp="118" pin="0"/><net_sink comp="364" pin=0"/></net>

<net id="369"><net_src comp="18" pin="0"/><net_sink comp="364" pin=1"/></net>

<net id="374"><net_src comp="118" pin="0"/><net_sink comp="370" pin=0"/></net>

<net id="375"><net_src comp="16" pin="0"/><net_sink comp="370" pin=1"/></net>

<net id="380"><net_src comp="118" pin="0"/><net_sink comp="376" pin=0"/></net>

<net id="381"><net_src comp="14" pin="0"/><net_sink comp="376" pin=1"/></net>

<net id="386"><net_src comp="118" pin="0"/><net_sink comp="382" pin=0"/></net>

<net id="387"><net_src comp="12" pin="0"/><net_sink comp="382" pin=1"/></net>

<net id="392"><net_src comp="118" pin="0"/><net_sink comp="388" pin=0"/></net>

<net id="393"><net_src comp="10" pin="0"/><net_sink comp="388" pin=1"/></net>

<net id="398"><net_src comp="118" pin="0"/><net_sink comp="394" pin=0"/></net>

<net id="399"><net_src comp="8" pin="0"/><net_sink comp="394" pin=1"/></net>

<net id="404"><net_src comp="118" pin="0"/><net_sink comp="400" pin=0"/></net>

<net id="405"><net_src comp="6" pin="0"/><net_sink comp="400" pin=1"/></net>

<net id="410"><net_src comp="118" pin="0"/><net_sink comp="406" pin=0"/></net>

<net id="411"><net_src comp="4" pin="0"/><net_sink comp="406" pin=1"/></net>

<net id="416"><net_src comp="118" pin="0"/><net_sink comp="412" pin=0"/></net>

<net id="417"><net_src comp="2" pin="0"/><net_sink comp="412" pin=1"/></net>

<net id="422"><net_src comp="118" pin="0"/><net_sink comp="418" pin=0"/></net>

<net id="423"><net_src comp="0" pin="0"/><net_sink comp="418" pin=1"/></net>

<net id="429"><net_src comp="134" pin="0"/><net_sink comp="424" pin=0"/></net>

<net id="430"><net_src comp="96" pin="0"/><net_sink comp="424" pin=1"/></net>

<net id="436"><net_src comp="134" pin="0"/><net_sink comp="431" pin=0"/></net>

<net id="437"><net_src comp="98" pin="0"/><net_sink comp="431" pin=1"/></net>

<net id="443"><net_src comp="134" pin="0"/><net_sink comp="438" pin=0"/></net>

<net id="444"><net_src comp="100" pin="0"/><net_sink comp="438" pin=1"/></net>

<net id="450"><net_src comp="134" pin="0"/><net_sink comp="445" pin=0"/></net>

<net id="451"><net_src comp="102" pin="0"/><net_sink comp="445" pin=1"/></net>

<net id="457"><net_src comp="134" pin="0"/><net_sink comp="452" pin=0"/></net>

<net id="458"><net_src comp="104" pin="0"/><net_sink comp="452" pin=1"/></net>

<net id="464"><net_src comp="134" pin="0"/><net_sink comp="459" pin=0"/></net>

<net id="465"><net_src comp="106" pin="0"/><net_sink comp="459" pin=1"/></net>

<net id="471"><net_src comp="134" pin="0"/><net_sink comp="466" pin=0"/></net>

<net id="472"><net_src comp="108" pin="0"/><net_sink comp="466" pin=1"/></net>

<net id="478"><net_src comp="134" pin="0"/><net_sink comp="473" pin=0"/></net>

<net id="479"><net_src comp="110" pin="0"/><net_sink comp="473" pin=1"/></net>

<net id="484"><net_src comp="226" pin="2"/><net_sink comp="480" pin=0"/></net>

<net id="485"><net_src comp="120" pin="0"/><net_sink comp="480" pin=1"/></net>

<net id="491"><net_src comp="480" pin="2"/><net_sink comp="486" pin=0"/></net>

<net id="492"><net_src comp="122" pin="0"/><net_sink comp="486" pin=1"/></net>

<net id="493"><net_src comp="124" pin="0"/><net_sink comp="486" pin=2"/></net>

<net id="503"><net_src comp="126" pin="0"/><net_sink comp="494" pin=0"/></net>

<net id="504"><net_src comp="486" pin="3"/><net_sink comp="494" pin=1"/></net>

<net id="505"><net_src comp="226" pin="2"/><net_sink comp="494" pin=2"/></net>

<net id="506"><net_src comp="274" pin="2"/><net_sink comp="494" pin=3"/></net>

<net id="507"><net_src comp="322" pin="2"/><net_sink comp="494" pin=4"/></net>

<net id="508"><net_src comp="370" pin="2"/><net_sink comp="494" pin=5"/></net>

<net id="509"><net_src comp="418" pin="2"/><net_sink comp="494" pin=6"/></net>

<net id="513"><net_src comp="494" pin="7"/><net_sink comp="510" pin=0"/></net>

<net id="519"><net_src comp="128" pin="0"/><net_sink comp="514" pin=0"/></net>

<net id="520"><net_src comp="130" pin="0"/><net_sink comp="514" pin=1"/></net>

<net id="521"><net_src comp="510" pin="1"/><net_sink comp="514" pin=2"/></net>

<net id="527"><net_src comp="178" pin="2"/><net_sink comp="522" pin=0"/></net>

<net id="528"><net_src comp="514" pin="3"/><net_sink comp="522" pin=1"/></net>

<net id="529"><net_src comp="132" pin="0"/><net_sink comp="522" pin=2"/></net>

<net id="530"><net_src comp="522" pin="3"/><net_sink comp="424" pin=2"/></net>

<net id="535"><net_src comp="220" pin="2"/><net_sink comp="531" pin=0"/></net>

<net id="536"><net_src comp="120" pin="0"/><net_sink comp="531" pin=1"/></net>

<net id="542"><net_src comp="531" pin="2"/><net_sink comp="537" pin=0"/></net>

<net id="543"><net_src comp="122" pin="0"/><net_sink comp="537" pin=1"/></net>

<net id="544"><net_src comp="124" pin="0"/><net_sink comp="537" pin=2"/></net>

<net id="554"><net_src comp="126" pin="0"/><net_sink comp="545" pin=0"/></net>

<net id="555"><net_src comp="537" pin="3"/><net_sink comp="545" pin=1"/></net>

<net id="556"><net_src comp="220" pin="2"/><net_sink comp="545" pin=2"/></net>

<net id="557"><net_src comp="268" pin="2"/><net_sink comp="545" pin=3"/></net>

<net id="558"><net_src comp="316" pin="2"/><net_sink comp="545" pin=4"/></net>

<net id="559"><net_src comp="364" pin="2"/><net_sink comp="545" pin=5"/></net>

<net id="560"><net_src comp="412" pin="2"/><net_sink comp="545" pin=6"/></net>

<net id="564"><net_src comp="545" pin="7"/><net_sink comp="561" pin=0"/></net>

<net id="570"><net_src comp="128" pin="0"/><net_sink comp="565" pin=0"/></net>

<net id="571"><net_src comp="130" pin="0"/><net_sink comp="565" pin=1"/></net>

<net id="572"><net_src comp="561" pin="1"/><net_sink comp="565" pin=2"/></net>

<net id="578"><net_src comp="172" pin="2"/><net_sink comp="573" pin=0"/></net>

<net id="579"><net_src comp="565" pin="3"/><net_sink comp="573" pin=1"/></net>

<net id="580"><net_src comp="132" pin="0"/><net_sink comp="573" pin=2"/></net>

<net id="581"><net_src comp="573" pin="3"/><net_sink comp="431" pin=2"/></net>

<net id="586"><net_src comp="214" pin="2"/><net_sink comp="582" pin=0"/></net>

<net id="587"><net_src comp="120" pin="0"/><net_sink comp="582" pin=1"/></net>

<net id="593"><net_src comp="582" pin="2"/><net_sink comp="588" pin=0"/></net>

<net id="594"><net_src comp="122" pin="0"/><net_sink comp="588" pin=1"/></net>

<net id="595"><net_src comp="124" pin="0"/><net_sink comp="588" pin=2"/></net>

<net id="605"><net_src comp="126" pin="0"/><net_sink comp="596" pin=0"/></net>

<net id="606"><net_src comp="588" pin="3"/><net_sink comp="596" pin=1"/></net>

<net id="607"><net_src comp="214" pin="2"/><net_sink comp="596" pin=2"/></net>

<net id="608"><net_src comp="262" pin="2"/><net_sink comp="596" pin=3"/></net>

<net id="609"><net_src comp="310" pin="2"/><net_sink comp="596" pin=4"/></net>

<net id="610"><net_src comp="358" pin="2"/><net_sink comp="596" pin=5"/></net>

<net id="611"><net_src comp="406" pin="2"/><net_sink comp="596" pin=6"/></net>

<net id="615"><net_src comp="596" pin="7"/><net_sink comp="612" pin=0"/></net>

<net id="621"><net_src comp="128" pin="0"/><net_sink comp="616" pin=0"/></net>

<net id="622"><net_src comp="130" pin="0"/><net_sink comp="616" pin=1"/></net>

<net id="623"><net_src comp="612" pin="1"/><net_sink comp="616" pin=2"/></net>

<net id="629"><net_src comp="166" pin="2"/><net_sink comp="624" pin=0"/></net>

<net id="630"><net_src comp="616" pin="3"/><net_sink comp="624" pin=1"/></net>

<net id="631"><net_src comp="132" pin="0"/><net_sink comp="624" pin=2"/></net>

<net id="632"><net_src comp="624" pin="3"/><net_sink comp="438" pin=2"/></net>

<net id="637"><net_src comp="208" pin="2"/><net_sink comp="633" pin=0"/></net>

<net id="638"><net_src comp="120" pin="0"/><net_sink comp="633" pin=1"/></net>

<net id="644"><net_src comp="633" pin="2"/><net_sink comp="639" pin=0"/></net>

<net id="645"><net_src comp="122" pin="0"/><net_sink comp="639" pin=1"/></net>

<net id="646"><net_src comp="124" pin="0"/><net_sink comp="639" pin=2"/></net>

<net id="656"><net_src comp="126" pin="0"/><net_sink comp="647" pin=0"/></net>

<net id="657"><net_src comp="639" pin="3"/><net_sink comp="647" pin=1"/></net>

<net id="658"><net_src comp="208" pin="2"/><net_sink comp="647" pin=2"/></net>

<net id="659"><net_src comp="256" pin="2"/><net_sink comp="647" pin=3"/></net>

<net id="660"><net_src comp="304" pin="2"/><net_sink comp="647" pin=4"/></net>

<net id="661"><net_src comp="352" pin="2"/><net_sink comp="647" pin=5"/></net>

<net id="662"><net_src comp="400" pin="2"/><net_sink comp="647" pin=6"/></net>

<net id="666"><net_src comp="647" pin="7"/><net_sink comp="663" pin=0"/></net>

<net id="672"><net_src comp="128" pin="0"/><net_sink comp="667" pin=0"/></net>

<net id="673"><net_src comp="130" pin="0"/><net_sink comp="667" pin=1"/></net>

<net id="674"><net_src comp="663" pin="1"/><net_sink comp="667" pin=2"/></net>

<net id="680"><net_src comp="160" pin="2"/><net_sink comp="675" pin=0"/></net>

<net id="681"><net_src comp="667" pin="3"/><net_sink comp="675" pin=1"/></net>

<net id="682"><net_src comp="132" pin="0"/><net_sink comp="675" pin=2"/></net>

<net id="683"><net_src comp="675" pin="3"/><net_sink comp="445" pin=2"/></net>

<net id="688"><net_src comp="202" pin="2"/><net_sink comp="684" pin=0"/></net>

<net id="689"><net_src comp="120" pin="0"/><net_sink comp="684" pin=1"/></net>

<net id="695"><net_src comp="684" pin="2"/><net_sink comp="690" pin=0"/></net>

<net id="696"><net_src comp="122" pin="0"/><net_sink comp="690" pin=1"/></net>

<net id="697"><net_src comp="124" pin="0"/><net_sink comp="690" pin=2"/></net>

<net id="707"><net_src comp="126" pin="0"/><net_sink comp="698" pin=0"/></net>

<net id="708"><net_src comp="690" pin="3"/><net_sink comp="698" pin=1"/></net>

<net id="709"><net_src comp="202" pin="2"/><net_sink comp="698" pin=2"/></net>

<net id="710"><net_src comp="250" pin="2"/><net_sink comp="698" pin=3"/></net>

<net id="711"><net_src comp="298" pin="2"/><net_sink comp="698" pin=4"/></net>

<net id="712"><net_src comp="346" pin="2"/><net_sink comp="698" pin=5"/></net>

<net id="713"><net_src comp="394" pin="2"/><net_sink comp="698" pin=6"/></net>

<net id="717"><net_src comp="698" pin="7"/><net_sink comp="714" pin=0"/></net>

<net id="723"><net_src comp="128" pin="0"/><net_sink comp="718" pin=0"/></net>

<net id="724"><net_src comp="130" pin="0"/><net_sink comp="718" pin=1"/></net>

<net id="725"><net_src comp="714" pin="1"/><net_sink comp="718" pin=2"/></net>

<net id="731"><net_src comp="154" pin="2"/><net_sink comp="726" pin=0"/></net>

<net id="732"><net_src comp="718" pin="3"/><net_sink comp="726" pin=1"/></net>

<net id="733"><net_src comp="132" pin="0"/><net_sink comp="726" pin=2"/></net>

<net id="734"><net_src comp="726" pin="3"/><net_sink comp="452" pin=2"/></net>

<net id="739"><net_src comp="196" pin="2"/><net_sink comp="735" pin=0"/></net>

<net id="740"><net_src comp="120" pin="0"/><net_sink comp="735" pin=1"/></net>

<net id="746"><net_src comp="735" pin="2"/><net_sink comp="741" pin=0"/></net>

<net id="747"><net_src comp="122" pin="0"/><net_sink comp="741" pin=1"/></net>

<net id="748"><net_src comp="124" pin="0"/><net_sink comp="741" pin=2"/></net>

<net id="758"><net_src comp="126" pin="0"/><net_sink comp="749" pin=0"/></net>

<net id="759"><net_src comp="741" pin="3"/><net_sink comp="749" pin=1"/></net>

<net id="760"><net_src comp="196" pin="2"/><net_sink comp="749" pin=2"/></net>

<net id="761"><net_src comp="244" pin="2"/><net_sink comp="749" pin=3"/></net>

<net id="762"><net_src comp="292" pin="2"/><net_sink comp="749" pin=4"/></net>

<net id="763"><net_src comp="340" pin="2"/><net_sink comp="749" pin=5"/></net>

<net id="764"><net_src comp="388" pin="2"/><net_sink comp="749" pin=6"/></net>

<net id="768"><net_src comp="749" pin="7"/><net_sink comp="765" pin=0"/></net>

<net id="774"><net_src comp="128" pin="0"/><net_sink comp="769" pin=0"/></net>

<net id="775"><net_src comp="130" pin="0"/><net_sink comp="769" pin=1"/></net>

<net id="776"><net_src comp="765" pin="1"/><net_sink comp="769" pin=2"/></net>

<net id="782"><net_src comp="148" pin="2"/><net_sink comp="777" pin=0"/></net>

<net id="783"><net_src comp="769" pin="3"/><net_sink comp="777" pin=1"/></net>

<net id="784"><net_src comp="132" pin="0"/><net_sink comp="777" pin=2"/></net>

<net id="785"><net_src comp="777" pin="3"/><net_sink comp="459" pin=2"/></net>

<net id="790"><net_src comp="190" pin="2"/><net_sink comp="786" pin=0"/></net>

<net id="791"><net_src comp="120" pin="0"/><net_sink comp="786" pin=1"/></net>

<net id="797"><net_src comp="786" pin="2"/><net_sink comp="792" pin=0"/></net>

<net id="798"><net_src comp="122" pin="0"/><net_sink comp="792" pin=1"/></net>

<net id="799"><net_src comp="124" pin="0"/><net_sink comp="792" pin=2"/></net>

<net id="809"><net_src comp="126" pin="0"/><net_sink comp="800" pin=0"/></net>

<net id="810"><net_src comp="792" pin="3"/><net_sink comp="800" pin=1"/></net>

<net id="811"><net_src comp="190" pin="2"/><net_sink comp="800" pin=2"/></net>

<net id="812"><net_src comp="238" pin="2"/><net_sink comp="800" pin=3"/></net>

<net id="813"><net_src comp="286" pin="2"/><net_sink comp="800" pin=4"/></net>

<net id="814"><net_src comp="334" pin="2"/><net_sink comp="800" pin=5"/></net>

<net id="815"><net_src comp="382" pin="2"/><net_sink comp="800" pin=6"/></net>

<net id="819"><net_src comp="800" pin="7"/><net_sink comp="816" pin=0"/></net>

<net id="825"><net_src comp="128" pin="0"/><net_sink comp="820" pin=0"/></net>

<net id="826"><net_src comp="130" pin="0"/><net_sink comp="820" pin=1"/></net>

<net id="827"><net_src comp="816" pin="1"/><net_sink comp="820" pin=2"/></net>

<net id="833"><net_src comp="142" pin="2"/><net_sink comp="828" pin=0"/></net>

<net id="834"><net_src comp="820" pin="3"/><net_sink comp="828" pin=1"/></net>

<net id="835"><net_src comp="132" pin="0"/><net_sink comp="828" pin=2"/></net>

<net id="836"><net_src comp="828" pin="3"/><net_sink comp="466" pin=2"/></net>

<net id="841"><net_src comp="184" pin="2"/><net_sink comp="837" pin=0"/></net>

<net id="842"><net_src comp="120" pin="0"/><net_sink comp="837" pin=1"/></net>

<net id="848"><net_src comp="837" pin="2"/><net_sink comp="843" pin=0"/></net>

<net id="849"><net_src comp="122" pin="0"/><net_sink comp="843" pin=1"/></net>

<net id="850"><net_src comp="124" pin="0"/><net_sink comp="843" pin=2"/></net>

<net id="860"><net_src comp="126" pin="0"/><net_sink comp="851" pin=0"/></net>

<net id="861"><net_src comp="843" pin="3"/><net_sink comp="851" pin=1"/></net>

<net id="862"><net_src comp="184" pin="2"/><net_sink comp="851" pin=2"/></net>

<net id="863"><net_src comp="232" pin="2"/><net_sink comp="851" pin=3"/></net>

<net id="864"><net_src comp="280" pin="2"/><net_sink comp="851" pin=4"/></net>

<net id="865"><net_src comp="328" pin="2"/><net_sink comp="851" pin=5"/></net>

<net id="866"><net_src comp="376" pin="2"/><net_sink comp="851" pin=6"/></net>

<net id="870"><net_src comp="851" pin="7"/><net_sink comp="867" pin=0"/></net>

<net id="876"><net_src comp="128" pin="0"/><net_sink comp="871" pin=0"/></net>

<net id="877"><net_src comp="130" pin="0"/><net_sink comp="871" pin=1"/></net>

<net id="878"><net_src comp="867" pin="1"/><net_sink comp="871" pin=2"/></net>

<net id="884"><net_src comp="136" pin="2"/><net_sink comp="879" pin=0"/></net>

<net id="885"><net_src comp="871" pin="3"/><net_sink comp="879" pin=1"/></net>

<net id="886"><net_src comp="132" pin="0"/><net_sink comp="879" pin=2"/></net>

<net id="887"><net_src comp="879" pin="3"/><net_sink comp="473" pin=2"/></net>

</net_list>

</model> 
---------------- Datapath Model END ------------------

* FSMD analyzer results:
  - Output states:
	Port: em_objects_0 | {1 }
	Port: em_objects_1 | {1 }
	Port: em_objects_2 | {1 }
	Port: em_objects_3 | {1 }
	Port: em_objects_4 | {1 }
	Port: em_objects_5 | {1 }
	Port: em_objects_6 | {1 }
	Port: em_objects_7 | {1 }
 - Input state : 
	Port: build_trigger_objects : p_read | {1 }
	Port: build_trigger_objects : p_read1 | {1 }
	Port: build_trigger_objects : p_read2 | {1 }
	Port: build_trigger_objects : p_read3 | {1 }
	Port: build_trigger_objects : p_read4 | {1 }
	Port: build_trigger_objects : p_read5 | {1 }
	Port: build_trigger_objects : p_read6 | {1 }
	Port: build_trigger_objects : p_read7 | {1 }
	Port: build_trigger_objects : p_read8 | {1 }
	Port: build_trigger_objects : p_read9 | {1 }
	Port: build_trigger_objects : p_read10 | {1 }
	Port: build_trigger_objects : p_read11 | {1 }
	Port: build_trigger_objects : p_read12 | {1 }
	Port: build_trigger_objects : p_read13 | {1 }
	Port: build_trigger_objects : p_read14 | {1 }
	Port: build_trigger_objects : p_read15 | {1 }
	Port: build_trigger_objects : p_read16 | {1 }
	Port: build_trigger_objects : p_read17 | {1 }
	Port: build_trigger_objects : p_read18 | {1 }
	Port: build_trigger_objects : p_read19 | {1 }
	Port: build_trigger_objects : p_read20 | {1 }
	Port: build_trigger_objects : p_read21 | {1 }
	Port: build_trigger_objects : p_read22 | {1 }
	Port: build_trigger_objects : p_read23 | {1 }
	Port: build_trigger_objects : p_read24 | {1 }
	Port: build_trigger_objects : p_read25 | {1 }
	Port: build_trigger_objects : p_read26 | {1 }
	Port: build_trigger_objects : p_read27 | {1 }
	Port: build_trigger_objects : p_read28 | {1 }
	Port: build_trigger_objects : p_read29 | {1 }
	Port: build_trigger_objects : p_read30 | {1 }
	Port: build_trigger_objects : p_read31 | {1 }
	Port: build_trigger_objects : p_read32 | {1 }
	Port: build_trigger_objects : p_read33 | {1 }
	Port: build_trigger_objects : p_read34 | {1 }
	Port: build_trigger_objects : p_read35 | {1 }
	Port: build_trigger_objects : p_read36 | {1 }
	Port: build_trigger_objects : p_read37 | {1 }
	Port: build_trigger_objects : p_read38 | {1 }
	Port: build_trigger_objects : p_read39 | {1 }
	Port: build_trigger_objects : p_read40 | {1 }
	Port: build_trigger_objects : p_read41 | {1 }
	Port: build_trigger_objects : p_read42 | {1 }
	Port: build_trigger_objects : p_read43 | {1 }
	Port: build_trigger_objects : p_read44 | {1 }
	Port: build_trigger_objects : p_read45 | {1 }
	Port: build_trigger_objects : p_read46 | {1 }
	Port: build_trigger_objects : p_read47 | {1 }
  - Chain level:
	State 1
		select_ln234 : 1
		or_ln234_s : 2
		zext_ln234 : 3
		or_ln : 4
		em_objects_0_new_0 : 5
		write_ln218 : 6
		select_ln234_8 : 1
		or_ln234_14 : 2
		zext_ln234_8 : 3
		or_ln234_15 : 4
		em_objects_1_new_0 : 5
		write_ln218 : 6
		select_ln234_9 : 1
		or_ln234_16 : 2
		zext_ln234_9 : 3
		or_ln234_17 : 4
		em_objects_2_new_0 : 5
		write_ln218 : 6
		select_ln234_10 : 1
		or_ln234_18 : 2
		zext_ln234_10 : 3
		or_ln234_19 : 4
		em_objects_3_new_0 : 5
		write_ln218 : 6
		select_ln234_11 : 1
		or_ln234_20 : 2
		zext_ln234_11 : 3
		or_ln234_21 : 4
		em_objects_4_new_0 : 5
		write_ln218 : 6
		select_ln234_12 : 1
		or_ln234_22 : 2
		zext_ln234_12 : 3
		or_ln234_23 : 4
		em_objects_5_new_0 : 5
		write_ln218 : 6
		select_ln234_13 : 1
		or_ln234_24 : 2
		zext_ln234_13 : 3
		or_ln234_25 : 4
		em_objects_6_new_0 : 5
		write_ln218 : 6
		select_ln234_14 : 1
		or_ln234_26 : 2
		zext_ln234_14 : 3
		or_ln234_27 : 4
		em_objects_7_new_0 : 5
		write_ln218 : 6


============================================================
+ Verbose Summary: Datapath Resource usage 
============================================================

* Functional unit list:
|----------|---------------------------|---------|---------|
| Operation|      Functional Unit      |    FF   |   LUT   |
|----------|---------------------------|---------|---------|
|          |    select_ln234_fu_486    |    0    |    2    |
|          | em_objects_0_new_0_fu_522 |    0    |    83   |
|          |   select_ln234_8_fu_537   |    0    |    2    |
|          | em_objects_1_new_0_fu_573 |    0    |    83   |
|          |   select_ln234_9_fu_588   |    0    |    2    |
|          | em_objects_2_new_0_fu_624 |    0    |    83   |
|          |   select_ln234_10_fu_639  |    0    |    2    |
|  select  | em_objects_3_new_0_fu_675 |    0    |    83   |
|          |   select_ln234_11_fu_690  |    0    |    2    |
|          | em_objects_4_new_0_fu_726 |    0    |    83   |
|          |   select_ln234_12_fu_741  |    0    |    2    |
|          | em_objects_5_new_0_fu_777 |    0    |    83   |
|          |   select_ln234_13_fu_792  |    0    |    2    |
|          | em_objects_6_new_0_fu_828 |    0    |    83   |
|          |   select_ln234_14_fu_843  |    0    |    2    |
|          | em_objects_7_new_0_fu_879 |    0    |    83   |
|----------|---------------------------|---------|---------|
|          |     icmp_ln234_fu_480     |    0    |    12   |
|          |    icmp_ln234_8_fu_531    |    0    |    12   |
|          |    icmp_ln234_9_fu_582    |    0    |    12   |
|   icmp   |    icmp_ln234_10_fu_633   |    0    |    12   |
|          |    icmp_ln234_11_fu_684   |    0    |    12   |
|          |    icmp_ln234_12_fu_735   |    0    |    12   |
|          |    icmp_ln234_13_fu_786   |    0    |    12   |
|          |    icmp_ln234_14_fu_837   |    0    |    12   |
|----------|---------------------------|---------|---------|
|          |   p_read_48_read_fu_136   |    0    |    0    |
|          |   p_read_49_read_fu_142   |    0    |    0    |
|          |   p_read_50_read_fu_148   |    0    |    0    |
|          |   p_read_51_read_fu_154   |    0    |    0    |
|          |   p_read_52_read_fu_160   |    0    |    0    |
|          |   p_read_53_read_fu_166   |    0    |    0    |
|          |   p_read_54_read_fu_172   |    0    |    0    |
|          |   p_read_55_read_fu_178   |    0    |    0    |
|          |   p_read_56_read_fu_184   |    0    |    0    |
|          |   p_read_57_read_fu_190   |    0    |    0    |
|          |   p_read_58_read_fu_196   |    0    |    0    |
|          |   p_read_59_read_fu_202   |    0    |    0    |
|          |   p_read_60_read_fu_208   |    0    |    0    |
|          |   p_read_61_read_fu_214   |    0    |    0    |
|          |   p_read_62_read_fu_220   |    0    |    0    |
|          |   p_read_63_read_fu_226   |    0    |    0    |
|          |   p_read_64_read_fu_232   |    0    |    0    |
|          |   p_read_65_read_fu_238   |    0    |    0    |
|          |   p_read_66_read_fu_244   |    0    |    0    |
|          |   p_read_67_read_fu_250   |    0    |    0    |
|          |   p_read_68_read_fu_256   |    0    |    0    |
|          |   p_read_69_read_fu_262   |    0    |    0    |
|          |   p_read_70_read_fu_268   |    0    |    0    |
|   read   |   p_read_71_read_fu_274   |    0    |    0    |
|          |   p_read_72_read_fu_280   |    0    |    0    |
|          |   p_read_73_read_fu_286   |    0    |    0    |
|          |   p_read_74_read_fu_292   |    0    |    0    |
|          |   p_read2068_read_fu_298  |    0    |    0    |
|          |   p_read_75_read_fu_304   |    0    |    0    |
|          |   p_read_76_read_fu_310   |    0    |    0    |
|          |   p_read_77_read_fu_316   |    0    |    0    |
|          |   p_read_78_read_fu_322   |    0    |    0    |
|          |   p_read_79_read_fu_328   |    0    |    0    |
|          |   p_read_80_read_fu_334   |    0    |    0    |
|          |   p_read_81_read_fu_340   |    0    |    0    |
|          |   p_read_82_read_fu_346   |    0    |    0    |
|          |   p_read_83_read_fu_352   |    0    |    0    |
|          |   p_read1058_read_fu_358  |    0    |    0    |
|          |   p_read957_read_fu_364   |    0    |    0    |
|          |   p_read856_read_fu_370   |    0    |    0    |
|          |   p_read755_read_fu_376   |    0    |    0    |
|          |   p_read654_read_fu_382   |    0    |    0    |
|          |   p_read553_read_fu_388   |    0    |    0    |
|          |   p_read452_read_fu_394   |    0    |    0    |
|          |   p_read351_read_fu_400   |    0    |    0    |
|          |   p_read250_read_fu_406   |    0    |    0    |
|          |   p_read149_read_fu_412   |    0    |    0    |
|          |    p_read48_read_fu_418   |    0    |    0    |
|----------|---------------------------|---------|---------|
|          |  write_ln218_write_fu_424 |    0    |    0    |
|          |  write_ln218_write_fu_431 |    0    |    0    |
|          |  write_ln218_write_fu_438 |    0    |    0    |
|   write  |  write_ln218_write_fu_445 |    0    |    0    |
|          |  write_ln218_write_fu_452 |    0    |    0    |
|          |  write_ln218_write_fu_459 |    0    |    0    |
|          |  write_ln218_write_fu_466 |    0    |    0    |
|          |  write_ln218_write_fu_473 |    0    |    0    |
|----------|---------------------------|---------|---------|
|          |     or_ln234_s_fu_494     |    0    |    0    |
|          |        or_ln_fu_514       |    0    |    0    |
|          |     or_ln234_14_fu_545    |    0    |    0    |
|          |     or_ln234_15_fu_565    |    0    |    0    |
|          |     or_ln234_16_fu_596    |    0    |    0    |
|          |     or_ln234_17_fu_616    |    0    |    0    |
|          |     or_ln234_18_fu_647    |    0    |    0    |
|bitconcatenate|     or_ln234_19_fu_667    |    0    |    0    |
|          |     or_ln234_20_fu_698    |    0    |    0    |
|          |     or_ln234_21_fu_718    |    0    |    0    |
|          |     or_ln234_22_fu_749    |    0    |    0    |
|          |     or_ln234_23_fu_769    |    0    |    0    |
|          |     or_ln234_24_fu_800    |    0    |    0    |
|          |     or_ln234_25_fu_820    |    0    |    0    |
|          |     or_ln234_26_fu_851    |    0    |    0    |
|          |     or_ln234_27_fu_871    |    0    |    0    |
|----------|---------------------------|---------|---------|
|          |     zext_ln234_fu_510     |    0    |    0    |
|          |    zext_ln234_8_fu_561    |    0    |    0    |
|          |    zext_ln234_9_fu_612    |    0    |    0    |
|   zext   |    zext_ln234_10_fu_663   |    0    |    0    |
|          |    zext_ln234_11_fu_714   |    0    |    0    |
|          |    zext_ln234_12_fu_765   |    0    |    0    |
|          |    zext_ln234_13_fu_816   |    0    |    0    |
|          |    zext_ln234_14_fu_867   |    0    |    0    |
|----------|---------------------------|---------|---------|
|   Total  |                           |    0    |   776   |
|----------|---------------------------|---------|---------|

Memories:
N/A

* Register list:
N/A

* Multiplexer (MUX) list: 
|--------|------|------|------|--------|
|  Comp  |  Pin | Size |  BW  | S x BW |
|--------|------|------|------|--------|
|  Total |      |      |      |    0   |
|--------|------|------|------|--------|



* Summary:
+-----------+--------+--------+
|           |   FF   |   LUT  |
+-----------+--------+--------+
|  Function |    0   |   776  |
|   Memory  |    -   |    -   |
|Multiplexer|    -   |    -   |
|  Register |    -   |    -   |
+-----------+--------+--------+
|   Total   |    0   |   776  |
+-----------+--------+--------+
