

================================================================
== Vitis HLS Report for 'cluster_sort_build_tower_stream'
================================================================
* Date:           Tue May 12 23:41:58 2026

* Version:        2024.1 (Build 5069499 on May 21 2024)
* Project:        calorimeter
* Solution:       solution1 (Vivado IP Flow Target)
* Product family: virtexuplus
* Target device:  xcvu13p-fsga2577-2-e


================================================================
== Performance Estimates
================================================================
+ Timing: 
    * Summary: 
    +--------+----------+-----------+------------+
    |  Clock |  Target  | Estimated | Uncertainty|
    +--------+----------+-----------+------------+
    |ap_clk  |  25.00 ns|  12.510 ns|     6.75 ns|
    +--------+----------+-----------+------------+

+ Latency: 
    * Summary: 
    +---------+---------+-----------+----------+------+-------+----------+
    |  Latency (cycles) |  Latency (absolute)  |   Interval   | Pipeline |
    |   min   |   max   |    min    |    max   |  min |  max  |   Type   |
    +---------+---------+-----------+----------+------+-------+----------+
    |     2895|    17295|  72.375 us|  0.432 ms|  2882|  17282|  dataflow|
    +---------+---------+-----------+----------+------+-------+----------+

    + Detail: 
        * Instance: 
        +------------------------------------------------------+-------------------------------------------+---------+---------+-----------+----------+------+-------+---------+
        |                                                      |                                           |  Latency (cycles) |  Latency (absolute)  |   Interval   | Pipeline|
        |                       Instance                       |                   Module                  |   min   |   max   |    min    |    max   |  min |  max  |   Type  |
        +------------------------------------------------------+-------------------------------------------+---------+---------+-----------+----------+------+-------+---------+
        |grp_produce_em_jet_cluster_stream_from_towers_fu_124  |produce_em_jet_cluster_stream_from_towers  |     1981|     4081|  49.525 us|  0.102 ms|  1981|   4081|       no|
        |grp_select_top_n_from_stream_fixed_1440_s_fu_142      |select_top_n_from_stream_fixed_1440_s      |     2881|    17281|  72.025 us|  0.432 ms|  2881|  17281|       no|
        |grp_select_top_n_from_stream_fixed_1440_1_fu_149      |select_top_n_from_stream_fixed_1440_1      |     2881|    17281|  72.025 us|  0.432 ms|  2881|  17281|       no|
        |call_ln581_build_trigger_objects_fu_156               |build_trigger_objects                      |        0|        0|       0 ns|      0 ns|     0|      0|       no|
        |call_ln584_build_trigger_objects_2_fu_224             |build_trigger_objects_2                    |        0|        0|       0 ns|      0 ns|     0|      0|       no|
        +------------------------------------------------------+-------------------------------------------+---------+---------+-----------+----------+------+-------+---------+

        * Loop: 
        N/A

============================================================
+ Verbose Summary: Synthesis Manager
============================================================
InlineROM: 1
ExposeGlobal: 0
============================================================
+ Verbose Summary: CDFG Model
============================================================
IsTopModel: 0
ResetActiveHigh: 1
IsCombinational: 2
IsDatapathOnly: 0
HasWiredReturn: 1
HasMFsm: 0
HasVarLatency: 1
IsPipeline: 0
IsRtlPipelined: 0
IsInstanceOverlapped: 0
IsDontTouch: 0
HasImplIP: 0
IsGatedGlobalClock: 0


============================================================
+ Verbose Summary: Schedule
============================================================
* Number of FSM states : 4
* Pipeline : 0
* Dataflow Pipeline: 1
  DF-Pipeline-0: Size = 4, States = { 1 2 3 4 }

* FSM state transitions: 
1 --> 2 
2 --> 3 
3 --> 4 
4 --> 

* FSM state operations: 

State 1 <SV = 0> <Delay = 0.00>
ST_1 : Operation 5 [1/1] (0.00ns)   --->   "%jet_cluster_threshold_read = read i20 @_ssdm_op_Read.ap_auto.i20, i20 %jet_cluster_threshold"   --->   Operation 5 'read' 'jet_cluster_threshold_read' <Predicate = true> <Delay = 0.00>
ST_1 : Operation 6 [1/1] (0.00ns)   --->   "%jet_seed_threshold_read = read i12 @_ssdm_op_Read.ap_auto.i12, i12 %jet_seed_threshold"   --->   Operation 6 'read' 'jet_seed_threshold_read' <Predicate = true> <Delay = 0.00>
ST_1 : Operation 7 [1/1] (0.00ns)   --->   "%em_cluster_threshold_read = read i20 @_ssdm_op_Read.ap_auto.i20, i20 %em_cluster_threshold"   --->   Operation 7 'read' 'em_cluster_threshold_read' <Predicate = true> <Delay = 0.00>
ST_1 : Operation 8 [1/1] (0.00ns)   --->   "%em_seed_threshold_read = read i12 @_ssdm_op_Read.ap_auto.i12, i12 %em_seed_threshold"   --->   Operation 8 'read' 'em_seed_threshold_read' <Predicate = true> <Delay = 0.00>
ST_1 : Operation 9 [1/1] (0.00ns)   --->   "%em_cluster_stream = alloca i64 1"   --->   Operation 9 'alloca' 'em_cluster_stream' <Predicate = true> <Delay = 0.00> <CoreInst = "FIFO">   --->   Core 77 'FIFO' <Latency = 0> <II = 1> <Delay = 1.13> <Storage> <Opcode : 'read' 'write' 'nbread' 'nbwrite'> <Ports = 0> <Width = 61> <Depth = 64> <FIFO>
ST_1 : Operation 10 [1/1] (0.00ns)   --->   "%jet_cluster_stream = alloca i64 1"   --->   Operation 10 'alloca' 'jet_cluster_stream' <Predicate = true> <Delay = 0.00> <CoreInst = "FIFO">   --->   Core 77 'FIFO' <Latency = 0> <II = 1> <Delay = 1.13> <Storage> <Opcode : 'read' 'write' 'nbread' 'nbwrite'> <Ports = 0> <Width = 61> <Depth = 64> <FIFO>
ST_1 : Operation 11 [2/2] (0.00ns)   --->   "%call_ln564 = call void @produce_em_jet_cluster_stream_from_towers, i16 %tower_in, i12 %em_seed_threshold_read, i20 %em_cluster_threshold_read, i12 %jet_seed_threshold_read, i20 %jet_cluster_threshold_read, i61 %em_cluster_stream, i61 %jet_cluster_stream, i24 %ht" [calorimeter.cpp:564]   --->   Operation 11 'call' 'call_ln564' <Predicate = true> <Delay = 0.00> <CoreType = "Generic">   --->   Core 0 '' <Latency = 0> <II = 1> <Delay = 1.00> <Generic> <Opcode : >

State 2 <SV = 1> <Delay = 0.70>
ST_2 : Operation 12 [1/2] (0.70ns)   --->   "%call_ln564 = call void @produce_em_jet_cluster_stream_from_towers, i16 %tower_in, i12 %em_seed_threshold_read, i20 %em_cluster_threshold_read, i12 %jet_seed_threshold_read, i20 %jet_cluster_threshold_read, i61 %em_cluster_stream, i61 %jet_cluster_stream, i24 %ht" [calorimeter.cpp:564]   --->   Operation 12 'call' 'call_ln564' <Predicate = true> <Delay = 0.70> <CoreType = "Generic">   --->   Core 0 '' <Latency = 0> <II = 1> <Delay = 1.00> <Generic> <Opcode : >

State 3 <SV = 2> <Delay = 0.00>
ST_3 : Operation 13 [2/2] (0.00ns)   --->   "%call_ret1 = call i456 @select_top_n_from_stream_fixed<1440>, i61 %em_cluster_stream, i32 %num_em_clusters" [calorimeter.cpp:573]   --->   Operation 13 'call' 'call_ret1' <Predicate = true> <Delay = 0.00> <CoreType = "Generic">   --->   Core 0 '' <Latency = 0> <II = 1> <Delay = 1.00> <Generic> <Opcode : >
ST_3 : Operation 14 [2/2] (0.00ns)   --->   "%call_ret = call i456 @select_top_n_from_stream_fixed<1440>.1, i61 %jet_cluster_stream, i32 %num_jet_clusters" [calorimeter.cpp:577]   --->   Operation 14 'call' 'call_ret' <Predicate = true> <Delay = 0.00> <CoreType = "Generic">   --->   Core 0 '' <Latency = 0> <II = 1> <Delay = 1.00> <Generic> <Opcode : >

State 4 <SV = 3> <Delay = 3.21>
ST_4 : Operation 15 [1/1] (0.00ns)   --->   "%specdataflowpipeline_ln550 = specdataflowpipeline void @_ssdm_op_SpecDataflowPipeline, i32 4294967295, i32 0, void @empty_4" [calorimeter.cpp:550]   --->   Operation 15 'specdataflowpipeline' 'specdataflowpipeline_ln550' <Predicate = true> <Delay = 0.00>
ST_4 : Operation 16 [1/1] (0.00ns)   --->   "%specinterface_ln0 = specinterface void @_ssdm_op_SpecInterface, i16 %tower_in, void @empty_2, i32 0, i32 0, void @empty_3, i32 0, i32 0, void @empty_4, void @empty_4, void @empty_4, i32 0, i32 0, i32 0, i32 0, void @empty_4, void @empty_4, i32 4294967295, i32 0, i32 0"   --->   Operation 16 'specinterface' 'specinterface_ln0' <Predicate = true> <Delay = 0.00>
ST_4 : Operation 17 [1/1] (0.00ns)   --->   "%empty = specchannel i32 @_ssdm_op_SpecChannel, void @em_cluster_stream_str, i32 1, void @p_str, void @p_str, i32 64, i32 64, i61 %em_cluster_stream, i61 %em_cluster_stream"   --->   Operation 17 'specchannel' 'empty' <Predicate = true> <Delay = 0.00>
ST_4 : Operation 18 [1/1] (0.00ns)   --->   "%specinterface_ln0 = specinterface void @_ssdm_op_SpecInterface, i61 %em_cluster_stream, void @empty_8, i32 0, i32 0, void @empty_4, i32 0, i32 0, void @empty_4, void @empty_4, void @empty_4, i32 0, i32 0, i32 0, i32 0, void @empty_4, void @empty_4, i32 4294967295, i32 0, i32 0"   --->   Operation 18 'specinterface' 'specinterface_ln0' <Predicate = true> <Delay = 0.00>
ST_4 : Operation 19 [1/1] (0.00ns)   --->   "%empty_117 = specchannel i32 @_ssdm_op_SpecChannel, void @jet_cluster_stream_str, i32 1, void @p_str, void @p_str, i32 64, i32 64, i61 %jet_cluster_stream, i61 %jet_cluster_stream"   --->   Operation 19 'specchannel' 'empty_117' <Predicate = true> <Delay = 0.00>
ST_4 : Operation 20 [1/1] (0.00ns)   --->   "%specinterface_ln0 = specinterface void @_ssdm_op_SpecInterface, i61 %jet_cluster_stream, void @empty_8, i32 0, i32 0, void @empty_4, i32 0, i32 0, void @empty_4, void @empty_4, void @empty_4, i32 0, i32 0, i32 0, i32 0, void @empty_4, void @empty_4, i32 4294967295, i32 0, i32 0"   --->   Operation 20 'specinterface' 'specinterface_ln0' <Predicate = true> <Delay = 0.00>
ST_4 : Operation 21 [1/2] (0.73ns)   --->   "%call_ret1 = call i456 @select_top_n_from_stream_fixed<1440>, i61 %em_cluster_stream, i32 %num_em_clusters" [calorimeter.cpp:573]   --->   Operation 21 'call' 'call_ret1' <Predicate = true> <Delay = 0.73> <CoreType = "Generic">   --->   Core 0 '' <Latency = 0> <II = 1> <Delay = 1.00> <Generic> <Opcode : >
ST_4 : Operation 22 [1/1] (0.00ns)   --->   "%em_top_clusters_et = extractvalue i456 %call_ret1" [calorimeter.cpp:573]   --->   Operation 22 'extractvalue' 'em_top_clusters_et' <Predicate = true> <Delay = 0.00> <CoreInst = "FIFO_SRL">   --->   Core 80 'FIFO_SRL' <Latency = 0> <II = 1> <Delay = 1.39> <Storage> <Opcode : 'read' 'write' 'nbread' 'nbwrite'> <Ports = 0> <Width = 20> <Depth = 2> <FIFO>
ST_4 : Operation 23 [1/1] (0.00ns)   --->   "%em_top_clusters_et_1 = extractvalue i456 %call_ret1" [calorimeter.cpp:573]   --->   Operation 23 'extractvalue' 'em_top_clusters_et_1' <Predicate = true> <Delay = 0.00> <CoreInst = "FIFO_SRL">   --->   Core 80 'FIFO_SRL' <Latency = 0> <II = 1> <Delay = 1.39> <Storage> <Opcode : 'read' 'write' 'nbread' 'nbwrite'> <Ports = 0> <Width = 20> <Depth = 2> <FIFO>
ST_4 : Operation 24 [1/1] (0.00ns)   --->   "%em_top_clusters_et_2 = extractvalue i456 %call_ret1" [calorimeter.cpp:573]   --->   Operation 24 'extractvalue' 'em_top_clusters_et_2' <Predicate = true> <Delay = 0.00> <CoreInst = "FIFO_SRL">   --->   Core 80 'FIFO_SRL' <Latency = 0> <II = 1> <Delay = 1.39> <Storage> <Opcode : 'read' 'write' 'nbread' 'nbwrite'> <Ports = 0> <Width = 20> <Depth = 2> <FIFO>
ST_4 : Operation 25 [1/1] (0.00ns)   --->   "%em_top_clusters_et_3 = extractvalue i456 %call_ret1" [calorimeter.cpp:573]   --->   Operation 25 'extractvalue' 'em_top_clusters_et_3' <Predicate = true> <Delay = 0.00> <CoreInst = "FIFO_SRL">   --->   Core 80 'FIFO_SRL' <Latency = 0> <II = 1> <Delay = 1.39> <Storage> <Opcode : 'read' 'write' 'nbread' 'nbwrite'> <Ports = 0> <Width = 20> <Depth = 2> <FIFO>
ST_4 : Operation 26 [1/1] (0.00ns)   --->   "%em_top_clusters_et_4 = extractvalue i456 %call_ret1" [calorimeter.cpp:573]   --->   Operation 26 'extractvalue' 'em_top_clusters_et_4' <Predicate = true> <Delay = 0.00> <CoreInst = "FIFO_SRL">   --->   Core 80 'FIFO_SRL' <Latency = 0> <II = 1> <Delay = 1.39> <Storage> <Opcode : 'read' 'write' 'nbread' 'nbwrite'> <Ports = 0> <Width = 20> <Depth = 2> <FIFO>
ST_4 : Operation 27 [1/1] (0.00ns)   --->   "%em_top_clusters_et_5 = extractvalue i456 %call_ret1" [calorimeter.cpp:573]   --->   Operation 27 'extractvalue' 'em_top_clusters_et_5' <Predicate = true> <Delay = 0.00> <CoreInst = "FIFO_SRL">   --->   Core 80 'FIFO_SRL' <Latency = 0> <II = 1> <Delay = 1.39> <Storage> <Opcode : 'read' 'write' 'nbread' 'nbwrite'> <Ports = 0> <Width = 20> <Depth = 2> <FIFO>
ST_4 : Operation 28 [1/1] (0.00ns)   --->   "%em_top_clusters_et_6 = extractvalue i456 %call_ret1" [calorimeter.cpp:573]   --->   Operation 28 'extractvalue' 'em_top_clusters_et_6' <Predicate = true> <Delay = 0.00> <CoreInst = "FIFO_SRL">   --->   Core 80 'FIFO_SRL' <Latency = 0> <II = 1> <Delay = 1.39> <Storage> <Opcode : 'read' 'write' 'nbread' 'nbwrite'> <Ports = 0> <Width = 20> <Depth = 2> <FIFO>
ST_4 : Operation 29 [1/1] (0.00ns)   --->   "%em_top_clusters_et_7 = extractvalue i456 %call_ret1" [calorimeter.cpp:573]   --->   Operation 29 'extractvalue' 'em_top_clusters_et_7' <Predicate = true> <Delay = 0.00> <CoreInst = "FIFO_SRL">   --->   Core 80 'FIFO_SRL' <Latency = 0> <II = 1> <Delay = 1.39> <Storage> <Opcode : 'read' 'write' 'nbread' 'nbwrite'> <Ports = 0> <Width = 20> <Depth = 2> <FIFO>
ST_4 : Operation 30 [1/1] (0.00ns)   --->   "%em_top_clusters_isolation_et = extractvalue i456 %call_ret1" [calorimeter.cpp:573]   --->   Operation 30 'extractvalue' 'em_top_clusters_isolation_et' <Predicate = true> <Delay = 0.00> <CoreInst = "FIFO_SRL">   --->   Core 80 'FIFO_SRL' <Latency = 0> <II = 1> <Delay = 1.39> <Storage> <Opcode : 'read' 'write' 'nbread' 'nbwrite'> <Ports = 0> <Width = 20> <Depth = 2> <FIFO>
ST_4 : Operation 31 [1/1] (0.00ns)   --->   "%em_top_clusters_isolation_et_1 = extractvalue i456 %call_ret1" [calorimeter.cpp:573]   --->   Operation 31 'extractvalue' 'em_top_clusters_isolation_et_1' <Predicate = true> <Delay = 0.00> <CoreInst = "FIFO_SRL">   --->   Core 80 'FIFO_SRL' <Latency = 0> <II = 1> <Delay = 1.39> <Storage> <Opcode : 'read' 'write' 'nbread' 'nbwrite'> <Ports = 0> <Width = 20> <Depth = 2> <FIFO>
ST_4 : Operation 32 [1/1] (0.00ns)   --->   "%em_top_clusters_isolation_et_2 = extractvalue i456 %call_ret1" [calorimeter.cpp:573]   --->   Operation 32 'extractvalue' 'em_top_clusters_isolation_et_2' <Predicate = true> <Delay = 0.00> <CoreInst = "FIFO_SRL">   --->   Core 80 'FIFO_SRL' <Latency = 0> <II = 1> <Delay = 1.39> <Storage> <Opcode : 'read' 'write' 'nbread' 'nbwrite'> <Ports = 0> <Width = 20> <Depth = 2> <FIFO>
ST_4 : Operation 33 [1/1] (0.00ns)   --->   "%em_top_clusters_isolation_et_3 = extractvalue i456 %call_ret1" [calorimeter.cpp:573]   --->   Operation 33 'extractvalue' 'em_top_clusters_isolation_et_3' <Predicate = true> <Delay = 0.00> <CoreInst = "FIFO_SRL">   --->   Core 80 'FIFO_SRL' <Latency = 0> <II = 1> <Delay = 1.39> <Storage> <Opcode : 'read' 'write' 'nbread' 'nbwrite'> <Ports = 0> <Width = 20> <Depth = 2> <FIFO>
ST_4 : Operation 34 [1/1] (0.00ns)   --->   "%em_top_clusters_isolation_et_4 = extractvalue i456 %call_ret1" [calorimeter.cpp:573]   --->   Operation 34 'extractvalue' 'em_top_clusters_isolation_et_4' <Predicate = true> <Delay = 0.00> <CoreInst = "FIFO_SRL">   --->   Core 80 'FIFO_SRL' <Latency = 0> <II = 1> <Delay = 1.39> <Storage> <Opcode : 'read' 'write' 'nbread' 'nbwrite'> <Ports = 0> <Width = 20> <Depth = 2> <FIFO>
ST_4 : Operation 35 [1/1] (0.00ns)   --->   "%em_top_clusters_isolation_et_5 = extractvalue i456 %call_ret1" [calorimeter.cpp:573]   --->   Operation 35 'extractvalue' 'em_top_clusters_isolation_et_5' <Predicate = true> <Delay = 0.00> <CoreInst = "FIFO_SRL">   --->   Core 80 'FIFO_SRL' <Latency = 0> <II = 1> <Delay = 1.39> <Storage> <Opcode : 'read' 'write' 'nbread' 'nbwrite'> <Ports = 0> <Width = 20> <Depth = 2> <FIFO>
ST_4 : Operation 36 [1/1] (0.00ns)   --->   "%em_top_clusters_isolation_et_6 = extractvalue i456 %call_ret1" [calorimeter.cpp:573]   --->   Operation 36 'extractvalue' 'em_top_clusters_isolation_et_6' <Predicate = true> <Delay = 0.00> <CoreInst = "FIFO_SRL">   --->   Core 80 'FIFO_SRL' <Latency = 0> <II = 1> <Delay = 1.39> <Storage> <Opcode : 'read' 'write' 'nbread' 'nbwrite'> <Ports = 0> <Width = 20> <Depth = 2> <FIFO>
ST_4 : Operation 37 [1/1] (0.00ns)   --->   "%em_top_clusters_isolation_et_7 = extractvalue i456 %call_ret1" [calorimeter.cpp:573]   --->   Operation 37 'extractvalue' 'em_top_clusters_isolation_et_7' <Predicate = true> <Delay = 0.00> <CoreInst = "FIFO_SRL">   --->   Core 80 'FIFO_SRL' <Latency = 0> <II = 1> <Delay = 1.39> <Storage> <Opcode : 'read' 'write' 'nbread' 'nbwrite'> <Ports = 0> <Width = 20> <Depth = 2> <FIFO>
ST_4 : Operation 38 [1/1] (0.00ns)   --->   "%em_top_clusters_eta = extractvalue i456 %call_ret1" [calorimeter.cpp:573]   --->   Operation 38 'extractvalue' 'em_top_clusters_eta' <Predicate = true> <Delay = 0.00> <CoreInst = "FIFO_SRL">   --->   Core 80 'FIFO_SRL' <Latency = 0> <II = 1> <Delay = 1.36> <Storage> <Opcode : 'read' 'write' 'nbread' 'nbwrite'> <Ports = 0> <Width = 6> <Depth = 2> <FIFO>
ST_4 : Operation 39 [1/1] (0.00ns)   --->   "%em_top_clusters_eta_1 = extractvalue i456 %call_ret1" [calorimeter.cpp:573]   --->   Operation 39 'extractvalue' 'em_top_clusters_eta_1' <Predicate = true> <Delay = 0.00> <CoreInst = "FIFO_SRL">   --->   Core 80 'FIFO_SRL' <Latency = 0> <II = 1> <Delay = 1.36> <Storage> <Opcode : 'read' 'write' 'nbread' 'nbwrite'> <Ports = 0> <Width = 6> <Depth = 2> <FIFO>
ST_4 : Operation 40 [1/1] (0.00ns)   --->   "%em_top_clusters_eta_2 = extractvalue i456 %call_ret1" [calorimeter.cpp:573]   --->   Operation 40 'extractvalue' 'em_top_clusters_eta_2' <Predicate = true> <Delay = 0.00> <CoreInst = "FIFO_SRL">   --->   Core 80 'FIFO_SRL' <Latency = 0> <II = 1> <Delay = 1.36> <Storage> <Opcode : 'read' 'write' 'nbread' 'nbwrite'> <Ports = 0> <Width = 6> <Depth = 2> <FIFO>
ST_4 : Operation 41 [1/1] (0.00ns)   --->   "%em_top_clusters_eta_3 = extractvalue i456 %call_ret1" [calorimeter.cpp:573]   --->   Operation 41 'extractvalue' 'em_top_clusters_eta_3' <Predicate = true> <Delay = 0.00> <CoreInst = "FIFO_SRL">   --->   Core 80 'FIFO_SRL' <Latency = 0> <II = 1> <Delay = 1.36> <Storage> <Opcode : 'read' 'write' 'nbread' 'nbwrite'> <Ports = 0> <Width = 6> <Depth = 2> <FIFO>
ST_4 : Operation 42 [1/1] (0.00ns)   --->   "%em_top_clusters_eta_4 = extractvalue i456 %call_ret1" [calorimeter.cpp:573]   --->   Operation 42 'extractvalue' 'em_top_clusters_eta_4' <Predicate = true> <Delay = 0.00> <CoreInst = "FIFO_SRL">   --->   Core 80 'FIFO_SRL' <Latency = 0> <II = 1> <Delay = 1.36> <Storage> <Opcode : 'read' 'write' 'nbread' 'nbwrite'> <Ports = 0> <Width = 6> <Depth = 2> <FIFO>
ST_4 : Operation 43 [1/1] (0.00ns)   --->   "%em_top_clusters_eta_5 = extractvalue i456 %call_ret1" [calorimeter.cpp:573]   --->   Operation 43 'extractvalue' 'em_top_clusters_eta_5' <Predicate = true> <Delay = 0.00> <CoreInst = "FIFO_SRL">   --->   Core 80 'FIFO_SRL' <Latency = 0> <II = 1> <Delay = 1.36> <Storage> <Opcode : 'read' 'write' 'nbread' 'nbwrite'> <Ports = 0> <Width = 6> <Depth = 2> <FIFO>
ST_4 : Operation 44 [1/1] (0.00ns)   --->   "%em_top_clusters_eta_6 = extractvalue i456 %call_ret1" [calorimeter.cpp:573]   --->   Operation 44 'extractvalue' 'em_top_clusters_eta_6' <Predicate = true> <Delay = 0.00> <CoreInst = "FIFO_SRL">   --->   Core 80 'FIFO_SRL' <Latency = 0> <II = 1> <Delay = 1.36> <Storage> <Opcode : 'read' 'write' 'nbread' 'nbwrite'> <Ports = 0> <Width = 6> <Depth = 2> <FIFO>
ST_4 : Operation 45 [1/1] (0.00ns)   --->   "%em_top_clusters_eta_7 = extractvalue i456 %call_ret1" [calorimeter.cpp:573]   --->   Operation 45 'extractvalue' 'em_top_clusters_eta_7' <Predicate = true> <Delay = 0.00> <CoreInst = "FIFO_SRL">   --->   Core 80 'FIFO_SRL' <Latency = 0> <II = 1> <Delay = 1.36> <Storage> <Opcode : 'read' 'write' 'nbread' 'nbwrite'> <Ports = 0> <Width = 6> <Depth = 2> <FIFO>
ST_4 : Operation 46 [1/1] (0.00ns)   --->   "%em_top_clusters_phi = extractvalue i456 %call_ret1" [calorimeter.cpp:573]   --->   Operation 46 'extractvalue' 'em_top_clusters_phi' <Predicate = true> <Delay = 0.00> <CoreInst = "FIFO_SRL">   --->   Core 80 'FIFO_SRL' <Latency = 0> <II = 1> <Delay = 1.36> <Storage> <Opcode : 'read' 'write' 'nbread' 'nbwrite'> <Ports = 0> <Width = 6> <Depth = 2> <FIFO>
ST_4 : Operation 47 [1/1] (0.00ns)   --->   "%em_top_clusters_phi_1 = extractvalue i456 %call_ret1" [calorimeter.cpp:573]   --->   Operation 47 'extractvalue' 'em_top_clusters_phi_1' <Predicate = true> <Delay = 0.00> <CoreInst = "FIFO_SRL">   --->   Core 80 'FIFO_SRL' <Latency = 0> <II = 1> <Delay = 1.36> <Storage> <Opcode : 'read' 'write' 'nbread' 'nbwrite'> <Ports = 0> <Width = 6> <Depth = 2> <FIFO>
ST_4 : Operation 48 [1/1] (0.00ns)   --->   "%em_top_clusters_phi_2 = extractvalue i456 %call_ret1" [calorimeter.cpp:573]   --->   Operation 48 'extractvalue' 'em_top_clusters_phi_2' <Predicate = true> <Delay = 0.00> <CoreInst = "FIFO_SRL">   --->   Core 80 'FIFO_SRL' <Latency = 0> <II = 1> <Delay = 1.36> <Storage> <Opcode : 'read' 'write' 'nbread' 'nbwrite'> <Ports = 0> <Width = 6> <Depth = 2> <FIFO>
ST_4 : Operation 49 [1/1] (0.00ns)   --->   "%em_top_clusters_phi_3 = extractvalue i456 %call_ret1" [calorimeter.cpp:573]   --->   Operation 49 'extractvalue' 'em_top_clusters_phi_3' <Predicate = true> <Delay = 0.00> <CoreInst = "FIFO_SRL">   --->   Core 80 'FIFO_SRL' <Latency = 0> <II = 1> <Delay = 1.36> <Storage> <Opcode : 'read' 'write' 'nbread' 'nbwrite'> <Ports = 0> <Width = 6> <Depth = 2> <FIFO>
ST_4 : Operation 50 [1/1] (0.00ns)   --->   "%em_top_clusters_phi_4 = extractvalue i456 %call_ret1" [calorimeter.cpp:573]   --->   Operation 50 'extractvalue' 'em_top_clusters_phi_4' <Predicate = true> <Delay = 0.00> <CoreInst = "FIFO_SRL">   --->   Core 80 'FIFO_SRL' <Latency = 0> <II = 1> <Delay = 1.36> <Storage> <Opcode : 'read' 'write' 'nbread' 'nbwrite'> <Ports = 0> <Width = 6> <Depth = 2> <FIFO>
ST_4 : Operation 51 [1/1] (0.00ns)   --->   "%em_top_clusters_phi_5 = extractvalue i456 %call_ret1" [calorimeter.cpp:573]   --->   Operation 51 'extractvalue' 'em_top_clusters_phi_5' <Predicate = true> <Delay = 0.00> <CoreInst = "FIFO_SRL">   --->   Core 80 'FIFO_SRL' <Latency = 0> <II = 1> <Delay = 1.36> <Storage> <Opcode : 'read' 'write' 'nbread' 'nbwrite'> <Ports = 0> <Width = 6> <Depth = 2> <FIFO>
ST_4 : Operation 52 [1/1] (0.00ns)   --->   "%em_top_clusters_phi_6 = extractvalue i456 %call_ret1" [calorimeter.cpp:573]   --->   Operation 52 'extractvalue' 'em_top_clusters_phi_6' <Predicate = true> <Delay = 0.00> <CoreInst = "FIFO_SRL">   --->   Core 80 'FIFO_SRL' <Latency = 0> <II = 1> <Delay = 1.36> <Storage> <Opcode : 'read' 'write' 'nbread' 'nbwrite'> <Ports = 0> <Width = 6> <Depth = 2> <FIFO>
ST_4 : Operation 53 [1/1] (0.00ns)   --->   "%em_top_clusters_phi_7 = extractvalue i456 %call_ret1" [calorimeter.cpp:573]   --->   Operation 53 'extractvalue' 'em_top_clusters_phi_7' <Predicate = true> <Delay = 0.00> <CoreInst = "FIFO_SRL">   --->   Core 80 'FIFO_SRL' <Latency = 0> <II = 1> <Delay = 1.36> <Storage> <Opcode : 'read' 'write' 'nbread' 'nbwrite'> <Ports = 0> <Width = 6> <Depth = 2> <FIFO>
ST_4 : Operation 54 [1/1] (0.00ns)   --->   "%em_top_clusters_window_size = extractvalue i456 %call_ret1" [calorimeter.cpp:573]   --->   Operation 54 'extractvalue' 'em_top_clusters_window_size' <Predicate = true> <Delay = 0.00> <CoreInst = "FIFO_SRL">   --->   Core 80 'FIFO_SRL' <Latency = 0> <II = 1> <Delay = 1.40> <Storage> <Opcode : 'read' 'write' 'nbread' 'nbwrite'> <Ports = 0> <Width = 4> <Depth = 2> <FIFO>
ST_4 : Operation 55 [1/1] (0.00ns)   --->   "%em_top_clusters_window_size_1 = extractvalue i456 %call_ret1" [calorimeter.cpp:573]   --->   Operation 55 'extractvalue' 'em_top_clusters_window_size_1' <Predicate = true> <Delay = 0.00> <CoreInst = "FIFO_SRL">   --->   Core 80 'FIFO_SRL' <Latency = 0> <II = 1> <Delay = 1.40> <Storage> <Opcode : 'read' 'write' 'nbread' 'nbwrite'> <Ports = 0> <Width = 4> <Depth = 2> <FIFO>
ST_4 : Operation 56 [1/1] (0.00ns)   --->   "%em_top_clusters_window_size_2 = extractvalue i456 %call_ret1" [calorimeter.cpp:573]   --->   Operation 56 'extractvalue' 'em_top_clusters_window_size_2' <Predicate = true> <Delay = 0.00> <CoreInst = "FIFO_SRL">   --->   Core 80 'FIFO_SRL' <Latency = 0> <II = 1> <Delay = 1.40> <Storage> <Opcode : 'read' 'write' 'nbread' 'nbwrite'> <Ports = 0> <Width = 4> <Depth = 2> <FIFO>
ST_4 : Operation 57 [1/1] (0.00ns)   --->   "%em_top_clusters_window_size_3 = extractvalue i456 %call_ret1" [calorimeter.cpp:573]   --->   Operation 57 'extractvalue' 'em_top_clusters_window_size_3' <Predicate = true> <Delay = 0.00> <CoreInst = "FIFO_SRL">   --->   Core 80 'FIFO_SRL' <Latency = 0> <II = 1> <Delay = 1.40> <Storage> <Opcode : 'read' 'write' 'nbread' 'nbwrite'> <Ports = 0> <Width = 4> <Depth = 2> <FIFO>
ST_4 : Operation 58 [1/1] (0.00ns)   --->   "%em_top_clusters_window_size_4 = extractvalue i456 %call_ret1" [calorimeter.cpp:573]   --->   Operation 58 'extractvalue' 'em_top_clusters_window_size_4' <Predicate = true> <Delay = 0.00> <CoreInst = "FIFO_SRL">   --->   Core 80 'FIFO_SRL' <Latency = 0> <II = 1> <Delay = 1.40> <Storage> <Opcode : 'read' 'write' 'nbread' 'nbwrite'> <Ports = 0> <Width = 4> <Depth = 2> <FIFO>
ST_4 : Operation 59 [1/1] (0.00ns)   --->   "%em_top_clusters_window_size_5 = extractvalue i456 %call_ret1" [calorimeter.cpp:573]   --->   Operation 59 'extractvalue' 'em_top_clusters_window_size_5' <Predicate = true> <Delay = 0.00> <CoreInst = "FIFO_SRL">   --->   Core 80 'FIFO_SRL' <Latency = 0> <II = 1> <Delay = 1.40> <Storage> <Opcode : 'read' 'write' 'nbread' 'nbwrite'> <Ports = 0> <Width = 4> <Depth = 2> <FIFO>
ST_4 : Operation 60 [1/1] (0.00ns)   --->   "%em_top_clusters_window_size_6 = extractvalue i456 %call_ret1" [calorimeter.cpp:573]   --->   Operation 60 'extractvalue' 'em_top_clusters_window_size_6' <Predicate = true> <Delay = 0.00> <CoreInst = "FIFO_SRL">   --->   Core 80 'FIFO_SRL' <Latency = 0> <II = 1> <Delay = 1.40> <Storage> <Opcode : 'read' 'write' 'nbread' 'nbwrite'> <Ports = 0> <Width = 4> <Depth = 2> <FIFO>
ST_4 : Operation 61 [1/1] (0.00ns)   --->   "%em_top_clusters_window_size_7 = extractvalue i456 %call_ret1" [calorimeter.cpp:573]   --->   Operation 61 'extractvalue' 'em_top_clusters_window_size_7' <Predicate = true> <Delay = 0.00> <CoreInst = "FIFO_SRL">   --->   Core 80 'FIFO_SRL' <Latency = 0> <II = 1> <Delay = 1.40> <Storage> <Opcode : 'read' 'write' 'nbread' 'nbwrite'> <Ports = 0> <Width = 4> <Depth = 2> <FIFO>
ST_4 : Operation 62 [1/1] (0.00ns)   --->   "%em_top_clusters_valid = extractvalue i456 %call_ret1" [calorimeter.cpp:573]   --->   Operation 62 'extractvalue' 'em_top_clusters_valid' <Predicate = true> <Delay = 0.00> <CoreInst = "FIFO_SRL">   --->   Core 80 'FIFO_SRL' <Latency = 0> <II = 1> <Delay = 1.42> <Storage> <Opcode : 'read' 'write' 'nbread' 'nbwrite'> <Ports = 0> <Width = 1> <Depth = 2> <FIFO>
ST_4 : Operation 63 [1/1] (0.00ns)   --->   "%em_top_clusters_valid_1 = extractvalue i456 %call_ret1" [calorimeter.cpp:573]   --->   Operation 63 'extractvalue' 'em_top_clusters_valid_1' <Predicate = true> <Delay = 0.00> <CoreInst = "FIFO_SRL">   --->   Core 80 'FIFO_SRL' <Latency = 0> <II = 1> <Delay = 1.42> <Storage> <Opcode : 'read' 'write' 'nbread' 'nbwrite'> <Ports = 0> <Width = 1> <Depth = 2> <FIFO>
ST_4 : Operation 64 [1/1] (0.00ns)   --->   "%em_top_clusters_valid_2 = extractvalue i456 %call_ret1" [calorimeter.cpp:573]   --->   Operation 64 'extractvalue' 'em_top_clusters_valid_2' <Predicate = true> <Delay = 0.00> <CoreInst = "FIFO_SRL">   --->   Core 80 'FIFO_SRL' <Latency = 0> <II = 1> <Delay = 1.42> <Storage> <Opcode : 'read' 'write' 'nbread' 'nbwrite'> <Ports = 0> <Width = 1> <Depth = 2> <FIFO>
ST_4 : Operation 65 [1/1] (0.00ns)   --->   "%em_top_clusters_valid_3 = extractvalue i456 %call_ret1" [calorimeter.cpp:573]   --->   Operation 65 'extractvalue' 'em_top_clusters_valid_3' <Predicate = true> <Delay = 0.00> <CoreInst = "FIFO_SRL">   --->   Core 80 'FIFO_SRL' <Latency = 0> <II = 1> <Delay = 1.42> <Storage> <Opcode : 'read' 'write' 'nbread' 'nbwrite'> <Ports = 0> <Width = 1> <Depth = 2> <FIFO>
ST_4 : Operation 66 [1/1] (0.00ns)   --->   "%em_top_clusters_valid_4 = extractvalue i456 %call_ret1" [calorimeter.cpp:573]   --->   Operation 66 'extractvalue' 'em_top_clusters_valid_4' <Predicate = true> <Delay = 0.00> <CoreInst = "FIFO_SRL">   --->   Core 80 'FIFO_SRL' <Latency = 0> <II = 1> <Delay = 1.42> <Storage> <Opcode : 'read' 'write' 'nbread' 'nbwrite'> <Ports = 0> <Width = 1> <Depth = 2> <FIFO>
ST_4 : Operation 67 [1/1] (0.00ns)   --->   "%em_top_clusters_valid_5 = extractvalue i456 %call_ret1" [calorimeter.cpp:573]   --->   Operation 67 'extractvalue' 'em_top_clusters_valid_5' <Predicate = true> <Delay = 0.00> <CoreInst = "FIFO_SRL">   --->   Core 80 'FIFO_SRL' <Latency = 0> <II = 1> <Delay = 1.42> <Storage> <Opcode : 'read' 'write' 'nbread' 'nbwrite'> <Ports = 0> <Width = 1> <Depth = 2> <FIFO>
ST_4 : Operation 68 [1/1] (0.00ns)   --->   "%em_top_clusters_valid_6 = extractvalue i456 %call_ret1" [calorimeter.cpp:573]   --->   Operation 68 'extractvalue' 'em_top_clusters_valid_6' <Predicate = true> <Delay = 0.00> <CoreInst = "FIFO_SRL">   --->   Core 80 'FIFO_SRL' <Latency = 0> <II = 1> <Delay = 1.42> <Storage> <Opcode : 'read' 'write' 'nbread' 'nbwrite'> <Ports = 0> <Width = 1> <Depth = 2> <FIFO>
ST_4 : Operation 69 [1/1] (0.00ns)   --->   "%em_top_clusters_valid_7 = extractvalue i456 %call_ret1" [calorimeter.cpp:573]   --->   Operation 69 'extractvalue' 'em_top_clusters_valid_7' <Predicate = true> <Delay = 0.00> <CoreInst = "FIFO_SRL">   --->   Core 80 'FIFO_SRL' <Latency = 0> <II = 1> <Delay = 1.42> <Storage> <Opcode : 'read' 'write' 'nbread' 'nbwrite'> <Ports = 0> <Width = 1> <Depth = 2> <FIFO>
ST_4 : Operation 70 [1/2] (0.73ns)   --->   "%call_ret = call i456 @select_top_n_from_stream_fixed<1440>.1, i61 %jet_cluster_stream, i32 %num_jet_clusters" [calorimeter.cpp:577]   --->   Operation 70 'call' 'call_ret' <Predicate = true> <Delay = 0.73> <CoreType = "Generic">   --->   Core 0 '' <Latency = 0> <II = 1> <Delay = 1.00> <Generic> <Opcode : >
ST_4 : Operation 71 [1/1] (0.00ns)   --->   "%jet_top_clusters_et = extractvalue i456 %call_ret" [calorimeter.cpp:577]   --->   Operation 71 'extractvalue' 'jet_top_clusters_et' <Predicate = true> <Delay = 0.00> <CoreInst = "FIFO_SRL">   --->   Core 80 'FIFO_SRL' <Latency = 0> <II = 1> <Delay = 1.39> <Storage> <Opcode : 'read' 'write' 'nbread' 'nbwrite'> <Ports = 0> <Width = 20> <Depth = 2> <FIFO>
ST_4 : Operation 72 [1/1] (0.00ns)   --->   "%jet_top_clusters_et_1 = extractvalue i456 %call_ret" [calorimeter.cpp:577]   --->   Operation 72 'extractvalue' 'jet_top_clusters_et_1' <Predicate = true> <Delay = 0.00> <CoreInst = "FIFO_SRL">   --->   Core 80 'FIFO_SRL' <Latency = 0> <II = 1> <Delay = 1.39> <Storage> <Opcode : 'read' 'write' 'nbread' 'nbwrite'> <Ports = 0> <Width = 20> <Depth = 2> <FIFO>
ST_4 : Operation 73 [1/1] (0.00ns)   --->   "%jet_top_clusters_et_2 = extractvalue i456 %call_ret" [calorimeter.cpp:577]   --->   Operation 73 'extractvalue' 'jet_top_clusters_et_2' <Predicate = true> <Delay = 0.00> <CoreInst = "FIFO_SRL">   --->   Core 80 'FIFO_SRL' <Latency = 0> <II = 1> <Delay = 1.39> <Storage> <Opcode : 'read' 'write' 'nbread' 'nbwrite'> <Ports = 0> <Width = 20> <Depth = 2> <FIFO>
ST_4 : Operation 74 [1/1] (0.00ns)   --->   "%jet_top_clusters_et_3 = extractvalue i456 %call_ret" [calorimeter.cpp:577]   --->   Operation 74 'extractvalue' 'jet_top_clusters_et_3' <Predicate = true> <Delay = 0.00> <CoreInst = "FIFO_SRL">   --->   Core 80 'FIFO_SRL' <Latency = 0> <II = 1> <Delay = 1.39> <Storage> <Opcode : 'read' 'write' 'nbread' 'nbwrite'> <Ports = 0> <Width = 20> <Depth = 2> <FIFO>
ST_4 : Operation 75 [1/1] (0.00ns)   --->   "%jet_top_clusters_et_4 = extractvalue i456 %call_ret" [calorimeter.cpp:577]   --->   Operation 75 'extractvalue' 'jet_top_clusters_et_4' <Predicate = true> <Delay = 0.00> <CoreInst = "FIFO_SRL">   --->   Core 80 'FIFO_SRL' <Latency = 0> <II = 1> <Delay = 1.39> <Storage> <Opcode : 'read' 'write' 'nbread' 'nbwrite'> <Ports = 0> <Width = 20> <Depth = 2> <FIFO>
ST_4 : Operation 76 [1/1] (0.00ns)   --->   "%jet_top_clusters_et_5 = extractvalue i456 %call_ret" [calorimeter.cpp:577]   --->   Operation 76 'extractvalue' 'jet_top_clusters_et_5' <Predicate = true> <Delay = 0.00> <CoreInst = "FIFO_SRL">   --->   Core 80 'FIFO_SRL' <Latency = 0> <II = 1> <Delay = 1.39> <Storage> <Opcode : 'read' 'write' 'nbread' 'nbwrite'> <Ports = 0> <Width = 20> <Depth = 2> <FIFO>
ST_4 : Operation 77 [1/1] (0.00ns)   --->   "%jet_top_clusters_et_6 = extractvalue i456 %call_ret" [calorimeter.cpp:577]   --->   Operation 77 'extractvalue' 'jet_top_clusters_et_6' <Predicate = true> <Delay = 0.00> <CoreInst = "FIFO_SRL">   --->   Core 80 'FIFO_SRL' <Latency = 0> <II = 1> <Delay = 1.39> <Storage> <Opcode : 'read' 'write' 'nbread' 'nbwrite'> <Ports = 0> <Width = 20> <Depth = 2> <FIFO>
ST_4 : Operation 78 [1/1] (0.00ns)   --->   "%jet_top_clusters_et_7 = extractvalue i456 %call_ret" [calorimeter.cpp:577]   --->   Operation 78 'extractvalue' 'jet_top_clusters_et_7' <Predicate = true> <Delay = 0.00> <CoreInst = "FIFO_SRL">   --->   Core 80 'FIFO_SRL' <Latency = 0> <II = 1> <Delay = 1.39> <Storage> <Opcode : 'read' 'write' 'nbread' 'nbwrite'> <Ports = 0> <Width = 20> <Depth = 2> <FIFO>
ST_4 : Operation 79 [1/1] (0.00ns)   --->   "%jet_top_clusters_isolation_et = extractvalue i456 %call_ret" [calorimeter.cpp:577]   --->   Operation 79 'extractvalue' 'jet_top_clusters_isolation_et' <Predicate = true> <Delay = 0.00> <CoreInst = "FIFO_SRL">   --->   Core 80 'FIFO_SRL' <Latency = 0> <II = 1> <Delay = 1.39> <Storage> <Opcode : 'read' 'write' 'nbread' 'nbwrite'> <Ports = 0> <Width = 20> <Depth = 2> <FIFO>
ST_4 : Operation 80 [1/1] (0.00ns)   --->   "%jet_top_clusters_isolation_et_1 = extractvalue i456 %call_ret" [calorimeter.cpp:577]   --->   Operation 80 'extractvalue' 'jet_top_clusters_isolation_et_1' <Predicate = true> <Delay = 0.00> <CoreInst = "FIFO_SRL">   --->   Core 80 'FIFO_SRL' <Latency = 0> <II = 1> <Delay = 1.39> <Storage> <Opcode : 'read' 'write' 'nbread' 'nbwrite'> <Ports = 0> <Width = 20> <Depth = 2> <FIFO>
ST_4 : Operation 81 [1/1] (0.00ns)   --->   "%jet_top_clusters_isolation_et_2 = extractvalue i456 %call_ret" [calorimeter.cpp:577]   --->   Operation 81 'extractvalue' 'jet_top_clusters_isolation_et_2' <Predicate = true> <Delay = 0.00> <CoreInst = "FIFO_SRL">   --->   Core 80 'FIFO_SRL' <Latency = 0> <II = 1> <Delay = 1.39> <Storage> <Opcode : 'read' 'write' 'nbread' 'nbwrite'> <Ports = 0> <Width = 20> <Depth = 2> <FIFO>
ST_4 : Operation 82 [1/1] (0.00ns)   --->   "%jet_top_clusters_isolation_et_3 = extractvalue i456 %call_ret" [calorimeter.cpp:577]   --->   Operation 82 'extractvalue' 'jet_top_clusters_isolation_et_3' <Predicate = true> <Delay = 0.00> <CoreInst = "FIFO_SRL">   --->   Core 80 'FIFO_SRL' <Latency = 0> <II = 1> <Delay = 1.39> <Storage> <Opcode : 'read' 'write' 'nbread' 'nbwrite'> <Ports = 0> <Width = 20> <Depth = 2> <FIFO>
ST_4 : Operation 83 [1/1] (0.00ns)   --->   "%jet_top_clusters_isolation_et_4 = extractvalue i456 %call_ret" [calorimeter.cpp:577]   --->   Operation 83 'extractvalue' 'jet_top_clusters_isolation_et_4' <Predicate = true> <Delay = 0.00> <CoreInst = "FIFO_SRL">   --->   Core 80 'FIFO_SRL' <Latency = 0> <II = 1> <Delay = 1.39> <Storage> <Opcode : 'read' 'write' 'nbread' 'nbwrite'> <Ports = 0> <Width = 20> <Depth = 2> <FIFO>
ST_4 : Operation 84 [1/1] (0.00ns)   --->   "%jet_top_clusters_isolation_et_5 = extractvalue i456 %call_ret" [calorimeter.cpp:577]   --->   Operation 84 'extractvalue' 'jet_top_clusters_isolation_et_5' <Predicate = true> <Delay = 0.00> <CoreInst = "FIFO_SRL">   --->   Core 80 'FIFO_SRL' <Latency = 0> <II = 1> <Delay = 1.39> <Storage> <Opcode : 'read' 'write' 'nbread' 'nbwrite'> <Ports = 0> <Width = 20> <Depth = 2> <FIFO>
ST_4 : Operation 85 [1/1] (0.00ns)   --->   "%jet_top_clusters_isolation_et_6 = extractvalue i456 %call_ret" [calorimeter.cpp:577]   --->   Operation 85 'extractvalue' 'jet_top_clusters_isolation_et_6' <Predicate = true> <Delay = 0.00> <CoreInst = "FIFO_SRL">   --->   Core 80 'FIFO_SRL' <Latency = 0> <II = 1> <Delay = 1.39> <Storage> <Opcode : 'read' 'write' 'nbread' 'nbwrite'> <Ports = 0> <Width = 20> <Depth = 2> <FIFO>
ST_4 : Operation 86 [1/1] (0.00ns)   --->   "%jet_top_clusters_isolation_et_7 = extractvalue i456 %call_ret" [calorimeter.cpp:577]   --->   Operation 86 'extractvalue' 'jet_top_clusters_isolation_et_7' <Predicate = true> <Delay = 0.00> <CoreInst = "FIFO_SRL">   --->   Core 80 'FIFO_SRL' <Latency = 0> <II = 1> <Delay = 1.39> <Storage> <Opcode : 'read' 'write' 'nbread' 'nbwrite'> <Ports = 0> <Width = 20> <Depth = 2> <FIFO>
ST_4 : Operation 87 [1/1] (0.00ns)   --->   "%jet_top_clusters_eta = extractvalue i456 %call_ret" [calorimeter.cpp:577]   --->   Operation 87 'extractvalue' 'jet_top_clusters_eta' <Predicate = true> <Delay = 0.00> <CoreInst = "FIFO_SRL">   --->   Core 80 'FIFO_SRL' <Latency = 0> <II = 1> <Delay = 1.36> <Storage> <Opcode : 'read' 'write' 'nbread' 'nbwrite'> <Ports = 0> <Width = 6> <Depth = 2> <FIFO>
ST_4 : Operation 88 [1/1] (0.00ns)   --->   "%jet_top_clusters_eta_1 = extractvalue i456 %call_ret" [calorimeter.cpp:577]   --->   Operation 88 'extractvalue' 'jet_top_clusters_eta_1' <Predicate = true> <Delay = 0.00> <CoreInst = "FIFO_SRL">   --->   Core 80 'FIFO_SRL' <Latency = 0> <II = 1> <Delay = 1.36> <Storage> <Opcode : 'read' 'write' 'nbread' 'nbwrite'> <Ports = 0> <Width = 6> <Depth = 2> <FIFO>
ST_4 : Operation 89 [1/1] (0.00ns)   --->   "%jet_top_clusters_eta_2 = extractvalue i456 %call_ret" [calorimeter.cpp:577]   --->   Operation 89 'extractvalue' 'jet_top_clusters_eta_2' <Predicate = true> <Delay = 0.00> <CoreInst = "FIFO_SRL">   --->   Core 80 'FIFO_SRL' <Latency = 0> <II = 1> <Delay = 1.36> <Storage> <Opcode : 'read' 'write' 'nbread' 'nbwrite'> <Ports = 0> <Width = 6> <Depth = 2> <FIFO>
ST_4 : Operation 90 [1/1] (0.00ns)   --->   "%jet_top_clusters_eta_3 = extractvalue i456 %call_ret" [calorimeter.cpp:577]   --->   Operation 90 'extractvalue' 'jet_top_clusters_eta_3' <Predicate = true> <Delay = 0.00> <CoreInst = "FIFO_SRL">   --->   Core 80 'FIFO_SRL' <Latency = 0> <II = 1> <Delay = 1.36> <Storage> <Opcode : 'read' 'write' 'nbread' 'nbwrite'> <Ports = 0> <Width = 6> <Depth = 2> <FIFO>
ST_4 : Operation 91 [1/1] (0.00ns)   --->   "%jet_top_clusters_eta_4 = extractvalue i456 %call_ret" [calorimeter.cpp:577]   --->   Operation 91 'extractvalue' 'jet_top_clusters_eta_4' <Predicate = true> <Delay = 0.00> <CoreInst = "FIFO_SRL">   --->   Core 80 'FIFO_SRL' <Latency = 0> <II = 1> <Delay = 1.36> <Storage> <Opcode : 'read' 'write' 'nbread' 'nbwrite'> <Ports = 0> <Width = 6> <Depth = 2> <FIFO>
ST_4 : Operation 92 [1/1] (0.00ns)   --->   "%jet_top_clusters_eta_5 = extractvalue i456 %call_ret" [calorimeter.cpp:577]   --->   Operation 92 'extractvalue' 'jet_top_clusters_eta_5' <Predicate = true> <Delay = 0.00> <CoreInst = "FIFO_SRL">   --->   Core 80 'FIFO_SRL' <Latency = 0> <II = 1> <Delay = 1.36> <Storage> <Opcode : 'read' 'write' 'nbread' 'nbwrite'> <Ports = 0> <Width = 6> <Depth = 2> <FIFO>
ST_4 : Operation 93 [1/1] (0.00ns)   --->   "%jet_top_clusters_eta_6 = extractvalue i456 %call_ret" [calorimeter.cpp:577]   --->   Operation 93 'extractvalue' 'jet_top_clusters_eta_6' <Predicate = true> <Delay = 0.00> <CoreInst = "FIFO_SRL">   --->   Core 80 'FIFO_SRL' <Latency = 0> <II = 1> <Delay = 1.36> <Storage> <Opcode : 'read' 'write' 'nbread' 'nbwrite'> <Ports = 0> <Width = 6> <Depth = 2> <FIFO>
ST_4 : Operation 94 [1/1] (0.00ns)   --->   "%jet_top_clusters_eta_7 = extractvalue i456 %call_ret" [calorimeter.cpp:577]   --->   Operation 94 'extractvalue' 'jet_top_clusters_eta_7' <Predicate = true> <Delay = 0.00> <CoreInst = "FIFO_SRL">   --->   Core 80 'FIFO_SRL' <Latency = 0> <II = 1> <Delay = 1.36> <Storage> <Opcode : 'read' 'write' 'nbread' 'nbwrite'> <Ports = 0> <Width = 6> <Depth = 2> <FIFO>
ST_4 : Operation 95 [1/1] (0.00ns)   --->   "%jet_top_clusters_phi = extractvalue i456 %call_ret" [calorimeter.cpp:577]   --->   Operation 95 'extractvalue' 'jet_top_clusters_phi' <Predicate = true> <Delay = 0.00> <CoreInst = "FIFO_SRL">   --->   Core 80 'FIFO_SRL' <Latency = 0> <II = 1> <Delay = 1.36> <Storage> <Opcode : 'read' 'write' 'nbread' 'nbwrite'> <Ports = 0> <Width = 6> <Depth = 2> <FIFO>
ST_4 : Operation 96 [1/1] (0.00ns)   --->   "%jet_top_clusters_phi_1 = extractvalue i456 %call_ret" [calorimeter.cpp:577]   --->   Operation 96 'extractvalue' 'jet_top_clusters_phi_1' <Predicate = true> <Delay = 0.00> <CoreInst = "FIFO_SRL">   --->   Core 80 'FIFO_SRL' <Latency = 0> <II = 1> <Delay = 1.36> <Storage> <Opcode : 'read' 'write' 'nbread' 'nbwrite'> <Ports = 0> <Width = 6> <Depth = 2> <FIFO>
ST_4 : Operation 97 [1/1] (0.00ns)   --->   "%jet_top_clusters_phi_2 = extractvalue i456 %call_ret" [calorimeter.cpp:577]   --->   Operation 97 'extractvalue' 'jet_top_clusters_phi_2' <Predicate = true> <Delay = 0.00> <CoreInst = "FIFO_SRL">   --->   Core 80 'FIFO_SRL' <Latency = 0> <II = 1> <Delay = 1.36> <Storage> <Opcode : 'read' 'write' 'nbread' 'nbwrite'> <Ports = 0> <Width = 6> <Depth = 2> <FIFO>
ST_4 : Operation 98 [1/1] (0.00ns)   --->   "%jet_top_clusters_phi_3 = extractvalue i456 %call_ret" [calorimeter.cpp:577]   --->   Operation 98 'extractvalue' 'jet_top_clusters_phi_3' <Predicate = true> <Delay = 0.00> <CoreInst = "FIFO_SRL">   --->   Core 80 'FIFO_SRL' <Latency = 0> <II = 1> <Delay = 1.36> <Storage> <Opcode : 'read' 'write' 'nbread' 'nbwrite'> <Ports = 0> <Width = 6> <Depth = 2> <FIFO>
ST_4 : Operation 99 [1/1] (0.00ns)   --->   "%jet_top_clusters_phi_4 = extractvalue i456 %call_ret" [calorimeter.cpp:577]   --->   Operation 99 'extractvalue' 'jet_top_clusters_phi_4' <Predicate = true> <Delay = 0.00> <CoreInst = "FIFO_SRL">   --->   Core 80 'FIFO_SRL' <Latency = 0> <II = 1> <Delay = 1.36> <Storage> <Opcode : 'read' 'write' 'nbread' 'nbwrite'> <Ports = 0> <Width = 6> <Depth = 2> <FIFO>
ST_4 : Operation 100 [1/1] (0.00ns)   --->   "%jet_top_clusters_phi_5 = extractvalue i456 %call_ret" [calorimeter.cpp:577]   --->   Operation 100 'extractvalue' 'jet_top_clusters_phi_5' <Predicate = true> <Delay = 0.00> <CoreInst = "FIFO_SRL">   --->   Core 80 'FIFO_SRL' <Latency = 0> <II = 1> <Delay = 1.36> <Storage> <Opcode : 'read' 'write' 'nbread' 'nbwrite'> <Ports = 0> <Width = 6> <Depth = 2> <FIFO>
ST_4 : Operation 101 [1/1] (0.00ns)   --->   "%jet_top_clusters_phi_6 = extractvalue i456 %call_ret" [calorimeter.cpp:577]   --->   Operation 101 'extractvalue' 'jet_top_clusters_phi_6' <Predicate = true> <Delay = 0.00> <CoreInst = "FIFO_SRL">   --->   Core 80 'FIFO_SRL' <Latency = 0> <II = 1> <Delay = 1.36> <Storage> <Opcode : 'read' 'write' 'nbread' 'nbwrite'> <Ports = 0> <Width = 6> <Depth = 2> <FIFO>
ST_4 : Operation 102 [1/1] (0.00ns)   --->   "%jet_top_clusters_phi_7 = extractvalue i456 %call_ret" [calorimeter.cpp:577]   --->   Operation 102 'extractvalue' 'jet_top_clusters_phi_7' <Predicate = true> <Delay = 0.00> <CoreInst = "FIFO_SRL">   --->   Core 80 'FIFO_SRL' <Latency = 0> <II = 1> <Delay = 1.36> <Storage> <Opcode : 'read' 'write' 'nbread' 'nbwrite'> <Ports = 0> <Width = 6> <Depth = 2> <FIFO>
ST_4 : Operation 103 [1/1] (0.00ns)   --->   "%jet_top_clusters_window_size = extractvalue i456 %call_ret" [calorimeter.cpp:577]   --->   Operation 103 'extractvalue' 'jet_top_clusters_window_size' <Predicate = true> <Delay = 0.00> <CoreInst = "FIFO_SRL">   --->   Core 80 'FIFO_SRL' <Latency = 0> <II = 1> <Delay = 1.40> <Storage> <Opcode : 'read' 'write' 'nbread' 'nbwrite'> <Ports = 0> <Width = 4> <Depth = 2> <FIFO>
ST_4 : Operation 104 [1/1] (0.00ns)   --->   "%jet_top_clusters_window_size_1 = extractvalue i456 %call_ret" [calorimeter.cpp:577]   --->   Operation 104 'extractvalue' 'jet_top_clusters_window_size_1' <Predicate = true> <Delay = 0.00> <CoreInst = "FIFO_SRL">   --->   Core 80 'FIFO_SRL' <Latency = 0> <II = 1> <Delay = 1.40> <Storage> <Opcode : 'read' 'write' 'nbread' 'nbwrite'> <Ports = 0> <Width = 4> <Depth = 2> <FIFO>
ST_4 : Operation 105 [1/1] (0.00ns)   --->   "%jet_top_clusters_window_size_2 = extractvalue i456 %call_ret" [calorimeter.cpp:577]   --->   Operation 105 'extractvalue' 'jet_top_clusters_window_size_2' <Predicate = true> <Delay = 0.00> <CoreInst = "FIFO_SRL">   --->   Core 80 'FIFO_SRL' <Latency = 0> <II = 1> <Delay = 1.40> <Storage> <Opcode : 'read' 'write' 'nbread' 'nbwrite'> <Ports = 0> <Width = 4> <Depth = 2> <FIFO>
ST_4 : Operation 106 [1/1] (0.00ns)   --->   "%jet_top_clusters_window_size_3 = extractvalue i456 %call_ret" [calorimeter.cpp:577]   --->   Operation 106 'extractvalue' 'jet_top_clusters_window_size_3' <Predicate = true> <Delay = 0.00> <CoreInst = "FIFO_SRL">   --->   Core 80 'FIFO_SRL' <Latency = 0> <II = 1> <Delay = 1.40> <Storage> <Opcode : 'read' 'write' 'nbread' 'nbwrite'> <Ports = 0> <Width = 4> <Depth = 2> <FIFO>
ST_4 : Operation 107 [1/1] (0.00ns)   --->   "%jet_top_clusters_window_size_4 = extractvalue i456 %call_ret" [calorimeter.cpp:577]   --->   Operation 107 'extractvalue' 'jet_top_clusters_window_size_4' <Predicate = true> <Delay = 0.00> <CoreInst = "FIFO_SRL">   --->   Core 80 'FIFO_SRL' <Latency = 0> <II = 1> <Delay = 1.40> <Storage> <Opcode : 'read' 'write' 'nbread' 'nbwrite'> <Ports = 0> <Width = 4> <Depth = 2> <FIFO>
ST_4 : Operation 108 [1/1] (0.00ns)   --->   "%jet_top_clusters_window_size_5 = extractvalue i456 %call_ret" [calorimeter.cpp:577]   --->   Operation 108 'extractvalue' 'jet_top_clusters_window_size_5' <Predicate = true> <Delay = 0.00> <CoreInst = "FIFO_SRL">   --->   Core 80 'FIFO_SRL' <Latency = 0> <II = 1> <Delay = 1.40> <Storage> <Opcode : 'read' 'write' 'nbread' 'nbwrite'> <Ports = 0> <Width = 4> <Depth = 2> <FIFO>
ST_4 : Operation 109 [1/1] (0.00ns)   --->   "%jet_top_clusters_window_size_6 = extractvalue i456 %call_ret" [calorimeter.cpp:577]   --->   Operation 109 'extractvalue' 'jet_top_clusters_window_size_6' <Predicate = true> <Delay = 0.00> <CoreInst = "FIFO_SRL">   --->   Core 80 'FIFO_SRL' <Latency = 0> <II = 1> <Delay = 1.40> <Storage> <Opcode : 'read' 'write' 'nbread' 'nbwrite'> <Ports = 0> <Width = 4> <Depth = 2> <FIFO>
ST_4 : Operation 110 [1/1] (0.00ns)   --->   "%jet_top_clusters_window_size_7 = extractvalue i456 %call_ret" [calorimeter.cpp:577]   --->   Operation 110 'extractvalue' 'jet_top_clusters_window_size_7' <Predicate = true> <Delay = 0.00> <CoreInst = "FIFO_SRL">   --->   Core 80 'FIFO_SRL' <Latency = 0> <II = 1> <Delay = 1.40> <Storage> <Opcode : 'read' 'write' 'nbread' 'nbwrite'> <Ports = 0> <Width = 4> <Depth = 2> <FIFO>
ST_4 : Operation 111 [1/1] (0.00ns)   --->   "%jet_top_clusters_valid = extractvalue i456 %call_ret" [calorimeter.cpp:577]   --->   Operation 111 'extractvalue' 'jet_top_clusters_valid' <Predicate = true> <Delay = 0.00> <CoreInst = "FIFO_SRL">   --->   Core 80 'FIFO_SRL' <Latency = 0> <II = 1> <Delay = 1.42> <Storage> <Opcode : 'read' 'write' 'nbread' 'nbwrite'> <Ports = 0> <Width = 1> <Depth = 2> <FIFO>
ST_4 : Operation 112 [1/1] (0.00ns)   --->   "%jet_top_clusters_valid_1 = extractvalue i456 %call_ret" [calorimeter.cpp:577]   --->   Operation 112 'extractvalue' 'jet_top_clusters_valid_1' <Predicate = true> <Delay = 0.00> <CoreInst = "FIFO_SRL">   --->   Core 80 'FIFO_SRL' <Latency = 0> <II = 1> <Delay = 1.42> <Storage> <Opcode : 'read' 'write' 'nbread' 'nbwrite'> <Ports = 0> <Width = 1> <Depth = 2> <FIFO>
ST_4 : Operation 113 [1/1] (0.00ns)   --->   "%jet_top_clusters_valid_2 = extractvalue i456 %call_ret" [calorimeter.cpp:577]   --->   Operation 113 'extractvalue' 'jet_top_clusters_valid_2' <Predicate = true> <Delay = 0.00> <CoreInst = "FIFO_SRL">   --->   Core 80 'FIFO_SRL' <Latency = 0> <II = 1> <Delay = 1.42> <Storage> <Opcode : 'read' 'write' 'nbread' 'nbwrite'> <Ports = 0> <Width = 1> <Depth = 2> <FIFO>
ST_4 : Operation 114 [1/1] (0.00ns)   --->   "%jet_top_clusters_valid_3 = extractvalue i456 %call_ret" [calorimeter.cpp:577]   --->   Operation 114 'extractvalue' 'jet_top_clusters_valid_3' <Predicate = true> <Delay = 0.00> <CoreInst = "FIFO_SRL">   --->   Core 80 'FIFO_SRL' <Latency = 0> <II = 1> <Delay = 1.42> <Storage> <Opcode : 'read' 'write' 'nbread' 'nbwrite'> <Ports = 0> <Width = 1> <Depth = 2> <FIFO>
ST_4 : Operation 115 [1/1] (0.00ns)   --->   "%jet_top_clusters_valid_4 = extractvalue i456 %call_ret" [calorimeter.cpp:577]   --->   Operation 115 'extractvalue' 'jet_top_clusters_valid_4' <Predicate = true> <Delay = 0.00> <CoreInst = "FIFO_SRL">   --->   Core 80 'FIFO_SRL' <Latency = 0> <II = 1> <Delay = 1.42> <Storage> <Opcode : 'read' 'write' 'nbread' 'nbwrite'> <Ports = 0> <Width = 1> <Depth = 2> <FIFO>
ST_4 : Operation 116 [1/1] (0.00ns)   --->   "%jet_top_clusters_valid_5 = extractvalue i456 %call_ret" [calorimeter.cpp:577]   --->   Operation 116 'extractvalue' 'jet_top_clusters_valid_5' <Predicate = true> <Delay = 0.00> <CoreInst = "FIFO_SRL">   --->   Core 80 'FIFO_SRL' <Latency = 0> <II = 1> <Delay = 1.42> <Storage> <Opcode : 'read' 'write' 'nbread' 'nbwrite'> <Ports = 0> <Width = 1> <Depth = 2> <FIFO>
ST_4 : Operation 117 [1/1] (0.00ns)   --->   "%jet_top_clusters_valid_6 = extractvalue i456 %call_ret" [calorimeter.cpp:577]   --->   Operation 117 'extractvalue' 'jet_top_clusters_valid_6' <Predicate = true> <Delay = 0.00> <CoreInst = "FIFO_SRL">   --->   Core 80 'FIFO_SRL' <Latency = 0> <II = 1> <Delay = 1.42> <Storage> <Opcode : 'read' 'write' 'nbread' 'nbwrite'> <Ports = 0> <Width = 1> <Depth = 2> <FIFO>
ST_4 : Operation 118 [1/1] (0.00ns)   --->   "%jet_top_clusters_valid_7 = extractvalue i456 %call_ret" [calorimeter.cpp:577]   --->   Operation 118 'extractvalue' 'jet_top_clusters_valid_7' <Predicate = true> <Delay = 0.00> <CoreInst = "FIFO_SRL">   --->   Core 80 'FIFO_SRL' <Latency = 0> <II = 1> <Delay = 1.42> <Storage> <Opcode : 'read' 'write' 'nbread' 'nbwrite'> <Ports = 0> <Width = 1> <Depth = 2> <FIFO>
ST_4 : Operation 119 [1/1] (2.47ns)   --->   "%call_ln581 = call void @build_trigger_objects, i20 %em_top_clusters_et, i20 %em_top_clusters_et_1, i20 %em_top_clusters_et_2, i20 %em_top_clusters_et_3, i20 %em_top_clusters_et_4, i20 %em_top_clusters_et_5, i20 %em_top_clusters_et_6, i20 %em_top_clusters_et_7, i20 %em_top_clusters_isolation_et, i20 %em_top_clusters_isolation_et_1, i20 %em_top_clusters_isolation_et_2, i20 %em_top_clusters_isolation_et_3, i20 %em_top_clusters_isolation_et_4, i20 %em_top_clusters_isolation_et_5, i20 %em_top_clusters_isolation_et_6, i20 %em_top_clusters_isolation_et_7, i6 %em_top_clusters_eta, i6 %em_top_clusters_eta_1, i6 %em_top_clusters_eta_2, i6 %em_top_clusters_eta_3, i6 %em_top_clusters_eta_4, i6 %em_top_clusters_eta_5, i6 %em_top_clusters_eta_6, i6 %em_top_clusters_eta_7, i6 %em_top_clusters_phi, i6 %em_top_clusters_phi_1, i6 %em_top_clusters_phi_2, i6 %em_top_clusters_phi_3, i6 %em_top_clusters_phi_4, i6 %em_top_clusters_phi_5, i6 %em_top_clusters_phi_6, i6 %em_top_clusters_phi_7, i4 %em_top_clusters_window_size, i4 %em_top_clusters_window_size_1, i4 %em_top_clusters_window_size_2, i4 %em_top_clusters_window_size_3, i4 %em_top_clusters_window_size_4, i4 %em_top_clusters_window_size_5, i4 %em_top_clusters_window_size_6, i4 %em_top_clusters_window_size_7, i1 %em_top_clusters_valid, i1 %em_top_clusters_valid_1, i1 %em_top_clusters_valid_2, i1 %em_top_clusters_valid_3, i1 %em_top_clusters_valid_4, i1 %em_top_clusters_valid_5, i1 %em_top_clusters_valid_6, i1 %em_top_clusters_valid_7, i89 %em_objects_0, i89 %em_objects_1, i89 %em_objects_2, i89 %em_objects_3, i89 %em_objects_4, i89 %em_objects_5, i89 %em_objects_6, i89 %em_objects_7" [calorimeter.cpp:581]   --->   Operation 119 'call' 'call_ln581' <Predicate = true> <Delay = 2.47> <CoreType = "Generic">   --->   Core 0 '' <Latency = 0> <II = 1> <Delay = 1.00> <Generic> <Opcode : >
ST_4 : Operation 120 [1/1] (2.47ns)   --->   "%call_ln584 = call void @build_trigger_objects.2, i20 %jet_top_clusters_et, i20 %jet_top_clusters_et_1, i20 %jet_top_clusters_et_2, i20 %jet_top_clusters_et_3, i20 %jet_top_clusters_et_4, i20 %jet_top_clusters_et_5, i20 %jet_top_clusters_et_6, i20 %jet_top_clusters_et_7, i20 %jet_top_clusters_isolation_et, i20 %jet_top_clusters_isolation_et_1, i20 %jet_top_clusters_isolation_et_2, i20 %jet_top_clusters_isolation_et_3, i20 %jet_top_clusters_isolation_et_4, i20 %jet_top_clusters_isolation_et_5, i20 %jet_top_clusters_isolation_et_6, i20 %jet_top_clusters_isolation_et_7, i6 %jet_top_clusters_eta, i6 %jet_top_clusters_eta_1, i6 %jet_top_clusters_eta_2, i6 %jet_top_clusters_eta_3, i6 %jet_top_clusters_eta_4, i6 %jet_top_clusters_eta_5, i6 %jet_top_clusters_eta_6, i6 %jet_top_clusters_eta_7, i6 %jet_top_clusters_phi, i6 %jet_top_clusters_phi_1, i6 %jet_top_clusters_phi_2, i6 %jet_top_clusters_phi_3, i6 %jet_top_clusters_phi_4, i6 %jet_top_clusters_phi_5, i6 %jet_top_clusters_phi_6, i6 %jet_top_clusters_phi_7, i4 %jet_top_clusters_window_size, i4 %jet_top_clusters_window_size_1, i4 %jet_top_clusters_window_size_2, i4 %jet_top_clusters_window_size_3, i4 %jet_top_clusters_window_size_4, i4 %jet_top_clusters_window_size_5, i4 %jet_top_clusters_window_size_6, i4 %jet_top_clusters_window_size_7, i1 %jet_top_clusters_valid, i1 %jet_top_clusters_valid_1, i1 %jet_top_clusters_valid_2, i1 %jet_top_clusters_valid_3, i1 %jet_top_clusters_valid_4, i1 %jet_top_clusters_valid_5, i1 %jet_top_clusters_valid_6, i1 %jet_top_clusters_valid_7, i89 %jet_objects_0, i89 %jet_objects_1, i89 %jet_objects_2, i89 %jet_objects_3, i89 %jet_objects_4, i89 %jet_objects_5, i89 %jet_objects_6, i89 %jet_objects_7" [calorimeter.cpp:584]   --->   Operation 120 'call' 'call_ln584' <Predicate = true> <Delay = 2.47> <CoreType = "Generic">   --->   Core 0 '' <Latency = 0> <II = 1> <Delay = 1.00> <Generic> <Opcode : >
ST_4 : Operation 121 [1/1] (0.00ns)   --->   "%ret_ln586 = ret" [calorimeter.cpp:586]   --->   Operation 121 'ret' 'ret_ln586' <Predicate = true> <Delay = 0.00>


============================================================
+ Verbose Summary: Binding
============================================================
STG Binding: 
---------------- STG Properties BEGIN ----------------
- Is combinational: 0
- Is one-state seq: 0
- Is datapath-only: 0
- Is pipelined: 0
- Is top level: 0
Port [ Return ] is wired: 1; IO mode=ap_ctrl_hs:ce=0
Port [ tower_in]:  wired=1; compound=1; hidden=0; nouse=0; global=0; static=0; extern=0; dir=0; type=0; pingpong=0; private_global=0; IO mode=axis:ce=0
Port [ em_seed_threshold]:  wired=1; compound=0; hidden=0; nouse=0; global=0; static=0; extern=0; dir=0; type=0; pingpong=0; private_global=0; IO mode=ap_none:ce=0
Port [ em_cluster_threshold]:  wired=1; compound=0; hidden=0; nouse=0; global=0; static=0; extern=0; dir=0; type=0; pingpong=0; private_global=0; IO mode=ap_none:ce=0
Port [ jet_seed_threshold]:  wired=1; compound=0; hidden=0; nouse=0; global=0; static=0; extern=0; dir=0; type=0; pingpong=0; private_global=0; IO mode=ap_none:ce=0
Port [ jet_cluster_threshold]:  wired=1; compound=0; hidden=0; nouse=0; global=0; static=0; extern=0; dir=0; type=0; pingpong=0; private_global=0; IO mode=ap_none:ce=0
Port [ em_objects_0]:  wired=1; compound=0; hidden=0; nouse=0; global=0; static=0; extern=0; dir=1; type=0; pingpong=0; private_global=0; IO mode=ap_vld:ce=0
Port [ em_objects_1]:  wired=1; compound=0; hidden=0; nouse=0; global=0; static=0; extern=0; dir=1; type=0; pingpong=0; private_global=0; IO mode=ap_vld:ce=0
Port [ em_objects_2]:  wired=1; compound=0; hidden=0; nouse=0; global=0; static=0; extern=0; dir=1; type=0; pingpong=0; private_global=0; IO mode=ap_vld:ce=0
Port [ em_objects_3]:  wired=1; compound=0; hidden=0; nouse=0; global=0; static=0; extern=0; dir=1; type=0; pingpong=0; private_global=0; IO mode=ap_vld:ce=0
Port [ em_objects_4]:  wired=1; compound=0; hidden=0; nouse=0; global=0; static=0; extern=0; dir=1; type=0; pingpong=0; private_global=0; IO mode=ap_vld:ce=0
Port [ em_objects_5]:  wired=1; compound=0; hidden=0; nouse=0; global=0; static=0; extern=0; dir=1; type=0; pingpong=0; private_global=0; IO mode=ap_vld:ce=0
Port [ em_objects_6]:  wired=1; compound=0; hidden=0; nouse=0; global=0; static=0; extern=0; dir=1; type=0; pingpong=0; private_global=0; IO mode=ap_vld:ce=0
Port [ em_objects_7]:  wired=1; compound=0; hidden=0; nouse=0; global=0; static=0; extern=0; dir=1; type=0; pingpong=0; private_global=0; IO mode=ap_vld:ce=0
Port [ jet_objects_0]:  wired=1; compound=0; hidden=0; nouse=0; global=0; static=0; extern=0; dir=1; type=0; pingpong=0; private_global=0; IO mode=ap_vld:ce=0
Port [ jet_objects_1]:  wired=1; compound=0; hidden=0; nouse=0; global=0; static=0; extern=0; dir=1; type=0; pingpong=0; private_global=0; IO mode=ap_vld:ce=0
Port [ jet_objects_2]:  wired=1; compound=0; hidden=0; nouse=0; global=0; static=0; extern=0; dir=1; type=0; pingpong=0; private_global=0; IO mode=ap_vld:ce=0
Port [ jet_objects_3]:  wired=1; compound=0; hidden=0; nouse=0; global=0; static=0; extern=0; dir=1; type=0; pingpong=0; private_global=0; IO mode=ap_vld:ce=0
Port [ jet_objects_4]:  wired=1; compound=0; hidden=0; nouse=0; global=0; static=0; extern=0; dir=1; type=0; pingpong=0; private_global=0; IO mode=ap_vld:ce=0
Port [ jet_objects_5]:  wired=1; compound=0; hidden=0; nouse=0; global=0; static=0; extern=0; dir=1; type=0; pingpong=0; private_global=0; IO mode=ap_vld:ce=0
Port [ jet_objects_6]:  wired=1; compound=0; hidden=0; nouse=0; global=0; static=0; extern=0; dir=1; type=0; pingpong=0; private_global=0; IO mode=ap_vld:ce=0
Port [ jet_objects_7]:  wired=1; compound=0; hidden=0; nouse=0; global=0; static=0; extern=0; dir=1; type=0; pingpong=0; private_global=0; IO mode=ap_vld:ce=0
Port [ ht]:  wired=1; compound=0; hidden=0; nouse=0; global=0; static=0; extern=0; dir=1; type=0; pingpong=0; private_global=0; IO mode=ap_vld:ce=0
Port [ num_em_clusters]:  wired=1; compound=0; hidden=0; nouse=0; global=0; static=0; extern=0; dir=1; type=0; pingpong=0; private_global=0; IO mode=ap_vld:ce=0
Port [ num_jet_clusters]:  wired=1; compound=0; hidden=0; nouse=0; global=0; static=0; extern=0; dir=1; type=0; pingpong=0; private_global=0; IO mode=ap_vld:ce=0
---------------- STG Properties END ------------------

---------------- Datapath Model BEGIN ----------------

<LifeTime>
<method=bitvector/>
jet_cluster_threshold_read      (read                ) [ 00100]
jet_seed_threshold_read         (read                ) [ 00100]
em_cluster_threshold_read       (read                ) [ 00100]
em_seed_threshold_read          (read                ) [ 00100]
em_cluster_stream               (alloca              ) [ 01111]
jet_cluster_stream              (alloca              ) [ 01111]
call_ln564                      (call                ) [ 00000]
specdataflowpipeline_ln550      (specdataflowpipeline) [ 00000]
specinterface_ln0               (specinterface       ) [ 00000]
empty                           (specchannel         ) [ 00000]
specinterface_ln0               (specinterface       ) [ 00000]
empty_117                       (specchannel         ) [ 00000]
specinterface_ln0               (specinterface       ) [ 00000]
call_ret1                       (call                ) [ 00000]
em_top_clusters_et              (extractvalue        ) [ 00000]
em_top_clusters_et_1            (extractvalue        ) [ 00000]
em_top_clusters_et_2            (extractvalue        ) [ 00000]
em_top_clusters_et_3            (extractvalue        ) [ 00000]
em_top_clusters_et_4            (extractvalue        ) [ 00000]
em_top_clusters_et_5            (extractvalue        ) [ 00000]
em_top_clusters_et_6            (extractvalue        ) [ 00000]
em_top_clusters_et_7            (extractvalue        ) [ 00000]
em_top_clusters_isolation_et    (extractvalue        ) [ 00000]
em_top_clusters_isolation_et_1  (extractvalue        ) [ 00000]
em_top_clusters_isolation_et_2  (extractvalue        ) [ 00000]
em_top_clusters_isolation_et_3  (extractvalue        ) [ 00000]
em_top_clusters_isolation_et_4  (extractvalue        ) [ 00000]
em_top_clusters_isolation_et_5  (extractvalue        ) [ 00000]
em_top_clusters_isolation_et_6  (extractvalue        ) [ 00000]
em_top_clusters_isolation_et_7  (extractvalue        ) [ 00000]
em_top_clusters_eta             (extractvalue        ) [ 00000]
em_top_clusters_eta_1           (extractvalue        ) [ 00000]
em_top_clusters_eta_2           (extractvalue        ) [ 00000]
em_top_clusters_eta_3           (extractvalue        ) [ 00000]
em_top_clusters_eta_4           (extractvalue        ) [ 00000]
em_top_clusters_eta_5           (extractvalue        ) [ 00000]
em_top_clusters_eta_6           (extractvalue        ) [ 00000]
em_top_clusters_eta_7           (extractvalue        ) [ 00000]
em_top_clusters_phi             (extractvalue        ) [ 00000]
em_top_clusters_phi_1           (extractvalue        ) [ 00000]
em_top_clusters_phi_2           (extractvalue        ) [ 00000]
em_top_clusters_phi_3           (extractvalue        ) [ 00000]
em_top_clusters_phi_4           (extractvalue        ) [ 00000]
em_top_clusters_phi_5           (extractvalue        ) [ 00000]
em_top_clusters_phi_6           (extractvalue        ) [ 00000]
em_top_clusters_phi_7           (extractvalue        ) [ 00000]
em_top_clusters_window_size     (extractvalue        ) [ 00000]
em_top_clusters_window_size_1   (extractvalue        ) [ 00000]
em_top_clusters_window_size_2   (extractvalue        ) [ 00000]
em_top_clusters_window_size_3   (extractvalue        ) [ 00000]
em_top_clusters_window_size_4   (extractvalue        ) [ 00000]
em_top_clusters_window_size_5   (extractvalue        ) [ 00000]
em_top_clusters_window_size_6   (extractvalue        ) [ 00000]
em_top_clusters_window_size_7   (extractvalue        ) [ 00000]
em_top_clusters_valid           (extractvalue        ) [ 00000]
em_top_clusters_valid_1         (extractvalue        ) [ 00000]
em_top_clusters_valid_2         (extractvalue        ) [ 00000]
em_top_clusters_valid_3         (extractvalue        ) [ 00000]
em_top_clusters_valid_4         (extractvalue        ) [ 00000]
em_top_clusters_valid_5         (extractvalue        ) [ 00000]
em_top_clusters_valid_6         (extractvalue        ) [ 00000]
em_top_clusters_valid_7         (extractvalue        ) [ 00000]
call_ret                        (call                ) [ 00000]
jet_top_clusters_et             (extractvalue        ) [ 00000]
jet_top_clusters_et_1           (extractvalue        ) [ 00000]
jet_top_clusters_et_2           (extractvalue        ) [ 00000]
jet_top_clusters_et_3           (extractvalue        ) [ 00000]
jet_top_clusters_et_4           (extractvalue        ) [ 00000]
jet_top_clusters_et_5           (extractvalue        ) [ 00000]
jet_top_clusters_et_6           (extractvalue        ) [ 00000]
jet_top_clusters_et_7           (extractvalue        ) [ 00000]
jet_top_clusters_isolation_et   (extractvalue        ) [ 00000]
jet_top_clusters_isolation_et_1 (extractvalue        ) [ 00000]
jet_top_clusters_isolation_et_2 (extractvalue        ) [ 00000]
jet_top_clusters_isolation_et_3 (extractvalue        ) [ 00000]
jet_top_clusters_isolation_et_4 (extractvalue        ) [ 00000]
jet_top_clusters_isolation_et_5 (extractvalue        ) [ 00000]
jet_top_clusters_isolation_et_6 (extractvalue        ) [ 00000]
jet_top_clusters_isolation_et_7 (extractvalue        ) [ 00000]
jet_top_clusters_eta            (extractvalue        ) [ 00000]
jet_top_clusters_eta_1          (extractvalue        ) [ 00000]
jet_top_clusters_eta_2          (extractvalue        ) [ 00000]
jet_top_clusters_eta_3          (extractvalue        ) [ 00000]
jet_top_clusters_eta_4          (extractvalue        ) [ 00000]
jet_top_clusters_eta_5          (extractvalue        ) [ 00000]
jet_top_clusters_eta_6          (extractvalue        ) [ 00000]
jet_top_clusters_eta_7          (extractvalue        ) [ 00000]
jet_top_clusters_phi            (extractvalue        ) [ 00000]
jet_top_clusters_phi_1          (extractvalue        ) [ 00000]
jet_top_clusters_phi_2          (extractvalue        ) [ 00000]
jet_top_clusters_phi_3          (extractvalue        ) [ 00000]
jet_top_clusters_phi_4          (extractvalue        ) [ 00000]
jet_top_clusters_phi_5          (extractvalue        ) [ 00000]
jet_top_clusters_phi_6          (extractvalue        ) [ 00000]
jet_top_clusters_phi_7          (extractvalue        ) [ 00000]
jet_top_clusters_window_size    (extractvalue        ) [ 00000]
jet_top_clusters_window_size_1  (extractvalue        ) [ 00000]
jet_top_clusters_window_size_2  (extractvalue        ) [ 00000]
jet_top_clusters_window_size_3  (extractvalue        ) [ 00000]
jet_top_clusters_window_size_4  (extractvalue        ) [ 00000]
jet_top_clusters_window_size_5  (extractvalue        ) [ 00000]
jet_top_clusters_window_size_6  (extractvalue        ) [ 00000]
jet_top_clusters_window_size_7  (extractvalue        ) [ 00000]
jet_top_clusters_valid          (extractvalue        ) [ 00000]
jet_top_clusters_valid_1        (extractvalue        ) [ 00000]
jet_top_clusters_valid_2        (extractvalue        ) [ 00000]
jet_top_clusters_valid_3        (extractvalue        ) [ 00000]
jet_top_clusters_valid_4        (extractvalue        ) [ 00000]
jet_top_clusters_valid_5        (extractvalue        ) [ 00000]
jet_top_clusters_valid_6        (extractvalue        ) [ 00000]
jet_top_clusters_valid_7        (extractvalue        ) [ 00000]
call_ln581                      (call                ) [ 00000]
call_ln584                      (call                ) [ 00000]
ret_ln586                       (ret                 ) [ 00000]
</LifeTime>

<model>

<comp_list>
<comp id="0" class="1000" name="tower_in">
<pin_list>
<pin id="1" dir="1" index="0" bw="1" slack="0"/>
</pin_list>
<bind>
<StgValue><ssdm name="tower_in"/></StgValue>
</bind>
</comp>

<comp id="2" class="1000" name="em_seed_threshold">
<pin_list>
<pin id="3" dir="1" index="0" bw="1" slack="0"/>
</pin_list>
<bind>
<StgValue><ssdm name="em_seed_threshold"/></StgValue>
</bind>
</comp>

<comp id="4" class="1000" name="em_cluster_threshold">
<pin_list>
<pin id="5" dir="1" index="0" bw="1" slack="0"/>
</pin_list>
<bind>
<StgValue><ssdm name="em_cluster_threshold"/></StgValue>
</bind>
</comp>

<comp id="6" class="1000" name="jet_seed_threshold">
<pin_list>
<pin id="7" dir="1" index="0" bw="1" slack="0"/>
</pin_list>
<bind>
<StgValue><ssdm name="jet_seed_threshold"/></StgValue>
</bind>
</comp>

<comp id="8" class="1000" name="jet_cluster_threshold">
<pin_list>
<pin id="9" dir="1" index="0" bw="1" slack="0"/>
</pin_list>
<bind>
<StgValue><ssdm name="jet_cluster_threshold"/></StgValue>
</bind>
</comp>

<comp id="10" class="1000" name="em_objects_0">
<pin_list>
<pin id="11" dir="1" index="0" bw="1" slack="0"/>
</pin_list>
<bind>
<StgValue><ssdm name="em_objects_0"/></StgValue>
</bind>
</comp>

<comp id="12" class="1000" name="em_objects_1">
<pin_list>
<pin id="13" dir="1" index="0" bw="1" slack="0"/>
</pin_list>
<bind>
<StgValue><ssdm name="em_objects_1"/></StgValue>
</bind>
</comp>

<comp id="14" class="1000" name="em_objects_2">
<pin_list>
<pin id="15" dir="1" index="0" bw="1" slack="0"/>
</pin_list>
<bind>
<StgValue><ssdm name="em_objects_2"/></StgValue>
</bind>
</comp>

<comp id="16" class="1000" name="em_objects_3">
<pin_list>
<pin id="17" dir="1" index="0" bw="1" slack="0"/>
</pin_list>
<bind>
<StgValue><ssdm name="em_objects_3"/></StgValue>
</bind>
</comp>

<comp id="18" class="1000" name="em_objects_4">
<pin_list>
<pin id="19" dir="1" index="0" bw="1" slack="0"/>
</pin_list>
<bind>
<StgValue><ssdm name="em_objects_4"/></StgValue>
</bind>
</comp>

<comp id="20" class="1000" name="em_objects_5">
<pin_list>
<pin id="21" dir="1" index="0" bw="1" slack="0"/>
</pin_list>
<bind>
<StgValue><ssdm name="em_objects_5"/></StgValue>
</bind>
</comp>

<comp id="22" class="1000" name="em_objects_6">
<pin_list>
<pin id="23" dir="1" index="0" bw="1" slack="0"/>
</pin_list>
<bind>
<StgValue><ssdm name="em_objects_6"/></StgValue>
</bind>
</comp>

<comp id="24" class="1000" name="em_objects_7">
<pin_list>
<pin id="25" dir="1" index="0" bw="1" slack="0"/>
</pin_list>
<bind>
<StgValue><ssdm name="em_objects_7"/></StgValue>
</bind>
</comp>

<comp id="26" class="1000" name="jet_objects_0">
<pin_list>
<pin id="27" dir="1" index="0" bw="1" slack="0"/>
</pin_list>
<bind>
<StgValue><ssdm name="jet_objects_0"/></StgValue>
</bind>
</comp>

<comp id="28" class="1000" name="jet_objects_1">
<pin_list>
<pin id="29" dir="1" index="0" bw="1" slack="0"/>
</pin_list>
<bind>
<StgValue><ssdm name="jet_objects_1"/></StgValue>
</bind>
</comp>

<comp id="30" class="1000" name="jet_objects_2">
<pin_list>
<pin id="31" dir="1" index="0" bw="1" slack="0"/>
</pin_list>
<bind>
<StgValue><ssdm name="jet_objects_2"/></StgValue>
</bind>
</comp>

<comp id="32" class="1000" name="jet_objects_3">
<pin_list>
<pin id="33" dir="1" index="0" bw="1" slack="0"/>
</pin_list>
<bind>
<StgValue><ssdm name="jet_objects_3"/></StgValue>
</bind>
</comp>

<comp id="34" class="1000" name="jet_objects_4">
<pin_list>
<pin id="35" dir="1" index="0" bw="1" slack="0"/>
</pin_list>
<bind>
<StgValue><ssdm name="jet_objects_4"/></StgValue>
</bind>
</comp>

<comp id="36" class="1000" name="jet_objects_5">
<pin_list>
<pin id="37" dir="1" index="0" bw="1" slack="0"/>
</pin_list>
<bind>
<StgValue><ssdm name="jet_objects_5"/></StgValue>
</bind>
</comp>

<comp id="38" class="1000" name="jet_objects_6">
<pin_list>
<pin id="39" dir="1" index="0" bw="1" slack="0"/>
</pin_list>
<bind>
<StgValue><ssdm name="jet_objects_6"/></StgValue>
</bind>
</comp>

<comp id="40" class="1000" name="jet_objects_7">
<pin_list>
<pin id="41" dir="1" index="0" bw="1" slack="0"/>
</pin_list>
<bind>
<StgValue><ssdm name="jet_objects_7"/></StgValue>
</bind>
</comp>

<comp id="42" class="1000" name="ht">
<pin_list>
<pin id="43" dir="1" index="0" bw="1" slack="0"/>
</pin_list>
<bind>
<StgValue><ssdm name="ht"/></StgValue>
</bind>
</comp>

<comp id="44" class="1000" name="num_em_clusters">
<pin_list>
<pin id="45" dir="1" index="0" bw="1" slack="0"/>
</pin_list>
<bind>
<StgValue><ssdm name="num_em_clusters"/></StgValue>
</bind>
</comp>

<comp id="46" class="1000" name="num_jet_clusters">
<pin_list>
<pin id="47" dir="1" index="0" bw="1" slack="0"/>
</pin_list>
<bind>
<StgValue><ssdm name="num_jet_clusters"/></StgValue>
</bind>
</comp>

<comp id="48" class="1001" name="const_48">
<pin_list>
<pin id="49" dir="1" index="0" bw="1" slack="0"/>
</pin_list>
<bind>
<StgValue><ssdm name="_ssdm_op_Read.ap_auto.i20"/></StgValue>
</bind>
</comp>

<comp id="50" class="1001" name="const_50">
<pin_list>
<pin id="51" dir="1" index="0" bw="1" slack="0"/>
</pin_list>
<bind>
<StgValue><ssdm name="_ssdm_op_Read.ap_auto.i12"/></StgValue>
</bind>
</comp>

<comp id="52" class="1001" name="const_52">
<pin_list>
<pin id="53" dir="1" index="0" bw="1" slack="0"/>
</pin_list>
<bind>
<StgValue><ssdm name=""/></StgValue>
</bind>
</comp>

<comp id="54" class="1001" name="const_54">
<pin_list>
<pin id="55" dir="1" index="0" bw="1" slack="0"/>
</pin_list>
<bind>
<StgValue><ssdm name="produce_em_jet_cluster_stream_from_towers"/></StgValue>
</bind>
</comp>

<comp id="56" class="1001" name="const_56">
<pin_list>
<pin id="57" dir="1" index="0" bw="1" slack="0"/>
</pin_list>
<bind>
<StgValue><ssdm name="select_top_n_from_stream_fixed<1440>"/></StgValue>
</bind>
</comp>

<comp id="58" class="1001" name="const_58">
<pin_list>
<pin id="59" dir="1" index="0" bw="1" slack="0"/>
</pin_list>
<bind>
<StgValue><ssdm name="select_top_n_from_stream_fixed<1440>.1"/></StgValue>
</bind>
</comp>

<comp id="60" class="1001" name="const_60">
<pin_list>
<pin id="61" dir="1" index="0" bw="1" slack="2147483647"/>
</pin_list>
<bind>
<StgValue><ssdm name="_ssdm_op_SpecDataflowPipeline"/></StgValue>
</bind>
</comp>

<comp id="62" class="1001" name="const_62">
<pin_list>
<pin id="63" dir="1" index="0" bw="1" slack="2147483647"/>
</pin_list>
<bind>
<StgValue><ssdm name=""/></StgValue>
</bind>
</comp>

<comp id="64" class="1001" name="const_64">
<pin_list>
<pin id="65" dir="1" index="0" bw="1" slack="2147483647"/>
</pin_list>
<bind>
<StgValue><ssdm name=""/></StgValue>
</bind>
</comp>

<comp id="66" class="1001" name="const_66">
<pin_list>
<pin id="67" dir="1" index="0" bw="1" slack="2147483647"/>
</pin_list>
<bind>
<StgValue><ssdm name="empty_4"/></StgValue>
</bind>
</comp>

<comp id="68" class="1001" name="const_68">
<pin_list>
<pin id="69" dir="1" index="0" bw="1" slack="2147483647"/>
</pin_list>
<bind>
<StgValue><ssdm name="_ssdm_op_SpecInterface"/></StgValue>
</bind>
</comp>

<comp id="70" class="1001" name="const_70">
<pin_list>
<pin id="71" dir="1" index="0" bw="1" slack="2147483647"/>
</pin_list>
<bind>
<StgValue><ssdm name="empty_2"/></StgValue>
</bind>
</comp>

<comp id="72" class="1001" name="const_72">
<pin_list>
<pin id="73" dir="1" index="0" bw="1" slack="2147483647"/>
</pin_list>
<bind>
<StgValue><ssdm name="empty_3"/></StgValue>
</bind>
</comp>

<comp id="74" class="1001" name="const_74">
<pin_list>
<pin id="75" dir="1" index="0" bw="1" slack="2147483647"/>
</pin_list>
<bind>
<StgValue><ssdm name="_ssdm_op_SpecChannel"/></StgValue>
</bind>
</comp>

<comp id="76" class="1001" name="const_76">
<pin_list>
<pin id="77" dir="1" index="0" bw="1" slack="2147483647"/>
</pin_list>
<bind>
<StgValue><ssdm name="em_cluster_stream_str"/></StgValue>
</bind>
</comp>

<comp id="78" class="1001" name="const_78">
<pin_list>
<pin id="79" dir="1" index="0" bw="1" slack="2147483647"/>
</pin_list>
<bind>
<StgValue><ssdm name=""/></StgValue>
</bind>
</comp>

<comp id="80" class="1001" name="const_80">
<pin_list>
<pin id="81" dir="1" index="0" bw="1" slack="2147483647"/>
</pin_list>
<bind>
<StgValue><ssdm name="p_str"/></StgValue>
</bind>
</comp>

<comp id="82" class="1001" name="const_82">
<pin_list>
<pin id="83" dir="1" index="0" bw="1" slack="2147483647"/>
</pin_list>
<bind>
<StgValue><ssdm name=""/></StgValue>
</bind>
</comp>

<comp id="84" class="1001" name="const_84">
<pin_list>
<pin id="85" dir="1" index="0" bw="1" slack="2147483647"/>
</pin_list>
<bind>
<StgValue><ssdm name="empty_8"/></StgValue>
</bind>
</comp>

<comp id="86" class="1001" name="const_86">
<pin_list>
<pin id="87" dir="1" index="0" bw="1" slack="2147483647"/>
</pin_list>
<bind>
<StgValue><ssdm name="jet_cluster_stream_str"/></StgValue>
</bind>
</comp>

<comp id="88" class="1001" name="const_88">
<pin_list>
<pin id="89" dir="1" index="0" bw="1" slack="0"/>
</pin_list>
<bind>
<StgValue><ssdm name="build_trigger_objects"/></StgValue>
</bind>
</comp>

<comp id="90" class="1001" name="const_90">
<pin_list>
<pin id="91" dir="1" index="0" bw="1" slack="0"/>
</pin_list>
<bind>
<StgValue><ssdm name="build_trigger_objects.2"/></StgValue>
</bind>
</comp>

<comp id="92" class="1004" name="em_cluster_stream_fu_92">
<pin_list>
<pin id="93" dir="0" index="0" bw="1" slack="0"/>
<pin id="94" dir="1" index="1" bw="61" slack="0"/>
</pin_list>
<bind>
<opcode="alloca(26) " fcode="alloca"/>
<opset="em_cluster_stream/1 "/>
</bind>
</comp>

<comp id="96" class="1004" name="jet_cluster_stream_fu_96">
<pin_list>
<pin id="97" dir="0" index="0" bw="1" slack="0"/>
<pin id="98" dir="1" index="1" bw="61" slack="0"/>
</pin_list>
<bind>
<opcode="alloca(26) " fcode="alloca"/>
<opset="jet_cluster_stream/1 "/>
</bind>
</comp>

<comp id="100" class="1004" name="jet_cluster_threshold_read_read_fu_100">
<pin_list>
<pin id="101" dir="0" index="0" bw="20" slack="0"/>
<pin id="102" dir="0" index="1" bw="20" slack="0"/>
<pin id="103" dir="1" index="2" bw="20" slack="0"/>
</pin_list>
<bind>
<opcode="read(1150) " fcode="read"/>
<opset="jet_cluster_threshold_read/1 "/>
</bind>
</comp>

<comp id="106" class="1004" name="jet_seed_threshold_read_read_fu_106">
<pin_list>
<pin id="107" dir="0" index="0" bw="12" slack="0"/>
<pin id="108" dir="0" index="1" bw="12" slack="0"/>
<pin id="109" dir="1" index="2" bw="12" slack="0"/>
</pin_list>
<bind>
<opcode="read(1150) " fcode="read"/>
<opset="jet_seed_threshold_read/1 "/>
</bind>
</comp>

<comp id="112" class="1004" name="em_cluster_threshold_read_read_fu_112">
<pin_list>
<pin id="113" dir="0" index="0" bw="20" slack="0"/>
<pin id="114" dir="0" index="1" bw="20" slack="0"/>
<pin id="115" dir="1" index="2" bw="20" slack="0"/>
</pin_list>
<bind>
<opcode="read(1150) " fcode="read"/>
<opset="em_cluster_threshold_read/1 "/>
</bind>
</comp>

<comp id="118" class="1004" name="em_seed_threshold_read_read_fu_118">
<pin_list>
<pin id="119" dir="0" index="0" bw="12" slack="0"/>
<pin id="120" dir="0" index="1" bw="12" slack="0"/>
<pin id="121" dir="1" index="2" bw="12" slack="0"/>
</pin_list>
<bind>
<opcode="read(1150) " fcode="read"/>
<opset="em_seed_threshold_read/1 "/>
</bind>
</comp>

<comp id="124" class="1004" name="grp_produce_em_jet_cluster_stream_from_towers_fu_124">
<pin_list>
<pin id="125" dir="0" index="0" bw="0" slack="0"/>
<pin id="126" dir="0" index="1" bw="16" slack="0"/>
<pin id="127" dir="0" index="2" bw="12" slack="0"/>
<pin id="128" dir="0" index="3" bw="20" slack="0"/>
<pin id="129" dir="0" index="4" bw="12" slack="0"/>
<pin id="130" dir="0" index="5" bw="20" slack="0"/>
<pin id="131" dir="0" index="6" bw="61" slack="0"/>
<pin id="132" dir="0" index="7" bw="61" slack="0"/>
<pin id="133" dir="0" index="8" bw="24" slack="0"/>
<pin id="134" dir="1" index="9" bw="0" slack="2147483647"/>
</pin_list>
<bind>
<opcode="call(48) " fcode="call"/>
<opset="call_ln564/1 "/>
</bind>
</comp>

<comp id="142" class="1004" name="grp_select_top_n_from_stream_fixed_1440_s_fu_142">
<pin_list>
<pin id="143" dir="0" index="0" bw="456" slack="0"/>
<pin id="144" dir="0" index="1" bw="61" slack="2"/>
<pin id="145" dir="0" index="2" bw="32" slack="0"/>
<pin id="146" dir="1" index="3" bw="456" slack="0"/>
</pin_list>
<bind>
<opcode="call(48) " fcode="call"/>
<opset="call_ret1/3 "/>
</bind>
</comp>

<comp id="149" class="1004" name="grp_select_top_n_from_stream_fixed_1440_1_fu_149">
<pin_list>
<pin id="150" dir="0" index="0" bw="456" slack="0"/>
<pin id="151" dir="0" index="1" bw="61" slack="2"/>
<pin id="152" dir="0" index="2" bw="32" slack="0"/>
<pin id="153" dir="1" index="3" bw="456" slack="0"/>
</pin_list>
<bind>
<opcode="call(48) " fcode="call"/>
<opset="call_ret/3 "/>
</bind>
</comp>

<comp id="156" class="1004" name="call_ln581_build_trigger_objects_fu_156">
<pin_list>
<pin id="157" dir="0" index="0" bw="0" slack="0"/>
<pin id="158" dir="0" index="1" bw="20" slack="0"/>
<pin id="159" dir="0" index="2" bw="20" slack="0"/>
<pin id="160" dir="0" index="3" bw="20" slack="0"/>
<pin id="161" dir="0" index="4" bw="20" slack="0"/>
<pin id="162" dir="0" index="5" bw="20" slack="0"/>
<pin id="163" dir="0" index="6" bw="20" slack="0"/>
<pin id="164" dir="0" index="7" bw="20" slack="0"/>
<pin id="165" dir="0" index="8" bw="20" slack="0"/>
<pin id="166" dir="0" index="9" bw="20" slack="0"/>
<pin id="167" dir="0" index="10" bw="20" slack="0"/>
<pin id="168" dir="0" index="11" bw="20" slack="0"/>
<pin id="169" dir="0" index="12" bw="20" slack="0"/>
<pin id="170" dir="0" index="13" bw="20" slack="0"/>
<pin id="171" dir="0" index="14" bw="20" slack="0"/>
<pin id="172" dir="0" index="15" bw="20" slack="0"/>
<pin id="173" dir="0" index="16" bw="20" slack="0"/>
<pin id="174" dir="0" index="17" bw="6" slack="0"/>
<pin id="175" dir="0" index="18" bw="6" slack="0"/>
<pin id="176" dir="0" index="19" bw="6" slack="0"/>
<pin id="177" dir="0" index="20" bw="6" slack="0"/>
<pin id="178" dir="0" index="21" bw="6" slack="0"/>
<pin id="179" dir="0" index="22" bw="6" slack="0"/>
<pin id="180" dir="0" index="23" bw="6" slack="0"/>
<pin id="181" dir="0" index="24" bw="6" slack="0"/>
<pin id="182" dir="0" index="25" bw="6" slack="0"/>
<pin id="183" dir="0" index="26" bw="6" slack="0"/>
<pin id="184" dir="0" index="27" bw="6" slack="0"/>
<pin id="185" dir="0" index="28" bw="6" slack="0"/>
<pin id="186" dir="0" index="29" bw="6" slack="0"/>
<pin id="187" dir="0" index="30" bw="6" slack="0"/>
<pin id="188" dir="0" index="31" bw="6" slack="0"/>
<pin id="189" dir="0" index="32" bw="6" slack="0"/>
<pin id="190" dir="0" index="33" bw="4" slack="0"/>
<pin id="191" dir="0" index="34" bw="4" slack="0"/>
<pin id="192" dir="0" index="35" bw="4" slack="0"/>
<pin id="193" dir="0" index="36" bw="4" slack="0"/>
<pin id="194" dir="0" index="37" bw="4" slack="0"/>
<pin id="195" dir="0" index="38" bw="4" slack="0"/>
<pin id="196" dir="0" index="39" bw="4" slack="0"/>
<pin id="197" dir="0" index="40" bw="4" slack="0"/>
<pin id="198" dir="0" index="41" bw="1" slack="0"/>
<pin id="199" dir="0" index="42" bw="1" slack="0"/>
<pin id="200" dir="0" index="43" bw="1" slack="0"/>
<pin id="201" dir="0" index="44" bw="1" slack="0"/>
<pin id="202" dir="0" index="45" bw="1" slack="0"/>
<pin id="203" dir="0" index="46" bw="1" slack="0"/>
<pin id="204" dir="0" index="47" bw="1" slack="0"/>
<pin id="205" dir="0" index="48" bw="1" slack="0"/>
<pin id="206" dir="0" index="49" bw="89" slack="0"/>
<pin id="207" dir="0" index="50" bw="89" slack="0"/>
<pin id="208" dir="0" index="51" bw="89" slack="0"/>
<pin id="209" dir="0" index="52" bw="89" slack="0"/>
<pin id="210" dir="0" index="53" bw="89" slack="0"/>
<pin id="211" dir="0" index="54" bw="89" slack="0"/>
<pin id="212" dir="0" index="55" bw="89" slack="0"/>
<pin id="213" dir="0" index="56" bw="89" slack="0"/>
<pin id="214" dir="1" index="57" bw="0" slack="2147483647"/>
</pin_list>
<bind>
<opcode="call(48) " fcode="call"/>
<opset="call_ln581/4 "/>
</bind>
</comp>

<comp id="224" class="1004" name="call_ln584_build_trigger_objects_2_fu_224">
<pin_list>
<pin id="225" dir="0" index="0" bw="0" slack="0"/>
<pin id="226" dir="0" index="1" bw="20" slack="0"/>
<pin id="227" dir="0" index="2" bw="20" slack="0"/>
<pin id="228" dir="0" index="3" bw="20" slack="0"/>
<pin id="229" dir="0" index="4" bw="20" slack="0"/>
<pin id="230" dir="0" index="5" bw="20" slack="0"/>
<pin id="231" dir="0" index="6" bw="20" slack="0"/>
<pin id="232" dir="0" index="7" bw="20" slack="0"/>
<pin id="233" dir="0" index="8" bw="20" slack="0"/>
<pin id="234" dir="0" index="9" bw="20" slack="0"/>
<pin id="235" dir="0" index="10" bw="20" slack="0"/>
<pin id="236" dir="0" index="11" bw="20" slack="0"/>
<pin id="237" dir="0" index="12" bw="20" slack="0"/>
<pin id="238" dir="0" index="13" bw="20" slack="0"/>
<pin id="239" dir="0" index="14" bw="20" slack="0"/>
<pin id="240" dir="0" index="15" bw="20" slack="0"/>
<pin id="241" dir="0" index="16" bw="20" slack="0"/>
<pin id="242" dir="0" index="17" bw="6" slack="0"/>
<pin id="243" dir="0" index="18" bw="6" slack="0"/>
<pin id="244" dir="0" index="19" bw="6" slack="0"/>
<pin id="245" dir="0" index="20" bw="6" slack="0"/>
<pin id="246" dir="0" index="21" bw="6" slack="0"/>
<pin id="247" dir="0" index="22" bw="6" slack="0"/>
<pin id="248" dir="0" index="23" bw="6" slack="0"/>
<pin id="249" dir="0" index="24" bw="6" slack="0"/>
<pin id="250" dir="0" index="25" bw="6" slack="0"/>
<pin id="251" dir="0" index="26" bw="6" slack="0"/>
<pin id="252" dir="0" index="27" bw="6" slack="0"/>
<pin id="253" dir="0" index="28" bw="6" slack="0"/>
<pin id="254" dir="0" index="29" bw="6" slack="0"/>
<pin id="255" dir="0" index="30" bw="6" slack="0"/>
<pin id="256" dir="0" index="31" bw="6" slack="0"/>
<pin id="257" dir="0" index="32" bw="6" slack="0"/>
<pin id="258" dir="0" index="33" bw="4" slack="0"/>
<pin id="259" dir="0" index="34" bw="4" slack="0"/>
<pin id="260" dir="0" index="35" bw="4" slack="0"/>
<pin id="261" dir="0" index="36" bw="4" slack="0"/>
<pin id="262" dir="0" index="37" bw="4" slack="0"/>
<pin id="263" dir="0" index="38" bw="4" slack="0"/>
<pin id="264" dir="0" index="39" bw="4" slack="0"/>
<pin id="265" dir="0" index="40" bw="4" slack="0"/>
<pin id="266" dir="0" index="41" bw="1" slack="0"/>
<pin id="267" dir="0" index="42" bw="1" slack="0"/>
<pin id="268" dir="0" index="43" bw="1" slack="0"/>
<pin id="269" dir="0" index="44" bw="1" slack="0"/>
<pin id="270" dir="0" index="45" bw="1" slack="0"/>
<pin id="271" dir="0" index="46" bw="1" slack="0"/>
<pin id="272" dir="0" index="47" bw="1" slack="0"/>
<pin id="273" dir="0" index="48" bw="1" slack="0"/>
<pin id="274" dir="0" index="49" bw="89" slack="0"/>
<pin id="275" dir="0" index="50" bw="89" slack="0"/>
<pin id="276" dir="0" index="51" bw="89" slack="0"/>
<pin id="277" dir="0" index="52" bw="89" slack="0"/>
<pin id="278" dir="0" index="53" bw="89" slack="0"/>
<pin id="279" dir="0" index="54" bw="89" slack="0"/>
<pin id="280" dir="0" index="55" bw="89" slack="0"/>
<pin id="281" dir="0" index="56" bw="89" slack="0"/>
<pin id="282" dir="1" index="57" bw="0" slack="2147483647"/>
</pin_list>
<bind>
<opcode="call(48) " fcode="call"/>
<opset="call_ln584/4 "/>
</bind>
</comp>

<comp id="292" class="1004" name="em_top_clusters_et_fu_292">
<pin_list>
<pin id="293" dir="0" index="0" bw="456" slack="0"/>
<pin id="294" dir="1" index="1" bw="20" slack="0"/>
</pin_list>
<bind>
<opcode="extractvalue(56) " fcode="extractvalue"/>
<opset="em_top_clusters_et/4 "/>
</bind>
</comp>

<comp id="297" class="1004" name="em_top_clusters_et_1_fu_297">
<pin_list>
<pin id="298" dir="0" index="0" bw="456" slack="0"/>
<pin id="299" dir="1" index="1" bw="20" slack="0"/>
</pin_list>
<bind>
<opcode="extractvalue(56) " fcode="extractvalue"/>
<opset="em_top_clusters_et_1/4 "/>
</bind>
</comp>

<comp id="302" class="1004" name="em_top_clusters_et_2_fu_302">
<pin_list>
<pin id="303" dir="0" index="0" bw="456" slack="0"/>
<pin id="304" dir="1" index="1" bw="20" slack="0"/>
</pin_list>
<bind>
<opcode="extractvalue(56) " fcode="extractvalue"/>
<opset="em_top_clusters_et_2/4 "/>
</bind>
</comp>

<comp id="307" class="1004" name="em_top_clusters_et_3_fu_307">
<pin_list>
<pin id="308" dir="0" index="0" bw="456" slack="0"/>
<pin id="309" dir="1" index="1" bw="20" slack="0"/>
</pin_list>
<bind>
<opcode="extractvalue(56) " fcode="extractvalue"/>
<opset="em_top_clusters_et_3/4 "/>
</bind>
</comp>

<comp id="312" class="1004" name="em_top_clusters_et_4_fu_312">
<pin_list>
<pin id="313" dir="0" index="0" bw="456" slack="0"/>
<pin id="314" dir="1" index="1" bw="20" slack="0"/>
</pin_list>
<bind>
<opcode="extractvalue(56) " fcode="extractvalue"/>
<opset="em_top_clusters_et_4/4 "/>
</bind>
</comp>

<comp id="317" class="1004" name="em_top_clusters_et_5_fu_317">
<pin_list>
<pin id="318" dir="0" index="0" bw="456" slack="0"/>
<pin id="319" dir="1" index="1" bw="20" slack="0"/>
</pin_list>
<bind>
<opcode="extractvalue(56) " fcode="extractvalue"/>
<opset="em_top_clusters_et_5/4 "/>
</bind>
</comp>

<comp id="322" class="1004" name="em_top_clusters_et_6_fu_322">
<pin_list>
<pin id="323" dir="0" index="0" bw="456" slack="0"/>
<pin id="324" dir="1" index="1" bw="20" slack="0"/>
</pin_list>
<bind>
<opcode="extractvalue(56) " fcode="extractvalue"/>
<opset="em_top_clusters_et_6/4 "/>
</bind>
</comp>

<comp id="327" class="1004" name="em_top_clusters_et_7_fu_327">
<pin_list>
<pin id="328" dir="0" index="0" bw="456" slack="0"/>
<pin id="329" dir="1" index="1" bw="20" slack="0"/>
</pin_list>
<bind>
<opcode="extractvalue(56) " fcode="extractvalue"/>
<opset="em_top_clusters_et_7/4 "/>
</bind>
</comp>

<comp id="332" class="1004" name="em_top_clusters_isolation_et_fu_332">
<pin_list>
<pin id="333" dir="0" index="0" bw="456" slack="0"/>
<pin id="334" dir="1" index="1" bw="20" slack="0"/>
</pin_list>
<bind>
<opcode="extractvalue(56) " fcode="extractvalue"/>
<opset="em_top_clusters_isolation_et/4 "/>
</bind>
</comp>

<comp id="337" class="1004" name="em_top_clusters_isolation_et_1_fu_337">
<pin_list>
<pin id="338" dir="0" index="0" bw="456" slack="0"/>
<pin id="339" dir="1" index="1" bw="20" slack="0"/>
</pin_list>
<bind>
<opcode="extractvalue(56) " fcode="extractvalue"/>
<opset="em_top_clusters_isolation_et_1/4 "/>
</bind>
</comp>

<comp id="342" class="1004" name="em_top_clusters_isolation_et_2_fu_342">
<pin_list>
<pin id="343" dir="0" index="0" bw="456" slack="0"/>
<pin id="344" dir="1" index="1" bw="20" slack="0"/>
</pin_list>
<bind>
<opcode="extractvalue(56) " fcode="extractvalue"/>
<opset="em_top_clusters_isolation_et_2/4 "/>
</bind>
</comp>

<comp id="347" class="1004" name="em_top_clusters_isolation_et_3_fu_347">
<pin_list>
<pin id="348" dir="0" index="0" bw="456" slack="0"/>
<pin id="349" dir="1" index="1" bw="20" slack="0"/>
</pin_list>
<bind>
<opcode="extractvalue(56) " fcode="extractvalue"/>
<opset="em_top_clusters_isolation_et_3/4 "/>
</bind>
</comp>

<comp id="352" class="1004" name="em_top_clusters_isolation_et_4_fu_352">
<pin_list>
<pin id="353" dir="0" index="0" bw="456" slack="0"/>
<pin id="354" dir="1" index="1" bw="20" slack="0"/>
</pin_list>
<bind>
<opcode="extractvalue(56) " fcode="extractvalue"/>
<opset="em_top_clusters_isolation_et_4/4 "/>
</bind>
</comp>

<comp id="357" class="1004" name="em_top_clusters_isolation_et_5_fu_357">
<pin_list>
<pin id="358" dir="0" index="0" bw="456" slack="0"/>
<pin id="359" dir="1" index="1" bw="20" slack="0"/>
</pin_list>
<bind>
<opcode="extractvalue(56) " fcode="extractvalue"/>
<opset="em_top_clusters_isolation_et_5/4 "/>
</bind>
</comp>

<comp id="362" class="1004" name="em_top_clusters_isolation_et_6_fu_362">
<pin_list>
<pin id="363" dir="0" index="0" bw="456" slack="0"/>
<pin id="364" dir="1" index="1" bw="20" slack="0"/>
</pin_list>
<bind>
<opcode="extractvalue(56) " fcode="extractvalue"/>
<opset="em_top_clusters_isolation_et_6/4 "/>
</bind>
</comp>

<comp id="367" class="1004" name="em_top_clusters_isolation_et_7_fu_367">
<pin_list>
<pin id="368" dir="0" index="0" bw="456" slack="0"/>
<pin id="369" dir="1" index="1" bw="20" slack="0"/>
</pin_list>
<bind>
<opcode="extractvalue(56) " fcode="extractvalue"/>
<opset="em_top_clusters_isolation_et_7/4 "/>
</bind>
</comp>

<comp id="372" class="1004" name="em_top_clusters_eta_fu_372">
<pin_list>
<pin id="373" dir="0" index="0" bw="456" slack="0"/>
<pin id="374" dir="1" index="1" bw="6" slack="0"/>
</pin_list>
<bind>
<opcode="extractvalue(56) " fcode="extractvalue"/>
<opset="em_top_clusters_eta/4 "/>
</bind>
</comp>

<comp id="377" class="1004" name="em_top_clusters_eta_1_fu_377">
<pin_list>
<pin id="378" dir="0" index="0" bw="456" slack="0"/>
<pin id="379" dir="1" index="1" bw="6" slack="0"/>
</pin_list>
<bind>
<opcode="extractvalue(56) " fcode="extractvalue"/>
<opset="em_top_clusters_eta_1/4 "/>
</bind>
</comp>

<comp id="382" class="1004" name="em_top_clusters_eta_2_fu_382">
<pin_list>
<pin id="383" dir="0" index="0" bw="456" slack="0"/>
<pin id="384" dir="1" index="1" bw="6" slack="0"/>
</pin_list>
<bind>
<opcode="extractvalue(56) " fcode="extractvalue"/>
<opset="em_top_clusters_eta_2/4 "/>
</bind>
</comp>

<comp id="387" class="1004" name="em_top_clusters_eta_3_fu_387">
<pin_list>
<pin id="388" dir="0" index="0" bw="456" slack="0"/>
<pin id="389" dir="1" index="1" bw="6" slack="0"/>
</pin_list>
<bind>
<opcode="extractvalue(56) " fcode="extractvalue"/>
<opset="em_top_clusters_eta_3/4 "/>
</bind>
</comp>

<comp id="392" class="1004" name="em_top_clusters_eta_4_fu_392">
<pin_list>
<pin id="393" dir="0" index="0" bw="456" slack="0"/>
<pin id="394" dir="1" index="1" bw="6" slack="0"/>
</pin_list>
<bind>
<opcode="extractvalue(56) " fcode="extractvalue"/>
<opset="em_top_clusters_eta_4/4 "/>
</bind>
</comp>

<comp id="397" class="1004" name="em_top_clusters_eta_5_fu_397">
<pin_list>
<pin id="398" dir="0" index="0" bw="456" slack="0"/>
<pin id="399" dir="1" index="1" bw="6" slack="0"/>
</pin_list>
<bind>
<opcode="extractvalue(56) " fcode="extractvalue"/>
<opset="em_top_clusters_eta_5/4 "/>
</bind>
</comp>

<comp id="402" class="1004" name="em_top_clusters_eta_6_fu_402">
<pin_list>
<pin id="403" dir="0" index="0" bw="456" slack="0"/>
<pin id="404" dir="1" index="1" bw="6" slack="0"/>
</pin_list>
<bind>
<opcode="extractvalue(56) " fcode="extractvalue"/>
<opset="em_top_clusters_eta_6/4 "/>
</bind>
</comp>

<comp id="407" class="1004" name="em_top_clusters_eta_7_fu_407">
<pin_list>
<pin id="408" dir="0" index="0" bw="456" slack="0"/>
<pin id="409" dir="1" index="1" bw="6" slack="0"/>
</pin_list>
<bind>
<opcode="extractvalue(56) " fcode="extractvalue"/>
<opset="em_top_clusters_eta_7/4 "/>
</bind>
</comp>

<comp id="412" class="1004" name="em_top_clusters_phi_fu_412">
<pin_list>
<pin id="413" dir="0" index="0" bw="456" slack="0"/>
<pin id="414" dir="1" index="1" bw="6" slack="0"/>
</pin_list>
<bind>
<opcode="extractvalue(56) " fcode="extractvalue"/>
<opset="em_top_clusters_phi/4 "/>
</bind>
</comp>

<comp id="417" class="1004" name="em_top_clusters_phi_1_fu_417">
<pin_list>
<pin id="418" dir="0" index="0" bw="456" slack="0"/>
<pin id="419" dir="1" index="1" bw="6" slack="0"/>
</pin_list>
<bind>
<opcode="extractvalue(56) " fcode="extractvalue"/>
<opset="em_top_clusters_phi_1/4 "/>
</bind>
</comp>

<comp id="422" class="1004" name="em_top_clusters_phi_2_fu_422">
<pin_list>
<pin id="423" dir="0" index="0" bw="456" slack="0"/>
<pin id="424" dir="1" index="1" bw="6" slack="0"/>
</pin_list>
<bind>
<opcode="extractvalue(56) " fcode="extractvalue"/>
<opset="em_top_clusters_phi_2/4 "/>
</bind>
</comp>

<comp id="427" class="1004" name="em_top_clusters_phi_3_fu_427">
<pin_list>
<pin id="428" dir="0" index="0" bw="456" slack="0"/>
<pin id="429" dir="1" index="1" bw="6" slack="0"/>
</pin_list>
<bind>
<opcode="extractvalue(56) " fcode="extractvalue"/>
<opset="em_top_clusters_phi_3/4 "/>
</bind>
</comp>

<comp id="432" class="1004" name="em_top_clusters_phi_4_fu_432">
<pin_list>
<pin id="433" dir="0" index="0" bw="456" slack="0"/>
<pin id="434" dir="1" index="1" bw="6" slack="0"/>
</pin_list>
<bind>
<opcode="extractvalue(56) " fcode="extractvalue"/>
<opset="em_top_clusters_phi_4/4 "/>
</bind>
</comp>

<comp id="437" class="1004" name="em_top_clusters_phi_5_fu_437">
<pin_list>
<pin id="438" dir="0" index="0" bw="456" slack="0"/>
<pin id="439" dir="1" index="1" bw="6" slack="0"/>
</pin_list>
<bind>
<opcode="extractvalue(56) " fcode="extractvalue"/>
<opset="em_top_clusters_phi_5/4 "/>
</bind>
</comp>

<comp id="442" class="1004" name="em_top_clusters_phi_6_fu_442">
<pin_list>
<pin id="443" dir="0" index="0" bw="456" slack="0"/>
<pin id="444" dir="1" index="1" bw="6" slack="0"/>
</pin_list>
<bind>
<opcode="extractvalue(56) " fcode="extractvalue"/>
<opset="em_top_clusters_phi_6/4 "/>
</bind>
</comp>

<comp id="447" class="1004" name="em_top_clusters_phi_7_fu_447">
<pin_list>
<pin id="448" dir="0" index="0" bw="456" slack="0"/>
<pin id="449" dir="1" index="1" bw="6" slack="0"/>
</pin_list>
<bind>
<opcode="extractvalue(56) " fcode="extractvalue"/>
<opset="em_top_clusters_phi_7/4 "/>
</bind>
</comp>

<comp id="452" class="1004" name="em_top_clusters_window_size_fu_452">
<pin_list>
<pin id="453" dir="0" index="0" bw="456" slack="0"/>
<pin id="454" dir="1" index="1" bw="4" slack="0"/>
</pin_list>
<bind>
<opcode="extractvalue(56) " fcode="extractvalue"/>
<opset="em_top_clusters_window_size/4 "/>
</bind>
</comp>

<comp id="457" class="1004" name="em_top_clusters_window_size_1_fu_457">
<pin_list>
<pin id="458" dir="0" index="0" bw="456" slack="0"/>
<pin id="459" dir="1" index="1" bw="4" slack="0"/>
</pin_list>
<bind>
<opcode="extractvalue(56) " fcode="extractvalue"/>
<opset="em_top_clusters_window_size_1/4 "/>
</bind>
</comp>

<comp id="462" class="1004" name="em_top_clusters_window_size_2_fu_462">
<pin_list>
<pin id="463" dir="0" index="0" bw="456" slack="0"/>
<pin id="464" dir="1" index="1" bw="4" slack="0"/>
</pin_list>
<bind>
<opcode="extractvalue(56) " fcode="extractvalue"/>
<opset="em_top_clusters_window_size_2/4 "/>
</bind>
</comp>

<comp id="467" class="1004" name="em_top_clusters_window_size_3_fu_467">
<pin_list>
<pin id="468" dir="0" index="0" bw="456" slack="0"/>
<pin id="469" dir="1" index="1" bw="4" slack="0"/>
</pin_list>
<bind>
<opcode="extractvalue(56) " fcode="extractvalue"/>
<opset="em_top_clusters_window_size_3/4 "/>
</bind>
</comp>

<comp id="472" class="1004" name="em_top_clusters_window_size_4_fu_472">
<pin_list>
<pin id="473" dir="0" index="0" bw="456" slack="0"/>
<pin id="474" dir="1" index="1" bw="4" slack="0"/>
</pin_list>
<bind>
<opcode="extractvalue(56) " fcode="extractvalue"/>
<opset="em_top_clusters_window_size_4/4 "/>
</bind>
</comp>

<comp id="477" class="1004" name="em_top_clusters_window_size_5_fu_477">
<pin_list>
<pin id="478" dir="0" index="0" bw="456" slack="0"/>
<pin id="479" dir="1" index="1" bw="4" slack="0"/>
</pin_list>
<bind>
<opcode="extractvalue(56) " fcode="extractvalue"/>
<opset="em_top_clusters_window_size_5/4 "/>
</bind>
</comp>

<comp id="482" class="1004" name="em_top_clusters_window_size_6_fu_482">
<pin_list>
<pin id="483" dir="0" index="0" bw="456" slack="0"/>
<pin id="484" dir="1" index="1" bw="4" slack="0"/>
</pin_list>
<bind>
<opcode="extractvalue(56) " fcode="extractvalue"/>
<opset="em_top_clusters_window_size_6/4 "/>
</bind>
</comp>

<comp id="487" class="1004" name="em_top_clusters_window_size_7_fu_487">
<pin_list>
<pin id="488" dir="0" index="0" bw="456" slack="0"/>
<pin id="489" dir="1" index="1" bw="4" slack="0"/>
</pin_list>
<bind>
<opcode="extractvalue(56) " fcode="extractvalue"/>
<opset="em_top_clusters_window_size_7/4 "/>
</bind>
</comp>

<comp id="492" class="1004" name="em_top_clusters_valid_fu_492">
<pin_list>
<pin id="493" dir="0" index="0" bw="456" slack="0"/>
<pin id="494" dir="1" index="1" bw="1" slack="0"/>
</pin_list>
<bind>
<opcode="extractvalue(56) " fcode="extractvalue"/>
<opset="em_top_clusters_valid/4 "/>
</bind>
</comp>

<comp id="497" class="1004" name="em_top_clusters_valid_1_fu_497">
<pin_list>
<pin id="498" dir="0" index="0" bw="456" slack="0"/>
<pin id="499" dir="1" index="1" bw="1" slack="0"/>
</pin_list>
<bind>
<opcode="extractvalue(56) " fcode="extractvalue"/>
<opset="em_top_clusters_valid_1/4 "/>
</bind>
</comp>

<comp id="502" class="1004" name="em_top_clusters_valid_2_fu_502">
<pin_list>
<pin id="503" dir="0" index="0" bw="456" slack="0"/>
<pin id="504" dir="1" index="1" bw="1" slack="0"/>
</pin_list>
<bind>
<opcode="extractvalue(56) " fcode="extractvalue"/>
<opset="em_top_clusters_valid_2/4 "/>
</bind>
</comp>

<comp id="507" class="1004" name="em_top_clusters_valid_3_fu_507">
<pin_list>
<pin id="508" dir="0" index="0" bw="456" slack="0"/>
<pin id="509" dir="1" index="1" bw="1" slack="0"/>
</pin_list>
<bind>
<opcode="extractvalue(56) " fcode="extractvalue"/>
<opset="em_top_clusters_valid_3/4 "/>
</bind>
</comp>

<comp id="512" class="1004" name="em_top_clusters_valid_4_fu_512">
<pin_list>
<pin id="513" dir="0" index="0" bw="456" slack="0"/>
<pin id="514" dir="1" index="1" bw="1" slack="0"/>
</pin_list>
<bind>
<opcode="extractvalue(56) " fcode="extractvalue"/>
<opset="em_top_clusters_valid_4/4 "/>
</bind>
</comp>

<comp id="517" class="1004" name="em_top_clusters_valid_5_fu_517">
<pin_list>
<pin id="518" dir="0" index="0" bw="456" slack="0"/>
<pin id="519" dir="1" index="1" bw="1" slack="0"/>
</pin_list>
<bind>
<opcode="extractvalue(56) " fcode="extractvalue"/>
<opset="em_top_clusters_valid_5/4 "/>
</bind>
</comp>

<comp id="522" class="1004" name="em_top_clusters_valid_6_fu_522">
<pin_list>
<pin id="523" dir="0" index="0" bw="456" slack="0"/>
<pin id="524" dir="1" index="1" bw="1" slack="0"/>
</pin_list>
<bind>
<opcode="extractvalue(56) " fcode="extractvalue"/>
<opset="em_top_clusters_valid_6/4 "/>
</bind>
</comp>

<comp id="527" class="1004" name="em_top_clusters_valid_7_fu_527">
<pin_list>
<pin id="528" dir="0" index="0" bw="456" slack="0"/>
<pin id="529" dir="1" index="1" bw="1" slack="0"/>
</pin_list>
<bind>
<opcode="extractvalue(56) " fcode="extractvalue"/>
<opset="em_top_clusters_valid_7/4 "/>
</bind>
</comp>

<comp id="532" class="1004" name="jet_top_clusters_et_fu_532">
<pin_list>
<pin id="533" dir="0" index="0" bw="456" slack="0"/>
<pin id="534" dir="1" index="1" bw="20" slack="0"/>
</pin_list>
<bind>
<opcode="extractvalue(56) " fcode="extractvalue"/>
<opset="jet_top_clusters_et/4 "/>
</bind>
</comp>

<comp id="537" class="1004" name="jet_top_clusters_et_1_fu_537">
<pin_list>
<pin id="538" dir="0" index="0" bw="456" slack="0"/>
<pin id="539" dir="1" index="1" bw="20" slack="0"/>
</pin_list>
<bind>
<opcode="extractvalue(56) " fcode="extractvalue"/>
<opset="jet_top_clusters_et_1/4 "/>
</bind>
</comp>

<comp id="542" class="1004" name="jet_top_clusters_et_2_fu_542">
<pin_list>
<pin id="543" dir="0" index="0" bw="456" slack="0"/>
<pin id="544" dir="1" index="1" bw="20" slack="0"/>
</pin_list>
<bind>
<opcode="extractvalue(56) " fcode="extractvalue"/>
<opset="jet_top_clusters_et_2/4 "/>
</bind>
</comp>

<comp id="547" class="1004" name="jet_top_clusters_et_3_fu_547">
<pin_list>
<pin id="548" dir="0" index="0" bw="456" slack="0"/>
<pin id="549" dir="1" index="1" bw="20" slack="0"/>
</pin_list>
<bind>
<opcode="extractvalue(56) " fcode="extractvalue"/>
<opset="jet_top_clusters_et_3/4 "/>
</bind>
</comp>

<comp id="552" class="1004" name="jet_top_clusters_et_4_fu_552">
<pin_list>
<pin id="553" dir="0" index="0" bw="456" slack="0"/>
<pin id="554" dir="1" index="1" bw="20" slack="0"/>
</pin_list>
<bind>
<opcode="extractvalue(56) " fcode="extractvalue"/>
<opset="jet_top_clusters_et_4/4 "/>
</bind>
</comp>

<comp id="557" class="1004" name="jet_top_clusters_et_5_fu_557">
<pin_list>
<pin id="558" dir="0" index="0" bw="456" slack="0"/>
<pin id="559" dir="1" index="1" bw="20" slack="0"/>
</pin_list>
<bind>
<opcode="extractvalue(56) " fcode="extractvalue"/>
<opset="jet_top_clusters_et_5/4 "/>
</bind>
</comp>

<comp id="562" class="1004" name="jet_top_clusters_et_6_fu_562">
<pin_list>
<pin id="563" dir="0" index="0" bw="456" slack="0"/>
<pin id="564" dir="1" index="1" bw="20" slack="0"/>
</pin_list>
<bind>
<opcode="extractvalue(56) " fcode="extractvalue"/>
<opset="jet_top_clusters_et_6/4 "/>
</bind>
</comp>

<comp id="567" class="1004" name="jet_top_clusters_et_7_fu_567">
<pin_list>
<pin id="568" dir="0" index="0" bw="456" slack="0"/>
<pin id="569" dir="1" index="1" bw="20" slack="0"/>
</pin_list>
<bind>
<opcode="extractvalue(56) " fcode="extractvalue"/>
<opset="jet_top_clusters_et_7/4 "/>
</bind>
</comp>

<comp id="572" class="1004" name="jet_top_clusters_isolation_et_fu_572">
<pin_list>
<pin id="573" dir="0" index="0" bw="456" slack="0"/>
<pin id="574" dir="1" index="1" bw="20" slack="0"/>
</pin_list>
<bind>
<opcode="extractvalue(56) " fcode="extractvalue"/>
<opset="jet_top_clusters_isolation_et/4 "/>
</bind>
</comp>

<comp id="577" class="1004" name="jet_top_clusters_isolation_et_1_fu_577">
<pin_list>
<pin id="578" dir="0" index="0" bw="456" slack="0"/>
<pin id="579" dir="1" index="1" bw="20" slack="0"/>
</pin_list>
<bind>
<opcode="extractvalue(56) " fcode="extractvalue"/>
<opset="jet_top_clusters_isolation_et_1/4 "/>
</bind>
</comp>

<comp id="582" class="1004" name="jet_top_clusters_isolation_et_2_fu_582">
<pin_list>
<pin id="583" dir="0" index="0" bw="456" slack="0"/>
<pin id="584" dir="1" index="1" bw="20" slack="0"/>
</pin_list>
<bind>
<opcode="extractvalue(56) " fcode="extractvalue"/>
<opset="jet_top_clusters_isolation_et_2/4 "/>
</bind>
</comp>

<comp id="587" class="1004" name="jet_top_clusters_isolation_et_3_fu_587">
<pin_list>
<pin id="588" dir="0" index="0" bw="456" slack="0"/>
<pin id="589" dir="1" index="1" bw="20" slack="0"/>
</pin_list>
<bind>
<opcode="extractvalue(56) " fcode="extractvalue"/>
<opset="jet_top_clusters_isolation_et_3/4 "/>
</bind>
</comp>

<comp id="592" class="1004" name="jet_top_clusters_isolation_et_4_fu_592">
<pin_list>
<pin id="593" dir="0" index="0" bw="456" slack="0"/>
<pin id="594" dir="1" index="1" bw="20" slack="0"/>
</pin_list>
<bind>
<opcode="extractvalue(56) " fcode="extractvalue"/>
<opset="jet_top_clusters_isolation_et_4/4 "/>
</bind>
</comp>

<comp id="597" class="1004" name="jet_top_clusters_isolation_et_5_fu_597">
<pin_list>
<pin id="598" dir="0" index="0" bw="456" slack="0"/>
<pin id="599" dir="1" index="1" bw="20" slack="0"/>
</pin_list>
<bind>
<opcode="extractvalue(56) " fcode="extractvalue"/>
<opset="jet_top_clusters_isolation_et_5/4 "/>
</bind>
</comp>

<comp id="602" class="1004" name="jet_top_clusters_isolation_et_6_fu_602">
<pin_list>
<pin id="603" dir="0" index="0" bw="456" slack="0"/>
<pin id="604" dir="1" index="1" bw="20" slack="0"/>
</pin_list>
<bind>
<opcode="extractvalue(56) " fcode="extractvalue"/>
<opset="jet_top_clusters_isolation_et_6/4 "/>
</bind>
</comp>

<comp id="607" class="1004" name="jet_top_clusters_isolation_et_7_fu_607">
<pin_list>
<pin id="608" dir="0" index="0" bw="456" slack="0"/>
<pin id="609" dir="1" index="1" bw="20" slack="0"/>
</pin_list>
<bind>
<opcode="extractvalue(56) " fcode="extractvalue"/>
<opset="jet_top_clusters_isolation_et_7/4 "/>
</bind>
</comp>

<comp id="612" class="1004" name="jet_top_clusters_eta_fu_612">
<pin_list>
<pin id="613" dir="0" index="0" bw="456" slack="0"/>
<pin id="614" dir="1" index="1" bw="6" slack="0"/>
</pin_list>
<bind>
<opcode="extractvalue(56) " fcode="extractvalue"/>
<opset="jet_top_clusters_eta/4 "/>
</bind>
</comp>

<comp id="617" class="1004" name="jet_top_clusters_eta_1_fu_617">
<pin_list>
<pin id="618" dir="0" index="0" bw="456" slack="0"/>
<pin id="619" dir="1" index="1" bw="6" slack="0"/>
</pin_list>
<bind>
<opcode="extractvalue(56) " fcode="extractvalue"/>
<opset="jet_top_clusters_eta_1/4 "/>
</bind>
</comp>

<comp id="622" class="1004" name="jet_top_clusters_eta_2_fu_622">
<pin_list>
<pin id="623" dir="0" index="0" bw="456" slack="0"/>
<pin id="624" dir="1" index="1" bw="6" slack="0"/>
</pin_list>
<bind>
<opcode="extractvalue(56) " fcode="extractvalue"/>
<opset="jet_top_clusters_eta_2/4 "/>
</bind>
</comp>

<comp id="627" class="1004" name="jet_top_clusters_eta_3_fu_627">
<pin_list>
<pin id="628" dir="0" index="0" bw="456" slack="0"/>
<pin id="629" dir="1" index="1" bw="6" slack="0"/>
</pin_list>
<bind>
<opcode="extractvalue(56) " fcode="extractvalue"/>
<opset="jet_top_clusters_eta_3/4 "/>
</bind>
</comp>

<comp id="632" class="1004" name="jet_top_clusters_eta_4_fu_632">
<pin_list>
<pin id="633" dir="0" index="0" bw="456" slack="0"/>
<pin id="634" dir="1" index="1" bw="6" slack="0"/>
</pin_list>
<bind>
<opcode="extractvalue(56) " fcode="extractvalue"/>
<opset="jet_top_clusters_eta_4/4 "/>
</bind>
</comp>

<comp id="637" class="1004" name="jet_top_clusters_eta_5_fu_637">
<pin_list>
<pin id="638" dir="0" index="0" bw="456" slack="0"/>
<pin id="639" dir="1" index="1" bw="6" slack="0"/>
</pin_list>
<bind>
<opcode="extractvalue(56) " fcode="extractvalue"/>
<opset="jet_top_clusters_eta_5/4 "/>
</bind>
</comp>

<comp id="642" class="1004" name="jet_top_clusters_eta_6_fu_642">
<pin_list>
<pin id="643" dir="0" index="0" bw="456" slack="0"/>
<pin id="644" dir="1" index="1" bw="6" slack="0"/>
</pin_list>
<bind>
<opcode="extractvalue(56) " fcode="extractvalue"/>
<opset="jet_top_clusters_eta_6/4 "/>
</bind>
</comp>

<comp id="647" class="1004" name="jet_top_clusters_eta_7_fu_647">
<pin_list>
<pin id="648" dir="0" index="0" bw="456" slack="0"/>
<pin id="649" dir="1" index="1" bw="6" slack="0"/>
</pin_list>
<bind>
<opcode="extractvalue(56) " fcode="extractvalue"/>
<opset="jet_top_clusters_eta_7/4 "/>
</bind>
</comp>

<comp id="652" class="1004" name="jet_top_clusters_phi_fu_652">
<pin_list>
<pin id="653" dir="0" index="0" bw="456" slack="0"/>
<pin id="654" dir="1" index="1" bw="6" slack="0"/>
</pin_list>
<bind>
<opcode="extractvalue(56) " fcode="extractvalue"/>
<opset="jet_top_clusters_phi/4 "/>
</bind>
</comp>

<comp id="657" class="1004" name="jet_top_clusters_phi_1_fu_657">
<pin_list>
<pin id="658" dir="0" index="0" bw="456" slack="0"/>
<pin id="659" dir="1" index="1" bw="6" slack="0"/>
</pin_list>
<bind>
<opcode="extractvalue(56) " fcode="extractvalue"/>
<opset="jet_top_clusters_phi_1/4 "/>
</bind>
</comp>

<comp id="662" class="1004" name="jet_top_clusters_phi_2_fu_662">
<pin_list>
<pin id="663" dir="0" index="0" bw="456" slack="0"/>
<pin id="664" dir="1" index="1" bw="6" slack="0"/>
</pin_list>
<bind>
<opcode="extractvalue(56) " fcode="extractvalue"/>
<opset="jet_top_clusters_phi_2/4 "/>
</bind>
</comp>

<comp id="667" class="1004" name="jet_top_clusters_phi_3_fu_667">
<pin_list>
<pin id="668" dir="0" index="0" bw="456" slack="0"/>
<pin id="669" dir="1" index="1" bw="6" slack="0"/>
</pin_list>
<bind>
<opcode="extractvalue(56) " fcode="extractvalue"/>
<opset="jet_top_clusters_phi_3/4 "/>
</bind>
</comp>

<comp id="672" class="1004" name="jet_top_clusters_phi_4_fu_672">
<pin_list>
<pin id="673" dir="0" index="0" bw="456" slack="0"/>
<pin id="674" dir="1" index="1" bw="6" slack="0"/>
</pin_list>
<bind>
<opcode="extractvalue(56) " fcode="extractvalue"/>
<opset="jet_top_clusters_phi_4/4 "/>
</bind>
</comp>

<comp id="677" class="1004" name="jet_top_clusters_phi_5_fu_677">
<pin_list>
<pin id="678" dir="0" index="0" bw="456" slack="0"/>
<pin id="679" dir="1" index="1" bw="6" slack="0"/>
</pin_list>
<bind>
<opcode="extractvalue(56) " fcode="extractvalue"/>
<opset="jet_top_clusters_phi_5/4 "/>
</bind>
</comp>

<comp id="682" class="1004" name="jet_top_clusters_phi_6_fu_682">
<pin_list>
<pin id="683" dir="0" index="0" bw="456" slack="0"/>
<pin id="684" dir="1" index="1" bw="6" slack="0"/>
</pin_list>
<bind>
<opcode="extractvalue(56) " fcode="extractvalue"/>
<opset="jet_top_clusters_phi_6/4 "/>
</bind>
</comp>

<comp id="687" class="1004" name="jet_top_clusters_phi_7_fu_687">
<pin_list>
<pin id="688" dir="0" index="0" bw="456" slack="0"/>
<pin id="689" dir="1" index="1" bw="6" slack="0"/>
</pin_list>
<bind>
<opcode="extractvalue(56) " fcode="extractvalue"/>
<opset="jet_top_clusters_phi_7/4 "/>
</bind>
</comp>

<comp id="692" class="1004" name="jet_top_clusters_window_size_fu_692">
<pin_list>
<pin id="693" dir="0" index="0" bw="456" slack="0"/>
<pin id="694" dir="1" index="1" bw="4" slack="0"/>
</pin_list>
<bind>
<opcode="extractvalue(56) " fcode="extractvalue"/>
<opset="jet_top_clusters_window_size/4 "/>
</bind>
</comp>

<comp id="697" class="1004" name="jet_top_clusters_window_size_1_fu_697">
<pin_list>
<pin id="698" dir="0" index="0" bw="456" slack="0"/>
<pin id="699" dir="1" index="1" bw="4" slack="0"/>
</pin_list>
<bind>
<opcode="extractvalue(56) " fcode="extractvalue"/>
<opset="jet_top_clusters_window_size_1/4 "/>
</bind>
</comp>

<comp id="702" class="1004" name="jet_top_clusters_window_size_2_fu_702">
<pin_list>
<pin id="703" dir="0" index="0" bw="456" slack="0"/>
<pin id="704" dir="1" index="1" bw="4" slack="0"/>
</pin_list>
<bind>
<opcode="extractvalue(56) " fcode="extractvalue"/>
<opset="jet_top_clusters_window_size_2/4 "/>
</bind>
</comp>

<comp id="707" class="1004" name="jet_top_clusters_window_size_3_fu_707">
<pin_list>
<pin id="708" dir="0" index="0" bw="456" slack="0"/>
<pin id="709" dir="1" index="1" bw="4" slack="0"/>
</pin_list>
<bind>
<opcode="extractvalue(56) " fcode="extractvalue"/>
<opset="jet_top_clusters_window_size_3/4 "/>
</bind>
</comp>

<comp id="712" class="1004" name="jet_top_clusters_window_size_4_fu_712">
<pin_list>
<pin id="713" dir="0" index="0" bw="456" slack="0"/>
<pin id="714" dir="1" index="1" bw="4" slack="0"/>
</pin_list>
<bind>
<opcode="extractvalue(56) " fcode="extractvalue"/>
<opset="jet_top_clusters_window_size_4/4 "/>
</bind>
</comp>

<comp id="717" class="1004" name="jet_top_clusters_window_size_5_fu_717">
<pin_list>
<pin id="718" dir="0" index="0" bw="456" slack="0"/>
<pin id="719" dir="1" index="1" bw="4" slack="0"/>
</pin_list>
<bind>
<opcode="extractvalue(56) " fcode="extractvalue"/>
<opset="jet_top_clusters_window_size_5/4 "/>
</bind>
</comp>

<comp id="722" class="1004" name="jet_top_clusters_window_size_6_fu_722">
<pin_list>
<pin id="723" dir="0" index="0" bw="456" slack="0"/>
<pin id="724" dir="1" index="1" bw="4" slack="0"/>
</pin_list>
<bind>
<opcode="extractvalue(56) " fcode="extractvalue"/>
<opset="jet_top_clusters_window_size_6/4 "/>
</bind>
</comp>

<comp id="727" class="1004" name="jet_top_clusters_window_size_7_fu_727">
<pin_list>
<pin id="728" dir="0" index="0" bw="456" slack="0"/>
<pin id="729" dir="1" index="1" bw="4" slack="0"/>
</pin_list>
<bind>
<opcode="extractvalue(56) " fcode="extractvalue"/>
<opset="jet_top_clusters_window_size_7/4 "/>
</bind>
</comp>

<comp id="732" class="1004" name="jet_top_clusters_valid_fu_732">
<pin_list>
<pin id="733" dir="0" index="0" bw="456" slack="0"/>
<pin id="734" dir="1" index="1" bw="1" slack="0"/>
</pin_list>
<bind>
<opcode="extractvalue(56) " fcode="extractvalue"/>
<opset="jet_top_clusters_valid/4 "/>
</bind>
</comp>

<comp id="737" class="1004" name="jet_top_clusters_valid_1_fu_737">
<pin_list>
<pin id="738" dir="0" index="0" bw="456" slack="0"/>
<pin id="739" dir="1" index="1" bw="1" slack="0"/>
</pin_list>
<bind>
<opcode="extractvalue(56) " fcode="extractvalue"/>
<opset="jet_top_clusters_valid_1/4 "/>
</bind>
</comp>

<comp id="742" class="1004" name="jet_top_clusters_valid_2_fu_742">
<pin_list>
<pin id="743" dir="0" index="0" bw="456" slack="0"/>
<pin id="744" dir="1" index="1" bw="1" slack="0"/>
</pin_list>
<bind>
<opcode="extractvalue(56) " fcode="extractvalue"/>
<opset="jet_top_clusters_valid_2/4 "/>
</bind>
</comp>

<comp id="747" class="1004" name="jet_top_clusters_valid_3_fu_747">
<pin_list>
<pin id="748" dir="0" index="0" bw="456" slack="0"/>
<pin id="749" dir="1" index="1" bw="1" slack="0"/>
</pin_list>
<bind>
<opcode="extractvalue(56) " fcode="extractvalue"/>
<opset="jet_top_clusters_valid_3/4 "/>
</bind>
</comp>

<comp id="752" class="1004" name="jet_top_clusters_valid_4_fu_752">
<pin_list>
<pin id="753" dir="0" index="0" bw="456" slack="0"/>
<pin id="754" dir="1" index="1" bw="1" slack="0"/>
</pin_list>
<bind>
<opcode="extractvalue(56) " fcode="extractvalue"/>
<opset="jet_top_clusters_valid_4/4 "/>
</bind>
</comp>

<comp id="757" class="1004" name="jet_top_clusters_valid_5_fu_757">
<pin_list>
<pin id="758" dir="0" index="0" bw="456" slack="0"/>
<pin id="759" dir="1" index="1" bw="1" slack="0"/>
</pin_list>
<bind>
<opcode="extractvalue(56) " fcode="extractvalue"/>
<opset="jet_top_clusters_valid_5/4 "/>
</bind>
</comp>

<comp id="762" class="1004" name="jet_top_clusters_valid_6_fu_762">
<pin_list>
<pin id="763" dir="0" index="0" bw="456" slack="0"/>
<pin id="764" dir="1" index="1" bw="1" slack="0"/>
</pin_list>
<bind>
<opcode="extractvalue(56) " fcode="extractvalue"/>
<opset="jet_top_clusters_valid_6/4 "/>
</bind>
</comp>

<comp id="767" class="1004" name="jet_top_clusters_valid_7_fu_767">
<pin_list>
<pin id="768" dir="0" index="0" bw="456" slack="0"/>
<pin id="769" dir="1" index="1" bw="1" slack="0"/>
</pin_list>
<bind>
<opcode="extractvalue(56) " fcode="extractvalue"/>
<opset="jet_top_clusters_valid_7/4 "/>
</bind>
</comp>

<comp id="772" class="1005" name="jet_cluster_threshold_read_reg_772">
<pin_list>
<pin id="773" dir="0" index="0" bw="20" slack="1"/>
<pin id="774" dir="1" index="1" bw="20" slack="1"/>
</pin_list>
<bind>
<opset="jet_cluster_threshold_read "/>
</bind>
</comp>

<comp id="777" class="1005" name="jet_seed_threshold_read_reg_777">
<pin_list>
<pin id="778" dir="0" index="0" bw="12" slack="1"/>
<pin id="779" dir="1" index="1" bw="12" slack="1"/>
</pin_list>
<bind>
<opset="jet_seed_threshold_read "/>
</bind>
</comp>

<comp id="782" class="1005" name="em_cluster_threshold_read_reg_782">
<pin_list>
<pin id="783" dir="0" index="0" bw="20" slack="1"/>
<pin id="784" dir="1" index="1" bw="20" slack="1"/>
</pin_list>
<bind>
<opset="em_cluster_threshold_read "/>
</bind>
</comp>

<comp id="787" class="1005" name="em_seed_threshold_read_reg_787">
<pin_list>
<pin id="788" dir="0" index="0" bw="12" slack="1"/>
<pin id="789" dir="1" index="1" bw="12" slack="1"/>
</pin_list>
<bind>
<opset="em_seed_threshold_read "/>
</bind>
</comp>

<comp id="792" class="1005" name="em_cluster_stream_reg_792">
<pin_list>
<pin id="793" dir="0" index="0" bw="61" slack="0"/>
<pin id="794" dir="1" index="1" bw="61" slack="0"/>
</pin_list>
<bind>
<opset="em_cluster_stream "/>
</bind>
</comp>

<comp id="798" class="1005" name="jet_cluster_stream_reg_798">
<pin_list>
<pin id="799" dir="0" index="0" bw="61" slack="0"/>
<pin id="800" dir="1" index="1" bw="61" slack="0"/>
</pin_list>
<bind>
<opset="jet_cluster_stream "/>
</bind>
</comp>

</comp_list>

<net_list>
<net id="95"><net_src comp="52" pin="0"/><net_sink comp="92" pin=0"/></net>

<net id="99"><net_src comp="52" pin="0"/><net_sink comp="96" pin=0"/></net>

<net id="104"><net_src comp="48" pin="0"/><net_sink comp="100" pin=0"/></net>

<net id="105"><net_src comp="8" pin="0"/><net_sink comp="100" pin=1"/></net>

<net id="110"><net_src comp="50" pin="0"/><net_sink comp="106" pin=0"/></net>

<net id="111"><net_src comp="6" pin="0"/><net_sink comp="106" pin=1"/></net>

<net id="116"><net_src comp="48" pin="0"/><net_sink comp="112" pin=0"/></net>

<net id="117"><net_src comp="4" pin="0"/><net_sink comp="112" pin=1"/></net>

<net id="122"><net_src comp="50" pin="0"/><net_sink comp="118" pin=0"/></net>

<net id="123"><net_src comp="2" pin="0"/><net_sink comp="118" pin=1"/></net>

<net id="135"><net_src comp="54" pin="0"/><net_sink comp="124" pin=0"/></net>

<net id="136"><net_src comp="0" pin="0"/><net_sink comp="124" pin=1"/></net>

<net id="137"><net_src comp="118" pin="2"/><net_sink comp="124" pin=2"/></net>

<net id="138"><net_src comp="112" pin="2"/><net_sink comp="124" pin=3"/></net>

<net id="139"><net_src comp="106" pin="2"/><net_sink comp="124" pin=4"/></net>

<net id="140"><net_src comp="100" pin="2"/><net_sink comp="124" pin=5"/></net>

<net id="141"><net_src comp="42" pin="0"/><net_sink comp="124" pin=8"/></net>

<net id="147"><net_src comp="56" pin="0"/><net_sink comp="142" pin=0"/></net>

<net id="148"><net_src comp="44" pin="0"/><net_sink comp="142" pin=2"/></net>

<net id="154"><net_src comp="58" pin="0"/><net_sink comp="149" pin=0"/></net>

<net id="155"><net_src comp="46" pin="0"/><net_sink comp="149" pin=2"/></net>

<net id="215"><net_src comp="88" pin="0"/><net_sink comp="156" pin=0"/></net>

<net id="216"><net_src comp="10" pin="0"/><net_sink comp="156" pin=49"/></net>

<net id="217"><net_src comp="12" pin="0"/><net_sink comp="156" pin=50"/></net>

<net id="218"><net_src comp="14" pin="0"/><net_sink comp="156" pin=51"/></net>

<net id="219"><net_src comp="16" pin="0"/><net_sink comp="156" pin=52"/></net>

<net id="220"><net_src comp="18" pin="0"/><net_sink comp="156" pin=53"/></net>

<net id="221"><net_src comp="20" pin="0"/><net_sink comp="156" pin=54"/></net>

<net id="222"><net_src comp="22" pin="0"/><net_sink comp="156" pin=55"/></net>

<net id="223"><net_src comp="24" pin="0"/><net_sink comp="156" pin=56"/></net>

<net id="283"><net_src comp="90" pin="0"/><net_sink comp="224" pin=0"/></net>

<net id="284"><net_src comp="26" pin="0"/><net_sink comp="224" pin=49"/></net>

<net id="285"><net_src comp="28" pin="0"/><net_sink comp="224" pin=50"/></net>

<net id="286"><net_src comp="30" pin="0"/><net_sink comp="224" pin=51"/></net>

<net id="287"><net_src comp="32" pin="0"/><net_sink comp="224" pin=52"/></net>

<net id="288"><net_src comp="34" pin="0"/><net_sink comp="224" pin=53"/></net>

<net id="289"><net_src comp="36" pin="0"/><net_sink comp="224" pin=54"/></net>

<net id="290"><net_src comp="38" pin="0"/><net_sink comp="224" pin=55"/></net>

<net id="291"><net_src comp="40" pin="0"/><net_sink comp="224" pin=56"/></net>

<net id="295"><net_src comp="142" pin="3"/><net_sink comp="292" pin=0"/></net>

<net id="296"><net_src comp="292" pin="1"/><net_sink comp="156" pin=1"/></net>

<net id="300"><net_src comp="142" pin="3"/><net_sink comp="297" pin=0"/></net>

<net id="301"><net_src comp="297" pin="1"/><net_sink comp="156" pin=2"/></net>

<net id="305"><net_src comp="142" pin="3"/><net_sink comp="302" pin=0"/></net>

<net id="306"><net_src comp="302" pin="1"/><net_sink comp="156" pin=3"/></net>

<net id="310"><net_src comp="142" pin="3"/><net_sink comp="307" pin=0"/></net>

<net id="311"><net_src comp="307" pin="1"/><net_sink comp="156" pin=4"/></net>

<net id="315"><net_src comp="142" pin="3"/><net_sink comp="312" pin=0"/></net>

<net id="316"><net_src comp="312" pin="1"/><net_sink comp="156" pin=5"/></net>

<net id="320"><net_src comp="142" pin="3"/><net_sink comp="317" pin=0"/></net>

<net id="321"><net_src comp="317" pin="1"/><net_sink comp="156" pin=6"/></net>

<net id="325"><net_src comp="142" pin="3"/><net_sink comp="322" pin=0"/></net>

<net id="326"><net_src comp="322" pin="1"/><net_sink comp="156" pin=7"/></net>

<net id="330"><net_src comp="142" pin="3"/><net_sink comp="327" pin=0"/></net>

<net id="331"><net_src comp="327" pin="1"/><net_sink comp="156" pin=8"/></net>

<net id="335"><net_src comp="142" pin="3"/><net_sink comp="332" pin=0"/></net>

<net id="336"><net_src comp="332" pin="1"/><net_sink comp="156" pin=9"/></net>

<net id="340"><net_src comp="142" pin="3"/><net_sink comp="337" pin=0"/></net>

<net id="341"><net_src comp="337" pin="1"/><net_sink comp="156" pin=10"/></net>

<net id="345"><net_src comp="142" pin="3"/><net_sink comp="342" pin=0"/></net>

<net id="346"><net_src comp="342" pin="1"/><net_sink comp="156" pin=11"/></net>

<net id="350"><net_src comp="142" pin="3"/><net_sink comp="347" pin=0"/></net>

<net id="351"><net_src comp="347" pin="1"/><net_sink comp="156" pin=12"/></net>

<net id="355"><net_src comp="142" pin="3"/><net_sink comp="352" pin=0"/></net>

<net id="356"><net_src comp="352" pin="1"/><net_sink comp="156" pin=13"/></net>

<net id="360"><net_src comp="142" pin="3"/><net_sink comp="357" pin=0"/></net>

<net id="361"><net_src comp="357" pin="1"/><net_sink comp="156" pin=14"/></net>

<net id="365"><net_src comp="142" pin="3"/><net_sink comp="362" pin=0"/></net>

<net id="366"><net_src comp="362" pin="1"/><net_sink comp="156" pin=15"/></net>

<net id="370"><net_src comp="142" pin="3"/><net_sink comp="367" pin=0"/></net>

<net id="371"><net_src comp="367" pin="1"/><net_sink comp="156" pin=16"/></net>

<net id="375"><net_src comp="142" pin="3"/><net_sink comp="372" pin=0"/></net>

<net id="376"><net_src comp="372" pin="1"/><net_sink comp="156" pin=17"/></net>

<net id="380"><net_src comp="142" pin="3"/><net_sink comp="377" pin=0"/></net>

<net id="381"><net_src comp="377" pin="1"/><net_sink comp="156" pin=18"/></net>

<net id="385"><net_src comp="142" pin="3"/><net_sink comp="382" pin=0"/></net>

<net id="386"><net_src comp="382" pin="1"/><net_sink comp="156" pin=19"/></net>

<net id="390"><net_src comp="142" pin="3"/><net_sink comp="387" pin=0"/></net>

<net id="391"><net_src comp="387" pin="1"/><net_sink comp="156" pin=20"/></net>

<net id="395"><net_src comp="142" pin="3"/><net_sink comp="392" pin=0"/></net>

<net id="396"><net_src comp="392" pin="1"/><net_sink comp="156" pin=21"/></net>

<net id="400"><net_src comp="142" pin="3"/><net_sink comp="397" pin=0"/></net>

<net id="401"><net_src comp="397" pin="1"/><net_sink comp="156" pin=22"/></net>

<net id="405"><net_src comp="142" pin="3"/><net_sink comp="402" pin=0"/></net>

<net id="406"><net_src comp="402" pin="1"/><net_sink comp="156" pin=23"/></net>

<net id="410"><net_src comp="142" pin="3"/><net_sink comp="407" pin=0"/></net>

<net id="411"><net_src comp="407" pin="1"/><net_sink comp="156" pin=24"/></net>

<net id="415"><net_src comp="142" pin="3"/><net_sink comp="412" pin=0"/></net>

<net id="416"><net_src comp="412" pin="1"/><net_sink comp="156" pin=25"/></net>

<net id="420"><net_src comp="142" pin="3"/><net_sink comp="417" pin=0"/></net>

<net id="421"><net_src comp="417" pin="1"/><net_sink comp="156" pin=26"/></net>

<net id="425"><net_src comp="142" pin="3"/><net_sink comp="422" pin=0"/></net>

<net id="426"><net_src comp="422" pin="1"/><net_sink comp="156" pin=27"/></net>

<net id="430"><net_src comp="142" pin="3"/><net_sink comp="427" pin=0"/></net>

<net id="431"><net_src comp="427" pin="1"/><net_sink comp="156" pin=28"/></net>

<net id="435"><net_src comp="142" pin="3"/><net_sink comp="432" pin=0"/></net>

<net id="436"><net_src comp="432" pin="1"/><net_sink comp="156" pin=29"/></net>

<net id="440"><net_src comp="142" pin="3"/><net_sink comp="437" pin=0"/></net>

<net id="441"><net_src comp="437" pin="1"/><net_sink comp="156" pin=30"/></net>

<net id="445"><net_src comp="142" pin="3"/><net_sink comp="442" pin=0"/></net>

<net id="446"><net_src comp="442" pin="1"/><net_sink comp="156" pin=31"/></net>

<net id="450"><net_src comp="142" pin="3"/><net_sink comp="447" pin=0"/></net>

<net id="451"><net_src comp="447" pin="1"/><net_sink comp="156" pin=32"/></net>

<net id="455"><net_src comp="142" pin="3"/><net_sink comp="452" pin=0"/></net>

<net id="456"><net_src comp="452" pin="1"/><net_sink comp="156" pin=33"/></net>

<net id="460"><net_src comp="142" pin="3"/><net_sink comp="457" pin=0"/></net>

<net id="461"><net_src comp="457" pin="1"/><net_sink comp="156" pin=34"/></net>

<net id="465"><net_src comp="142" pin="3"/><net_sink comp="462" pin=0"/></net>

<net id="466"><net_src comp="462" pin="1"/><net_sink comp="156" pin=35"/></net>

<net id="470"><net_src comp="142" pin="3"/><net_sink comp="467" pin=0"/></net>

<net id="471"><net_src comp="467" pin="1"/><net_sink comp="156" pin=36"/></net>

<net id="475"><net_src comp="142" pin="3"/><net_sink comp="472" pin=0"/></net>

<net id="476"><net_src comp="472" pin="1"/><net_sink comp="156" pin=37"/></net>

<net id="480"><net_src comp="142" pin="3"/><net_sink comp="477" pin=0"/></net>

<net id="481"><net_src comp="477" pin="1"/><net_sink comp="156" pin=38"/></net>

<net id="485"><net_src comp="142" pin="3"/><net_sink comp="482" pin=0"/></net>

<net id="486"><net_src comp="482" pin="1"/><net_sink comp="156" pin=39"/></net>

<net id="490"><net_src comp="142" pin="3"/><net_sink comp="487" pin=0"/></net>

<net id="491"><net_src comp="487" pin="1"/><net_sink comp="156" pin=40"/></net>

<net id="495"><net_src comp="142" pin="3"/><net_sink comp="492" pin=0"/></net>

<net id="496"><net_src comp="492" pin="1"/><net_sink comp="156" pin=41"/></net>

<net id="500"><net_src comp="142" pin="3"/><net_sink comp="497" pin=0"/></net>

<net id="501"><net_src comp="497" pin="1"/><net_sink comp="156" pin=42"/></net>

<net id="505"><net_src comp="142" pin="3"/><net_sink comp="502" pin=0"/></net>

<net id="506"><net_src comp="502" pin="1"/><net_sink comp="156" pin=43"/></net>

<net id="510"><net_src comp="142" pin="3"/><net_sink comp="507" pin=0"/></net>

<net id="511"><net_src comp="507" pin="1"/><net_sink comp="156" pin=44"/></net>

<net id="515"><net_src comp="142" pin="3"/><net_sink comp="512" pin=0"/></net>

<net id="516"><net_src comp="512" pin="1"/><net_sink comp="156" pin=45"/></net>

<net id="520"><net_src comp="142" pin="3"/><net_sink comp="517" pin=0"/></net>

<net id="521"><net_src comp="517" pin="1"/><net_sink comp="156" pin=46"/></net>

<net id="525"><net_src comp="142" pin="3"/><net_sink comp="522" pin=0"/></net>

<net id="526"><net_src comp="522" pin="1"/><net_sink comp="156" pin=47"/></net>

<net id="530"><net_src comp="142" pin="3"/><net_sink comp="527" pin=0"/></net>

<net id="531"><net_src comp="527" pin="1"/><net_sink comp="156" pin=48"/></net>

<net id="535"><net_src comp="149" pin="3"/><net_sink comp="532" pin=0"/></net>

<net id="536"><net_src comp="532" pin="1"/><net_sink comp="224" pin=1"/></net>

<net id="540"><net_src comp="149" pin="3"/><net_sink comp="537" pin=0"/></net>

<net id="541"><net_src comp="537" pin="1"/><net_sink comp="224" pin=2"/></net>

<net id="545"><net_src comp="149" pin="3"/><net_sink comp="542" pin=0"/></net>

<net id="546"><net_src comp="542" pin="1"/><net_sink comp="224" pin=3"/></net>

<net id="550"><net_src comp="149" pin="3"/><net_sink comp="547" pin=0"/></net>

<net id="551"><net_src comp="547" pin="1"/><net_sink comp="224" pin=4"/></net>

<net id="555"><net_src comp="149" pin="3"/><net_sink comp="552" pin=0"/></net>

<net id="556"><net_src comp="552" pin="1"/><net_sink comp="224" pin=5"/></net>

<net id="560"><net_src comp="149" pin="3"/><net_sink comp="557" pin=0"/></net>

<net id="561"><net_src comp="557" pin="1"/><net_sink comp="224" pin=6"/></net>

<net id="565"><net_src comp="149" pin="3"/><net_sink comp="562" pin=0"/></net>

<net id="566"><net_src comp="562" pin="1"/><net_sink comp="224" pin=7"/></net>

<net id="570"><net_src comp="149" pin="3"/><net_sink comp="567" pin=0"/></net>

<net id="571"><net_src comp="567" pin="1"/><net_sink comp="224" pin=8"/></net>

<net id="575"><net_src comp="149" pin="3"/><net_sink comp="572" pin=0"/></net>

<net id="576"><net_src comp="572" pin="1"/><net_sink comp="224" pin=9"/></net>

<net id="580"><net_src comp="149" pin="3"/><net_sink comp="577" pin=0"/></net>

<net id="581"><net_src comp="577" pin="1"/><net_sink comp="224" pin=10"/></net>

<net id="585"><net_src comp="149" pin="3"/><net_sink comp="582" pin=0"/></net>

<net id="586"><net_src comp="582" pin="1"/><net_sink comp="224" pin=11"/></net>

<net id="590"><net_src comp="149" pin="3"/><net_sink comp="587" pin=0"/></net>

<net id="591"><net_src comp="587" pin="1"/><net_sink comp="224" pin=12"/></net>

<net id="595"><net_src comp="149" pin="3"/><net_sink comp="592" pin=0"/></net>

<net id="596"><net_src comp="592" pin="1"/><net_sink comp="224" pin=13"/></net>

<net id="600"><net_src comp="149" pin="3"/><net_sink comp="597" pin=0"/></net>

<net id="601"><net_src comp="597" pin="1"/><net_sink comp="224" pin=14"/></net>

<net id="605"><net_src comp="149" pin="3"/><net_sink comp="602" pin=0"/></net>

<net id="606"><net_src comp="602" pin="1"/><net_sink comp="224" pin=15"/></net>

<net id="610"><net_src comp="149" pin="3"/><net_sink comp="607" pin=0"/></net>

<net id="611"><net_src comp="607" pin="1"/><net_sink comp="224" pin=16"/></net>

<net id="615"><net_src comp="149" pin="3"/><net_sink comp="612" pin=0"/></net>

<net id="616"><net_src comp="612" pin="1"/><net_sink comp="224" pin=17"/></net>

<net id="620"><net_src comp="149" pin="3"/><net_sink comp="617" pin=0"/></net>

<net id="621"><net_src comp="617" pin="1"/><net_sink comp="224" pin=18"/></net>

<net id="625"><net_src comp="149" pin="3"/><net_sink comp="622" pin=0"/></net>

<net id="626"><net_src comp="622" pin="1"/><net_sink comp="224" pin=19"/></net>

<net id="630"><net_src comp="149" pin="3"/><net_sink comp="627" pin=0"/></net>

<net id="631"><net_src comp="627" pin="1"/><net_sink comp="224" pin=20"/></net>

<net id="635"><net_src comp="149" pin="3"/><net_sink comp="632" pin=0"/></net>

<net id="636"><net_src comp="632" pin="1"/><net_sink comp="224" pin=21"/></net>

<net id="640"><net_src comp="149" pin="3"/><net_sink comp="637" pin=0"/></net>

<net id="641"><net_src comp="637" pin="1"/><net_sink comp="224" pin=22"/></net>

<net id="645"><net_src comp="149" pin="3"/><net_sink comp="642" pin=0"/></net>

<net id="646"><net_src comp="642" pin="1"/><net_sink comp="224" pin=23"/></net>

<net id="650"><net_src comp="149" pin="3"/><net_sink comp="647" pin=0"/></net>

<net id="651"><net_src comp="647" pin="1"/><net_sink comp="224" pin=24"/></net>

<net id="655"><net_src comp="149" pin="3"/><net_sink comp="652" pin=0"/></net>

<net id="656"><net_src comp="652" pin="1"/><net_sink comp="224" pin=25"/></net>

<net id="660"><net_src comp="149" pin="3"/><net_sink comp="657" pin=0"/></net>

<net id="661"><net_src comp="657" pin="1"/><net_sink comp="224" pin=26"/></net>

<net id="665"><net_src comp="149" pin="3"/><net_sink comp="662" pin=0"/></net>

<net id="666"><net_src comp="662" pin="1"/><net_sink comp="224" pin=27"/></net>

<net id="670"><net_src comp="149" pin="3"/><net_sink comp="667" pin=0"/></net>

<net id="671"><net_src comp="667" pin="1"/><net_sink comp="224" pin=28"/></net>

<net id="675"><net_src comp="149" pin="3"/><net_sink comp="672" pin=0"/></net>

<net id="676"><net_src comp="672" pin="1"/><net_sink comp="224" pin=29"/></net>

<net id="680"><net_src comp="149" pin="3"/><net_sink comp="677" pin=0"/></net>

<net id="681"><net_src comp="677" pin="1"/><net_sink comp="224" pin=30"/></net>

<net id="685"><net_src comp="149" pin="3"/><net_sink comp="682" pin=0"/></net>

<net id="686"><net_src comp="682" pin="1"/><net_sink comp="224" pin=31"/></net>

<net id="690"><net_src comp="149" pin="3"/><net_sink comp="687" pin=0"/></net>

<net id="691"><net_src comp="687" pin="1"/><net_sink comp="224" pin=32"/></net>

<net id="695"><net_src comp="149" pin="3"/><net_sink comp="692" pin=0"/></net>

<net id="696"><net_src comp="692" pin="1"/><net_sink comp="224" pin=33"/></net>

<net id="700"><net_src comp="149" pin="3"/><net_sink comp="697" pin=0"/></net>

<net id="701"><net_src comp="697" pin="1"/><net_sink comp="224" pin=34"/></net>

<net id="705"><net_src comp="149" pin="3"/><net_sink comp="702" pin=0"/></net>

<net id="706"><net_src comp="702" pin="1"/><net_sink comp="224" pin=35"/></net>

<net id="710"><net_src comp="149" pin="3"/><net_sink comp="707" pin=0"/></net>

<net id="711"><net_src comp="707" pin="1"/><net_sink comp="224" pin=36"/></net>

<net id="715"><net_src comp="149" pin="3"/><net_sink comp="712" pin=0"/></net>

<net id="716"><net_src comp="712" pin="1"/><net_sink comp="224" pin=37"/></net>

<net id="720"><net_src comp="149" pin="3"/><net_sink comp="717" pin=0"/></net>

<net id="721"><net_src comp="717" pin="1"/><net_sink comp="224" pin=38"/></net>

<net id="725"><net_src comp="149" pin="3"/><net_sink comp="722" pin=0"/></net>

<net id="726"><net_src comp="722" pin="1"/><net_sink comp="224" pin=39"/></net>

<net id="730"><net_src comp="149" pin="3"/><net_sink comp="727" pin=0"/></net>

<net id="731"><net_src comp="727" pin="1"/><net_sink comp="224" pin=40"/></net>

<net id="735"><net_src comp="149" pin="3"/><net_sink comp="732" pin=0"/></net>

<net id="736"><net_src comp="732" pin="1"/><net_sink comp="224" pin=41"/></net>

<net id="740"><net_src comp="149" pin="3"/><net_sink comp="737" pin=0"/></net>

<net id="741"><net_src comp="737" pin="1"/><net_sink comp="224" pin=42"/></net>

<net id="745"><net_src comp="149" pin="3"/><net_sink comp="742" pin=0"/></net>

<net id="746"><net_src comp="742" pin="1"/><net_sink comp="224" pin=43"/></net>

<net id="750"><net_src comp="149" pin="3"/><net_sink comp="747" pin=0"/></net>

<net id="751"><net_src comp="747" pin="1"/><net_sink comp="224" pin=44"/></net>

<net id="755"><net_src comp="149" pin="3"/><net_sink comp="752" pin=0"/></net>

<net id="756"><net_src comp="752" pin="1"/><net_sink comp="224" pin=45"/></net>

<net id="760"><net_src comp="149" pin="3"/><net_sink comp="757" pin=0"/></net>

<net id="761"><net_src comp="757" pin="1"/><net_sink comp="224" pin=46"/></net>

<net id="765"><net_src comp="149" pin="3"/><net_sink comp="762" pin=0"/></net>

<net id="766"><net_src comp="762" pin="1"/><net_sink comp="224" pin=47"/></net>

<net id="770"><net_src comp="149" pin="3"/><net_sink comp="767" pin=0"/></net>

<net id="771"><net_src comp="767" pin="1"/><net_sink comp="224" pin=48"/></net>

<net id="775"><net_src comp="100" pin="2"/><net_sink comp="772" pin=0"/></net>

<net id="776"><net_src comp="772" pin="1"/><net_sink comp="124" pin=5"/></net>

<net id="780"><net_src comp="106" pin="2"/><net_sink comp="777" pin=0"/></net>

<net id="781"><net_src comp="777" pin="1"/><net_sink comp="124" pin=4"/></net>

<net id="785"><net_src comp="112" pin="2"/><net_sink comp="782" pin=0"/></net>

<net id="786"><net_src comp="782" pin="1"/><net_sink comp="124" pin=3"/></net>

<net id="790"><net_src comp="118" pin="2"/><net_sink comp="787" pin=0"/></net>

<net id="791"><net_src comp="787" pin="1"/><net_sink comp="124" pin=2"/></net>

<net id="795"><net_src comp="92" pin="1"/><net_sink comp="792" pin=0"/></net>

<net id="796"><net_src comp="792" pin="1"/><net_sink comp="124" pin=6"/></net>

<net id="797"><net_src comp="792" pin="1"/><net_sink comp="142" pin=1"/></net>

<net id="801"><net_src comp="96" pin="1"/><net_sink comp="798" pin=0"/></net>

<net id="802"><net_src comp="798" pin="1"/><net_sink comp="124" pin=7"/></net>

<net id="803"><net_src comp="798" pin="1"/><net_sink comp="149" pin=1"/></net>

</net_list>

</model> 
---------------- Datapath Model END ------------------

* FSMD analyzer results:
  - Output states:
	Port: em_objects_0 | {4 }
	Port: em_objects_1 | {4 }
	Port: em_objects_2 | {4 }
	Port: em_objects_3 | {4 }
	Port: em_objects_4 | {4 }
	Port: em_objects_5 | {4 }
	Port: em_objects_6 | {4 }
	Port: em_objects_7 | {4 }
	Port: jet_objects_0 | {4 }
	Port: jet_objects_1 | {4 }
	Port: jet_objects_2 | {4 }
	Port: jet_objects_3 | {4 }
	Port: jet_objects_4 | {4 }
	Port: jet_objects_5 | {4 }
	Port: jet_objects_6 | {4 }
	Port: jet_objects_7 | {4 }
	Port: ht | {1 2 }
	Port: num_em_clusters | {3 4 }
	Port: num_jet_clusters | {3 4 }
 - Input state : 
	Port: cluster_sort_build_tower_stream : tower_in | {1 2 }
	Port: cluster_sort_build_tower_stream : em_seed_threshold | {1 }
	Port: cluster_sort_build_tower_stream : em_cluster_threshold | {1 }
	Port: cluster_sort_build_tower_stream : jet_seed_threshold | {1 }
	Port: cluster_sort_build_tower_stream : jet_cluster_threshold | {1 }
  - Chain level:
	State 1
		call_ln564 : 1
	State 2
	State 3
	State 4
		em_top_clusters_et : 1
		em_top_clusters_et_1 : 1
		em_top_clusters_et_2 : 1
		em_top_clusters_et_3 : 1
		em_top_clusters_et_4 : 1
		em_top_clusters_et_5 : 1
		em_top_clusters_et_6 : 1
		em_top_clusters_et_7 : 1
		em_top_clusters_isolation_et : 1
		em_top_clusters_isolation_et_1 : 1
		em_top_clusters_isolation_et_2 : 1
		em_top_clusters_isolation_et_3 : 1
		em_top_clusters_isolation_et_4 : 1
		em_top_clusters_isolation_et_5 : 1
		em_top_clusters_isolation_et_6 : 1
		em_top_clusters_isolation_et_7 : 1
		em_top_clusters_eta : 1
		em_top_clusters_eta_1 : 1
		em_top_clusters_eta_2 : 1
		em_top_clusters_eta_3 : 1
		em_top_clusters_eta_4 : 1
		em_top_clusters_eta_5 : 1
		em_top_clusters_eta_6 : 1
		em_top_clusters_eta_7 : 1
		em_top_clusters_phi : 1
		em_top_clusters_phi_1 : 1
		em_top_clusters_phi_2 : 1
		em_top_clusters_phi_3 : 1
		em_top_clusters_phi_4 : 1
		em_top_clusters_phi_5 : 1
		em_top_clusters_phi_6 : 1
		em_top_clusters_phi_7 : 1
		em_top_clusters_window_size : 1
		em_top_clusters_window_size_1 : 1
		em_top_clusters_window_size_2 : 1
		em_top_clusters_window_size_3 : 1
		em_top_clusters_window_size_4 : 1
		em_top_clusters_window_size_5 : 1
		em_top_clusters_window_size_6 : 1
		em_top_clusters_window_size_7 : 1
		em_top_clusters_valid : 1
		em_top_clusters_valid_1 : 1
		em_top_clusters_valid_2 : 1
		em_top_clusters_valid_3 : 1
		em_top_clusters_valid_4 : 1
		em_top_clusters_valid_5 : 1
		em_top_clusters_valid_6 : 1
		em_top_clusters_valid_7 : 1
		jet_top_clusters_et : 1
		jet_top_clusters_et_1 : 1
		jet_top_clusters_et_2 : 1
		jet_top_clusters_et_3 : 1
		jet_top_clusters_et_4 : 1
		jet_top_clusters_et_5 : 1
		jet_top_clusters_et_6 : 1
		jet_top_clusters_et_7 : 1
		jet_top_clusters_isolation_et : 1
		jet_top_clusters_isolation_et_1 : 1
		jet_top_clusters_isolation_et_2 : 1
		jet_top_clusters_isolation_et_3 : 1
		jet_top_clusters_isolation_et_4 : 1
		jet_top_clusters_isolation_et_5 : 1
		jet_top_clusters_isolation_et_6 : 1
		jet_top_clusters_isolation_et_7 : 1
		jet_top_clusters_eta : 1
		jet_top_clusters_eta_1 : 1
		jet_top_clusters_eta_2 : 1
		jet_top_clusters_eta_3 : 1
		jet_top_clusters_eta_4 : 1
		jet_top_clusters_eta_5 : 1
		jet_top_clusters_eta_6 : 1
		jet_top_clusters_eta_7 : 1
		jet_top_clusters_phi : 1
		jet_top_clusters_phi_1 : 1
		jet_top_clusters_phi_2 : 1
		jet_top_clusters_phi_3 : 1
		jet_top_clusters_phi_4 : 1
		jet_top_clusters_phi_5 : 1
		jet_top_clusters_phi_6 : 1
		jet_top_clusters_phi_7 : 1
		jet_top_clusters_window_size : 1
		jet_top_clusters_window_size_1 : 1
		jet_top_clusters_window_size_2 : 1
		jet_top_clusters_window_size_3 : 1
		jet_top_clusters_window_size_4 : 1
		jet_top_clusters_window_size_5 : 1
		jet_top_clusters_window_size_6 : 1
		jet_top_clusters_window_size_7 : 1
		jet_top_clusters_valid : 1
		jet_top_clusters_valid_1 : 1
		jet_top_clusters_valid_2 : 1
		jet_top_clusters_valid_3 : 1
		jet_top_clusters_valid_4 : 1
		jet_top_clusters_valid_5 : 1
		jet_top_clusters_valid_6 : 1
		jet_top_clusters_valid_7 : 1
		call_ln581 : 2
		call_ln584 : 2


============================================================
+ Verbose Summary: Datapath Resource usage 
============================================================

* Functional unit list:
|----------|------------------------------------------------------|---------|---------|---------|---------|---------|
| Operation|                    Functional Unit                   |   BRAM  |  Delay  |    FF   |   LUT   |   URAM  |
|----------|------------------------------------------------------|---------|---------|---------|---------|---------|
|          | grp_produce_em_jet_cluster_stream_from_towers_fu_124 |    0    |  32.895 |   1288  |   6979  |    0    |
|          |   grp_select_top_n_from_stream_fixed_1440_s_fu_142   |    0    | 0.584143|   1080  |   1188  |    0    |
|   call   |   grp_select_top_n_from_stream_fixed_1440_1_fu_149   |    0    | 0.584143|   1080  |   1188  |    0    |
|          |        call_ln581_build_trigger_objects_fu_156       |    0    |    0    |    0    |   776   |    0    |
|          |       call_ln584_build_trigger_objects_2_fu_224      |    0    |    0    |    0    |   776   |    0    |
|----------|------------------------------------------------------|---------|---------|---------|---------|---------|
|          |        jet_cluster_threshold_read_read_fu_100        |    0    |    0    |    0    |    0    |    0    |
|   read   |          jet_seed_threshold_read_read_fu_106         |    0    |    0    |    0    |    0    |    0    |
|          |         em_cluster_threshold_read_read_fu_112        |    0    |    0    |    0    |    0    |    0    |
|          |          em_seed_threshold_read_read_fu_118          |    0    |    0    |    0    |    0    |    0    |
|----------|------------------------------------------------------|---------|---------|---------|---------|---------|
|          |               em_top_clusters_et_fu_292              |    0    |    0    |    0    |    0    |    0    |
|          |              em_top_clusters_et_1_fu_297             |    0    |    0    |    0    |    0    |    0    |
|          |              em_top_clusters_et_2_fu_302             |    0    |    0    |    0    |    0    |    0    |
|          |              em_top_clusters_et_3_fu_307             |    0    |    0    |    0    |    0    |    0    |
|          |              em_top_clusters_et_4_fu_312             |    0    |    0    |    0    |    0    |    0    |
|          |              em_top_clusters_et_5_fu_317             |    0    |    0    |    0    |    0    |    0    |
|          |              em_top_clusters_et_6_fu_322             |    0    |    0    |    0    |    0    |    0    |
|          |              em_top_clusters_et_7_fu_327             |    0    |    0    |    0    |    0    |    0    |
|          |          em_top_clusters_isolation_et_fu_332         |    0    |    0    |    0    |    0    |    0    |
|          |         em_top_clusters_isolation_et_1_fu_337        |    0    |    0    |    0    |    0    |    0    |
|          |         em_top_clusters_isolation_et_2_fu_342        |    0    |    0    |    0    |    0    |    0    |
|          |         em_top_clusters_isolation_et_3_fu_347        |    0    |    0    |    0    |    0    |    0    |
|          |         em_top_clusters_isolation_et_4_fu_352        |    0    |    0    |    0    |    0    |    0    |
|          |         em_top_clusters_isolation_et_5_fu_357        |    0    |    0    |    0    |    0    |    0    |
|          |         em_top_clusters_isolation_et_6_fu_362        |    0    |    0    |    0    |    0    |    0    |
|          |         em_top_clusters_isolation_et_7_fu_367        |    0    |    0    |    0    |    0    |    0    |
|          |              em_top_clusters_eta_fu_372              |    0    |    0    |    0    |    0    |    0    |
|          |             em_top_clusters_eta_1_fu_377             |    0    |    0    |    0    |    0    |    0    |
|          |             em_top_clusters_eta_2_fu_382             |    0    |    0    |    0    |    0    |    0    |
|          |             em_top_clusters_eta_3_fu_387             |    0    |    0    |    0    |    0    |    0    |
|          |             em_top_clusters_eta_4_fu_392             |    0    |    0    |    0    |    0    |    0    |
|          |             em_top_clusters_eta_5_fu_397             |    0    |    0    |    0    |    0    |    0    |
|          |             em_top_clusters_eta_6_fu_402             |    0    |    0    |    0    |    0    |    0    |
|          |             em_top_clusters_eta_7_fu_407             |    0    |    0    |    0    |    0    |    0    |
|          |              em_top_clusters_phi_fu_412              |    0    |    0    |    0    |    0    |    0    |
|          |             em_top_clusters_phi_1_fu_417             |    0    |    0    |    0    |    0    |    0    |
|          |             em_top_clusters_phi_2_fu_422             |    0    |    0    |    0    |    0    |    0    |
|          |             em_top_clusters_phi_3_fu_427             |    0    |    0    |    0    |    0    |    0    |
|          |             em_top_clusters_phi_4_fu_432             |    0    |    0    |    0    |    0    |    0    |
|          |             em_top_clusters_phi_5_fu_437             |    0    |    0    |    0    |    0    |    0    |
|          |             em_top_clusters_phi_6_fu_442             |    0    |    0    |    0    |    0    |    0    |
|          |             em_top_clusters_phi_7_fu_447             |    0    |    0    |    0    |    0    |    0    |
|          |          em_top_clusters_window_size_fu_452          |    0    |    0    |    0    |    0    |    0    |
|          |         em_top_clusters_window_size_1_fu_457         |    0    |    0    |    0    |    0    |    0    |
|          |         em_top_clusters_window_size_2_fu_462         |    0    |    0    |    0    |    0    |    0    |
|          |         em_top_clusters_window_size_3_fu_467         |    0    |    0    |    0    |    0    |    0    |
|          |         em_top_clusters_window_size_4_fu_472         |    0    |    0    |    0    |    0    |    0    |
|          |         em_top_clusters_window_size_5_fu_477         |    0    |    0    |    0    |    0    |    0    |
|          |         em_top_clusters_window_size_6_fu_482         |    0    |    0    |    0    |    0    |    0    |
|          |         em_top_clusters_window_size_7_fu_487         |    0    |    0    |    0    |    0    |    0    |
|          |             em_top_clusters_valid_fu_492             |    0    |    0    |    0    |    0    |    0    |
|          |            em_top_clusters_valid_1_fu_497            |    0    |    0    |    0    |    0    |    0    |
|          |            em_top_clusters_valid_2_fu_502            |    0    |    0    |    0    |    0    |    0    |
|          |            em_top_clusters_valid_3_fu_507            |    0    |    0    |    0    |    0    |    0    |
|          |            em_top_clusters_valid_4_fu_512            |    0    |    0    |    0    |    0    |    0    |
|          |            em_top_clusters_valid_5_fu_517            |    0    |    0    |    0    |    0    |    0    |
|          |            em_top_clusters_valid_6_fu_522            |    0    |    0    |    0    |    0    |    0    |
|extractvalue|            em_top_clusters_valid_7_fu_527            |    0    |    0    |    0    |    0    |    0    |
|          |              jet_top_clusters_et_fu_532              |    0    |    0    |    0    |    0    |    0    |
|          |             jet_top_clusters_et_1_fu_537             |    0    |    0    |    0    |    0    |    0    |
|          |             jet_top_clusters_et_2_fu_542             |    0    |    0    |    0    |    0    |    0    |
|          |             jet_top_clusters_et_3_fu_547             |    0    |    0    |    0    |    0    |    0    |
|          |             jet_top_clusters_et_4_fu_552             |    0    |    0    |    0    |    0    |    0    |
|          |             jet_top_clusters_et_5_fu_557             |    0    |    0    |    0    |    0    |    0    |
|          |             jet_top_clusters_et_6_fu_562             |    0    |    0    |    0    |    0    |    0    |
|          |             jet_top_clusters_et_7_fu_567             |    0    |    0    |    0    |    0    |    0    |
|          |         jet_top_clusters_isolation_et_fu_572         |    0    |    0    |    0    |    0    |    0    |
|          |        jet_top_clusters_isolation_et_1_fu_577        |    0    |    0    |    0    |    0    |    0    |
|          |        jet_top_clusters_isolation_et_2_fu_582        |    0    |    0    |    0    |    0    |    0    |
|          |        jet_top_clusters_isolation_et_3_fu_587        |    0    |    0    |    0    |    0    |    0    |
|          |        jet_top_clusters_isolation_et_4_fu_592        |    0    |    0    |    0    |    0    |    0    |
|          |        jet_top_clusters_isolation_et_5_fu_597        |    0    |    0    |    0    |    0    |    0    |
|          |        jet_top_clusters_isolation_et_6_fu_602        |    0    |    0    |    0    |    0    |    0    |
|          |        jet_top_clusters_isolation_et_7_fu_607        |    0    |    0    |    0    |    0    |    0    |
|          |              jet_top_clusters_eta_fu_612             |    0    |    0    |    0    |    0    |    0    |
|          |             jet_top_clusters_eta_1_fu_617            |    0    |    0    |    0    |    0    |    0    |
|          |             jet_top_clusters_eta_2_fu_622            |    0    |    0    |    0    |    0    |    0    |
|          |             jet_top_clusters_eta_3_fu_627            |    0    |    0    |    0    |    0    |    0    |
|          |             jet_top_clusters_eta_4_fu_632            |    0    |    0    |    0    |    0    |    0    |
|          |             jet_top_clusters_eta_5_fu_637            |    0    |    0    |    0    |    0    |    0    |
|          |             jet_top_clusters_eta_6_fu_642            |    0    |    0    |    0    |    0    |    0    |
|          |             jet_top_clusters_eta_7_fu_647            |    0    |    0    |    0    |    0    |    0    |
|          |              jet_top_clusters_phi_fu_652             |    0    |    0    |    0    |    0    |    0    |
|          |             jet_top_clusters_phi_1_fu_657            |    0    |    0    |    0    |    0    |    0    |
|          |             jet_top_clusters_phi_2_fu_662            |    0    |    0    |    0    |    0    |    0    |
|          |             jet_top_clusters_phi_3_fu_667            |    0    |    0    |    0    |    0    |    0    |
|          |             jet_top_clusters_phi_4_fu_672            |    0    |    0    |    0    |    0    |    0    |
|          |             jet_top_clusters_phi_5_fu_677            |    0    |    0    |    0    |    0    |    0    |
|          |             jet_top_clusters_phi_6_fu_682            |    0    |    0    |    0    |    0    |    0    |
|          |             jet_top_clusters_phi_7_fu_687            |    0    |    0    |    0    |    0    |    0    |
|          |          jet_top_clusters_window_size_fu_692         |    0    |    0    |    0    |    0    |    0    |
|          |         jet_top_clusters_window_size_1_fu_697        |    0    |    0    |    0    |    0    |    0    |
|          |         jet_top_clusters_window_size_2_fu_702        |    0    |    0    |    0    |    0    |    0    |
|          |         jet_top_clusters_window_size_3_fu_707        |    0    |    0    |    0    |    0    |    0    |
|          |         jet_top_clusters_window_size_4_fu_712        |    0    |    0    |    0    |    0    |    0    |
|          |         jet_top_clusters_window_size_5_fu_717        |    0    |    0    |    0    |    0    |    0    |
|          |         jet_top_clusters_window_size_6_fu_722        |    0    |    0    |    0    |    0    |    0    |
|          |         jet_top_clusters_window_size_7_fu_727        |    0    |    0    |    0    |    0    |    0    |
|          |             jet_top_clusters_valid_fu_732            |    0    |    0    |    0    |    0    |    0    |
|          |            jet_top_clusters_valid_1_fu_737           |    0    |    0    |    0    |    0    |    0    |
|          |            jet_top_clusters_valid_2_fu_742           |    0    |    0    |    0    |    0    |    0    |
|          |            jet_top_clusters_valid_3_fu_747           |    0    |    0    |    0    |    0    |    0    |
|          |            jet_top_clusters_valid_4_fu_752           |    0    |    0    |    0    |    0    |    0    |
|          |            jet_top_clusters_valid_5_fu_757           |    0    |    0    |    0    |    0    |    0    |
|          |            jet_top_clusters_valid_6_fu_762           |    0    |    0    |    0    |    0    |    0    |
|          |            jet_top_clusters_valid_7_fu_767           |    0    |    0    |    0    |    0    |    0    |
|----------|------------------------------------------------------|---------|---------|---------|---------|---------|
|   Total  |                                                      |    0    | 34.0633 |   3448  |  10907  |    0    |
|----------|------------------------------------------------------|---------|---------|---------|---------|---------|

Memories:
N/A

* Register list:
+----------------------------------+--------+
|                                  |   FF   |
+----------------------------------+--------+
|     em_cluster_stream_reg_792    |   61   |
| em_cluster_threshold_read_reg_782|   20   |
|  em_seed_threshold_read_reg_787  |   12   |
|    jet_cluster_stream_reg_798    |   61   |
|jet_cluster_threshold_read_reg_772|   20   |
|  jet_seed_threshold_read_reg_777 |   12   |
+----------------------------------+--------+
|               Total              |   186  |
+----------------------------------+--------+

* Multiplexer (MUX) list: 
|------------------------------------------------------|------|------|------|--------||---------||---------||---------|
|                         Comp                         |  Pin | Size |  BW  | S x BW ||  Delay  ||    FF   ||   LUT   |
|------------------------------------------------------|------|------|------|--------||---------||---------||---------|
| grp_produce_em_jet_cluster_stream_from_towers_fu_124 |  p2  |   2  |  12  |   24   ||    0    ||    9    |
| grp_produce_em_jet_cluster_stream_from_towers_fu_124 |  p3  |   2  |  20  |   40   ||    0    ||    9    |
| grp_produce_em_jet_cluster_stream_from_towers_fu_124 |  p4  |   2  |  12  |   24   ||    0    ||    9    |
| grp_produce_em_jet_cluster_stream_from_towers_fu_124 |  p5  |   2  |  20  |   40   ||    0    ||    9    |
|------------------------------------------------------|------|------|------|--------||---------||---------||---------|
|                         Total                        |      |      |      |   128  ||  1.548  ||    0    ||    36   |
|------------------------------------------------------|------|------|------|--------||---------||---------||---------|



* Summary:
+-----------+--------+--------+--------+--------+--------+
|           |  BRAM  |  Delay |   FF   |   LUT  |  URAM  |
+-----------+--------+--------+--------+--------+--------+
|  Function |    0   |   34   |  3448  |  10907 |    0   |
|   Memory  |    -   |    -   |    -   |    -   |    -   |
|Multiplexer|    -   |    1   |    0   |   36   |    -   |
|  Register |    -   |    -   |   186  |    -   |    -   |
+-----------+--------+--------+--------+--------+--------+
|   Total   |    0   |   35   |  3634  |  10943 |    0   |
+-----------+--------+--------+--------+--------+--------+
